p_0,p_1,p_2,p_3,p_4,p_5,p_6,p_7,p_8,p_9,p_10,p_11,p_12,p_13,p_14,p_15,p_16,p_17,p_18,p_19,p_20,p_21,p_22,p_23,p_24,p_25,p_26,p_27,p_28,p_29,p_30,p_31,target,experimental_characteristics
118.64,99.835280858841,53.511353853295915,6.466701720151784,28.815829519597422,31.47389130580602,13.927689074900842,6.713349940576809,16.40109520334198,13.487541445316106,10.199987159166525,12.323547036767422,8.82007622169029,1.0659555334823871,5.219772528156517,5.180981368630627,7.236850143536206,11.861203550056006,10.923354694725589,5.539093072628521,8.031439788667997,11.384393650831157,9.325640769224671,4.854783194162997,2.3909989817883064,1.3754019458555453,2.982132431067713,2.486606759185697,3.9624991434790306,10.87268587247018,14.217804160542736,10.257751519956448,1,Mammalian
79.03999999999999,73.26326577247957,57.532656205847786,36.15835702173336,15.075789720307826,6.4597978946672,13.12967095977577,13.453539284031383,7.9597000083316924,2.0029976836998227,6.947095823316889,9.258762730545106,7.060114141053686,1.7865370179270632,4.433883942953497,8.470927047461158,9.08317125237656,6.451149137852126,3.1751995908143016,4.746563010106694,6.540800128968285,5.494705243680759,1.9391222651891529,2.510658375104996,5.739823671278109,6.396714734704834,4.970775621628813,5.749997519087826,9.589769877178663,12.200977667095986,11.552949636710933,7.670979562798488,1,Mammalian
59.17,56.4011593267359,48.579083838745966,37.06369968903869,23.84260169814695,11.303523413198027,4.344844556739252,8.509530282878911,11.014495358402085,9.897443813403065,5.9916168282577695,0.7913477025527226,4.377652921933602,7.946036921303891,9.239856189330737,8.140668302526072,5.1798938213056065,1.5453323771306675,2.719080413730479,5.044112241234694,5.542111204941485,4.0554058390142425,1.2061809234172327,3.0435524901649242,6.4719928924357575,8.675380673888565,9.035483133089766,7.580076839164216,5.400953855632223,5.484495699071835,8.302644059875778,10.939702913952484,1,Mammalian
67.47999999999999,63.149892118499494,51.275491064159716,34.849636103789074,17.802467314991446,3.8428651570904497,4.972625582080268,7.8183223042513195,6.336624486451582,3.6416914672243816,3.941957345889771,4.956330325949426,4.490198422365197,4.202829591049897,5.626237716366468,6.658738323114954,5.721136250780958,2.8173470113960644,1.198077245149243,4.281758940944142,5.4548206356433395,4.120736763592843,1.0804179300974102,3.648003158137373,6.911178634480682,8.218547384880967,7.38507487364559,5.78763811737454,6.102983488377623,8.003310970595807,9.241894260024152,9.35517760399309,1,Mammalian
73.9,68.4397044344996,53.58733260272383,33.424408974886944,13.262311075527837,2.487053188538606,10.014608673810587,9.931793702567974,4.4010193305786975,3.481973289209793,8.92122939664358,10.239840984766875,7.0095805827891375,1.1334839620181216,5.780926660812384,9.840707498648,10.11778631915104,7.06993698838856,4.264934122742455,6.586109054736925,8.562950158341307,7.414516429691094,4.093354357475242,4.846733129396785,8.732435447907571,10.37209151780693,8.796020845399495,5.32885467987622,4.9337176221465775,8.037466071662735,9.789808728997919,9.622766630138502,1,Mammalian
88.39,81.39493225907547,62.46686056936701,37.28637493152962,15.314657464450598,15.780045203013646,22.822234803558775,21.74377577191264,15.218330180286717,12.230593761682936,16.336377871017145,18.46727988355138,15.30512610805063,8.534222444717107,5.261270873095534,9.287984518919606,10.745478118725103,8.110554532997906,3.4190154121051677,3.5195029398656805,5.5746802420325245,4.3065885779972435,1.1323741897891069,5.328232399562115,8.614048207653271,8.26830458331235,4.022860710135014,3.579801567020738,10.31302679926251,14.360937356036217,13.771251578803138,8.555060093956243,1,Mammalian
73.92,68.60166996703182,54.109388214463614,34.35478243371749,14.468362143243178,2.5783164166060404,9.852945739147748,10.623784148531326,5.9925389243589775,0.7654394225425706,6.077119276558317,7.977822568773831,6.217210005988115,3.1326512378275355,4.543318063710342,6.550345820657979,5.7392159743295945,2.3278502677913666,2.3137750738133485,5.588382985286664,6.169949809173247,3.951438972363547,3.4296574456402604,7.436110399958737,9.860440012496532,8.640473924464096,3.755069619447686,3.6588530615946153,10.343989365118858,14.15437977691339,13.463721493509484,8.43096854247458,1,Mammalian
70.69,66.01203981739927,53.17421687399703,35.3981932010615,16.98132131042825,3.065365159494531,8.182315370945918,10.714628455113184,8.003560629076468,2.4645793739454156,3.160799996590043,6.791529279650204,7.658781669287248,6.358034738086645,4.473681332820037,3.5201715252160373,3.1375308763420944,2.630568970207414,2.837293095652313,3.436285637467668,2.9688362539169333,0.9275404320258201,2.1988155311367543,5.1532967570077854,6.658830021610191,6.022928290441571,4.1947494151794045,5.323921904495813,8.826970102567104,11.05106777695656,10.649795735820156,7.998455885594389,1,Mammalian
77.11,71.37501667648391,55.7599137236292,34.53354687986541,13.450285667576427,5.513301489281982,12.941389074177335,13.122280094657109,7.599641403808257,3.726004608731418,8.802407445908184,11.160084060908606,8.98908028730479,3.570536993538528,2.5720959055217327,6.823602785192051,7.664574352173769,5.1595478937644765,1.2849027223589176,3.6965669125676994,5.466513085401427,4.20477883835676,1.0533357538681645,4.438648994802899,7.638694295069238,8.032797583455691,5.597659901873927,4.086948525630724,7.794400922207657,10.96895069943805,11.086826803908373,8.307259117781337,1,Mammalian
73.88,68.74070929529516,54.668345421263,35.293438677194764,15.521056658652823,3.8692553632048305,10.964254163950283,12.577876313692327,8.445672096831517,2.5096151420304924,6.252423269483487,9.864706389426255,9.639537864791178,6.113740583065957,1.4026612865807238,3.7451640483673967,5.970862584250282,5.4901565663866645,2.89274200824699,0.4739767812551379,2.917975999188465,3.5554025784276604,2.3728914378533426,2.0088630238399015,4.47582649717363,6.4864048737229085,7.208578089669256,7.059333625273527,7.121005969686174,7.862414633117694,8.676146375387331,9.07814902807777,1,Mammalian
78.4,72.50523453756406,56.42057455036005,34.43088422150009,12.162434975974406,5.5406862981544505,14.844233827242329,15.736131006311386,10.333783488104771,3.228710443568627,5.967090829303754,8.953417490204753,7.690394625038077,3.4582087620532307,2.7829778905589926,5.92088156648152,6.068492399270184,3.058710823542207,2.0124255104765454,6.2706876984138535,8.213695930701855,6.882922675689622,2.9217336919241728,2.784781215580219,6.696246621875063,8.014721250119845,6.221036231139506,2.9948460805752197,4.628628860078511,7.65789711489292,8.149348108531447,5.940297580977617,1,Mammalian
72.66,67.93652127407108,54.876869977135875,36.504656191324024,16.9319322053321,1.4789680463622876,10.99849452148899,15.007744206932788,12.889610894383157,7.061661735574768,2.8550879984380324,6.49033517511651,8.20647772795704,6.4875548178345905,2.491834676761355,2.838348939539572,6.046304656565033,6.702116655378287,4.510934708916717,0.6930963688339147,4.293573945817229,7.441798850854669,8.063894654551754,5.974180900622281,2.5272773871103027,3.9904837152681183,7.248316112078727,8.355340376695153,6.867533608682395,3.9573492940236052,4.0485647864060885,6.842650594770141,1,Mammalian
44.05,42.95874452086741,39.785960964881596,34.82444055918255,28.529920468296197,21.4790778060396,14.329346776877617,7.8488490544186265,3.639777609983638,4.797452765521567,7.087975336077369,8.096265822334848,7.635381122362436,5.92220008815127,3.3810261950152425,1.236749618698719,3.2387806347451216,5.7069453603039735,7.426842753211475,8.121285494803981,7.710495903297742,6.287088579240477,4.136529978869206,2.08122880753329,2.872110539283228,5.226098532802535,7.227539574399673,8.412077096462044,8.592720530437028,7.753952554916853,6.054270947534335,3.9074148084982276,1,Mammalian
77.87,72.53937172603098,57.79022232573585,37.01350650531465,14.8554255876714,4.579031229781581,16.75754533635478,21.088952220684124,18.173945203575624,10.868191535166048,5.893364567093837,10.374704391404157,14.07728041551305,13.843168531062098,10.224627941247412,4.980913121337133,0.19000000000000128,3.033452974403028,4.330993065492642,5.214518560450209,6.80356435229135,8.073638272371705,7.658883681755803,5.222573118507127,2.5367529910164133,4.946444543259326,7.974649950819108,8.85345039624802,7.157486906477795,3.745548843022758,2.766563457127224,5.597426612118993,1,Mammalian
89.41,80.34922288942036,56.4226158504111,26.030725007035628,1.480242395072867,16.545714054431702,18.60224318480935,10.520811571068283,5.112417880523925,12.648968430170402,14.663050974948334,10.924434620795326,8.539204076780644,11.464023499695342,11.899299011069896,7.798540488316444,4.952908236581817,8.767144250454855,9.780328659756345,5.763840744127994,2.7452732928733,8.94874513565622,11.634017631981473,9.005836782860236,3.4156380684872416,7.170721492132416,12.270506536122092,12.896825218839464,8.872584219626114,2.305796829193852,5.505057913796051,10.587738368201741,1,Mammalian
170.76999999999998,142.07569336051571,73.01506711526295,2.7545613292413718,34.14204604669975,29.417004737295365,2.548923838992516,17.431351735954728,14.407709586873851,6.177723047585847,22.708174838945517,21.509549231838953,3.9814587448164005,14.408526622914549,18.307472858046673,4.858336260321704,15.363180009360034,28.24374141804073,27.510101574206864,18.03566704444736,8.82027379473518,2.20234567904868,3.705758777125939,6.033920139404294,2.408755790922648,4.161699520074118,7.980783288030191,6.978769456661447,6.187200351877032,6.5481733493323375,2.831211017303287,3.1877958028695255,1,Mammalian
164.38,136.42375195452325,69.49683426686477,6.695292766106538,32.629600789306004,25.14132598360441,4.035567656025998,23.811095192606043,19.624841052793155,4.289840150233143,22.98262263703651,24.80907779083052,9.935764445498284,8.105387653829354,11.937828194212477,4.005743562602702,19.42090626103736,29.81079361927077,27.156200260235767,17.08365484783874,9.548974071272607,6.584525632525443,8.28809511988898,10.83525996472962,8.478632770241006,3.4252795200184876,2.238616735804358,1.833175632430358,4.755505378007347,5.737817601411753,4.6954868891767365,9.495858681090867,1,Mammalian
170.66,141.9850098563862,72.97551491322646,2.7783602910762717,34.06044207080854,29.308032363736938,2.449184630233038,17.486192214281726,14.407535651720316,6.27892233478086,22.817548370636946,21.607474461478873,4.032132260599563,14.42220199757018,18.38326276752147,4.967062591461971,15.26675473045924,28.20530721562191,27.55553761900594,18.143051910439134,8.886469756003958,2.148567380179449,3.815713938489575,6.111556216785558,2.4148118859257153,4.240973954257928,8.090624154093753,7.023203842830762,6.085823744552113,6.474168954685683,2.8483905341007616,3.1070414492360734,1,Mammalian
189.13,138.0928979045172,34.59841440647306,32.4268289751429,25.56408640863967,8.602700100320856,14.641441011485004,6.748629343157954,18.03587197932276,4.191387817182311,15.64342498451072,14.038340896834828,0.7181880437146246,7.031302483203817,4.151985090396062,8.177504640428033,19.233067878006356,22.905884460596653,12.821821322598772,5.774055945871799,2.954621425655022,5.224482880156763,4.2797500560990605,7.859408770259716,14.006752726648674,5.877705053500161,8.795730562284689,9.882902531432581,1.6160149307881786,2.6002480355500293,5.744733373503027,13.333981349854197,1,Mammalian
184.8,134.50059705699664,33.700606262444545,33.063330497679715,23.38386641710067,12.200844813807182,18.97132994792035,4.104373564677288,16.983333462504604,7.981947282788468,14.37713187526267,10.495861508195258,4.585435287895529,11.159038270296236,6.988915866192696,5.474330446179938,15.034127843011044,18.845733820977514,11.71886809744108,10.102722989867496,5.8252054194248615,7.440405753211781,8.3768677436261,4.267766724892227,10.05765303146671,6.654837050601542,11.788358193821619,10.060618320746933,3.0095109950317913,6.927935578897092,4.335082470051023,9.162570425620249,1,Mammalian
180.8,132.27893977549442,34.511693310314534,29.165662906815946,21.944044587685013,10.93536615259745,14.971430285597135,8.02298561639559,16.96182988901013,7.596972669042874,15.508047638160079,8.403347872809153,8.561161690675052,12.72285153669919,4.281092018435253,2.347766354557684,11.243887228178695,17.704222417280462,12.689217523150086,10.935307973229602,9.515011724535151,5.51899346467672,4.576932157395004,2.9842479923294993,6.83273933472386,3.7426791014710115,8.985521878353293,6.277775723249745,6.9520910179433555,8.068809890511211,5.531641428270814,8.733451548426872,1,Mammalian
69.18,65.26661619979915,54.31039804629665,38.47816381883812,20.811735233328804,4.52587604328562,7.711815056706319,14.3409798785699,15.177414794801852,11.336889937979052,4.871146210582837,2.2512611882662106,7.218961894573351,9.311673036611747,8.18155187311615,4.571540745848408,0.8300602387778845,4.588633650021138,7.0600718927843324,7.1429278294784595,5.017831574653195,1.906201564164942,2.9887561480102844,5.477652290433019,6.1992967461261195,4.834441941358422,1.8493038690019719,1.7672216750396337,4.833180322616953,6.363266150830452,5.873254028487967,3.542719009168795,1,Mammalian
198.07999999999998,164.77719049610263,84.33071600715617,3.7381838207610385,42.980642932607516,38.3364032142701,6.297573629776341,22.074209949568434,23.810008254924476,5.5060057832973435,16.4479855353555,19.468578621949902,6.073695925373479,12.13313823937306,15.329541310731077,2.8234551894327904,18.20716342542132,29.789071379937027,26.627057544613884,13.79944857787141,1.9650179088925699,3.0735807301532456,5.370965343192282,7.486708015145502,5.501300473563349,1.6845187084271498,6.332192871098614,11.42463596927756,15.304785379858455,14.474825569322935,7.69241901943086,2.767704089738278,1,Mammalian
187.85,156.24840906717301,80.04676357797331,4.973816902575291,40.27498460734754,36.200291388889845,7.3301261383828855,16.503487552749995,15.233819867201486,4.416011276082392,21.490036889006497,20.406693538263987,4.938018895284513,16.2569724011511,17.79893645234116,0.9955181424769942,22.390589541144294,36.004449016283786,32.79625463371443,18.90463583890838,8.244417585824472,5.955681720243865,1.1921750450482433,4.09574927584092,5.34113585800413,3.333899275727611,3.9846143784697263,8.205620860718728,11.946830665003999,11.095250549122557,5.490821075169179,7.358512871779108,1,Mammalian
187.76999999999998,156.18668496720147,80.03320155794256,5.053553230953793,40.20602997205252,36.12198744407465,7.3018788078838135,16.522295566024123,15.198032035791844,4.49483093006002,21.56663084758548,20.459232141119347,5.005181178360074,16.3248593462948,17.87891209899961,1.040393190593416,22.356799860445143,36.016519672974525,32.8462313561301,18.973017366574595,8.30161360396361,5.992540025598755,1.252820702003304,4.028566646622066,5.2649047701781715,3.2665109033509667,3.9919303383439604,8.231356565553579,11.952695379231006,11.059120182770059,5.41085653690365,7.403353923529105,1,Mammalian
183.01,152.24076688773386,78.20246194977935,2.923861315445004,36.534051477392495,31.39224585460017,2.679230968946277,18.352060241423878,14.485699033559367,8.327134762765791,26.31248408403183,24.524534393180893,4.581829661815868,16.3427153628136,20.955656266408003,5.632722298460142,18.113489448474578,34.191742811486854,34.56973507222699,23.53159149236733,11.062137385418684,2.2516758028368167,3.922678695824939,6.143341771782667,2.4877145152000746,4.322799760766583,8.772299786299296,8.565865221354438,7.4932660478232895,6.918380854510116,2.937189732504865,3.0247720499969537,1,Mammalian
176.02,144.24299198555752,70.03699972136548,7.300561800180644,32.3446199386004,21.51596330264486,6.1699944844019265,15.82172937450555,6.485464227274267,12.637832852282921,18.166228598975213,10.716119662716718,9.289117135156394,10.977111389891776,4.031730376921844,9.786345070266739,18.318886429038198,22.777967086075954,22.626583071042973,18.721726527729942,14.72944027133815,9.396487364385795,3.1075155776583756,8.28236753314036,7.526111463215639,4.034879990397935,9.900571809643253,9.001885119566943,0.7928765161857099,7.169774485407628,8.61420281020726,4.662555648569017,1,Mammalian
131.67,108.46302914745802,53.66757576106872,8.333620206427442,28.093388954050006,22.215760235537942,4.109475831539204,8.928241963246244,4.2659411175346245,8.051487792863563,12.424317514492413,5.162209202549927,8.536454699827432,13.60340763991712,7.966072869278072,3.3038216127646622,7.9385704002672925,7.639475375147502,10.265659551334712,9.370778011817944,1.009086706752429,11.305885831495225,15.793208489061296,10.260232229055056,3.545694062059989,8.845575278023912,8.396821951145949,3.8846294759467024,0.9644595649953691,1.646228236563143,4.932029843610023,5.742532443498188,1,Mammalian
177.49,124.92493454719359,23.34983747752866,32.11946964219485,12.46229029855452,23.175512551382813,22.31105703838699,14.200672187889703,13.582187551334199,6.586024870649454,16.065562064031965,6.09172369291705,12.861841141001294,5.636574726911256,10.40618974155646,9.06420726425454,5.3502242943637475,13.70464948726752,11.356064784311076,4.918939030467295,4.061037677154297,8.16126761373787,11.539213486654766,12.672270726103287,6.346367568962769,12.08755243543572,8.479308054281216,3.4340089149148336,7.632924469882681,10.181648394507238,13.055176516494855,8.061306236443766,1,Mammalian
116.65,100.32036135497769,59.21481762216956,13.266732063087503,22.3552414301468,31.86564434358714,21.879124716041364,5.352264684582252,5.926957369781159,5.080003127836964,4.923438987718392,11.674399565110686,10.742532590506407,1.9870052328716579,8.898042170095012,14.429940344940844,12.129241526163131,6.710382226820337,8.04132503639796,9.297698829759794,7.30875961676805,6.970648228075366,6.904193786000102,3.4869399919912927,3.138116686293995,5.797216994784411,4.093016894951795,4.498228939907819,9.566128109431546,10.9846288900904,7.770912573728095,2.951492068212196,1,Mammalian
67.45,63.92343630461004,54.03376274345612,39.6901830995458,23.5862375787945,8.694422149045756,4.23098140068786,10.687304395197666,12.656112557264487,10.691133166866809,6.594072205523277,3.232288954301152,3.9423006287590834,4.7539245350009125,3.5717122314619734,0.8171888461823912,2.3799369739554024,4.734148464210478,5.300216703004222,3.7635603215458384,0.9828846525917443,3.9185028704552236,7.537502797956134,9.61697291706266,9.453349403140253,7.031230758376136,3.005963327104493,1.5349808785640693,5.2939588578725845,7.341123334565488,7.302979022494725,5.716567460128643,0,Mammalian
84.91,77.99563422607913,59.33652838095185,34.43135823096651,10.264313208134817,7.546835080838317,15.315461963608433,13.932569238556441,6.891159422651905,2.680814672809915,7.521237080157248,8.484392831816814,6.304256995604787,5.3890935583107735,7.016321358377726,6.9814346919418195,4.241992456381788,0.38119680658096444,2.952993334480085,3.354326426412479,0.7582109064774961,3.7243432310922655,7.734493699316411,9.30326510498958,7.590080487820658,3.5674511659123307,2.7563863128612764,5.404954830433137,5.177502710764705,2.246275231461034,4.427259196593522,8.842164333053946,0,Mammalian
43.88,42.67794162278364,39.18513022895546,33.72959633582292,26.819406466334367,19.09049408389172,11.249848907215972,4.115000978249021,2.994925518375953,7.3874484372237585,10.265419397877979,11.408980871265952,11.059770504115908,9.789384884884761,8.558738056194322,8.483122743002117,9.755870027834524,11.453998855986708,12.664604205033019,12.878030629636829,11.920193287674675,9.892223660273906,7.184546014043116,4.741759988553223,4.578779437730161,6.64343657942769,8.799444143402653,10.101958023159352,10.210519339108352,9.055978575813473,6.766470102263701,3.6329427106595227,0,Mammalian
66.06,61.511469898858614,48.953227054284525,31.34516268852642,12.713124509976366,3.2568531848004425,13.028665477796785,15.98791103331695,12.810985128788673,5.857704790788313,2.662003466282708,8.350786915326008,10.671696581086602,9.093769161351638,4.672001925614283,1.0003005395253692,5.2255143287527215,7.372541589978767,7.472092694367675,7.651631969217798,9.84675097766311,12.520648613251998,13.563878921292988,12.129348212935145,8.586842261853628,4.306906741478524,2.456196402409231,3.913391268789089,4.070190715304789,2.5205857656843027,0.9728776901338009,2.56602186748434,0,Mammalian
130.8,109.51352682239452,58.190560218593816,5.961823497170036,22.470499728294218,20.978553720251806,15.830095821210035,26.194713785662696,23.387261445424173,6.476353605519744,11.177943701148054,16.83533311140345,9.13144997364655,3.661316390085448,10.598830232337418,8.676374273775574,4.304648650006174,6.432284858735047,5.5622804137332365,1.190551504876271,4.141331205880021,7.82744272685278,9.712484258785988,9.691181144286256,9.75001549144286,9.267632225723496,4.275244301339506,6.70738779291227,15.81620179381649,18.192361458726623,12.48952010059906,3.8980796857496225,0,Mammalian
170.49,139.39188762170218,67.95674565594221,2.8468580488048163,24.298689226925095,21.188215777804256,21.839175523807956,19.353030305135587,10.163294196833549,13.620620522679314,10.142251312363124,2.1651328335975513,5.296890972228033,5.988576639502856,14.470354097953093,16.042824316622177,10.037853356171327,7.721062956824128,8.083556116223233,10.142674134247187,12.797407175118579,9.890113899335491,2.318219906151177,9.609658752321279,18.601528191753754,19.602668739343816,13.834111505041141,16.359231086659495,19.060624792379365,12.496321302941684,9.816010326975494,13.57818740580148,0,Mammalian
85.19,78.3395472806897,59.69238058605317,34.34178543598748,8.94018768912975,10.51184252243471,20.16644428348284,19.711672066494348,11.93002362263688,3.0487944854994224,8.726229295948032,12.537571925814454,10.932593500888707,6.300236945690178,6.097490138852552,9.562943560683204,10.014154981824475,6.993160040346835,4.875717619904779,8.299153335598179,10.758513771476943,9.457007737037477,4.87840322043784,3.6538603535868988,8.733517983225662,11.365370733892314,10.219201216653605,6.150717259237183,3.042733122769685,5.87562374128196,7.861313339093999,7.6667900711237715,0,Mammalian
153.75,130.583035613028,75.15275889499372,19.11991150716478,11.432570283334712,14.19868894743242,14.15875847188251,17.971428105940333,11.715803985416379,10.870694776133512,15.209104121158944,9.8751992499312,9.263451560300307,14.680741869943859,12.081293500958111,9.514546770558528,12.870481731465997,12.132065122302755,8.643850942481507,9.003881366750521,10.899723306566846,9.1513945753075,2.521491573516759,10.07676291586168,17.49442588298632,17.553102984215457,15.840962127734755,18.190168333228623,16.405402578018776,8.196720202407622,5.845316773093536,9.057534048137557,0,Mammalian
203.5,144.58897438162805,31.508241249884804,41.390745807627546,26.55908396461711,34.41377915355586,34.04387730319768,2.2561097415132183,18.106733228922018,16.6154825569994,10.814276962988997,7.5847894286937505,20.504303876784228,14.353465861111184,1.0375634726229723,5.512712320808083,13.543323078181373,19.916951260642563,12.746719910498802,4.9700840509596285,11.445820721903768,9.987092511661954,2.3972871945095227,10.07875893188178,15.3767945871905,16.826340061426855,16.594650168321326,18.443585931043565,13.560389724891682,9.920422740113942,6.994437699578823,7.263050370686557,0,Mammalian
128.36,114.10164257656533,77.19259973392111,32.3042675738229,4.909313438321459,22.79039874732546,22.313963783911348,12.144473861861766,8.379033237941185,10.03051130198954,6.134224449769056,6.678812271020208,12.168357761700559,12.76408748904702,8.764600129136962,4.3838130080630275,4.674719242906464,8.982570758208041,14.282922986455239,16.792078367327793,13.88646351802237,6.597574440509043,5.054332373125759,10.647855398732586,12.671708724456892,12.404142846087279,12.348538671432541,11.799769846833966,9.782343375194511,8.112119737723447,7.696081434744482,6.445184242661716,0,Mammalian
125.89,111.66076444233184,74.84193814425471,30.141415065014716,7.358551598023034,24.889478366447143,24.334671061822156,14.435693415509903,10.414570151189121,11.591485226080906,8.353228437780174,7.9808792751056785,12.045453524227167,12.004921318150087,7.714691215946041,3.9423887299228673,5.162257258215633,8.702216662895541,13.237212283997938,15.310634397967137,12.243407223762382,5.560545643448578,7.306352915962932,13.081302578874423,15.091273258607462,14.696859155336542,14.4299077896134,13.919956881630085,12.196907285375222,10.351095353676891,8.746289066362026,5.768083444334336,0,Mammalian
132.41000000000003,118.11017069431037,81.07628901752284,35.965193599022584,0.9764151583276824,19.46139136047986,19.13338680454587,8.479585356912429,5.803579003287359,8.479962619641817,3.2537770170435096,6.183497876617545,13.359579669563507,14.852345450867627,11.515470185699346,7.22168818571121,6.361705746103005,10.779959991176366,16.749725670219426,19.76628440997923,17.130445500162068,9.605820753773452,2.3816303410150548,6.569868776992879,8.636496439679815,8.729954284341794,9.246257173145256,8.64247498504626,5.866147070876301,4.958023989285035,7.598802882005246,9.038382948863367,0,Mammalian
128.35,114.09338104624105,77.18940370725522,32.30938938238281,4.9088698854790405,22.771231566220894,22.287200008435857,12.120005311357023,8.395578944682319,10.057405263759442,6.136075058033538,6.629225884807512,12.133191185827883,12.743329681025072,8.755753033869837,4.374966117823814,4.656189429136232,8.975913934495045,14.287982640926652,16.802933706029794,13.898256614797345,6.607737257615771,5.059104085808678,10.655277623703963,12.683692450686705,12.417824530922724,12.362519538227426,11.820323079583616,9.818367031478676,8.156043919060814,7.717173793746628,6.426447372660912,0,Mammalian
128.41,114.15103202227385,77.24035732696235,32.350789966852325,4.901158909785374,22.763939467963862,22.294628700506845,12.140832706388435,8.397753632719194,10.03785491653236,6.108516836944836,6.62689807277835,12.136562219548708,12.740337743860804,8.74121882185272,4.33550685763175,4.596270227042792,8.917256178434293,14.233075419834105,16.755411059018563,13.863449618634961,6.598180394880587,5.0863192525564935,10.65736140751021,12.667862247599299,12.396989895427179,12.354393813759907,11.827878414576888,9.830750912500257,8.154743759199604,7.694187463265754,6.383281028945784,0,Mammalian
128.37,114.11335595541519,77.2092965231583,32.329062422824144,4.889684805837328,22.75128273858478,22.26720947844547,12.100964826629875,8.393451349530638,10.063208469583902,6.1345764694449585,6.609263162749816,12.116013227766171,12.728065505623272,8.741476690704623,4.358144310543814,4.636216129560829,8.956166493477157,14.269103358296599,16.784771777045737,13.880074213652646,6.5879221281024325,5.06134109277601,10.667298935597241,12.699534418358112,12.436858659577501,12.38251934008602,11.840264859922325,9.838025502490513,8.170116548130073,7.719261605468691,6.4158168434399885,0,Mammalian
132.09,117.82883710064225,80.9102793506652,35.9945157510794,1.690092247450226,19.042667855245718,18.549325965473496,8.635210101981857,8.81582992679882,11.700388044197954,6.9372572394074234,2.9051285639222213,9.123153987318542,10.178392827845155,6.622995841781178,2.3625358248013137,0.9411163583744545,5.316084644841803,10.827768619762287,13.497336943538814,10.612491879169141,2.9460838097282656,6.613691997934631,13.243133330684788,15.810924789580094,16.018192141978837,16.10249104560555,15.552036585757602,13.511945294196225,11.10844167652261,8.915956297420262,5.448189944956785,0,Mammalian
128.01,113.81634428942469,77.07556122752487,32.388659562224696,4.610053926923027,22.479220507221076,22.122849679223144,12.269658331625054,8.64984020840969,9.99508163063343,5.988174381740215,6.767165527973438,12.200320828069918,12.643732135862495,8.503671812745386,4.088843794262132,4.670685174575566,9.161231827869385,14.583540643945428,17.1405433439099,14.152401511259992,6.5844517798033975,4.916540574651217,10.86179839171675,12.985332663007869,12.530066591313751,12.166444130336492,11.488164463980796,9.485773871809874,7.835608889975197,7.409745278695581,6.134111158176867,0,Mammalian
128.32999999999998,114.07340614585955,77.16951094676095,32.28971674366317,4.928061444897943,22.79118048355293,22.307190555403313,12.139048881988714,8.397753632719194,10.051638502089444,6.137638452709219,6.649188830911796,12.150377778830507,12.758606946024793,8.770051747059961,4.391814571755882,4.676162956955198,8.995662491447844,14.306864969136022,16.821099805035136,13.916444002869815,6.627553497741495,5.056945189011748,10.643280316472865,12.667862247599299,12.398793443043742,12.34251973701097,11.800381496306073,9.798709942742517,8.141996094893985,7.715137263336042,6.437122485908774,0,Mammalian
145.07,124.33550160287994,72.9988481170353,16.927260005898503,18.7610118318899,23.78935614223316,7.439907125101009,15.43145889421436,23.897231447860882,18.197042965829397,12.224290467275965,15.313686710281463,11.839124383154308,1.4008557544474147,10.087408191595165,15.421356822955905,16.636505041624574,16.302677155168553,12.162266169633687,6.192540727604978,11.34455388939638,14.525167109815747,8.867641189069303,3.255543056100664,14.303234918275262,19.338373262199696,17.230894052525816,11.256969092876039,5.807604147535362,3.3075263891364886,2.7073576814347917,1.7889260668511409,0,Mammalian
128.03,113.77378369839992,76.87112621766249,31.994675873331843,5.216663721823402,23.090424848956783,22.60705076653847,12.42506309598254,8.435998457069486,9.969552428998474,6.1688277372186215,6.948658594932248,12.409188426927768,12.989305172372218,8.987143844733913,4.64754082729797,4.975791394341204,9.29201991865773,14.590457316689674,17.0940826450783,14.189840203427506,6.924923888502635,5.033994641337443,10.466257007507707,12.431851432201128,12.113701757944938,12.042522797996408,11.501282091477771,9.504025315602128,7.934344358771508,7.690768325110044,6.602450065981033,0,Mammalian
128.31,114.05343125427528,77.14961824171843,32.27004450739993,4.947259408684387,22.811129490345564,22.32718111930224,12.158095524024334,8.399975377065326,10.045908247335216,6.139266603962427,6.669151999050736,12.167572970183691,12.77389725365793,8.784372721036949,4.408689366837751,4.696136710105444,9.015412157002086,14.325750330881855,16.839270060565987,13.934636358343345,6.647370838547181,5.054864502466121,10.631307095170898,12.652043853255341,12.379765409964062,12.322519936439784,11.780440111090435,9.779054244617663,8.1279732042428,7.713152054856884,6.4478419617422675,0,Mammalian
128.34,114.08281818939948,77.17720668091471,32.294564652343325,4.9217997265588,22.790915520077014,22.309444044319413,12.140849241301952,8.391506224634128,10.0445910839734,6.136484366814986,6.659062936324061,12.156365835140788,12.76042621851312,8.768223512888012,4.389126221130169,4.6756603811654225,8.99128957651603,14.298881768949562,16.811425610740493,13.906450498568267,6.617560457573198,5.056054622178747,10.644796168118269,12.669136643115293,12.400568769652828,12.344518273804445,11.800169142219636,9.79324724821844,8.132037208016618,7.708777582177591,6.439795331091394,0,Mammalian
128.32,114.06399420238134,77.16181574105092,32.28487120444529,4.934335483226175,22.791449831559216,22.30494132212705,12.137256494719093,8.404008295666035,10.058690924227461,6.138808611464033,6.639315102352014,12.144395004232118,12.756795253047972,8.771891000249418,4.394524033426393,4.6766868614436845,9.000044392741483,14.314850702951285,16.83077438017766,13.926437516496922,6.637546558873589,5.0578553703010405,10.641773645837995,12.66659561864894,12.397025928650788,12.340528979939183,11.800602320717912,9.804179793295518,8.15195508243091,7.721504657302805,6.4344640717652775,0,Mammalian
125.44,112.0996988086137,77.31996409319194,34.359258396718424,5.049440562186036,22.821543348345376,24.724654342519596,15.130357162973615,3.8069960255011908,3.4054049446638013,2.3913524999337614,4.377418485916977,9.470356332261597,11.140705642536282,10.15243895008149,9.73060436079967,9.847730703060476,9.487726136189952,11.106127379603455,13.923905382405453,13.907864123263856,9.460585082063401,1.8985691996613234,6.0962735836269655,12.197999067954472,15.389902919757352,15.585495422315825,13.06655963317,8.590297810773109,3.6542722426137058,0.62875982652789,1.9369754007845619,0,Mammalian
125.44,112.0996988086137,77.31996409319194,34.359258396718424,5.049440562186036,22.821543348345376,24.724654342519596,15.130357162973615,3.8069960255011908,3.4054049446638013,2.3913524999337614,4.377418485916977,9.470356332261597,11.140705642536282,10.15243895008149,9.73060436079967,9.847730703060476,9.487726136189952,11.106127379603455,13.923905382405453,13.907864123263856,9.460585082063401,1.8985691996613234,6.0962735836269655,12.197999067954472,15.389902919757352,15.585495422315825,13.06655963317,8.590297810773109,3.6542722426137058,0.62875982652789,1.9369754007845619,1,Yeast
69.38,65.3471594133082,54.12580068094592,38.11417209441783,20.6007834331817,4.933888584878961,6.432944308285227,12.135336714525652,12.542066040715522,9.220259204676156,4.724712227320172,3.5422953823278718,5.428954377297969,5.960124066879057,5.099646721162657,4.193955636295129,4.106701839676215,3.938572447894799,3.0948093927202436,2.8168859105218282,4.155428605022988,5.315590888958951,5.087513455894437,3.3013159620682515,1.259277344483907,3.2983554725720654,5.325031251771277,5.669326424243654,4.106797951801442,1.2641813600708423,2.5273364809308108,5.156786896641005,0,Mammalian
69.38,65.3471594133082,54.12580068094592,38.11417209441783,20.6007834331817,4.933888584878961,6.432944308285227,12.135336714525652,12.542066040715522,9.220259204676156,4.724712227320172,3.5422953823278718,5.428954377297969,5.960124066879057,5.099646721162657,4.193955636295129,4.106701839676215,3.938572447894799,3.0948093927202436,2.8168859105218282,4.155428605022988,5.315590888958951,5.087513455894437,3.3013159620682515,1.259277344483907,3.2983554725720654,5.325031251771277,5.669326424243654,4.106797951801442,1.2641813600708423,2.5273364809308108,5.156786896641005,1,Yeast
69.56,65.50956619579055,54.23915581218443,38.15742626236241,20.56812602362554,4.844940255160578,6.5979587596504645,12.31505050822194,12.713998346049697,9.371100735036096,4.878799716605982,3.713681117687602,5.581940219707736,6.120952543776955,5.2628448946520825,4.341558561564613,4.229349831829947,4.051981964649218,3.188177209136674,2.8213376158232193,4.10921274823635,5.290584975348255,5.106872225940976,3.3567266072293376,1.1883795928261127,3.1248769470460145,5.1676568083871395,5.551732831137782,4.043031764604234,1.2025988799201004,2.385665355701963,4.990015175226334,0,Mammalian
69.56,65.50956619579055,54.23915581218443,38.15742626236241,20.56812602362554,4.844940255160578,6.5979587596504645,12.31505050822194,12.713998346049697,9.371100735036096,4.878799716605982,3.713681117687602,5.581940219707736,6.120952543776955,5.2628448946520825,4.341558561564613,4.229349831829947,4.051981964649218,3.188177209136674,2.8213376158232193,4.10921274823635,5.290584975348255,5.106872225940976,3.3567266072293376,1.1883795928261127,3.1248769470460145,5.1676568083871395,5.551732831137782,4.043031764604234,1.2025988799201004,2.385665355701963,4.990015175226334,1,Yeast
76.54,71.22218468407853,56.61396420112998,36.346181970267715,15.295961189571894,3.535885257653956,13.358402182922456,16.36751017574678,13.197586932696053,7.025416015217222,4.510433126996194,7.933153453663233,9.579751377160575,8.824060872197945,7.164718946509491,6.00262100341637,5.073263249625435,3.806159852432134,3.676346037833745,5.321845677789015,6.434056715146197,5.825011211740706,3.6733659056406913,1.9216367906821505,3.2859243986936826,4.155082418122643,3.199331903846295,0.7696134818934408,2.138609133334674,4.213995221349885,4.652964869768648,3.4703860964506767,1,Yeast
76.54,71.22218468407853,56.61396420112998,36.346181970267715,15.295961189571894,3.535885257653956,13.358402182922456,16.36751017574678,13.197586932696053,7.025416015217222,4.510433126996194,7.933153453663233,9.579751377160575,8.824060872197945,7.164718946509491,6.00262100341637,5.073263249625435,3.806159852432134,3.676346037833745,5.321845677789015,6.434056715146197,5.825011211740706,3.6733659056406913,1.9216367906821505,3.2859243986936826,4.155082418122643,3.199331903846295,0.7696134818934408,2.138609133334674,4.213995221349885,4.652964869768648,3.4703860964506767,0,Mammalian
74.61,69.51514806691272,55.516799353924704,36.08035153181247,15.811571444131934,1.624561697260668,11.43803731927435,14.516533200184467,11.660029147516648,5.678752609317164,2.653578796615786,6.3163092393505185,7.795150936547934,6.943550127759572,5.280623065359767,4.187543107518989,3.3531626861815123,2.431179199827238,3.304601760046529,5.142905305148942,5.865848680863457,4.791797598836151,2.510587158116613,2.3440024125123875,4.190264941392399,4.5413179534799415,2.9125050728810447,1.283033270794342,4.032722355526083,6.075524210300081,6.000308735401351,3.708580601904066,1,Yeast
74.61,69.51514806691272,55.516799353924704,36.08035153181247,15.811571444131934,1.624561697260668,11.43803731927435,14.516533200184467,11.660029147516648,5.678752609317164,2.653578796615786,6.3163092393505185,7.795150936547934,6.943550127759572,5.280623065359767,4.187543107518989,3.3531626861815123,2.431179199827238,3.304601760046529,5.142905305148942,5.865848680863457,4.791797598836151,2.510587158116613,2.3440024125123875,4.190264941392399,4.5413179534799415,2.9125050728810447,1.283033270794342,4.032722355526083,6.075524210300081,6.000308735401351,3.708580601904066,0,Mammalian
75.06,69.97481008770501,55.999670347543365,36.58324161482405,16.29912876089733,0.8210561041548268,10.98282908520106,14.226356902087485,11.588667641859221,5.915726096256687,2.886164679781667,5.969944882419318,7.176414485740299,6.157502851409895,4.550865995518227,3.9151774127138395,3.60724271431796,2.9622978703929905,3.417607737787783,4.824614753600472,5.300656684835163,4.096128558854915,2.003957669945136,2.947764276904775,4.938500003697993,5.212604326363664,3.4082656723230946,0.9667456640774975,3.680070036569772,5.862180243154649,5.888929826233026,3.6734196308279805,1,Yeast
75.06,69.97481008770501,55.999670347543365,36.58324161482405,16.29912876089733,0.8210561041548268,10.98282908520106,14.226356902087485,11.588667641859221,5.915726096256687,2.886164679781667,5.969944882419318,7.176414485740299,6.157502851409895,4.550865995518227,3.9151774127138395,3.60724271431796,2.9622978703929905,3.417607737787783,4.824614753600472,5.300656684835163,4.096128558854915,2.003957669945136,2.947764276904775,4.938500003697993,5.212604326363664,3.4082656723230946,0.9667456640774975,3.680070036569772,5.862180243154649,5.888929826233026,3.6734196308279805,0,Mammalian
60.440000000000005,57.6010415243127,49.53592168629447,37.515184634670376,23.391693750773754,9.26641275854127,3.0442246614197743,11.764986463148276,16.351114814210447,16.77798211238136,13.79825517029201,8.709576748227374,3.250679596398622,2.982787799447453,5.908410960289701,6.777145943085582,5.430893112555245,2.541031134779065,2.314413007694067,5.8966814476674685,8.75753100082093,10.14088557480503,9.854043411322518,8.102403141659655,5.396947686656568,2.5242921802488785,1.7984035937956233,3.61268550756789,5.000339628588259,5.6625417427926665,5.780368368136542,5.659202183438833,0,Mammalian
60.440000000000005,57.6010415243127,49.53592168629447,37.515184634670376,23.391693750773754,9.26641275854127,3.0442246614197743,11.764986463148276,16.351114814210447,16.77798211238136,13.79825517029201,8.709576748227374,3.250679596398622,2.982787799447453,5.908410960289701,6.777145943085582,5.430893112555245,2.541031134779065,2.314413007694067,5.8966814476674685,8.75753100082093,10.14088557480503,9.854043411322518,8.102403141659655,5.396947686656568,2.5242921802488785,1.7984035937956233,3.61268550756789,5.000339628588259,5.6625417427926665,5.780368368136542,5.659202183438833,1,Yeast
202.67000000000002,118.1573833657669,12.706982551445787,30.236400212961367,15.858681448058691,10.049138847775625,20.00972712305525,8.934993030987842,12.689403271357941,7.747136716295874,6.256708347272313,18.09040446279737,23.875425493323725,9.192709251994303,5.2463623399189645,12.491354024953674,11.204146553843366,6.322088252965141,3.520655145355504,2.2975660864301464,11.903365295712016,10.935979915410098,10.093087349985918,7.74828929054461,2.635914379650901,8.482878274944833,15.053149213522264,6.745189520341328,10.303347751026623,18.344233735552983,16.005685602374005,17.605007989111325,1,Yeast
202.67000000000002,118.1573833657669,12.706982551445787,30.236400212961367,15.858681448058691,10.049138847775625,20.00972712305525,8.934993030987842,12.689403271357941,7.747136716295874,6.256708347272313,18.09040446279737,23.875425493323725,9.192709251994303,5.2463623399189645,12.491354024953674,11.204146553843366,6.322088252965141,3.520655145355504,2.2975660864301464,11.903365295712016,10.935979915410098,10.093087349985918,7.74828929054461,2.635914379650901,8.482878274944833,15.053149213522264,6.745189520341328,10.303347751026623,18.344233735552983,16.005685602374005,17.605007989111325,0,Mammalian
227.26,110.90924997462857,36.0152842128301,12.572457026115007,32.995586497838815,12.175417154351619,22.28826054416241,14.213346296876274,5.958202642877095,23.475047654613167,14.469547089587836,13.80778423522243,18.590930741907048,19.36690858798502,8.912842009709353,7.593461907993304,17.460177547779978,6.9215854548424405,3.852820499758148,3.707147820976432,10.278747970392217,7.102009325192203,6.326157737259926,7.565556375887448,2.739675394350998,5.043733114427557,12.907361053770126,8.680418618929162,8.834019808355071,20.072239662102923,16.65252330502293,16.56874867298933,1,Yeast
227.26,110.90924997462857,36.0152842128301,12.572457026115007,32.995586497838815,12.175417154351619,22.28826054416241,14.213346296876274,5.958202642877095,23.475047654613167,14.469547089587836,13.80778423522243,18.590930741907048,19.36690858798502,8.912842009709353,7.593461907993304,17.460177547779978,6.9215854548424405,3.852820499758148,3.707147820976432,10.278747970392217,7.102009325192203,6.326157737259926,7.565556375887448,2.739675394350998,5.043733114427557,12.907361053770126,8.680418618929162,8.834019808355071,20.072239662102923,16.65252330502293,16.56874867298933,0,Mammalian
73.24,67.40928274961617,51.53255011033448,29.94045967794156,8.355122215021435,8.413265527474495,16.49292799994615,15.865693317706238,8.855622871258381,2.0104896815976825,8.765606861854517,11.612058227114254,8.917993070779024,3.6367596055664584,8.924758631256687,15.995610659584463,19.316065852031052,17.877331294639617,12.60378661554404,6.1416709100745255,5.014236043686563,8.488234496399201,10.034256535639155,9.376271091427661,7.718674987460314,6.445141129741466,6.293374967384123,7.094917494998191,8.11884038886017,8.381847149438826,7.093667251738992,4.101454135514478,1,Yeast
73.24,67.40928274961617,51.53255011033448,29.94045967794156,8.355122215021435,8.413265527474495,16.49292799994615,15.865693317706238,8.855622871258381,2.0104896815976825,8.765606861854517,11.612058227114254,8.917993070779024,3.6367596055664584,8.924758631256687,15.995610659584463,19.316065852031052,17.877331294639617,12.60378661554404,6.1416709100745255,5.014236043686563,8.488234496399201,10.034256535639155,9.376271091427661,7.718674987460314,6.445141129741466,6.293374967384123,7.094917494998191,8.11884038886017,8.381847149438826,7.093667251738992,4.101454135514478,0,Mammalian
183.20000000000005,115.28939770792668,4.308665461763415,31.981172991596875,12.108629535125905,27.237061500034358,8.15815977380451,23.408491243272245,4.167837674570082,9.561868640079906,5.474220224512548,14.69614294753755,10.978129118275213,12.101992899696564,1.490743025700155,12.045966573776422,8.942494059265576,6.256425706034195,11.025423082715806,9.559288751713144,9.117249891496753,7.367601365149252,10.862152553043355,3.344024360245543,7.258534915424341,7.464401479260103,17.037016531123044,16.561466288477693,6.512873886354394,9.488253433424177,5.813448605459638,5.985846254319041,0,Mammalian
46.1,44.796792325091694,41.02829804795793,35.199769738259256,27.929084061061744,19.970971577911975,12.137353724416169,5.315403717479518,2.4964654532801434,5.508000321209087,7.565811338658185,8.054918271198005,7.282899667537008,5.823787704598841,4.464698519596258,3.9710382240543756,4.212790049361588,4.352628204157359,3.9205949227224943,2.972174970957554,2.2336673076675164,2.9120516480393195,4.346521471697092,5.518146028997531,5.973245369192428,5.526617833375071,4.187564954684656,2.1364221011742472,0.43950688435317264,2.8654981063633778,4.999255551737137,6.434539719620615,0,Mammalian
171.88,139.78818837579496,66.73392024262678,2.216702276716147,24.25917269356324,20.12480649990954,20.366525659901907,17.213671316506904,7.846482314568676,11.14187798838121,8.936495304773766,1.5703532816887025,4.483783804681763,8.885696912087353,12.191540582565173,13.618220238371855,13.082171073640641,9.098665638127398,4.810896543092384,6.154142469232629,12.261064130301456,13.990784711619566,4.591847817085521,13.049936741092582,22.27579662519752,16.66403065805019,12.602232815087921,21.17793459549259,19.181828103947343,8.862867080878093,6.9743420935180085,9.19256123452004,0,Mammalian
221.63000000000002,148.09464559359762,20.347067009383967,40.82198767079889,16.059010328932896,48.55148683469658,27.451537633696162,11.542684916579086,19.97484867563177,10.012553261651638,1.441846807663464,9.012701179572415,13.832646785685284,12.667177785772468,4.840528464138204,6.344909521169615,16.319451583922795,17.45194196755731,9.769350544005043,3.0207708907535125,12.023905121939611,14.855830423106235,2.9608645236479796,13.78610335869564,20.12808039495102,16.353142277492637,13.245920310378688,21.602084336803006,16.31880436111333,11.448072362541325,6.788444150506703,7.961670393859454,0,Mammalian
57.46,55.42793066377832,49.61222109910969,40.80767550390221,30.19210747585693,19.13685317594491,9.018579403090191,1.9754497047498987,5.525723220016689,8.413400138411328,9.15564608921427,8.69200759792763,8.330280858389429,8.780686338332886,9.455495034957071,9.388057795307141,8.077722451285387,5.622343008720099,2.9769644749430353,3.4994239829887865,6.245962224467425,8.467500955030054,9.645275483042338,9.990466355536844,10.209308639460776,11.024771091034653,12.42101327343575,13.653487067956869,13.904985540344178,12.685034630899061,9.951666902004588,6.232728272403112,0,Mammalian
125.28,101.29804084323395,45.6642021828674,11.359125402897874,29.570192897292156,17.14404820200331,8.990581030872194,22.678530369780663,18.555005900140554,5.46528427710792,5.492864441424061,7.495107252880614,4.912790734809211,1.0940638967223686,8.186657026143642,11.368616381626689,7.509580547540583,3.626532575335948,6.050646864634616,2.9142591285881783,4.0790939894190545,7.834686412919834,7.822679386528762,10.126383579702583,14.932386147088126,18.31175608535941,17.686377991505598,12.196276129472448,7.448461011403025,7.847797264348537,4.423095292960909,2.33824700890131,0,Mammalian
8.700000000000001,8.690228030721281,8.660940450538064,8.61222229023337,8.544215432546297,8.457118878457997,8.351189159735972,8.226740941084447,8.084147873227623,7.923843781276613,7.746324303018908,7.552149132443934,7.341945079356209,7.116410232829659,6.876319624067484,6.6225329370867305,6.356005034610971,6.077800383132159,5.789112922345221,5.4912935996973715,5.185888781271455,4.874694193621417,4.559831114466699,4.243854348339956,3.929904981521731,3.621924003659516,3.3249420473608877,3.0454458254300527,2.7917705210560695,2.5743401530503824,2.405350392818791,2.297289005342203,0,Mammalian
102.57,90.14830291062212,58.251816673342944,20.30002334701517,8.8855942144157,19.990466305650237,13.38005296713629,7.142802294075409,21.309976464240812,27.539761276957083,22.796381884341052,11.505371696571165,1.6067593925577188,4.7538313489881405,4.071935068161438,6.272842955952692,11.052714598685695,12.510314012485997,9.774109375222695,4.616989693550444,2.0674696702267714,5.49782354052517,6.8777081382752625,5.321717993307354,1.4745518280150538,3.6341016635209784,6.7712717453872155,7.194521583778415,6.563178260100988,8.117654248656523,10.221259720398592,10.701215985936914,0,Mammalian
185.55,124.07874883398975,13.680640417457584,34.81257792841336,9.157337567049295,13.861839769627228,3.613199566981196,2.7579949185311188,23.30887705276843,43.43660955544167,32.128210795562076,11.87720881646761,2.65571617106018,4.179089102767255,3.74034019140724,7.8914550591594494,2.524143419063188,13.129854150772116,12.325766443632613,8.315401126064822,10.790415719205562,6.625051385115658,7.869892968182489,13.626346410393712,1.8365322047068537,11.196600809502772,8.198270523039154,8.977840387146356,12.601240768614757,6.249029751480427,6.655750871487325,9.046332493347975,0,Mammalian
121.62,108.33947699379877,73.86690267684253,31.66487893686331,3.4794250251048537,21.31654624805601,22.072334592879407,14.662806377300441,13.28951219070826,14.894007341654822,11.655375526381945,9.249267450504412,12.623299012921326,13.591848636293294,9.744846660022104,4.118010817918301,4.617748369064733,8.713629076306937,12.226697160945797,13.79123251392681,11.757992345807248,6.530509972585986,4.308789966904346,8.833000989417975,12.158357855114176,14.50328139604157,16.769953658860373,17.72017204505224,16.07334251240207,12.421219249736408,8.86278620394446,7.194339245879541,0,Mammalian
106.88,94.2767264744016,61.8242433544048,22.92233317449074,9.154906180225982,22.97154043507868,20.481352655719324,8.82239903800578,2.5349427113658822,7.831203532220234,8.096357947647656,8.17880066274706,7.0688414129257024,1.6914985298148058,6.1619672044328775,11.736646191173264,11.334619534858676,5.4397550981462155,5.247847101618635,10.240840103033952,9.808497455144257,4.569703797700684,1.8894181838989634,4.691923392095213,3.642590486191522,4.6624331737157885,7.551535617516238,7.0553386337170325,5.460673180350139,8.94487512618778,11.554115489479027,9.69323348560657,1,Yeast
106.88,94.2767264744016,61.8242433544048,22.92233317449074,9.154906180225982,22.97154043507868,20.481352655719324,8.82239903800578,2.5349427113658822,7.831203532220234,8.096357947647656,8.17880066274706,7.0688414129257024,1.6914985298148058,6.1619672044328775,11.736646191173264,11.334619534858676,5.4397550981462155,5.247847101618635,10.240840103033952,9.808497455144257,4.569703797700684,1.8894181838989634,4.691923392095213,3.642590486191522,4.6624331737157885,7.551535617516238,7.0553386337170325,5.460673180350139,8.94487512618778,11.554115489479027,9.69323348560657,0,Mammalian
106.88,94.2767264744016,61.8242433544048,22.92233317449074,9.154906180225982,22.97154043507868,20.481352655719324,8.82239903800578,2.5349427113658822,7.831203532220234,8.096357947647656,8.17880066274706,7.0688414129257024,1.6914985298148058,6.1619672044328775,11.736646191173264,11.334619534858676,5.4397550981462155,5.247847101618635,10.240840103033952,9.808497455144257,4.569703797700684,1.8894181838989634,4.691923392095213,3.642590486191522,4.6624331737157885,7.551535617516238,7.0553386337170325,5.460673180350139,8.94487512618778,11.554115489479027,9.69323348560657,0,E_coli
149.20999999999998,123.10971237182784,60.8569941718887,2.1921135236131954,32.521056244344415,27.27064104243334,4.20367145260014,12.317447331562255,11.226489298862363,0.7811160129606353,8.612836579082549,7.758079209329329,9.421289094756794,12.079142653502284,6.731888959693478,4.957599694933858,11.919635061527682,15.229794292239367,17.262380163866055,15.574562563618002,8.758765367854682,5.3418651343815755,6.56414239728737,3.8235624045781043,6.179752262229361,7.754182971427408,4.697644981638991,1.9453550303351999,4.250251966186639,10.581618985581299,14.847953430370604,11.078834020758302,1,Yeast
149.20999999999998,123.10971237182784,60.8569941718887,2.1921135236131954,32.521056244344415,27.27064104243334,4.20367145260014,12.317447331562255,11.226489298862363,0.7811160129606353,8.612836579082549,7.758079209329329,9.421289094756794,12.079142653502284,6.731888959693478,4.957599694933858,11.919635061527682,15.229794292239367,17.262380163866055,15.574562563618002,8.758765367854682,5.3418651343815755,6.56414239728737,3.8235624045781043,6.179752262229361,7.754182971427408,4.697644981638991,1.9453550303351999,4.250251966186639,10.581618985581299,14.847953430370604,11.078834020758302,0,Mammalian
149.20999999999998,123.10971237182784,60.8569941718887,2.1921135236131954,32.521056244344415,27.27064104243334,4.20367145260014,12.317447331562255,11.226489298862363,0.7811160129606353,8.612836579082549,7.758079209329329,9.421289094756794,12.079142653502284,6.731888959693478,4.957599694933858,11.919635061527682,15.229794292239367,17.262380163866055,15.574562563618002,8.758765367854682,5.3418651343815755,6.56414239728737,3.8235624045781043,6.179752262229361,7.754182971427408,4.697644981638991,1.9453550303351999,4.250251966186639,10.581618985581299,14.847953430370604,11.078834020758302,0,E_coli
95.12,88.56029468126802,70.48756548455343,45.30039496393411,19.226745473122715,7.156131526784267,18.160511788179043,20.80630694397394,14.585685785373212,4.881702275097484,12.571930251065867,22.365581909025867,26.47374599012535,23.984428909131076,16.29299391595611,6.5171943187640675,4.94198340749946,10.682466648582412,12.743975522467036,11.34475737241062,8.6662559498619,7.449359734188691,7.571000512153793,6.704895658609709,4.178345386676633,1.1639221881433193,2.712063869141764,5.023169494915699,7.792627257450471,12.107973200340354,17.175435696557447,21.222481251053615,0,E_coli
95.12,88.56029468126802,70.48756548455343,45.30039496393411,19.226745473122715,7.156131526784267,18.160511788179043,20.80630694397394,14.585685785373212,4.881702275097484,12.571930251065867,22.365581909025867,26.47374599012535,23.984428909131076,16.29299391595611,6.5171943187640675,4.94198340749946,10.682466648582412,12.743975522467036,11.34475737241062,8.6662559498619,7.449359734188691,7.571000512153793,6.704895658609709,4.178345386676633,1.1639221881433193,2.712063869141764,5.023169494915699,7.792627257450471,12.107973200340354,17.175435696557447,21.222481251053615,0,Mammalian
95.12,88.56029468126802,70.48756548455343,45.30039496393411,19.226745473122715,7.156131526784267,18.160511788179043,20.80630694397394,14.585685785373212,4.881702275097484,12.571930251065867,22.365581909025867,26.47374599012535,23.984428909131076,16.29299391595611,6.5171943187640675,4.94198340749946,10.682466648582412,12.743975522467036,11.34475737241062,8.6662559498619,7.449359734188691,7.571000512153793,6.704895658609709,4.178345386676633,1.1639221881433193,2.712063869141764,5.023169494915699,7.792627257450471,12.107973200340354,17.175435696557447,21.222481251053615,1,Yeast
102.64,91.02983785081851,60.741592931240554,23.429635375168548,9.343206145087812,24.703679966403495,23.415197809213577,10.78478799556892,6.669127735179637,15.308790693185317,15.095919602285415,7.437529837522297,2.4075263134291154,8.482993449342283,8.592242240796594,3.916441399850827,1.9018412131405746,5.374009784923607,5.364675551994273,3.6307644410570536,2.804428703099963,1.5440479268718805,1.7289149418265886,4.9517688759492975,5.866441447066332,3.258848916188238,2.5388822563053655,7.217139288915288,8.699580198479053,5.799606816211606,3.0659371490713916,7.910232094171292,1,Yeast
102.64,91.02983785081851,60.741592931240554,23.429635375168548,9.343206145087812,24.703679966403495,23.415197809213577,10.78478799556892,6.669127735179637,15.308790693185317,15.095919602285415,7.437529837522297,2.4075263134291154,8.482993449342283,8.592242240796594,3.916441399850827,1.9018412131405746,5.374009784923607,5.364675551994273,3.6307644410570536,2.804428703099963,1.5440479268718805,1.7289149418265886,4.9517688759492975,5.866441447066332,3.258848916188238,2.5388822563053655,7.217139288915288,8.699580198479053,5.799606816211606,3.0659371490713916,7.910232094171292,0,E_coli
102.64,91.02983785081851,60.741592931240554,23.429635375168548,9.343206145087812,24.703679966403495,23.415197809213577,10.78478799556892,6.669127735179637,15.308790693185317,15.095919602285415,7.437529837522297,2.4075263134291154,8.482993449342283,8.592242240796594,3.916441399850827,1.9018412131405746,5.374009784923607,5.364675551994273,3.6307644410570536,2.804428703099963,1.5440479268718805,1.7289149418265886,4.9517688759492975,5.866441447066332,3.258848916188238,2.5388822563053655,7.217139288915288,8.699580198479053,5.799606816211606,3.0659371490713916,7.910232094171292,0,Mammalian
199.75,112.35268450427371,19.49824826728179,29.02491212032731,29.602436502607326,23.35420656524745,9.647846088399277,2.268044116387885,13.756036842696709,9.874365257186534,9.453385428610911,8.928546981475455,5.060587519542695,12.566399633394552,10.660705083393378,14.993543395950972,6.675125466985614,7.874060745657609,14.142371713770691,15.037335751296519,5.8435888379954735,16.487428798302638,24.492081042930966,16.209377975277302,8.203563273503208,7.4857375872734675,7.85508820125951,2.158236565336212,5.001907292084175,10.873319063098066,12.835432570486777,6.173923172963636,0,Mammalian
199.75,112.35268450427371,19.49824826728179,29.02491212032731,29.602436502607326,23.35420656524745,9.647846088399277,2.268044116387885,13.756036842696709,9.874365257186534,9.453385428610911,8.928546981475455,5.060587519542695,12.566399633394552,10.660705083393378,14.993543395950972,6.675125466985614,7.874060745657609,14.142371713770691,15.037335751296519,5.8435888379954735,16.487428798302638,24.492081042930966,16.209377975277302,8.203563273503208,7.4857375872734675,7.85508820125951,2.158236565336212,5.001907292084175,10.873319063098066,12.835432570486777,6.173923172963636,1,Yeast
199.75,112.35268450427371,19.49824826728179,29.02491212032731,29.602436502607326,23.35420656524745,9.647846088399277,2.268044116387885,13.756036842696709,9.874365257186534,9.453385428610911,8.928546981475455,5.060587519542695,12.566399633394552,10.660705083393378,14.993543395950972,6.675125466985614,7.874060745657609,14.142371713770691,15.037335751296519,5.8435888379954735,16.487428798302638,24.492081042930966,16.209377975277302,8.203563273503208,7.4857375872734675,7.85508820125951,2.158236565336212,5.001907292084175,10.873319063098066,12.835432570486777,6.173923172963636,0,E_coli
89.59,81.73059725036093,60.47690230061162,32.101161583841794,7.339606945424371,18.700133751969823,27.570946201691306,25.62387436913771,16.945214082292527,10.814009359141018,14.184778985492311,16.436655846401372,13.287600399291401,6.595777501019619,4.9382249147960176,9.777114510661182,11.606674803749781,9.973632844035976,7.124593769231263,6.4270830580684875,7.413438593079341,7.356032385708684,5.882630764893377,4.018261654868521,2.8748425531279063,2.5361252275728123,2.7654832986668505,3.567174107452084,4.295855414474638,4.379031232501993,3.8138844399772625,3.050326287912729,0,Mammalian
89.59,81.73059725036093,60.47690230061162,32.101161583841794,7.339606945424371,18.700133751969823,27.570946201691306,25.62387436913771,16.945214082292527,10.814009359141018,14.184778985492311,16.436655846401372,13.287600399291401,6.595777501019619,4.9382249147960176,9.777114510661182,11.606674803749781,9.973632844035976,7.124593769231263,6.4270830580684875,7.413438593079341,7.356032385708684,5.882630764893377,4.018261654868521,2.8748425531279063,2.5361252275728123,2.7654832986668505,3.567174107452084,4.295855414474638,4.379031232501993,3.8138844399772625,3.050326287912729,1,Yeast
89.59,81.73059725036093,60.47690230061162,32.101161583841794,7.339606945424371,18.700133751969823,27.570946201691306,25.62387436913771,16.945214082292527,10.814009359141018,14.184778985492311,16.436655846401372,13.287600399291401,6.595777501019619,4.9382249147960176,9.777114510661182,11.606674803749781,9.973632844035976,7.124593769231263,6.4270830580684875,7.413438593079341,7.356032385708684,5.882630764893377,4.018261654868521,2.8748425531279063,2.5361252275728123,2.7654832986668505,3.567174107452084,4.295855414474638,4.379031232501993,3.8138844399772625,3.050326287912729,0,E_coli
110.61000000000001,96.55755784207616,60.57398101056842,18.22500117477396,15.480101776683505,27.546130399243477,20.28231910696352,5.304402028561582,14.397800085812626,19.051864406449145,12.581815251463702,1.750125449189482,9.5407602044636,11.968133687062073,7.364505115446906,0.6191756606256217,5.353363428724041,6.253499106317342,4.111590976283267,1.918784179386862,1.7705203973210668,4.3464374628060085,6.391646751823722,5.119789853349304,0.2048235557108512,6.256289252917849,10.07949776286892,8.957830347863508,4.611680954610153,6.319979386429869,9.258452454333803,7.506019333751092,1,Yeast
110.61000000000001,96.55755784207616,60.57398101056842,18.22500117477396,15.480101776683505,27.546130399243477,20.28231910696352,5.304402028561582,14.397800085812626,19.051864406449145,12.581815251463702,1.750125449189482,9.5407602044636,11.968133687062073,7.364505115446906,0.6191756606256217,5.353363428724041,6.253499106317342,4.111590976283267,1.918784179386862,1.7705203973210668,4.3464374628060085,6.391646751823722,5.119789853349304,0.2048235557108512,6.256289252917849,10.07949776286892,8.957830347863508,4.611680954610153,6.319979386429869,9.258452454333803,7.506019333751092,0,Mammalian
110.61000000000001,96.55755784207616,60.57398101056842,18.22500117477396,15.480101776683505,27.546130399243477,20.28231910696352,5.304402028561582,14.397800085812626,19.051864406449145,12.581815251463702,1.750125449189482,9.5407602044636,11.968133687062073,7.364505115446906,0.6191756606256217,5.353363428724041,6.253499106317342,4.111590976283267,1.918784179386862,1.7705203973210668,4.3464374628060085,6.391646751823722,5.119789853349304,0.2048235557108512,6.256289252917849,10.07949776286892,8.957830347863508,4.611680954610153,6.319979386429869,9.258452454333803,7.506019333751092,0,E_coli
52.28999999999999,50.94930699891208,47.046833760601935,40.92910087403016,33.134012821634734,24.3360444803049,15.278462379448444,6.703217045972609,0.9229962403402797,6.594666069800542,10.41364706966122,12.141579818558052,11.871304216786019,9.892220405197433,6.649200605937503,2.709866374543681,1.6611140839809875,5.349493413148664,8.3061134122881,10.154802323708441,10.751439559729203,10.134691303349967,8.519200082813263,6.2985732171794,4.144041257072341,3.3052214142093868,4.218844240857617,5.360039285893764,5.8634697851829625,5.500768715965709,4.32087602636149,2.5917577584897304,2,Yeast
52.28999999999999,50.94930699891208,47.046833760601935,40.92910087403016,33.134012821634734,24.3360444803049,15.278462379448444,6.703217045972609,0.9229962403402797,6.594666069800542,10.41364706966122,12.141579818558052,11.871304216786019,9.892220405197433,6.649200605937503,2.709866374543681,1.6611140839809875,5.349493413148664,8.3061134122881,10.154802323708441,10.751439559729203,10.134691303349967,8.519200082813263,6.2985732171794,4.144041257072341,3.3052214142093868,4.218844240857617,5.360039285893764,5.8634697851829625,5.500768715965709,4.32087602636149,2.5917577584897304,1,Mammalian
44.73,43.828381017684286,41.184241929862424,36.975049496508326,31.48135436776658,25.065319217980363,18.143401877763388,11.156542268528595,4.552954353026552,1.5913610506738556,6.2940011465576715,9.841716018852953,12.00268822428478,12.761560468393583,12.214919626631465,10.55447025191484,8.046819247379673,5.009488961288075,1.7994775984589253,1.4307969387570851,4.08677300548327,6.1318952366872725,7.3861070428543805,7.786555882181963,7.368392406709661,6.266469346999702,4.7341022992763975,3.253753107448836,2.801729637808157,3.7426807357018217,5.003523917273156,5.921523406233577,1,Mammalian
44.73,43.828381017684286,41.184241929862424,36.975049496508326,31.48135436776658,25.065319217980363,18.143401877763388,11.156542268528595,4.552954353026552,1.5913610506738556,6.2940011465576715,9.841716018852953,12.00268822428478,12.761560468393583,12.214919626631465,10.55447025191484,8.046819247379673,5.009488961288075,1.7994775984589253,1.4307969387570851,4.08677300548327,6.1318952366872725,7.3861070428543805,7.786555882181963,7.368392406709661,6.266469346999702,4.7341022992763975,3.253753107448836,2.801729637808157,3.7426807357018217,5.003523917273156,5.921523406233577,2,Yeast
50.379999999999995,49.0891564289473,45.33110621742402,39.43747629461522,31.922925524942144,23.43263590338491,14.67799805550084,6.3758466816902235,1.2215126456236343,6.708881341758518,10.555680978611795,12.450766547953513,12.487310622104923,10.954871487017902,8.307682544601093,5.1743503818138326,2.7622092607186715,3.42606517563261,5.284932293469184,6.446810914517486,6.5413850339201804,5.584706452782905,3.8509995936075225,2.212747047336437,3.001250881979304,5.180739430406314,7.086451275160683,8.213347509101451,8.341809227863456,7.42428762682203,5.5670362951477985,3.018157770131301,2,Yeast
50.379999999999995,49.0891564289473,45.33110621742402,39.43747629461522,31.922925524942144,23.43263590338491,14.67799805550084,6.3758466816902235,1.2215126456236343,6.708881341758518,10.555680978611795,12.450766547953513,12.487310622104923,10.954871487017902,8.307682544601093,5.1743503818138326,2.7622092607186715,3.42606517563261,5.284932293469184,6.446810914517486,6.5413850339201804,5.584706452782905,3.8509995936075225,2.212747047336437,3.001250881979304,5.180739430406314,7.086451275160683,8.213347509101451,8.341809227863456,7.42428762682203,5.5670362951477985,3.018157770131301,1,Mammalian
69.9,66.53318033275734,57.00724182515902,42.931491025844394,26.632649897306553,10.714161027904964,2.816473326839568,11.509758748546941,15.240518937944865,14.148227336039742,9.393210092059956,2.752800698497702,4.147774597906718,9.294314872128261,11.852972687433168,11.531163159245816,8.824262008802776,4.9028389049356385,2.304842047730916,3.918755154730301,4.990805096392975,4.168339428180409,2.2723650453467723,3.552360056819526,6.784289388148472,9.10263406482743,9.578102140321434,7.955046136162231,4.570447442239645,0.4149035056079892,4.02846369596331,7.071584067364377,1,Mammalian
69.9,66.53318033275734,57.00724182515902,42.931491025844394,26.632649897306553,10.714161027904964,2.816473326839568,11.509758748546941,15.240518937944865,14.148227336039742,9.393210092059956,2.752800698497702,4.147774597906718,9.294314872128261,11.852972687433168,11.531163159245816,8.824262008802776,4.9028389049356385,2.304842047730916,3.918755154730301,4.990805096392975,4.168339428180409,2.2723650453467723,3.552360056819526,6.784289388148472,9.10263406482743,9.578102140321434,7.955046136162231,4.570447442239645,0.4149035056079892,4.02846369596331,7.071584067364377,2,Yeast
63.63,61.86163182429372,56.715643324647964,48.653009494793594,38.38935342799952,26.822740070157085,14.948959243755818,3.8744884307925918,6.227101294508166,13.677813642765313,18.562468631728102,20.690282058373224,20.203670589881575,17.52030677264573,13.300763055023893,8.491964837638092,4.951009997970108,5.850703154055309,8.700010685134206,10.691198492211656,11.162906080517624,10.067790831867036,7.698787177771438,4.8035471267630045,3.7101225677778786,6.180846858715252,9.318160808765608,11.825642964453785,13.340823284686712,13.853013831250825,13.624861447441646,13.132430631779126,1,Mammalian
63.63,61.86163182429372,56.715643324647964,48.653009494793594,38.38935342799952,26.822740070157085,14.948959243755818,3.8744884307925918,6.227101294508166,13.677813642765313,18.562468631728102,20.690282058373224,20.203670589881575,17.52030677264573,13.300763055023893,8.491964837638092,4.951009997970108,5.850703154055309,8.700010685134206,10.691198492211656,11.162906080517624,10.067790831867036,7.698787177771438,4.8035471267630045,3.7101225677778786,6.180846858715252,9.318160808765608,11.825642964453785,13.340823284686712,13.853013831250825,13.624861447441646,13.132430631779126,2,Yeast
86.42,81.76421670966967,68.72612094681988,49.87568687350229,28.827347464162383,9.455541241233245,5.622110321573643,13.617917020219778,15.106492070047304,11.901186107176464,8.931598868974296,11.838281118191674,16.211112726374626,17.759211083506223,15.489600108014177,10.232691234811655,5.005956452067875,7.046112137282986,11.25107717964764,12.976435818337274,11.713991741480955,8.17963476266238,3.8315099342648167,2.0977176216082047,4.199178174071437,5.337977408101236,5.887778935730986,7.224737947137378,9.408414310272546,11.403420509170527,12.5435983034331,12.882152553724723,2,Yeast
86.42,81.76421670966967,68.72612094681988,49.87568687350229,28.827347464162383,9.455541241233245,5.622110321573643,13.617917020219778,15.106492070047304,11.901186107176464,8.931598868974296,11.838281118191674,16.211112726374626,17.759211083506223,15.489600108014177,10.232691234811655,5.005956452067875,7.046112137282986,11.25107717964764,12.976435818337274,11.713991741480955,8.17963476266238,3.8315099342648167,2.0977176216082047,4.199178174071437,5.337977408101236,5.887778935730986,7.224737947137378,9.408414310272546,11.403420509170527,12.5435983034331,12.882152553724723,1,Mammalian
39.97,39.17358073055551,36.83811222243132,33.12078655728457,28.27001959977017,22.606292886875384,16.49767860128107,10.332521716819826,4.496281830143449,0.8781488318960946,5.011587447095739,8.135000664539188,10.034866772250078,10.703054549510085,10.229274406933973,8.786961441606694,6.615111488100561,3.995700767222593,1.2302974902559565,1.407514530446442,3.635044823573742,5.26504233033132,6.163369631185273,6.27637902182243,5.63102563516824,4.3291237432233,2.535363182851135,0.470111084281431,1.6823465226913523,3.6311754174923276,5.193265006721985,6.201665932631158,2,Mammalian
42.739999999999995,41.74404873605887,38.83784355496018,34.25837732227252,28.374997435860305,21.65393738637122,14.614659025105036,7.786385266835519,1.7676806786442985,3.6339631980879683,7.366031646736381,9.670486985134383,10.529834694133143,10.08368586275182,8.585683500081542,6.3727013897435665,3.848792018283139,1.6699009090263257,1.961933355628246,3.494646400264533,4.553120497097902,4.933001459369793,4.664320562137516,3.8913670444913158,2.862185357091261,1.9980651043820006,1.9138252361226367,2.5069553767857524,3.143118764548726,3.563096642161496,3.7482623125035834,3.7844441319408983,2,Mammalian
48.42,46.884521208896906,42.455067710793585,35.63918770036216,27.20870838615247,18.103537794523945,9.344934272198062,2.552768426600352,5.061292678138619,8.556022930745357,9.922042187137572,9.289418708823888,7.206708779092067,4.65885387425512,3.6364737442877257,5.074968422971098,6.642439310976052,7.164570489508666,6.374391716740607,4.400431461793963,1.7098956169965656,1.9087051180338561,4.711459768890674,6.864673026694758,7.905296732332088,7.6514087140606115,6.185856044339379,3.960434760209153,2.6371563301498813,4.463046192095195,6.987719853455911,8.807779121082008,2,Mammalian
54.72,52.47015081120988,46.04626577110094,36.37227329718322,24.822756963720686,13.026631994992787,3.151024720145555,6.394604021010945,11.045785780328423,12.312612465748906,10.433812230179008,6.228615684167157,0.9948498935709952,4.66110523171914,8.92285852596181,11.31391027042825,11.497651934199435,9.642864453798198,6.452988650132149,3.7050932957721416,4.814789232851505,7.431054622334581,8.989325637957277,8.916858424993011,7.282926368918915,4.558912269391971,1.7237005365005549,2.396316657611823,4.376712813577679,5.285691928607757,4.9785166804686565,3.8823599421326773,2,Mammalian
57.49,54.850118428377655,47.3593619475867,36.224806803232276,23.213456098201736,10.387569741802059,2.617462852725702,9.087641290725914,12.763907827414535,12.570317284430956,9.183873510972164,3.8169661498809764,2.128014833648017,7.257605764319352,10.604075164116143,11.661987197369461,10.480558191241535,7.593475001630781,3.9330494332616786,1.9021637717642523,4.121684071369158,5.989171044080221,6.62554288444209,6.147030634935154,4.93725196574633,3.433265242621656,1.9599344606052798,0.8990270361549146,1.6151561102432932,3.0994627232282905,4.527708242851769,5.5554912475446585,2,Mammalian
63.17,59.55770349149443,49.458821438374784,34.91569190438471,18.82471051462877,4.835461758633474,7.91303351624495,13.425739615408647,13.824559624410199,10.024704643762922,3.944645707144679,2.6524488558314885,7.245251881646363,9.27222113154957,8.679354282405589,6.5960949173847165,5.187880106556049,5.548347655203923,5.654925966850864,4.1488801475610115,2.2187271160232553,4.82244162154853,8.46354782261608,10.65923585030783,10.606684269418382,8.416061999293706,5.401180713950508,4.9088313158794525,7.126110383410299,8.414144657374187,7.476127302441533,4.38719989878216,2,Mammalian
69.15,64.37008159344974,51.18951804998248,32.7682343668462,13.473939886458833,4.361429830916669,13.641414351451843,16.382989134744342,12.80582542708359,5.386487196239601,2.6885424353709677,8.429380673105204,10.134095070505767,7.662576129201709,2.8996116755796315,5.133186537987621,9.71434506284392,11.479806982853555,10.044592195670786,7.0657003456248475,6.8711389054222956,9.836005326361548,11.750189476164902,11.026940471708345,7.897432185910777,3.65309197414277,1.4630247551138575,3.2707427451827535,3.462154124304196,2.5042339523599346,3.353896460744038,5.356743012925664,2,Mammalian
72.37,66.85381439262031,51.78030951565142,31.126246375932162,10.308578888106474,7.407747971134912,16.03478091454224,16.688276590277884,10.928027229447393,2.2057301103278415,5.771944309433594,9.995193605388918,9.395644806570749,4.8367132650415705,2.7325419190374736,8.309744261738738,11.552458612780226,11.333127030764164,8.314715423480356,4.90611961315247,5.357501008457056,7.659536442304279,8.641454577219504,8.076778193357768,6.531892594987794,4.450522968366435,2.016020877184399,1.5165986021596558,3.9185511252026894,5.491687971564375,5.5152199479818815,4.151350560130116,2,Mammalian
77.78,70.82883158229754,52.163369348546105,27.566224193377977,5.082105691594143,12.727275688804196,18.45996286981115,14.895990166429053,5.914974691754116,3.8690784785360584,9.298935279390852,9.197889169880687,4.607460559756002,3.2430624756039723,8.01939449278835,9.77527311857971,8.327712771223561,5.923144021610419,4.952163930806035,4.075802461339117,3.3409820938542234,7.029614185675072,11.394393397592491,13.231716288330382,11.47837420525696,7.207208141869136,4.478953797074207,6.018672589206346,6.0754380564947565,2.939317238183039,2.1324699477577,6.627943239793193,2,Mammalian
83.8,75.0758055166303,52.06774589573956,22.976233935895678,4.246691979163234,17.94535065071147,19.484330670230893,11.067329148008938,1.513866917475751,9.551960144983477,10.96707591864685,5.609563991364638,2.818403766202293,9.22444423884722,10.373335429760386,6.193455006925535,3.6227061708065724,8.863413050858105,10.960149755638334,9.307100075308416,8.806933595793755,12.131324778037781,14.03588081457781,11.925532922687081,6.726976063297125,1.1968715657967868,1.928528703599952,1.4820054800749627,1.7742965039831091,5.163826665829841,6.483347720001435,4.804870630598204,2,Mammalian
199.9,118.5044843255211,10.499259501031178,31.360620609239046,14.38934533093975,12.221974469199377,18.895469883321923,11.621580367819,11.69124067055064,9.403626689267776,9.02445575785509,15.35788807801307,25.250981738981817,11.547784658656653,4.982339999326069,10.164062184706289,12.348481688045709,9.092018902802621,0.7509746809601242,4.941378681536574,9.898632993713404,13.702328968151244,7.422216006587818,10.258845659663098,4.574285909654388,7.993065945561771,14.729353829775054,9.160942179857551,12.413787778931038,18.8835477405357,13.258081933730518,17.42009079493306,2,Mammalian
159.44,132.8017667964571,68.47171161372192,2.4632913435901034,32.96421112349273,29.122306795526576,2.65281684070424,20.234386550451656,23.592969153847577,11.122221919098445,7.721967017305351,10.128196397796183,2.142506386648638,7.471274302359138,9.403923777548318,2.4809857042007604,7.677200010420465,16.623125433348378,23.833329654296,26.273145312570097,19.434459982260172,5.112390876493095,7.9431213531784195,11.252557471587783,4.112348052584693,5.8273220395854635,9.613016658928897,6.467829307300318,9.019058519983982,11.064892246128759,4.830594781202049,5.031955329794987,0,E_coli
159.44,132.8017667964571,68.47171161372192,2.4632913435901034,32.96421112349273,29.122306795526576,2.65281684070424,20.234386550451656,23.592969153847577,11.122221919098445,7.721967017305351,10.128196397796183,2.142506386648638,7.471274302359138,9.403923777548318,2.4809857042007604,7.677200010420465,16.623125433348378,23.833329654296,26.273145312570097,19.434459982260172,5.112390876493095,7.9431213531784195,11.252557471587783,4.112348052584693,5.8273220395854635,9.613016658928897,6.467829307300318,9.019058519983982,11.064892246128759,4.830594781202049,5.031955329794987,0,Mammalian
159.44,132.8017667964571,68.47171161372192,2.4632913435901034,32.96421112349273,29.122306795526576,2.65281684070424,20.234386550451656,23.592969153847577,11.122221919098445,7.721967017305351,10.128196397796183,2.142506386648638,7.471274302359138,9.403923777548318,2.4809857042007604,7.677200010420465,16.623125433348378,23.833329654296,26.273145312570097,19.434459982260172,5.112390876493095,7.9431213531784195,11.252557471587783,4.112348052584693,5.8273220395854635,9.613016658928897,6.467829307300318,9.019058519983982,11.064892246128759,4.830594781202049,5.031955329794987,1,Yeast
18.37,18.301970255447877,18.09862161007523,17.76217505076038,17.29633057606574,16.70626825807014,15.998657648186718,15.181685764138257,14.265121107556247,13.260443824188576,12.18109531219657,11.042944579774684,9.865154374594546,8.671798722479842,7.494903257612142,6.380079789829806,5.396044847849209,4.645335025356828,4.255021753800321,4.307698160408323,4.758937624125494,5.4737589407686285,6.322147759680743,7.214495137502031,8.094104013833359,8.92437711302366,9.680429647286482,10.344483503577093,10.90342104380796,11.347474650412627,11.669512022747089,11.864641972950539,0,Mammalian
18.37,18.301970255447877,18.09862161007523,17.76217505076038,17.29633057606574,16.70626825807014,15.998657648186718,15.181685764138257,14.265121107556247,13.260443824188576,12.18109531219657,11.042944579774684,9.865154374594546,8.671798722479842,7.494903257612142,6.380079789829806,5.396044847849209,4.645335025356828,4.255021753800321,4.307698160408323,4.758937624125494,5.4737589407686285,6.322147759680743,7.214495137502031,8.094104013833359,8.92437711302366,9.680429647286482,10.344483503577093,10.90342104380796,11.347474650412627,11.669512022747089,11.864641972950539,1,Yeast
18.37,18.301970255447877,18.09862161007523,17.76217505076038,17.29633057606574,16.70626825807014,15.998657648186718,15.181685764138257,14.265121107556247,13.260443824188576,12.18109531219657,11.042944579774684,9.865154374594546,8.671798722479842,7.494903257612142,6.380079789829806,5.396044847849209,4.645335025356828,4.255021753800321,4.307698160408323,4.758937624125494,5.4737589407686285,6.322147759680743,7.214495137502031,8.094104013833359,8.92437711302366,9.680429647286482,10.344483503577093,10.90342104380796,11.347474650412627,11.669512022747089,11.864641972950539,0,E_coli
128.99,115.21431595537653,79.30275943652414,35.293765867643764,10.537762651700397,25.831019594256006,25.86775493457285,13.508381933952753,5.453802232712288,11.77085806585909,9.889717033456952,3.462963447706019,10.012717789704295,14.355212934957136,12.555577038511471,9.055857128998548,9.650932597422909,9.810277823367565,6.688612645148476,5.016940669686136,6.103051174313149,3.8658675942445377,5.820516308235536,13.579470790720213,18.075625610375496,16.899434925302764,13.053611853001827,13.874632018010963,17.270732674784888,16.888003161986557,12.18248952413729,6.123827460878018,0,E_coli
128.99,115.21431595537653,79.30275943652414,35.293765867643764,10.537762651700397,25.831019594256006,25.86775493457285,13.508381933952753,5.453802232712288,11.77085806585909,9.889717033456952,3.462963447706019,10.012717789704295,14.355212934957136,12.555577038511471,9.055857128998548,9.650932597422909,9.810277823367565,6.688612645148476,5.016940669686136,6.103051174313149,3.8658675942445377,5.820516308235536,13.579470790720213,18.075625610375496,16.899434925302764,13.053611853001827,13.874632018010963,17.270732674784888,16.888003161986557,12.18248952413729,6.123827460878018,1,Yeast
128.99,115.21431595537653,79.30275943652414,35.293765867643764,10.537762651700397,25.831019594256006,25.86775493457285,13.508381933952753,5.453802232712288,11.77085806585909,9.889717033456952,3.462963447706019,10.012717789704295,14.355212934957136,12.555577038511471,9.055857128998548,9.650932597422909,9.810277823367565,6.688612645148476,5.016940669686136,6.103051174313149,3.8658675942445377,5.820516308235536,13.579470790720213,18.075625610375496,16.899434925302764,13.053611853001827,13.874632018010963,17.270732674784888,16.888003161986557,12.18248952413729,6.123827460878018,0,Mammalian
87.63,79.33581118551575,57.195502047829265,28.414966228987566,3.298430935191473,15.758604852265952,20.02355511508892,13.447996262543356,4.929686312296983,12.870388372442108,18.126668900735805,15.864755830140588,8.516391439911347,6.4414906059552335,11.52362067908734,12.373323235741406,8.980606883724507,8.029888596752924,11.909374801816059,13.207770817080174,9.491907120111053,2.716932875263052,6.625445068984323,11.62490230062794,12.220998030535467,9.465286423828127,7.7146176893658645,9.011993521121095,8.82416735058678,5.143605938264877,1.1534168509372984,6.247052817580204,1,Yeast
87.63,79.33581118551575,57.195502047829265,28.414966228987566,3.298430935191473,15.758604852265952,20.02355511508892,13.447996262543356,4.929686312296983,12.870388372442108,18.126668900735805,15.864755830140588,8.516391439911347,6.4414906059552335,11.52362067908734,12.373323235741406,8.980606883724507,8.029888596752924,11.909374801816059,13.207770817080174,9.491907120111053,2.716932875263052,6.625445068984323,11.62490230062794,12.220998030535467,9.465286423828127,7.7146176893658645,9.011993521121095,8.82416735058678,5.143605938264877,1.1534168509372984,6.247052817580204,0,E_coli
87.63,79.33581118551575,57.195502047829265,28.414966228987566,3.298430935191473,15.758604852265952,20.02355511508892,13.447996262543356,4.929686312296983,12.870388372442108,18.126668900735805,15.864755830140588,8.516391439911347,6.4414906059552335,11.52362067908734,12.373323235741406,8.980606883724507,8.029888596752924,11.909374801816059,13.207770817080174,9.491907120111053,2.716932875263052,6.625445068984323,11.62490230062794,12.220998030535467,9.465286423828127,7.7146176893658645,9.011993521121095,8.82416735058678,5.143605938264877,1.1534168509372984,6.247052817580204,0,Mammalian
85.61,79.63582003199623,63.168015738916544,40.160068657175266,15.958734490919134,4.252175755606941,16.53163295321756,19.634073097891893,14.738994976987435,5.103230290964377,5.445169417959766,12.756789346490491,14.881494907776688,11.636468769973417,5.2337385399416965,5.679717452667475,11.396337130850416,13.723670673733233,11.639563451988689,6.080152968583681,1.200065102474036,7.027277281441106,10.284381900761732,10.259542137994563,8.10216187621175,6.813004461769692,7.987717005822406,8.805203297323029,7.495875299655699,4.856359629117965,4.838330188674206,7.46946498069815,1,Yeast
85.61,79.63582003199623,63.168015738916544,40.160068657175266,15.958734490919134,4.252175755606941,16.53163295321756,19.634073097891893,14.738994976987435,5.103230290964377,5.445169417959766,12.756789346490491,14.881494907776688,11.636468769973417,5.2337385399416965,5.679717452667475,11.396337130850416,13.723670673733233,11.639563451988689,6.080152968583681,1.200065102474036,7.027277281441106,10.284381900761732,10.259542137994563,8.10216187621175,6.813004461769692,7.987717005822406,8.805203297323029,7.495875299655699,4.856359629117965,4.838330188674206,7.46946498069815,0,Mammalian
85.61,79.63582003199623,63.168015738916544,40.160068657175266,15.958734490919134,4.252175755606941,16.53163295321756,19.634073097891893,14.738994976987435,5.103230290964377,5.445169417959766,12.756789346490491,14.881494907776688,11.636468769973417,5.2337385399416965,5.679717452667475,11.396337130850416,13.723670673733233,11.639563451988689,6.080152968583681,1.200065102474036,7.027277281441106,10.284381900761732,10.259542137994563,8.10216187621175,6.813004461769692,7.987717005822406,8.805203297323029,7.495875299655699,4.856359629117965,4.838330188674206,7.46946498069815,0,E_coli
91.6,85.32127542840855,68.04291447692846,44.124350369511916,20.585252213822063,14.058041038711874,23.543218749688716,27.044073850495916,22.744518547961185,13.867343273159115,7.712249843574275,11.241397181255431,14.011582617915339,12.12423003590786,6.495946452631264,0.5835376368435226,5.942726646918909,8.080225506165418,6.393419812812639,2.6154475920722002,5.215973649979884,9.478539711810393,10.987187003576027,9.083379803478882,4.805046932283776,3.5594902003843507,7.465093673846697,9.537920759981368,8.534715151508118,5.0014008750004155,1.1471720493547402,3.746317872081301,0,Mammalian
91.6,85.32127542840855,68.04291447692846,44.124350369511916,20.585252213822063,14.058041038711874,23.543218749688716,27.044073850495916,22.744518547961185,13.867343273159115,7.712249843574275,11.241397181255431,14.011582617915339,12.12423003590786,6.495946452631264,0.5835376368435226,5.942726646918909,8.080225506165418,6.393419812812639,2.6154475920722002,5.215973649979884,9.478539711810393,10.987187003576027,9.083379803478882,4.805046932283776,3.5594902003843507,7.465093673846697,9.537920759981368,8.534715151508118,5.0014008750004155,1.1471720493547402,3.746317872081301,1,Yeast
91.6,85.32127542840855,68.04291447692846,44.124350369511916,20.585252213822063,14.058041038711874,23.543218749688716,27.044073850495916,22.744518547961185,13.867343273159115,7.712249843574275,11.241397181255431,14.011582617915339,12.12423003590786,6.495946452631264,0.5835376368435226,5.942726646918909,8.080225506165418,6.393419812812639,2.6154475920722002,5.215973649979884,9.478539711810393,10.987187003576027,9.083379803478882,4.805046932283776,3.5594902003843507,7.465093673846697,9.537920759981368,8.534715151508118,5.0014008750004155,1.1471720493547402,3.746317872081301,0,E_coli
91.6,85.37223105127924,68.21488237730487,44.39454631092286,20.7282143089522,13.606342340570812,23.306392575305658,27.208725179877934,23.302304316787293,14.592319705674653,7.624746099243471,10.395711947222267,13.438401088652261,12.079723227666763,7.016925832554539,0.9577129953603362,4.983251950283069,7.300445501301067,6.169224516681881,3.4229427249086726,5.315445150420753,8.915920932342075,10.201419800369061,8.43445539259303,4.725019949993477,4.1412560309783135,7.546874773892064,9.305210665228657,8.196520639608462,4.733609453483907,1.2326679298575325,3.807264884038112,0,Mammalian
91.6,85.37223105127924,68.21488237730487,44.39454631092286,20.7282143089522,13.606342340570812,23.306392575305658,27.208725179877934,23.302304316787293,14.592319705674653,7.624746099243471,10.395711947222267,13.438401088652261,12.079723227666763,7.016925832554539,0.9577129953603362,4.983251950283069,7.300445501301067,6.169224516681881,3.4229427249086726,5.315445150420753,8.915920932342075,10.201419800369061,8.43445539259303,4.725019949993477,4.1412560309783135,7.546874773892064,9.305210665228657,8.196520639608462,4.733609453483907,1.2326679298575325,3.807264884038112,0,E_coli
91.6,85.37223105127924,68.21488237730487,44.39454631092286,20.7282143089522,13.606342340570812,23.306392575305658,27.208725179877934,23.302304316787293,14.592319705674653,7.624746099243471,10.395711947222267,13.438401088652261,12.079723227666763,7.016925832554539,0.9577129953603362,4.983251950283069,7.300445501301067,6.169224516681881,3.4229427249086726,5.315445150420753,8.915920932342075,10.201419800369061,8.43445539259303,4.725019949993477,4.1412560309783135,7.546874773892064,9.305210665228657,8.196520639608462,4.733609453483907,1.2326679298575325,3.807264884038112,1,Yeast
91.28,85.00615672225892,67.74447111494918,43.865439566725726,20.458731814645382,14.340313621226864,23.84786127834165,27.30247014217741,22.93862947801265,13.939403507409587,7.47202539887714,10.95436067016255,13.794999566396568,11.96916877179998,6.405869843648624,0.8466618137453756,5.9792976176136285,8.049461449546648,6.281972894778303,2.3307354021508564,5.197451046808687,9.570653040595197,11.143011439078315,9.296825989587127,5.083628396180131,3.6026354993529512,7.302207642149536,9.314737514617333,8.278356244784508,4.72342441642951,1.070555910885496,4.014031538011179,0,E_coli
91.28,85.00615672225892,67.74447111494918,43.865439566725726,20.458731814645382,14.340313621226864,23.84786127834165,27.30247014217741,22.93862947801265,13.939403507409587,7.47202539887714,10.95436067016255,13.794999566396568,11.96916877179998,6.405869843648624,0.8466618137453756,5.9792976176136285,8.049461449546648,6.281972894778303,2.3307354021508564,5.197451046808687,9.570653040595197,11.143011439078315,9.296825989587127,5.083628396180131,3.6026354993529512,7.302207642149536,9.314737514617333,8.278356244784508,4.72342441642951,1.070555910885496,4.014031538011179,1,Yeast
91.28,85.00615672225892,67.74447111494918,43.865439566725726,20.458731814645382,14.340313621226864,23.84786127834165,27.30247014217741,22.93862947801265,13.939403507409587,7.47202539887714,10.95436067016255,13.794999566396568,11.96916877179998,6.405869843648624,0.8466618137453756,5.9792976176136285,8.049461449546648,6.281972894778303,2.3307354021508564,5.197451046808687,9.570653040595197,11.143011439078315,9.296825989587127,5.083628396180131,3.6026354993529512,7.302207642149536,9.314737514617333,8.278356244784508,4.72342441642951,1.070555910885496,4.014031538011179,0,Mammalian
91.30000000000001,85.05040081331889,67.84204277359602,43.99027498074839,20.47473030441957,14.11066139798484,23.81760967214873,27.50564351166534,23.30789255157192,14.266965314047946,7.196201491106879,10.551300204765823,13.755805807164624,12.308942655908062,7.004622673749401,0.5579624265776534,5.480036496228831,7.956167852504592,6.7056890114814225,3.0837890939229364,4.521578497647883,8.761413924349391,10.657999231604098,9.404938905645878,5.870651139727039,3.7986962719119304,6.465392421101365,8.41183304221453,7.777104438444124,4.934225691745204,1.9689934510078555,3.3425421993086166,0,E_coli
91.30000000000001,85.05040081331889,67.84204277359602,43.99027498074839,20.47473030441957,14.11066139798484,23.81760967214873,27.50564351166534,23.30789255157192,14.266965314047946,7.196201491106879,10.551300204765823,13.755805807164624,12.308942655908062,7.004622673749401,0.5579624265776534,5.480036496228831,7.956167852504592,6.7056890114814225,3.0837890939229364,4.521578497647883,8.761413924349391,10.657999231604098,9.404938905645878,5.870651139727039,3.7986962719119304,6.465392421101365,8.41183304221453,7.777104438444124,4.934225691745204,1.9689934510078555,3.3425421993086166,1,Yeast
91.30000000000001,85.05040081331889,67.84204277359602,43.99027498074839,20.47473030441957,14.11066139798484,23.81760967214873,27.50564351166534,23.30789255157192,14.266965314047946,7.196201491106879,10.551300204765823,13.755805807164624,12.308942655908062,7.004622673749401,0.5579624265776534,5.480036496228831,7.956167852504592,6.7056890114814225,3.0837890939229364,4.521578497647883,8.761413924349391,10.657999231604098,9.404938905645878,5.870651139727039,3.7986962719119304,6.465392421101365,8.41183304221453,7.777104438444124,4.934225691745204,1.9689934510078555,3.3425421993086166,0,Mammalian
90.48,84.33349419834391,67.41878187150466,44.01505657916815,21.067631449192472,14.422374120389813,23.39849530940986,26.880972801367392,22.7573852104157,14.045121817714987,7.601942834717395,10.794701431646507,13.68682507774402,12.080976859518096,6.766788927047106,0.6672832375268858,5.482335268843011,7.796403544887945,6.477104144979619,3.0854508854971985,4.814116007285017,8.798837336255792,10.402233829121336,8.900469800599065,5.349898913507875,4.15167645684065,7.137844630765881,8.85527003951743,7.816009946298428,4.4758935242539515,1.3422102141246404,3.958764666369651,1,Yeast
90.48,84.33349419834391,67.41878187150466,44.01505657916815,21.067631449192472,14.422374120389813,23.39849530940986,26.880972801367392,22.7573852104157,14.045121817714987,7.601942834717395,10.794701431646507,13.68682507774402,12.080976859518096,6.766788927047106,0.6672832375268858,5.482335268843011,7.796403544887945,6.477104144979619,3.0854508854971985,4.814116007285017,8.798837336255792,10.402233829121336,8.900469800599065,5.349898913507875,4.15167645684065,7.137844630765881,8.85527003951743,7.816009946298428,4.4758935242539515,1.3422102141246404,3.958764666369651,0,Mammalian
90.48,84.33349419834391,67.41878187150466,44.01505657916815,21.067631449192472,14.422374120389813,23.39849530940986,26.880972801367392,22.7573852104157,14.045121817714987,7.601942834717395,10.794701431646507,13.68682507774402,12.080976859518096,6.766788927047106,0.6672832375268858,5.482335268843011,7.796403544887945,6.477104144979619,3.0854508854971985,4.814116007285017,8.798837336255792,10.402233829121336,8.900469800599065,5.349898913507875,4.15167645684065,7.137844630765881,8.85527003951743,7.816009946298428,4.4758935242539515,1.3422102141246404,3.958764666369651,0,E_coli
91.6,85.34556768718504,68.12079711960708,44.230674210075385,20.58971969516325,13.839542024807827,23.533349613578977,27.26898490751495,23.13419305052762,14.20675998568337,7.4280411271706726,10.818666275018682,13.944516079786696,12.433739500370676,7.066867758103559,0.3057765488003659,5.48933511456533,8.033184051001026,6.861262516621933,3.371624325936469,4.55122009468944,8.642899056425955,10.466596274287477,9.154924952233598,5.572029423910087,3.694773117192215,6.632977607661497,8.660713718918261,8.063814843166462,5.233575397496866,2.1042547427209817,3.0789371034013207,1,Yeast
91.6,85.34556768718504,68.12079711960708,44.230674210075385,20.58971969516325,13.839542024807827,23.533349613578977,27.26898490751495,23.13419305052762,14.20675998568337,7.4280411271706726,10.818666275018682,13.944516079786696,12.433739500370676,7.066867758103559,0.3057765488003659,5.48933511456533,8.033184051001026,6.861262516621933,3.371624325936469,4.55122009468944,8.642899056425955,10.466596274287477,9.154924952233598,5.572029423910087,3.694773117192215,6.632977607661497,8.660713718918261,8.063814843166462,5.233575397496866,2.1042547427209817,3.0789371034013207,0,Mammalian
91.6,85.34556768718504,68.12079711960708,44.230674210075385,20.58971969516325,13.839542024807827,23.533349613578977,27.26898490751495,23.13419305052762,14.20675998568337,7.4280411271706726,10.818666275018682,13.944516079786696,12.433739500370676,7.066867758103559,0.3057765488003659,5.48933511456533,8.033184051001026,6.861262516621933,3.371624325936469,4.55122009468944,8.642899056425955,10.466596274287477,9.154924952233598,5.572029423910087,3.694773117192215,6.632977607661497,8.660713718918261,8.063814843166462,5.233575397496866,2.1042547427209817,3.0789371034013207,0,E_coli
90.78,84.62841139008937,67.69640215439195,44.25222035862237,21.17619669496136,14.157512817628032,23.112080241724716,26.643264029792608,22.586093387717717,13.995206254092896,7.84000135216897,11.066194353614785,13.88136450446267,12.20994052699313,6.828657725205805,0.37227820442813586,5.481788029466295,7.869338869870524,6.6354192892459185,3.379783975658281,4.855966399543859,8.693580570174955,10.220017898083224,8.654060257188778,5.0501866778658915,4.086242643492907,7.29949145990315,9.092467762313575,8.09296011092682,4.775238623293377,1.4010582309291422,3.676086014043794,0,E_coli
90.78,84.62841139008937,67.69640215439195,44.25222035862237,21.17619669496136,14.157512817628032,23.112080241724716,26.643264029792608,22.586093387717717,13.995206254092896,7.84000135216897,11.066194353614785,13.88136450446267,12.20994052699313,6.828657725205805,0.37227820442813586,5.481788029466295,7.869338869870524,6.6354192892459185,3.379783975658281,4.855966399543859,8.693580570174955,10.220017898083224,8.654060257188778,5.0501866778658915,4.086242643492907,7.29949145990315,9.092467762313575,8.09296011092682,4.775238623293377,1.4010582309291422,3.676086014043794,1,Yeast
90.78,84.62841139008937,67.69640215439195,44.25222035862237,21.17619669496136,14.157512817628032,23.112080241724716,26.643264029792608,22.586093387717717,13.995206254092896,7.84000135216897,11.066194353614785,13.88136450446267,12.20994052699313,6.828657725205805,0.37227820442813586,5.481788029466295,7.869338869870524,6.6354192892459185,3.379783975658281,4.855966399543859,8.693580570174955,10.220017898083224,8.654060257188778,5.0501866778658915,4.086242643492907,7.29949145990315,9.092467762313575,8.09296011092682,4.775238623293377,1.4010582309291422,3.676086014043794,0,Mammalian
91.56,85.28134385117822,68.00324440954257,44.08556465893136,20.552670330873372,14.072542631966241,23.5754857078246,27.07911919579656,22.780566883992293,13.903405324973075,7.73001479113704,11.228417465575655,13.991549718235508,12.102396945261564,6.473338999912269,0.5860830296596914,5.962147264199368,8.100003098489818,6.4142764584217975,2.6389699360662644,5.212300667331421,9.470226863131513,10.977880487879846,9.073265432239305,4.792261725318627,3.551809484025901,7.464864026131684,9.53907753609046,8.536240419875591,5.003259418604229,1.151077546180134,3.74662153403427,0,Mammalian
91.56,85.28134385117822,68.00324440954257,44.08556465893136,20.552670330873372,14.072542631966241,23.5754857078246,27.07911919579656,22.780566883992293,13.903405324973075,7.73001479113704,11.228417465575655,13.991549718235508,12.102396945261564,6.473338999912269,0.5860830296596914,5.962147264199368,8.100003098489818,6.4142764584217975,2.6389699360662644,5.212300667331421,9.470226863131513,10.977880487879846,9.073265432239305,4.792261725318627,3.551809484025901,7.464864026131684,9.53907753609046,8.536240419875591,5.003259418604229,1.151077546180134,3.74662153403427,1,Yeast
91.56,85.28134385117822,68.00324440954257,44.08556465893136,20.552670330873372,14.072542631966241,23.5754857078246,27.07911919579656,22.780566883992293,13.903405324973075,7.73001479113704,11.228417465575655,13.991549718235508,12.102396945261564,6.473338999912269,0.5860830296596914,5.962147264199368,8.100003098489818,6.4142764584217975,2.6389699360662644,5.212300667331421,9.470226863131513,10.977880487879846,9.073265432239305,4.792261725318627,3.551809484025901,7.464864026131684,9.53907753609046,8.536240419875591,5.003259418604229,1.151077546180134,3.74662153403427,0,E_coli
91.56,85.30875618163434,68.09287345185605,44.215585291221146,20.58961205790991,13.843458939823197,23.52860081199219,27.264906425394578,23.13908351294107,14.229291217718211,7.465446384361565,10.819791599041734,13.927181899974974,12.410809829554799,7.046638574147726,0.29678245789476565,5.48933511456533,8.022384503909398,6.8451769298308145,3.3724337065906598,4.586934780350867,8.668282838199113,10.478287764733363,9.151729439858437,5.554134872429623,3.678888544419937,6.633158130001334,8.658844154718569,8.051975468826743,5.20887450802523,2.082252513059266,3.110199517632526,1,Yeast
91.56,85.30875618163434,68.09287345185605,44.215585291221146,20.58961205790991,13.843458939823197,23.52860081199219,27.264906425394578,23.13908351294107,14.229291217718211,7.465446384361565,10.819791599041734,13.927181899974974,12.410809829554799,7.046638574147726,0.29678245789476565,5.48933511456533,8.022384503909398,6.8451769298308145,3.3724337065906598,4.586934780350867,8.668282838199113,10.478287764733363,9.151729439858437,5.554134872429623,3.678888544419937,6.633158130001334,8.658844154718569,8.051975468826743,5.20887450802523,2.082252513059266,3.110199517632526,0,E_coli
91.56,85.30875618163434,68.09287345185605,44.215585291221146,20.58961205790991,13.843458939823197,23.52860081199219,27.264906425394578,23.13908351294107,14.229291217718211,7.465446384361565,10.819791599041734,13.927181899974974,12.410809829554799,7.046638574147726,0.29678245789476565,5.48933511456533,8.022384503909398,6.8451769298308145,3.3724337065906598,4.586934780350867,8.668282838199113,10.478287764733363,9.151729439858437,5.554134872429623,3.678888544419937,6.633158130001334,8.658844154718569,8.051975468826743,5.20887450802523,2.082252513059266,3.110199517632526,0,Mammalian
91.58000000000001,85.35009108702512,68.18656063122415,44.35670931064274,20.681342820400666,13.610326311053461,23.349236773075837,27.262465480710688,23.35813334016569,14.64090046487394,7.63358256098903,10.365440984641594,13.411436680846139,12.061750320056499,7.006885268759744,0.9451930111517054,4.982569618178954,7.304508212252262,6.184912830755001,3.460650887403528,5.326676212566125,8.904993502533863,10.178042998308312,8.40404342291052,4.696382316532623,4.1495466841550055,7.5642435388145435,9.316599778362068,8.19826480587195,4.724556561011213,1.2218760985830677,3.823942548362516,1,Yeast
91.58000000000001,85.35009108702512,68.18656063122415,44.35670931064274,20.681342820400666,13.610326311053461,23.349236773075837,27.262465480710688,23.35813334016569,14.64090046487394,7.63358256098903,10.365440984641594,13.411436680846139,12.061750320056499,7.006885268759744,0.9451930111517054,4.982569618178954,7.304508212252262,6.184912830755001,3.460650887403528,5.326676212566125,8.904993502533863,10.178042998308312,8.40404342291052,4.696382316532623,4.1495466841550055,7.5642435388145435,9.316599778362068,8.19826480587195,4.724556561011213,1.2218760985830677,3.823942548362516,0,Mammalian
91.58000000000001,85.35009108702512,68.18656063122415,44.35670931064274,20.681342820400666,13.610326311053461,23.349236773075837,27.262465480710688,23.35813334016569,14.64090046487394,7.63358256098903,10.365440984641594,13.411436680846139,12.061750320056499,7.006885268759744,0.9451930111517054,4.982569618178954,7.304508212252262,6.184912830755001,3.460650887403528,5.326676212566125,8.904993502533863,10.178042998308312,8.40404342291052,4.696382316532623,4.1495466841550055,7.5642435388145435,9.316599778362068,8.19826480587195,4.724556561011213,1.2218760985830677,3.823942548362516,0,E_coli
90.75999999999999,84.60841291169874,67.67640238828416,44.23226655972691,21.157843816998273,14.159428751376264,23.1249193421244,26.658370487512254,22.60257750887989,14.013975081331237,7.857207037368553,11.069307088720644,13.879948518076725,12.207293190424961,6.825432092442215,0.35230360554012924,5.482335268843011,7.870718381803769,6.639078799202127,3.3941020282971985,4.872318044169653,8.705529198300004,10.23026249706519,8.662243182028057,5.051127592436873,4.067680140605298,7.279866692077933,9.073568821434305,8.074527294368776,4.75794339696492,1.4029762675728628,3.6958365524525236,0,Mammalian
90.75999999999999,84.60841291169874,67.67640238828416,44.23226655972691,21.157843816998273,14.159428751376264,23.1249193421244,26.658370487512254,22.60257750887989,14.013975081331237,7.857207037368553,11.069307088720644,13.879948518076725,12.207293190424961,6.825432092442215,0.35230360554012924,5.482335268843011,7.870718381803769,6.639078799202127,3.3941020282971985,4.872318044169653,8.705529198300004,10.23026249706519,8.662243182028057,5.051127592436873,4.067680140605298,7.279866692077933,9.073568821434305,8.074527294368776,4.75794339696492,1.4029762675728628,3.6958365524525236,1,Yeast
90.75999999999999,84.60841291169874,67.67640238828416,44.23226655972691,21.157843816998273,14.159428751376264,23.1249193421244,26.658370487512254,22.60257750887989,14.013975081331237,7.857207037368553,11.069307088720644,13.879948518076725,12.207293190424961,6.825432092442215,0.35230360554012924,5.482335268843011,7.870718381803769,6.639078799202127,3.3941020282971985,4.872318044169653,8.705529198300004,10.23026249706519,8.662243182028057,5.051127592436873,4.067680140605298,7.279866692077933,9.073568821434305,8.074527294368776,4.75794339696492,1.4029762675728628,3.6958365524525236,0,E_coli
90.76000000000002,84.6085334164343,67.67680566335446,44.232731667591686,21.156199193344808,14.149817003490885,23.114237936832673,26.64662889603325,22.589744501749678,14.00178060433498,7.858048577388993,11.085081262346339,13.899250306809074,12.22813853045499,6.847380802781805,0.37183272684910984,5.461794576876726,7.849348141635835,6.61542120456946,3.362258813314663,4.860410781309643,8.702128120610151,10.2286395336237,8.66301336963353,5.063698583611627,4.105313884093181,7.313683927535412,9.106067211466055,8.107039141210139,4.788911304113006,1.3955613517731305,3.6561226367079076,0,Mammalian
90.76000000000002,84.6085334164343,67.67680566335446,44.232731667591686,21.156199193344808,14.149817003490885,23.114237936832673,26.64662889603325,22.589744501749678,14.00178060433498,7.858048577388993,11.085081262346339,13.899250306809074,12.22813853045499,6.847380802781805,0.37183272684910984,5.461794576876726,7.849348141635835,6.61542120456946,3.362258813314663,4.860410781309643,8.702128120610151,10.2286395336237,8.66301336963353,5.063698583611627,4.105313884093181,7.313683927535412,9.106067211466055,8.107039141210139,4.788911304113006,1.3955613517731305,3.6561226367079076,0,E_coli
90.76000000000002,84.6085334164343,67.67680566335446,44.232731667591686,21.156199193344808,14.149817003490885,23.114237936832673,26.64662889603325,22.589744501749678,14.00178060433498,7.858048577388993,11.085081262346339,13.899250306809074,12.22813853045499,6.847380802781805,0.37183272684910984,5.461794576876726,7.849348141635835,6.61542120456946,3.362258813314663,4.860410781309643,8.702128120610151,10.2286395336237,8.66301336963353,5.063698583611627,4.105313884093181,7.313683927535412,9.106067211466055,8.107039141210139,4.788911304113006,1.3955613517731305,3.6561226367079076,1,Yeast
91.92,85.53673449532138,67.96783120473853,43.63970754392833,19.75320275411476,14.347888758072152,24.550747588104198,28.08102705906467,23.45420400829096,13.855484503733098,6.61119427183987,10.922824418163362,14.396713446097749,12.893722362980887,7.380282832223626,0.36298944903466857,5.451898751811154,8.000689555261143,6.744984638230639,3.199711576498312,4.721009389732487,8.805131992546826,10.445113429447083,8.87746369936949,5.200414823595164,4.183104893136505,7.404840613937489,9.13494910571476,7.951357949925227,4.33751055990333,1.047364771196271,4.330963494872697,0,E_coli
91.92,85.53673449532138,67.96783120473853,43.63970754392833,19.75320275411476,14.347888758072152,24.550747588104198,28.08102705906467,23.45420400829096,13.855484503733098,6.61119427183987,10.922824418163362,14.396713446097749,12.893722362980887,7.380282832223626,0.36298944903466857,5.451898751811154,8.000689555261143,6.744984638230639,3.199711576498312,4.721009389732487,8.805131992546826,10.445113429447083,8.87746369936949,5.200414823595164,4.183104893136505,7.404840613937489,9.13494910571476,7.951357949925227,4.33751055990333,1.047364771196271,4.330963494872697,1,Yeast
91.92,85.53673449532138,67.96783120473853,43.63970754392833,19.75320275411476,14.347888758072152,24.550747588104198,28.08102705906467,23.45420400829096,13.855484503733098,6.61119427183987,10.922824418163362,14.396713446097749,12.893722362980887,7.380282832223626,0.36298944903466857,5.451898751811154,8.000689555261143,6.744984638230639,3.199711576498312,4.721009389732487,8.805131992546826,10.445113429447083,8.87746369936949,5.200414823595164,4.183104893136505,7.404840613937489,9.13494910571476,7.951357949925227,4.33751055990333,1.047364771196271,4.330963494872697,0,Mammalian
92.44,86.02700027285312,68.36638771511213,43.867876186145814,19.627436707929608,13.888424168602546,24.42310911627157,28.188869410881136,23.751231191554986,14.301957074499388,6.876812919286672,10.614566645286066,13.970725699017033,12.46936308835144,7.018400626927416,0.41485546228039266,5.620035587075941,8.023878313660576,6.609363584138499,2.8717020670971407,4.771555466780602,9.023911727066029,10.716503272436743,9.136828309328964,5.341667987183927,3.984987522284023,7.213522215772357,9.034070964999156,7.946144357264004,4.427421380977406,1.1227806828629667,4.195011573790692,0,E_coli
92.44,86.02700027285312,68.36638771511213,43.867876186145814,19.627436707929608,13.888424168602546,24.42310911627157,28.188869410881136,23.751231191554986,14.301957074499388,6.876812919286672,10.614566645286066,13.970725699017033,12.46936308835144,7.018400626927416,0.41485546228039266,5.620035587075941,8.023878313660576,6.609363584138499,2.8717020670971407,4.771555466780602,9.023911727066029,10.716503272436743,9.136828309328964,5.341667987183927,3.984987522284023,7.213522215772357,9.034070964999156,7.946144357264004,4.427421380977406,1.1227806828629667,4.195011573790692,0,Mammalian
92.44,86.02700027285312,68.36638771511213,43.867876186145814,19.627436707929608,13.888424168602546,24.42310911627157,28.188869410881136,23.751231191554986,14.301957074499388,6.876812919286672,10.614566645286066,13.970725699017033,12.46936308835144,7.018400626927416,0.41485546228039266,5.620035587075941,8.023878313660576,6.609363584138499,2.8717020670971407,4.771555466780602,9.023911727066029,10.716503272436743,9.136828309328964,5.341667987183927,3.984987522284023,7.213522215772357,9.034070964999156,7.946144357264004,4.427421380977406,1.1227806828629667,4.195011573790692,1,Yeast
89.66,83.44085462244874,66.37446994329332,42.96023399994595,20.798105094033655,16.248105029824814,24.710028795865473,27.06119974321833,21.579046144441126,11.525527387630422,6.588620880120676,13.141744409240182,16.73484588352123,14.90590079019513,8.901907919803747,2.414956516445921,6.278885251380215,9.505612166032309,8.94962701680084,5.580543316233761,3.542969485579975,6.313772728118967,8.077153054519217,7.374778588609699,5.805374018621086,6.763789418431236,9.089675297069821,9.664517509432695,7.43294860580732,2.9554685260449913,2.64603566256783,6.787779686629069,1,Yeast
89.66,83.44085462244874,66.37446994329332,42.96023399994595,20.798105094033655,16.248105029824814,24.710028795865473,27.06119974321833,21.579046144441126,11.525527387630422,6.588620880120676,13.141744409240182,16.73484588352123,14.90590079019513,8.901907919803747,2.414956516445921,6.278885251380215,9.505612166032309,8.94962701680084,5.580543316233761,3.542969485579975,6.313772728118967,8.077153054519217,7.374778588609699,5.805374018621086,6.763789418431236,9.089675297069821,9.664517509432695,7.43294860580732,2.9554685260449913,2.64603566256783,6.787779686629069,0,Mammalian
89.66,83.44085462244874,66.37446994329332,42.96023399994595,20.798105094033655,16.248105029824814,24.710028795865473,27.06119974321833,21.579046144441126,11.525527387630422,6.588620880120676,13.141744409240182,16.73484588352123,14.90590079019513,8.901907919803747,2.414956516445921,6.278885251380215,9.505612166032309,8.94962701680084,5.580543316233761,3.542969485579975,6.313772728118967,8.077153054519217,7.374778588609699,5.805374018621086,6.763789418431236,9.089675297069821,9.664517509432695,7.43294860580732,2.9554685260449913,2.64603566256783,6.787779686629069,0,E_coli
91.91999999999999,85.54233621388077,67.98959344236403,43.686086300628126,19.822038542968592,14.318336553037097,24.453015299600178,27.96038635979863,23.335117935069757,13.782515465871578,6.737171701475261,11.078071096565713,14.487293337508659,12.914574563646688,7.327458131814395,0.23578219055794764,5.645883456112073,8.250204640876564,7.022776535301764,3.36959028574735,4.43641767619105,8.513554634935,10.217141270475974,8.767230888401789,5.322130302462149,4.504651007474617,7.522038762814788,9.090889614094616,7.777513610172873,4.048967040306301,1.0766930556027265,4.663618394581256,1,Yeast
91.91999999999999,85.54233621388077,67.98959344236403,43.686086300628126,19.822038542968592,14.318336553037097,24.453015299600178,27.96038635979863,23.335117935069757,13.782515465871578,6.737171701475261,11.078071096565713,14.487293337508659,12.914574563646688,7.327458131814395,0.23578219055794764,5.645883456112073,8.250204640876564,7.022776535301764,3.36959028574735,4.43641767619105,8.513554634935,10.217141270475974,8.767230888401789,5.322130302462149,4.504651007474617,7.522038762814788,9.090889614094616,7.777513610172873,4.048967040306301,1.0766930556027265,4.663618394581256,0,Mammalian
91.91999999999999,85.54233621388077,67.98959344236403,43.686086300628126,19.822038542968592,14.318336553037097,24.453015299600178,27.96038635979863,23.335117935069757,13.782515465871578,6.737171701475261,11.078071096565713,14.487293337508659,12.914574563646688,7.327458131814395,0.23578219055794764,5.645883456112073,8.250204640876564,7.022776535301764,3.36959028574735,4.43641767619105,8.513554634935,10.217141270475974,8.767230888401789,5.322130302462149,4.504651007474617,7.522038762814788,9.090889614094616,7.777513610172873,4.048967040306301,1.0766930556027265,4.663618394581256,0,E_coli
92.41,85.99902766401509,68.3445985065069,43.85724120148359,19.638341888364,13.913059618575756,24.424534543272852,28.175477195702758,23.727113247762194,14.271988183946805,6.8677637274303445,10.641165355097527,14.00052077056328,12.494891328449691,7.035555235679124,0.3881793647361769,5.6202224155277,8.036194284751545,6.632806624264062,2.9002154476592126,4.751316300305408,8.994438022383802,10.687640421247385,9.115106394696625,5.339166313935904,4.014965739346675,7.230662588750464,9.03654534670442,7.935586899732509,4.4048027687280795,1.1135925096856112,4.2217194653602474,0,Mammalian
92.41,85.99902766401509,68.3445985065069,43.85724120148359,19.638341888364,13.913059618575756,24.424534543272852,28.175477195702758,23.727113247762194,14.271988183946805,6.8677637274303445,10.641165355097527,14.00052077056328,12.494891328449691,7.035555235679124,0.3881793647361769,5.6202224155277,8.036194284751545,6.632806624264062,2.9002154476592126,4.751316300305408,8.994438022383802,10.687640421247385,9.115106394696625,5.339166313935904,4.014965739346675,7.230662588750464,9.03654534670442,7.935586899732509,4.4048027687280795,1.1135925096856112,4.2217194653602474,0,E_coli
92.41,85.99902766401509,68.3445985065069,43.85724120148359,19.638341888364,13.913059618575756,24.424534543272852,28.175477195702758,23.727113247762194,14.271988183946805,6.8677637274303445,10.641165355097527,14.00052077056328,12.494891328449691,7.035555235679124,0.3881793647361769,5.6202224155277,8.036194284751545,6.632806624264062,2.9002154476592126,4.751316300305408,8.994438022383802,10.687640421247385,9.115106394696625,5.339166313935904,4.014965739346675,7.230662588750464,9.03654534670442,7.935586899732509,4.4048027687280795,1.1135925096856112,4.2217194653602474,1,Yeast
91.94,85.63093223831136,68.24691985690477,44.10179264611688,20.11460459930306,13.677390156257394,23.94945161521249,27.904828778267518,23.810832604511138,14.696602812628303,7.114215645058977,10.188543142035776,13.57359974040677,12.338847502240062,7.2183537198350605,0.8091755962324267,5.1401556396669585,7.677119969953307,6.601912241186746,3.3424882376177742,4.616931173165594,8.544813840017332,10.272219087077703,8.983641631462085,5.6621065585124395,4.267357407710478,6.900948612717552,8.555766969925884,7.595526212394855,4.4239060467252695,1.5212431554927235,3.881481517867311,1,Yeast
91.94,85.63093223831136,68.24691985690477,44.10179264611688,20.11460459930306,13.677390156257394,23.94945161521249,27.904828778267518,23.810832604511138,14.696602812628303,7.114215645058977,10.188543142035776,13.57359974040677,12.338847502240062,7.2183537198350605,0.8091755962324267,5.1401556396669585,7.677119969953307,6.601912241186746,3.3424882376177742,4.616931173165594,8.544813840017332,10.272219087077703,8.983641631462085,5.6621065585124395,4.267357407710478,6.900948612717552,8.555766969925884,7.595526212394855,4.4239060467252695,1.5212431554927235,3.881481517867311,0,E_coli
91.94,85.63093223831136,68.24691985690477,44.10179264611688,20.11460459930306,13.677390156257394,23.94945161521249,27.904828778267518,23.810832604511138,14.696602812628303,7.114215645058977,10.188543142035776,13.57359974040677,12.338847502240062,7.2183537198350605,0.8091755962324267,5.1401556396669585,7.677119969953307,6.601912241186746,3.3424882376177742,4.616931173165594,8.544813840017332,10.272219087077703,8.983641631462085,5.6621065585124395,4.267357407710478,6.900948612717552,8.555766969925884,7.595526212394855,4.4239060467252695,1.5212431554927235,3.881481517867311,0,Mammalian
92.1,85.71005766924452,68.1198088784929,43.748399604252754,19.753344263592332,14.168837258855,24.441415358795226,28.038596008681992,23.478688406701686,13.962317472240201,6.781323351789079,10.917051293124642,14.308453323410932,12.759822697680194,7.217735239538241,0.1863444489264342,5.631518445321831,8.16882514669618,6.878035322642234,3.1964476234995822,4.548495544651683,8.690087320521082,10.389768208505025,8.8934660990888,5.3231560845998045,4.32475833855866,7.4125700576657465,9.067887976878955,7.832390578620198,4.176526070017346,1.0644984927547485,4.5001308525968335,0,Mammalian
92.1,85.71005766924452,68.1198088784929,43.748399604252754,19.753344263592332,14.168837258855,24.441415358795226,28.038596008681992,23.478688406701686,13.962317472240201,6.781323351789079,10.917051293124642,14.308453323410932,12.759822697680194,7.217735239538241,0.1863444489264342,5.631518445321831,8.16882514669618,6.878035322642234,3.1964476234995822,4.548495544651683,8.690087320521082,10.389768208505025,8.8934660990888,5.3231560845998045,4.32475833855866,7.4125700576657465,9.067887976878955,7.832390578620198,4.176526070017346,1.0644984927547485,4.5001308525968335,0,E_coli
92.1,85.71005766924452,68.1198088784929,43.748399604252754,19.753344263592332,14.168837258855,24.441415358795226,28.038596008681992,23.478688406701686,13.962317472240201,6.781323351789079,10.917051293124642,14.308453323410932,12.759822697680194,7.217735239538241,0.1863444489264342,5.631518445321831,8.16882514669618,6.878035322642234,3.1964476234995822,4.548495544651683,8.690087320521082,10.389768208505025,8.8934660990888,5.3231560845998045,4.32475833855866,7.4125700576657465,9.067887976878955,7.832390578620198,4.176526070017346,1.0644984927547485,4.5001308525968335,1,Yeast
91.62,85.28222648801808,67.84466924240708,43.72180699178182,20.09383480837438,14.399170747022232,24.203042015580277,27.60326174390494,23.003499081847426,13.645509796705822,7.107355074165864,11.313056443240786,14.447738446797786,12.651912860248467,6.907363966394615,0.2945008656847767,6.110613717131859,8.579903021827853,7.09914667037367,2.9611645866302165,4.343122185682058,8.842170164700102,10.762228967159698,9.371314172289496,5.679844187250632,3.9773587828902937,6.961482483471953,8.802044192214243,7.812576153031713,4.430066362867302,1.256720059991336,4.095370690535466,0,Mammalian
91.62,85.28222648801808,67.84466924240708,43.72180699178182,20.09383480837438,14.399170747022232,24.203042015580277,27.60326174390494,23.003499081847426,13.645509796705822,7.107355074165864,11.313056443240786,14.447738446797786,12.651912860248467,6.907363966394615,0.2945008656847767,6.110613717131859,8.579903021827853,7.09914667037367,2.9611645866302165,4.343122185682058,8.842170164700102,10.762228967159698,9.371314172289496,5.679844187250632,3.9773587828902937,6.961482483471953,8.802044192214243,7.812576153031713,4.430066362867302,1.256720059991336,4.095370690535466,0,E_coli
91.62,85.28222648801808,67.84466924240708,43.72180699178182,20.09383480837438,14.399170747022232,24.203042015580277,27.60326174390494,23.003499081847426,13.645509796705822,7.107355074165864,11.313056443240786,14.447738446797786,12.651912860248467,6.907363966394615,0.2945008656847767,6.110613717131859,8.579903021827853,7.09914667037367,2.9611645866302165,4.343122185682058,8.842170164700102,10.762228967159698,9.371314172289496,5.679844187250632,3.9773587828902937,6.961482483471953,8.802044192214243,7.812576153031713,4.430066362867302,1.256720059991336,4.095370690535466,1,Yeast
92.12,85.72789595742182,68.13132230493316,43.74962156584326,19.73928300221167,14.159511840537975,24.4515016373576,28.056766559475314,23.49849220558821,13.975719707583645,6.768136633913494,10.900697564318815,14.30296992247684,12.76469085485842,7.231069747789618,0.20629424588571588,5.611559498036176,8.151860398779187,6.869395788690767,3.2074356289675445,4.557949021001394,8.68426850626925,10.374440774727672,8.873560803672357,5.308715858275948,4.339781985141852,7.431443985770258,9.07934658778959,7.833853373485654,4.166827142037825,1.0604554980004184,4.517315672173076,0,E_coli
92.12,85.72789595742182,68.13132230493316,43.74962156584326,19.73928300221167,14.159511840537975,24.4515016373576,28.056766559475314,23.49849220558821,13.975719707583645,6.768136633913494,10.900697564318815,14.30296992247684,12.76469085485842,7.231069747789618,0.20629424588571588,5.611559498036176,8.151860398779187,6.869395788690767,3.2074356289675445,4.557949021001394,8.68426850626925,10.374440774727672,8.873560803672357,5.308715858275948,4.339781985141852,7.431443985770258,9.07934658778959,7.833853373485654,4.166827142037825,1.0604554980004184,4.517315672173076,0,Mammalian
92.12,85.72789595742182,68.13132230493316,43.74962156584326,19.73928300221167,14.159511840537975,24.4515016373576,28.056766559475314,23.49849220558821,13.975719707583645,6.768136633913494,10.900697564318815,14.30296992247684,12.76469085485842,7.231069747789618,0.20629424588571588,5.611559498036176,8.151860398779187,6.869395788690767,3.2074356289675445,4.557949021001394,8.68426850626925,10.374440774727672,8.873560803672357,5.308715858275948,4.339781985141852,7.431443985770258,9.07934658778959,7.833853373485654,4.166827142037825,1.0604554980004184,4.517315672173076,1,Yeast
92.12,85.72692369272447,68.12791090323734,43.74377398929523,19.73490934783908,14.168954946974138,24.45939519259403,28.057944553493677,23.49072024153681,13.959347759502613,6.761497840101603,10.919503576020164,14.32412151177477,12.779798330757592,7.234973937033093,0.18788338157054188,5.632832324861091,8.181034380424999,6.8974072005815295,3.209326295406533,4.528591316348361,8.675982043441117,10.3876323241876,8.904608462825246,5.343150992986505,4.321595286348697,7.393200618629178,9.050067947096027,7.823449152258821,4.180816672425795,1.072611337519731,4.484060874776078,0,E_coli
92.12,85.72692369272447,68.12791090323734,43.74377398929523,19.73490934783908,14.168954946974138,24.45939519259403,28.057944553493677,23.49072024153681,13.959347759502613,6.761497840101603,10.919503576020164,14.32412151177477,12.779798330757592,7.234973937033093,0.18788338157054188,5.632832324861091,8.181034380424999,6.8974072005815295,3.209326295406533,4.528591316348361,8.675982043441117,10.3876323241876,8.904608462825246,5.343150992986505,4.321595286348697,7.393200618629178,9.050067947096027,7.823449152258821,4.180816672425795,1.072611337519731,4.484060874776078,0,Mammalian
92.12,85.72692369272447,68.12791090323734,43.74377398929523,19.73490934783908,14.168954946974138,24.45939519259403,28.057944553493677,23.49072024153681,13.959347759502613,6.761497840101603,10.919503576020164,14.32412151177477,12.779798330757592,7.234973937033093,0.18788338157054188,5.632832324861091,8.181034380424999,6.8974072005815295,3.209326295406533,4.528591316348361,8.675982043441117,10.3876323241876,8.904608462825246,5.343150992986505,4.321595286348697,7.393200618629178,9.050067947096027,7.823449152258821,4.180816672425795,1.072611337519731,4.484060874776078,1,Yeast
91.6,85.28884734735622,67.91885821858524,43.86684506098441,20.21518427594074,14.17506873815036,23.992958833429324,27.55518472841149,23.18147115952756,14.04561470060884,7.277271493977038,10.86753300830716,13.920356393129545,12.260457691751876,6.791690139514076,0.5294586556366269,5.621743501797286,7.873958525881145,6.394995318334707,2.900832793265342,5.046347386969806,9.049941886139084,10.455464433745998,8.625307167933823,4.8232970963846125,4.432522575855359,7.897827655273329,9.516204874607388,8.06882771089076,4.099624268278808,0.9796458715314629,4.9112698699420765,0,E_coli
91.6,85.28884734735622,67.91885821858524,43.86684506098441,20.21518427594074,14.17506873815036,23.992958833429324,27.55518472841149,23.18147115952756,14.04561470060884,7.277271493977038,10.86753300830716,13.920356393129545,12.260457691751876,6.791690139514076,0.5294586556366269,5.621743501797286,7.873958525881145,6.394995318334707,2.900832793265342,5.046347386969806,9.049941886139084,10.455464433745998,8.625307167933823,4.8232970963846125,4.432522575855359,7.897827655273329,9.516204874607388,8.06882771089076,4.099624268278808,0.9796458715314629,4.9112698699420765,1,Yeast
91.6,85.28884734735622,67.91885821858524,43.86684506098441,20.21518427594074,14.17506873815036,23.992958833429324,27.55518472841149,23.18147115952756,14.04561470060884,7.277271493977038,10.86753300830716,13.920356393129545,12.260457691751876,6.791690139514076,0.5294586556366269,5.621743501797286,7.873958525881145,6.394995318334707,2.900832793265342,5.046347386969806,9.049941886139084,10.455464433745998,8.625307167933823,4.8232970963846125,4.432522575855359,7.897827655273329,9.516204874607388,8.06882771089076,4.099624268278808,0.9796458715314629,4.9112698699420765,0,Mammalian
92.09,85.70162516305469,68.1157597068687,43.75071565685302,19.76256286290523,14.1687890010821,24.432426619514914,28.028922079231904,23.472676566923692,13.9638128338241,6.791236491349017,10.915838686592663,14.300623280832886,12.749834909791373,7.209121239605711,0.18637676339435022,5.630888029431948,8.162732057901685,6.868350733906536,3.190035811628182,4.558447973194543,8.69714862747358,10.390850421810478,8.887906555840532,5.3131586447791594,4.326373668663325,7.4222560314270165,9.076801397976682,7.836876606473913,4.174415048373251,1.0605602391791589,4.508177633078808,1,Yeast
92.09,85.70162516305469,68.1157597068687,43.75071565685302,19.76256286290523,14.1687890010821,24.432426619514914,28.028922079231904,23.472676566923692,13.9638128338241,6.791236491349017,10.915838686592663,14.300623280832886,12.749834909791373,7.209121239605711,0.18637676339435022,5.630888029431948,8.162732057901685,6.868350733906536,3.190035811628182,4.558447973194543,8.69714862747358,10.390850421810478,8.887906555840532,5.3131586447791594,4.326373668663325,7.4222560314270165,9.076801397976682,7.836876606473913,4.174415048373251,1.0605602391791589,4.508177633078808,0,E_coli
92.09,85.70162516305469,68.1157597068687,43.75071565685302,19.76256286290523,14.1687890010821,24.432426619514914,28.028922079231904,23.472676566923692,13.9638128338241,6.791236491349017,10.915838686592663,14.300623280832886,12.749834909791373,7.209121239605711,0.18637676339435022,5.630888029431948,8.162732057901685,6.868350733906536,3.190035811628182,4.558447973194543,8.69714862747358,10.390850421810478,8.887906555840532,5.3131586447791594,4.326373668663325,7.4222560314270165,9.076801397976682,7.836876606473913,4.174415048373251,1.0605602391791589,4.508177633078808,0,Mammalian
92.14,85.74152215849185,68.12857289022469,43.72825612602638,19.713344835569018,14.187919174792645,24.481049123154175,28.062101173530696,23.473130351337606,13.92797243019868,6.763766378847112,10.954370354630564,14.3434346887989,12.773365820435739,7.204642824310539,0.1467211590234156,5.671437207622068,8.198033258183036,6.880361952591084,3.1596864713929658,4.560286202345918,8.728393252272303,10.4252442213005,8.905124218370156,5.295597370374123,4.304810026426858,7.439313756710539,9.107879912587853,7.862678072692413,4.179938789273699,1.042251924602318,4.529896887909129,0,Mammalian
92.14,85.74152215849185,68.12857289022469,43.72825612602638,19.713344835569018,14.187919174792645,24.481049123154175,28.062101173530696,23.473130351337606,13.92797243019868,6.763766378847112,10.954370354630564,14.3434346887989,12.773365820435739,7.204642824310539,0.1467211590234156,5.671437207622068,8.198033258183036,6.880361952591084,3.1596864713929658,4.560286202345918,8.728393252272303,10.4252442213005,8.905124218370156,5.295597370374123,4.304810026426858,7.439313756710539,9.107879912587853,7.862678072692413,4.179938789273699,1.042251924602318,4.529896887909129,0,E_coli
92.14,85.74152215849185,68.12857289022469,43.72825612602638,19.713344835569018,14.187919174792645,24.481049123154175,28.062101173530696,23.473130351337606,13.92797243019868,6.763766378847112,10.954370354630564,14.3434346887989,12.773365820435739,7.204642824310539,0.1467211590234156,5.671437207622068,8.198033258183036,6.880361952591084,3.1596864713929658,4.560286202345918,8.728393252272303,10.4252442213005,8.905124218370156,5.295597370374123,4.304810026426858,7.439313756710539,9.107879912587853,7.862678072692413,4.179938789273699,1.042251924602318,4.529896887909129,1,Yeast
91.62,85.33304136725774,68.01638753011895,43.992238829748366,20.23333757626952,13.946767882113171,23.965905106870263,27.75947752594305,23.550582561716077,14.376739106856526,7.00640247832561,10.470766819119785,13.890790133930645,12.60607337750098,7.389938236160402,0.6653496188711248,5.152591580942549,7.8257756150776885,6.868248794978947,3.6429086122279997,4.432790248661902,8.231673226137229,9.966728633753837,8.766604940802932,5.665444466570549,4.584635052719276,7.101370510545383,8.587990607265528,7.476066518643537,4.165423242726986,1.3946944618646444,4.156359007034334,1,Yeast
91.62,85.33304136725774,68.01638753011895,43.992238829748366,20.23333757626952,13.946767882113171,23.965905106870263,27.75947752594305,23.550582561716077,14.376739106856526,7.00640247832561,10.470766819119785,13.890790133930645,12.60607337750098,7.389938236160402,0.6653496188711248,5.152591580942549,7.8257756150776885,6.868248794978947,3.6429086122279997,4.432790248661902,8.231673226137229,9.966728633753837,8.766604940802932,5.665444466570549,4.584635052719276,7.101370510545383,8.587990607265528,7.476066518643537,4.165423242726986,1.3946944618646444,4.156359007034334,0,E_coli
91.62,85.33304136725774,68.01638753011895,43.992238829748366,20.23333757626952,13.946767882113171,23.965905106870263,27.75947752594305,23.550582561716077,14.376739106856526,7.00640247832561,10.470766819119785,13.890790133930645,12.60607337750098,7.389938236160402,0.6653496188711248,5.152591580942549,7.8257756150776885,6.868248794978947,3.6429086122279997,4.432790248661902,8.231673226137229,9.966728633753837,8.766604940802932,5.665444466570549,4.584635052719276,7.101370510545383,8.587990607265528,7.476066518643537,4.165423242726986,1.3946944618646444,4.156359007034334,0,Mammalian
92.11,85.71792312441258,68.12199778519759,43.74336117522153,19.743344406369225,14.173599563221423,24.4513236880631,28.044468798177057,23.477292627067605,13.953728387094671,6.776916238824675,10.926379279941642,14.317196200692784,12.763198073086738,7.214443571581005,0.17642268805503955,5.64149802800639,8.176118610535237,6.878595247163582,3.187250022622642,4.551413115902993,8.69966237392516,10.398634133302611,8.896365200343453,5.31625158387348,4.319745172588979,7.419244802373605,9.077885954144266,7.839954288817209,4.177343603376384,1.0588390101390066,4.507557511739883,0,Mammalian
92.11,85.71792312441258,68.12199778519759,43.74336117522153,19.743344406369225,14.173599563221423,24.4513236880631,28.044468798177057,23.477292627067605,13.953728387094671,6.776916238824675,10.926379279941642,14.317196200692784,12.763198073086738,7.214443571581005,0.17642268805503955,5.64149802800639,8.176118610535237,6.878595247163582,3.187250022622642,4.551413115902993,8.69966237392516,10.398634133302611,8.896365200343453,5.31625158387348,4.319745172588979,7.419244802373605,9.077885954144266,7.839954288817209,4.177343603376384,1.0588390101390066,4.507557511739883,1,Yeast
92.11,85.71792312441258,68.12199778519759,43.74336117522153,19.743344406369225,14.173599563221423,24.4513236880631,28.044468798177057,23.477292627067605,13.953728387094671,6.776916238824675,10.926379279941642,14.317196200692784,12.763198073086738,7.214443571581005,0.17642268805503955,5.64149802800639,8.176118610535237,6.878595247163582,3.187250022622642,4.551413115902993,8.69966237392516,10.398634133302611,8.896365200343453,5.31625158387348,4.319745172588979,7.419244802373605,9.077885954144266,7.839954288817209,4.177343603376384,1.0588390101390066,4.507557511739883,0,E_coli
92.12,85.72578902442477,68.12418808947764,43.738324452113766,19.73334454929082,14.178367320999383,24.46123209193927,28.050343923128203,23.475901024134036,13.945141182720212,6.7725210235606665,10.935708454488063,14.325940722690238,12.766580389025691,7.211164268478477,0.1665102881969597,5.651477682871979,8.183417793916277,6.879169662763714,3.17805726877914,4.5543507751941315,8.709238382447515,10.407502113865295,8.899274594039799,5.309356938939274,4.314749358338086,7.42592701386788,9.087883935860628,7.847523451728468,4.17818491067649,1.0532440636942513,4.514994103295307,1,Yeast
92.12,85.72578902442477,68.12418808947764,43.738324452113766,19.73334454929082,14.178367320999383,24.46123209193927,28.050343923128203,23.475901024134036,13.945141182720212,6.7725210235606665,10.935708454488063,14.325940722690238,12.766580389025691,7.211164268478477,0.1665102881969597,5.651477682871979,8.183417793916277,6.879169662763714,3.17805726877914,4.5543507751941315,8.709238382447515,10.407502113865295,8.899274594039799,5.309356938939274,4.314749358338086,7.42592701386788,9.087883935860628,7.847523451728468,4.17818491067649,1.0532440636942513,4.514994103295307,0,E_coli
92.12,85.72578902442477,68.12418808947764,43.738324452113766,19.73334454929082,14.178367320999383,24.46123209193927,28.050343923128203,23.475901024134036,13.945141182720212,6.7725210235606665,10.935708454488063,14.325940722690238,12.766580389025691,7.211164268478477,0.1665102881969597,5.651477682871979,8.183417793916277,6.879169662763714,3.17805726877914,4.5543507751941315,8.709238382447515,10.407502113865295,8.899274594039799,5.309356938939274,4.314749358338086,7.42592701386788,9.087883935860628,7.847523451728468,4.17818491067649,1.0532440636942513,4.514994103295307,0,Mammalian
91.8,85.4743014755943,68.05479221568807,43.90034280912315,20.0533400464997,14.028531282672958,24.14420062919097,27.863505614380525,23.522500193639043,14.220847655466784,6.918954198847503,10.637779465847435,14.046947009266873,12.66181590365003,7.322149971452578,0.48549244813859366,5.332166539034583,7.952758426480167,6.867990219554695,3.474437868464355,4.470494688822324,8.403296030608809,10.124773136803045,8.811328139868282,5.534689209002728,4.482925898533083,7.215901712707378,8.767950804179407,7.608095026714062,4.163109775093832,1.2596296247811756,4.28220349306667,0,E_coli
91.8,85.4743014755943,68.05479221568807,43.90034280912315,20.0533400464997,14.028531282672958,24.14420062919097,27.863505614380525,23.522500193639043,14.220847655466784,6.918954198847503,10.637779465847435,14.046947009266873,12.66181590365003,7.322149971452578,0.48549244813859366,5.332166539034583,7.952758426480167,6.867990219554695,3.474437868464355,4.470494688822324,8.403296030608809,10.124773136803045,8.811328139868282,5.534689209002728,4.482925898533083,7.215901712707378,8.767950804179407,7.608095026714062,4.163109775093832,1.2596296247811756,4.28220349306667,0,Mammalian
91.8,85.4743014755943,68.05479221568807,43.90034280912315,20.0533400464997,14.028531282672958,24.14420062919097,27.863505614380525,23.522500193639043,14.220847655466784,6.918954198847503,10.637779465847435,14.046947009266873,12.66181590365003,7.322149971452578,0.48549244813859366,5.332166539034583,7.952758426480167,6.867990219554695,3.474437868464355,4.470494688822324,8.403296030608809,10.124773136803045,8.811328139868282,5.534689209002728,4.482925898533083,7.215901712707378,8.767950804179407,7.608095026714062,4.163109775093832,1.2596296247811756,4.28220349306667,1,Yeast
92.1,85.71005766924452,68.1198088784929,43.748399604252754,19.753344263592332,14.168837258855,24.441415358795226,28.038596008681992,23.478688406701686,13.962317472240201,6.781323351789079,10.917051293124642,14.308453323410932,12.759822697680194,7.217735239538241,0.1863444489264342,5.631518445321831,8.16882514669618,6.878035322642234,3.1964476234995822,4.548495544651683,8.690087320521082,10.389768208505025,8.8934660990888,5.3231560845998045,4.32475833855866,7.4125700576657465,9.067887976878955,7.832390578620198,4.176526070017346,1.0644984927547485,4.5001308525968335,0,E_coli
92.1,85.71005766924452,68.1198088784929,43.748399604252754,19.753344263592332,14.168837258855,24.441415358795226,28.038596008681992,23.478688406701686,13.962317472240201,6.781323351789079,10.917051293124642,14.308453323410932,12.759822697680194,7.217735239538241,0.1863444489264342,5.631518445321831,8.16882514669618,6.878035322642234,3.1964476234995822,4.548495544651683,8.690087320521082,10.389768208505025,8.8934660990888,5.3231560845998045,4.32475833855866,7.4125700576657465,9.067887976878955,7.832390578620198,4.176526070017346,1.0644984927547485,4.5001308525968335,1,Yeast
92.1,85.71005766924452,68.1198088784929,43.748399604252754,19.753344263592332,14.168837258855,24.441415358795226,28.038596008681992,23.478688406701686,13.962317472240201,6.781323351789079,10.917051293124642,14.308453323410932,12.759822697680194,7.217735239538241,0.1863444489264342,5.631518445321831,8.16882514669618,6.878035322642234,3.1964476234995822,4.548495544651683,8.690087320521082,10.389768208505025,8.8934660990888,5.3231560845998045,4.32475833855866,7.4125700576657465,9.067887976878955,7.832390578620198,4.176526070017346,1.0644984927547485,4.5001308525968335,0,Mammalian
98.1,90.13887160078308,68.52834743980257,39.56174744213613,14.377642275391656,19.458024776619535,29.2061018721926,28.321306212487695,19.029787197615313,8.563486318587575,11.07932780070325,15.951178023529788,14.871079627030134,8.709578844792008,1.5254466952832375,5.96211693752092,7.9620349157737325,5.3808915335181915,1.2612147464724874,6.48656517301679,9.943054429078206,9.538903562972973,5.8797847133276555,4.066182930560472,7.930447604862936,10.16465840110813,8.855655938274657,4.8282807134054435,2.855111547345979,5.92268574749194,6.805346828511008,4.462448207640713,0,Mammalian
98.1,90.13887160078308,68.52834743980257,39.56174744213613,14.377642275391656,19.458024776619535,29.2061018721926,28.321306212487695,19.029787197615313,8.563486318587575,11.07932780070325,15.951178023529788,14.871079627030134,8.709578844792008,1.5254466952832375,5.96211693752092,7.9620349157737325,5.3808915335181915,1.2612147464724874,6.48656517301679,9.943054429078206,9.538903562972973,5.8797847133276555,4.066182930560472,7.930447604862936,10.16465840110813,8.855655938274657,4.8282807134054435,2.855111547345979,5.92268574749194,6.805346828511008,4.462448207640713,0,E_coli
98.1,90.13887160078308,68.52834743980257,39.56174744213613,14.377642275391656,19.458024776619535,29.2061018721926,28.321306212487695,19.029787197615313,8.563486318587575,11.07932780070325,15.951178023529788,14.871079627030134,8.709578844792008,1.5254466952832375,5.96211693752092,7.9620349157737325,5.3808915335181915,1.2612147464724874,6.48656517301679,9.943054429078206,9.538903562972973,5.8797847133276555,4.066182930560472,7.930447604862936,10.16465840110813,8.855655938274657,4.8282807134054435,2.855111547345979,5.92268574749194,6.805346828511008,4.462448207640713,1,Yeast
92.41999999999999,85.98007529720452,68.25002915746715,43.6754300061708,19.45875657740953,14.174107012837206,24.729465014079906,28.34828123537021,23.672491630023565,13.918175167647862,6.464244166519401,10.960602150281636,14.560417772920554,13.079441763845761,7.495200870669696,0.37408399650435786,5.660989312832167,8.367772247121422,7.188398219174336,3.410754048529935,4.230136306592177,8.467252571854978,10.360175357743111,9.075392067832535,5.643078949161041,4.285084923297369,7.10307843823651,8.783893905011013,7.694320864559208,4.255948610112427,1.2274223746766886,4.247018424936894,1,Yeast
92.41999999999999,85.98007529720452,68.25002915746715,43.6754300061708,19.45875657740953,14.174107012837206,24.729465014079906,28.34828123537021,23.672491630023565,13.918175167647862,6.464244166519401,10.960602150281636,14.560417772920554,13.079441763845761,7.495200870669696,0.37408399650435786,5.660989312832167,8.367772247121422,7.188398219174336,3.410754048529935,4.230136306592177,8.467252571854978,10.360175357743111,9.075392067832535,5.643078949161041,4.285084923297369,7.10307843823651,8.783893905011013,7.694320864559208,4.255948610112427,1.2274223746766886,4.247018424936894,0,Mammalian
92.41999999999999,85.98007529720452,68.25002915746715,43.6754300061708,19.45875657740953,14.174107012837206,24.729465014079906,28.34828123537021,23.672491630023565,13.918175167647862,6.464244166519401,10.960602150281636,14.560417772920554,13.079441763845761,7.495200870669696,0.37408399650435786,5.660989312832167,8.367772247121422,7.188398219174336,3.410754048529935,4.230136306592177,8.467252571854978,10.360175357743111,9.075392067832535,5.643078949161041,4.285084923297369,7.10307843823651,8.783893905011013,7.694320864559208,4.255948610112427,1.2274223746766886,4.247018424936894,0,E_coli
92.08,85.69011631275146,68.1001043953659,43.72949088071787,19.7391317894751,14.18161337284993,24.460758190353467,28.058581198650483,23.49849220558821,13.980378613404223,6.7826389047198505,10.900167022394859,14.28922444604605,12.740040444512845,7.197767382528785,0.16872911789293765,5.651477682871976,8.188554826866413,6.8969108506558126,3.207767521857141,4.5308623136314985,8.670180368733423,10.369846443377307,8.874334607205396,5.308715858275949,4.333596068614203,7.430603249083333,9.0874222080175,7.8523389905917345,4.196392994219614,1.0537955694068242,4.480342971279399,1,Yeast
92.08,85.69011631275146,68.1001043953659,43.72949088071787,19.7391317894751,14.18161337284993,24.460758190353467,28.058581198650483,23.49849220558821,13.980378613404223,6.7826389047198505,10.900167022394859,14.28922444604605,12.740040444512845,7.197767382528785,0.16872911789293765,5.651477682871976,8.188554826866413,6.8969108506558126,3.207767521857141,4.5308623136314985,8.670180368733423,10.369846443377307,8.874334607205396,5.308715858275949,4.333596068614203,7.430603249083333,9.0874222080175,7.8523389905917345,4.196392994219614,1.0537955694068242,4.480342971279399,0,Mammalian
92.08,85.69011631275146,68.1001043953659,43.72949088071787,19.7391317894751,14.18161337284993,24.460758190353467,28.058581198650483,23.49849220558821,13.980378613404223,6.7826389047198505,10.900167022394859,14.28922444604605,12.740040444512845,7.197767382528785,0.16872911789293765,5.651477682871976,8.188554826866413,6.8969108506558126,3.207767521857141,4.5308623136314985,8.670180368733423,10.369846443377307,8.874334607205396,5.308715858275949,4.333596068614203,7.430603249083333,9.0874222080175,7.8523389905917345,4.196392994219614,1.0537955694068242,4.480342971279399,0,E_coli
44.68000000000001,43.741820709679025,40.99290985480188,36.625174745002155,30.942469785655586,24.338933560512682,17.275311446446555,10.275763008737417,4.189464328569499,3.8295072976048443,7.906418974950024,11.102068800192352,12.896855751099606,13.247006810671785,12.27272963194028,10.222132919189661,7.479465221524866,4.715318562175564,3.612550351363474,5.285115171055378,7.5903290190292765,9.39961783660413,10.365493476317292,10.383130934816288,9.493512976745949,7.867127685229892,5.831909009212341,4.044296211200546,3.743471741846357,5.061242659600489,6.655258424566277,7.794443717323399,1,Yeast
44.68000000000001,43.741820709679025,40.99290985480188,36.625174745002155,30.942469785655586,24.338933560512682,17.275311446446555,10.275763008737417,4.189464328569499,3.8295072976048443,7.906418974950024,11.102068800192352,12.896855751099606,13.247006810671785,12.27272963194028,10.222132919189661,7.479465221524866,4.715318562175564,3.612550351363474,5.285115171055378,7.5903290190292765,9.39961783660413,10.365493476317292,10.383130934816288,9.493512976745949,7.867127685229892,5.831909009212341,4.044296211200546,3.743471741846357,5.061242659600489,6.655258424566277,7.794443717323399,0,Mammalian
44.68000000000001,43.741820709679025,40.99290985480188,36.625174745002155,30.942469785655586,24.338933560512682,17.275311446446555,10.275763008737417,4.189464328569499,3.8295072976048443,7.906418974950024,11.102068800192352,12.896855751099606,13.247006810671785,12.27272963194028,10.222132919189661,7.479465221524866,4.715318562175564,3.612550351363474,5.285115171055378,7.5903290190292765,9.39961783660413,10.365493476317292,10.383130934816288,9.493512976745949,7.867127685229892,5.831909009212341,4.044296211200546,3.743471741846357,5.061242659600489,6.655258424566277,7.794443717323399,0,E_coli
89.64,84.02202902043658,68.41103079959517,46.24300192499415,22.422471478591586,5.363240090297795,14.534879009496294,19.431283413719935,15.886872767994655,6.300661324382413,7.679986950754047,18.936218670014345,25.967672989781505,26.770220671412694,21.38929263923826,11.586897852938124,0.5578530272392535,9.722090202375519,15.713154355544196,16.68567082909805,13.043940375016634,6.578151868629273,2.2941971947780946,6.623638713780189,8.411234966017172,6.461943587706581,2.8469660166515216,6.894272219843628,12.884267607455595,16.93660891148566,18.31843721161191,17.817365659925436,0,Mammalian
89.64,84.02202902043658,68.41103079959517,46.24300192499415,22.422471478591586,5.363240090297795,14.534879009496294,19.431283413719935,15.886872767994655,6.300661324382413,7.679986950754047,18.936218670014345,25.967672989781505,26.770220671412694,21.38929263923826,11.586897852938124,0.5578530272392535,9.722090202375519,15.713154355544196,16.68567082909805,13.043940375016634,6.578151868629273,2.2941971947780946,6.623638713780189,8.411234966017172,6.461943587706581,2.8469660166515216,6.894272219843628,12.884267607455595,16.93660891148566,18.31843721161191,17.817365659925436,1,Yeast
89.64,84.02202902043658,68.41103079959517,46.24300192499415,22.422471478591586,5.363240090297795,14.534879009496294,19.431283413719935,15.886872767994655,6.300661324382413,7.679986950754047,18.936218670014345,25.967672989781505,26.770220671412694,21.38929263923826,11.586897852938124,0.5578530272392535,9.722090202375519,15.713154355544196,16.68567082909805,13.043940375016634,6.578151868629273,2.2941971947780946,6.623638713780189,8.411234966017172,6.461943587706581,2.8469660166515216,6.894272219843628,12.884267607455595,16.93660891148566,18.31843721161191,17.817365659925436,0,E_coli
138.61,117.10801346144878,64.16396499855163,7.943697665354753,28.706593081843202,32.0248909873674,13.414184514937766,8.860203151492597,16.084809021464093,7.82477041116668,9.213208947168829,21.085318993360413,25.619124371190587,24.74268116362968,18.828170030511306,6.958121681066156,7.132804497531104,14.667305755006536,11.593670690306865,5.5665658888012794,12.732034678016065,14.084648067219156,8.418882606860802,10.593991295391156,13.949649412907384,8.416732183122587,4.538701235241001,13.892492631741487,16.679750389161605,14.3073047705876,13.558681732957929,15.002119574578561,1,Yeast
138.61,117.10801346144878,64.16396499855163,7.943697665354753,28.706593081843202,32.0248909873674,13.414184514937766,8.860203151492597,16.084809021464093,7.82477041116668,9.213208947168829,21.085318993360413,25.619124371190587,24.74268116362968,18.828170030511306,6.958121681066156,7.132804497531104,14.667305755006536,11.593670690306865,5.5665658888012794,12.732034678016065,14.084648067219156,8.418882606860802,10.593991295391156,13.949649412907384,8.416732183122587,4.538701235241001,13.892492631741487,16.679750389161605,14.3073047705876,13.558681732957929,15.002119574578561,0,Mammalian
138.61,117.10801346144878,64.16396499855163,7.943697665354753,28.706593081843202,32.0248909873674,13.414184514937766,8.860203151492597,16.084809021464093,7.82477041116668,9.213208947168829,21.085318993360413,25.619124371190587,24.74268116362968,18.828170030511306,6.958121681066156,7.132804497531104,14.667305755006536,11.593670690306865,5.5665658888012794,12.732034678016065,14.084648067219156,8.418882606860802,10.593991295391156,13.949649412907384,8.416732183122587,4.538701235241001,13.892492631741487,16.679750389161605,14.3073047705876,13.558681732957929,15.002119574578561,0,E_coli
226.76000000000002,164.57336923087655,39.38002779702264,38.732001920923246,26.913977928487892,20.96616230226428,28.100187450941878,13.719659370458299,20.57081853665783,7.123759859815124,20.934678490655525,16.68016287245358,14.02896583417207,12.742961732109455,11.760398427010262,24.36847679616735,25.338338540638375,24.962468632037446,17.53063467117449,9.717158905989498,12.22652232507446,14.545891358712794,9.476093675015534,5.714194878574612,13.034670104451985,5.585357928394811,10.285152639028759,9.853781685170041,5.779382451694584,11.259247680632285,7.032131479042309,2.059305282134536,0,Mammalian
226.76000000000002,164.57336923087655,39.38002779702264,38.732001920923246,26.913977928487892,20.96616230226428,28.100187450941878,13.719659370458299,20.57081853665783,7.123759859815124,20.934678490655525,16.68016287245358,14.02896583417207,12.742961732109455,11.760398427010262,24.36847679616735,25.338338540638375,24.962468632037446,17.53063467117449,9.717158905989498,12.22652232507446,14.545891358712794,9.476093675015534,5.714194878574612,13.034670104451985,5.585357928394811,10.285152639028759,9.853781685170041,5.779382451694584,11.259247680632285,7.032131479042309,2.059305282134536,0,E_coli
226.76000000000002,164.57336923087655,39.38002779702264,38.732001920923246,26.913977928487892,20.96616230226428,28.100187450941878,13.719659370458299,20.57081853665783,7.123759859815124,20.934678490655525,16.68016287245358,14.02896583417207,12.742961732109455,11.760398427010262,24.36847679616735,25.338338540638375,24.962468632037446,17.53063467117449,9.717158905989498,12.22652232507446,14.545891358712794,9.476093675015534,5.714194878574612,13.034670104451985,5.585357928394811,10.285152639028759,9.853781685170041,5.779382451694584,11.259247680632285,7.032131479042309,2.059305282134536,1,Yeast
91.17999999999999,82.66050433588981,59.853401446104414,29.990826035478655,2.8043880406579,16.702366270703774,22.23715656992525,16.274084289249192,4.549712149280944,8.854360847607978,15.169992453130861,14.045532138741175,7.1416951845364345,3.48853893177015,9.192686361171603,10.280712047190914,6.403014914866276,3.4411350310153783,8.100985292947085,10.197089271356612,8.051922555295894,4.819900502202039,7.048591906342828,9.408803752994535,7.986871687881645,4.10799443872692,5.804512818762767,9.54709847764639,9.626865573596696,5.875313835217852,4.065374498283145,8.630307402398211,0,Mammalian
91.17999999999999,82.66050433588981,59.853401446104414,29.990826035478655,2.8043880406579,16.702366270703774,22.23715656992525,16.274084289249192,4.549712149280944,8.854360847607978,15.169992453130861,14.045532138741175,7.1416951845364345,3.48853893177015,9.192686361171603,10.280712047190914,6.403014914866276,3.4411350310153783,8.100985292947085,10.197089271356612,8.051922555295894,4.819900502202039,7.048591906342828,9.408803752994535,7.986871687881645,4.10799443872692,5.804512818762767,9.54709847764639,9.626865573596696,5.875313835217852,4.065374498283145,8.630307402398211,0,E_coli
91.17999999999999,82.66050433588981,59.853401446104414,29.990826035478655,2.8043880406579,16.702366270703774,22.23715656992525,16.274084289249192,4.549712149280944,8.854360847607978,15.169992453130861,14.045532138741175,7.1416951845364345,3.48853893177015,9.192686361171603,10.280712047190914,6.403014914866276,3.4411350310153783,8.100985292947085,10.197089271356612,8.051922555295894,4.819900502202039,7.048591906342828,9.408803752994535,7.986871687881645,4.10799443872692,5.804512818762767,9.54709847764639,9.626865573596696,5.875313835217852,4.065374498283145,8.630307402398211,1,Yeast
65.85,62.442771403693754,52.83198248770922,38.72525677212644,22.580389542975237,7.139016324406933,5.469980274545675,13.091666406110754,15.414239233430445,12.908866606145967,7.187073566577266,3.4624943991444255,8.834262878680228,13.336577707603112,14.70960143222665,12.795049281842182,8.635050665745974,5.511861792307481,8.02010403089714,11.692728804895745,13.313416825688206,12.234601626645405,8.937542503879168,5.108294163149136,4.921608360543707,7.705929532777929,9.298078074939916,8.686272077520597,6.105861110715624,2.8290019838121747,3.2741641536998833,5.835992637008544,0,E_coli
65.85,62.442771403693754,52.83198248770922,38.72525677212644,22.580389542975237,7.139016324406933,5.469980274545675,13.091666406110754,15.414239233430445,12.908866606145967,7.187073566577266,3.4624943991444255,8.834262878680228,13.336577707603112,14.70960143222665,12.795049281842182,8.635050665745974,5.511861792307481,8.02010403089714,11.692728804895745,13.313416825688206,12.234601626645405,8.937542503879168,5.108294163149136,4.921608360543707,7.705929532777929,9.298078074939916,8.686272077520597,6.105861110715624,2.8290019838121747,3.2741641536998833,5.835992637008544,1,Yeast
65.85,62.442771403693754,52.83198248770922,38.72525677212644,22.580389542975237,7.139016324406933,5.469980274545675,13.091666406110754,15.414239233430445,12.908866606145967,7.187073566577266,3.4624943991444255,8.834262878680228,13.336577707603112,14.70960143222665,12.795049281842182,8.635050665745974,5.511861792307481,8.02010403089714,11.692728804895745,13.313416825688206,12.234601626645405,8.937542503879168,5.108294163149136,4.921608360543707,7.705929532777929,9.298078074939916,8.686272077520597,6.105861110715624,2.8290019838121747,3.2741641536998833,5.835992637008544,0,Mammalian
74.61000000000001,69.4842691395751,55.3443071808966,35.54969114592529,14.638621195695167,3.142728760881102,14.197013816861858,17.825750487756636,15.219041958539334,10.10406401339168,8.919703848354608,11.718912224628623,12.595874139450943,10.13479974319948,5.922730954147235,4.504553079393835,6.402163696751281,6.437089245500178,3.998300606625503,3.7795763363758774,7.859656791746727,10.623292819940302,10.33648644436112,7.292803646164729,5.273799566178007,8.826116712265867,12.485835224074608,13.101895287712743,10.086828999641304,4.400332156813309,2.4890081668565287,7.458145172986325,1,Yeast
74.61000000000001,69.4842691395751,55.3443071808966,35.54969114592529,14.638621195695167,3.142728760881102,14.197013816861858,17.825750487756636,15.219041958539334,10.10406401339168,8.919703848354608,11.718912224628623,12.595874139450943,10.13479974319948,5.922730954147235,4.504553079393835,6.402163696751281,6.437089245500178,3.998300606625503,3.7795763363758774,7.859656791746727,10.623292819940302,10.33648644436112,7.292803646164729,5.273799566178007,8.826116712265867,12.485835224074608,13.101895287712743,10.086828999641304,4.400332156813309,2.4890081668565287,7.458145172986325,0,Mammalian
74.61000000000001,69.4842691395751,55.3443071808966,35.54969114592529,14.638621195695167,3.142728760881102,14.197013816861858,17.825750487756636,15.219041958539334,10.10406401339168,8.919703848354608,11.718912224628623,12.595874139450943,10.13479974319948,5.922730954147235,4.504553079393835,6.402163696751281,6.437089245500178,3.998300606625503,3.7795763363758774,7.859656791746727,10.623292819940302,10.33648644436112,7.292803646164729,5.273799566178007,8.826116712265867,12.485835224074608,13.101895287712743,10.086828999641304,4.400332156813309,2.4890081668565287,7.458145172986325,0,E_coli
141.18,124.77218984319299,82.55664873919648,31.998395303282294,8.954481586387399,26.458681235839187,22.674375608803736,7.429379949575785,6.794008464972542,11.062982319782055,6.57216549936423,7.666237815205813,12.827570248575958,12.086732146928863,7.2354419917018875,3.481464258832549,5.928406193910802,14.491190674078654,23.380671452777104,26.3377362894046,20.285271343197383,8.050357186363891,8.146627057783451,15.286086136663734,14.827644754912413,9.780097347207933,7.519691193219217,6.989452040145843,3.145801578255204,4.555638629905507,7.9762631535578175,6.140288728800282,1,Yeast
141.18,124.77218984319299,82.55664873919648,31.998395303282294,8.954481586387399,26.458681235839187,22.674375608803736,7.429379949575785,6.794008464972542,11.062982319782055,6.57216549936423,7.666237815205813,12.827570248575958,12.086732146928863,7.2354419917018875,3.481464258832549,5.928406193910802,14.491190674078654,23.380671452777104,26.3377362894046,20.285271343197383,8.050357186363891,8.146627057783451,15.286086136663734,14.827644754912413,9.780097347207933,7.519691193219217,6.989452040145843,3.145801578255204,4.555638629905507,7.9762631535578175,6.140288728800282,0,E_coli
141.18,124.77218984319299,82.55664873919648,31.998395303282294,8.954481586387399,26.458681235839187,22.674375608803736,7.429379949575785,6.794008464972542,11.062982319782055,6.57216549936423,7.666237815205813,12.827570248575958,12.086732146928863,7.2354419917018875,3.481464258832549,5.928406193910802,14.491190674078654,23.380671452777104,26.3377362894046,20.285271343197383,8.050357186363891,8.146627057783451,15.286086136663734,14.827644754912413,9.780097347207933,7.519691193219217,6.989452040145843,3.145801578255204,4.555638629905507,7.9762631535578175,6.140288728800282,0,Mammalian
125.94,111.96082528823635,75.87580698078432,32.477055000375806,8.875651871270987,23.362261074512023,23.158648038138598,14.274729750921471,9.179390579180112,8.228893299918463,4.016250437875604,4.197637139365916,5.819045329700164,2.354880288122262,8.186571693616184,15.813396421079839,18.312449317336004,14.962448072258061,8.913841845484797,4.772347141848246,4.625022294206269,6.638564108162526,8.194225570827838,7.8281281613307865,10.182965609038428,16.29197715097921,19.489810077028622,16.1748097651599,8.251320142195038,6.967874043394543,10.617857900506957,8.06487474606751,0,E_coli
125.94,111.96082528823635,75.87580698078432,32.477055000375806,8.875651871270987,23.362261074512023,23.158648038138598,14.274729750921471,9.179390579180112,8.228893299918463,4.016250437875604,4.197637139365916,5.819045329700164,2.354880288122262,8.186571693616184,15.813396421079839,18.312449317336004,14.962448072258061,8.913841845484797,4.772347141848246,4.625022294206269,6.638564108162526,8.194225570827838,7.8281281613307865,10.182965609038428,16.29197715097921,19.489810077028622,16.1748097651599,8.251320142195038,6.967874043394543,10.617857900506957,8.06487474606751,2,Mammalian
125.94,111.96082528823635,75.87580698078432,32.477055000375806,8.875651871270987,23.362261074512023,23.158648038138598,14.274729750921471,9.179390579180112,8.228893299918463,4.016250437875604,4.197637139365916,5.819045329700164,2.354880288122262,8.186571693616184,15.813396421079839,18.312449317336004,14.962448072258061,8.913841845484797,4.772347141848246,4.625022294206269,6.638564108162526,8.194225570827838,7.8281281613307865,10.182965609038428,16.29197715097921,19.489810077028622,16.1748097651599,8.251320142195038,6.967874043394543,10.617857900506957,8.06487474606751,1,Yeast
153.82,128.4481323611903,68.0823904528291,8.479754814942167,22.36752515961607,18.444240446082585,1.1138729520373993,14.128416659400497,15.724251786135502,18.721628758501495,19.673472099696486,11.323072116770737,7.536680439684385,8.630324237515337,3.023741388082682,16.405473244404867,23.22085700399535,18.053709464375086,7.157065407911966,0.8674960303539064,5.821755966722462,11.831850630211116,11.472960374651008,2.0676964216340417,13.361747855958608,22.396625876462135,21.067203326215136,12.177986274432556,2.738361489641637,3.767536211521507,5.79166813933364,4.772329813181933,0,E_coli
153.82,128.4481323611903,68.0823904528291,8.479754814942167,22.36752515961607,18.444240446082585,1.1138729520373993,14.128416659400497,15.724251786135502,18.721628758501495,19.673472099696486,11.323072116770737,7.536680439684385,8.630324237515337,3.023741388082682,16.405473244404867,23.22085700399535,18.053709464375086,7.157065407911966,0.8674960303539064,5.821755966722462,11.831850630211116,11.472960374651008,2.0676964216340417,13.361747855958608,22.396625876462135,21.067203326215136,12.177986274432556,2.738361489641637,3.767536211521507,5.79166813933364,4.772329813181933,2,Mammalian
153.82,128.4481323611903,68.0823904528291,8.479754814942167,22.36752515961607,18.444240446082585,1.1138729520373993,14.128416659400497,15.724251786135502,18.721628758501495,19.673472099696486,11.323072116770737,7.536680439684385,8.630324237515337,3.023741388082682,16.405473244404867,23.22085700399535,18.053709464375086,7.157065407911966,0.8674960303539064,5.821755966722462,11.831850630211116,11.472960374651008,2.0676964216340417,13.361747855958608,22.396625876462135,21.067203326215136,12.177986274432556,2.738361489641637,3.767536211521507,5.79166813933364,4.772329813181933,1,Yeast
116.59,99.073537115242,55.705154684752195,8.711420471276941,22.774868274501696,27.890101024402682,14.826932423064601,5.294350682670864,11.11372910652959,7.359644077819799,2.619951151859909,6.100850487448916,3.661348522081107,3.1093022976446236,4.737499265472161,0.9254474613990805,8.381652581681013,13.494267823600172,11.629996229843627,6.974738073139962,9.840090518953927,11.2030150999114,6.870210693973485,3.0654522605935575,4.8140238207425865,3.51302592804093,4.245601276046702,5.567658666463658,4.663316486980488,8.652496469735995,11.997734605344924,8.965796763793135,0,E_coli
116.59,99.073537115242,55.705154684752195,8.711420471276941,22.774868274501696,27.890101024402682,14.826932423064601,5.294350682670864,11.11372910652959,7.359644077819799,2.619951151859909,6.100850487448916,3.661348522081107,3.1093022976446236,4.737499265472161,0.9254474613990805,8.381652581681013,13.494267823600172,11.629996229843627,6.974738073139962,9.840090518953927,11.2030150999114,6.870210693973485,3.0654522605935575,4.8140238207425865,3.51302592804093,4.245601276046702,5.567658666463658,4.663316486980488,8.652496469735995,11.997734605344924,8.965796763793135,1,Yeast
116.59,99.073537115242,55.705154684752195,8.711420471276941,22.774868274501696,27.890101024402682,14.826932423064601,5.294350682670864,11.11372910652959,7.359644077819799,2.619951151859909,6.100850487448916,3.661348522081107,3.1093022976446236,4.737499265472161,0.9254474613990805,8.381652581681013,13.494267823600172,11.629996229843627,6.974738073139962,9.840090518953927,11.2030150999114,6.870210693973485,3.0654522605935575,4.8140238207425865,3.51302592804093,4.245601276046702,5.567658666463658,4.663316486980488,8.652496469735995,11.997734605344924,8.965796763793135,2,Mammalian
120.92,103.27122756460443,59.567480016770446,12.747162608529603,21.371085399722165,27.044166041195712,14.478256613018608,1.677071503263136,8.395009780759374,4.119494031327605,4.5696813817696285,9.128954797494405,6.650954844192673,2.2147315211137064,2.405869740453952,2.731844835762502,10.45072246306446,15.32464158711187,13.599496802541289,10.084041009383405,13.005178276416299,14.49972755110233,10.416611294969481,4.401537742212371,1.1330537414238167,3.4328012026972514,8.040335067768567,9.348142099598983,5.260536711869034,4.418596006453162,8.874667351822666,7.343393389297116,1,Yeast
120.92,103.27122756460443,59.567480016770446,12.747162608529603,21.371085399722165,27.044166041195712,14.478256613018608,1.677071503263136,8.395009780759374,4.119494031327605,4.5696813817696285,9.128954797494405,6.650954844192673,2.2147315211137064,2.405869740453952,2.731844835762502,10.45072246306446,15.32464158711187,13.599496802541289,10.084041009383405,13.005178276416299,14.49972755110233,10.416611294969481,4.401537742212371,1.1330537414238167,3.4328012026972514,8.040335067768567,9.348142099598983,5.260536711869034,4.418596006453162,8.874667351822666,7.343393389297116,2,Mammalian
120.92,103.27122756460443,59.567480016770446,12.747162608529603,21.371085399722165,27.044166041195712,14.478256613018608,1.677071503263136,8.395009780759374,4.119494031327605,4.5696813817696285,9.128954797494405,6.650954844192673,2.2147315211137064,2.405869740453952,2.731844835762502,10.45072246306446,15.32464158711187,13.599496802541289,10.084041009383405,13.005178276416299,14.49972755110233,10.416611294969481,4.401537742212371,1.1330537414238167,3.4328012026972514,8.040335067768567,9.348142099598983,5.260536711869034,4.418596006453162,8.874667351822666,7.343393389297116,0,E_coli
120.33000000000001,102.72885122513004,59.147377349570505,12.330193440834275,21.130068109770086,26.65550737503572,13.95735654722538,2.2068636565109925,8.917775760183154,4.492987763186486,4.391001274631134,9.175888804886464,6.86148949681672,2.1349519506008607,1.9819017527379887,3.3213171017812697,10.895985499256138,15.60135886537264,13.78297759087194,10.439938282580407,13.488908647472137,14.889253162897907,10.537328815067573,4.036624431321598,1.0906307767020968,3.8174613150662395,7.887742310803557,8.85429982839107,4.705095861053484,4.963412216694997,9.376954491776589,7.534937957369284,1,Yeast
20.54,20.403242210841096,19.99574299987372,19.325768349173902,18.406908638915326,17.257806706540865,15.901793427548476,14.366451587396321,12.683145552962175,10.886592958394038,9.014660442369879,7.10890875305877,5.2177831657635165,3.4116246585481305,1.8756265428894614,1.4448218710832255,2.4807257002740144,3.771953736192906,4.966348118720909,5.984570829206107,6.794433816622073,7.379382681056164,7.731917685550891,7.85178103994238,7.745412763847764,7.425893686691484,6.913285166996453,6.235658366755348,5.4316960799773835,4.557148987411968,3.70065849792804,3.0165811871408628,2,Mammalian
20.54,20.403242210841096,19.99574299987372,19.325768349173902,18.406908638915326,17.257806706540865,15.901793427548476,14.366451587396321,12.683145552962175,10.886592958394038,9.014660442369879,7.10890875305877,5.2177831657635165,3.4116246585481305,1.8756265428894614,1.4448218710832255,2.4807257002740144,3.771953736192906,4.966348118720909,5.984570829206107,6.794433816622073,7.379382681056164,7.731917685550891,7.85178103994238,7.745412763847764,7.425893686691484,6.913285166996453,6.235658366755348,5.4316960799773835,4.557148987411968,3.70065849792804,3.0165811871408628,1,Yeast
20.54,20.403242210841096,19.99574299987372,19.325768349173902,18.406908638915326,17.257806706540865,15.901793427548476,14.366451587396321,12.683145552962175,10.886592958394038,9.014660442369879,7.10890875305877,5.2177831657635165,3.4116246585481305,1.8756265428894614,1.4448218710832255,2.4807257002740144,3.771953736192906,4.966348118720909,5.984570829206107,6.794433816622073,7.379382681056164,7.731917685550891,7.85178103994238,7.745412763847764,7.425893686691484,6.913285166996453,6.235658366755348,5.4316960799773835,4.557148987411968,3.70065849792804,3.0165811871408628,0,E_coli
119.96000000000001,107.08496952029952,73.70520323907952,33.389793526682844,10.413927080700095,21.577789688240774,20.678875151445382,13.756554886058534,17.282504704382717,20.840525787360196,15.495950027789736,3.9814376584193365,7.633123030538679,13.082607980930826,12.341033071509543,10.599874413583324,11.074881489207911,9.405996247479116,7.427142286474135,12.756860216443467,17.20029579942844,15.051141881784025,7.252129443598709,7.8683211887758135,15.446897136415112,17.79677870489807,15.375548283756402,12.713550308786692,11.753271032809785,9.119561699095858,4.501451364248912,5.090005231567096,2,Mammalian
119.96000000000001,107.08496952029952,73.70520323907952,33.389793526682844,10.413927080700095,21.577789688240774,20.678875151445382,13.756554886058534,17.282504704382717,20.840525787360196,15.495950027789736,3.9814376584193365,7.633123030538679,13.082607980930826,12.341033071509543,10.599874413583324,11.074881489207911,9.405996247479116,7.427142286474135,12.756860216443467,17.20029579942844,15.051141881784025,7.252129443598709,7.8683211887758135,15.446897136415112,17.79677870489807,15.375548283756402,12.713550308786692,11.753271032809785,9.119561699095858,4.501451364248912,5.090005231567096,0,E_coli
119.96000000000001,107.08496952029952,73.70520323907952,33.389793526682844,10.413927080700095,21.577789688240774,20.678875151445382,13.756554886058534,17.282504704382717,20.840525787360196,15.495950027789736,3.9814376584193365,7.633123030538679,13.082607980930826,12.341033071509543,10.599874413583324,11.074881489207911,9.405996247479116,7.427142286474135,12.756860216443467,17.20029579942844,15.051141881784025,7.252129443598709,7.8683211887758135,15.446897136415112,17.79677870489807,15.375548283756402,12.713550308786692,11.753271032809785,9.119561699095858,4.501451364248912,5.090005231567096,1,Yeast
125.62,111.1158808077927,73.96640678415915,30.4531732976074,12.259115460941553,23.698029090014813,20.27678140588927,13.455397751358634,17.457732424398564,18.03113764373042,10.034907268241415,2.427566268299597,8.619356791181087,8.476713581344521,8.680330692266072,14.454443654942914,16.529035059555046,12.729805368676272,10.87150581477566,15.249968035938698,15.829141037742227,9.789916138769135,5.983502362164296,13.383274845235647,17.234940632276718,15.36808547806798,10.61952289196655,7.266421935275794,6.104676128091415,4.5692231750318975,2.5826135593716613,1.5050670925062628,1,Yeast
125.62,111.1158808077927,73.96640678415915,30.4531732976074,12.259115460941553,23.698029090014813,20.27678140588927,13.455397751358634,17.457732424398564,18.03113764373042,10.034907268241415,2.427566268299597,8.619356791181087,8.476713581344521,8.680330692266072,14.454443654942914,16.529035059555046,12.729805368676272,10.87150581477566,15.249968035938698,15.829141037742227,9.789916138769135,5.983502362164296,13.383274845235647,17.234940632276718,15.36808547806798,10.61952289196655,7.266421935275794,6.104676128091415,4.5692231750318975,2.5826135593716613,1.5050670925062628,2,Mammalian
125.62,111.1158808077927,73.96640678415915,30.4531732976074,12.259115460941553,23.698029090014813,20.27678140588927,13.455397751358634,17.457732424398564,18.03113764373042,10.034907268241415,2.427566268299597,8.619356791181087,8.476713581344521,8.680330692266072,14.454443654942914,16.529035059555046,12.729805368676272,10.87150581477566,15.249968035938698,15.829141037742227,9.789916138769135,5.983502362164296,13.383274845235647,17.234940632276718,15.36808547806798,10.61952289196655,7.266421935275794,6.104676128091415,4.5692231750318975,2.5826135593716613,1.5050670925062628,0,E_coli
131.92000000000002,115.3327670439759,73.52978371080809,26.497055515344208,14.693583047326317,24.561678066224466,17.98974946631337,11.619914460692506,14.89458835469822,12.154574735188264,6.301446482238094,8.557452045087947,6.865729828552118,4.1133212980552525,14.166555132390638,19.357284922661457,16.352767349901356,9.034209899129863,7.205290892868495,9.533327434732792,10.589445379713737,11.736623098512542,11.275778030341886,9.538491693488117,11.378876822608117,14.12935292534629,13.751120362235033,12.345824025138123,12.261158905369173,10.312475394903037,5.58143451421016,5.5714387349148256,1,Yeast
131.92000000000002,115.3327670439759,73.52978371080809,26.497055515344208,14.693583047326317,24.561678066224466,17.98974946631337,11.619914460692506,14.89458835469822,12.154574735188264,6.301446482238094,8.557452045087947,6.865729828552118,4.1133212980552525,14.166555132390638,19.357284922661457,16.352767349901356,9.034209899129863,7.205290892868495,9.533327434732792,10.589445379713737,11.736623098512542,11.275778030341886,9.538491693488117,11.378876822608117,14.12935292534629,13.751120362235033,12.345824025138123,12.261158905369173,10.312475394903037,5.58143451421016,5.5714387349148256,2,Mammalian
131.92000000000002,115.3327670439759,73.52978371080809,26.497055515344208,14.693583047326317,24.561678066224466,17.98974946631337,11.619914460692506,14.89458835469822,12.154574735188264,6.301446482238094,8.557452045087947,6.865729828552118,4.1133212980552525,14.166555132390638,19.357284922661457,16.352767349901356,9.034209899129863,7.205290892868495,9.533327434732792,10.589445379713737,11.736623098512542,11.275778030341886,9.538491693488117,11.378876822608117,14.12935292534629,13.751120362235033,12.345824025138123,12.261158905369173,10.312475394903037,5.58143451421016,5.5714387349148256,0,E_coli
143.06,122.01140034786334,70.79805744528741,17.93829074649414,18.422265987112144,21.854199875274876,9.760184468904733,5.483122073426748,4.9788409201853625,9.652180329825503,15.876828736349276,11.627118839920936,2.447395582971265,13.057114006610787,15.725490026915082,11.938162162968675,11.056373727402665,10.178118233900264,9.17841675698025,14.687770630360832,16.16052146275408,9.943327615089927,7.2276039943082315,13.110149199658709,14.420830180384478,12.392120514551086,10.532557667143026,9.955790978109503,11.063341123386223,10.342841950772172,5.9919253267805175,5.5710980337564715,0,E_coli
143.06,122.01140034786334,70.79805744528741,17.93829074649414,18.422265987112144,21.854199875274876,9.760184468904733,5.483122073426748,4.9788409201853625,9.652180329825503,15.876828736349276,11.627118839920936,2.447395582971265,13.057114006610787,15.725490026915082,11.938162162968675,11.056373727402665,10.178118233900264,9.17841675698025,14.687770630360832,16.16052146275408,9.943327615089927,7.2276039943082315,13.110149199658709,14.420830180384478,12.392120514551086,10.532557667143026,9.955790978109503,11.063341123386223,10.342841950772172,5.9919253267805175,5.5710980337564715,2,Mammalian
143.06,122.01140034786334,70.79805744528741,17.93829074649414,18.422265987112144,21.854199875274876,9.760184468904733,5.483122073426748,4.9788409201853625,9.652180329825503,15.876828736349276,11.627118839920936,2.447395582971265,13.057114006610787,15.725490026915082,11.938162162968675,11.056373727402665,10.178118233900264,9.17841675698025,14.687770630360832,16.16052146275408,9.943327615089927,7.2276039943082315,13.110149199658709,14.420830180384478,12.392120514551086,10.532557667143026,9.955790978109503,11.063341123386223,10.342841950772172,5.9919253267805175,5.5710980337564715,1,Yeast
20.840000000000003,20.70373608954138,20.297738644488366,19.630337392321845,18.715240973731593,17.57128629290397,16.22211193132273,14.695788951986074,13.024472916841997,11.24421170541637,9.395230558433283,7.523580468446074,5.68703101947835,3.976489897011424,2.6025196416751313,2.113780163652111,2.778488797889961,3.879861379406851,4.983533843146421,5.951890484344228,6.731345306427903,7.296361145613359,7.635025079106528,7.74456234144064,7.629725108970136,7.3022218770728315,6.7807314710827855,6.091629419162466,5.271207057617856,4.371679497052535,3.4773967085958093,2.744653171342371,1,Yeast
20.840000000000003,20.70373608954138,20.297738644488366,19.630337392321845,18.715240973731593,17.57128629290397,16.22211193132273,14.695788951986074,13.024472916841997,11.24421170541637,9.395230558433283,7.523580468446074,5.68703101947835,3.976489897011424,2.6025196416751313,2.113780163652111,2.778488797889961,3.879861379406851,4.983533843146421,5.951890484344228,6.731345306427903,7.296361145613359,7.635025079106528,7.74456234144064,7.629725108970136,7.3022218770728315,6.7807314710827855,6.091629419162466,5.271207057617856,4.371679497052535,3.4773967085958093,2.744653171342371,0,E_coli
20.840000000000003,20.70373608954138,20.297738644488366,19.630337392321845,18.715240973731593,17.57128629290397,16.22211193132273,14.695788951986074,13.024472916841997,11.24421170541637,9.395230558433283,7.523580468446074,5.68703101947835,3.976489897011424,2.6025196416751313,2.113780163652111,2.778488797889961,3.879861379406851,4.983533843146421,5.951890484344228,6.731345306427903,7.296361145613359,7.635025079106528,7.74456234144064,7.629725108970136,7.3022218770728315,6.7807314710827855,6.091629419162466,5.271207057617856,4.371679497052535,3.4773967085958093,2.744653171342371,2,Mammalian
160.86,129.73636163998592,58.00561267186495,7.786249229960754,33.176718369361005,22.167333390191093,12.375246492031286,11.84015596039957,1.9818740825215293,13.946822292581944,12.122694817984424,16.42409643598506,24.09601900747148,15.083990226963692,9.15830159639065,21.752880980742756,19.834238074602204,13.93868079473002,15.524108537719782,10.556446724574423,2.592028770808606,3.074871353860197,5.463331004894374,16.05771936205202,20.948942100283478,19.24594054200174,14.13344237389533,9.414830655268277,17.770126985561404,22.41340371615005,14.12809364870033,6.542211870936888,1,Yeast
160.86,129.73636163998592,58.00561267186495,7.786249229960754,33.176718369361005,22.167333390191093,12.375246492031286,11.84015596039957,1.9818740825215293,13.946822292581944,12.122694817984424,16.42409643598506,24.09601900747148,15.083990226963692,9.15830159639065,21.752880980742756,19.834238074602204,13.93868079473002,15.524108537719782,10.556446724574423,2.592028770808606,3.074871353860197,5.463331004894374,16.05771936205202,20.948942100283478,19.24594054200174,14.13344237389533,9.414830655268277,17.770126985561404,22.41340371615005,14.12809364870033,6.542211870936888,0,E_coli
160.86,129.73636163998592,58.00561267186495,7.786249229960754,33.176718369361005,22.167333390191093,12.375246492031286,11.84015596039957,1.9818740825215293,13.946822292581944,12.122694817984424,16.42409643598506,24.09601900747148,15.083990226963692,9.15830159639065,21.752880980742756,19.834238074602204,13.93868079473002,15.524108537719782,10.556446724574423,2.592028770808606,3.074871353860197,5.463331004894374,16.05771936205202,20.948942100283478,19.24594054200174,14.13344237389533,9.414830655268277,17.770126985561404,22.41340371615005,14.12809364870033,6.542211870936888,2,Mammalian
130.48,109.86630673401966,58.65436499597723,5.427162435425323,34.94859506531496,39.7045708128196,20.25627633133004,10.165476754664265,24.04599044887402,22.246941660667787,9.151930321729392,4.05891250042719,9.263746015397771,6.092044052446618,0.11919220586993559,3.392990266301525,2.6877871939571425,1.973074245711441,4.232503676955945,7.669686501776994,10.491735397551532,9.359611516695836,5.2012071886532185,9.051330781111178,13.826248346267308,12.38187163848442,5.233594668164495,3.1606439515376024,7.788132065560362,6.495025244076827,2.479101443339252,6.617456140683376,0,E_coli
130.48,109.86630673401966,58.65436499597723,5.427162435425323,34.94859506531496,39.7045708128196,20.25627633133004,10.165476754664265,24.04599044887402,22.246941660667787,9.151930321729392,4.05891250042719,9.263746015397771,6.092044052446618,0.11919220586993559,3.392990266301525,2.6877871939571425,1.973074245711441,4.232503676955945,7.669686501776994,10.491735397551532,9.359611516695836,5.2012071886532185,9.051330781111178,13.826248346267308,12.38187163848442,5.233594668164495,3.1606439515376024,7.788132065560362,6.495025244076827,2.479101443339252,6.617456140683376,1,Yeast
130.48,109.86630673401966,58.65436499597723,5.427162435425323,34.94859506531496,39.7045708128196,20.25627633133004,10.165476754664265,24.04599044887402,22.246941660667787,9.151930321729392,4.05891250042719,9.263746015397771,6.092044052446618,0.11919220586993559,3.392990266301525,2.6877871939571425,1.973074245711441,4.232503676955945,7.669686501776994,10.491735397551532,9.359611516695836,5.2012071886532185,9.051330781111178,13.826248346267308,12.38187163848442,5.233594668164495,3.1606439515376024,7.788132065560362,6.495025244076827,2.479101443339252,6.617456140683376,2,Mammalian
135.53,112.3378337133292,55.87843482281309,6.163855257981048,38.001979358985,37.24953492605278,15.440134313794019,15.105665759210332,23.37221742614401,17.324124984491732,7.172082684231755,5.4206490730718055,4.380836054444759,4.774039602761685,4.935501568228788,1.7201357083564606,4.550571392693449,7.017782169213166,7.530769988891153,7.301675456406109,5.7557216687335275,7.241003727068114,10.016221924864452,8.975855013046319,8.796093029581396,11.752482008928787,9.556928321776622,2.1384539365917767,8.4002564446228,10.684342465095543,6.985352614141176,10.405648424142276,0,E_coli
135.53,112.3378337133292,55.87843482281309,6.163855257981048,38.001979358985,37.24953492605278,15.440134313794019,15.105665759210332,23.37221742614401,17.324124984491732,7.172082684231755,5.4206490730718055,4.380836054444759,4.774039602761685,4.935501568228788,1.7201357083564606,4.550571392693449,7.017782169213166,7.530769988891153,7.301675456406109,5.7557216687335275,7.241003727068114,10.016221924864452,8.975855013046319,8.796093029581396,11.752482008928787,9.556928321776622,2.1384539365917767,8.4002564446228,10.684342465095543,6.985352614141176,10.405648424142276,2,Mammalian
135.53,112.3378337133292,55.87843482281309,6.163855257981048,38.001979358985,37.24953492605278,15.440134313794019,15.105665759210332,23.37221742614401,17.324124984491732,7.172082684231755,5.4206490730718055,4.380836054444759,4.774039602761685,4.935501568228788,1.7201357083564606,4.550571392693449,7.017782169213166,7.530769988891153,7.301675456406109,5.7557216687335275,7.241003727068114,10.016221924864452,8.975855013046319,8.796093029581396,11.752482008928787,9.556928321776622,2.1384539365917767,8.4002564446228,10.684342465095543,6.985352614141176,10.405648424142276,1,Yeast
104.19,90.28705606171489,55.095688241269364,14.641747037455158,14.166244629355152,21.992427626123394,11.27337774371003,6.716006869356788,19.225317959541325,19.782872221415264,13.27424230416164,15.26156803814476,19.227267074610108,14.599852726218952,4.397149123803224,8.883315649590436,12.920003869968461,11.036758590477243,12.079032098874727,16.25186462990942,15.461770133838767,8.943583308588765,1.9688339463670101,3.8190571175336108,2.970008308833144,5.813696223532921,10.005486613234433,9.665384794739065,6.863510637509934,9.943434346217211,13.06978868919819,10.890730185145705,1,Yeast
104.19,90.28705606171489,55.095688241269364,14.641747037455158,14.166244629355152,21.992427626123394,11.27337774371003,6.716006869356788,19.225317959541325,19.782872221415264,13.27424230416164,15.26156803814476,19.227267074610108,14.599852726218952,4.397149123803224,8.883315649590436,12.920003869968461,11.036758590477243,12.079032098874727,16.25186462990942,15.461770133838767,8.943583308588765,1.9688339463670101,3.8190571175336108,2.970008308833144,5.813696223532921,10.005486613234433,9.665384794739065,6.863510637509934,9.943434346217211,13.06978868919819,10.890730185145705,0,Mammalian
73.16999999999999,68.95833753551649,57.16372948613012,40.125917162607294,21.24665219452145,6.008436200787776,12.056951936958056,19.177475426873073,20.66615619420976,17.834857847498323,14.076942056019858,13.626384401068107,15.990124589964786,17.22685289631669,15.4330027404951,10.682840556483596,4.174649685901801,2.5343504895421587,7.722369865171067,10.49891462442306,10.599916122494907,8.53015857179028,5.317751430443727,2.167305628364624,0.5132135584001223,1.0776546438286705,1.5931764093068592,3.2789452696886277,5.476154154012915,7.3266693562018395,8.426077516145362,8.839144325549048,2,Yeast
73.16999999999999,68.95833753551649,57.16372948613012,40.125917162607294,21.24665219452145,6.008436200787776,12.056951936958056,19.177475426873073,20.66615619420976,17.834857847498323,14.076942056019858,13.626384401068107,15.990124589964786,17.22685289631669,15.4330027404951,10.682840556483596,4.174649685901801,2.5343504895421587,7.722369865171067,10.49891462442306,10.599916122494907,8.53015857179028,5.317751430443727,2.167305628364624,0.5132135584001223,1.0776546438286705,1.5931764093068592,3.2789452696886277,5.476154154012915,7.3266693562018395,8.426077516145362,8.839144325549048,0,Mammalian
103.27000000000001,90.83709688346498,58.69696046271415,19.90700835936913,12.473105068769375,26.72516275939678,23.789646356050202,10.600379047642836,4.932723036068034,11.473663302438403,10.631624922567655,7.361795144039161,8.043627652668855,7.493264122511922,2.9539882917381504,2.858263332598385,5.958363869385623,4.417430926683069,1.0704791449383713,6.101171247801632,8.47656938617764,6.926233085061669,3.8243894888189702,5.437022970125982,8.225183490320669,8.82925447128071,7.175437578313609,3.9661766906163667,2.2239324562532694,4.910759931293015,5.993736594857928,4.097739426735033,2,Yeast
103.27000000000001,90.83709688346498,58.69696046271415,19.90700835936913,12.473105068769375,26.72516275939678,23.789646356050202,10.600379047642836,4.932723036068034,11.473663302438403,10.631624922567655,7.361795144039161,8.043627652668855,7.493264122511922,2.9539882917381504,2.858263332598385,5.958363869385623,4.417430926683069,1.0704791449383713,6.101171247801632,8.47656938617764,6.926233085061669,3.8243894888189702,5.437022970125982,8.225183490320669,8.82925447128071,7.175437578313609,3.9661766906163667,2.2239324562532694,4.910759931293015,5.993736594857928,4.097739426735033,0,Mammalian
46.150000000000006,45.344776568491305,42.98219957814061,39.21763211187097,34.29739290353934,28.5414501548567,22.323040364062095,16.052241359240675,10.189578492730748,5.449766324529978,3.873303289390408,5.7961662147790864,7.808786534950342,8.938014983258848,9.099575825711073,8.433701848935879,7.206809280118352,5.805002443643791,4.746641714986304,4.494068022839418,4.918962116580103,5.4420647604908705,5.63600654669737,5.333755425935253,4.58212725057685,3.697302020322534,3.433959779918032,4.399462689735324,6.092019744508144,7.868018286443756,9.354933063091256,10.330869415769108,2,Yeast
46.150000000000006,45.344776568491305,42.98219957814061,39.21763211187097,34.29739290353934,28.5414501548567,22.323040364062095,16.052241359240675,10.189578492730748,5.449766324529978,3.873303289390408,5.7961662147790864,7.808786534950342,8.938014983258848,9.099575825711073,8.433701848935879,7.206809280118352,5.805002443643791,4.746641714986304,4.494068022839418,4.918962116580103,5.4420647604908705,5.63600654669737,5.333755425935253,4.58212725057685,3.697302020322534,3.433959779918032,4.399462689735324,6.092019744508144,7.868018286443756,9.354933063091256,10.330869415769108,0,Mammalian
72.98,69.75476874937308,60.60379523251644,46.998930137865024,31.073878034915186,15.216343833893962,1.6424631501388542,8.119485220467169,13.217937097297451,13.873724939423909,11.165241288754482,7.1280791777609585,5.64651747410159,8.08038992545011,10.28900699203303,10.774756735022056,9.78771679197963,8.43552139147926,7.932531095622308,8.220482884454238,8.148850621089505,6.960199224638663,4.695466089703308,2.159287963432165,1.9454919408437374,3.197206437310689,3.2933436642929608,2.626764547331091,4.160766496818857,7.817679996043283,11.602821916401819,14.35717252559266,0,Mammalian
72.98,69.75476874937308,60.60379523251644,46.998930137865024,31.073878034915186,15.216343833893962,1.6424631501388542,8.119485220467169,13.217937097297451,13.873724939423909,11.165241288754482,7.1280791777609585,5.64651747410159,8.08038992545011,10.28900699203303,10.774756735022056,9.78771679197963,8.43552139147926,7.932531095622308,8.220482884454238,8.148850621089505,6.960199224638663,4.695466089703308,2.159287963432165,1.9454919408437374,3.197206437310689,3.2933436642929608,2.626764547331091,4.160766496818857,7.817679996043283,11.602821916401819,14.35717252559266,2,Yeast
73.42,69.06185711498782,56.821247185871506,39.00954288329859,18.900436353432248,1.4857829988262792,15.083245907860324,24.00557342908857,26.635739206353687,23.949835233176106,17.965179367681642,11.22334529401946,6.346932436288728,4.744703126315492,4.004632040224191,2.7377146759773843,3.6100138503889427,6.041637749258311,7.595046919753147,7.642216313497194,6.826368945972792,6.773920195977254,8.005382990466881,8.984587246071571,8.37941507094098,5.847419746788315,2.1210841037853263,3.40948922885269,7.276993975021619,9.790987170116894,10.57490053484666,10.17664721092651,2,Yeast
73.42,69.06185711498782,56.821247185871506,39.00954288329859,18.900436353432248,1.4857829988262792,15.083245907860324,24.00557342908857,26.635739206353687,23.949835233176106,17.965179367681642,11.22334529401946,6.346932436288728,4.744703126315492,4.004632040224191,2.7377146759773843,3.6100138503889427,6.041637749258311,7.595046919753147,7.642216313497194,6.826368945972792,6.773920195977254,8.005382990466881,8.984587246071571,8.37941507094098,5.847419746788315,2.1210841037853263,3.40948922885269,7.276993975021619,9.790987170116894,10.57490053484666,10.17664721092651,0,Mammalian
94.55000000000001,86.7274789077471,65.68315279777994,37.8066762918822,11.1961840849707,7.672289519347201,14.640850678205217,10.962002828888387,1.2327623204407512,9.892731388254152,16.236540941740643,16.055695408211605,10.550077372170641,5.476368941509635,8.690629394084949,11.053089751170509,9.071675699670925,4.0271837125077266,1.3143158913609843,4.215907364724642,3.526081690966259,1.8308690264940688,6.210806821772443,10.085903378757019,11.26295241316865,9.594900575867028,6.35269166951812,3.36789489081751,2.0132752631705433,3.494085363551606,6.737535889048272,9.7542873077081,0,Mammalian
94.55000000000001,86.7274789077471,65.68315279777994,37.8066762918822,11.1961840849707,7.672289519347201,14.640850678205217,10.962002828888387,1.2327623204407512,9.892731388254152,16.236540941740643,16.055695408211605,10.550077372170641,5.476368941509635,8.690629394084949,11.053089751170509,9.071675699670925,4.0271837125077266,1.3143158913609843,4.215907364724642,3.526081690966259,1.8308690264940688,6.210806821772443,10.085903378757019,11.26295241316865,9.594900575867028,6.35269166951812,3.36789489081751,2.0132752631705433,3.494085363551606,6.737535889048272,9.7542873077081,2,Yeast
92.25,86.46824863545797,70.44162543696179,47.789136737021835,23.597963299053763,5.965342235497299,14.266285761276135,19.833822255218124,17.930905016841578,11.395938392264608,7.331940122134007,11.540266075553458,14.980500229508381,14.322336495939025,10.111918912300782,5.0658081406040525,5.327860733915632,8.075561528403892,8.51699608347173,7.063262163153166,6.822535392522633,9.30714785604672,11.572705725021487,11.64263818562666,9.182180856256606,5.061970677537125,2.717046440290438,5.865802799188584,8.539493651732927,9.45203969250292,8.826888743513859,7.525201084716816,2,Yeast
92.25,86.46824863545797,70.44162543696179,47.789136737021835,23.597963299053763,5.965342235497299,14.266285761276135,19.833822255218124,17.930905016841578,11.395938392264608,7.331940122134007,11.540266075553458,14.980500229508381,14.322336495939025,10.111918912300782,5.0658081406040525,5.327860733915632,8.075561528403892,8.51699608347173,7.063262163153166,6.822535392522633,9.30714785604672,11.572705725021487,11.64263818562666,9.182180856256606,5.061970677537125,2.717046440290438,5.865802799188584,8.539493651732927,9.45203969250292,8.826888743513859,7.525201084716816,0,Mammalian
201.27,106.99955899992628,29.3265725772193,30.815637398672603,23.485059066208148,12.826098081252448,27.85662900237908,3.730191283884641,20.28925698062533,3.3361545695370727,9.994231694975682,15.834097707938152,19.12682557096133,1.723098520198945,11.083905265008418,11.171783880263384,5.637242233574857,7.14276711314361,7.808737738735893,4.717340384015313,22.868011312389637,11.33830960651391,5.209257637451906,14.200696143923288,17.74208136533441,15.34009696781303,28.68843342357171,4.321612189494564,17.06535094427166,6.987538881998913,13.851259000392291,7.676254350549855,0,Mammalian
201.27,106.99955899992628,29.3265725772193,30.815637398672603,23.485059066208148,12.826098081252448,27.85662900237908,3.730191283884641,20.28925698062533,3.3361545695370727,9.994231694975682,15.834097707938152,19.12682557096133,1.723098520198945,11.083905265008418,11.171783880263384,5.637242233574857,7.14276711314361,7.808737738735893,4.717340384015313,22.868011312389637,11.33830960651391,5.209257637451906,14.200696143923288,17.74208136533441,15.34009696781303,28.68843342357171,4.321612189494564,17.06535094427166,6.987538881998913,13.851259000392291,7.676254350549855,0,Yeast
201.27,106.99955899992628,29.3265725772193,30.815637398672603,23.485059066208148,12.826098081252448,27.85662900237908,3.730191283884641,20.28925698062533,3.3361545695370727,9.994231694975682,15.834097707938152,19.12682557096133,1.723098520198945,11.083905265008418,11.171783880263384,5.637242233574857,7.14276711314361,7.808737738735893,4.717340384015313,22.868011312389637,11.33830960651391,5.209257637451906,14.200696143923288,17.74208136533441,15.34009696781303,28.68843342357171,4.321612189494564,17.06535094427166,6.987538881998913,13.851259000392291,7.676254350549855,0,E_coli
123.75999999999999,111.48056935870221,79.04841964994517,37.85278437491877,3.192420725390618,20.207017940876174,22.9337085263642,11.605885195249561,5.5480930039799805,16.94772573292418,18.34175092913787,9.7428970073632,3.5827934524704363,14.201884099584838,16.878214815573678,10.607449156574084,1.696643745752188,12.416863949243027,17.66883973141258,14.898987700636031,5.9193775853494595,4.897043503330759,12.4389370686551,14.013300043955981,9.831045927020602,4.124518352657714,8.583991289048875,14.918680529476712,18.9684213890111,20.18990559968685,18.332202329888734,14.187591746170321,0,Yeast
123.75999999999999,111.48056935870221,79.04841964994517,37.85278437491877,3.192420725390618,20.207017940876174,22.9337085263642,11.605885195249561,5.5480930039799805,16.94772573292418,18.34175092913787,9.7428970073632,3.5827934524704363,14.201884099584838,16.878214815573678,10.607449156574084,1.696643745752188,12.416863949243027,17.66883973141258,14.898987700636031,5.9193775853494595,4.897043503330759,12.4389370686551,14.013300043955981,9.831045927020602,4.124518352657714,8.583991289048875,14.918680529476712,18.9684213890111,20.18990559968685,18.332202329888734,14.187591746170321,0,E_coli
123.75999999999999,111.48056935870221,79.04841964994517,37.85278437491877,3.192420725390618,20.207017940876174,22.9337085263642,11.605885195249561,5.5480930039799805,16.94772573292418,18.34175092913787,9.7428970073632,3.5827934524704363,14.201884099584838,16.878214815573678,10.607449156574084,1.696643745752188,12.416863949243027,17.66883973141258,14.898987700636031,5.9193775853494595,4.897043503330759,12.4389370686551,14.013300043955981,9.831045927020602,4.124518352657714,8.583991289048875,14.918680529476712,18.9684213890111,20.18990559968685,18.332202329888734,14.187591746170321,0,Mammalian
112.46000000000001,100.38576805337244,68.56017459507056,28.35137475685204,7.3038543150601525,26.693249378650027,27.691100275711925,14.673335799181155,6.657760011020161,19.04266739695344,22.366304971424448,15.823528649404356,5.913254362195979,7.662622728794207,9.12742762446993,5.5355256014530605,12.86851195748755,23.33265296379031,27.961710984065345,24.285320204184,14.058758112344256,2.157535760015023,8.004804051366465,11.956678038087556,10.684167334690185,7.37641801449846,6.771681429480143,8.831854831810656,10.795112566849033,11.675314619224846,10.37167553771649,6.212740830236409,0,Yeast
112.46000000000001,100.38576805337244,68.56017459507056,28.35137475685204,7.3038543150601525,26.693249378650027,27.691100275711925,14.673335799181155,6.657760011020161,19.04266739695344,22.366304971424448,15.823528649404356,5.913254362195979,7.662622728794207,9.12742762446993,5.5355256014530605,12.86851195748755,23.33265296379031,27.961710984065345,24.285320204184,14.058758112344256,2.157535760015023,8.004804051366465,11.956678038087556,10.684167334690185,7.37641801449846,6.771681429480143,8.831854831810656,10.795112566849033,11.675314619224846,10.37167553771649,6.212740830236409,0,E_coli
112.46000000000001,100.38576805337244,68.56017459507056,28.35137475685204,7.3038543150601525,26.693249378650027,27.691100275711925,14.673335799181155,6.657760011020161,19.04266739695344,22.366304971424448,15.823528649404356,5.913254362195979,7.662622728794207,9.12742762446993,5.5355256014530605,12.86851195748755,23.33265296379031,27.961710984065345,24.285320204184,14.058758112344256,2.157535760015023,8.004804051366465,11.956678038087556,10.684167334690185,7.37641801449846,6.771681429480143,8.831854831810656,10.795112566849033,11.675314619224846,10.37167553771649,6.212740830236409,0,Mammalian
66.66,64.85952163533034,59.632095181750934,51.48249620952022,41.198231221712085,29.78563403779299,18.447010883917823,9.004642567853358,6.946745381357122,11.513861236167555,15.008603263407137,16.043977725256966,14.705939935967859,11.635924679926896,8.173323291035025,7.054516859542968,9.535040639661691,12.784994805686358,14.959265214143944,15.355266160412244,13.790277052766934,10.454022032106112,5.9622761754205555,3.108995639709816,7.046696290219516,11.878682635521512,15.602588618933137,17.584310750123347,17.519764085454522,15.382830186157705,11.412103381688102,6.078174853475103,0,E_coli
66.66,64.85952163533034,59.632095181750934,51.48249620952022,41.198231221712085,29.78563403779299,18.447010883917823,9.004642567853358,6.946745381357122,11.513861236167555,15.008603263407137,16.043977725256966,14.705939935967859,11.635924679926896,8.173323291035025,7.054516859542968,9.535040639661691,12.784994805686358,14.959265214143944,15.355266160412244,13.790277052766934,10.454022032106112,5.9622761754205555,3.108995639709816,7.046696290219516,11.878682635521512,15.602588618933137,17.584310750123347,17.519764085454522,15.382830186157705,11.412103381688102,6.078174853475103,0,Yeast
66.66,64.85952163533034,59.632095181750934,51.48249620952022,41.198231221712085,29.78563403779299,18.447010883917823,9.004642567853358,6.946745381357122,11.513861236167555,15.008603263407137,16.043977725256966,14.705939935967859,11.635924679926896,8.173323291035025,7.054516859542968,9.535040639661691,12.784994805686358,14.959265214143944,15.355266160412244,13.790277052766934,10.454022032106112,5.9622761754205555,3.108995639709816,7.046696290219516,11.878682635521512,15.602588618933137,17.584310750123347,17.519764085454522,15.382830186157705,11.412103381688102,6.078174853475103,0,Mammalian
86.63,80.49372151650105,63.59088577417796,40.01187089595867,15.278444098597763,5.194302979985745,17.523335498262693,20.34792389117176,14.985226225043172,4.974574054776103,6.3862930623781695,13.77675383650973,15.779447989569439,12.24949583702771,5.800002990959408,6.693299681427916,12.414994965766192,14.619441428728734,12.188929996599079,6.119556627478345,1.408649075626017,7.8141146731426865,11.27766375581447,11.270175739335034,9.077334134220155,7.822948528059392,9.006617915929862,9.803113197815023,8.430176442532755,5.815785784621153,5.840231601769476,8.459979010340213,0,Mammalian
86.63,80.49372151650105,63.59088577417796,40.01187089595867,15.278444098597763,5.194302979985745,17.523335498262693,20.34792389117176,14.985226225043172,4.974574054776103,6.3862930623781695,13.77675383650973,15.779447989569439,12.24949583702771,5.800002990959408,6.693299681427916,12.414994965766192,14.619441428728734,12.188929996599079,6.119556627478345,1.408649075626017,7.8141146731426865,11.27766375581447,11.270175739335034,9.077334134220155,7.822948528059392,9.006617915929862,9.803113197815023,8.430176442532755,5.815785784621153,5.840231601769476,8.459979010340213,0,Yeast
86.63,80.49372151650105,63.59088577417796,40.01187089595867,15.278444098597763,5.194302979985745,17.523335498262693,20.34792389117176,14.985226225043172,4.974574054776103,6.3862930623781695,13.77675383650973,15.779447989569439,12.24949583702771,5.800002990959408,6.693299681427916,12.414994965766192,14.619441428728734,12.188929996599079,6.119556627478345,1.408649075626017,7.8141146731426865,11.27766375581447,11.270175739335034,9.077334134220155,7.822948528059392,9.006617915929862,9.803113197815023,8.430176442532755,5.815785784621153,5.840231601769476,8.459979010340213,0,E_coli
71.25,68.02396517610978,58.88181356552665,45.33659118792266,29.634773245117838,14.61607634027497,6.580647587702423,11.851743503959682,15.86763334387838,15.655152203179824,11.84833038369733,5.897584822262977,0.4887590428076521,5.754216661003062,8.833730171733528,9.376982578704322,7.93589944492746,6.397221058548455,7.511591159219672,10.468182114992757,12.993193014364774,14.143941228761475,13.903950437806976,12.855066128676238,11.8217601085557,11.286368876430716,10.996866853499636,10.358336665553336,9.029433238026863,7.086344977691182,4.884021582561718,2.8757297946833975,0,E_coli
71.25,68.02396517610978,58.88181356552665,45.33659118792266,29.634773245117838,14.61607634027497,6.580647587702423,11.851743503959682,15.86763334387838,15.655152203179824,11.84833038369733,5.897584822262977,0.4887590428076521,5.754216661003062,8.833730171733528,9.376982578704322,7.93589944492746,6.397221058548455,7.511591159219672,10.468182114992757,12.993193014364774,14.143941228761475,13.903950437806976,12.855066128676238,11.8217601085557,11.286368876430716,10.996866853499636,10.358336665553336,9.029433238026863,7.086344977691182,4.884021582561718,2.8757297946833975,0,Yeast
71.25,68.02396517610978,58.88181356552665,45.33659118792266,29.634773245117838,14.61607634027497,6.580647587702423,11.851743503959682,15.86763334387838,15.655152203179824,11.84833038369733,5.897584822262977,0.4887590428076521,5.754216661003062,8.833730171733528,9.376982578704322,7.93589944492746,6.397221058548455,7.511591159219672,10.468182114992757,12.993193014364774,14.143941228761475,13.903950437806976,12.855066128676238,11.8217601085557,11.286368876430716,10.996866853499636,10.358336665553336,9.029433238026863,7.086344977691182,4.884021582561718,2.8757297946833975,0,Mammalian
189.58,127.68208182067288,9.629741809443088,49.802513392628654,19.260412635814742,28.69997578871026,28.222225389208095,2.7064877332923194,12.743068267554307,8.515678586892113,7.663326031714575,12.888783105440012,21.429891225198485,5.188583753493027,19.560957765709794,14.579330536992922,8.52502199410652,19.723930240631187,10.40911401354989,9.015869722658463,18.877475989563298,11.520155868026562,7.8798392012481235,15.317909160448796,6.858178411827044,12.690460370152831,5.611639753872142,8.475260504540326,10.43951950224579,14.377394752536507,9.746117743600243,13.244500572828773,0,Mammalian
189.58,127.68208182067288,9.629741809443088,49.802513392628654,19.260412635814742,28.69997578871026,28.222225389208095,2.7064877332923194,12.743068267554307,8.515678586892113,7.663326031714575,12.888783105440012,21.429891225198485,5.188583753493027,19.560957765709794,14.579330536992922,8.52502199410652,19.723930240631187,10.40911401354989,9.015869722658463,18.877475989563298,11.520155868026562,7.8798392012481235,15.317909160448796,6.858178411827044,12.690460370152831,5.611639753872142,8.475260504540326,10.43951950224579,14.377394752536507,9.746117743600243,13.244500572828773,0,Yeast
189.58,127.68208182067288,9.629741809443088,49.802513392628654,19.260412635814742,28.69997578871026,28.222225389208095,2.7064877332923194,12.743068267554307,8.515678586892113,7.663326031714575,12.888783105440012,21.429891225198485,5.188583753493027,19.560957765709794,14.579330536992922,8.52502199410652,19.723930240631187,10.40911401354989,9.015869722658463,18.877475989563298,11.520155868026562,7.8798392012481235,15.317909160448796,6.858178411827044,12.690460370152831,5.611639753872142,8.475260504540326,10.43951950224579,14.377394752536507,9.746117743600243,13.244500572828773,0,E_coli
48.230000000000004,47.02361911343755,43.50846785777021,37.98655647512164,30.929595361385456,22.937994736850722,14.704917965454852,7.102256102239608,3.3786875018387152,7.317664244379607,11.06308324211595,13.169127095655917,13.56196478392005,12.44840855040819,10.224676560574952,7.487870428379366,5.22644238464369,4.915388626220673,6.371275607992764,7.987457629491148,9.010035406965422,9.267345799710478,8.869710569242164,8.121205363926137,7.454573815109677,7.260453132470309,7.610295815425447,8.229879735850375,8.792002271718621,9.119245730557958,9.206240810170573,9.16434332553302,0,E_coli
48.230000000000004,47.02361911343755,43.50846785777021,37.98655647512164,30.929595361385456,22.937994736850722,14.704917965454852,7.102256102239608,3.3786875018387152,7.317664244379607,11.06308324211595,13.169127095655917,13.56196478392005,12.44840855040819,10.224676560574952,7.487870428379366,5.22644238464369,4.915388626220673,6.371275607992764,7.987457629491148,9.010035406965422,9.267345799710478,8.869710569242164,8.121205363926137,7.454573815109677,7.260453132470309,7.610295815425447,8.229879735850375,8.792002271718621,9.119245730557958,9.206240810170573,9.16434332553302,0,Yeast
48.230000000000004,47.02361911343755,43.50846785777021,37.98655647512164,30.929595361385456,22.937994736850722,14.704917965454852,7.102256102239608,3.3786875018387152,7.317664244379607,11.06308324211595,13.169127095655917,13.56196478392005,12.44840855040819,10.224676560574952,7.487870428379366,5.22644238464369,4.915388626220673,6.371275607992764,7.987457629491148,9.010035406965422,9.267345799710478,8.869710569242164,8.121205363926137,7.454573815109677,7.260453132470309,7.610295815425447,8.229879735850375,8.792002271718621,9.119245730557958,9.206240810170573,9.16434332553302,0,Mammalian
48.5,47.293614118792895,43.77844071450627,38.25645853494053,31.199273977484374,23.206919639503187,14.97076518440268,7.347228208780525,3.3299917734856974,7.077361245970058,10.802930393838025,12.903020024465187,13.29295446097657,12.178432254397347,9.958079673651003,7.241038037988973,5.06616225559348,4.950297376077096,6.537042327671225,8.208012192417813,9.258001949837933,9.531173321871227,9.139709578938243,8.381064086551632,7.674265749146139,7.402351801114687,7.655052148221342,8.184579912073522,8.672719577679572,8.940136794466584,8.979901199119958,8.905960680089722,0,E_coli
48.5,47.293614118792895,43.77844071450627,38.25645853494053,31.199273977484374,23.206919639503187,14.97076518440268,7.347228208780525,3.3299917734856974,7.077361245970058,10.802930393838025,12.903020024465187,13.29295446097657,12.178432254397347,9.958079673651003,7.241038037988973,5.06616225559348,4.950297376077096,6.537042327671225,8.208012192417813,9.258001949837933,9.531173321871227,9.139709578938243,8.381064086551632,7.674265749146139,7.402351801114687,7.655052148221342,8.184579912073522,8.672719577679572,8.940136794466584,8.979901199119958,8.905960680089722,0,Yeast
48.5,47.293614118792895,43.77844071450627,38.25645853494053,31.199273977484374,23.206919639503187,14.97076518440268,7.347228208780525,3.3299917734856974,7.077361245970058,10.802930393838025,12.903020024465187,13.29295446097657,12.178432254397347,9.958079673651003,7.241038037988973,5.06616225559348,4.950297376077096,6.537042327671225,8.208012192417813,9.258001949837933,9.531173321871227,9.139709578938243,8.381064086551632,7.674265749146139,7.402351801114687,7.655052148221342,8.184579912073522,8.672719577679572,8.940136794466584,8.979901199119958,8.905960680089722,0,Mammalian
86.6,81.70725321345013,68.03156830453977,48.35104559564896,26.626532813727458,7.9510954040849375,10.247862708353383,17.382774514369853,17.865923144794902,13.070517993786735,7.382851373221985,9.476580590861843,14.624563330542646,16.806317378468087,15.095847932164306,10.381602157631418,4.617748369064732,2.436276347876649,4.755224190563794,4.951395218205133,3.977161364354696,5.91816325744059,9.65312072993342,12.162447224146245,12.11889393403052,9.46095399789756,5.846093009300191,6.281607853481711,10.209568315669697,13.110735936416143,13.865965683744582,13.094534212050162,0,Mammalian
86.6,81.70725321345013,68.03156830453977,48.35104559564896,26.626532813727458,7.9510954040849375,10.247862708353383,17.382774514369853,17.865923144794902,13.070517993786735,7.382851373221985,9.476580590861843,14.624563330542646,16.806317378468087,15.095847932164306,10.381602157631418,4.617748369064732,2.436276347876649,4.755224190563794,4.951395218205133,3.977161364354696,5.91816325744059,9.65312072993342,12.162447224146245,12.11889393403052,9.46095399789756,5.846093009300191,6.281607853481711,10.209568315669697,13.110735936416143,13.865965683744582,13.094534212050162,0,E_coli
86.6,81.70725321345013,68.03156830453977,48.35104559564896,26.626532813727458,7.9510954040849375,10.247862708353383,17.382774514369853,17.865923144794902,13.070517993786735,7.382851373221985,9.476580590861843,14.624563330542646,16.806317378468087,15.095847932164306,10.381602157631418,4.617748369064732,2.436276347876649,4.755224190563794,4.951395218205133,3.977161364354696,5.91816325744059,9.65312072993342,12.162447224146245,12.11889393403052,9.46095399789756,5.846093009300191,6.281607853481711,10.209568315669697,13.110735936416143,13.865965683744582,13.094534212050162,0,Yeast
116.54,107.17580881373556,81.77283750166825,47.50051144366046,13.666599640603629,11.778375286338319,23.495422340804097,22.10789125343164,13.58039298666303,12.723989770367677,19.469789697657962,20.50502728535484,13.596256529359275,2.667271290640342,11.31488794150426,18.66928755935175,18.522138105521194,11.375955171556026,4.4390747186633615,12.783143281102749,18.812311539833352,18.590747718255688,14.027890436491454,12.608301499883838,17.49394541913841,20.9676268370294,19.394716340915394,13.589606399793261,7.860254269396187,8.0757067377055,9.379438125630145,7.595923357551793,0,Mammalian
116.54,107.17580881373556,81.77283750166825,47.50051144366046,13.666599640603629,11.778375286338319,23.495422340804097,22.10789125343164,13.58039298666303,12.723989770367677,19.469789697657962,20.50502728535484,13.596256529359275,2.667271290640342,11.31488794150426,18.66928755935175,18.522138105521194,11.375955171556026,4.4390747186633615,12.783143281102749,18.812311539833352,18.590747718255688,14.027890436491454,12.608301499883838,17.49394541913841,20.9676268370294,19.394716340915394,13.589606399793261,7.860254269396187,8.0757067377055,9.379438125630145,7.595923357551793,0,Yeast
116.54,107.17580881373556,81.77283750166825,47.50051144366046,13.666599640603629,11.778375286338319,23.495422340804097,22.10789125343164,13.58039298666303,12.723989770367677,19.469789697657962,20.50502728535484,13.596256529359275,2.667271290640342,11.31488794150426,18.66928755935175,18.522138105521194,11.375955171556026,4.4390747186633615,12.783143281102749,18.812311539833352,18.590747718255688,14.027890436491454,12.608301499883838,17.49394541913841,20.9676268370294,19.394716340915394,13.589606399793261,7.860254269396187,8.0757067377055,9.379438125630145,7.595923357551793,0,E_coli
150.51,130.1898865051745,79.32371957836654,23.81159560826513,23.172913783717004,32.05120449433102,18.188756455340393,7.0782834458221995,17.389837988835474,14.687422832438065,9.476551162104721,15.498362032128744,13.810151783569145,2.965909439698611,15.303421079974058,24.10171001179941,21.757731959007124,12.460402631660452,7.935908708939608,8.90959930758489,6.686184798688247,7.292897972618895,9.477317189075709,9.074349626190346,9.876038412341993,11.188099993447855,9.774903411921425,11.09727124290449,16.386406174783737,18.03967707715103,13.96955286795665,7.173643826831324,0,Yeast
150.51,130.1898865051745,79.32371957836654,23.81159560826513,23.172913783717004,32.05120449433102,18.188756455340393,7.0782834458221995,17.389837988835474,14.687422832438065,9.476551162104721,15.498362032128744,13.810151783569145,2.965909439698611,15.303421079974058,24.10171001179941,21.757731959007124,12.460402631660452,7.935908708939608,8.90959930758489,6.686184798688247,7.292897972618895,9.477317189075709,9.074349626190346,9.876038412341993,11.188099993447855,9.774903411921425,11.09727124290449,16.386406174783737,18.03967707715103,13.96955286795665,7.173643826831324,0,Mammalian
150.51,130.1898865051745,79.32371957836654,23.81159560826513,23.172913783717004,32.05120449433102,18.188756455340393,7.0782834458221995,17.389837988835474,14.687422832438065,9.476551162104721,15.498362032128744,13.810151783569145,2.965909439698611,15.303421079974058,24.10171001179941,21.757731959007124,12.460402631660452,7.935908708939608,8.90959930758489,6.686184798688247,7.292897972618895,9.477317189075709,9.074349626190346,9.876038412341993,11.188099993447855,9.774903411921425,11.09727124290449,16.386406174783737,18.03967707715103,13.96955286795665,7.173643826831324,0,E_coli
124.80000000000001,107.82774331683866,64.85275558243227,17.842945730985413,26.857935805973156,37.63594274398485,26.58581293087432,12.236234832995585,21.06148742548728,23.820815551047975,14.433939241391766,7.574496644026854,14.138072601000987,13.062382506987456,4.4957776153640285,6.380906997692523,9.927819498762052,5.718189087398559,3.7650096606447896,9.784247980689559,9.515046891047044,4.528595424063175,7.658663652454232,11.213723010994338,8.655503880539902,4.347617800955086,8.136993613401973,9.5129388252598,5.4119562112258714,2.607513029996624,6.357211183226941,5.284458422196699,0,Mammalian
124.80000000000001,107.82774331683866,64.85275558243227,17.842945730985413,26.857935805973156,37.63594274398485,26.58581293087432,12.236234832995585,21.06148742548728,23.820815551047975,14.433939241391766,7.574496644026854,14.138072601000987,13.062382506987456,4.4957776153640285,6.380906997692523,9.927819498762052,5.718189087398559,3.7650096606447896,9.784247980689559,9.515046891047044,4.528595424063175,7.658663652454232,11.213723010994338,8.655503880539902,4.347617800955086,8.136993613401973,9.5129388252598,5.4119562112258714,2.607513029996624,6.357211183226941,5.284458422196699,0,E_coli
124.80000000000001,107.82774331683866,64.85275558243227,17.842945730985413,26.857935805973156,37.63594274398485,26.58581293087432,12.236234832995585,21.06148742548728,23.820815551047975,14.433939241391766,7.574496644026854,14.138072601000987,13.062382506987456,4.4957776153640285,6.380906997692523,9.927819498762052,5.718189087398559,3.7650096606447896,9.784247980689559,9.515046891047044,4.528595424063175,7.658663652454232,11.213723010994338,8.655503880539902,4.347617800955086,8.136993613401973,9.5129388252598,5.4119562112258714,2.607513029996624,6.357211183226941,5.284458422196699,0,Yeast
83.22,79.10413700704112,67.4978677386857,50.51906975213471,31.487628787296174,15.864201910152307,14.959409158320332,22.206319269846432,25.671504132821795,23.77341491034502,17.6622795864253,9.764426911527687,5.288676327508552,8.72133055855303,11.37114120367255,10.703769394731406,7.03900561159032,2.0177161089705646,4.685048873252822,8.989357961817833,10.987943373783168,10.269707727054838,7.397274919605753,4.497805256892493,5.7924326114779765,8.800256426201319,10.291249775690074,9.483777453588356,6.5956528464453275,2.5537343618865123,2.1443355090332754,5.127749572213618,0,E_coli
83.22,79.10413700704112,67.4978677386857,50.51906975213471,31.487628787296174,15.864201910152307,14.959409158320332,22.206319269846432,25.671504132821795,23.77341491034502,17.6622795864253,9.764426911527687,5.288676327508552,8.72133055855303,11.37114120367255,10.703769394731406,7.03900561159032,2.0177161089705646,4.685048873252822,8.989357961817833,10.987943373783168,10.269707727054838,7.397274919605753,4.497805256892493,5.7924326114779765,8.800256426201319,10.291249775690074,9.483777453588356,6.5956528464453275,2.5537343618865123,2.1443355090332754,5.127749572213618,0,Mammalian
83.22,79.10413700704112,67.4978677386857,50.51906975213471,31.487628787296174,15.864201910152307,14.959409158320332,22.206319269846432,25.671504132821795,23.77341491034502,17.6622795864253,9.764426911527687,5.288676327508552,8.72133055855303,11.37114120367255,10.703769394731406,7.03900561159032,2.0177161089705646,4.685048873252822,8.989357961817833,10.987943373783168,10.269707727054838,7.397274919605753,4.497805256892493,5.7924326114779765,8.800256426201319,10.291249775690074,9.483777453588356,6.5956528464453275,2.5537343618865123,2.1443355090332754,5.127749572213618,0,Yeast
113.14000000000001,100.99594392896898,69.0836553850745,29.730855231434315,15.197588196022478,31.851511490846566,33.344348553296484,21.667911587544456,11.510172991463188,18.01382038943735,20.821587107793526,14.616552419624234,5.4045178118237445,9.238852162590883,12.314973269832246,8.438012473463939,1.2160592090848226,7.30679735993922,9.866098982361537,6.8201981256929365,3.9862694485971084,8.838621888286768,10.984639681579946,8.186456879962373,4.4858798141046305,7.959252572914151,10.440731398605818,8.296646128067664,3.1647679423584023,4.148452863211316,6.626947386745777,4.877130706387318,0,E_coli
113.14000000000001,100.99594392896898,69.0836553850745,29.730855231434315,15.197588196022478,31.851511490846566,33.344348553296484,21.667911587544456,11.510172991463188,18.01382038943735,20.821587107793526,14.616552419624234,5.4045178118237445,9.238852162590883,12.314973269832246,8.438012473463939,1.2160592090848226,7.30679735993922,9.866098982361537,6.8201981256929365,3.9862694485971084,8.838621888286768,10.984639681579946,8.186456879962373,4.4858798141046305,7.959252572914151,10.440731398605818,8.296646128067664,3.1647679423584023,4.148452863211316,6.626947386745777,4.877130706387318,0,Mammalian
113.14000000000001,100.99594392896898,69.0836553850745,29.730855231434315,15.197588196022478,31.851511490846566,33.344348553296484,21.667911587544456,11.510172991463188,18.01382038943735,20.821587107793526,14.616552419624234,5.4045178118237445,9.238852162590883,12.314973269832246,8.438012473463939,1.2160592090848226,7.30679735993922,9.866098982361537,6.8201981256929365,3.9862694485971084,8.838621888286768,10.984639681579946,8.186456879962373,4.4858798141046305,7.959252572914151,10.440731398605818,8.296646128067664,3.1647679423584023,4.148452863211316,6.626947386745777,4.877130706387318,0,Yeast
119.12000000000002,104.68602752582933,67.42418243614149,23.779918331971082,20.566969302658666,35.53865458138016,30.98159888419078,15.734988888186587,15.298346947904523,22.624929783111273,19.344037770312788,8.655224021358539,8.581948866854082,13.615410409228405,10.606290438321713,2.4581491286229236,6.7712923434157,9.359426753634871,5.472733993888662,4.307465948214752,9.939078960806292,10.586183289348456,6.062930838522226,5.607516455836581,10.218912890397904,10.271679740420884,5.820753706070052,4.687139286813643,7.897027083723075,6.946921909669927,1.9828862419204556,3.788347796405426,0,Mammalian
119.12000000000002,104.68602752582933,67.42418243614149,23.779918331971082,20.566969302658666,35.53865458138016,30.98159888419078,15.734988888186587,15.298346947904523,22.624929783111273,19.344037770312788,8.655224021358539,8.581948866854082,13.615410409228405,10.606290438321713,2.4581491286229236,6.7712923434157,9.359426753634871,5.472733993888662,4.307465948214752,9.939078960806292,10.586183289348456,6.062930838522226,5.607516455836581,10.218912890397904,10.271679740420884,5.820753706070052,4.687139286813643,7.897027083723075,6.946921909669927,1.9828862419204556,3.788347796405426,0,E_coli
119.12000000000002,104.68602752582933,67.42418243614149,23.779918331971082,20.566969302658666,35.53865458138016,30.98159888419078,15.734988888186587,15.298346947904523,22.624929783111273,19.344037770312788,8.655224021358539,8.581948866854082,13.615410409228405,10.606290438321713,2.4581491286229236,6.7712923434157,9.359426753634871,5.472733993888662,4.307465948214752,9.939078960806292,10.586183289348456,6.062930838522226,5.607516455836581,10.218912890397904,10.271679740420884,5.820753706070052,4.687139286813643,7.897027083723075,6.946921909669927,1.9828862419204556,3.788347796405426,0,Yeast
125.10000000000002,108.12498911923623,65.12927077114826,17.934562671098877,26.54689280986031,37.422717157263705,26.523760402181505,12.52984034904756,21.269706069640627,23.893539172977142,14.334791325083529,7.264136723907426,14.116614109658489,13.211294586241728,4.818771595182062,6.209268006092001,9.660828121853742,5.435642913816595,3.959542491416376,10.038987922602256,9.78552015434324,4.664139468542994,7.360688226555176,10.905444704815851,8.452526469115172,4.558863466199791,8.394968203232292,9.665665744092877,5.453666980089679,2.3976929005265673,6.267585012007263,5.246679480626589,0,E_coli
125.10000000000002,108.12498911923623,65.12927077114826,17.934562671098877,26.54689280986031,37.422717157263705,26.523760402181505,12.52984034904756,21.269706069640627,23.893539172977142,14.334791325083529,7.264136723907426,14.116614109658489,13.211294586241728,4.818771595182062,6.209268006092001,9.660828121853742,5.435642913816595,3.959542491416376,10.038987922602256,9.78552015434324,4.664139468542994,7.360688226555176,10.905444704815851,8.452526469115172,4.558863466199791,8.394968203232292,9.665665744092877,5.453666980089679,2.3976929005265673,6.267585012007263,5.246679480626589,0,Mammalian
125.10000000000002,108.12498911923623,65.12927077114826,17.934562671098877,26.54689280986031,37.422717157263705,26.523760402181505,12.52984034904756,21.269706069640627,23.893539172977142,14.334791325083529,7.264136723907426,14.116614109658489,13.211294586241728,4.818771595182062,6.209268006092001,9.660828121853742,5.435642913816595,3.959542491416376,10.038987922602256,9.78552015434324,4.664139468542994,7.360688226555176,10.905444704815851,8.452526469115172,4.558863466199791,8.394968203232292,9.665665744092877,5.453666980089679,2.3976929005265673,6.267585012007263,5.246679480626589,0,Yeast
131.10000000000002,111.31546458137869,62.213569050678196,13.154430640347284,32.16372862994464,37.34363324266582,20.69794069190648,15.467402068193728,25.699557789734087,21.403996480877574,8.778889910318043,13.081825931492446,15.851906548518244,8.245344741809358,5.261909043408707,10.50929911903724,6.995112579508639,2.6001136183742206,9.43398439688045,9.003193141179741,3.876877571649411,8.558386447534165,10.91155578438177,6.585678676893983,5.81191271545935,10.489420920925463,9.21503127607685,3.7561355924316673,6.149523533637832,7.5065115478150375,3.1537231325680546,3.286498877105864,0,E_coli
131.10000000000002,111.31546458137869,62.213569050678196,13.154430640347284,32.16372862994464,37.34363324266582,20.69794069190648,15.467402068193728,25.699557789734087,21.403996480877574,8.778889910318043,13.081825931492446,15.851906548518244,8.245344741809358,5.261909043408707,10.50929911903724,6.995112579508639,2.6001136183742206,9.43398439688045,9.003193141179741,3.876877571649411,8.558386447534165,10.91155578438177,6.585678676893983,5.81191271545935,10.489420920925463,9.21503127607685,3.7561355924316673,6.149523533637832,7.5065115478150375,3.1537231325680546,3.286498877105864,0,Mammalian
131.10000000000002,111.31546458137869,62.213569050678196,13.154430640347284,32.16372862994464,37.34363324266582,20.69794069190648,15.467402068193728,25.699557789734087,21.403996480877574,8.778889910318043,13.081825931492446,15.851906548518244,8.245344741809358,5.261909043408707,10.50929911903724,6.995112579508639,2.6001136183742206,9.43398439688045,9.003193141179741,3.876877571649411,8.558386447534165,10.91155578438177,6.585678676893983,5.81191271545935,10.489420920925463,9.21503127607685,3.7561355924316673,6.149523533637832,7.5065115478150375,3.1537231325680546,3.286498877105864,0,Yeast
119.44,104.90039628903419,67.39964165277254,23.637472675313898,20.938626689904634,35.65631164247235,30.632374954040703,14.905230146283758,15.338549291735218,23.034227494777415,19.674857984968373,8.985495415927266,8.910714062672447,13.621480470958252,10.212793701467776,1.5795498809154234,7.4094534211370835,9.895850766649515,5.617087390854361,4.267026011341776,10.171549447683063,10.772779653148252,5.972020978300024,5.559883535778563,10.313064802715484,10.159464971301562,5.2807838959560485,4.820279002912904,8.580668334543828,7.647410300466755,2.422505718869292,3.510137295617691,0,Yeast
119.44,104.90039628903419,67.39964165277254,23.637472675313898,20.938626689904634,35.65631164247235,30.632374954040703,14.905230146283758,15.338549291735218,23.034227494777415,19.674857984968373,8.985495415927266,8.910714062672447,13.621480470958252,10.212793701467776,1.5795498809154234,7.4094534211370835,9.895850766649515,5.617087390854361,4.267026011341776,10.171549447683063,10.772779653148252,5.972020978300024,5.559883535778563,10.313064802715484,10.159464971301562,5.2807838959560485,4.820279002912904,8.580668334543828,7.647410300466755,2.422505718869292,3.510137295617691,0,E_coli
119.44,104.90039628903419,67.39964165277254,23.637472675313898,20.938626689904634,35.65631164247235,30.632374954040703,14.905230146283758,15.338549291735218,23.034227494777415,19.674857984968373,8.985495415927266,8.910714062672447,13.621480470958252,10.212793701467776,1.5795498809154234,7.4094534211370835,9.895850766649515,5.617087390854361,4.267026011341776,10.171549447683063,10.772779653148252,5.972020978300024,5.559883535778563,10.313064802715484,10.159464971301562,5.2807838959560485,4.820279002912904,8.580668334543828,7.647410300466755,2.422505718869292,3.510137295617691,0,Mammalian
94.86000000000001,88.20991836292336,69.91707528401427,44.62968946192472,20.018604711237582,15.45221670864907,26.164777465920224,29.725727057647013,24.86729859167744,15.13500041306021,8.425475507177692,12.26134439974158,15.300873209185234,13.288875983160334,7.242107849820333,1.984456438083394,7.119353903269596,9.694145640471604,8.192513745097273,4.0751230228046555,4.785325365716495,9.256828714417775,11.280481662985107,9.903135231640269,6.224006808508271,4.646858311855029,7.546778512846412,9.321210613379016,8.154373403020259,4.466646655439952,1.0778804773077328,4.463286899924969,0,Mammalian
94.86000000000001,88.20991836292336,69.91707528401427,44.62968946192472,20.018604711237582,15.45221670864907,26.164777465920224,29.725727057647013,24.86729859167744,15.13500041306021,8.425475507177692,12.26134439974158,15.300873209185234,13.288875983160334,7.242107849820333,1.984456438083394,7.119353903269596,9.694145640471604,8.192513745097273,4.0751230228046555,4.785325365716495,9.256828714417775,11.280481662985107,9.903135231640269,6.224006808508271,4.646858311855029,7.546778512846412,9.321210613379016,8.154373403020259,4.466646655439952,1.0778804773077328,4.463286899924969,0,Yeast
94.86000000000001,88.20991836292336,69.91707528401427,44.62968946192472,20.018604711237582,15.45221670864907,26.164777465920224,29.725727057647013,24.86729859167744,15.13500041306021,8.425475507177692,12.26134439974158,15.300873209185234,13.288875983160334,7.242107849820333,1.984456438083394,7.119353903269596,9.694145640471604,8.192513745097273,4.0751230228046555,4.785325365716495,9.256828714417775,11.280481662985107,9.903135231640269,6.224006808508271,4.646858311855029,7.546778512846412,9.321210613379016,8.154373403020259,4.466646655439952,1.0778804773077328,4.463286899924969,0,E_coli
100.84,92.58896545941559,70.21226424201011,40.310233088511296,14.879374500081648,20.880039502926838,30.73537239353493,29.61134207882047,20.045856581228595,10.169153015870421,12.85668536424981,17.258475834218117,15.569913524052325,8.75416069349331,2.8117122377036634,7.857638204184877,9.899656559699435,7.073862703954586,2.220796931009957,6.526747287422463,10.445779591472443,10.37332083866209,6.882986956057791,4.823495091681584,8.33222862893323,10.626172035006448,9.34393654238486,5.222271723191291,2.9058038588711175,5.959869232157281,6.910379947857677,4.548553200095217,0,Mammalian
100.84,92.58896545941559,70.21226424201011,40.310233088511296,14.879374500081648,20.880039502926838,30.73537239353493,29.61134207882047,20.045856581228595,10.169153015870421,12.85668536424981,17.258475834218117,15.569913524052325,8.75416069349331,2.8117122377036634,7.857638204184877,9.899656559699435,7.073862703954586,2.220796931009957,6.526747287422463,10.445779591472443,10.37332083866209,6.882986956057791,4.823495091681584,8.33222862893323,10.626172035006448,9.34393654238486,5.222271723191291,2.9058038588711175,5.959869232157281,6.910379947857677,4.548553200095217,0,E_coli
100.84,92.58896545941559,70.21226424201011,40.310233088511296,14.879374500081648,20.880039502926838,30.73537239353493,29.61134207882047,20.045856581228595,10.169153015870421,12.85668536424981,17.258475834218117,15.569913524052325,8.75416069349331,2.8117122377036634,7.857638204184877,9.899656559699435,7.073862703954586,2.220796931009957,6.526747287422463,10.445779591472443,10.37332083866209,6.882986956057791,4.823495091681584,8.33222862893323,10.626172035006448,9.34393654238486,5.222271723191291,2.9058038588711175,5.959869232157281,6.910379947857677,4.548553200095217,0,Yeast
125.4,108.3020082696804,65.03279346436683,17.736311323606927,26.867243429772106,37.438572523094614,26.050482008788695,12.036037110050616,21.616862224155923,24.218222160437072,14.515837608346725,7.7214062376331025,14.305237954496834,12.93600180582524,3.924404789211537,6.830667786589414,10.408650248711407,5.947617103842949,3.697691390635801,9.792573008114276,9.29745893871514,3.9297487823416346,7.963137618423149,11.718140050428685,8.99542481386291,4.43690967112273,8.335709797972289,9.67888565379092,5.264508983133794,2.4330779350051746,6.638458158561021,5.526985547395067,0,E_coli
125.4,108.3020082696804,65.03279346436683,17.736311323606927,26.867243429772106,37.438572523094614,26.050482008788695,12.036037110050616,21.616862224155923,24.218222160437072,14.515837608346725,7.7214062376331025,14.305237954496834,12.93600180582524,3.924404789211537,6.830667786589414,10.408650248711407,5.947617103842949,3.697691390635801,9.792573008114276,9.29745893871514,3.9297487823416346,7.963137618423149,11.718140050428685,8.99542481386291,4.43690967112273,8.335709797972289,9.67888565379092,5.264508983133794,2.4330779350051746,6.638458158561021,5.526985547395067,0,Mammalian
125.4,108.3020082696804,65.03279346436683,17.736311323606927,26.867243429772106,37.438572523094614,26.050482008788695,12.036037110050616,21.616862224155923,24.218222160437072,14.515837608346725,7.7214062376331025,14.305237954496834,12.93600180582524,3.924404789211537,6.830667786589414,10.408650248711407,5.947617103842949,3.697691390635801,9.792573008114276,9.29745893871514,3.9297487823416346,7.963137618423149,11.718140050428685,8.99542481386291,4.43690967112273,8.335709797972289,9.67888565379092,5.264508983133794,2.4330779350051746,6.638458158561021,5.526985547395067,0,Yeast
128.3,107.4938291791656,56.43892758356483,2.2182218741754434,30.864480473435613,32.84221734920486,15.920494152189061,14.253341016093811,20.345422984660704,17.30050365395177,16.55596041887086,15.350451538502945,6.487785639019362,9.788877504649292,15.908582434048911,10.533365675007822,2.4166091947189123,12.52165231344487,13.25259764081724,9.408958436922095,13.996018274320948,15.691073643709146,8.970289366419845,7.727027119962371,14.050144610474305,12.362726265242465,4.74630809599283,6.868829924916357,9.48944440269924,6.015743407357173,3.606663641969162,7.713461966047514,0,Mammalian
128.3,107.4938291791656,56.43892758356483,2.2182218741754434,30.864480473435613,32.84221734920486,15.920494152189061,14.253341016093811,20.345422984660704,17.30050365395177,16.55596041887086,15.350451538502945,6.487785639019362,9.788877504649292,15.908582434048911,10.533365675007822,2.4166091947189123,12.52165231344487,13.25259764081724,9.408958436922095,13.996018274320948,15.691073643709146,8.970289366419845,7.727027119962371,14.050144610474305,12.362726265242465,4.74630809599283,6.868829924916357,9.48944440269924,6.015743407357173,3.606663641969162,7.713461966047514,0,Yeast
128.3,107.4938291791656,56.43892758356483,2.2182218741754434,30.864480473435613,32.84221734920486,15.920494152189061,14.253341016093811,20.345422984660704,17.30050365395177,16.55596041887086,15.350451538502945,6.487785639019362,9.788877504649292,15.908582434048911,10.533365675007822,2.4166091947189123,12.52165231344487,13.25259764081724,9.408958436922095,13.996018274320948,15.691073643709146,8.970289366419845,7.727027119962371,14.050144610474305,12.362726265242465,4.74630809599283,6.868829924916357,9.48944440269924,6.015743407357173,3.606663641969162,7.713461966047514,0,E_coli
96.25,90.70804938578189,75.20279954879119,52.84418917088048,28.091166574922653,7.256200382693725,13.949731915750155,22.588176671941692,23.27859543973533,17.248492046933396,7.277832074720341,3.397025480381029,11.82089729941257,16.306162381701736,16.606652518940695,14.027555593990392,11.058612028640846,9.798796766381956,9.276471119113229,7.369608588513299,4.4681589275084574,6.2106087009937365,11.269406067292993,15.105476280710135,16.15163132173136,14.172962140406657,10.23051089582037,7.191641545745778,8.335652541655948,10.908593988763812,12.161364610420376,12.046657664489523,0,Yeast
96.25,90.70804938578189,75.20279954879119,52.84418917088048,28.091166574922653,7.256200382693725,13.949731915750155,22.588176671941692,23.27859543973533,17.248492046933396,7.277832074720341,3.397025480381029,11.82089729941257,16.306162381701736,16.606652518940695,14.027555593990392,11.058612028640846,9.798796766381956,9.276471119113229,7.369608588513299,4.4681589275084574,6.2106087009937365,11.269406067292993,15.105476280710135,16.15163132173136,14.172962140406657,10.23051089582037,7.191641545745778,8.335652541655948,10.908593988763812,12.161364610420376,12.046657664489523,0,E_coli
96.25,90.70804938578189,75.20279954879119,52.84418917088048,28.091166574922653,7.256200382693725,13.949731915750155,22.588176671941692,23.27859543973533,17.248492046933396,7.277832074720341,3.397025480381029,11.82089729941257,16.306162381701736,16.606652518940695,14.027555593990392,11.058612028640846,9.798796766381956,9.276471119113229,7.369608588513299,4.4681589275084574,6.2106087009937365,11.269406067292993,15.105476280710135,16.15163132173136,14.172962140406657,10.23051089582037,7.191641545745778,8.335652541655948,10.908593988763812,12.161364610420376,12.046657664489523,0,Mammalian
101.99000000000001,95.22975634275367,76.54377569324025,50.29862484212604,22.64799812589851,6.875650922222372,19.27489959113409,24.645447636720316,21.208947320355666,12.06747365023658,2.838446270747877,8.248980733494788,12.267814583520972,12.157048346498112,11.032946253622141,12.722016452750085,15.36796993750313,15.296702616869833,11.180377229311397,3.8096667575016263,4.726209295903772,11.85059537541726,15.61459070899498,15.309252522758793,11.923755849663236,8.640423351540578,9.515888849257514,12.209192090964649,13.229552219367084,11.981886116552626,9.400890889528762,6.982483303296043,0,Yeast
101.99000000000001,95.22975634275367,76.54377569324025,50.29862484212604,22.64799812589851,6.875650922222372,19.27489959113409,24.645447636720316,21.208947320355666,12.06747365023658,2.838446270747877,8.248980733494788,12.267814583520972,12.157048346498112,11.032946253622141,12.722016452750085,15.36796993750313,15.296702616869833,11.180377229311397,3.8096667575016263,4.726209295903772,11.85059537541726,15.61459070899498,15.309252522758793,11.923755849663236,8.640423351540578,9.515888849257514,12.209192090964649,13.229552219367084,11.981886116552626,9.400890889528762,6.982483303296043,0,Mammalian
101.99000000000001,95.22975634275367,76.54377569324025,50.29862484212604,22.64799812589851,6.875650922222372,19.27489959113409,24.645447636720316,21.208947320355666,12.06747365023658,2.838446270747877,8.248980733494788,12.267814583520972,12.157048346498112,11.032946253622141,12.722016452750085,15.36796993750313,15.296702616869833,11.180377229311397,3.8096667575016263,4.726209295903772,11.85059537541726,15.61459070899498,15.309252522758793,11.923755849663236,8.640423351540578,9.515888849257514,12.209192090964649,13.229552219367084,11.981886116552626,9.400890889528762,6.982483303296043,0,E_coli
113.77,103.85800180534758,77.25952895554349,42.33799080712567,11.619540135415544,17.781361350245756,25.734524373741706,21.329592147578733,10.662035632336806,8.468217076389761,12.94640862409193,10.695716892090987,3.059462309738846,10.160249970226005,18.419432775833986,20.65636428974592,16.524784416142925,9.055500573234749,5.179975068476146,7.025196721859669,6.3964344319973145,6.287627521711777,11.230632764438894,15.518014646072565,15.769603551604598,12.02730667081164,7.953392205974214,9.305832427279197,12.243986441266339,12.60647354203415,10.55277874294862,7.969005034805694,0,Yeast
113.77,103.85800180534758,77.25952895554349,42.33799080712567,11.619540135415544,17.781361350245756,25.734524373741706,21.329592147578733,10.662035632336806,8.468217076389761,12.94640862409193,10.695716892090987,3.059462309738846,10.160249970226005,18.419432775833986,20.65636428974592,16.524784416142925,9.055500573234749,5.179975068476146,7.025196721859669,6.3964344319973145,6.287627521711777,11.230632764438894,15.518014646072565,15.769603551604598,12.02730667081164,7.953392205974214,9.305832427279197,12.243986441266339,12.60647354203415,10.55277874294862,7.969005034805694,0,Mammalian
113.77,103.85800180534758,77.25952895554349,42.33799080712567,11.619540135415544,17.781361350245756,25.734524373741706,21.329592147578733,10.662035632336806,8.468217076389761,12.94640862409193,10.695716892090987,3.059462309738846,10.160249970226005,18.419432775833986,20.65636428974592,16.524784416142925,9.055500573234749,5.179975068476146,7.025196721859669,6.3964344319973145,6.287627521711777,11.230632764438894,15.518014646072565,15.769603551604598,12.02730667081164,7.953392205974214,9.305832427279197,12.243986441266339,12.60647354203415,10.55277874294862,7.969005034805694,0,E_coli
107.6,103.3721071514791,91.27600538328716,72.97862082665368,50.955596705610134,28.09312158842933,7.231424974778863,9.271466907676679,19.881887539642893,24.082692898985577,22.387192767170518,16.17885251952077,7.411616907313827,1.7704644306152073,9.423075332791319,14.130513391113988,15.216937931134506,12.807150808823309,7.733318070002552,1.3130659121209758,4.952284089908601,9.69723101364243,11.966203836729658,11.390265449828197,8.235347464496732,3.3173839045449944,2.193628783854478,7.036960628970402,10.135698371956014,10.825355789508283,8.989901863036028,5.078345978383984,0,Yeast
107.6,103.3721071514791,91.27600538328716,72.97862082665368,50.955596705610134,28.09312158842933,7.231424974778863,9.271466907676679,19.881887539642893,24.082692898985577,22.387192767170518,16.17885251952077,7.411616907313827,1.7704644306152073,9.423075332791319,14.130513391113988,15.216937931134506,12.807150808823309,7.733318070002552,1.3130659121209758,4.952284089908601,9.69723101364243,11.966203836729658,11.390265449828197,8.235347464496732,3.3173839045449944,2.193628783854478,7.036960628970402,10.135698371956014,10.825355789508283,8.989901863036028,5.078345978383984,0,Mammalian
107.6,103.3721071514791,91.27600538328716,72.97862082665368,50.955596705610134,28.09312158842933,7.231424974778863,9.271466907676679,19.881887539642893,24.082692898985577,22.387192767170518,16.17885251952077,7.411616907313827,1.7704644306152073,9.423075332791319,14.130513391113988,15.216937931134506,12.807150808823309,7.733318070002552,1.3130659121209758,4.952284089908601,9.69723101364243,11.966203836729658,11.390265449828197,8.235347464496732,3.3173839045449944,2.193628783854478,7.036960628970402,10.135698371956014,10.825355789508283,8.989901863036028,5.078345978383984,0,E_coli
55.61,54.525599619376685,51.344353874301845,46.27675657670077,39.65633861092766,31.916110686549313,23.56194102378735,15.160186699227301,7.466759672039808,3.7232652053398385,7.916310790654484,12.332528277957735,15.403419730430995,16.987522712804633,17.196865710076924,16.29821791857608,14.684948076176502,12.850324907195192,11.3183518089292,10.456449272181299,10.225696022358772,10.20515754509207,9.914128988249303,9.037963656070165,7.466759672039808,5.27785649936953,2.8212737441298588,2.0545822032835903,4.395840015507077,7.000729805394147,9.132089948731789,10.51281635835269,0,Yeast
55.61,54.525599619376685,51.344353874301845,46.27675657670077,39.65633861092766,31.916110686549313,23.56194102378735,15.160186699227301,7.466759672039808,3.7232652053398385,7.916310790654484,12.332528277957735,15.403419730430995,16.987522712804633,17.196865710076924,16.29821791857608,14.684948076176502,12.850324907195192,11.3183518089292,10.456449272181299,10.225696022358772,10.20515754509207,9.914128988249303,9.037963656070165,7.466759672039808,5.27785649936953,2.8212737441298588,2.0545822032835903,4.395840015507077,7.000729805394147,9.132089948731789,10.51281635835269,0,E_coli
55.61,54.525599619376685,51.344353874301845,46.27675657670077,39.65633861092766,31.916110686549313,23.56194102378735,15.160186699227301,7.466759672039808,3.7232652053398385,7.916310790654484,12.332528277957735,15.403419730430995,16.987522712804633,17.196865710076924,16.29821791857608,14.684948076176502,12.850324907195192,11.3183518089292,10.456449272181299,10.225696022358772,10.20515754509207,9.914128988249303,9.037963656070165,7.466759672039808,5.27785649936953,2.8212737441298588,2.0545822032835903,4.395840015507077,7.000729805394147,9.132089948731789,10.51281635835269,0,Mammalian
89.05000000000001,84.73015221701152,72.55990853379929,54.7416460145165,34.432456830783906,15.110420103994109,1.7561712136765024,9.880298207297155,12.500288814994423,9.221276735715655,1.9616837242247567,6.74383696683089,14.173661667432816,18.283966409210326,18.026217732329783,13.648751784790303,7.147733906630828,6.646114949053155,12.933714542019537,17.389542124031827,18.046283870500492,14.928255241643786,9.990334433781413,9.027836662393355,13.973266602399221,18.585587202465767,20.008616605279975,17.59129658381295,11.997919402907417,5.241203060991215,4.972797508179275,9.580837054382544,0,Yeast
89.05000000000001,84.73015221701152,72.55990853379929,54.7416460145165,34.432456830783906,15.110420103994109,1.7561712136765024,9.880298207297155,12.500288814994423,9.221276735715655,1.9616837242247567,6.74383696683089,14.173661667432816,18.283966409210326,18.026217732329783,13.648751784790303,7.147733906630828,6.646114949053155,12.933714542019537,17.389542124031827,18.046283870500492,14.928255241643786,9.990334433781413,9.027836662393355,13.973266602399221,18.585587202465767,20.008616605279975,17.59129658381295,11.997919402907417,5.241203060991215,4.972797508179275,9.580837054382544,0,Mammalian
89.05000000000001,84.73015221701152,72.55990853379929,54.7416460145165,34.432456830783906,15.110420103994109,1.7561712136765024,9.880298207297155,12.500288814994423,9.221276735715655,1.9616837242247567,6.74383696683089,14.173661667432816,18.283966409210326,18.026217732329783,13.648751784790303,7.147733906630828,6.646114949053155,12.933714542019537,17.389542124031827,18.046283870500492,14.928255241643786,9.990334433781413,9.027836662393355,13.973266602399221,18.585587202465767,20.008616605279975,17.59129658381295,11.997919402907417,5.241203060991215,4.972797508179275,9.580837054382544,0,E_coli
70.92,67.70087688562701,58.579380276805,45.06884042426381,29.419290203884234,14.496164251069406,6.745856256886638,12.033858493349339,15.990918969541822,15.728746034929113,11.878915238639756,5.8923618976724095,0.6442335431162028,5.860384815337025,8.981099463757763,9.574572576411544,8.18491295005634,6.6324288991324245,7.571359132118899,10.371667612754264,12.805723367162068,13.907547133204513,13.660528995902686,12.661406689320719,11.743871189243666,11.358720642526475,11.195912341402495,10.631763874913224,9.323592445258656,7.3479830566071795,5.0508682630225925,2.86317153083786,0,E_coli
70.92,67.70087688562701,58.579380276805,45.06884042426381,29.419290203884234,14.496164251069406,6.745856256886638,12.033858493349339,15.990918969541822,15.728746034929113,11.878915238639756,5.8923618976724095,0.6442335431162028,5.860384815337025,8.981099463757763,9.574572576411544,8.18491295005634,6.6324288991324245,7.571359132118899,10.371667612754264,12.805723367162068,13.907547133204513,13.660528995902686,12.661406689320719,11.743871189243666,11.358720642526475,11.195912341402495,10.631763874913224,9.323592445258656,7.3479830566071795,5.0508682630225925,2.86317153083786,0,Yeast
70.92,67.70087688562701,58.579380276805,45.06884042426381,29.419290203884234,14.496164251069406,6.745856256886638,12.033858493349339,15.990918969541822,15.728746034929113,11.878915238639756,5.8923618976724095,0.6442335431162028,5.860384815337025,8.981099463757763,9.574572576411544,8.18491295005634,6.6324288991324245,7.571359132118899,10.371667612754264,12.805723367162068,13.907547133204513,13.660528995902686,12.661406689320719,11.743871189243666,11.358720642526475,11.195912341402495,10.631763874913224,9.323592445258656,7.3479830566071795,5.0508682630225925,2.86317153083786,0,Mammalian
55.839999999999996,54.63028270830566,51.09017755288379,45.47961266305105,38.20836623985722,29.802978698886676,20.86437913639766,12.019769357467563,3.8727799512430283,3.0439567146788464,8.309892722567366,11.647939103146335,12.943594588759666,12.250343491232512,9.78100831421481,5.88593494458386,1.0199999999999996,4.298633738283751,9.534406528248892,14.180919425384548,17.804158824004606,20.07870441320451,20.81387105604585,19.967628727978866,17.647220048756974,14.096558629232419,9.671642530123854,4.806255991055149,0.0289304751021619,4.370188597203089,7.803575766917873,10.002981502005557,0,E_coli
55.839999999999996,54.63028270830566,51.09017755288379,45.47961266305105,38.20836623985722,29.802978698886676,20.86437913639766,12.019769357467563,3.8727799512430283,3.0439567146788464,8.309892722567366,11.647939103146335,12.943594588759666,12.250343491232512,9.78100831421481,5.88593494458386,1.0199999999999996,4.298633738283751,9.534406528248892,14.180919425384548,17.804158824004606,20.07870441320451,20.81387105604585,19.967628727978866,17.647220048756974,14.096558629232419,9.671642530123854,4.806255991055149,0.0289304751021619,4.370188597203089,7.803575766917873,10.002981502005557,0,Mammalian
55.839999999999996,54.63028270830566,51.09017755288379,45.47961266305105,38.20836623985722,29.802978698886676,20.86437913639766,12.019769357467563,3.8727799512430283,3.0439567146788464,8.309892722567366,11.647939103146335,12.943594588759666,12.250343491232512,9.78100831421481,5.88593494458386,1.0199999999999996,4.298633738283751,9.534406528248892,14.180919425384548,17.804158824004606,20.07870441320451,20.81387105604585,19.967628727978866,17.647220048756974,14.096558629232419,9.671642530123854,4.806255991055149,0.0289304751021619,4.370188597203089,7.803575766917873,10.002981502005557,0,Yeast
101.29,89.36749111420662,58.527480337914945,21.151840822444825,9.816096996766833,24.18581401625865,22.4497662161995,11.023779675737869,2.1953813128508335,8.519949307232466,10.145412932397653,10.812203932223804,11.107674195812882,8.424363204381331,5.665033753835561,8.929138119620259,10.917330259729255,8.343760307869777,3.7679858246100006,4.779688372536448,6.090645062284004,4.024895996216786,1.7583177834835806,3.4610495470594094,3.187616804320331,0.8216190005727423,2.5541321490512274,4.403810534774251,6.002154316161258,8.59400022623685,10.892595718882472,11.72220530102347,0,Mammalian
63.940000000000005,61.47866234953977,54.429019168278224,43.74064103850458,30.826981478117233,17.342659444782075,4.932222918855615,5.069059785261631,11.677732961165098,14.582033492545593,14.012125584140879,10.703053758390944,5.731665994671059,0.5341201184044256,4.563092863158236,7.880064878979612,9.299978494598793,8.85390573423423,7.051160837313631,4.954408693158736,4.27464726136685,5.269169272879873,6.149093087622622,6.000092978028478,4.780518056415873,3.1131065564787974,2.742516957113769,4.143545827835668,5.378978403399424,5.607624758463197,4.658020543149789,2.7562462671702512,0,Mammalian
171.66,124.00194425273543,27.10820565039722,39.09341247392001,36.52545539252139,12.662327133510141,13.989970498833936,8.262647669903632,6.062636912558715,8.112046240972635,18.79281552263282,15.946520639102273,9.923419418185984,8.58757243445316,24.552960528759257,24.907762745856477,13.98331148190586,15.463055583256555,4.199246764046211,15.839831506813733,19.472895699561903,7.556436068881515,2.1706518220941033,7.847741981570022,14.182525644837755,9.411262648217184,3.444194481986598,11.819677701327555,16.804737084931833,17.728280139386772,10.7611266842812,1.44176801099537,0,Mammalian
148.45,123.70653126556937,64.44802994861371,4.903560352749326,25.334313833322813,20.246090807895776,5.478502968350128,19.48413098089485,15.638444166214754,3.4558804729523946,13.474916588989661,12.597783460641518,17.3611691195526,28.297104897407436,26.27177714563656,11.31986808706834,4.6791559067848985,9.794748010355786,9.61367253362677,17.743304646055112,19.484330364416802,9.849067787984309,11.143784233682561,19.788010081357232,17.40308202762327,11.570357484607472,13.711500103338103,10.997046858249172,0.764473444448657,14.532065689070016,22.187932030354425,21.396379956443184,0,Mammalian
48.17,47.05607999635058,43.81544666193108,38.7431416631795,32.305639511893986,25.11398499697811,17.92142727857449,11.741349609209374,8.227476899821854,8.537900097605691,10.38748117404558,11.638593118393,11.68505960434082,10.564266286254853,8.623278791559922,6.474682399913356,5.089214084708955,5.2886527133033,6.395172515760029,7.320559102533908,7.5591040983194375,6.991988708222272,5.7314671651071025,4.098326431711616,2.8004327992111837,2.983737688799547,4.20557410248771,5.3358585651106045,5.95481175196383,5.986307826990938,5.560860990311785,4.996956755523392,0,Mammalian
114.03,98.71767986875965,59.91793873224839,15.38817670003163,17.28957012487574,25.97981754446092,14.038228753189031,7.940711311774045,22.45498912022471,23.464974406131052,12.84328720809513,8.508360041386325,14.806226799270762,11.924148669874352,6.1712385298878525,14.819405426022994,19.258164502361073,14.498154018515258,6.597231383489336,10.300149795892485,12.866378146019121,9.481086925762698,8.310307943762659,11.831219307499339,11.06757713370863,4.903106276384179,3.2546531754134493,8.795030896861425,10.292984322790065,9.351289804236075,8.14299041566319,6.512527485194933,0,Mammalian
48.480000000000004,47.20774135799395,43.509095573542176,37.72995172481988,30.423243675938348,22.33842912114005,14.516387703440035,8.932443205995536,8.894407411816186,12.310451231866642,15.27720717811329,16.62475696828973,16.14819154322992,14.003592067131665,10.552587293274343,6.293102061888757,1.9860010070490892,3.1414743670024614,6.776975316789084,9.54319010794869,11.161642937468285,11.579716377405358,10.897661377622239,9.336862972337471,7.200799732851157,4.829867569650034,2.558395769572429,0.7393410176827441,0.9333172312239773,1.6839412837760164,1.957939174530829,1.9233249990055226,0,Mammalian
202.05,115.09974120332191,15.72938036000054,24.611520606456555,25.76248231713315,14.726832952393496,19.88221435938367,22.121624910188956,29.662127594988025,17.63690691030846,13.318705201845336,26.21037864706105,22.503803397282645,5.891690482090434,6.267693317211948,13.941506606600695,19.782125770503026,6.745554967652194,5.909151839633617,6.055867109103206,12.616340877134201,3.151815076339675,14.128129547656005,4.5203064132968445,16.00204944807539,1.8313752028510104,16.69711604298166,13.093008653777156,6.604247147692512,11.217473218900418,9.840876676072622,6.8734133252066645,0,Mammalian
205.31,115.4105333858116,18.34040588253313,25.70150427352913,29.726416481720854,17.137547338767565,19.018317063170805,11.782883644372054,22.709431406162693,10.635859173190049,12.446079216084362,12.484689381540626,15.641399044526334,4.0358786632529515,9.494092447971024,9.671438665646807,12.433040657860012,8.680707170303524,11.287437463196786,10.34175762931844,16.160303709593702,5.306435725653318,6.879665975166292,6.928724318926371,10.827369265375214,7.692981794862567,20.54757838974798,21.640431407444755,9.265148843858777,10.867435045450945,7.874936367152796,6.615503054172648,0,Mammalian
107.77000000000001,93.80655262515702,58.44869357181992,17.795547670541527,11.604294163312293,19.748323873151712,9.689934486914435,9.236079113944022,21.270296671032057,21.714393412727865,14.044378831226622,12.40720802654123,15.028669776624813,10.560846665776777,5.185225602399882,11.91901437630277,13.5200332839827,7.379411171417062,5.660675199153623,12.23237052715408,12.581072179513114,7.299912355015068,3.1110558187620936,2.9340999558220355,2.2593537851082,10.273947400402243,16.17466749374096,15.743352681596228,9.887389166527292,7.444420124084355,10.339171510965734,8.766894289013958,0,Mammalian
66.73,63.13101632512365,53.060407153834475,38.52386118787476,22.3349145329067,7.52607805098342,4.303740827047822,10.291004910585109,11.349410512912154,8.473055852344595,4.0265705401779535,3.9117803864663556,6.753630804877736,7.406431603594862,5.406809899691032,1.7324425363810412,3.2387806347451216,6.60588086115185,7.955357744635379,6.828953228992471,3.6995443324945123,1.803724074347092,5.280784229599609,7.7368505648093775,7.959892022471102,5.952573143222322,3.022608784504148,3.97495519252356,7.024886866780656,8.538458615755339,7.756647546950111,5.00697152285133,0,Mammalian
45.76,44.787688333604756,41.95085069347878,37.48226658833717,31.74588147520917,25.204560861659562,18.3840760484511,11.852755289538466,6.317980655715591,3.5338115540276136,4.9981342286282135,6.831036576835271,7.601955352474919,7.247534899769082,6.0337564640909465,4.513436071374481,3.784283287493156,4.76490465253848,6.589680445886661,8.35189677728659,9.686155260299127,10.480346315921736,10.759004278389012,10.629556789521956,10.234721316870509,9.70271742869412,9.107064091356964,8.456507425667416,7.724692903561194,6.905217144581153,6.067292089350568,5.389630517753421,0,Mammalian
101.53,87.5499958847824,52.09554542535947,11.575718352561625,19.412147036989495,28.101836518641882,18.084860229995094,4.251930353653301,15.286815644188929,17.21790078733234,8.640907821179335,3.096393499587604,10.106822318491371,9.882345401421341,9.116493643968932,13.008762432893874,14.463903345915995,13.455276185828778,14.676565131034563,14.649170730721996,8.250836562924421,5.0126196197978246,15.86145820804761,20.239882982234864,15.273580702002418,5.001601917839982,9.813214686456377,15.7642899481568,14.378344343096465,7.9175841299806455,1.2658712207736136,3.5809426352918265,0,Mammalian
98.75,84.77476155057543,49.34336390223243,9.194842846594565,22.18918641024529,30.865824247298104,20.7744100741679,4.3885334795180855,12.541337884252584,14.441641973736715,5.864858849172933,5.871529033213042,12.823116860460372,12.19779871228824,9.330104443996463,11.07903407046824,11.767807782250692,10.977663011686412,13.599862118912531,14.493945401380053,8.309452972452085,3.5190255505866332,14.880752218811041,19.392661107748086,14.76668697010304,6.599142610646281,12.181514043652609,17.854549900080094,16.523857652889944,10.328588876198394,4.005819014731544,1.7870096229170647,0,Mammalian
101.5,87.52004569827575,52.06582984822809,11.549073530038953,19.44211057111343,28.131646881547447,18.11373837337911,4.243718762799215,15.257121455043919,17.187934704756056,8.610936851253514,3.1262948702868107,10.13595047004565,9.90605699173794,9.114300773101695,12.986292233060206,14.434638893993846,13.427907425449451,14.66255494405091,14.644687967108105,8.246470712905586,4.990625518381424,15.848596367205227,20.228890611775523,15.265498514822191,5.0133336707237985,9.837621962874177,15.78571093556198,14.400339072069487,7.942315031311526,1.2945277652371747,3.5548181425629686,0,Mammalian
57.67,55.41780995266758,48.982194582517444,39.278758576219474,27.69482501765161,15.992415166457462,7.068911002192398,7.911321860814139,12.31309339481601,14.246586571567065,13.318971437235763,10.189191732977717,5.991699898593591,2.6690788712363402,3.6256846111075793,5.142230528138305,5.045879507082982,3.678678858910573,3.781608573640045,7.053182453758357,10.930232818496174,14.04751958699964,15.731172589898504,15.722818951227561,14.154445628513269,11.509312286884384,8.558396959305826,6.274949074236236,5.397722677233527,5.476112007120248,5.553774311934157,5.380852467070872,0,Mammalian
65.94,62.41151145631329,52.49840438144258,38.08032052061076,21.916036845572357,8.011282957688577,9.114782008412389,15.722184062621507,17.952962560958067,15.858370100940911,10.846454805493826,4.788803790170957,1.0488612231047616,4.2753989242660255,5.398772488361313,4.521250900590006,2.8370407117276284,2.8188896725113013,4.438087781217833,5.973991372165963,7.5390076473787,9.587962529549124,11.90122593394711,13.722390270943118,14.356975143979252,13.51996279906665,11.422959065528778,8.690930209348945,6.162287141228284,4.541804990650787,3.8496447128986815,3.543052936439634,0,Mammalian
101.57000000000001,87.5887357256524,52.13030422505044,11.59769869250171,19.38362309137155,28.082259542040834,18.074698284731394,4.271810210043401,15.294631744553877,17.220710007886044,8.641463927313803,3.0964577300771543,10.107181675419687,9.88655010477584,9.133743978674731,13.032071882166983,14.487819021509068,13.471022346420996,14.676464028014978,14.642008055908034,8.24902751205027,5.043325140552371,15.874993733862791,20.244965007979026,15.269238350306962,4.97395713951374,9.805246478590405,15.765384580723374,14.381890680197298,7.920343775730589,1.2593667150054404,3.5788539579405607,0,Mammalian
71.9,67.13997790783078,53.9833547064156,35.52069977212179,16.246784546309915,6.672970473109095,15.054512965264616,19.1465535916238,17.256164608047705,11.432921914655038,4.907173663087447,3.5063237565347705,5.320281804895106,4.573346315599155,1.8299545871997203,1.8077378527538457,3.5800558654858996,3.220439709373599,3.1098672041398765,7.290254424183419,12.231328248152478,15.533970579211903,15.957858506553748,13.463188672004721,9.58684426805619,7.974214376709706,10.123355401112109,12.160594657713125,12.015290371365754,9.740788561126235,6.4567422241626025,3.646331113819093,0,Mammalian
77.88,71.72520950702886,54.958179809364374,32.18229786838538,10.270150491024133,11.454114746299764,20.134204743875703,20.392105331284327,13.985863580707814,5.453728858076524,5.790152291985622,9.462507579077078,8.916118455666382,5.514371341533126,4.668777563338209,7.219129390460467,7.9177016867270265,6.942106568646768,8.180555480217102,11.815811920220357,14.1534201218558,13.44612397122081,10.41546575557449,8.740591605682745,11.167381962744487,13.890602014670943,14.11043078866275,11.575282486258397,7.482535628414298,3.771543159459858,2.6890243511082623,3.2387063541059633,0,Mammalian
86.33000000000001,77.84113210823911,55.2404514083614,26.09939884987787,5.493295252178948,19.599461406022687,23.965592739152907,17.56695288216532,6.24200325665239,7.375470724251157,13.063910243050431,12.582584960509259,7.759494090745572,4.309477937198357,6.314239452196094,6.83750623089538,4.956016545573673,3.4473299595004487,4.558443790542847,6.589443842471737,9.403283382183636,12.30611514632049,13.707731014597435,12.89223979138038,10.965181044740712,10.244839266310091,11.015982289631422,11.176876234581568,9.653466753577275,6.902496372505942,3.988277447446256,1.7279425936555668,0,Mammalian
101.55000000000001,87.56996269473252,52.11535599117014,11.593490674866754,19.392171410216882,28.081963167759575,18.065610165669625,4.257513389531628,15.306612432858048,17.237878241266465,8.660888579471113,3.0764603193431364,10.087406389905837,9.866556692819222,9.118010101579278,13.023759419518298,14.4834146526294,13.473528250261372,14.685931876605292,14.652192602488869,8.25380642497414,5.0273283539228775,15.870058483477868,20.247232608486215,15.27899917632943,4.993865561355486,9.796960423920046,15.75002485040945,14.363697289371892,7.9011171396499975,1.2468019714419363,3.5983925454228545,0,Mammalian
107.21000000000001,91.01778377681305,50.54314740868133,5.934700462693926,24.795204559978735,29.633316268863293,14.244308969233561,7.689062663423074,20.125000926533357,17.86863448419411,5.290791321710198,8.691515896969156,14.196646709282437,12.180007780958036,11.959791497991318,15.010159498146622,14.345985501177672,12.062068092065035,11.942200145156129,9.50120870030195,4.490456940408823,10.420546927798231,16.06608998318224,15.432250339093166,10.70374409760583,9.151710648803114,11.148817437432031,11.115883177999075,9.273340795364108,7.314591515315323,5.173132959836775,2.6593808550918525,0,Mammalian
108.07,93.89512162981688,57.833620083256136,15.816103455768927,15.203501916686823,25.752196533785956,18.471098702187092,10.767356299530576,17.468978976156723,17.501731262250168,8.883352851735232,8.453089574465276,14.56782697272679,13.42974647325131,8.475487053008441,8.078674892373323,8.247696648155774,7.263742151773464,10.511923955782523,11.321109009126976,4.8985797230964945,8.823035168471913,20.804806963728243,25.96726566817378,21.62662649445342,11.022655833860767,5.472450322606205,9.459317223332555,7.851386085173867,1.385406657269473,5.625336571438853,10.005246026016481,0,Mammalian
99.72,85.76259451020995,50.39009730685651,10.359214079401971,21.12437203179657,29.606911528933665,19.304354544688394,2.932664523767126,13.885264435776223,16.068615853345904,7.720837073137741,4.3493901070611445,11.269907079202598,11.410442529794482,10.891280494373547,14.171419920894861,14.99189781181822,13.009448475535939,13.3183442794826,13.025922457404427,6.753484848177481,6.781538862022838,17.68307460462811,21.996849181997106,16.899415124452325,5.791995211284544,7.968226603262248,14.004016500429676,12.66509151541461,6.183385668080522,0.9538427967093297,5.326423774805856,0,Mammalian
107.26,93.21502335750931,57.540155255041796,16.186629136604836,14.146522275556027,23.604161815458443,14.99930101670062,9.53429113628142,20.169514581668416,21.48747855776419,12.888549746443664,4.798319809253734,8.124526398760553,6.156742370542285,3.9344985594780173,10.737182494868179,14.35471351159611,16.21534819792021,19.448112108851504,19.954641425361405,13.469700154312493,1.9212904270540008,10.251919889458794,14.91259610289405,10.667965201474233,6.413395662232085,15.504930362576703,21.288836244510442,19.814700503816706,13.452498975239381,6.8278486500736575,2.8072567733084464,0,Mammalian
102.18,88.19238739699543,52.71093220802827,12.053499791818682,18.800128363606238,27.565573124680633,17.662942499335095,4.791203203035032,15.815380231787726,17.666386378939762,9.047779578659405,2.7857205664679303,9.72682940971559,9.358951870096627,8.513097783806373,12.665835794115443,14.358251982744973,13.686373542525688,15.179296953215925,15.222763028623195,8.79923000691633,4.437606863048011,15.246844412634935,19.64829449409596,14.732513299636896,4.850248036589346,10.426627334326582,16.35535955051693,14.955638215455846,8.503312607874927,1.8238039201740823,3.0313184273652505,0,Mammalian
105.27000000000001,91.28404206433049,55.80247160598657,14.99703860769953,15.677785674781028,24.389121088151803,14.520395272947285,6.393419021969325,18.996220345281895,20.954432743122254,12.378390493051644,0.7007931553096035,6.537574704801559,7.298297345433006,10.109112358659889,16.004601040742582,18.1310479564751,16.937205507739726,16.755451897802573,15.65467697212868,9.547522814415121,8.164212546098621,17.791315746038595,21.890873657150646,16.677907920164877,4.946553579040438,7.113784626142439,13.3551073943503,11.913234717027624,5.281096618723582,2.560305434903163,7.082589717038131,0,Mammalian
101.50999999999999,87.53002908998711,52.07573500436638,11.557953310488914,19.432122713902537,28.121710049098077,18.10411192019566,4.246434174998537,15.26701938523411,17.19792338580771,8.620927152123677,3.11632753607253,10.126240520548459,9.898149336788734,9.115020817779302,12.993778921216498,14.4443933759781,13.437029097358936,14.667219675409093,14.646175546375737,8.247914128750162,4.997947631519088,15.852878498943786,20.232550456306132,15.268186503016196,5.0094061768026785,9.829482764474976,15.778567499953851,14.393004282518598,7.934067358938402,1.28496876972721,3.5635195247882097,0,Mammalian
101.21000000000001,87.23052899371052,51.778596180607884,11.292374638294026,19.731763780898355,28.41983429862993,18.393078905573624,4.174634745310508,14.970140495484179,16.89826877847225,8.32122826172911,3.415430635954487,10.417777719678547,10.136986988205003,9.098177110218963,12.770675390250119,14.15190799857037,13.1639339431025,14.52962034689241,14.604461088874277,8.20980144598074,4.7825052688716285,15.726673518318217,20.124627212775103,15.190203867804563,5.134401400252282,10.075116150026417,15.994202514231082,14.614423207768738,8.183197472194351,1.574124078033552,3.3056754374843313,0,Mammalian
101.49000000000001,87.51006231035697,52.05592472835621,11.540195582270314,19.452098440801546,28.14158375874771,18.12336523109003,4.241025191256557,15.247223658056862,17.177946036875404,8.600946572926048,3.1362624124711553,10.145660983023221,9.913968426102082,9.113591644163908,12.978808931155026,14.424884748239762,13.418787005151033,14.657895550450473,14.643207065826363,8.24503917288345,4.983312713650672,15.84431938957642,20.225235049298846,15.262816605109006,5.017278021381422,9.845764589494213,15.792857472023304,14.407677068304364,7.950566725524805,1.3040933750179238,3.546123608934521,0,Mammalian
101.50999999999999,87.53218841342708,52.08346216825872,11.562977842094371,19.390237382793668,28.070932914194636,18.046098130191755,4.282712009575459,15.346207591139093,17.274074011381327,8.687956802236142,3.064469204335535,10.097086472944198,9.901357181589871,9.144085605249971,13.00620741236859,14.4443933759781,13.446083781335373,14.697702605691005,14.686411335828401,8.293357978211734,5.013736761988225,15.856751719692491,20.246634525750913,15.289908847657166,4.99392042414196,9.757491490525409,15.713205561867348,14.33647629098691,7.892815894367658,1.282473670844514,3.5737238996826544,0,Mammalian
101.49000000000001,87.5110283492053,52.05879163356327,11.531620354587039,19.421683371554145,28.11099412551291,18.093690646931318,4.285672444197831,15.294631744553877,17.21694005196622,8.628549783025713,3.1242929361167557,10.155667328766107,9.952893942845774,9.157056820735823,12.984700093310908,14.40980568918263,13.407047138886245,14.669526429369048,14.670194836642612,8.282608129202686,5.0001752105171855,15.844423109335455,20.22961403396857,15.269238350306962,4.989258538192589,9.7982600096342,15.757100238212695,14.38399939865806,7.945061006488634,1.332952701358516,3.5195505509700666,0,Mammalian
132.04,115.4398155328116,72.85905681118247,22.478212429689048,18.201899340865207,33.892169532778055,27.074208420216454,8.22983589151197,9.641186095657568,16.51167946332415,12.625857932567111,6.508309982325449,8.764018935650105,10.341054938773821,11.321631067104727,13.646733247554724,13.958001289582969,13.593419130399548,16.311035842282646,17.554230256021235,12.624358470747792,2.911923566865745,7.398759654411517,11.79048479960241,9.806851210704645,7.10784110579362,8.7893804276955,7.423215279106751,3.601722599345429,10.966054181193272,17.57871205395419,19.533132093934206,0,Mammalian
104.35,90.87832281098053,56.42188136848141,15.847305958451905,15.055102131660663,25.953844946266663,18.18841272835862,8.040126757044241,19.984237690540375,25.659197955579106,20.590022939702788,10.079471749109867,2.7838386932581334,2.7256779476393023,2.2209250447998024,8.084816987760773,12.243974028067846,12.74259860493644,10.92560913059408,8.522526981255375,5.782733646457269,4.965168131000011,6.791823318445015,6.5492762882193505,4.211180823472862,5.790073896047084,7.804111866885485,5.725846044690361,4.580145577306078,10.282381474258285,13.098268269409953,10.393085078121429,2,Mammalian
54.36,52.27499941620525,46.31512915447114,37.316586530813936,26.51803912593576,15.359035881911794,5.275283872895006,2.938223227018731,7.924528873671881,9.936008776021728,9.263036712841977,6.807881749426011,4.309993528896271,4.611769802101195,6.5586812530597,7.595522060397304,6.99978571100573,4.835547959055329,1.619602648750892,2.0567600700295183,5.1617218102210805,7.138954849278521,7.552128110666861,6.345220565679918,3.9376950275942724,2.2415610026912147,4.504289817340856,7.227713862372016,8.822549781673128,8.823421068186647,7.212992724519468,4.438747257130153,2,Mammalian
69.11000000000001,64.63695144043615,52.285569955417905,34.95729150826779,16.581551126207295,1.6787777779683413,9.32028397781758,12.843004289868734,10.717970393434111,5.278742088938174,2.0375505947350603,5.639578320570555,6.57562081252972,4.831868410481285,4.395600704891821,7.695073437535757,10.190588795550529,9.88449960809424,6.791754145362764,3.6246444480190423,6.42272649997336,9.843300475445929,10.548460461913606,8.051579992166126,3.1557741752967408,2.52019740664242,7.158661429061078,9.40131921349872,8.849404357658178,6.329940383633537,4.236766111488095,4.912018727022031,2,Mammalian
83.53999999999999,75.36739463531472,53.748589120396616,26.18770104585693,3.231370699425188,14.007168745334635,16.93313095839101,10.653032819277454,1.869663997938335,7.280061021924322,9.27381002203433,6.2252281137152154,2.9276250405861446,4.546837567866534,3.638785814879332,1.4757953409898035,7.186459489901828,10.836808838314456,10.140040325206973,6.617607315679293,7.992335426825636,12.456777510744612,13.306409696132926,9.31318385901034,2.558037633580328,4.817207267863384,8.342475726187043,8.047390856721808,6.229689354192326,6.611990536687281,7.205391796510963,5.235526884146409,2,Mammalian
98.19000000000001,84.65284636177934,50.68999594323987,12.650788619308205,14.962869019796441,21.649117814654243,12.4190552182462,2.1316920132356594,10.250775051381984,8.749351260074794,1.8298301690948706,5.893362578185345,6.661160250666734,4.3330367959048655,6.177676798625058,5.6745798945270005,1.4325152704247197,7.603307229873437,10.807684100627196,8.700146824316857,9.453905580191318,14.816327525884729,15.390793281429437,9.362156057781263,1.5832279829401263,5.718700158024796,6.2714126644768395,6.106829993703045,8.945790300033922,8.779959998098933,4.429609398770312,4.147099917251983,2,Mammalian
51.81,50.19712398312538,45.53824874663815,38.34907949592093,29.41392664877973,19.68402409982329,10.155789727993975,1.7480550421043328,4.824594414048847,9.096558012022703,10.937749261006747,10.525901112333392,8.30919484941718,4.92801513729131,1.143590233975281,2.501879378723796,5.203124061561477,6.677579906743463,6.770085444735118,5.578347584177129,3.4167030945887387,0.8173528091856334,2.0366128918677737,4.208273972475865,5.517090604651031,5.7334873655051535,4.840490772433633,3.020938334607535,0.6461733653226924,1.9686137395967218,4.203412738696047,5.72922267530917,2,Mammalian
202.37,116.25166675271807,14.337242872972979,29.463706811797834,17.30954536604771,9.827272717138333,7.644490212059748,18.210411086645593,34.90215002698893,19.70736557810293,23.411588208169462,17.841248415391362,11.284613838874513,18.703120628837297,4.351619215909854,25.38058579257911,19.26050103190464,1.9543503894326495,0.42905176068545775,2.1336594240864937,11.517663028837202,10.775660322080814,9.54682193013995,10.749267525015265,4.28491814315714,3.6995682683413342,10.75130683697292,16.79450351475803,4.942971584216809,12.15745522294422,4.785069580271949,14.109559553035186,2,Mammalian
111.45,95.7391293503999,56.17478492941851,11.775566538251917,21.969885051514087,31.092973759362902,21.17957146208906,4.445820130120003,6.660580141248027,7.008175666095282,3.267172875954131,7.654971284981917,6.484664219509698,1.4866689782738327,10.63981928086369,14.578056455008127,11.367009281248961,7.238702166359849,10.45546872287478,11.940109859339048,9.395876839703678,6.6133017533416725,4.479854892526333,2.259908207642102,6.295210257172704,8.308969228451694,5.57631649009523,5.622822486199545,11.379876062444128,13.414090611491021,10.492944592163672,5.676907338123744,2,Mammalian
145.07999999999998,129.9310692847297,90.48886124395035,41.955826208997685,2.378168877313738,18.70793985154972,17.240902033668416,2.153370328031009,14.385196351533425,21.77217442227933,17.09490870472053,7.139311623710616,11.812507361706595,15.534829296209967,10.139575171638587,7.556367453829709,17.65486901678968,22.325723500231557,18.330317129465,9.89302388115094,9.208204868806513,12.884340683391983,11.254297985313928,5.602120690408352,3.4375174076402097,6.5681332676967825,9.969720127888019,15.617122872903686,21.18966601234413,23.598089239811188,22.245703650752304,19.124161285580996,2,Mammalian
174.13,146.13405059191496,79.3703479256737,15.434519244911689,25.78611114048415,21.845825115677396,3.046362646619984,15.924062089996221,14.068946261488273,10.297412247679,13.122372324601693,6.54862660578727,9.69171382171483,15.087615266801413,8.259056505874081,10.942811576264878,20.24640461909225,18.5801722682529,12.67978344472001,14.075040610148116,13.272349444949633,8.33304467058754,7.85071904615213,7.709427624597697,5.358372056077768,6.299768846637762,10.335036230457556,16.769119462972718,22.059054731781366,22.65985325014786,19.004820529502787,14.447695107351935,2,Mammalian
168.57000000000002,115.17656674018355,15.793007057381594,28.971679712439688,2.344526250370697,27.52201041329828,13.53279815023283,17.752328662113204,16.33719697143877,4.863618783484405,6.885917889241781,11.679781610991812,20.245283083605138,6.64347560781309,9.45601746639589,10.608376734422798,2.691189328159583,3.005475394181814,6.671930264557858,12.551574844574903,9.799547414171359,6.85244782572828,12.882496756278439,2.5444654719552138,8.77009664236443,6.048347560964144,17.930845064346958,17.915088851050882,4.608533389639464,11.680101885493583,3.9673152075582405,7.262888629382972,2,Mammalian
64.45,60.48970869040216,49.45842518593711,33.695056855578514,16.462523219985357,1.846473514786589,10.00684208777054,14.893055651688712,14.021373602594283,8.92145608954774,2.7365763750096126,5.727606126290726,9.742848111790904,10.869401056741795,10.136439798399566,10.449582587783706,12.999403832484013,15.334712046973896,15.213633025064336,11.93154248110739,6.261881079185659,3.18124642334171,8.307580949317487,11.94152711547762,12.20736180738788,9.107946051677786,4.0734755286032795,4.288325299852583,8.925529970380026,11.305704646312487,10.42578023851095,6.769825534870092,1,Mammalian
64.45,60.48970869040216,49.45842518593711,33.695056855578514,16.462523219985357,1.846473514786589,10.00684208777054,14.893055651688712,14.021373602594283,8.92145608954774,2.7365763750096126,5.727606126290726,9.742848111790904,10.869401056741795,10.136439798399566,10.449582587783706,12.999403832484013,15.334712046973896,15.213633025064336,11.93154248110739,6.261881079185659,3.18124642334171,8.307580949317487,11.94152711547762,12.20736180738788,9.107946051677786,4.0734755286032795,4.288325299852583,8.925529970380026,11.305704646312487,10.42578023851095,6.769825534870092,1,Yeast
64.45,60.48970869040216,49.45842518593711,33.695056855578514,16.462523219985357,1.846473514786589,10.00684208777054,14.893055651688712,14.021373602594283,8.92145608954774,2.7365763750096126,5.727606126290726,9.742848111790904,10.869401056741795,10.136439798399566,10.449582587783706,12.999403832484013,15.334712046973896,15.213633025064336,11.93154248110739,6.261881079185659,3.18124642334171,8.307580949317487,11.94152711547762,12.20736180738788,9.107946051677786,4.0734755286032795,4.288325299852583,8.925529970380026,11.305704646312487,10.42578023851095,6.769825534870092,0,E_coli
46.4,45.30859757242828,42.1410776056226,37.20961043154926,31.011612968817975,24.21026155367871,17.65006008072415,12.469545559888525,10.059028223830373,10.472503625948455,11.718717633730083,12.30315870825931,11.756847366992226,10.142159164890382,7.81079337104836,5.361936802287971,3.802762154013842,4.018944797722919,4.9543356518447075,5.427183170689432,5.079329818418832,4.022583424333149,2.987366828495533,3.5921724441108474,5.659642320163347,7.897387813038968,9.66457241612112,10.625404904803725,10.624763981247307,9.685034658856843,8.040644191470484,6.2490772644820725,1,Mammalian
46.4,45.30859757242828,42.1410776056226,37.20961043154926,31.011612968817975,24.21026155367871,17.65006008072415,12.469545559888525,10.059028223830373,10.472503625948455,11.718717633730083,12.30315870825931,11.756847366992226,10.142159164890382,7.81079337104836,5.361936802287971,3.802762154013842,4.018944797722919,4.9543356518447075,5.427183170689432,5.079329818418832,4.022583424333149,2.987366828495533,3.5921724441108474,5.659642320163347,7.897387813038968,9.66457241612112,10.625404904803725,10.624763981247307,9.685034658856843,8.040644191470484,6.2490772644820725,1,Yeast
46.4,45.30859757242828,42.1410776056226,37.20961043154926,31.011612968817975,24.21026155367871,17.65006008072415,12.469545559888525,10.059028223830373,10.472503625948455,11.718717633730083,12.30315870825931,11.756847366992226,10.142159164890382,7.81079337104836,5.361936802287971,3.802762154013842,4.018944797722919,4.9543356518447075,5.427183170689432,5.079329818418832,4.022583424333149,2.987366828495533,3.5921724441108474,5.659642320163347,7.897387813038968,9.66457241612112,10.625404904803725,10.624763981247307,9.685034658856843,8.040644191470484,6.2490772644820725,0,E_coli
70.1,66.52798350365121,56.551281839232125,42.20829429129945,26.34673880350867,11.975478594382386,2.3867598591025816,4.9879543659665115,5.756794937059398,4.629657467955848,7.119995357312205,11.522053948641274,14.292904746665162,14.089255013919864,10.934391820160307,6.061400563612364,3.354400095397089,6.19866729439245,7.999898302539019,7.053431363554544,3.756010970120828,2.5843540140433836,7.035433283147246,10.531442085731074,11.769065895501107,10.6139685013761,7.93454133937424,5.795832197018613,6.205949557866115,7.371671048917092,7.315791191043827,6.028924279676144,1,Mammalian
70.1,66.52798350365121,56.551281839232125,42.20829429129945,26.34673880350867,11.975478594382386,2.3867598591025816,4.9879543659665115,5.756794937059398,4.629657467955848,7.119995357312205,11.522053948641274,14.292904746665162,14.089255013919864,10.934391820160307,6.061400563612364,3.354400095397089,6.19866729439245,7.999898302539019,7.053431363554544,3.756010970120828,2.5843540140433836,7.035433283147246,10.531442085731074,11.769065895501107,10.6139685013761,7.93454133937424,5.795832197018613,6.205949557866115,7.371671048917092,7.315791191043827,6.028924279676144,1,Yeast
70.1,66.52798350365121,56.551281839232125,42.20829429129945,26.34673880350867,11.975478594382386,2.3867598591025816,4.9879543659665115,5.756794937059398,4.629657467955848,7.119995357312205,11.522053948641274,14.292904746665162,14.089255013919864,10.934391820160307,6.061400563612364,3.354400095397089,6.19866729439245,7.999898302539019,7.053431363554544,3.756010970120828,2.5843540140433836,7.035433283147246,10.531442085731074,11.769065895501107,10.6139685013761,7.93454133937424,5.795832197018613,6.205949557866115,7.371671048917092,7.315791191043827,6.028924279676144,0,E_coli
155.71,119.25207230241514,40.34186168642465,21.7211542398942,31.13617252594164,7.849791346464367,16.53363335305737,18.81044308091523,15.557148793193939,21.84547285126956,31.941652583066364,28.4001578138898,8.69974708215864,10.274839283573565,12.13657518420264,0.8766698497148958,8.277106982515093,9.184914617040986,9.720868028294982,10.136353247404323,12.17013294229948,8.453806277126223,5.701174329053632,13.914336521741177,8.241148064828366,7.773601947931851,16.087185827360862,11.627700156872187,6.068066026999554,5.648414902365088,0.44824667663151363,3.3181007402766634,1,Mammalian
155.71,119.25207230241514,40.34186168642465,21.7211542398942,31.13617252594164,7.849791346464367,16.53363335305737,18.81044308091523,15.557148793193939,21.84547285126956,31.941652583066364,28.4001578138898,8.69974708215864,10.274839283573565,12.13657518420264,0.8766698497148958,8.277106982515093,9.184914617040986,9.720868028294982,10.136353247404323,12.17013294229948,8.453806277126223,5.701174329053632,13.914336521741177,8.241148064828366,7.773601947931851,16.087185827360862,11.627700156872187,6.068066026999554,5.648414902365088,0.44824667663151363,3.3181007402766634,0,E_coli
155.71,119.25207230241514,40.34186168642465,21.7211542398942,31.13617252594164,7.849791346464367,16.53363335305737,18.81044308091523,15.557148793193939,21.84547285126956,31.941652583066364,28.4001578138898,8.69974708215864,10.274839283573565,12.13657518420264,0.8766698497148958,8.277106982515093,9.184914617040986,9.720868028294982,10.136353247404323,12.17013294229948,8.453806277126223,5.701174329053632,13.914336521741177,8.241148064828366,7.773601947931851,16.087185827360862,11.627700156872187,6.068066026999554,5.648414902365088,0.44824667663151363,3.3181007402766634,1,Yeast
170.51999999999998,123.05485675657191,28.21850611404946,29.589504333763724,22.408970144367707,5.5731146264587785,10.853011000610797,10.056542238283487,21.987382102237873,31.83313277882227,30.866270460593594,20.06026951555201,11.868325912413951,4.845814201689755,10.926602216634105,4.822269329331178,5.983042704176533,9.129716924583963,10.03993949066757,9.79999476754912,14.007457529487416,8.063260315818498,9.165229454993788,15.820886447910677,2.536893432958859,13.221066735059841,10.703569275255484,11.641218507054456,13.591027579442486,3.6020941026776288,8.711059958223407,6.396449156156329,1,Yeast
170.51999999999998,123.05485675657191,28.21850611404946,29.589504333763724,22.408970144367707,5.5731146264587785,10.853011000610797,10.056542238283487,21.987382102237873,31.83313277882227,30.866270460593594,20.06026951555201,11.868325912413951,4.845814201689755,10.926602216634105,4.822269329331178,5.983042704176533,9.129716924583963,10.03993949066757,9.79999476754912,14.007457529487416,8.063260315818498,9.165229454993788,15.820886447910677,2.536893432958859,13.221066735059841,10.703569275255484,11.641218507054456,13.591027579442486,3.6020941026776288,8.711059958223407,6.396449156156329,0,E_coli
170.51999999999998,123.05485675657191,28.21850611404946,29.589504333763724,22.408970144367707,5.5731146264587785,10.853011000610797,10.056542238283487,21.987382102237873,31.83313277882227,30.866270460593594,20.06026951555201,11.868325912413951,4.845814201689755,10.926602216634105,4.822269329331178,5.983042704176533,9.129716924583963,10.03993949066757,9.79999476754912,14.007457529487416,8.063260315818498,9.165229454993788,15.820886447910677,2.536893432958859,13.221066735059841,10.703569275255484,11.641218507054456,13.591027579442486,3.6020941026776288,8.711059958223407,6.396449156156329,1,Mammalian
170.48,123.0460965736847,28.253156013436342,29.570080723833293,22.43900572044012,5.536383291103719,10.87434534299998,10.047429005041794,21.94743699748661,31.81566961383224,30.89868003505302,20.07220863431549,11.830885954816905,4.881168543716099,10.887497379024454,4.817701705288529,5.956911951674295,9.090170732465632,10.020792740328751,9.839514716801368,13.992688230958578,8.02723250926209,9.156799714657572,15.78126853028714,2.5588296624347673,13.182384230074952,10.705434546243533,11.647074080633795,13.55124480899687,3.562394165120997,8.672125723942717,6.356794246446159,0,E_coli
170.48,123.0460965736847,28.253156013436342,29.570080723833293,22.43900572044012,5.536383291103719,10.87434534299998,10.047429005041794,21.94743699748661,31.81566961383224,30.89868003505302,20.07220863431549,11.830885954816905,4.881168543716099,10.887497379024454,4.817701705288529,5.956911951674295,9.090170732465632,10.020792740328751,9.839514716801368,13.992688230958578,8.02723250926209,9.156799714657572,15.78126853028714,2.5588296624347673,13.182384230074952,10.705434546243533,11.647074080633795,13.55124480899687,3.562394165120997,8.672125723942717,6.356794246446159,1,Mammalian
170.48,123.0460965736847,28.253156013436342,29.570080723833293,22.43900572044012,5.536383291103719,10.87434534299998,10.047429005041794,21.94743699748661,31.81566961383224,30.89868003505302,20.07220863431549,11.830885954816905,4.881168543716099,10.887497379024454,4.817701705288529,5.956911951674295,9.090170732465632,10.020792740328751,9.839514716801368,13.992688230958578,8.02723250926209,9.156799714657572,15.78126853028714,2.5588296624347673,13.182384230074952,10.705434546243533,11.647074080633795,13.55124480899687,3.562394165120997,8.672125723942717,6.356794246446159,1,Yeast
170.48000000000002,123.03865036174548,28.242877263885873,29.55392215518434,22.411540810973438,5.539613680620936,10.82991358749293,10.092945553375644,21.985325394253824,31.80126735048214,30.83220761771604,20.085432939943214,11.88492124472111,4.827009423258945,10.965950237440799,4.819325944103077,6.009326085344344,9.169674974238282,10.071143653359755,9.770613833371716,13.991712405430098,8.097729245903952,9.1324072919805,15.834063517895329,2.570577232603215,13.203597068490764,10.741181332569825,11.611556544563207,13.55998043688052,3.5718793079525883,8.671585235708978,6.358586773332894,1,Mammalian
170.48000000000002,123.03865036174548,28.242877263885873,29.55392215518434,22.411540810973438,5.539613680620936,10.82991358749293,10.092945553375644,21.985325394253824,31.80126735048214,30.83220761771604,20.085432939943214,11.88492124472111,4.827009423258945,10.965950237440799,4.819325944103077,6.009326085344344,9.169674974238282,10.071143653359755,9.770613833371716,13.991712405430098,8.097729245903952,9.1324072919805,15.834063517895329,2.570577232603215,13.203597068490764,10.741181332569825,11.611556544563207,13.55998043688052,3.5718793079525883,8.671585235708978,6.358586773332894,0,E_coli
170.48000000000002,123.03865036174548,28.242877263885873,29.55392215518434,22.411540810973438,5.539613680620936,10.82991358749293,10.092945553375644,21.985325394253824,31.80126735048214,30.83220761771604,20.085432939943214,11.88492124472111,4.827009423258945,10.965950237440799,4.819325944103077,6.009326085344344,9.169674974238282,10.071143653359755,9.770613833371716,13.991712405430098,8.097729245903952,9.1324072919805,15.834063517895329,2.570577232603215,13.203597068490764,10.741181332569825,11.611556544563207,13.55998043688052,3.5718793079525883,8.671585235708978,6.358586773332894,1,Yeast
170.44,123.02990177998542,28.277549575031305,29.534520188309312,22.441623360497093,5.502820264340092,10.851349766687733,10.08389617426771,21.94537654587079,31.78377685660108,30.86463312202228,20.097312879664145,11.847438236350122,4.8622268914908435,10.926850935801903,4.814429590215186,5.983042704176529,9.130129979502724,10.05190928333835,9.81011653326687,13.976845523328203,8.061745217527235,9.123880118200939,15.79445888997343,2.5922284351392033,13.164886942640686,10.743097067412231,11.61750358395119,13.520189991212428,3.5322164085008154,8.632644200404403,6.318942597560076,1,Mammalian
170.44,123.02990177998542,28.277549575031305,29.534520188309312,22.441623360497093,5.502820264340092,10.851349766687733,10.08389617426771,21.94537654587079,31.78377685660108,30.86463312202228,20.097312879664145,11.847438236350122,4.8622268914908435,10.926850935801903,4.814429590215186,5.983042704176529,9.130129979502724,10.05190928333835,9.81011653326687,13.976845523328203,8.061745217527235,9.123880118200939,15.79445888997343,2.5922284351392033,13.164886942640686,10.743097067412231,11.61750358395119,13.520189991212428,3.5322164085008154,8.632644200404403,6.318942597560076,0,E_coli
170.44,123.02990177998542,28.277549575031305,29.534520188309312,22.441623360497093,5.502820264340092,10.851349766687733,10.08389617426771,21.94537654587079,31.78377685660108,30.86463312202228,20.097312879664145,11.847438236350122,4.8622268914908435,10.926850935801903,4.814429590215186,5.983042704176529,9.130129979502724,10.05190928333835,9.81011653326687,13.976845523328203,8.061745217527235,9.123880118200939,15.79445888997343,2.5922284351392033,13.164886942640686,10.743097067412231,11.61750358395119,13.520189991212428,3.5322164085008154,8.632644200404403,6.318942597560076,1,Yeast
167.13,122.57570149261397,31.433890859474825,28.69205660504499,25.69346481605507,3.653011542581526,14.148441444920378,8.36889105294292,18.270693583587466,32.138534669936256,35.57223075341045,19.771446159788773,9.294508365271385,9.161607763512949,5.5779086731752185,9.068033650677496,2.345229199886438,5.3452398750842205,11.93974815341443,16.904576801860426,10.174059373438455,6.39736208886393,8.326452444213743,9.190370608934678,10.539940985349768,4.5505406019617665,15.588036145162969,14.396674178889953,4.513235630873867,5.765046033020822,1.4951846168607226,3.19847037722156,0,E_coli
167.13,122.57570149261397,31.433890859474825,28.69205660504499,25.69346481605507,3.653011542581526,14.148441444920378,8.36889105294292,18.270693583587466,32.138534669936256,35.57223075341045,19.771446159788773,9.294508365271385,9.161607763512949,5.5779086731752185,9.068033650677496,2.345229199886438,5.3452398750842205,11.93974815341443,16.904576801860426,10.174059373438455,6.39736208886393,8.326452444213743,9.190370608934678,10.539940985349768,4.5505406019617665,15.588036145162969,14.396674178889953,4.513235630873867,5.765046033020822,1.4951846168607226,3.19847037722156,1,Mammalian
167.13,122.57570149261397,31.433890859474825,28.69205660504499,25.69346481605507,3.653011542581526,14.148441444920378,8.36889105294292,18.270693583587466,32.138534669936256,35.57223075341045,19.771446159788773,9.294508365271385,9.161607763512949,5.5779086731752185,9.068033650677496,2.345229199886438,5.3452398750842205,11.93974815341443,16.904576801860426,10.174059373438455,6.39736208886393,8.326452444213743,9.190370608934678,10.539940985349768,4.5505406019617665,15.588036145162969,14.396674178889953,4.513235630873867,5.765046033020822,1.4951846168607226,3.19847037722156,1,Yeast
167.28,122.61891937425678,31.31719037812693,28.78720092737124,25.61920655691423,3.7737453493546944,14.12787092323351,8.255295726690619,18.39251147134422,32.27810776991398,35.57505947520598,19.621746511178554,9.434136134321136,9.125185133731826,5.621782183031816,9.187061432305265,2.248910847499292,5.4603305000153375,12.089349075589569,16.98560189683269,10.047550564112905,6.529650428849515,8.291225499627553,9.171138765554721,10.681625427643084,4.414857712860366,15.728589455369182,14.445662721172672,4.374569516518558,5.914965058229286,1.5519828626718812,3.3427204868113973,1,Yeast
167.28,122.61891937425678,31.31719037812693,28.78720092737124,25.61920655691423,3.7737453493546944,14.12787092323351,8.255295726690619,18.39251147134422,32.27810776991398,35.57505947520598,19.621746511178554,9.434136134321136,9.125185133731826,5.621782183031816,9.187061432305265,2.248910847499292,5.4603305000153375,12.089349075589569,16.98560189683269,10.047550564112905,6.529650428849515,8.291225499627553,9.171138765554721,10.681625427643084,4.414857712860366,15.728589455369182,14.445662721172672,4.374569516518558,5.914965058229286,1.5519828626718812,3.3427204868113973,1,Mammalian
167.28,122.61891937425678,31.31719037812693,28.78720092737124,25.61920655691423,3.7737453493546944,14.12787092323351,8.255295726690619,18.39251147134422,32.27810776991398,35.57505947520598,19.621746511178554,9.434136134321136,9.125185133731826,5.621782183031816,9.187061432305265,2.248910847499292,5.4603305000153375,12.089349075589569,16.98560189683269,10.047550564112905,6.529650428849515,8.291225499627553,9.171138765554721,10.681625427643084,4.414857712860366,15.728589455369182,14.445662721172672,4.374569516518558,5.914965058229286,1.5519828626718812,3.3427204868113973,0,E_coli
167.05,122.55272079375021,31.496246410818394,28.641504945749254,25.73333911613762,3.589522855024691,14.160049900522855,8.42994069258582,18.205896090359822,32.0641341867166,35.5709806485415,19.851287826478202,9.220173445552472,9.18197610135405,5.556023875139997,9.004930525655524,2.398853893008071,5.2845742878381206,11.859965117060808,16.86174983637711,10.241790066131104,6.327131425983251,8.346281706033034,9.20161103402962,10.46447072464828,4.6232665631847905,15.513146725283177,14.371118858949155,4.587482513218841,5.6850909662903515,1.4702622314224991,3.1217585996526496,1,Mammalian
167.05,122.55272079375021,31.496246410818394,28.641504945749254,25.73333911613762,3.589522855024691,14.160049900522855,8.42994069258582,18.205896090359822,32.0641341867166,35.5709806485415,19.851287826478202,9.220173445552472,9.18197610135405,5.556023875139997,9.004930525655524,2.398853893008071,5.2845742878381206,11.859965117060808,16.86174983637711,10.241790066131104,6.327131425983251,8.346281706033034,9.20161103402962,10.46447072464828,4.6232665631847905,15.513146725283177,14.371118858949155,4.587482513218841,5.6850909662903515,1.4702622314224991,3.1217585996526496,0,E_coli
167.05,122.55272079375021,31.496246410818394,28.641504945749254,25.73333911613762,3.589522855024691,14.160049900522855,8.42994069258582,18.205896090359822,32.0641341867166,35.5709806485415,19.851287826478202,9.220173445552472,9.18197610135405,5.556023875139997,9.004930525655524,2.398853893008071,5.2845742878381206,11.859965117060808,16.86174983637711,10.241790066131104,6.327131425983251,8.346281706033034,9.20161103402962,10.46447072464828,4.6232665631847905,15.513146725283177,14.371118858949155,4.587482513218841,5.6850909662903515,1.4702622314224991,3.1217585996526496,1,Yeast
101.2,89.0834867806193,58.04818835133372,21.230930910719312,7.36204291678639,19.456308397768893,16.75333505652422,9.93751847678862,10.127399878152469,8.15998278462372,4.993224794346132,13.373844524838258,18.517824181701744,16.0211548129893,8.06344325410101,0.05854985714813712,3.574185221837279,3.0379387431913276,5.420049520709754,7.677355744811878,5.487469625382224,1.1315751074364258,6.442591288155281,8.325085598099184,5.2876622157620226,0.9876245699255808,3.9430713174896486,2.4277571199505568,3.7404530176818036,10.892975149821806,14.692802725313195,13.607762110647856,0,E_coli
101.2,89.0834867806193,58.04818835133372,21.230930910719312,7.36204291678639,19.456308397768893,16.75333505652422,9.93751847678862,10.127399878152469,8.15998278462372,4.993224794346132,13.373844524838258,18.517824181701744,16.0211548129893,8.06344325410101,0.05854985714813712,3.574185221837279,3.0379387431913276,5.420049520709754,7.677355744811878,5.487469625382224,1.1315751074364258,6.442591288155281,8.325085598099184,5.2876622157620226,0.9876245699255808,3.9430713174896486,2.4277571199505568,3.7404530176818036,10.892975149821806,14.692802725313195,13.607762110647856,1,Mammalian
101.2,89.0834867806193,58.04818835133372,21.230930910719312,7.36204291678639,19.456308397768893,16.75333505652422,9.93751847678862,10.127399878152469,8.15998278462372,4.993224794346132,13.373844524838258,18.517824181701744,16.0211548129893,8.06344325410101,0.05854985714813712,3.574185221837279,3.0379387431913276,5.420049520709754,7.677355744811878,5.487469625382224,1.1315751074364258,6.442591288155281,8.325085598099184,5.2876622157620226,0.9876245699255808,3.9430713174896486,2.4277571199505568,3.7404530176818036,10.892975149821806,14.692802725313195,13.607762110647856,1,Yeast
56.11000000000001,53.963038934080934,47.82653947651861,38.563498951438554,27.454940096442023,16.00096831665544,5.788463381936092,3.366755751272375,8.157346268233603,10.083675877703268,9.195306479628345,6.305157147812559,3.004856969424326,3.611495881009942,6.274795643371139,7.674285412691348,7.2492551341499905,5.115097651623902,1.8156686487134757,2.0655966721640797,5.408372201772319,7.6587739868220766,8.333321845364601,7.323237153317683,4.923850308461389,2.1231354270910425,3.052320743242597,5.816626678417224,7.610821836121164,7.907328816944315,6.688222799566988,4.441309192452184,0,E_coli
56.11000000000001,53.963038934080934,47.82653947651861,38.563498951438554,27.454940096442023,16.00096831665544,5.788463381936092,3.366755751272375,8.157346268233603,10.083675877703268,9.195306479628345,6.305157147812559,3.004856969424326,3.611495881009942,6.274795643371139,7.674285412691348,7.2492551341499905,5.115097651623902,1.8156686487134757,2.0655966721640797,5.408372201772319,7.6587739868220766,8.333321845364601,7.323237153317683,4.923850308461389,2.1231354270910425,3.052320743242597,5.816626678417224,7.610821836121164,7.907328816944315,6.688222799566988,4.441309192452184,1,Yeast
56.11000000000001,53.963038934080934,47.82653947651861,38.563498951438554,27.454940096442023,16.00096831665544,5.788463381936092,3.366755751272375,8.157346268233603,10.083675877703268,9.195306479628345,6.305157147812559,3.004856969424326,3.611495881009942,6.274795643371139,7.674285412691348,7.2492551341499905,5.115097651623902,1.8156686487134757,2.0655966721640797,5.408372201772319,7.6587739868220766,8.333321845364601,7.323237153317683,4.923850308461389,2.1231354270910425,3.052320743242597,5.816626678417224,7.610821836121164,7.907328816944315,6.688222799566988,4.441309192452184,1,Mammalian
69.33,65.74180566067285,55.61375474605743,40.72704234377704,23.65684926087353,7.400664053547355,6.746054301658838,15.00902213839038,17.910597899216892,15.78969599044361,10.21329347814663,4.53493868910151,6.882448818012933,11.206890217058946,12.77522643047325,11.168398579511067,7.357886924926205,4.646783534820807,7.301920373121411,10.535253073023437,11.585255964735193,10.009735454768192,6.5571055712037225,4.1586791675747765,6.677505738864434,9.702099018620673,10.727948333928058,9.326887556454778,6.267090676486806,4.67230578862032,7.467898654982126,10.593714353338795,1,Mammalian
69.33,65.74180566067285,55.61375474605743,40.72704234377704,23.65684926087353,7.400664053547355,6.746054301658838,15.00902213839038,17.910597899216892,15.78969599044361,10.21329347814663,4.53493868910151,6.882448818012933,11.206890217058946,12.77522643047325,11.168398579511067,7.357886924926205,4.646783534820807,7.301920373121411,10.535253073023437,11.585255964735193,10.009735454768192,6.5571055712037225,4.1586791675747765,6.677505738864434,9.702099018620673,10.727948333928058,9.326887556454778,6.267090676486806,4.67230578862032,7.467898654982126,10.593714353338795,0,E_coli
69.33,65.74180566067285,55.61375474605743,40.72704234377704,23.65684926087353,7.400664053547355,6.746054301658838,15.00902213839038,17.910597899216892,15.78969599044361,10.21329347814663,4.53493868910151,6.882448818012933,11.206890217058946,12.77522643047325,11.168398579511067,7.357886924926205,4.646783534820807,7.301920373121411,10.535253073023437,11.585255964735193,10.009735454768192,6.5571055712037225,4.1586791675747765,6.677505738864434,9.702099018620673,10.727948333928058,9.326887556454778,6.267090676486806,4.67230578862032,7.467898654982126,10.593714353338795,1,Yeast
81.76,76.43355706738627,61.69784757426013,40.94419012825123,18.80532824269298,1.7994926254230987,12.828489287808402,17.219679488247674,14.43473985131554,7.048856967476663,2.524024059142598,8.906996662202522,11.674256035725005,9.944230944549508,4.749560295695117,1.916323982596042,7.554667431462488,10.547884530380765,10.238087014452384,7.341886913590222,4.2586159375986234,4.904518154184133,6.608980430297837,6.4714328632182045,4.60003102433484,3.0616394696898355,4.146737868422326,5.1176786682684705,4.33289348968365,1.9198988841750477,1.3326529365924826,3.871293910636006,1,Mammalian
81.76,76.43355706738627,61.69784757426013,40.94419012825123,18.80532824269298,1.7994926254230987,12.828489287808402,17.219679488247674,14.43473985131554,7.048856967476663,2.524024059142598,8.906996662202522,11.674256035725005,9.944230944549508,4.749560295695117,1.916323982596042,7.554667431462488,10.547884530380765,10.238087014452384,7.341886913590222,4.2586159375986234,4.904518154184133,6.608980430297837,6.4714328632182045,4.60003102433484,3.0616394696898355,4.146737868422326,5.1176786682684705,4.33289348968365,1.9198988841750477,1.3326529365924826,3.871293910636006,0,E_coli
81.76,76.43355706738627,61.69784757426013,40.94419012825123,18.80532824269298,1.7994926254230987,12.828489287808402,17.219679488247674,14.43473985131554,7.048856967476663,2.524024059142598,8.906996662202522,11.674256035725005,9.944230944549508,4.749560295695117,1.916323982596042,7.554667431462488,10.547884530380765,10.238087014452384,7.341886913590222,4.2586159375986234,4.904518154184133,6.608980430297837,6.4714328632182045,4.60003102433484,3.0616394696898355,4.146737868422326,5.1176786682684705,4.33289348968365,1.9198988841750477,1.3326529365924826,3.871293910636006,1,Yeast
55.790000000000006,53.28722900310156,46.15717530790326,35.47076348088835,22.812380543407595,10.028552404327161,1.680285361620919,9.467145230249237,13.703440766344501,13.879362212573277,10.490664018147262,4.656698831143327,2.920402393484407,9.444875222468292,14.54655186195972,17.197780378789844,17.076958160047127,14.480849738767622,10.330835737378552,6.462322766076269,6.077089511454106,8.349433048087187,9.886875131778783,9.681157845450604,7.95283038693066,5.88323930016243,5.644749741562045,7.370155931242276,8.860831048646844,8.908784962979402,7.2142594585811315,4.038957413357542,1,Yeast
55.790000000000006,53.28722900310156,46.15717530790326,35.47076348088835,22.812380543407595,10.028552404327161,1.680285361620919,9.467145230249237,13.703440766344501,13.879362212573277,10.490664018147262,4.656698831143327,2.920402393484407,9.444875222468292,14.54655186195972,17.197780378789844,17.076958160047127,14.480849738767622,10.330835737378552,6.462322766076269,6.077089511454106,8.349433048087187,9.886875131778783,9.681157845450604,7.95283038693066,5.88323930016243,5.644749741562045,7.370155931242276,8.860831048646844,8.908784962979402,7.2142594585811315,4.038957413357542,1,Mammalian
55.790000000000006,53.28722900310156,46.15717530790326,35.47076348088835,22.812380543407595,10.028552404327161,1.680285361620919,9.467145230249237,13.703440766344501,13.879362212573277,10.490664018147262,4.656698831143327,2.920402393484407,9.444875222468292,14.54655186195972,17.197780378789844,17.076958160047127,14.480849738767622,10.330835737378552,6.462322766076269,6.077089511454106,8.349433048087187,9.886875131778783,9.681157845450604,7.95283038693066,5.88323930016243,5.644749741562045,7.370155931242276,8.860831048646844,8.908784962979402,7.2142594585811315,4.038957413357542,0,E_coli
111.80000000000001,97.63891130802705,61.53544337742152,19.30506223545026,11.97164619509793,22.233780704485536,13.082272060233283,8.522181052474957,22.843785374844103,26.206531653585603,18.192414204115952,8.250445924100253,9.96004341136393,9.686067767764596,3.88657520698192,7.984399728970496,12.259600319749422,10.296777993228325,6.571825508699845,8.832139666850988,9.682832540473076,5.265461972781254,1.9822934212105225,7.62673878864299,8.798924351763617,6.384742451798328,6.014505020242615,8.57679802439964,9.55983141149984,8.77105841014569,7.11177307775258,4.4423710602317135,1,Mammalian
111.80000000000001,97.63891130802705,61.53544337742152,19.30506223545026,11.97164619509793,22.233780704485536,13.082272060233283,8.522181052474957,22.843785374844103,26.206531653585603,18.192414204115952,8.250445924100253,9.96004341136393,9.686067767764596,3.88657520698192,7.984399728970496,12.259600319749422,10.296777993228325,6.571825508699845,8.832139666850988,9.682832540473076,5.265461972781254,1.9822934212105225,7.62673878864299,8.798924351763617,6.384742451798328,6.014505020242615,8.57679802439964,9.55983141149984,8.77105841014569,7.11177307775258,4.4423710602317135,1,Yeast
111.80000000000001,97.63891130802705,61.53544337742152,19.30506223545026,11.97164619509793,22.233780704485536,13.082272060233283,8.522181052474957,22.843785374844103,26.206531653585603,18.192414204115952,8.250445924100253,9.96004341136393,9.686067767764596,3.88657520698192,7.984399728970496,12.259600319749422,10.296777993228325,6.571825508699845,8.832139666850988,9.682832540473076,5.265461972781254,1.9822934212105225,7.62673878864299,8.798924351763617,6.384742451798328,6.014505020242615,8.57679802439964,9.55983141149984,8.77105841014569,7.11177307775258,4.4423710602317135,0,E_coli
73.63,69.05950998421412,56.318446363431725,38.08219964098527,18.091829099045775,1.3912229000111391,12.595526479925038,18.27268500356512,17.08007952027538,10.722493602855895,3.080952947584639,7.872939834194678,13.364406706271136,14.748694829873546,11.968769123360195,6.632261239673608,4.321446517081983,8.47220979608848,11.150053768168199,10.609428708435903,7.520804069160712,5.26396158422244,7.850556073238232,10.893630360368887,11.522529391634013,9.388268525905035,5.966878803265109,5.721121000326486,8.857418325538848,10.78719545550857,10.04457237339087,7.036000729685319,1,Yeast
73.63,69.05950998421412,56.318446363431725,38.08219964098527,18.091829099045775,1.3912229000111391,12.595526479925038,18.27268500356512,17.08007952027538,10.722493602855895,3.080952947584639,7.872939834194678,13.364406706271136,14.748694829873546,11.968769123360195,6.632261239673608,4.321446517081983,8.47220979608848,11.150053768168199,10.609428708435903,7.520804069160712,5.26396158422244,7.850556073238232,10.893630360368887,11.522529391634013,9.388268525905035,5.966878803265109,5.721121000326486,8.857418325538848,10.78719545550857,10.04457237339087,7.036000729685319,1,Mammalian
73.63,69.05950998421412,56.318446363431725,38.08219964098527,18.091829099045775,1.3912229000111391,12.595526479925038,18.27268500356512,17.08007952027538,10.722493602855895,3.080952947584639,7.872939834194678,13.364406706271136,14.748694829873546,11.968769123360195,6.632261239673608,4.321446517081983,8.47220979608848,11.150053768168199,10.609428708435903,7.520804069160712,5.26396158422244,7.850556073238232,10.893630360368887,11.522529391634013,9.388268525905035,5.966878803265109,5.721121000326486,8.857418325538848,10.78719545550857,10.04457237339087,7.036000729685319,0,E_coli
185.82,112.37475210652785,8.588867521976246,34.70603349321636,9.434371703591534,19.87655192785775,8.859956553496803,7.788652216845597,11.961637253157509,3.1438131254738098,9.430207900377967,8.509288577642542,21.60325584630291,3.846387542647064,18.057905840955634,7.758970012448679,10.627407962433743,4.349611967723713,7.240961691860266,6.488270362579514,11.211368959668475,16.146178130404778,11.36646869105633,16.057090436825938,12.668845023279532,12.749428432474957,22.12376160262814,7.8170145514684775,13.702655707848484,14.062547406096732,9.038826028707783,10.919448838485817,1,Yeast
185.82,112.37475210652785,8.588867521976246,34.70603349321636,9.434371703591534,19.87655192785775,8.859956553496803,7.788652216845597,11.961637253157509,3.1438131254738098,9.430207900377967,8.509288577642542,21.60325584630291,3.846387542647064,18.057905840955634,7.758970012448679,10.627407962433743,4.349611967723713,7.240961691860266,6.488270362579514,11.211368959668475,16.146178130404778,11.36646869105633,16.057090436825938,12.668845023279532,12.749428432474957,22.12376160262814,7.8170145514684775,13.702655707848484,14.062547406096732,9.038826028707783,10.919448838485817,0,E_coli
185.82,112.37475210652785,8.588867521976246,34.70603349321636,9.434371703591534,19.87655192785775,8.859956553496803,7.788652216845597,11.961637253157509,3.1438131254738098,9.430207900377967,8.509288577642542,21.60325584630291,3.846387542647064,18.057905840955634,7.758970012448679,10.627407962433743,4.349611967723713,7.240961691860266,6.488270362579514,11.211368959668475,16.146178130404778,11.36646869105633,16.057090436825938,12.668845023279532,12.749428432474957,22.12376160262814,7.8170145514684775,13.702655707848484,14.062547406096732,9.038826028707783,10.919448838485817,1,Mammalian
185.8,112.35686551560677,8.607193741890404,34.71319802439997,9.447302322324147,19.892854626637078,8.859353185885626,7.779436667015694,11.977096287798215,3.1490844388615438,9.419175086181317,8.496191906119924,21.59010616106608,3.841295558168057,18.077015523716344,7.765846679983961,10.612417255272248,4.359675894876499,7.242236832208367,6.468432494770366,11.195446816835368,16.12676388936498,11.346809532402652,16.055367480430895,12.663110380661232,12.758502657375814,22.141972595512367,7.827260639908212,13.683397434698604,14.062702911235627,9.058791097582533,10.908495531801915,0,E_coli
185.8,112.35686551560677,8.607193741890404,34.71319802439997,9.447302322324147,19.892854626637078,8.859353185885626,7.779436667015694,11.977096287798215,3.1490844388615438,9.419175086181317,8.496191906119924,21.59010616106608,3.841295558168057,18.077015523716344,7.765846679983961,10.612417255272248,4.359675894876499,7.242236832208367,6.468432494770366,11.195446816835368,16.12676388936498,11.346809532402652,16.055367480430895,12.663110380661232,12.758502657375814,22.141972595512367,7.827260639908212,13.683397434698604,14.062702911235627,9.058791097582533,10.908495531801915,1,Yeast
185.8,112.35686551560677,8.607193741890404,34.71319802439997,9.447302322324147,19.892854626637078,8.859353185885626,7.779436667015694,11.977096287798215,3.1490844388615438,9.419175086181317,8.496191906119924,21.59010616106608,3.841295558168057,18.077015523716344,7.765846679983961,10.612417255272248,4.359675894876499,7.242236832208367,6.468432494770366,11.195446816835368,16.12676388936498,11.346809532402652,16.055367480430895,12.663110380661232,12.758502657375814,22.141972595512367,7.827260639908212,13.683397434698604,14.062702911235627,9.058791097582533,10.908495531801915,1,Mammalian
186.12,112.64313626970412,8.314900077834588,34.59977481282216,9.243435158186037,19.632831856496654,8.874412599923893,7.931653726554063,11.731398898262723,3.0792829425408734,9.59917950387086,8.708887413286536,21.80175107374597,3.934193764122942,17.77149571935025,7.66134652720897,10.85420655782817,4.207181917951448,7.228451048521676,6.785952598996378,11.451736190126299,16.43756029191346,11.661495170297208,16.08589689036162,12.758318066651272,12.616336821868257,21.850972126943553,7.667941515822483,13.991779544667585,14.063628096418155,8.739369164380024,11.086779761085364,1,Mammalian
186.12,112.64313626970412,8.314900077834588,34.59977481282216,9.243435158186037,19.632831856496654,8.874412599923893,7.931653726554063,11.731398898262723,3.0792829425408734,9.59917950387086,8.708887413286536,21.80175107374597,3.934193764122942,17.77149571935025,7.66134652720897,10.85420655782817,4.207181917951448,7.228451048521676,6.785952598996378,11.451736190126299,16.43756029191346,11.661495170297208,16.08589689036162,12.758318066651272,12.616336821868257,21.850972126943553,7.667941515822483,13.991779544667585,14.063628096418155,8.739369164380024,11.086779761085364,0,E_coli
186.12,112.64313626970412,8.314900077834588,34.59977481282216,9.243435158186037,19.632831856496654,8.874412599923893,7.931653726554063,11.731398898262723,3.0792829425408734,9.59917950387086,8.708887413286536,21.80175107374597,3.934193764122942,17.77149571935025,7.66134652720897,10.85420655782817,4.207181917951448,7.228451048521676,6.785952598996378,11.451736190126299,16.43756029191346,11.661495170297208,16.08589689036162,12.758318066651272,12.616336821868257,21.850972126943553,7.667941515822483,13.991779544667585,14.063628096418155,8.739369164380024,11.086779761085364,1,Yeast
185.5,112.08865237311309,8.882953681975499,34.8218675664511,9.644158702931543,20.138194929831023,8.855719621150206,7.646149839829398,12.210564325744963,3.2419608774255977,9.25729081324312,8.303044563647417,21.39413464773326,3.776819842111657,18.36388830021074,7.874373606904795,10.389581319764531,4.518574829234874,7.267944413375023,6.17099007951748,10.958218906836933,15.835725225318782,11.052068922266201,16.032495110267128,12.580592944962673,12.897571888159325,22.415503451358834,7.985386561266287,13.394784207935958,14.068447586142215,9.358285031754988,10.747323026355877,0,E_coli
185.5,112.08865237311309,8.882953681975499,34.8218675664511,9.644158702931543,20.138194929831023,8.855719621150206,7.646149839829398,12.210564325744963,3.2419608774255977,9.25729081324312,8.303044563647417,21.39413464773326,3.776819842111657,18.36388830021074,7.874373606904795,10.389581319764531,4.518574829234874,7.267944413375023,6.17099007951748,10.958218906836933,15.835725225318782,11.052068922266201,16.032495110267128,12.580592944962673,12.897571888159325,22.415503451358834,7.985386561266287,13.394784207935958,14.068447586142215,9.358285031754988,10.747323026355877,1,Yeast
185.5,112.08865237311309,8.882953681975499,34.8218675664511,9.644158702931543,20.138194929831023,8.855719621150206,7.646149839829398,12.210564325744963,3.2419608774255977,9.25729081324312,8.303044563647417,21.39413464773326,3.776819842111657,18.36388830021074,7.874373606904795,10.389581319764531,4.518574829234874,7.267944413375023,6.17099007951748,10.958218906836933,15.835725225318782,11.052068922266201,16.032495110267128,12.580592944962673,12.897571888159325,22.415503451358834,7.985386561266287,13.394784207935958,14.068447586142215,9.358285031754988,10.747323026355877,1,Mammalian
185.48000000000002,112.07077722720206,8.901393425554284,34.829192024283444,9.657471139754586,20.154603535856577,8.855838681391823,7.637600334807882,12.226232079599171,3.249043269323555,9.246743830167636,8.290394069882005,21.381155679958542,3.7733304330179513,18.383028052703374,7.881961602549133,10.374863854528412,4.529676382038433,7.270095192410949,6.151169417515392,10.942513289410702,15.81633455438909,11.032429629160674,16.031168737681295,12.575326999159115,12.90703782103789,22.433762902116467,7.9962173032027195,13.375561142817682,14.069057932391484,9.378252444243797,10.736790212343376,1,Yeast
185.48000000000002,112.07077722720206,8.901393425554284,34.829192024283444,9.657471139754586,20.154603535856577,8.855838681391823,7.637600334807882,12.226232079599171,3.249043269323555,9.246743830167636,8.290394069882005,21.381155679958542,3.7733304330179513,18.383028052703374,7.881961602549133,10.374863854528412,4.529676382038433,7.270095192410949,6.151169417515392,10.942513289410702,15.81633455438909,11.032429629160674,16.031168737681295,12.575326999159115,12.90703782103789,22.433762902116467,7.9962173032027195,13.375561142817682,14.069057932391484,9.378252444243797,10.736790212343376,1,Mammalian
185.48000000000002,112.07077722720206,8.901393425554284,34.829192024283444,9.657471139754586,20.154603535856577,8.855838681391823,7.637600334807882,12.226232079599171,3.249043269323555,9.246743830167636,8.290394069882005,21.381155679958542,3.7733304330179513,18.383028052703374,7.881961602549133,10.374863854528412,4.529676382038433,7.270095192410949,6.151169417515392,10.942513289410702,15.81633455438909,11.032429629160674,16.031168737681295,12.575326999159115,12.90703782103789,22.433762902116467,7.9962173032027195,13.375561142817682,14.069057932391484,9.378252444243797,10.736790212343376,0,E_coli
185.71,112.27638468168932,8.689753086949178,34.745562597279694,9.50579317809792,19.966299961362967,8.857196408181919,7.7384705602084365,12.046827349430204,3.174256773070415,9.36989495529079,8.437591987155272,21.531063095673527,3.8195937652545773,18.16303282004584,7.797351484334165,10.545164768745916,4.405802683061912,7.2486551050818795,6.379174619496769,11.123960134909685,16.039417617353433,11.258358176661165,16.047920341601785,12.637663977690675,12.799643792850539,22.223960128376273,7.873831719524813,13.596761707932243,14.06375463608427,9.148635795867014,10.859524759720902,1,Mammalian
185.71,112.27638468168932,8.689753086949178,34.745562597279694,9.50579317809792,19.966299961362967,8.857196408181919,7.7384705602084365,12.046827349430204,3.174256773070415,9.36989495529079,8.437591987155272,21.531063095673527,3.8195937652545773,18.16303282004584,7.797351484334165,10.545164768745916,4.405802683061912,7.2486551050818795,6.379174619496769,11.123960134909685,16.039417617353433,11.258358176661165,16.047920341601785,12.637663977690675,12.799643792850539,22.223960128376273,7.873831719524813,13.596761707932243,14.06375463608427,9.148635795867014,10.859524759720902,1,Yeast
185.71,112.27638468168932,8.689753086949178,34.745562597279694,9.50579317809792,19.966299961362967,8.857196408181919,7.7384705602084365,12.046827349430204,3.174256773070415,9.36989495529079,8.437591987155272,21.531063095673527,3.8195937652545773,18.16303282004584,7.797351484334165,10.545164768745916,4.405802683061912,7.2486551050818795,6.379174619496769,11.123960134909685,16.039417617353433,11.258358176661165,16.047920341601785,12.637663977690675,12.799643792850539,22.223960128376273,7.873831719524813,13.596761707932243,14.06375463608427,9.148635795867014,10.859524759720902,0,E_coli
64.84,62.036462613365906,54.10513497973605,42.389616721109554,28.840695653554288,15.691849999005685,5.626604678083293,5.435777772972636,8.240233378628302,7.861434395628445,4.841329263025683,1.4206681547642794,4.38143032980556,7.2174362747089,8.042207405442293,6.864269864644386,4.863846214674142,5.0277092140858874,7.564639052447884,9.666500570157257,10.090332204496736,8.62830013556653,5.822774000070835,3.267934519595588,3.8435080155685926,5.382897064213796,5.440197778031689,3.670751780250423,1.9932231402958283,5.374670436929235,9.520919426300793,12.554946998804613,1,Mammalian
64.84,62.036462613365906,54.10513497973605,42.389616721109554,28.840695653554288,15.691849999005685,5.626604678083293,5.435777772972636,8.240233378628302,7.861434395628445,4.841329263025683,1.4206681547642794,4.38143032980556,7.2174362747089,8.042207405442293,6.864269864644386,4.863846214674142,5.0277092140858874,7.564639052447884,9.666500570157257,10.090332204496736,8.62830013556653,5.822774000070835,3.267934519595588,3.8435080155685926,5.382897064213796,5.440197778031689,3.670751780250423,1.9932231402958283,5.374670436929235,9.520919426300793,12.554946998804613,0,E_coli
64.84,62.036462613365906,54.10513497973605,42.389616721109554,28.840695653554288,15.691849999005685,5.626604678083293,5.435777772972636,8.240233378628302,7.861434395628445,4.841329263025683,1.4206681547642794,4.38143032980556,7.2174362747089,8.042207405442293,6.864269864644386,4.863846214674142,5.0277092140858874,7.564639052447884,9.666500570157257,10.090332204496736,8.62830013556653,5.822774000070835,3.267934519595588,3.8435080155685926,5.382897064213796,5.440197778031689,3.670751780250423,1.9932231402958283,5.374670436929235,9.520919426300793,12.554946998804613,1,Yeast
61.61,58.83105444949042,50.97697383913981,39.40583936603813,26.116697904360905,13.562384134776831,6.058367471655453,8.662022809072656,11.280032797200091,10.713150715941248,7.7194177026422315,4.565319601260586,5.239262995449022,7.7124849097266575,8.91635286023626,8.558837016194008,7.728913248316349,8.125313500082385,9.806542493152442,11.219270403416685,11.256676498490414,9.732516896747866,7.406638677597852,6.110807420245844,7.012093845214161,8.272512999407551,8.174322978418873,6.202124553653854,2.6865308569236395,2.171100035518697,6.293062486574684,9.32670369301189,0,E_coli
61.61,58.83105444949042,50.97697383913981,39.40583936603813,26.116697904360905,13.562384134776831,6.058367471655453,8.662022809072656,11.280032797200091,10.713150715941248,7.7194177026422315,4.565319601260586,5.239262995449022,7.7124849097266575,8.91635286023626,8.558837016194008,7.728913248316349,8.125313500082385,9.806542493152442,11.219270403416685,11.256676498490414,9.732516896747866,7.406638677597852,6.110807420245844,7.012093845214161,8.272512999407551,8.174322978418873,6.202124553653854,2.6865308569236395,2.171100035518697,6.293062486574684,9.32670369301189,1,Yeast
61.61,58.83105444949042,50.97697383913981,39.40583936603813,26.116697904360905,13.562384134776831,6.058367471655453,8.662022809072656,11.280032797200091,10.713150715941248,7.7194177026422315,4.565319601260586,5.239262995449022,7.7124849097266575,8.91635286023626,8.558837016194008,7.728913248316349,8.125313500082385,9.806542493152442,11.219270403416685,11.256676498490414,9.732516896747866,7.406638677597852,6.110807420245844,7.012093845214161,8.272512999407551,8.174322978418873,6.202124553653854,2.6865308569236395,2.171100035518697,6.293062486574684,9.32670369301189,1,Mammalian
64.19,61.61774982007587,54.261138139167606,43.15023665670713,29.857947723570273,16.44669000807933,7.092854419436082,10.626102720141121,16.271396372641178,18.647749042869584,17.510921584740885,13.631463385996907,8.494817332308628,5.330142394236439,7.630175831288633,10.81036373258213,12.28010179110906,11.602455615692596,9.047830472848027,5.286082344345453,1.429709934650404,3.0222088518701633,5.665710265351452,6.954067807038676,6.808043778090699,5.515220641698308,3.6441403103946244,2.1154166759695947,2.0939354646253676,2.6516583138000964,2.6852706354076408,2.206219714674656,0,E_coli
64.19,61.61774982007587,54.261138139167606,43.15023665670713,29.857947723570273,16.44669000807933,7.092854419436082,10.626102720141121,16.271396372641178,18.647749042869584,17.510921584740885,13.631463385996907,8.494817332308628,5.330142394236439,7.630175831288633,10.81036373258213,12.28010179110906,11.602455615692596,9.047830472848027,5.286082344345453,1.429709934650404,3.0222088518701633,5.665710265351452,6.954067807038676,6.808043778090699,5.515220641698308,3.6441403103946244,2.1154166759695947,2.0939354646253676,2.6516583138000964,2.6852706354076408,2.206219714674656,1,Mammalian
64.19,61.61774982007587,54.261138139167606,43.15023665670713,29.857947723570273,16.44669000807933,7.092854419436082,10.626102720141121,16.271396372641178,18.647749042869584,17.510921584740885,13.631463385996907,8.494817332308628,5.330142394236439,7.630175831288633,10.81036373258213,12.28010179110906,11.602455615692596,9.047830472848027,5.286082344345453,1.429709934650404,3.0222088518701633,5.665710265351452,6.954067807038676,6.808043778090699,5.515220641698308,3.6441403103946244,2.1154166759695947,2.0939354646253676,2.6516583138000964,2.6852706354076408,2.206219714674656,1,Yeast
104.44,90.70046169171403,55.76354125991753,15.246746954369977,14.864387601234712,24.05024662642766,14.971360351523394,7.567231331756135,18.480811570049337,18.962472413793964,9.274707263181002,11.210898830859321,19.896932183215963,18.776960237823126,8.73978808270863,4.576393987702802,12.095949735345295,11.632420585406996,4.809487110360902,3.1416674569037566,7.1549891030556285,5.842070883651343,3.0576806408165615,4.942327488306347,5.021036119401102,3.3120316924672624,6.172925463163509,8.67097932511406,7.330388930467453,2.594871291486034,3.2606991413231343,7.727037165123701,0,E_coli
104.44,90.70046169171403,55.76354125991753,15.246746954369977,14.864387601234712,24.05024662642766,14.971360351523394,7.567231331756135,18.480811570049337,18.962472413793964,9.274707263181002,11.210898830859321,19.896932183215963,18.776960237823126,8.73978808270863,4.576393987702802,12.095949735345295,11.632420585406996,4.809487110360902,3.1416674569037566,7.1549891030556285,5.842070883651343,3.0576806408165615,4.942327488306347,5.021036119401102,3.3120316924672624,6.172925463163509,8.67097932511406,7.330388930467453,2.594871291486034,3.2606991413231343,7.727037165123701,1,Yeast
104.44,90.70046169171403,55.76354125991753,15.246746954369977,14.864387601234712,24.05024662642766,14.971360351523394,7.567231331756135,18.480811570049337,18.962472413793964,9.274707263181002,11.210898830859321,19.896932183215963,18.776960237823126,8.73978808270863,4.576393987702802,12.095949735345295,11.632420585406996,4.809487110360902,3.1416674569037566,7.1549891030556285,5.842070883651343,3.0576806408165615,4.942327488306347,5.021036119401102,3.3120316924672624,6.172925463163509,8.67097932511406,7.330388930467453,2.594871291486034,3.2606991413231343,7.727037165123701,1,Mammalian
134.04,117.75711292881024,76.18408417404376,27.312945157812937,9.584227590635324,23.221727934444875,15.803415874568609,8.695350123777878,20.018728362327014,21.457797778950848,12.589946935660064,9.013146869742977,13.994395623156185,10.641466007917106,2.4862302839662953,13.58990609401524,20.48140620172355,19.644657124224427,13.431845832772918,5.67983813230579,1.8231590236030075,7.9382693319264686,10.2582412011177,6.224894481499552,5.814612175834576,17.230550385510437,24.074607960711546,21.882316189826675,11.776738249963211,1.2752382090086785,8.04217115661898,7.153947444812443,1,Yeast
134.04,117.75711292881024,76.18408417404376,27.312945157812937,9.584227590635324,23.221727934444875,15.803415874568609,8.695350123777878,20.018728362327014,21.457797778950848,12.589946935660064,9.013146869742977,13.994395623156185,10.641466007917106,2.4862302839662953,13.58990609401524,20.48140620172355,19.644657124224427,13.431845832772918,5.67983813230579,1.8231590236030075,7.9382693319264686,10.2582412011177,6.224894481499552,5.814612175834576,17.230550385510437,24.074607960711546,21.882316189826675,11.776738249963211,1.2752382090086785,8.04217115661898,7.153947444812443,1,Mammalian
134.04,117.75711292881024,76.18408417404376,27.312945157812937,9.584227590635324,23.221727934444875,15.803415874568609,8.695350123777878,20.018728362327014,21.457797778950848,12.589946935660064,9.013146869742977,13.994395623156185,10.641466007917106,2.4862302839662953,13.58990609401524,20.48140620172355,19.644657124224427,13.431845832772918,5.67983813230579,1.8231590236030075,7.9382693319264686,10.2582412011177,6.224894481499552,5.814612175834576,17.230550385510437,24.074607960711546,21.882316189826675,11.776738249963211,1.2752382090086785,8.04217115661898,7.153947444812443,0,E_coli
28.5,28.353337558095216,27.916210672753568,27.19714612301544,26.210175647412306,24.9745747111808,23.514513979668216,21.858643474665154,20.03964058399527,18.093772078583203,16.060555795306332,13.982679490986614,11.906489271296493,9.883709722353153,7.975853779112873,6.264375835106318,4.870503054100265,3.971186123464649,3.7168500955595154,4.0179486984385155,4.588741357474502,5.19610144594146,5.716420670455638,6.093571040913461,6.307107519639229,6.357445193244078,6.259577826357598,6.040647482801481,5.739273344117681,5.4052949174234906,5.097996031362703,4.879459548561191,1,Yeast
28.5,28.353337558095216,27.916210672753568,27.19714612301544,26.210175647412306,24.9745747111808,23.514513979668216,21.858643474665154,20.03964058399527,18.093772078583203,16.060555795306332,13.982679490986614,11.906489271296493,9.883709722353153,7.975853779112873,6.264375835106318,4.870503054100265,3.971186123464649,3.7168500955595154,4.0179486984385155,4.588741357474502,5.19610144594146,5.716420670455638,6.093571040913461,6.307107519639229,6.357445193244078,6.259577826357598,6.040647482801481,5.739273344117681,5.4052949174234906,5.097996031362703,4.879459548561191,1,Mammalian
28.5,28.353337558095216,27.916210672753568,27.19714612301544,26.210175647412306,24.9745747111808,23.514513979668216,21.858643474665154,20.03964058399527,18.093772078583203,16.060555795306332,13.982679490986614,11.906489271296493,9.883709722353153,7.975853779112873,6.264375835106318,4.870503054100265,3.971186123464649,3.7168500955595154,4.0179486984385155,4.588741357474502,5.19610144594146,5.716420670455638,6.093571040913461,6.307107519639229,6.357445193244078,6.259577826357598,6.040647482801481,5.739273344117681,5.4052949174234906,5.097996031362703,4.879459548561191,0,E_coli
111.48,97.63816561620291,62.12562780066796,19.881687293053297,12.816441806606152,26.1883398241178,21.222004111478423,10.621351405493703,15.113416018723031,18.834159887368248,14.784417335731861,9.828298902563803,9.840001372273585,8.073574455896516,3.6156282076441415,5.138295570352726,6.098278445594299,4.437463810454335,8.146701923725473,11.69329677243937,10.014785599548157,4.106169044618693,4.818220970833035,8.014948287610183,6.694912713770523,6.749482555424488,11.449481674702824,13.651702789427768,11.479427764771852,7.413957518606569,5.072367533519358,3.5065066033565224,0,E_coli
111.48,97.63816561620291,62.12562780066796,19.881687293053297,12.816441806606152,26.1883398241178,21.222004111478423,10.621351405493703,15.113416018723031,18.834159887368248,14.784417335731861,9.828298902563803,9.840001372273585,8.073574455896516,3.6156282076441415,5.138295570352726,6.098278445594299,4.437463810454335,8.146701923725473,11.69329677243937,10.014785599548157,4.106169044618693,4.818220970833035,8.014948287610183,6.694912713770523,6.749482555424488,11.449481674702824,13.651702789427768,11.479427764771852,7.413957518606569,5.072367533519358,3.5065066033565224,2,Yeast
111.48,97.63816561620291,62.12562780066796,19.881687293053297,12.816441806606152,26.1883398241178,21.222004111478423,10.621351405493703,15.113416018723031,18.834159887368248,14.784417335731861,9.828298902563803,9.840001372273585,8.073574455896516,3.6156282076441415,5.138295570352726,6.098278445594299,4.437463810454335,8.146701923725473,11.69329677243937,10.014785599548157,4.106169044618693,4.818220970833035,8.014948287610183,6.694912713770523,6.749482555424488,11.449481674702824,13.651702789427768,11.479427764771852,7.413957518606569,5.072367533519358,3.5065066033565224,1,Mammalian
51.81,50.59733214456101,47.06460782941715,41.517571692035816,34.433870000291954,26.422066655977314,18.184919669300776,10.55978027087776,5.209045462553598,5.916422292016608,9.085228342394823,11.203005306432111,11.810148183217215,11.033969167873964,9.215535607305785,6.819636928528361,4.410181402164768,2.7329504998870946,2.457438018645147,2.7105031127727597,2.4336803276042294,1.363072633305404,0.4175450245446157,2.661491731796969,5.046547866517247,7.2251635122016635,8.880625628746904,9.773370260736478,9.779866908934752,8.925551554315991,7.427264563775031,5.797687078312236,1,Mammalian
51.81,50.59733214456101,47.06460782941715,41.517571692035816,34.433870000291954,26.422066655977314,18.184919669300776,10.55978027087776,5.209045462553598,5.916422292016608,9.085228342394823,11.203005306432111,11.810148183217215,11.033969167873964,9.215535607305785,6.819636928528361,4.410181402164768,2.7329504998870946,2.457438018645147,2.7105031127727597,2.4336803276042294,1.363072633305404,0.4175450245446157,2.661491731796969,5.046547866517247,7.2251635122016635,8.880625628746904,9.773370260736478,9.779866908934752,8.925551554315991,7.427264563775031,5.797687078312236,0,E_coli
51.81,50.59733214456101,47.06460782941715,41.517571692035816,34.433870000291954,26.422066655977314,18.184919669300776,10.55978027087776,5.209045462553598,5.916422292016608,9.085228342394823,11.203005306432111,11.810148183217215,11.033969167873964,9.215535607305785,6.819636928528361,4.410181402164768,2.7329504998870946,2.457438018645147,2.7105031127727597,2.4336803276042294,1.363072633305404,0.4175450245446157,2.661491731796969,5.046547866517247,7.2251635122016635,8.880625628746904,9.773370260736478,9.779866908934752,8.925551554315991,7.427264563775031,5.797687078312236,2,Yeast
57.47,55.80251431710402,50.98464894407567,43.54659869040758,34.29739290353935,24.22788739769628,14.416584998112855,6.140762444325916,3.8094618258199424,7.357198456397871,9.425932553409385,9.427123584521395,7.80878653495034,5.506900293015607,4.28871782410353,5.42694764869035,7.14370352128362,8.06830051040441,7.819517316731532,6.5381535186473165,4.918962116580103,4.515074793940517,6.075814646651399,8.160089587660947,9.695906383501265,10.242168072130736,9.69877082285956,8.207939283490491,6.092019744508142,3.784910266607089,1.7674314141897292,0.6396878541650148,0,E_coli
57.47,55.80251431710402,50.98464894407567,43.54659869040758,34.29739290353935,24.22788739769628,14.416584998112855,6.140762444325916,3.8094618258199424,7.357198456397871,9.425932553409385,9.427123584521395,7.80878653495034,5.506900293015607,4.28871782410353,5.42694764869035,7.14370352128362,8.06830051040441,7.819517316731532,6.5381535186473165,4.918962116580103,4.515074793940517,6.075814646651399,8.160089587660947,9.695906383501265,10.242168072130736,9.69877082285956,8.207939283490491,6.092019744508142,3.784910266607089,1.7674314141897292,0.6396878541650148,1,Mammalian
57.47,55.80251431710402,50.98464894407567,43.54659869040758,34.29739290353935,24.22788739769628,14.416584998112855,6.140762444325916,3.8094618258199424,7.357198456397871,9.425932553409385,9.427123584521395,7.80878653495034,5.506900293015607,4.28871782410353,5.42694764869035,7.14370352128362,8.06830051040441,7.819517316731532,6.5381535186473165,4.918962116580103,4.515074793940517,6.075814646651399,8.160089587660947,9.695906383501265,10.242168072130736,9.69877082285956,8.207939283490491,6.092019744508142,3.784910266607089,1.7674314141897292,0.6396878541650148,2,Yeast
78.64,74.50549075854823,62.90963111944335,46.08860818483795,27.19647720647884,9.639320174614785,4.443279285599451,12.062075396912169,13.851651716601138,10.77730167923633,5.536437085488295,5.7129023091502775,10.50638348163626,13.437505855033184,13.52405484824968,11.308704417792597,8.132711724879961,5.574986883307488,4.288688672503232,3.2911388780918718,2.568585676342934,4.032967346167975,6.23278160183629,7.328109859602234,6.523139176959263,3.9335368651186764,2.5311367811645678,6.203226000660099,9.818976592169031,11.771249072090125,11.756237324709074,10.501119902911974,1,Mammalian
78.64,74.50549075854823,62.90963111944335,46.08860818483795,27.19647720647884,9.639320174614785,4.443279285599451,12.062075396912169,13.851651716601138,10.77730167923633,5.536437085488295,5.7129023091502775,10.50638348163626,13.437505855033184,13.52405484824968,11.308704417792597,8.132711724879961,5.574986883307488,4.288688672503232,3.2911388780918718,2.568585676342934,4.032967346167975,6.23278160183629,7.328109859602234,6.523139176959263,3.9335368651186764,2.5311367811645678,6.203226000660099,9.818976592169031,11.771249072090125,11.756237324709074,10.501119902911974,2,Yeast
78.64,74.50549075854823,62.90963111944335,46.08860818483795,27.19647720647884,9.639320174614785,4.443279285599451,12.062075396912169,13.851651716601138,10.77730167923633,5.536437085488295,5.7129023091502775,10.50638348163626,13.437505855033184,13.52405484824968,11.308704417792597,8.132711724879961,5.574986883307488,4.288688672503232,3.2911388780918718,2.568585676342934,4.032967346167975,6.23278160183629,7.328109859602234,6.523139176959263,3.9335368651186764,2.5311367811645678,6.203226000660099,9.818976592169031,11.771249072090125,11.756237324709074,10.501119902911974,0,E_coli
78.25999999999999,75.25282745798675,66.62513749849094,53.49966345772025,37.56444646488925,20.85594542958078,5.997753297474701,8.772228074115114,17.196960929161996,21.301827714282975,20.97848191519231,16.95251909428188,10.506934636052636,4.07808904376132,6.631838785032501,12.390528554077537,16.38524336102458,18.049977805620248,17.533803261270126,15.42449417076903,12.592756279944334,9.997579755064729,8.327969700801937,7.513309945895514,6.881056227126454,5.934960132978686,4.647665162343145,3.31314261599915,2.3179248508329957,1.7953930055666893,1.4018173737811375,0.8074034345241179,0,E_coli
78.25999999999999,75.25282745798675,66.62513749849094,53.49966345772025,37.56444646488925,20.85594542958078,5.997753297474701,8.772228074115114,17.196960929161996,21.301827714282975,20.97848191519231,16.95251909428188,10.506934636052636,4.07808904376132,6.631838785032501,12.390528554077537,16.38524336102458,18.049977805620248,17.533803261270126,15.42449417076903,12.592756279944334,9.997579755064729,8.327969700801937,7.513309945895514,6.881056227126454,5.934960132978686,4.647665162343145,3.31314261599915,2.3179248508329957,1.7953930055666893,1.4018173737811375,0.8074034345241179,1,Mammalian
78.25999999999999,75.25282745798675,66.62513749849094,53.49966345772025,37.56444646488925,20.85594542958078,5.997753297474701,8.772228074115114,17.196960929161996,21.301827714282975,20.97848191519231,16.95251909428188,10.506934636052636,4.07808904376132,6.631838785032501,12.390528554077537,16.38524336102458,18.049977805620248,17.533803261270126,15.42449417076903,12.592756279944334,9.997579755064729,8.327969700801937,7.513309945895514,6.881056227126454,5.934960132978686,4.647665162343145,3.31314261599915,2.3179248508329957,1.7953930055666893,1.4018173737811375,0.8074034345241179,2,Yeast
196.19,104.71628406674198,30.407793394742864,34.21388775893336,28.337284550157502,27.318096419210367,12.90595000159784,6.767177990913631,8.871459068922434,8.483492070908,11.764771203293497,11.948363248890686,18.30646773651064,5.6092714645618615,8.644026751630859,14.682274382365875,1.9209633000138249,10.760996051619191,5.997631177322949,12.905203070532428,4.55079788766727,3.9719297388663626,9.47764228718689,7.46450969868477,8.358601198073401,16.866074785521445,24.945492749836795,12.530597987537924,2.643592616327913,4.604528410762738,6.0207162260735885,12.732181140998659,0,E_coli
196.19,104.71628406674198,30.407793394742864,34.21388775893336,28.337284550157502,27.318096419210367,12.90595000159784,6.767177990913631,8.871459068922434,8.483492070908,11.764771203293497,11.948363248890686,18.30646773651064,5.6092714645618615,8.644026751630859,14.682274382365875,1.9209633000138249,10.760996051619191,5.997631177322949,12.905203070532428,4.55079788766727,3.9719297388663626,9.47764228718689,7.46450969868477,8.358601198073401,16.866074785521445,24.945492749836795,12.530597987537924,2.643592616327913,4.604528410762738,6.0207162260735885,12.732181140998659,1,Mammalian
196.19,104.71628406674198,30.407793394742864,34.21388775893336,28.337284550157502,27.318096419210367,12.90595000159784,6.767177990913631,8.871459068922434,8.483492070908,11.764771203293497,11.948363248890686,18.30646773651064,5.6092714645618615,8.644026751630859,14.682274382365875,1.9209633000138249,10.760996051619191,5.997631177322949,12.905203070532428,4.55079788766727,3.9719297388663626,9.47764228718689,7.46450969868477,8.358601198073401,16.866074785521445,24.945492749836795,12.530597987537924,2.643592616327913,4.604528410762738,6.0207162260735885,12.732181140998659,2,Yeast
196.64000000000001,105.07230849016285,30.224847493368134,34.330492591813126,27.98178006843294,26.880881320006157,12.930783214845114,6.428326853989891,9.034569231958454,8.183238753358502,11.315596648810683,12.346124677579347,18.47770621440976,5.483205867081006,8.214733457991118,14.243055186337816,1.6086018774078301,10.645864319330569,5.841648812397399,13.262184470169869,4.992327878437041,4.419696871454528,9.78952953916732,7.78329598921704,8.592471052785093,16.451438418719974,24.54693404389935,12.352401733365442,3.081528778056828,4.754029970005261,5.594957171216378,12.709063895427677,0,E_coli
196.64000000000001,105.07230849016285,30.224847493368134,34.330492591813126,27.98178006843294,26.880881320006157,12.930783214845114,6.428326853989891,9.034569231958454,8.183238753358502,11.315596648810683,12.346124677579347,18.47770621440976,5.483205867081006,8.214733457991118,14.243055186337816,1.6086018774078301,10.645864319330569,5.841648812397399,13.262184470169869,4.992327878437041,4.419696871454528,9.78952953916732,7.78329598921704,8.592471052785093,16.451438418719974,24.54693404389935,12.352401733365442,3.081528778056828,4.754029970005261,5.594957171216378,12.709063895427677,2,Yeast
196.64000000000001,105.07230849016285,30.224847493368134,34.330492591813126,27.98178006843294,26.880881320006157,12.930783214845114,6.428326853989891,9.034569231958454,8.183238753358502,11.315596648810683,12.346124677579347,18.47770621440976,5.483205867081006,8.214733457991118,14.243055186337816,1.6086018774078301,10.645864319330569,5.841648812397399,13.262184470169869,4.992327878437041,4.419696871454528,9.78952953916732,7.78329598921704,8.592471052785093,16.451438418719974,24.54693404389935,12.352401733365442,3.081528778056828,4.754029970005261,5.594957171216378,12.709063895427677,1,Mammalian
198.90000000000003,106.87106109562822,29.393146147525222,34.99782800606028,26.240260863535834,24.692037826596582,13.287289341973704,4.999206393215828,10.120089951836423,6.925141516280494,9.060981043589845,14.390385267194244,19.47266113133405,5.400664085344967,6.104002968589359,12.049236386405974,1.781909088590102,10.348005287576076,5.565503408563021,15.130237072109944,7.225610965883688,6.6730272920528755,11.495170830420612,9.545484330967982,9.993246687975816,14.401186431507222,22.574543972598114,11.680650977605294,5.311527506049793,5.979304963081944,3.548359564363176,12.833206067202344,2,Yeast
198.90000000000003,106.87106109562822,29.393146147525222,34.99782800606028,26.240260863535834,24.692037826596582,13.287289341973704,4.999206393215828,10.120089951836423,6.925141516280494,9.060981043589845,14.390385267194244,19.47266113133405,5.400664085344967,6.104002968589359,12.049236386405974,1.781909088590102,10.348005287576076,5.565503408563021,15.130237072109944,7.225610965883688,6.6730272920528755,11.495170830420612,9.545484330967982,9.993246687975816,14.401186431507222,22.574543972598114,11.680650977605294,5.311527506049793,5.979304963081944,3.548359564363176,12.833206067202344,1,Mammalian
198.90000000000003,106.87106109562822,29.393146147525222,34.99782800606028,26.240260863535834,24.692037826596582,13.287289341973704,4.999206393215828,10.120089951836423,6.925141516280494,9.060981043589845,14.390385267194244,19.47266113133405,5.400664085344967,6.104002968589359,12.049236386405974,1.781909088590102,10.348005287576076,5.565503408563021,15.130237072109944,7.225610965883688,6.6730272920528755,11.495170830420612,9.545484330967982,9.993246687975816,14.401186431507222,22.574543972598114,11.680650977605294,5.311527506049793,5.979304963081944,3.548359564363176,12.833206067202344,0,E_coli
199.39000000000001,107.26335842830015,29.232754709735243,35.1600117324423,25.873254635431593,24.219189811814545,13.413653457704969,4.774798718640085,10.40537791836025,6.721898716568428,8.572522515879967,14.841865386908722,19.71595031161771,5.506350184585089,5.661588054930951,11.57694447060326,2.1564090521049097,10.347604948301987,5.62488724407263,15.548989666676727,7.71187202767144,7.162135669212635,11.889393907894307,9.954121401443208,10.337171294706359,13.965204935369258,22.154151032872836,11.588132355445246,5.798088280524726,6.320678211339,3.1434343344660234,12.912248762232421,1,Mammalian
199.39000000000001,107.26335842830015,29.232754709735243,35.1600117324423,25.873254635431593,24.219189811814545,13.413653457704969,4.774798718640085,10.40537791836025,6.721898716568428,8.572522515879967,14.841865386908722,19.71595031161771,5.506350184585089,5.661588054930951,11.57694447060326,2.1564090521049097,10.347604948301987,5.62488724407263,15.548989666676727,7.71187202767144,7.162135669212635,11.889393907894307,9.954121401443208,10.337171294706359,13.965204935369258,22.154151032872836,11.588132355445246,5.798088280524726,6.320678211339,3.1434343344660234,12.912248762232421,2,Yeast
199.39000000000001,107.26335842830015,29.232754709735243,35.1600117324423,25.873254635431593,24.219189811814545,13.413653457704969,4.774798718640085,10.40537791836025,6.721898716568428,8.572522515879967,14.841865386908722,19.71595031161771,5.506350184585089,5.661588054930951,11.57694447060326,2.1564090521049097,10.347604948301987,5.62488724407263,15.548989666676727,7.71187202767144,7.162135669212635,11.889393907894307,9.954121401443208,10.337171294706359,13.965204935369258,22.154151032872836,11.588132355445246,5.798088280524726,6.320678211339,3.1434343344660234,12.912248762232421,0,E_coli
201.01000000000002,108.56599360323312,28.75559723976407,35.73881932411595,24.690294811271176,22.661084572372886,13.946300293033884,4.354925975858283,11.447691834061684,6.279494721242985,6.959161736524229,16.35031024109118,20.582954456040913,6.127734094981372,4.2734657591093965,10.027593294633848,3.597846578163107,10.510172979718195,6.103652062331753,16.96063247403547,9.322298246907959,8.779895662842591,13.238359206667472,11.3510696396895,11.549552011760348,12.552195004609436,20.785993185593167,11.427405875923608,7.409944897822004,7.566452385627548,2.0834726197680373,13.29933436924097,0,E_coli
201.01000000000002,108.56599360323312,28.75559723976407,35.73881932411595,24.690294811271176,22.661084572372886,13.946300293033884,4.354925975858283,11.447691834061684,6.279494721242985,6.959161736524229,16.35031024109118,20.582954456040913,6.127734094981372,4.2734657591093965,10.027593294633848,3.597846578163107,10.510172979718195,6.103652062331753,16.96063247403547,9.322298246907959,8.779895662842591,13.238359206667472,11.3510696396895,11.549552011760348,12.552195004609436,20.785993185593167,11.427405875923608,7.409944897822004,7.566452385627548,2.0834726197680373,13.29933436924097,1,Mammalian
201.01000000000002,108.56599360323312,28.75559723976407,35.73881932411595,24.690294811271176,22.661084572372886,13.946300293033884,4.354925975858283,11.447691834061684,6.279494721242985,6.959161736524229,16.35031024109118,20.582954456040913,6.127734094981372,4.2734657591093965,10.027593294633848,3.597846578163107,10.510172979718195,6.103652062331753,16.96063247403547,9.322298246907959,8.779895662842591,13.238359206667472,11.3510696396895,11.549552011760348,12.552195004609436,20.785993185593167,11.427405875923608,7.409944897822004,7.566452385627548,2.0834726197680373,13.29933436924097,2,Yeast
199.44,107.30343393830375,29.216800794778504,35.17690282501505,25.83603441575889,24.17097843107008,13.42748632410475,4.754144547570688,10.43534411832412,6.702827429770448,8.522689759434664,14.888071749241126,19.741291008582152,5.519467077889613,5.616887839726041,11.528834524698253,2.197180010832063,10.348868669128073,5.63330857672042,15.591953008305673,7.761516946319574,7.212051493337194,11.930019897291897,9.996230329957333,10.372925967737283,13.920919060320257,22.11141493615521,11.579815993754979,5.847769632448791,6.356605283149237,3.1034951015613643,12.921331980578195,1,Mammalian
199.44,107.30343393830375,29.216800794778504,35.17690282501505,25.83603441575889,24.17097843107008,13.42748632410475,4.754144547570688,10.43534411832412,6.702827429770448,8.522689759434664,14.888071749241126,19.741291008582152,5.519467077889613,5.616887839726041,11.528834524698253,2.197180010832063,10.348868669128073,5.63330857672042,15.591953008305673,7.761516946319574,7.212051493337194,11.930019897291897,9.996230329957333,10.372925967737283,13.920919060320257,22.11141493615521,11.579815993754979,5.847769632448791,6.356605283149237,3.1034951015613643,12.921331980578195,0,E_coli
199.44,107.30343393830375,29.216800794778504,35.17690282501505,25.83603441575889,24.17097843107008,13.42748632410475,4.754144547570688,10.43534411832412,6.702827429770448,8.522689759434664,14.888071749241126,19.741291008582152,5.519467077889613,5.616887839726041,11.528834524698253,2.197180010832063,10.348868669128073,5.63330857672042,15.591953008305673,7.761516946319574,7.212051493337194,11.930019897291897,9.996230329957333,10.372925967737283,13.920919060320257,22.11141493615521,11.579815993754979,5.847769632448791,6.356605283149237,3.1034951015613643,12.921331980578195,2,Yeast
203.16000000000003,110.30778546102793,28.253635259751164,36.60370339309791,23.201993894285778,20.60797443957166,14.897844058457645,4.688650766369328,13.01479503554239,6.316953494027669,4.824848747697085,18.381601443278196,21.866266163646216,7.432965578405503,2.8399025878141546,8.014615577034007,5.661978452802521,11.093664063206711,7.267211020391758,18.885829850641926,11.463759221466914,10.927947747815834,15.11111201570311,13.283507186180824,13.293378433747435,10.767323674440048,19.031389855853277,11.566402397248707,9.553392481330329,9.397706193852489,2.2568701027952343,14.086991623838694,2,Yeast
203.16000000000003,110.30778546102793,28.253635259751164,36.60370339309791,23.201993894285778,20.60797443957166,14.897844058457645,4.688650766369328,13.01479503554239,6.316953494027669,4.824848747697085,18.381601443278196,21.866266163646216,7.432965578405503,2.8399025878141546,8.014615577034007,5.661978452802521,11.093664063206711,7.267211020391758,18.885829850641926,11.463759221466914,10.927947747815834,15.11111201570311,13.283507186180824,13.293378433747435,10.767323674440048,19.031389855853277,11.566402397248707,9.553392481330329,9.397706193852489,2.2568701027952343,14.086991623838694,1,Mammalian
203.16000000000003,110.30778546102793,28.253635259751164,36.60370339309791,23.201993894285778,20.60797443957166,14.897844058457645,4.688650766369328,13.01479503554239,6.316953494027669,4.824848747697085,18.381601443278196,21.866266163646216,7.432965578405503,2.8399025878141546,8.014615577034007,5.661978452802521,11.093664063206711,7.267211020391758,18.885829850641926,11.463759221466914,10.927947747815834,15.11111201570311,13.283507186180824,13.293378433747435,10.767323674440048,19.031389855853277,11.566402397248707,9.553392481330329,9.397706193852489,2.2568701027952343,14.086991623838694,0,E_coli
199.40000000000003,107.27137286361528,29.22955778098588,35.1633849123274,25.865807143995358,24.209546955191296,13.416406264850677,4.770633115076112,10.411358848521532,6.718059019932769,8.5625558085965,14.851104693342034,19.721010914485294,5.508939757249632,5.652640908796694,11.567321198960457,2.164532282041553,10.347838377123557,5.626536973213199,15.557578971233863,7.721800644833182,7.172118740224244,11.897513393462331,9.96253735057729,10.344312781780749,13.956344672094017,22.145601380085342,11.58645229911634,5.808024113400752,6.327848337799241,3.1354234006211907,12.914050430003773,2,Yeast
199.40000000000003,107.27137286361528,29.22955778098588,35.1633849123274,25.865807143995358,24.209546955191296,13.416406264850677,4.770633115076112,10.411358848521532,6.718059019932769,8.5625558085965,14.851104693342034,19.721010914485294,5.508939757249632,5.652640908796694,11.567321198960457,2.164532282041553,10.347838377123557,5.626536973213199,15.557578971233863,7.721800644833182,7.172118740224244,11.897513393462331,9.96253735057729,10.344312781780749,13.956344672094017,22.145601380085342,11.58645229911634,5.808024113400752,6.327848337799241,3.1354234006211907,12.914050430003773,1,Mammalian
199.40000000000003,107.27137286361528,29.22955778098588,35.1633849123274,25.865807143995358,24.209546955191296,13.416406264850677,4.770633115076112,10.411358848521532,6.718059019932769,8.5625558085965,14.851104693342034,19.721010914485294,5.508939757249632,5.652640908796694,11.567321198960457,2.164532282041553,10.347838377123557,5.626536973213199,15.557578971233863,7.721800644833182,7.172118740224244,11.897513393462331,9.96253735057729,10.344312781780749,13.956344672094017,22.145601380085342,11.58645229911634,5.808024113400752,6.327848337799241,3.1354234006211907,12.914050430003773,0,E_coli
199.16000000000003,107.07911861143573,29.307129583316904,35.08312579124258,26.045018880370677,24.44105473455994,13.352249456198388,4.87528870483064,10.269542847749486,6.8136660945046055,8.80177762806314,14.629637446804,19.600603978234385,5.451515367271354,5.868310717935776,11.798452654996481,1.9743353311937677,10.344902955965036,5.591747048395075,15.351907127258576,7.483566298349158,6.9325385041734195,11.703449326357827,9.761379429884858,10.174246394610147,14.169409703303897,22.351125263093568,11.62908025006906,5.569627516070576,6.157943467486166,3.330655826657627,12.872885016455632,2,Yeast
199.16000000000003,107.07911861143573,29.307129583316904,35.08312579124258,26.045018880370677,24.44105473455994,13.352249456198388,4.87528870483064,10.269542847749486,6.8136660945046055,8.80177762806314,14.629637446804,19.600603978234385,5.451515367271354,5.868310717935776,11.798452654996481,1.9743353311937677,10.344902955965036,5.591747048395075,15.351907127258576,7.483566298349158,6.9325385041734195,11.703449326357827,9.761379429884858,10.174246394610147,14.169409703303897,22.351125263093568,11.62908025006906,5.569627516070576,6.157943467486166,3.330655826657627,12.872885016455632,0,E_coli
199.16000000000003,107.07911861143573,29.307129583316904,35.08312579124258,26.045018880370677,24.44105473455994,13.352249456198388,4.87528870483064,10.269542847749486,6.8136660945046055,8.80177762806314,14.629637446804,19.600603978234385,5.451515367271354,5.868310717935776,11.798452654996481,1.9743353311937677,10.344902955965036,5.591747048395075,15.351907127258576,7.483566298349158,6.9325385041734195,11.703449326357827,9.761379429884858,10.174246394610147,14.169409703303897,22.351125263093568,11.62908025006906,5.569627516070576,6.157943467486166,3.330655826657627,12.872885016455632,1,Mammalian
198.83,106.8150844994189,29.416654116038867,34.97515791061817,26.293017584960786,24.759641992276492,13.270616119700716,5.0343422565448686,10.08061984660372,6.956509364907183,9.13077431776022,14.32609475718612,19.438665281913792,5.389035006998662,6.167792365189681,12.116821463736658,1.7331185764395896,10.349956378703766,5.560494184323673,15.070765983052755,7.156186738671926,6.603165459293555,11.439457603696257,9.487736716620583,9.945114554808276,14.46375181614547,22.634828651498204,11.695484150472872,5.242071126560436,5.932237950157178,3.6079290729677442,12.823403022868888,1,Mammalian
198.83,106.8150844994189,29.416654116038867,34.97515791061817,26.293017584960786,24.759641992276492,13.270616119700716,5.0343422565448686,10.08061984660372,6.956509364907183,9.13077431776022,14.32609475718612,19.438665281913792,5.389035006998662,6.167792365189681,12.116821463736658,1.7331185764395896,10.349956378703766,5.560494184323673,15.070765983052755,7.156186738671926,6.603165459293555,11.439457603696257,9.487736716620583,9.945114554808276,14.46375181614547,22.634828651498204,11.695484150472872,5.242071126560436,5.932237950157178,3.6079290729677442,12.823403022868888,0,E_coli
198.83,106.8150844994189,29.416654116038867,34.97515791061817,26.293017584960786,24.759641992276492,13.270616119700716,5.0343422565448686,10.08061984660372,6.956509364907183,9.13077431776022,14.32609475718612,19.438665281913792,5.389035006998662,6.167792365189681,12.116821463736658,1.7331185764395896,10.349956378703766,5.560494184323673,15.070765983052755,7.156186738671926,6.603165459293555,11.439457603696257,9.487736716620583,9.945114554808276,14.46375181614547,22.634828651498204,11.695484150472872,5.242071126560436,5.932237950157178,3.6079290729677442,12.823403022868888,2,Yeast
199.72000000000003,107.52801043124491,29.128883482725705,35.272653280366555,25.628404948136943,23.90113051913559,13.508109135903888,4.646734423543369,10.605946607159629,6.602010713348214,8.243663752074813,15.147272658672701,19.884925573395428,5.600608346261937,5.3682946385127375,11.25972317348679,2.4318717071424607,10.360402902078043,5.688364966127668,15.833311238728689,8.039609821018963,7.491600855174246,12.158816692628264,10.233352981547084,10.57528706778588,13.673646317931915,21.87266194204894,11.537138702291008,6.126081021387983,6.561203677890669,2.885636057298696,12.975641473843897,2,Yeast
199.72000000000003,107.52801043124491,29.128883482725705,35.272653280366555,25.628404948136943,23.90113051913559,13.508109135903888,4.646734423543369,10.605946607159629,6.602010713348214,8.243663752074813,15.147272658672701,19.884925573395428,5.600608346261937,5.3682946385127375,11.25972317348679,2.4318717071424607,10.360402902078043,5.688364966127668,15.833311238728689,8.039609821018963,7.491600855174246,12.158816692628264,10.233352981547084,10.57528706778588,13.673646317931915,21.87266194204894,11.537138702291008,6.126081021387983,6.561203677890669,2.885636057298696,12.975641473843897,1,Mammalian
199.72000000000003,107.52801043124491,29.128883482725705,35.272653280366555,25.628404948136943,23.90113051913559,13.508109135903888,4.646734423543369,10.605946607159629,6.602010713348214,8.243663752074813,15.147272658672701,19.884925573395428,5.600608346261937,5.3682946385127375,11.25972317348679,2.4318717071424607,10.360402902078043,5.688364966127668,15.833311238728689,8.039609821018963,7.491600855174246,12.158816692628264,10.233352981547084,10.57528706778588,13.673646317931915,21.87266194204894,11.537138702291008,6.126081021387983,6.561203677890669,2.885636057298696,12.975641473843897,0,E_coli
199.07000000000002,107.00707299081147,29.33667232392471,35.05340488570292,26.11247488183672,24.52791223939695,13.32922517325875,4.916981016766781,10.217307828516558,6.8513424882967096,8.89149662336586,14.546738802204137,19.556019613406793,5.432558858960205,5.9496673202502794,11.88521758537874,1.9059118552545902,10.345237500986032,5.581306194037154,15.275038406437659,7.394257859684279,6.842703500432869,11.631117275642705,9.686401297250628,10.111202734459159,14.249529882254215,22.428373281221766,11.646300654332867,5.480264877721941,6.09544452314334,3.4053434277735395,12.858568930822571,0,E_coli
199.07000000000002,107.00707299081147,29.33667232392471,35.05340488570292,26.11247488183672,24.52791223939695,13.32922517325875,4.916981016766781,10.217307828516558,6.8513424882967096,8.89149662336586,14.546738802204137,19.556019613406793,5.432558858960205,5.9496673202502794,11.88521758537874,1.9059118552545902,10.345237500986032,5.581306194037154,15.275038406437659,7.394257859684279,6.842703500432869,11.631117275642705,9.686401297250628,10.111202734459159,14.249529882254215,22.428373281221766,11.646300654332867,5.480264877721941,6.09544452314334,3.4053434277735395,12.858568930822571,2,Yeast
199.07000000000002,107.00707299081147,29.33667232392471,35.05340488570292,26.11247488183672,24.52791223939695,13.32922517325875,4.916981016766781,10.217307828516558,6.8513424882967096,8.89149662336586,14.546738802204137,19.556019613406793,5.432558858960205,5.9496673202502794,11.88521758537874,1.9059118552545902,10.345237500986032,5.581306194037154,15.275038406437659,7.394257859684279,6.842703500432869,11.631117275642705,9.686401297250628,10.111202734459159,14.249529882254215,22.428373281221766,11.646300654332867,5.480264877721941,6.09544452314334,3.4053434277735395,12.858568930822571,1,Mammalian
204.18,111.13912342396937,28.07000393552474,37.05061235290653,22.533314143270953,19.64119373314492,15.433738094277823,5.162235228331322,13.813227052126882,6.584918729511899,3.8184517574988264,19.354255383949784,22.521350435631497,8.177989756031323,2.5417672188680274,7.087824785184387,6.660270264786557,11.501440582288646,7.964085626117343,19.815355558424155,12.48073508568276,11.947268713187773,16.023942283543544,14.222150225512943,14.159800789784796,9.971070478716223,18.228619110393794,11.769933493354028,10.571214688821422,10.309627455202445,2.94684784801113,14.557143776260535,0,E_coli
204.18,111.13912342396937,28.07000393552474,37.05061235290653,22.533314143270953,19.64119373314492,15.433738094277823,5.162235228331322,13.813227052126882,6.584918729511899,3.8184517574988264,19.354255383949784,22.521350435631497,8.177989756031323,2.5417672188680274,7.087824785184387,6.660270264786557,11.501440582288646,7.964085626117343,19.815355558424155,12.48073508568276,11.947268713187773,16.023942283543544,14.222150225512943,14.159800789784796,9.971070478716223,18.228619110393794,11.769933493354028,10.571214688821422,10.309627455202445,2.94684784801113,14.557143776260535,1,Mammalian
204.18,111.13912342396937,28.07000393552474,37.05061235290653,22.533314143270953,19.64119373314492,15.433738094277823,5.162235228331322,13.813227052126882,6.584918729511899,3.8184517574988264,19.354255383949784,22.521350435631497,8.177989756031323,2.5417672188680274,7.087824785184387,6.660270264786557,11.501440582288646,7.964085626117343,19.815355558424155,12.48073508568276,11.947268713187773,16.023942283543544,14.222150225512943,14.159800789784796,9.971070478716223,18.228619110393794,11.769933493354028,10.571214688821422,10.309627455202445,2.94684784801113,14.557143776260535,2,Yeast
199.10000000000002,107.03108517735026,29.326797361775846,35.063288985519655,26.089974430727043,24.498957217161117,13.336836868605934,4.902939410664416,10.234661186821542,6.838675150233929,8.861589658380069,14.574362323203406,19.57084636690912,5.438719558613335,5.922520666223917,11.856290582861986,1.928522750708427,10.345038989324783,5.584627493289952,15.300645401205182,7.424025483361275,6.8726480219664845,11.655200617380121,9.711365653311185,10.132172047047405,14.222810025572702,22.4026133639965,11.640486034021873,5.510050118578953,6.116201316127295,3.3803646725271763,12.863272763237191,1,Mammalian
199.08,107.01507671719736,29.333377630163465,35.056697042762536,26.104973055627404,24.518260286131017,13.331755387028322,4.912284584017776,10.223085772478598,6.84710804146068,8.881527565311453,14.555945597213464,19.56095800105457,5.434594800883725,5.9406153857760575,11.875574659623197,1.913426246292234,10.345161664505543,5.582395599919597,15.283572295438791,7.404180192490437,6.852684953688162,11.639142001466235,9.694719577087131,10.118187450751536,14.240621811728623,22.419785470430355,11.644354182327826,5.490193031495261,6.102354911803409,3.3970081464641133,12.860129290159703,1,Mammalian
199.08,107.01507671719736,29.333377630163465,35.056697042762536,26.104973055627404,24.518260286131017,13.331755387028322,4.912284584017776,10.223085772478598,6.84710804146068,8.881527565311453,14.555945597213464,19.56095800105457,5.434594800883725,5.9406153857760575,11.875574659623197,1.913426246292234,10.345161664505543,5.582395599919597,15.283572295438791,7.404180192490437,6.852684953688162,11.639142001466235,9.694719577087131,10.118187450751536,14.240621811728623,22.419785470430355,11.644354182327826,5.490193031495261,6.102354911803409,3.3970081464641133,12.860129290159703,0,E_coli
199.08,107.01507671719736,29.333377630163465,35.056697042762536,26.104973055627404,24.518260286131017,13.331755387028322,4.912284584017776,10.223085772478598,6.84710804146068,8.881527565311453,14.555945597213464,19.56095800105457,5.434594800883725,5.9406153857760575,11.875574659623197,1.913426246292234,10.345161664505543,5.582395599919597,15.283572295438791,7.404180192490437,6.852684953688162,11.639142001466235,9.694719577087131,10.118187450751536,14.240621811728623,22.419785470430355,11.644354182327826,5.490193031495261,6.102354911803409,3.3970081464641133,12.860129290159703,2,Yeast
199.38000000000002,107.25534432647729,29.235954709348963,35.15664107332306,25.88070384764301,24.228832957981915,13.41090754211946,4.778981616243485,10.399403164370085,6.725751089380911,8.582489300617175,14.832627067166245,19.710893482820833,5.503777562870326,5.670538718999434,11.586568380281662,2.148301654796179,10.347381178500017,5.623254814262537,15.540402049582278,7.701943595211291,7.152152645500518,11.881277290196245,9.945708385413875,10.330034551001738,13.974066736903637,22.16270189956638,11.58982079649792,5.788152668656187,6.313515780957748,3.1514566360711274,12.910454588699219,2,Yeast
199.38000000000002,107.25534432647729,29.235954709348963,35.15664107332306,25.88070384764301,24.228832957981915,13.41090754211946,4.778981616243485,10.399403164370085,6.725751089380911,8.582489300617175,14.832627067166245,19.710893482820833,5.503777562870326,5.670538718999434,11.586568380281662,2.148301654796179,10.347381178500017,5.623254814262537,15.540402049582278,7.701943595211291,7.152152645500518,11.881277290196245,9.945708385413875,10.330034551001738,13.974066736903637,22.16270189956638,11.58982079649792,5.788152668656187,6.313515780957748,3.1514566360711274,12.910454588699219,0,E_coli
199.38000000000002,107.25534432647729,29.235954709348963,35.15664107332306,25.88070384764301,24.228832957981915,13.41090754211946,4.778981616243485,10.399403164370085,6.725751089380911,8.582489300617175,14.832627067166245,19.710893482820833,5.503777562870326,5.670538718999434,11.586568380281662,2.148301654796179,10.347381178500017,5.623254814262537,15.540402049582278,7.701943595211291,7.152152645500518,11.881277290196245,9.945708385413875,10.330034551001738,13.974066736903637,22.16270189956638,11.58982079649792,5.788152668656187,6.313515780957748,3.1514566360711274,12.910454588699219,1,Mammalian
199.31,107.19925495778273,29.258440606088243,35.13311710180816,25.932896390223178,24.29634305942801,13.391879451458973,4.808742318159341,10.35775371562728,6.753070800742292,8.652258939998463,14.767986611831258,19.67560159938246,5.4862458207299545,5.7332904848102855,11.653953480236762,2.092008604188807,10.346085291671663,5.612313434698529,15.480336214706417,7.632449800179596,7.082272820702757,11.82454176248468,9.886900028767709,10.280210988418935,14.036142174096856,22.222591838058875,11.601874346340177,5.718609670546399,6.26359647264662,3.207923865461118,12.898105473692967,1,Mammalian
199.31,107.19925495778273,29.258440606088243,35.13311710180816,25.932896390223178,24.29634305942801,13.391879451458973,4.808742318159341,10.35775371562728,6.753070800742292,8.652258939998463,14.767986611831258,19.67560159938246,5.4862458207299545,5.7332904848102855,11.653953480236762,2.092008604188807,10.346085291671663,5.612313434698529,15.480336214706417,7.632449800179596,7.082272820702757,11.82454176248468,9.886900028767709,10.280210988418935,14.036142174096856,22.222591838058875,11.601874346340177,5.718609670546399,6.26359647264662,3.207923865461118,12.898105473692967,2,Yeast
199.31,107.19925495778273,29.258440606088243,35.13311710180816,25.932896390223178,24.29634305942801,13.391879451458973,4.808742318159341,10.35775371562728,6.753070800742292,8.652258939998463,14.767986611831258,19.67560159938246,5.4862458207299545,5.7332904848102855,11.653953480236762,2.092008604188807,10.346085291671663,5.612313434698529,15.480336214706417,7.632449800179596,7.082272820702757,11.82454176248468,9.886900028767709,10.280210988418935,14.036142174096856,22.222591838058875,11.601874346340177,5.718609670546399,6.26359647264662,3.207923865461118,12.898105473692967,0,E_coli
199.08,107.01507671719736,29.333377630163465,35.056697042762536,26.104973055627404,24.518260286131017,13.331755387028322,4.912284584017776,10.223085772478598,6.84710804146068,8.881527565311453,14.555945597213464,19.56095800105457,5.434594800883725,5.9406153857760575,11.875574659623197,1.913426246292234,10.345161664505543,5.582395599919597,15.283572295438791,7.404180192490437,6.852684953688162,11.639142001466235,9.694719577087131,10.118187450751536,14.240621811728623,22.419785470430355,11.644354182327826,5.490193031495261,6.102354911803409,3.3970081464641133,12.860129290159703,0,E_coli
199.08,107.01507671719736,29.333377630163465,35.056697042762536,26.104973055627404,24.518260286131017,13.331755387028322,4.912284584017776,10.223085772478598,6.84710804146068,8.881527565311453,14.555945597213464,19.56095800105457,5.434594800883725,5.9406153857760575,11.875574659623197,1.913426246292234,10.345161664505543,5.582395599919597,15.283572295438791,7.404180192490437,6.852684953688162,11.639142001466235,9.694719577087131,10.118187450751536,14.240621811728623,22.419785470430355,11.644354182327826,5.490193031495261,6.102354911803409,3.3970081464641133,12.860129290159703,1,Mammalian
199.08,107.01507671719736,29.333377630163465,35.056697042762536,26.104973055627404,24.518260286131017,13.331755387028322,4.912284584017776,10.223085772478598,6.84710804146068,8.881527565311453,14.555945597213464,19.56095800105457,5.434594800883725,5.9406153857760575,11.875574659623197,1.913426246292234,10.345161664505543,5.582395599919597,15.283572295438791,7.404180192490437,6.852684953688162,11.639142001466235,9.694719577087131,10.118187450751536,14.240621811728623,22.419785470430355,11.644354182327826,5.490193031495261,6.102354911803409,3.3970081464641133,12.860129290159703,2,Yeast
