p_0,p_1,p_2,p_3,p_4,p_5,p_6,p_7,p_8,p_9,p_10,p_11,p_12,p_13,p_14,p_15,p_16,p_17,p_18,p_19,p_20,p_21,p_22,p_23,p_24,p_25,p_26,p_27,p_28,p_29,p_30,p_31,target,experimental_characteristics
26.11,23.05351220299154,15.283132103158406,6.415531167379325,2.9866443550572614,4.507052317334541,2.730277303728508,1.067983393098607,4.425598555746421,5.749338587441762,4.993235420385331,3.4709540263344336,3.5291903941442206,5.611561020443685,7.94863018920246,9.26603046677995,8.854044273663872,7.035573955639042,5.215970434924069,4.438464221652158,3.6362703864078285,1.9292931209397024,1.1347255064972261,2.609356632564178,3.1353911117076287,2.5799551698038528,1.5396519532226876,0.45069358041965746,0.7575673799855815,1.793762569524402,2.1654236130380555,1.52892610427308,1,Mammalian
17.57,16.20558258131868,12.446997321670626,7.19935153063538,1.6756543490775437,2.9683465961776707,5.903434788843457,6.887793404842261,6.263639586840808,4.866343563354243,3.7839134187502776,3.5525148871658705,3.501191589077105,3.003543007099577,2.0648060986355357,1.046105571249126,0.6053924347066131,0.8659739945243922,0.970343928145172,0.8451263068869048,0.6938451801835327,0.8987420571461936,1.4856599324256394,2.160400069370562,2.6897247305552856,2.933424454449702,2.8952559982799166,2.7214737588884335,2.5698285594430863,2.430887460283792,2.1779417607817697,1.813106339983805,1,Mammalian
14.46,13.755642538690699,11.759414231450947,8.799258162834908,5.352191956835545,1.9715745112355747,1.1011225678889065,3.0597501502239264,4.0682660819124195,4.158475004136997,3.665385728486665,3.1860223296850285,3.2977620463479087,3.8697474512033154,4.370253225102533,4.499795628326805,4.219668233404138,3.6441573964962424,2.937223135786521,2.2203944251900327,1.548250758219508,1.0877372607148652,1.3576294358186856,2.1986189006684786,3.1016142711112495,3.79875173088391,4.136932645327214,4.058932957394956,3.603904317892592,2.888751620019363,2.0721223629763994,1.333997405562442,1,Mammalian
16.44,15.377956128138822,12.43993695690245,8.297337551489075,3.854605458007031,0.48744283794787624,2.851080327311862,4.175119709130558,4.279337327088356,3.5962131472658063,2.684924101208282,2.1194733944251927,2.254696542602209,2.843814013952155,3.4762237203930315,3.885266272255259,3.9330903879773733,3.620430768734443,3.056890072029633,2.371016773146973,1.6508705760575901,1.1069347318504141,1.3471987582490343,2.1501770608324655,2.9230928895586406,3.4528940457669615,3.730139725951117,3.83046433455558,3.7658712942674146,3.422756451116254,2.66760134019607,1.4947707960847525,1,Mammalian
17.86,16.581211239895175,13.058705752745087,8.139928983084639,2.9558750804726146,1.429193888685177,4.231222293548786,5.246691795301306,4.758259777025109,3.4232579251307604,2.03739303314725,1.2698393350134485,1.1859277624628282,1.5607333718774974,2.3739651391807093,3.2690685255904497,3.8768286008024653,4.040211978426435,3.8057410673059047,3.308137459967349,2.659530619017435,2.0311582207998184,1.9617443150692595,2.75232349590416,3.775733557117737,4.496962065153518,4.667139042232443,4.264398938567186,3.452430265388377,2.5123860604912562,1.757836296024278,1.3931658522363606,1,Mammalian
19.38,17.917400629359868,13.903287978010274,8.351669348972631,2.7237638432622164,2.6637864291787783,5.458497957965624,6.311253200530502,5.504215525977771,3.838157538066923,2.264277798740776,1.4684473270941887,1.2218477282978217,1.369394817382144,2.1849540969221253,3.1214041864043818,3.6887938408102996,3.7269847683797637,3.317731075112614,2.6327434106061722,1.8169535228443148,1.1371561301125723,1.3389938915559034,2.103941984547381,2.6876032898449203,2.945775017613586,3.141396676735633,3.5963561070333117,4.136336368190397,4.249947884069349,3.5767286560312854,2.118024452644462,1,Mammalian
18.160000000000004,16.908776442693977,13.45016840811272,8.585288587569531,3.4160525418665615,1.4348521489974395,4.3673861018041285,5.730565831076193,5.60229357495028,4.547140914340372,3.333170848450448,2.6836573032437654,2.7129393946839877,2.9329588075299067,3.054657022749687,3.0085652531136065,2.7646337913003958,2.326156276446331,1.7519265693216197,1.1177951118560516,0.47921719876213853,0.30893664223094597,0.840297197358948,1.2332747483554103,1.4920813315871273,1.9794137461710994,2.955572208224714,4.122034371743316,4.973217846464122,5.085185179741326,4.2646451009862725,2.67403487997527,1,Mammalian
17.950000000000003,16.738103550290283,13.381535091742709,8.6397718857561,3.5599370996263726,1.264967304421187,4.22274692006466,5.685104352724026,5.66981740093317,4.699926958876634,3.5264786826983334,2.8895424624046453,2.9222538496632695,3.1089677137034153,3.128505399882283,2.941511708853441,2.5876823607235884,2.116720354226579,1.5888642273586304,1.0625994648383337,0.5937361615649487,0.409807296615312,0.6882572729234058,1.027914427391585,1.431422593113376,2.1331700329591534,3.160191826400539,4.225908224296068,4.927794400670759,4.921547023309831,4.055111479918136,2.4794000275966828,1,Mammalian
19.37,17.96879962647314,14.107202267911942,8.722526070305952,3.221312483459013,2.6420061049145547,5.557627974742194,6.735356174069344,6.2497237624058055,4.803096178190341,3.341507407516541,2.615342314695952,2.4108692204990163,2.132540971820391,1.8617464435597533,1.995035428598772,2.371181140275876,2.5915460015972065,2.5228464554259524,2.2052424452708417,1.6892019313780693,0.9966547246737432,0.48407825700459767,1.2516809026274638,2.275247875203979,3.185843121874699,3.8806440727784413,4.301228611306662,4.36955973990403,3.9810694228099486,3.0691626668910064,1.6850536645704304,1,Mammalian
19.16,17.794083196655112,14.024021247603235,8.748406830651954,3.3031917477146053,2.4644158463286945,5.405756749738982,6.667323723671948,6.2817856935887395,4.915298277199651,3.494188740842894,2.7835033181532425,2.6071705123879165,2.337443304487817,1.95539546611866,1.8791967171448969,2.162267328523465,2.415662440130323,2.432928681237658,2.2113951763514073,1.7806617846350798,1.1425343029054686,0.5331709342863994,1.1936269158003003,2.314901401749939,3.3428694142277116,4.0906425629943595,4.451504567177787,4.371822252322854,3.833764157879367,2.859182721082386,1.5303988656880014,1,Mammalian
12.01,10.974839672419531,8.121938930544674,4.14774749443946,0.7063870774542255,3.7346227169980812,5.909702746781932,6.550071397252644,5.917520259133085,4.735924202183036,3.948688319796947,3.870314924145218,3.8127715701801077,3.266256539019017,2.3953002949909843,1.9326815769518875,2.244749429223672,2.6022103340107976,2.7085156953142278,2.9474506707605315,3.6568492693305954,4.4969068238193755,4.92741431575532,4.629625188528954,3.5693632461196088,1.9601260555158326,0.5004249950166805,1.8046369949475949,3.1484033527850728,4.022381994467793,4.457580533942686,4.604922043676274,1,Mammalian
10.34,9.574873457298379,7.457421835612458,4.518128477124517,2.0074863419520437,3.0056696429632486,4.868142812290835,5.778945070893333,5.647020322736935,4.859974913307205,4.110879963173652,3.9443906127435797,4.075416661363978,3.8535589749776125,2.9809911421312374,1.6145557359763612,1.1180339887498945,2.526898833182053,3.8195134103493653,4.5354785776208715,4.623596561585575,4.230950371550629,3.60771861897638,2.966325230319951,2.3474159142759596,1.6469707098479074,0.8795827031229678,1.0088629100929476,2.1251193987272647,3.2981919409896423,4.262536897975608,4.885609451643434,1,Mammalian
8.5,8.297359488657065,7.7092394414746925,6.7927144052424895,5.63538644790104,4.344928451544333,3.036033990870557,1.8165798095028252,0.7808125189287242,0.27335208198717986,0.8051128855449348,1.3144287007474988,1.8039547018557232,2.3433569665838774,2.9384576489105068,3.5316850512227345,4.035665992125712,4.364134190136932,4.451763073189455,4.265780361335945,3.812271981710493,3.139781383528446,2.346591004730832,1.614752491307879,1.2879176255817684,1.540024528554331,1.9625083613850447,2.242134869436928,2.2661750492693824,2.0102002580165044,1.5009536487098274,0.8019814609367663,1,Mammalian
28.36,26.54743731492095,21.50434081927955,14.313082167641078,6.468657234934297,0.5540537228355984,5.400397505116931,7.603592234013219,7.203987714313341,4.882513105678001,1.7149014135577958,1.540737496527576,3.5292683989260136,4.18110234117602,3.5487849432231746,2.1060517759221655,0.5141984052872974,0.6527697601962184,1.002504591382792,0.6007800538041693,0.7656945162869824,1.8060205923219323,2.5109413222406762,2.553583818519162,2.143026134236926,2.4140316894825067,3.8582346923229176,5.465197652287331,6.507415005438214,6.6359246193264685,5.845721047313182,4.563420613141228,1,Mammalian
20.08,18.09629335953729,12.7724876760664,5.78171573079325,1.717357003847809,6.081830547425528,8.080961450161736,7.608137581576043,5.739753855064217,3.970162673789392,3.4299240352452114,3.703085670931475,4.00114345226666,4.079301672315413,3.7799036796187018,3.0563552838611128,2.1421951358361357,1.4952686845502376,1.4787992469728357,1.9317644556101066,2.4623199080802984,2.620005185175207,2.0312387537273984,0.8010838727715403,1.7277805657187686,3.6562341639107863,4.996038217390872,5.31915730068372,4.608526517878567,3.211819986863056,1.7096180666635628,0.8296321577865071,1,Mammalian
30.409999999999997,25.219939764164362,12.728208289261682,2.7423437807777002,8.198198740856185,7.580620998387818,3.1766517778846723,4.004867011932576,4.629859318444537,1.9756958834355731,1.4884866112678137,3.165279571662633,3.016128670622426,2.312877260711146,0.7828619476389045,2.131155001568384,5.051900632435282,6.136628463817879,4.779050221031976,2.162546253195295,1.3103159434911913,2.5535794682914177,3.456503963613541,3.7296297256436133,3.1650912611506627,2.7515921209293905,3.222957332723045,3.46902585199062,3.3380199783563658,3.3333675240200864,3.1631214602149913,2.5151864180789665,1,Mammalian
28.82,24.144586430864848,12.87431330868425,1.6791067703628195,5.215595192770228,4.95963039930446,1.7542183579240906,2.064114885402708,0.8524954878567784,3.0620454304261155,6.000451573050316,5.675708345858774,2.649196005389482,2.5826499199450996,3.8392825725617876,2.7494936114081767,2.5133642792082482,3.7802475357695258,3.32396418901374,1.3762848090640576,1.1432879689608633,2.5419582960183202,3.4437065788631163,3.816380524869711,3.396240781096628,2.4685314443815067,1.825521123130044,1.8121851267740365,2.0861974811148256,2.357822187719848,2.8535039386540473,3.6863163068031994,1,Mammalian
33.31,27.540254780891345,13.432599316521861,1.5218589148272046,10.295486147744622,10.479262461255745,4.890674505148324,1.4062704785505171,4.236987284501806,3.6226495507116514,1.8708355066433684,1.0219448514809086,0.4833989173398995,0.6458334846222313,2.1530595977740585,4.90692403249716,6.921683321273807,6.275523609755326,2.8306666418864777,1.5726504308909592,4.21003661995728,3.713323519357199,0.846502733928856,3.2503826864500835,5.506481521894904,5.303382288853807,2.830203132400057,1.0858090940851979,4.362990044331052,6.124056296941963,5.694734153171597,3.4254215095552514,1,Mammalian
40.33,29.640124938993615,7.7085117940001835,9.682546716021632,9.84985998790925,1.4902285267197537,4.866415597563182,5.505668286772404,4.452385006046286,5.771234905317769,5.182023911151288,1.799843936894627,5.675983321890975,5.0177710456716005,3.88563605962587,8.688874281933263,8.123847610584534,2.8783195743025662,2.6483391187021854,5.013827182549641,4.823300279193735,2.509549678505716,1.1371631046548523,2.7384949275162507,2.4427991644697697,3.2523429973598983,3.1252742495775325,1.0559795032444552,2.6013161985674738,2.1835319492547196,1.773112122973718,3.0250859758292217,1,Mammalian
38.78,28.50017292313277,8.171858456891238,9.678323302988591,8.635523660369241,0.09914884700391272,5.445217609860023,4.300866211347223,4.165183224475298,7.303245711043136,6.060614056827598,0.4978795302669931,6.732615505551161,6.549863600561975,2.682678972480156,7.592491177143998,8.223405620544327,4.224275811433297,1.4312852182744258,3.8434319164580755,5.039503546830215,3.8708567480322658,1.169227211338721,1.4350839989786357,3.046185927770915,4.802239319825981,4.455750649608138,2.604188178614779,3.7460143575673635,3.3026473995214136,1.3659948123374546,1.7297259475352886,1,Mammalian
38.81,28.52090760150091,8.183464168597204,9.708233699232814,8.658009939129977,0.07796207899042577,5.46015678556334,4.322165449071027,4.165459656570979,7.307356752987538,6.0802650825021685,0.4702897621933969,6.710346039315572,6.545952105387396,2.6629374992963295,7.569882852064461,8.218716444798423,4.2365708056804765,1.4141705083879197,3.8211710365548397,5.030877091825836,3.882424407750352,1.1899258831740063,1.4133128488815931,3.0281257981595777,4.802618560122076,4.482893486051709,2.6052786882650527,3.7210745240468395,3.3192791816314795,1.3742658542553277,1.708448448427376,1,Mammalian
13.57,13.022974735595062,11.46484982646008,9.139456986066946,6.456120119766996,4.1170897706076595,3.450908615549295,4.626418719101423,6.052929509783279,7.0598961182279405,7.551466139592688,7.611041194222733,7.359306688688077,6.877322908733118,6.1841579676486065,5.272683301904939,4.179246343540902,3.066404499486508,2.3286068453632303,2.396698608830424,2.933213056786958,3.3425233980045013,3.354837660737226,2.934698627178215,2.2348700968053516,1.6948688500985556,1.94297982076163,2.7154161735965676,3.4463573849015257,3.9183252001645434,4.116926208172674,4.142629427667168,1,Mammalian
21.11,17.567795395146025,8.977097210212145,0.6921304897503406,4.976550525194543,4.588550592007348,1.0465144158130022,2.851269398655549,4.033489505963459,3.0886504104373014,2.2061869473504467,1.9859583674513,1.026915461602439,0.3001149711575484,0.9835884664991147,0.8373080198270343,0.8309632964216892,1.4378294685827717,2.1948863827736225,2.6299599544083962,2.1783330343923435,1.0303028369121332,0.9869744798831971,1.407522986067411,1.0268215060479828,0.37758194648826304,0.246160339891745,1.1814938422395105,2.1225114124976554,2.236028488698948,1.3254381794885466,0.5248179177470799,1,Mammalian
17.24,14.405160468641853,7.605048046227655,0.9292212343082021,2.948766930951743,2.4535619071529378,0.6523564461090458,2.1275615389099474,1.6419122803688717,0.44734917727430984,2.061439602115864,1.9178788532885598,0.6912945013880473,1.7632923418425406,2.037130016793683,1.0041860076521816,1.1455129855222066,1.6718504740479905,1.0147318929634133,0.3143736864190936,1.0106733566132478,0.9163450430911914,0.4286587822302803,0.21741627121783555,0.5937373691910345,1.005351198596628,0.7980761477775574,0.3902773466617713,1.243472905015707,1.4328715751955845,0.8235828066829378,1.1407034439886892,1,Mammalian
20.91,17.331928506655274,8.761698042212473,2.7922555518947,6.427557586662661,6.011405581890987,3.0648796796769617,3.7412208365868875,4.638752170056658,3.224065353080644,1.9341691554784124,2.9006459325478566,3.050335069056656,2.035315739587334,1.6714066363924729,2.707898680127433,2.972490538252393,2.306581512142082,2.6564754092239626,3.641177717676146,3.4619261724090813,2.8267191096176587,3.4579333783983586,3.861661062146047,3.1521704117630835,2.8865991802918547,3.501367594646974,3.289419127554495,2.439144647905778,2.5663555181747624,2.988713706248132,2.5747405517709208,1,Mammalian
20.929999999999996,17.495282231013768,9.236137879761399,2.858434249673995,6.066209942492931,6.068368373221337,3.1708056016420096,2.446438476623917,3.580717315108858,3.11378815120793,1.7435216966834237,1.4081186585259808,2.693955936580801,3.2920213522767723,2.7188200596091066,2.659635962472588,3.7302144710458665,3.863895809106586,3.0956856904734416,3.231609642412106,3.7488566761371582,3.2421271156387514,2.3342020514568675,2.5047589516943995,2.922304486065682,2.638473403861817,2.1071137208371473,2.5258198923458233,3.2526561403171437,3.1744901890792736,2.7642360853454417,3.2829043824025432,1,Mammalian
32.629999999999995,26.11997464955436,11.419042268012193,1.9648385990999377,4.931912384732869,0.4963419162162846,5.034497205656692,4.8562827096654395,2.1330157612866696,6.993744313217574,7.77981752464266,4.2867806905063555,2.1163086068282517,1.7850872825361326,0.8331357621051904,2.606138384160126,2.4754191564258354,4.99257200676527,7.512942619743582,6.609859289532602,3.1399376387899047,0.5353059222002672,1.129700154173698,2.310474192513216,3.301279109997011,2.397965566619707,2.942592507937144,6.259017347929527,7.937472502912606,6.331053301069158,2.4505215238970766,4.082306091559661,1,Mammalian
29.040000000000003,23.11964446915396,9.22860192320897,3.9281274780874424,8.788823943846106,4.420023595878058,3.949076736224474,8.88625955985536,6.986590760348632,0.9502228681776385,5.119130805253911,5.368516372631916,0.8332042130513333,4.4387352073403,6.411045158905274,5.114727525213052,5.67233637930615,8.065352984081317,9.72960107590892,11.150357405900321,10.872032550168717,7.567636504010199,4.581570870071448,5.776693139833198,4.861023508214208,3.7600151604380883,8.432097450431305,10.945713741905664,8.728645522158793,3.449534773814631,1.607514571052648,3.7461431812068144,1,Mammalian
36.07,24.877199319867554,2.960004985512213,8.915108314789325,4.83687670533029,4.59496426827614,3.998417854129634,6.023140496499791,8.493192037712593,2.6966203094234125,4.485209631333192,6.096954909551425,2.384116668709053,3.9317198105702746,8.621797601074752,6.590827546427052,2.8608565151017284,10.285222933375648,13.746680252670233,13.101512658453967,7.577153736180921,6.794467385184916,8.539019443513128,2.571819711689865,6.357695259332226,5.037184717799498,6.604346660215821,12.981148992640762,9.753345718557116,1.8607294102893537,2.3234155901312636,2.9136179561919775,1,Mammalian
38.56,34.11556689956306,22.558609647345094,8.572773090259656,4.823883270741791,9.946154568627255,8.816939128930121,3.634073305939775,4.660982752595246,8.42237047983003,8.558890892491082,6.376865841108554,6.173587391517806,8.014572599665886,8.261792726113475,6.29843182088121,3.3943777043811707,1.2115764210828432,1.0480216661830946,2.322584559802488,3.689214606943635,3.8958404664721953,2.271398246414889,0.8013687076124245,4.009643348230569,5.92550879883388,5.669489017235399,3.4411058769939027,1.2538997142768555,3.132358875987361,4.220021053675334,3.665214842101117,1,Mammalian
17.130000000000003,16.499101392400128,14.699559112129116,11.993877694192165,8.766827990441444,5.459702032836806,2.513940985864973,0.7232089131427307,1.6563897364716154,2.2962714389532524,2.2595530886732607,1.7544046880176372,1.077229095958791,0.5532585712868677,0.39542616552504534,0.4286655480181343,0.9080198235721504,1.8500969086823023,2.9954814833689953,4.090110023879076,4.893973570891892,5.218650533885355,4.965462891759017,4.152441387794674,2.9353999797151142,1.7008159071852607,1.4790720822312478,2.3330842321030953,3.0661583697265002,3.3194598930099914,3.091785138818218,2.6152464382595455,0,Mammalian
22.840000000000003,20.796206523301326,15.358325208066757,8.44626690175561,3.653256784097889,5.1548975127744585,6.226932412610822,4.924944053380006,2.5048932551433714,2.3152222967555187,3.707687552231217,3.9879910972059047,3.2429469036107523,2.248914644320454,1.5229543141065591,0.9486178011479194,1.0245974819410788,1.661330223747251,2.025316077897414,2.7949785481416933,4.735339504750814,6.893104870542049,7.990961968652967,7.230692788736403,4.722235676068831,2.6661863801999157,4.902702331894232,7.211288559060143,7.643609750932505,6.256262428649978,4.199875492107218,3.1954215767373437,0,Mammalian
11.469999999999999,11.152994441787849,10.230113946099513,8.782880808602833,6.9379149985779165,4.854493550675634,2.711790436104879,0.7502569119326341,1.2463978699794118,2.6422267207719092,3.6337336486017042,4.1887692085457155,4.3572927862942255,4.254822131522106,4.051581036413193,3.932621017253032,4.009102143872116,4.245707464955069,4.504513050548023,4.644273492091127,4.5740790728022604,4.262364862879415,3.7297727096195783,3.0385563332873065,2.2833073270391755,1.5894757288497243,1.1245593449352647,1.0215133448107083,1.1338146597959935,1.2336442792385307,1.2497824405093347,1.2134536979659973,0,Mammalian
17.92,16.488610260974628,12.58146467377729,7.274963252394023,2.4691234208241206,3.496079838498502,5.470573061477895,5.325720394556058,3.350838927350819,0.7368177782997788,2.4987717902817796,4.127547864886046,4.225018527181603,2.9034899702523154,0.8525955380995496,1.2762726439768004,2.2441479452121698,1.8312210359176564,1.5540456699713603,4.31655472262797,7.682713575314913,10.341475405626497,11.486329766615127,10.764761280379172,8.341767107930453,4.851461029551392,1.6046190201695525,2.8981415900063627,4.852521004321564,5.423999828351998,4.562802404044673,2.584609180493065,0,Mammalian
32.69,27.72578018396636,15.434112323212496,3.8049613429664007,8.709597460905297,9.765218549707036,4.756457115002117,1.9304652509235662,5.844881846021461,5.381919931851587,3.5224440710174982,5.030737425600533,5.39082569889586,2.773240079492941,1.7524591882323035,4.161773818660221,4.126560310961176,4.131718162669812,7.073045350769212,9.590211761084571,9.864358326529043,8.037848910352213,5.015515582910047,2.1952662820720454,3.198555331090705,4.874148186666547,4.5162379730249755,2.074037141284618,1.7830157483749647,4.558174700126215,5.489279965741916,4.417331428253488,0,Mammalian
31.619999999999997,24.774023682335844,9.647045801655521,2.6468742214168293,5.582331916982916,4.050248693631455,5.459566850466582,3.3156387765108373,2.87026634373495,4.911785182731753,3.7699843078898208,4.924349902902578,4.678721377304835,0.7972475309419683,3.276378724948704,3.794009163799129,4.004722212588533,5.6225229279893245,4.464854949437343,2.179339367471265,1.4766538566548895,2.359335700198947,5.851317225498209,6.424227129892167,3.4320214329200223,1.6838481351690697,1.5500206829285266,1.762609747772998,5.073325342397314,5.410885187420839,2.51904560589553,1.7546532890098487,0,Mammalian
21.86,20.888931805942995,18.183837469517968,14.319147812071856,10.099340089605096,6.372584844806083,3.8323404425691097,2.779765292896268,3.028998916659426,4.315571571084161,6.152748398948426,7.854887774502446,8.829356886313702,8.73531045454475,7.5474517400505405,5.536600713896412,3.1779553174958273,1.0341931481924083,0.6918287194249353,1.3358710936107892,1.2222058307497348,0.9163057792106815,1.5402880023555008,2.4608454807405726,3.002126839904673,2.9426685446918923,2.35673569944074,1.7536945740786076,2.1232050385870616,3.2315753985644498,4.306688254449043,5.029043540276341,0,Mammalian
28.6,23.44239150268597,11.502447508184188,0.5423287564936224,3.8053801677529853,2.6450508372165125,4.249712005708023,4.31762954801758,1.7189854047354953,5.479211581207472,6.9783209726971895,4.401870157912043,1.747548283003122,2.751723628287304,1.9343248178292,0.6593294946554776,0.9323089616645326,3.7069280132899824,5.915156891421603,4.8105898160970515,1.3030055717198297,4.9705594866798295,6.781001698564869,4.782741365650935,1.3034911500682866,0.640940415330449,0.6236760287479087,3.347649597429507,4.919932241150501,4.0054838550874825,1.4592587900184635,1.071537656467521,0,Mammalian
38.67,26.646223643847513,3.4103484040386682,8.372612014857836,4.127925879521643,8.132363449736475,6.54290463667918,1.6104564325852184,4.298047028475688,3.9643213018247283,7.850821714768363,5.260316929187277,2.933547244113013,2.949195547611579,1.1307993231411937,2.692605434676576,3.893905494487507,3.9462158100826024,3.7879719992966026,6.026038285367926,1.863703839938015,6.080604081521641,9.038370753583733,4.3606160642381235,2.003145461770392,3.1513558113593203,4.173591075787919,5.1169396652130095,2.6713173710236524,2.3897005355665164,2.36433368150701,0.5755985207394182,0,Mammalian
30.200000000000003,26.324536612107618,16.388562655503275,4.699020571595124,4.473257043855393,7.367403193345626,4.38865585605846,2.0226001595659455,7.518339676176191,9.45758044362198,7.117860748699507,2.7425337396002285,3.6295054185632623,5.043676287577089,3.1730357306037003,3.1926281901768223,7.389993234097037,9.435746633686428,7.874201388974795,3.389502253469714,2.137186989038882,6.203059486932857,7.612219052110823,6.334255907112994,3.505220180478666,0.7494033548776856,1.32722942148427,1.7873753352069055,1.4577700813574668,1.2123291012180857,1.2719088526531115,1.2138901961204573,0,Mammalian
27.43,23.59578285358027,13.773497438502725,2.1860414757765256,6.4697143287020475,9.200467036838603,6.180028103985986,2.9739734811479974,7.39850990098286,9.381868606275866,7.085539132630737,2.1837871635175747,2.5360763851629446,4.121561202424091,2.0342434631718556,3.103095609484934,7.714901165925588,9.879792045420901,8.459171410023997,4.308568577523303,2.3000659444111644,5.522185998891182,6.560927367917423,4.972095154274474,2.029741669537928,1.8828291057066318,3.644502513750604,4.043355153040719,3.3183745606797084,2.2158115115320105,1.536119212175177,1.5462143238886399,0,Mammalian
28.4,24.56085437857974,14.72421562461191,3.112827349235206,5.566189260873539,8.3139295253006,5.257057767518329,2.66262024296325,7.722085169191816,9.729881223084984,7.4143355999169325,2.6905422895999513,2.9088019153631746,4.481657781293648,2.741913419439178,3.2420291104857335,7.442929530769453,9.416011950829661,7.8266888655564575,3.451069978794426,2.4086369040440503,6.16629603218112,7.339421381916727,5.811673646950248,2.8036049364608804,1.2527767615536103,2.8078979732089104,3.2545612497637566,2.610225429688538,1.538360004838963,0.6913034308470677,0.5776324867285395,0,Mammalian
28.130000000000003,24.286036578491416,14.436495246763535,2.82958017975241,5.931462772076539,8.695476049879943,5.585450533575531,1.847259545722312,6.933807202565108,8.912094763174778,6.582889179403197,2.3504690260991783,4.214115245238091,5.886477212022505,4.157281321056006,2.581885113574062,5.991135117821998,7.760250381906658,6.0356542982182,1.6346985079813265,4.166923608349785,8.146537434124841,9.396539985961445,7.920945802668554,4.953394561071856,2.467706993552332,2.3438845053003705,2.7348132169765065,2.5562726234694138,2.21430245550656,1.967091331608778,1.7574564162132917,0,Mammalian
31.39,27.472826263948328,17.412967860812596,5.470283672089617,3.6726274158680625,6.841343173766612,4.197683349997511,2.997592420697128,8.178379310556267,10.201079341655964,8.155389472374424,4.425547431343743,4.304891237302222,5.265452574372303,4.264294395875223,5.551243974373942,9.240156925074379,10.931964614258844,9.047164881107408,4.255043162249837,1.8281662571229214,6.0530361326306945,7.665177291439121,6.5112030392105185,3.7271855135833003,1.0451633326954506,1.4244116754955671,1.8636954028663102,1.380843016251301,0.8306941466052578,1.0891908529856427,1.4748060229883706,0,Mammalian
30.410000000000004,26.566023930257668,16.716202055482952,5.094273590405821,3.662160610480328,6.4155778993837735,3.337797666376009,3.5271174651387813,9.126816628444505,11.153341315182738,8.858419333534426,4.356466265960973,3.32850748403557,4.552145056023199,3.506958033312156,4.5714405165335155,8.262548033143288,9.964025871448133,8.163200262346429,3.5113019482173615,1.97108419641354,6.043612017776264,7.3426180848508205,5.8862812901250035,2.8464395708935903,0.5745233961797614,2.341071343066115,2.8399966883036103,2.247675395250467,1.2511076639211085,0.5138617965723681,0.5225921976451949,0,Mammalian
28.900000000000002,25.056032049514688,15.206386398683497,3.592245868089372,5.1640217943272715,7.925503893199409,4.822980028160554,2.301882218406537,7.66875656876604,9.666980225978559,7.351069855907528,2.984243910955799,3.786841449788682,5.365068549851291,3.7996073742186116,3.210892514197081,6.757588327206682,8.500012454872868,6.743032632277883,2.1842379001562318,3.413025758002179,7.424658198776346,8.690291272159104,7.217417047685158,4.221773642559215,1.7267840862150328,2.080058554198925,2.5523586053689993,2.2070717969945983,1.6165314554753745,1.2203020336883352,0.9874651045940455,0,Mammalian
28.83,25.126390536021848,15.639736290965935,4.483919270785047,4.116602268708721,6.8218115738672855,4.091990855182503,3.0592766262949618,7.899462407633623,9.612473909990355,7.368054924974298,3.594400904694323,4.013655854932891,5.006777260080931,3.4070572524396114,3.8508012674574443,7.360142661660845,8.776463285975534,6.733792605699467,2.0280024157626872,3.301303718429403,7.022886594967141,7.925561760251283,6.187226500947117,3.1812409010295393,1.5595185804854472,2.551337387676066,2.730064202405226,1.999086340834069,1.076039487243524,0.5554930723443658,0.374431933698972,0,Mammalian
29.43,25.586029090555854,15.736317666207377,4.118783670727466,4.636276298201257,7.395526426861719,4.299722234496793,2.6992628436061663,8.178379310556267,10.187891282923875,7.880023943677866,3.4528102191885712,3.560352008445169,5.043299953625568,3.628649963079498,3.6751642187898503,7.285581651453781,9.012143155624704,7.237360744094726,2.62762719080352,2.899031303185973,6.933798824943555,8.210834649850648,6.741617095269838,3.7271855135833003,1.2375992822998316,2.0523839610793586,2.557252741521387,2.1012503815218104,1.3137605325185666,0.7346706716910947,0.45748807881266773,0,Mammalian
32.45,27.199529024842125,14.395018320853255,1.204429705478928,6.774560745991183,6.396842983711969,1.5590768677487121,5.447629535738423,7.81680203358344,7.429533721448223,6.943865053549499,5.926403079621117,3.3464760320462226,2.5830632403153886,2.848766288454954,2.1655785585577245,6.59709784678081,10.180877743234127,9.386472113104693,4.395173203979046,4.251734447439647,8.845520474384928,9.44048388362876,6.234855797237765,2.048171371679088,2.3963697212828636,3.0361674351739047,1.9315286562597946,0.6939589716047065,1.1023017491563787,1.4179873881842313,1.5774640691274524,0,Mammalian
27.330000000000002,23.48604159847049,13.636621354821411,2.0430364366002536,6.729423335912602,9.495451904713558,6.379543753717782,1.6457770019875224,6.179271948592079,8.130801190925126,5.785291762411123,1.8077527532147102,4.750427202738989,6.480882525034971,4.6363608341188804,2.033830967430233,5.1959311003899975,6.9985790410941275,5.31917037081109,1.322050453509591,4.955441760478782,8.90508491869516,10.140140314177552,8.66386759483665,5.7241941079372065,3.2518387468083865,2.8217758547569898,3.1204898197187423,3.0852390371015486,2.922039708560842,2.7565374947282346,2.5574529308343092,0,Mammalian
29.130000000000003,25.28603075020364,15.436355991737324,3.820625817076562,4.934940814719659,7.695513290753895,4.595716115013386,2.4682180192400267,7.88958382660025,9.892917385414153,7.580598024787083,3.1852194469175803,3.680900455687437,5.221262639257476,3.717111880238908,3.4100159323992583,6.986680184465295,8.7219956279617,6.956907324735352,2.372291397564957,3.1893281429213265,7.210963223531867,8.481486388215023,7.009982759875557,4.00602883702149,1.5111191281647938,2.0513444551827926,2.5409420699271643,2.1457672257968916,1.4694078729312867,1.0040592565681201,0.7574711259906916,0,Mammalian
31.5,27.57527740906112,17.51147264166087,5.7801296062044045,4.493755244808867,7.501244852883181,4.822430919497771,1.1779526266580778,6.459469901578868,8.241001878791865,5.835762854415151,1.6683023040926621,4.087021346746332,5.304345336228231,2.7435690275292637,2.699792947587223,7.738862965578341,10.242937988694987,8.996764977901064,4.681821683055754,0.8836457700651136,4.996178318503649,6.681714918692875,5.815568030609968,3.5024632175936814,1.2707731439321674,0.5611787562859785,0.48846015644071944,0.9744693243189565,1.9308429190019614,2.4756354591232803,2.50977101716392,0,Mammalian
31.200000000000003,27.286236211114186,17.250131991772477,5.52227214693114,4.455493132887309,7.450465307456782,4.694016652997481,1.308212465775495,6.696289492370029,8.519563925303169,6.13096244071747,1.8912104328454606,3.948294311741973,5.216665645507705,2.79527317133822,2.7674960062587015,7.640157066448308,10.047493870489768,8.733344337908715,4.383190963548562,1.1639126040376755,5.270759826250004,6.885831491262366,5.913977633714078,3.4600154673606207,1.035279969502797,0.5905557862547907,0.7878922715808551,0.9596147252008245,1.7049874650471073,2.188096567498043,2.2102922502669577,0,Mammalian
30.020000000000003,25.96829002122518,15.649029897113694,3.6597486415422247,5.162242445738974,7.592471503987381,4.130842950165797,3.2224569066629893,8.465190396581333,10.025277078250202,7.375306000271125,2.852714703744996,3.050067236653889,4.3587692712289625,3.382839870551565,4.296012361092179,7.26099166780957,8.46136502398406,6.752775152068615,2.7957249310077485,2.5716036610122175,6.331324278982946,7.968837187657998,7.053419413504496,4.321730156965747,1.804762130311081,2.658818328839127,3.2719597084087315,2.404328886398445,0.8401770434431489,0.6170918321542498,1.0015962783497103,0,Mammalian
30.020000000000003,25.96829002122518,15.649029897113694,3.6597486415422247,5.162242445738974,7.592471503987381,4.130842950165797,3.2224569066629893,8.465190396581333,10.025277078250202,7.375306000271125,2.852714703744996,3.050067236653889,4.3587692712289625,3.382839870551565,4.296012361092179,7.26099166780957,8.46136502398406,6.752775152068615,2.7957249310077485,2.5716036610122175,6.331324278982946,7.968837187657998,7.053419413504496,4.321730156965747,1.804762130311081,2.658818328839127,3.2719597084087315,2.404328886398445,0.8401770434431489,0.6170918321542498,1.0015962783497103,1,Yeast
15.09,14.203738565626812,11.736057503136841,8.210900335399346,4.359855923998374,1.1730241615879653,2.1376903684682187,3.5591931621102355,4.009292770412472,3.771185055585192,3.221089868970528,2.541811407957355,1.6570260252277145,0.47373998712449333,0.9885217831945526,2.3544201287879094,3.306916993212863,3.5466580992228645,2.960153231844063,1.7002104997597012,0.8939545709548914,2.350617957033332,3.8157973731204007,4.701657269455122,4.901486660301984,4.574858552741542,4.1280065092268385,4.054599295015395,4.495594098532826,5.144301420161749,5.693872533071004,6.02402610547261,0,Mammalian
15.09,14.203738565626812,11.736057503136841,8.210900335399346,4.359855923998374,1.1730241615879653,2.1376903684682187,3.5591931621102355,4.009292770412472,3.771185055585192,3.221089868970528,2.541811407957355,1.6570260252277145,0.47373998712449333,0.9885217831945526,2.3544201287879094,3.306916993212863,3.5466580992228645,2.960153231844063,1.7002104997597012,0.8939545709548914,2.350617957033332,3.8157973731204007,4.701657269455122,4.901486660301984,4.574858552741542,4.1280065092268385,4.054599295015395,4.495594098532826,5.144301420161749,5.693872533071004,6.02402610547261,1,Yeast
14.89,14.020709869273515,11.599856046178326,8.139491485153123,4.3495910064405345,1.1135954337358498,1.9437576758325907,3.3602545866384914,3.811087751143261,3.58256303790762,3.045388180705521,2.3825051904674077,1.5237137744545293,0.3710500720636203,0.9970961312539744,2.2947034554159034,3.1767436157172018,3.3638193113446504,2.760884752267208,1.5589789740829905,1.0714792304066212,2.504007786296629,3.879721004821275,4.682113112049725,4.816493553726176,4.449415148715517,3.9872871176901863,3.914292272489657,4.351423522140356,4.983932670268762,5.513635614545852,5.829205643097331,0,Mammalian
14.89,14.020709869273515,11.599856046178326,8.139491485153123,4.3495910064405345,1.1135954337358498,1.9437576758325907,3.3602545866384914,3.811087751143261,3.58256303790762,3.045388180705521,2.3825051904674077,1.5237137744545293,0.3710500720636203,0.9970961312539744,2.2947034554159034,3.1767436157172018,3.3638193113446504,2.760884752267208,1.5589789740829905,1.0714792304066212,2.504007786296629,3.879721004821275,4.682113112049725,4.816493553726176,4.449415148715517,3.9872871176901863,3.914292272489657,4.351423522140356,4.983932670268762,5.513635614545852,5.829205643097331,1,Yeast
14.61,13.717915896909423,11.259192857461187,7.820033249179951,4.186605153700849,1.270231010343129,1.5654711737791476,2.5571311844413764,2.7546555895425424,2.468495442494217,2.0621661244288547,1.7923667125047946,1.8326113473000545,2.1292569684824603,2.341439845742867,2.145325218099033,1.4925481566770304,1.1356917216681601,2.0913336382352363,3.1816921822621897,3.710826429936433,3.464167732446713,2.619134966702399,2.0224843344099104,2.7464290602529733,3.9490184010301013,4.791149702819121,5.038835011136886,4.749909487941618,4.135470725834845,3.455480674457047,2.940861861061243,1,Yeast
14.61,13.717915896909423,11.259192857461187,7.820033249179951,4.186605153700849,1.270231010343129,1.5654711737791476,2.5571311844413764,2.7546555895425424,2.468495442494217,2.0621661244288547,1.7923667125047946,1.8326113473000545,2.1292569684824603,2.341439845742867,2.145325218099033,1.4925481566770304,1.1356917216681601,2.0913336382352363,3.1816921822621897,3.710826429936433,3.464167732446713,2.619134966702399,2.0224843344099104,2.7464290602529733,3.9490184010301013,4.791149702819121,5.038835011136886,4.749909487941618,4.135470725834845,3.455480674457047,2.940861861061243,0,Mammalian
16.41,15.29510616328521,12.222832218075173,7.926420655558297,3.378094455305219,0.58478278191297,3.1610623319231648,4.356354409172676,4.387889340275045,3.734284506018298,2.787227496977347,1.6479151178325637,0.2743105292225094,1.2657187505602934,2.612945634165999,3.376214200606556,3.274706093682302,2.311313315354164,0.9745234014163728,1.4905269225600033,2.743306182413061,3.2977034183595304,2.985049290937831,2.210631877458843,2.3042194204330104,3.6307677033354087,5.005055453058097,5.8573669099974905,6.0634563389314575,5.755808227564231,5.211826961636686,4.735428876579892,1,Yeast
16.41,15.29510616328521,12.222832218075173,7.926420655558297,3.378094455305219,0.58478278191297,3.1610623319231648,4.356354409172676,4.387889340275045,3.734284506018298,2.787227496977347,1.6479151178325637,0.2743105292225094,1.2657187505602934,2.612945634165999,3.376214200606556,3.274706093682302,2.311313315354164,0.9745234014163728,1.4905269225600033,2.743306182413061,3.2977034183595304,2.985049290937831,2.210631877458843,2.3042194204330104,3.6307677033354087,5.005055453058097,5.8573669099974905,6.0634563389314575,5.755808227564231,5.211826961636686,4.735428876579892,0,Mammalian
15.16,14.061656450316972,11.050466131748117,6.905599389460085,2.82615977234965,2.145025975839672,4.005182276932831,4.674456419753826,4.138949655192358,2.9069970053792966,1.5278051186974901,0.5460296178311836,1.298974670056956,2.4971353079505794,3.518540230702366,3.98552533567616,3.642965824709312,2.5875564649419864,1.7885319358767258,2.7668809091025213,4.127984945678844,4.787515491313452,4.455658968893795,3.2786391962060475,1.9639490196497116,2.254252970387316,3.6808391447001,4.883206819089176,5.601180771583062,5.93627642304307,6.083673168567685,6.167200155809745,1,Yeast
15.16,14.061656450316972,11.050466131748117,6.905599389460085,2.82615977234965,2.145025975839672,4.005182276932831,4.674456419753826,4.138949655192358,2.9069970053792966,1.5278051186974901,0.5460296178311836,1.298974670056956,2.4971353079505794,3.518540230702366,3.98552533567616,3.642965824709312,2.5875564649419864,1.7885319358767258,2.7668809091025213,4.127984945678844,4.787515491313452,4.455658968893795,3.2786391962060475,1.9639490196497116,2.254252970387316,3.6808391447001,4.883206819089176,5.601180771583062,5.93627642304307,6.083673168567685,6.167200155809745,0,Mammalian
16.45,15.769798838421691,13.84328968197154,10.99086372864736,7.67943499725992,4.445751927389413,1.8896625512070022,1.2101550940567773,1.7553536539552002,1.6754160870350727,0.925498406564332,0.2191869827024912,1.3660267920589715,2.2357473295549264,2.6154666439236016,2.4454208834110567,1.8216750533506256,1.0501549729268598,1.0144513162738067,1.7635309878754286,2.44821773481224,2.8422162493828553,2.890405187385023,2.5703599879071932,1.856376456849777,0.8169556062132362,1.264092451189677,3.2329853955281944,5.4928752806874686,7.723937258678047,9.615124014387408,10.88340174906153,0,Mammalian
16.45,15.769798838421691,13.84328968197154,10.99086372864736,7.67943499725992,4.445751927389413,1.8896625512070022,1.2101550940567773,1.7553536539552002,1.6754160870350727,0.925498406564332,0.2191869827024912,1.3660267920589715,2.2357473295549264,2.6154666439236016,2.4454208834110567,1.8216750533506256,1.0501549729268598,1.0144513162738067,1.7635309878754286,2.44821773481224,2.8422162493828553,2.890405187385023,2.5703599879071932,1.856376456849777,0.8169556062132362,1.264092451189677,3.2329853955281944,5.4928752806874686,7.723937258678047,9.615124014387408,10.88340174906153,1,Yeast
43.5,25.277354911605936,3.7408611738707895,8.648957850626536,7.49060156693948,4.998427294688085,6.724258683599234,8.264303164012606,1.39078456180582,3.8661078960743196,2.1277593985565915,2.129080538195729,2.1590224897565014,4.305642483303893,5.215521041770099,4.853599219624991,10.65638775570784,2.899354209814763,8.032498533318599,9.122002760955528,8.854191067053334,5.975886443310834,2.906345490935417,8.657825532393796,10.753032981565834,10.889127385243114,11.944939293857535,2.4644658717995704,9.813012310305254,7.906896164677768,4.88874539163025,4.466147404748108,1,Yeast
43.5,25.277354911605936,3.7408611738707895,8.648957850626536,7.49060156693948,4.998427294688085,6.724258683599234,8.264303164012606,1.39078456180582,3.8661078960743196,2.1277593985565915,2.129080538195729,2.1590224897565014,4.305642483303893,5.215521041770099,4.853599219624991,10.65638775570784,2.899354209814763,8.032498533318599,9.122002760955528,8.854191067053334,5.975886443310834,2.906345490935417,8.657825532393796,10.753032981565834,10.889127385243114,11.944939293857535,2.4644658717995704,9.813012310305254,7.906896164677768,4.88874539163025,4.466147404748108,0,Mammalian
48.58,24.338775648313355,8.76006678771001,8.703615333618405,6.872819186584337,1.5773386508952143,5.754823899440841,6.128663072787855,4.360482950806859,7.303688653515708,4.998558933278156,4.466630139148773,1.4740483371771527,2.8672943845235994,4.345629260832348,2.0216361156935556,12.131891855765941,4.077118017522056,10.20890697366017,7.871496215197084,9.918314956568226,6.359704918585205,1.4782927555339411,8.402999610747779,11.783980161037388,9.935561885380865,12.805268477158304,3.086740070097057,10.328725301337942,7.593472221506058,4.464248518979643,4.072218270812298,1,Yeast
48.58,24.338775648313355,8.76006678771001,8.703615333618405,6.872819186584337,1.5773386508952143,5.754823899440841,6.128663072787855,4.360482950806859,7.303688653515708,4.998558933278156,4.466630139148773,1.4740483371771527,2.8672943845235994,4.345629260832348,2.0216361156935556,12.131891855765941,4.077118017522056,10.20890697366017,7.871496215197084,9.918314956568226,6.359704918585205,1.4782927555339411,8.402999610747779,11.783980161037388,9.935561885380865,12.805268477158304,3.086740070097057,10.328725301337942,7.593472221506058,4.464248518979643,4.072218270812298,0,Mammalian
26.630000000000003,24.677021730808413,19.384405219571644,12.383641172731194,6.61770430704321,6.392685373836297,8.195861497639742,7.867343153837053,5.248517998189107,1.455094223412762,2.1014832886464863,4.104740980002692,3.937278027444346,1.7469374312442822,2.1616310098402662,5.966469194560262,8.969420271121207,10.337558681342008,9.811113469758228,7.678099410190426,4.646949719999614,1.8650244424451425,2.2037881108148496,3.678111781851903,4.290554605489249,4.095691936918088,3.4820144812284055,2.9054829150551176,2.639183536425844,2.593409562333192,2.5568640085976453,2.475868211240569,1,Yeast
26.630000000000003,24.677021730808413,19.384405219571644,12.383641172731194,6.61770430704321,6.392685373836297,8.195861497639742,7.867343153837053,5.248517998189107,1.455094223412762,2.1014832886464863,4.104740980002692,3.937278027444346,1.7469374312442822,2.1616310098402662,5.966469194560262,8.969420271121207,10.337558681342008,9.811113469758228,7.678099410190426,4.646949719999614,1.8650244424451425,2.2037881108148496,3.678111781851903,4.290554605489249,4.095691936918088,3.4820144812284055,2.9054829150551176,2.639183536425844,2.593409562333192,2.5568640085976453,2.475868211240569,0,Mammalian
40.81,28.522534033888178,4.93095588071046,7.955809861237479,5.927666664947054,5.234911147182009,7.086318379713185,5.698224886867664,2.182275223624776,1.6539050233490413,6.00658507388333,6.1644411372105585,0.9608393742423801,7.387701911105373,5.980088647828147,1.9981952516640542,5.193120449209703,5.607961941149737,3.9079784698212516,1.6276258825140073,2.6163684157643172,4.118777377094527,5.459526192308565,6.278858419498735,2.228065270218411,6.732515577865876,12.678733242600165,10.291002179114098,4.417620617388041,3.117171192021885,1.2274538019985959,3.5085009088932426,0,Mammalian
11.35,11.131277246601147,10.496115285891085,9.505991377692222,8.258733530078763,6.883400803764075,5.536632876606695,4.400314386624101,3.6592801920857054,3.401107623038455,3.505441636971893,3.753581275437434,4.000033086194249,4.193783320987613,4.332250775859054,4.420240395093387,4.4481569216924,4.390171354827274,4.216591403401945,3.911122725025134,3.4864134832099607,2.9964752339066187,2.5452640453084143,2.2719390163437065,2.2596168869543356,2.4296027593781884,2.6115731437137604,2.6669285944175636,2.5198366638724576,2.147714469366695,1.5702280188762119,0.8430664013908424,0,Mammalian
31.439999999999998,24.63091852392927,9.649456143625946,2.4550165164159248,5.237268416189664,3.6418267340396744,4.993681865400527,2.9585756334167805,2.2664722297295428,4.511435135431244,4.440206021584273,4.908544355737868,3.8232228183627215,0.5635009622105763,2.6219539883095666,2.7645746817787042,2.939727878562912,4.9820766079444105,5.226586687140427,2.964005900549467,0.6568450203711047,3.4910619300472554,5.066945035093355,5.192138711989406,3.4714123396486323,1.6793839649297349,2.446020178906043,1.1562292638224956,4.068628938247685,6.161879226067845,4.028263922090684,2.906342260395942,0,Mammalian
41.51,26.796964517368004,0.5868842110365136,8.604619776507473,3.183694903444036,10.143426321402883,4.535792733739753,3.5780323460581442,3.2257409196955047,3.2975488584038706,5.273988706983123,6.294983306975317,3.53250888833385,2.3103156104908544,2.701644163663744,2.3237255225541613,5.871669268615185,4.089058431963483,3.6066023673433474,4.333815845228106,1.8141233775177523,5.079041392249186,7.4692319002474425,5.838561551377684,0.2297727551342792,4.93885639908839,4.404472228772718,3.0048336173328667,3.7452401907982353,3.7117894137065264,5.071639941982774,3.2991160895672746,0,Mammalian
11.26,10.971913636793085,10.140806281617937,8.862418163575436,7.2849533715158294,5.595964989855661,4.013306007591328,2.787920831736247,2.162687370478613,2.088364714054548,2.1648221636567166,2.12272094611958,1.9212132497341186,1.6400588217784144,1.4081822747100858,1.3289386557863199,1.4047063750122304,1.587573887494383,1.8765605904006415,2.298339226328468,2.838663603183228,3.425936182219354,3.9603588633044544,4.345600325005171,4.509854026193343,4.417871696936172,4.075345999698533,3.525879973160549,2.840912348498106,2.1037700835668747,1.3911231204335184,0.7669048103444535,0,Mammalian
25.81,22.01350589840911,12.446041616284532,1.6351096122257816,6.466167759070355,9.19367360358111,8.062910708202836,6.489326311339437,5.8752310395687255,4.726107263912465,3.759165448342665,4.140209615183789,3.743145622328956,2.3252651257136123,3.5416289382543136,5.69205497785449,6.360416653018889,5.430002000611582,3.7720543039270065,3.2618325888287276,4.743724653110081,6.021269901352515,5.8379179320583745,4.414627615263052,3.3317653326259626,3.275209437976765,2.4920413226732845,0.7145418044315742,2.4054545884456595,4.106166438397117,4.307657041343198,3.22433552313717,0,Mammalian
3.54,3.5373834145927603,3.5295472841959126,3.516532545442872,3.498407624353101,3.475268737584319,3.4472403216186027,3.41447559685853,3.377157274852213,3.3354984173638202,3.2897434553695497,3.240169373734253,3.1870870625368335,3.130842827703941,3.071820040368516,3.010440884368837,2.9471681322924215,2.8825068398393396,2.817005793318568,2.7512584735380257,2.6859032104322633,2.6216220989140635,2.559138135750631,2.499209936712691,2.4426233317711463,2.390179156142398,2.3426767094515775,2.3008926966656,2.2655560231139935,2.237319569672842,2.2167309193100677,2.204204749601104,0,Mammalian
24.86,22.931905593466446,17.714301682981105,10.701840799909467,3.7932134508642386,1.6439199661854587,4.4331213325696,5.36486698742422,5.935039169664216,7.21518336529684,8.493379614753907,8.764114722058956,7.726514834451403,5.710594975575405,3.3536125755119195,1.4550521596805914,1.8646179233290658,3.5277929627097917,5.129091011227324,6.2378399505135445,6.461922751457293,5.648632884098686,4.140269512489879,3.2113508858231,4.232978862993708,5.9110927855538264,7.090429753590902,7.457387446574958,7.03090709534578,5.939560781745302,4.327208825557985,2.366931123641035,0,Mammalian
44.980000000000004,32.00921678772896,6.307304080108675,8.874540427672196,6.485341130530821,3.3655703375351207,2.406690361766583,4.475661841068974,4.797812397074575,2.2284272240811007,6.650199035349346,6.571003430497343,6.606724865964092,5.869749810142962,2.9729626654393955,1.8651372456770219,2.9767767803448075,5.444681978833983,8.875029986058601,11.49670415169632,10.640082349741887,3.7331556295281603,6.492339166588368,9.692059035669596,2.1390175788145194,8.805375777435069,11.00167587445358,7.258632746876273,11.084700472128606,8.887335439449517,3.2820428653166167,4.747266140543692,0,Mammalian
27.18,23.51662645035873,14.087406257920605,2.979345942570859,6.081371697506365,9.154697224939401,6.4996564341769885,1.8458427806145559,6.365152204297717,9.170866186826506,7.81291437319598,3.498120352832306,1.3101162533681325,3.5451254435670645,2.408237208418833,1.986208748890511,6.369317074851904,9.02979124479469,8.429271484609918,4.823457000652294,1.001306256641126,4.564337020597371,6.26030653339044,5.258250947155259,2.9393260139229076,2.9708253731886107,4.422122884923953,4.472902421540419,3.2215988980381343,1.9139073116672027,1.6856414934436086,1.6071856092305579,0,Mammalian
31.689999999999998,27.57221167381019,16.9714718964322,4.262766657032632,5.72775061455996,9.971292559910147,8.449044379511355,3.792922157590919,2.130385315760973,4.144400984523404,4.07895534058234,3.7640063803398465,4.734078665914297,5.716513963575686,6.190751644865696,6.1458233195632195,5.3647087525792125,4.572338874573677,5.33130469943676,6.571936837839746,6.6933602209913134,5.931793696260589,5.511097740827923,5.237558607195157,3.772699087707635,1.002891733973215,3.030054363819396,6.052825755257201,7.67796203652989,7.675070234433516,6.304226406775935,4.128767679377707,1,Yeast
31.689999999999998,27.57221167381019,16.9714718964322,4.262766657032632,5.72775061455996,9.971292559910147,8.449044379511355,3.792922157590919,2.130385315760973,4.144400984523404,4.07895534058234,3.7640063803398465,4.734078665914297,5.716513963575686,6.190751644865696,6.1458233195632195,5.3647087525792125,4.572338874573677,5.33130469943676,6.571936837839746,6.6933602209913134,5.931793696260589,5.511097740827923,5.237558607195157,3.772699087707635,1.002891733973215,3.030054363819396,6.052825755257201,7.67796203652989,7.675070234433516,6.304226406775935,4.128767679377707,0,Mammalian
31.689999999999998,27.57221167381019,16.9714718964322,4.262766657032632,5.72775061455996,9.971292559910147,8.449044379511355,3.792922157590919,2.130385315760973,4.144400984523404,4.07895534058234,3.7640063803398465,4.734078665914297,5.716513963575686,6.190751644865696,6.1458233195632195,5.3647087525792125,4.572338874573677,5.33130469943676,6.571936837839746,6.6933602209913134,5.931793696260589,5.511097740827923,5.237558607195157,3.772699087707635,1.002891733973215,3.030054363819396,6.052825755257201,7.67796203652989,7.675070234433516,6.304226406775935,4.128767679377707,0,E_coli
33.1,27.362604922442337,13.674944764461777,3.724263414378178,9.002815043512589,7.3736511283366095,0.9395510581821546,4.861253399354707,5.698347522903833,2.5386649501554666,1.0665495040903539,1.2580975211079979,3.5419518361372972,7.991297268260569,9.43523968882812,6.762253413652051,5.866856057549051,9.916832530185538,11.135187938023805,7.9561762809392675,2.8447019081346774,1.5654891729061198,1.879397314256316,1.388291995665233,4.064337031819059,5.6504745296134065,5.470856679871038,4.5694849902643195,4.573179368518357,5.643955387400918,6.01633079011131,4.603342109783298,1,Yeast
33.1,27.362604922442337,13.674944764461777,3.724263414378178,9.002815043512589,7.3736511283366095,0.9395510581821546,4.861253399354707,5.698347522903833,2.5386649501554666,1.0665495040903539,1.2580975211079979,3.5419518361372972,7.991297268260569,9.43523968882812,6.762253413652051,5.866856057549051,9.916832530185538,11.135187938023805,7.9561762809392675,2.8447019081346774,1.5654891729061198,1.879397314256316,1.388291995665233,4.064337031819059,5.6504745296134065,5.470856679871038,4.5694849902643195,4.573179368518357,5.643955387400918,6.01633079011131,4.603342109783298,0,Mammalian
33.1,27.362604922442337,13.674944764461777,3.724263414378178,9.002815043512589,7.3736511283366095,0.9395510581821546,4.861253399354707,5.698347522903833,2.5386649501554666,1.0665495040903539,1.2580975211079979,3.5419518361372972,7.991297268260569,9.43523968882812,6.762253413652051,5.866856057549051,9.916832530185538,11.135187938023805,7.9561762809392675,2.8447019081346774,1.5654891729061198,1.879397314256316,1.388291995665233,4.064337031819059,5.6504745296134065,5.470856679871038,4.5694849902643195,4.573179368518357,5.643955387400918,6.01633079011131,4.603342109783298,0,E_coli
22.57,21.31064256361485,17.78034808475689,12.665761167005407,6.936399956001867,1.6309772237415603,2.4000237170593577,4.591776743620233,4.866498672936011,3.5595987497902355,1.4029315317482787,1.460130091291552,3.25099980134707,4.066951514741466,3.637513549186595,2.113101741514956,0.8193289937503735,3.0362279641406946,5.317298657408667,6.979138064261145,7.812716401122692,7.815508826526626,7.12483033234169,5.937755500898958,4.44888645239593,2.8316178658001494,1.259536544241006,0.2828613855495388,1.1499645114728867,1.608911530844472,1.5268535804490309,1.0198317952961318,0,E_coli
22.57,21.31064256361485,17.78034808475689,12.665761167005407,6.936399956001867,1.6309772237415603,2.4000237170593577,4.591776743620233,4.866498672936011,3.5595987497902355,1.4029315317482787,1.460130091291552,3.25099980134707,4.066951514741466,3.637513549186595,2.113101741514956,0.8193289937503735,3.0362279641406946,5.317298657408667,6.979138064261145,7.812716401122692,7.815508826526626,7.12483033234169,5.937755500898958,4.44888645239593,2.8316178658001494,1.259536544241006,0.2828613855495388,1.1499645114728867,1.608911530844472,1.5268535804490309,1.0198317952961318,0,Mammalian
22.57,21.31064256361485,17.78034808475689,12.665761167005407,6.936399956001867,1.6309772237415603,2.4000237170593577,4.591776743620233,4.866498672936011,3.5595987497902355,1.4029315317482787,1.460130091291552,3.25099980134707,4.066951514741466,3.637513549186595,2.113101741514956,0.8193289937503735,3.0362279641406946,5.317298657408667,6.979138064261145,7.812716401122692,7.815508826526626,7.12483033234169,5.937755500898958,4.44888645239593,2.8316178658001494,1.259536544241006,0.2828613855495388,1.1499645114728867,1.608911530844472,1.5268535804490309,1.0198317952961318,1,Yeast
24.89,21.9488102141307,14.163812925305699,4.421169067310663,5.275380793545577,10.24967851498855,10.463866833749533,6.584566714935783,1.8737947932771188,5.477291242406512,8.27329849852727,8.138594419596666,6.485882622440315,6.425550196850811,8.059120529453454,8.764001078568032,7.790770180155491,6.0664764191245215,4.9869774270823966,4.473270175798771,3.3446107130070666,1.3949369264692506,0.8623531213382694,2.121713550545302,2.214202581673041,1.6466031175942286,1.8871037617320294,2.3278990866727938,1.8319561319681095,1.8882987619820968,4.217279357222335,6.475201095877957,1,Yeast
24.89,21.9488102141307,14.163812925305699,4.421169067310663,5.275380793545577,10.24967851498855,10.463866833749533,6.584566714935783,1.8737947932771188,5.477291242406512,8.27329849852727,8.138594419596666,6.485882622440315,6.425550196850811,8.059120529453454,8.764001078568032,7.790770180155491,6.0664764191245215,4.9869774270823966,4.473270175798771,3.3446107130070666,1.3949369264692506,0.8623531213382694,2.121713550545302,2.214202581673041,1.6466031175942286,1.8871037617320294,2.3278990866727938,1.8319561319681095,1.8882987619820968,4.217279357222335,6.475201095877957,0,E_coli
24.89,21.9488102141307,14.163812925305699,4.421169067310663,5.275380793545577,10.24967851498855,10.463866833749533,6.584566714935783,1.8737947932771188,5.477291242406512,8.27329849852727,8.138594419596666,6.485882622440315,6.425550196850811,8.059120529453454,8.764001078568032,7.790770180155491,6.0664764191245215,4.9869774270823966,4.473270175798771,3.3446107130070666,1.3949369264692506,0.8623531213382694,2.121713550545302,2.214202581673041,1.6466031175942286,1.8871037617320294,2.3278990866727938,1.8319561319681095,1.8882987619820968,4.217279357222335,6.475201095877957,0,Mammalian
46.47,23.200851660065947,9.960965668012285,9.631992857649157,11.577994625301738,8.120330262777708,3.6312109815267144,5.231194597371396,4.72375253022922,4.52256514527101,1.1641975021057809,4.515896667693273,11.665417178376607,11.764190249266335,4.665435041569497,2.966691933483074,8.16524953690945,5.439405479411456,8.452875417742462,7.257484502822875,6.326972421312189,8.791320360175677,3.594301957547922,6.022457311420637,6.838330354198534,3.2708715045290075,0.31023840042281103,14.283290307544167,11.45151092611255,5.711793832817282,8.413980779767796,2.451080103017108,0,Mammalian
46.47,23.200851660065947,9.960965668012285,9.631992857649157,11.577994625301738,8.120330262777708,3.6312109815267144,5.231194597371396,4.72375253022922,4.52256514527101,1.1641975021057809,4.515896667693273,11.665417178376607,11.764190249266335,4.665435041569497,2.966691933483074,8.16524953690945,5.439405479411456,8.452875417742462,7.257484502822875,6.326972421312189,8.791320360175677,3.594301957547922,6.022457311420637,6.838330354198534,3.2708715045290075,0.31023840042281103,14.283290307544167,11.45151092611255,5.711793832817282,8.413980779767796,2.451080103017108,1,Yeast
46.47,23.200851660065947,9.960965668012285,9.631992857649157,11.577994625301738,8.120330262777708,3.6312109815267144,5.231194597371396,4.72375253022922,4.52256514527101,1.1641975021057809,4.515896667693273,11.665417178376607,11.764190249266335,4.665435041569497,2.966691933483074,8.16524953690945,5.439405479411456,8.452875417742462,7.257484502822875,6.326972421312189,8.791320360175677,3.594301957547922,6.022457311420637,6.838330354198534,3.2708715045290075,0.31023840042281103,14.283290307544167,11.45151092611255,5.711793832817282,8.413980779767796,2.451080103017108,0,E_coli
24.719999999999995,23.25993017017328,19.23058342775068,13.623797114283326,7.999941521848185,4.872397575201248,5.58568814229113,6.3864647501694085,5.624526313371884,3.556322696315571,1.2085742257788443,1.9335766052303889,3.3398725631605823,3.706316413314646,3.1573655439597537,2.305562075626078,2.0646065000382032,2.4594184072835055,2.705201212212894,2.567634301881768,2.256564883328599,2.0517832599394854,1.9225501528398503,1.5993002905299785,0.9249344572386023,0.23301647278663956,1.4375739959362213,2.925896011127669,4.557949301625093,6.216806586029878,7.693673276494997,8.727310813461456,0,Mammalian
24.719999999999995,23.25993017017328,19.23058342775068,13.623797114283326,7.999941521848185,4.872397575201248,5.58568814229113,6.3864647501694085,5.624526313371884,3.556322696315571,1.2085742257788443,1.9335766052303889,3.3398725631605823,3.706316413314646,3.1573655439597537,2.305562075626078,2.0646065000382032,2.4594184072835055,2.705201212212894,2.567634301881768,2.256564883328599,2.0517832599394854,1.9225501528398503,1.5993002905299785,0.9249344572386023,0.23301647278663956,1.4375739959362213,2.925896011127669,4.557949301625093,6.216806586029878,7.693673276494997,8.727310813461456,1,Yeast
24.719999999999995,23.25993017017328,19.23058342775068,13.623797114283326,7.999941521848185,4.872397575201248,5.58568814229113,6.3864647501694085,5.624526313371884,3.556322696315571,1.2085742257788443,1.9335766052303889,3.3398725631605823,3.706316413314646,3.1573655439597537,2.305562075626078,2.0646065000382032,2.4594184072835055,2.705201212212894,2.567634301881768,2.256564883328599,2.0517832599394854,1.9225501528398503,1.5993002905299785,0.9249344572386023,0.23301647278663956,1.4375739959362213,2.925896011127669,4.557949301625093,6.216806586029878,7.693673276494997,8.727310813461456,0,E_coli
31.2,27.028147418922043,16.4767879920001,4.3487634356836855,4.414293275888623,7.258465905110729,5.610288772364996,4.438726997436058,4.853493826443775,2.8507623459377736,2.193573136358279,6.2260932274762455,7.752155978260987,6.809906338363237,6.997727928982222,8.797446539641415,8.475435092076394,5.180637962753723,3.02151713533646,5.7710368733861515,6.55372287184769,4.409195087114623,1.3218280179658561,2.4161951870404317,3.551787954913997,4.274835855099015,5.447289333472779,5.925583550427443,5.098510476813535,4.230575094441621,4.834211610383676,5.81545370703081,1,Yeast
31.2,27.028147418922043,16.4767879920001,4.3487634356836855,4.414293275888623,7.258465905110729,5.610288772364996,4.438726997436058,4.853493826443775,2.8507623459377736,2.193573136358279,6.2260932274762455,7.752155978260987,6.809906338363237,6.997727928982222,8.797446539641415,8.475435092076394,5.180637962753723,3.02151713533646,5.7710368733861515,6.55372287184769,4.409195087114623,1.3218280179658561,2.4161951870404317,3.551787954913997,4.274835855099015,5.447289333472779,5.925583550427443,5.098510476813535,4.230575094441621,4.834211610383676,5.81545370703081,0,Mammalian
31.2,27.028147418922043,16.4767879920001,4.3487634356836855,4.414293275888623,7.258465905110729,5.610288772364996,4.438726997436058,4.853493826443775,2.8507623459377736,2.193573136358279,6.2260932274762455,7.752155978260987,6.809906338363237,6.997727928982222,8.797446539641415,8.475435092076394,5.180637962753723,3.02151713533646,5.7710368733861515,6.55372287184769,4.409195087114623,1.3218280179658561,2.4161951870404317,3.551787954913997,4.274835855099015,5.447289333472779,5.925583550427443,5.098510476813535,4.230575094441621,4.834211610383676,5.81545370703081,0,E_coli
4.78,4.706464905024719,4.490467928076188,4.145724301797156,3.694831959018009,3.169314519257497,2.610837852646272,2.075441925466494,1.64212454534859,1.4097813143074625,1.4245200683553505,1.6015895175576234,1.8155325057050082,1.9864037099225427,2.0762158288968258,2.07123051124962,1.9722575896672323,1.7902389394566034,1.5447217027659674,1.2653898924243911,0.9997184589590844,0.8283265363646897,0.842642747406655,1.0314788617434358,1.3019320172588458,1.5877630858617768,1.8566616989571385,2.093139961315754,2.289764511508577,2.443308306705265,2.5527806990950204,2.6182349030385352,2,Yeast
4.78,4.706464905024719,4.490467928076188,4.145724301797156,3.694831959018009,3.169314519257497,2.610837852646272,2.075441925466494,1.64212454534859,1.4097813143074625,1.4245200683553505,1.6015895175576234,1.8155325057050082,1.9864037099225427,2.0762158288968258,2.07123051124962,1.9722575896672323,1.7902389394566034,1.5447217027659674,1.2653898924243911,0.9997184589590844,0.8283265363646897,0.842642747406655,1.0314788617434358,1.3019320172588458,1.5877630858617768,1.8566616989571385,2.093139961315754,2.289764511508577,2.443308306705265,2.5527806990950204,2.6182349030385352,1,Mammalian
3.9800000000000004,3.917888205223827,3.7355997132383774,3.4450847397673026,3.06568299991994,2.6234886320619952,2.1510561514498776,1.6884364802337501,1.2871192889848313,1.0140163337836097,0.9241559126259896,0.9849552976511075,1.0993828184894372,1.200336705212957,1.266331806344595,1.3058316458923496,1.3453624047073711,1.4173693797256115,1.544121405651431,1.725972552591577,1.9436594721473972,2.169255723875869,2.375235075744266,2.5388855401935957,2.643959896806906,2.6812775408262373,2.6490427013084266,2.5531765138415135,2.4078066821785757,2.235887168510936,2.069278136783257,1.9459146577542727,1,Mammalian
3.9800000000000004,3.917888205223827,3.7355997132383774,3.4450847397673026,3.06568299991994,2.6234886320619952,2.1510561514498776,1.6884364802337501,1.2871192889848313,1.0140163337836097,0.9241559126259896,0.9849552976511075,1.0993828184894372,1.200336705212957,1.266331806344595,1.3058316458923496,1.3453624047073711,1.4173693797256115,1.544121405651431,1.725972552591577,1.9436594721473972,2.169255723875869,2.375235075744266,2.5388855401935957,2.643959896806906,2.6812775408262373,2.6490427013084266,2.5531765138415135,2.4078066821785757,2.235887168510936,2.069278136783257,1.9459146577542727,2,Yeast
3.9800000000000004,3.917888205223827,3.7355997132383774,3.4450847397673026,3.06568299991994,2.6234886320619952,2.1510561514498776,1.6884364802337501,1.2871192889848313,1.0140163337836097,0.9241559126259896,0.9849552976511075,1.0993828184894372,1.200336705212957,1.266331806344595,1.3058316458923496,1.3453624047073711,1.4173693797256115,1.544121405651431,1.725972552591577,1.9436594721473972,2.169255723875869,2.375235075744266,2.5388855401935957,2.643959896806906,2.6812775408262373,2.6490427013084266,2.5531765138415135,2.4078066821785757,2.235887168510936,2.069278136783257,1.9459146577542727,2,Yeast
3.9800000000000004,3.917888205223827,3.7355997132383774,3.4450847397673026,3.06568299991994,2.6234886320619952,2.1510561514498776,1.6884364802337501,1.2871192889848313,1.0140163337836097,0.9241559126259896,0.9849552976511075,1.0993828184894372,1.200336705212957,1.266331806344595,1.3058316458923496,1.3453624047073711,1.4173693797256115,1.544121405651431,1.725972552591577,1.9436594721473972,2.169255723875869,2.375235075744266,2.5388855401935957,2.643959896806906,2.6812775408262373,2.6490427013084266,2.5531765138415135,2.4078066821785757,2.235887168510936,2.069278136783257,1.9459146577542727,1,Mammalian
6.82,6.464095258540534,5.450982548542693,3.934912636443174,2.1429020562142034,0.33555881800958054,1.237515274399598,2.37820591885028,2.9712694963975985,2.9983361743367865,2.5340311602562413,1.724903508824666,0.7596101200707579,0.2875559690063739,1.0633435301562066,1.6756996035176712,2.102379604162864,2.396902041623167,2.592447855147594,2.6538787030279134,2.49310819707779,2.030524613506835,1.2775105524483334,0.7377398905217509,1.6282375685928514,2.8949558302725302,4.000809578573609,4.708901218974169,4.86425480013358,4.4024167315156095,3.364407145330883,1.9148387521621824,1,Mammalian
6.82,6.464095258540534,5.450982548542693,3.934912636443174,2.1429020562142034,0.33555881800958054,1.237515274399598,2.37820591885028,2.9712694963975985,2.9983361743367865,2.5340311602562413,1.724903508824666,0.7596101200707579,0.2875559690063739,1.0633435301562066,1.6756996035176712,2.102379604162864,2.396902041623167,2.592447855147594,2.6538787030279134,2.49310819707779,2.030524613506835,1.2775105524483334,0.7377398905217509,1.6282375685928514,2.8949558302725302,4.000809578573609,4.708901218974169,4.86425480013358,4.4024167315156095,3.364407145330883,1.9148387521621824,2,Yeast
13.559999999999999,13.29302078962612,12.511567147879003,11.272287597615481,9.66379137960797,7.798674290278982,5.803945719003927,3.8124856793783684,1.9687075765247584,0.6895379053513129,1.4294444314898027,2.4577845645294136,3.2186976218389862,3.7014001790452835,3.9494396789240223,4.023980972285602,3.984971769034255,3.8749424510752233,3.70938886465044,3.4785456690788936,3.1594993553607025,2.73186014946898,2.1911066511730852,1.561723190762581,0.9428629158759038,0.7553324727363493,1.2917544902965445,2.0153189754948615,2.7087793586887083,3.2996807358586087,3.747262022541957,4.025615527442885,1,Mammalian
13.559999999999999,13.29302078962612,12.511567147879003,11.272287597615481,9.66379137960797,7.798674290278982,5.803945719003927,3.8124856793783684,1.9687075765247584,0.6895379053513129,1.4294444314898027,2.4577845645294136,3.2186976218389862,3.7014001790452835,3.9494396789240223,4.023980972285602,3.984971769034255,3.8749424510752233,3.70938886465044,3.4785456690788936,3.1594993553607025,2.73186014946898,2.1911066511730852,1.561723190762581,0.9428629158759038,0.7553324727363493,1.2917544902965445,2.0153189754948615,2.7087793586887083,3.2996807358586087,3.747262022541957,4.025615527442885,2,Yeast
16.97,16.38958144749597,14.722299510399939,12.178805378530608,9.075269042274824,5.792078155168928,2.7647777647818925,1.1641178231730016,2.4535123656397775,3.555478870214263,3.9544363048641005,3.7266390512121594,3.064441500853148,2.230923249900991,1.603137184189527,1.6343142433479476,2.1881727536919926,2.842424464362397,3.4170707594573155,3.831184046187201,4.01904028480595,3.9261994681408265,3.5327664176397233,2.8837835522845974,2.1369316955983186,1.6732997890580907,1.927130609698789,2.6094689357110514,3.2790860445075323,3.7640885256567684,4.041143673925458,4.160515478583377,2,Yeast
16.97,16.38958144749597,14.722299510399939,12.178805378530608,9.075269042274824,5.792078155168928,2.7647777647818925,1.1641178231730016,2.4535123656397775,3.555478870214263,3.9544363048641005,3.7266390512121594,3.064441500853148,2.230923249900991,1.603137184189527,1.6343142433479476,2.1881727536919926,2.842424464362397,3.4170707594573155,3.831184046187201,4.01904028480595,3.9261994681408265,3.5327664176397233,2.8837835522845974,2.1369316955983186,1.6732997890580907,1.927130609698789,2.6094689357110514,3.2790860445075323,3.7640885256567684,4.041143673925458,4.160515478583377,1,Mammalian
14.6,14.266811724129134,13.292720180859606,11.752206162271783,9.76326632721765,7.479639210573698,5.085053903635146,2.8140977226471438,1.281435796581045,1.9542340634119868,3.138684437513002,3.9148892182882133,4.164012521493846,3.894608672535064,3.1858197973416584,2.205039748869721,1.3994284547628715,1.7527548666352066,2.861200347248161,3.9573675874130405,4.783318358065814,5.22197631770432,5.223882205489771,4.8014043029557225,4.041821656040838,3.1569656299826425,2.612277305248729,2.965218371128695,4.0049339357910805,5.184978150619702,6.1891537198254465,6.850229286316024,2,Mammalian
15.26,14.873634738851514,13.74758898864272,11.978066270444074,9.716122680143513,7.156125670096624,4.528763622042914,2.157345389492146,1.309208988210776,2.6017531049149385,3.7364372552888745,4.306685300467162,4.274491209150952,3.6957636772268443,2.6987981843870483,1.5454341008350105,1.2014990636700464,2.275951429593584,3.521083906239722,4.532204287760038,5.171001807344147,5.37582340063283,5.141502213207006,4.518179844523649,3.622536656155203,2.6923218612307696,2.2324396338889847,2.710517052133812,3.729453750314598,4.79240344177895,5.663705363990732,6.226207812538735,2,Mammalian
15.33,14.935318196820267,13.786166527109001,11.983916377108528,9.687128552399729,7.098758495759779,4.458774199394963,2.1092055653943524,1.3714524825986019,2.6550020062996182,3.750310144719186,4.281137084164704,4.218448866531953,3.625951698555074,2.6395417797771885,1.537266431843509,1.2714165328483025,2.3080691828288433,3.50693444426247,4.483697514932434,5.103919954211348,5.3071734890598155,5.085983726107891,4.484728111999821,3.6116641715383966,2.6939397967794956,2.2270853173351175,2.697159668272162,3.7272282826170535,4.812768307649241,5.7085207775375295,6.28941094306766,2,Mammalian
18.1,17.30646684059759,15.057565309557237,11.729488661120786,7.89964231371795,4.362473797022638,2.6033929103270657,3.3809937984423337,4.094038597820231,3.8165774453018684,2.688558889435019,1.5710502196196978,2.3047589753184745,3.685614676097963,4.467211451254822,4.288959649186693,3.101902641928015,1.0878349651076644,1.4152301342684508,3.938755188815786,6.047600755737831,7.384364826304059,7.762873041143482,7.2219267002880905,6.064457763028624,4.896482123912541,4.483209517333277,4.922219374923673,5.467418264611284,5.534622005599528,5.001070234313204,4.164846208083295,2,Mammalian
18.759999999999998,17.855597176630365,15.305045460197189,11.571400492989415,7.366003433211808,3.7350868504318417,2.8117979969475773,4.040931934501761,4.53777752766973,3.8195530626878686,2.1973905805623124,1.1677058332617214,2.812913516901338,4.34198708974645,4.953328022993206,4.446437052939735,2.8949956822074876,0.6149648372571366,2.0705174782496854,4.545493845178049,6.445350238770884,7.477365270110718,7.543160461653166,6.76003726323239,5.469129282561858,4.257269663297059,3.836035180052,4.263060662043161,4.836752140426641,5.076516868325489,4.912831499060756,4.561832155281672,2,Mammalian
18.83,17.910260510925422,15.319659686007562,11.537463044046834,7.298420791478333,3.6883602217343543,2.8718246176533784,4.094730451309571,4.538821521041123,3.770023506851884,2.128255945130361,1.2103184662054824,2.8722898910447463,4.356291481233562,4.920135511012053,4.382381017959859,2.82660573833706,0.5573509419205193,2.0648723714466173,4.502391258233676,6.378419732932619,7.410639594582118,7.49915981809873,6.750437026711998,5.491129137084097,4.297940662516431,3.8849934807887054,4.323066976091565,4.906563608357146,5.136145789173814,4.931569062897651,4.522307762966102,2,Mammalian
21.0,19.52437657085272,15.50736581361091,10.098060700227727,5.153577215233174,3.823275221476329,5.039955870686545,4.991622828283348,3.4204616185960295,1.621634271929727,2.3228323851149617,3.3667803008714596,3.31445773122726,2.6775282328369703,2.9092311613860673,3.8108070219412897,3.91739709501092,2.577829606226005,0.5591997535465387,3.693507227506385,6.927310791070277,9.093074504497766,9.662784576202863,8.670650392145498,6.740448228101112,4.930616357385563,4.07247616981324,3.701402586325515,3.123359895762674,3.083626527332068,4.388223082353276,5.8729165001157115,2,Mammalian
21.67,20.00057787457544,15.495198129778421,9.564343357789763,4.605472526973993,4.3464251956915465,5.598674414757797,5.001910564057374,2.8502839566285494,1.4463556992403928,2.9928299310759674,3.693302767905711,2.9669989704021966,2.064846739164122,3.1789498394327382,4.478149133266746,4.415121742375854,2.7037502485113896,1.1891698414779575,4.354893992819031,7.408031410844371,9.193028235808802,9.347060949651873,8.076097916840869,6.070855077053469,4.312256384653743,3.5500680816002186,3.4478553188306056,3.4374424400800114,3.7485492268836498,4.578195053303196,5.449924967361844,2,Mammalian
21.759999999999998,20.058966086036556,15.478196837965841,9.480672336973647,4.561054007165306,4.435632014482237,5.6368677714071085,4.951289081256072,2.7616799654678386,1.5144339153706947,3.043926589722911,3.6518304388417593,2.8771577836007713,2.083154711400239,3.2645933246213863,4.49516502814713,4.359013649898334,2.6158800616524975,1.1545834710414782,4.317143328980229,7.326685899679979,9.107221864502371,9.30248001777136,8.093515937796372,6.137094081756735,4.399220950372206,3.639151576068862,3.5123906606481365,3.4221664423895835,3.6600862173980944,4.5314306844339285,5.49660888708643,2,Mammalian
24.91,22.014208063338234,14.594768041712134,6.347473209695303,5.237509257345913,7.467044136745563,6.051181867606314,2.140195871466418,2.763427772735152,4.645940952397447,3.5112851376180116,0.507794148452895,3.5051987528837745,5.230215404988673,4.276151801999335,1.7491442015041267,2.7045332314467863,3.838649795229471,2.2524986650711436,2.841728833093617,7.823103277286193,11.574797921301638,12.445860344187254,10.374095760468268,6.766185553535761,3.611429163504293,1.581658242361238,0.9701305385755492,4.07577398722156,6.6145157827237355,7.041655595354126,4.99426692868236,2,Mammalian
42.84,25.34140165037514,3.229329020950771,9.146858746882662,6.938253730970183,5.014811303235244,6.066569535844397,8.422333613882083,1.545824571734223,3.5950063007860775,2.6471701980735007,1.6229330609472299,2.1362075995010668,3.8463566683748294,4.925859089402727,4.486059001585987,10.182583169314158,3.0582113634805204,7.574286518816919,9.157985323439979,9.251109554352281,6.635837878831969,2.6224297195088897,8.286942982577425,11.087561787580835,11.46622806522142,12.495967277910273,1.806305901229667,10.427838906978003,7.370062217348876,5.477628884972987,4.2178513630178225,2,Mammalian
31.0,26.400767295008286,15.156365397315819,3.3444319839487457,4.384129658606137,5.264517554293372,3.002641077437626,4.055997513696251,5.305815107184629,4.964238556450971,4.292373755749092,3.548334993033446,2.952391019492269,2.5864495636544973,1.0159714131630158,2.070979934131073,5.358507254823865,7.305106072716047,7.233964284136644,5.468112031000256,3.1573922113648307,2.661805803288367,3.068240798834769,1.6351970666701003,1.6130486813395797,4.702516653377309,6.018597440952176,5.2716702489427805,4.066358177554473,3.792558388024989,3.3630058149948274,2.3114070204140456,0,E_coli
31.0,26.400767295008286,15.156365397315819,3.3444319839487457,4.384129658606137,5.264517554293372,3.002641077437626,4.055997513696251,5.305815107184629,4.964238556450971,4.292373755749092,3.548334993033446,2.952391019492269,2.5864495636544973,1.0159714131630158,2.070979934131073,5.358507254823865,7.305106072716047,7.233964284136644,5.468112031000256,3.1573922113648307,2.661805803288367,3.068240798834769,1.6351970666701003,1.6130486813395797,4.702516653377309,6.018597440952176,5.2716702489427805,4.066358177554473,3.792558388024989,3.3630058149948274,2.3114070204140456,0,Mammalian
31.0,26.400767295008286,15.156365397315819,3.3444319839487457,4.384129658606137,5.264517554293372,3.002641077437626,4.055997513696251,5.305815107184629,4.964238556450971,4.292373755749092,3.548334993033446,2.952391019492269,2.5864495636544973,1.0159714131630158,2.070979934131073,5.358507254823865,7.305106072716047,7.233964284136644,5.468112031000256,3.1573922113648307,2.661805803288367,3.068240798834769,1.6351970666701003,1.6130486813395797,4.702516653377309,6.018597440952176,5.2716702489427805,4.066358177554473,3.792558388024989,3.3630058149948274,2.3114070204140456,1,Yeast
2.4,2.3964901518985053,2.3859978363418732,2.3686343989409,2.3445842817168963,2.314103326949716,2.2775164114609434,2.2352144183600506,2.1876505525669896,2.1353360036043516,2.0788349537545945,2.018758921348124,1.9557604176131802,1.8905258816687973,1.8237678433672573,1.7562162509033317,1.6886088949191285,1.6216808719698763,1.5561530700753314,1.4927197431658075,1.4320353854863292,1.3747013318908896,1.3212527905665075,1.2721473285719214,1.2277561076424524,1.1883593017575382,1.1541469984340877,1.125226402896337,1.1016353251138074,1.0833608555127439,1.0703610610287364,1.0625867406492264,0,Mammalian
2.4,2.3964901518985053,2.3859978363418732,2.3686343989409,2.3445842817168963,2.314103326949716,2.2775164114609434,2.2352144183600506,2.1876505525669896,2.1353360036043516,2.0788349537545945,2.018758921348124,1.9557604176131802,1.8905258816687973,1.8237678433672573,1.7562162509033317,1.6886088949191285,1.6216808719698763,1.5561530700753314,1.4927197431658075,1.4320353854863292,1.3747013318908896,1.3212527905665075,1.2721473285719214,1.2277561076424524,1.1883593017575382,1.1541469984340877,1.125226402896337,1.1016353251138074,1.0833608555127439,1.0703610610287364,1.0625867406492264,1,Yeast
2.4,2.3964901518985053,2.3859978363418732,2.3686343989409,2.3445842817168963,2.314103326949716,2.2775164114609434,2.2352144183600506,2.1876505525669896,2.1353360036043516,2.0788349537545945,2.018758921348124,1.9557604176131802,1.8905258816687973,1.8237678433672573,1.7562162509033317,1.6886088949191285,1.6216808719698763,1.5561530700753314,1.4927197431658075,1.4320353854863292,1.3747013318908896,1.3212527905665075,1.2721473285719214,1.2277561076424524,1.1883593017575382,1.1541469984340877,1.125226402896337,1.1016353251138074,1.0833608555127439,1.0703610610287364,1.0625867406492264,0,E_coli
25.61,22.45922145159693,14.222454004040468,4.143626995326353,5.002436638249432,9.201112924799661,8.576147727800622,5.0671086690455285,4.543228186438284,6.897981016449063,6.750982028080374,3.748888430906356,2.184809893722201,5.440535069221343,6.737931989853574,5.303676629403926,2.3247580519271245,2.1376766731287704,3.6092191964956575,3.0578257458918787,0.7631638075649272,2.1835915699463735,4.278292979983016,4.978780720147348,4.862641015533915,5.285595030219848,6.287078724001051,6.716686658232228,6.042930945444959,4.60222444863619,3.254042639214453,2.7396331460246937,0,E_coli
25.61,22.45922145159693,14.222454004040468,4.143626995326353,5.002436638249432,9.201112924799661,8.576147727800622,5.0671086690455285,4.543228186438284,6.897981016449063,6.750982028080374,3.748888430906356,2.184809893722201,5.440535069221343,6.737931989853574,5.303676629403926,2.3247580519271245,2.1376766731287704,3.6092191964956575,3.0578257458918787,0.7631638075649272,2.1835915699463735,4.278292979983016,4.978780720147348,4.862641015533915,5.285595030219848,6.287078724001051,6.716686658232228,6.042930945444959,4.60222444863619,3.254042639214453,2.7396331460246937,1,Yeast
25.61,22.45922145159693,14.222454004040468,4.143626995326353,5.002436638249432,9.201112924799661,8.576147727800622,5.0671086690455285,4.543228186438284,6.897981016449063,6.750982028080374,3.748888430906356,2.184809893722201,5.440535069221343,6.737931989853574,5.303676629403926,2.3247580519271245,2.1376766731287704,3.6092191964956575,3.0578257458918787,0.7631638075649272,2.1835915699463735,4.278292979983016,4.978780720147348,4.862641015533915,5.285595030219848,6.287078724001051,6.716686658232228,6.042930945444959,4.60222444863619,3.254042639214453,2.7396331460246937,0,Mammalian
16.06,14.670989446628209,10.94556945152818,6.09416377404423,2.252749221285777,3.1839378169253725,4.236512144819036,3.666355671414161,2.426445074064194,2.2498554829765367,2.6553173986915546,2.2186789992479192,1.3608135584830743,2.3214902748329007,3.6924498741571266,4.053767454469245,3.2326150404896654,2.1842510173955576,2.783345786069448,3.8159962199908857,3.814793516414492,2.7492425414320865,2.0646054242951757,3.0532804129292233,3.6440587677134966,2.784650293097693,1.619595995304549,4.105125342036038,7.140634273799977,8.905002539390434,8.800231653584508,7.2902840622879825,1,Yeast
16.06,14.670989446628209,10.94556945152818,6.09416377404423,2.252749221285777,3.1839378169253725,4.236512144819036,3.666355671414161,2.426445074064194,2.2498554829765367,2.6553173986915546,2.2186789992479192,1.3608135584830743,2.3214902748329007,3.6924498741571266,4.053767454469245,3.2326150404896654,2.1842510173955576,2.783345786069448,3.8159962199908857,3.814793516414492,2.7492425414320865,2.0646054242951757,3.0532804129292233,3.6440587677134966,2.784650293097693,1.619595995304549,4.105125342036038,7.140634273799977,8.905002539390434,8.800231653584508,7.2902840622879825,0,E_coli
16.06,14.670989446628209,10.94556945152818,6.09416377404423,2.252749221285777,3.1839378169253725,4.236512144819036,3.666355671414161,2.426445074064194,2.2498554829765367,2.6553173986915546,2.2186789992479192,1.3608135584830743,2.3214902748329007,3.6924498741571266,4.053767454469245,3.2326150404896654,2.1842510173955576,2.783345786069448,3.8159962199908857,3.814793516414492,2.7492425414320865,2.0646054242951757,3.0532804129292233,3.6440587677134966,2.784650293097693,1.619595995304549,4.105125342036038,7.140634273799977,8.905002539390434,8.800231653584508,7.2902840622879825,0,Mammalian
8.56,7.99296889416063,6.398403911553947,4.073354566932725,1.443333493913819,1.0328812609768232,2.936217427475927,3.998398337209704,4.126423143352045,3.4177795163726894,2.1263610833557482,0.609709204660532,0.8666591639426002,1.8954960457461292,2.3954349526977525,2.3800850020062785,2.0591260281974004,1.8173042281540381,1.9245538375944051,2.1469816760651925,2.126799464559086,1.7196292932160417,1.1025110113353365,1.267104258325459,2.385588405825413,3.594233598314988,4.539987146037271,5.033946617114244,4.979880958060345,4.368573512263134,3.2742347569597436,1.8657852330621585,1,Yeast
8.56,7.99296889416063,6.398403911553947,4.073354566932725,1.443333493913819,1.0328812609768232,2.936217427475927,3.998398337209704,4.126423143352045,3.4177795163726894,2.1263610833557482,0.609709204660532,0.8666591639426002,1.8954960457461292,2.3954349526977525,2.3800850020062785,2.0591260281974004,1.8173042281540381,1.9245538375944051,2.1469816760651925,2.126799464559086,1.7196292932160417,1.1025110113353365,1.267104258325459,2.385588405825413,3.594233598314988,4.539987146037271,5.033946617114244,4.979880958060345,4.368573512263134,3.2742347569597436,1.8657852330621585,0,Mammalian
8.56,7.99296889416063,6.398403911553947,4.073354566932725,1.443333493913819,1.0328812609768232,2.936217427475927,3.998398337209704,4.126423143352045,3.4177795163726894,2.1263610833557482,0.609709204660532,0.8666591639426002,1.8954960457461292,2.3954349526977525,2.3800850020062785,2.0591260281974004,1.8173042281540381,1.9245538375944051,2.1469816760651925,2.126799464559086,1.7196292932160417,1.1025110113353365,1.267104258325459,2.385588405825413,3.594233598314988,4.539987146037271,5.033946617114244,4.979880958060345,4.368573512263134,3.2742347569597436,1.8657852330621585,0,E_coli
27.189999999999998,25.48375490538847,20.764744160427707,14.143186917572654,7.283467795196952,3.363505150959028,5.326924911680736,6.716582097129067,6.043226312422622,3.890126293952259,1.444296238264953,1.5394928150651097,2.4259645168362836,2.07362958631918,0.7912430978584387,1.6376599024132144,3.426207816230651,4.54408923224871,4.698755607767803,3.9855109762336265,2.7861507065063327,1.6119789146790193,0.9394170643385681,0.9324024123953515,1.361916200374631,2.0267908071652423,2.5957182085155233,2.7476754280706897,2.3444311207656368,1.485736211722942,0.4676023665516949,0.3632618115578069,0,Mammalian
27.189999999999998,25.48375490538847,20.764744160427707,14.143186917572654,7.283467795196952,3.363505150959028,5.326924911680736,6.716582097129067,6.043226312422622,3.890126293952259,1.444296238264953,1.5394928150651097,2.4259645168362836,2.07362958631918,0.7912430978584387,1.6376599024132144,3.426207816230651,4.54408923224871,4.698755607767803,3.9855109762336265,2.7861507065063327,1.6119789146790193,0.9394170643385681,0.9324024123953515,1.361916200374631,2.0267908071652423,2.5957182085155233,2.7476754280706897,2.3444311207656368,1.485736211722942,0.4676023665516949,0.3632618115578069,1,Yeast
27.189999999999998,25.48375490538847,20.764744160427707,14.143186917572654,7.283467795196952,3.363505150959028,5.326924911680736,6.716582097129067,6.043226312422622,3.890126293952259,1.444296238264953,1.5394928150651097,2.4259645168362836,2.07362958631918,0.7912430978584387,1.6376599024132144,3.426207816230651,4.54408923224871,4.698755607767803,3.9855109762336265,2.7861507065063327,1.6119789146790193,0.9394170643385681,0.9324024123953515,1.361916200374631,2.0267908071652423,2.5957182085155233,2.7476754280706897,2.3444311207656368,1.485736211722942,0.4676023665516949,0.3632618115578069,0,E_coli
27.189999999999998,25.402498623769397,20.473947091234024,13.599799713546897,6.527326899991353,2.760067980619448,5.113624470006423,6.193098323833591,5.065763888948376,2.5455962730937483,0.7827696360259542,2.5518297955266966,3.197931259387401,2.5622010987094255,2.1175766938611122,3.6190020880518694,5.330938003766318,6.1005789683283345,5.64221264164077,4.201418303024555,2.3962065525323295,1.1111514563168694,0.962583093107548,0.6860721104257523,0.522911294032386,1.7643254545238485,2.8909273275290417,3.3863202716488967,3.062455445958899,2.062412641159574,0.7955409542894648,0.2902341133631043,0,Mammalian
27.189999999999998,25.402498623769397,20.473947091234024,13.599799713546897,6.527326899991353,2.760067980619448,5.113624470006423,6.193098323833591,5.065763888948376,2.5455962730937483,0.7827696360259542,2.5518297955266966,3.197931259387401,2.5622010987094255,2.1175766938611122,3.6190020880518694,5.330938003766318,6.1005789683283345,5.64221264164077,4.201418303024555,2.3962065525323295,1.1111514563168694,0.962583093107548,0.6860721104257523,0.522911294032386,1.7643254545238485,2.8909273275290417,3.3863202716488967,3.062455445958899,2.062412641159574,0.7955409542894648,0.2902341133631043,0,E_coli
27.189999999999998,25.402498623769397,20.473947091234024,13.599799713546897,6.527326899991353,2.760067980619448,5.113624470006423,6.193098323833591,5.065763888948376,2.5455962730937483,0.7827696360259542,2.5518297955266966,3.197931259387401,2.5622010987094255,2.1175766938611122,3.6190020880518694,5.330938003766318,6.1005789683283345,5.64221264164077,4.201418303024555,2.3962065525323295,1.1111514563168694,0.962583093107548,0.6860721104257523,0.522911294032386,1.7643254545238485,2.8909273275290417,3.3863202716488967,3.062455445958899,2.062412641159574,0.7955409542894648,0.2902341133631043,1,Yeast
26.59,24.88325836285198,20.158749377349437,13.50891571894485,6.530791541391541,2.5376966512248327,5.183723222324919,6.730070885482852,6.1464811605667,4.225676719174441,2.6432351029277807,3.097417746889408,3.793041134326652,3.443036713627691,2.1297697571975776,0.9454357777574197,1.963899182748443,2.8882539675121968,2.938020232906629,2.2411584050263977,1.488915091080821,1.7406929723807822,2.376553325034285,2.599184044496935,2.343537783522733,1.8603766954742575,1.4241284052764374,1.0935352005850734,1.040159914506651,1.7067390034673575,2.718660655010938,3.551879708731272,0,E_coli
26.59,24.88325836285198,20.158749377349437,13.50891571894485,6.530791541391541,2.5376966512248327,5.183723222324919,6.730070885482852,6.1464811605667,4.225676719174441,2.6432351029277807,3.097417746889408,3.793041134326652,3.443036713627691,2.1297697571975776,0.9454357777574197,1.963899182748443,2.8882539675121968,2.938020232906629,2.2411584050263977,1.488915091080821,1.7406929723807822,2.376553325034285,2.599184044496935,2.343537783522733,1.8603766954742575,1.4241284052764374,1.0935352005850734,1.040159914506651,1.7067390034673575,2.718660655010938,3.551879708731272,1,Yeast
26.59,24.88325836285198,20.158749377349437,13.50891571894485,6.530791541391541,2.5376966512248327,5.183723222324919,6.730070885482852,6.1464811605667,4.225676719174441,2.6432351029277807,3.097417746889408,3.793041134326652,3.443036713627691,2.1297697571975776,0.9454357777574197,1.963899182748443,2.8882539675121968,2.938020232906629,2.2411584050263977,1.488915091080821,1.7406929723807822,2.376553325034285,2.599184044496935,2.343537783522733,1.8603766954742575,1.4241284052764374,1.0935352005850734,1.040159914506651,1.7067390034673575,2.718660655010938,3.551879708731272,0,Mammalian
26.89,25.110141539525316,20.196373351950186,13.319319065349688,6.174428331684025,2.454638475734211,5.294769506653991,6.621793578870605,5.763722992575197,3.6541255626403553,2.1927282893173556,2.8662010370929685,3.3045365417780426,2.5492554985055995,1.082592094810204,1.685610667965831,3.150698335290131,3.7438651220728723,3.3076121374321983,2.2928616975677856,1.8524995539132056,2.3894840791447836,2.648349115018144,2.112878393883246,0.9792329982491412,0.7741340291336749,1.7356626034887366,2.1391017166724025,2.1292999844321154,2.6435297284102863,3.9101509620051496,5.100243440944771,0,E_coli
26.89,25.110141539525316,20.196373351950186,13.319319065349688,6.174428331684025,2.454638475734211,5.294769506653991,6.621793578870605,5.763722992575197,3.6541255626403553,2.1927282893173556,2.8662010370929685,3.3045365417780426,2.5492554985055995,1.082592094810204,1.685610667965831,3.150698335290131,3.7438651220728723,3.3076121374321983,2.2928616975677856,1.8524995539132056,2.3894840791447836,2.648349115018144,2.112878393883246,0.9792329982491412,0.7741340291336749,1.7356626034887366,2.1391017166724025,2.1292999844321154,2.6435297284102863,3.9101509620051496,5.100243440944771,1,Yeast
26.89,25.110141539525316,20.196373351950186,13.319319065349688,6.174428331684025,2.454638475734211,5.294769506653991,6.621793578870605,5.763722992575197,3.6541255626403553,2.1927282893173556,2.8662010370929685,3.3045365417780426,2.5492554985055995,1.082592094810204,1.685610667965831,3.150698335290131,3.7438651220728723,3.3076121374321983,2.2928616975677856,1.8524995539132056,2.3894840791447836,2.648349115018144,2.112878393883246,0.9792329982491412,0.7741340291336749,1.7356626034887366,2.1391017166724025,2.1292999844321154,2.6435297284102863,3.9101509620051496,5.100243440944771,0,Mammalian
28.09,26.23660742339426,21.123827992621013,13.993392818781684,6.735037378864979,3.516788722378278,6.196690326689291,7.517914438104612,6.620990942139641,4.430912245459327,2.814581362868896,3.2569465338438928,3.689208284904094,2.9366085187343445,1.3003007150343582,1.454475369710527,3.0735809733924375,3.8521331240056496,3.5723469149461438,2.6669450914403763,2.245583318876219,2.79333072727451,3.1966063367270667,2.8497727123948704,1.8258912739001747,0.628785203061809,0.734218471434047,1.1048680997437514,1.0215523940902054,1.5628680587400725,2.8286460398969253,3.9396202812275996,1,Yeast
28.09,26.23660742339426,21.123827992621013,13.993392818781684,6.735037378864979,3.516788722378278,6.196690326689291,7.517914438104612,6.620990942139641,4.430912245459327,2.814581362868896,3.2569465338438928,3.689208284904094,2.9366085187343445,1.3003007150343582,1.454475369710527,3.0735809733924375,3.8521331240056496,3.5723469149461438,2.6669450914403763,2.245583318876219,2.79333072727451,3.1966063367270667,2.8497727123948704,1.8258912739001747,0.628785203061809,0.734218471434047,1.1048680997437514,1.0215523940902054,1.5628680587400725,2.8286460398969253,3.9396202812275996,0,Mammalian
28.09,26.23660742339426,21.123827992621013,13.993392818781684,6.735037378864979,3.516788722378278,6.196690326689291,7.517914438104612,6.620990942139641,4.430912245459327,2.814581362868896,3.2569465338438928,3.689208284904094,2.9366085187343445,1.3003007150343582,1.454475369710527,3.0735809733924375,3.8521331240056496,3.5723469149461438,2.6669450914403763,2.245583318876219,2.79333072727451,3.1966063367270667,2.8497727123948704,1.8258912739001747,0.628785203061809,0.734218471434047,1.1048680997437514,1.0215523940902054,1.5628680587400725,2.8286460398969253,3.9396202812275996,0,E_coli
28.79,27.00901391098721,22.093301342159197,15.217648958790326,8.062364962646226,3.1634229455823766,4.145312341713899,5.208708426457778,4.236365916622349,1.903687579060191,1.1464839414006993,3.031518739324672,3.696569050978439,2.961853952074145,1.3919606006344267,1.4897423230241778,2.932047066470797,3.5367603812051214,3.039527025114713,1.7037409064768758,0.09624164688647317,1.1769598056460209,1.6604834121282905,1.3276952947840908,1.052902569319921,1.9766553260518884,2.8857765463127,3.0733045458590125,2.4489969387174555,1.6499210110626517,2.14914068384751,3.2159560830257394,1,Yeast
28.79,27.00901391098721,22.093301342159197,15.217648958790326,8.062364962646226,3.1634229455823766,4.145312341713899,5.208708426457778,4.236365916622349,1.903687579060191,1.1464839414006993,3.031518739324672,3.696569050978439,2.961853952074145,1.3919606006344267,1.4897423230241778,2.932047066470797,3.5367603812051214,3.039527025114713,1.7037409064768758,0.09624164688647317,1.1769598056460209,1.6604834121282905,1.3276952947840908,1.052902569319921,1.9766553260518884,2.8857765463127,3.0733045458590125,2.4489969387174555,1.6499210110626517,2.14914068384751,3.2159560830257394,0,Mammalian
28.79,27.00901391098721,22.093301342159197,15.217648958790326,8.062364962646226,3.1634229455823766,4.145312341713899,5.208708426457778,4.236365916622349,1.903687579060191,1.1464839414006993,3.031518739324672,3.696569050978439,2.961853952074145,1.3919606006344267,1.4897423230241778,2.932047066470797,3.5367603812051214,3.039527025114713,1.7037409064768758,0.09624164688647317,1.1769598056460209,1.6604834121282905,1.3276952947840908,1.052902569319921,1.9766553260518884,2.8857765463127,3.0733045458590125,2.4489969387174555,1.6499210110626517,2.14914068384751,3.2159560830257394,0,E_coli
29.99,28.13624361899539,23.023311052836352,15.892934035054113,8.578018124646624,4.048140698712861,5.137528177070634,6.141228120229104,5.089579010122026,2.6601099469339813,1.3491603929392946,3.08369532109338,3.8744568493991274,3.214916872296329,1.6068178321379947,1.444844278757306,2.979412693803932,3.7316357097878528,3.3444912754593794,2.0484775077367674,0.5259747285825526,1.1852322129977249,1.8313223745396583,1.6098239134926902,0.907516115408036,1.271379435843863,2.1680527782855186,2.475444143543603,1.9623301863526263,0.8799299291721921,0.9833812597619297,2.0424274578442354,0,E_coli
29.99,28.13624361899539,23.023311052836352,15.892934035054113,8.578018124646624,4.048140698712861,5.137528177070634,6.141228120229104,5.089579010122026,2.6601099469339813,1.3491603929392946,3.08369532109338,3.8744568493991274,3.214916872296329,1.6068178321379947,1.444844278757306,2.979412693803932,3.7316357097878528,3.3444912754593794,2.0484775077367674,0.5259747285825526,1.1852322129977249,1.8313223745396583,1.6098239134926902,0.907516115408036,1.271379435843863,2.1680527782855186,2.475444143543603,1.9623301863526263,0.8799299291721921,0.9833812597619297,2.0424274578442354,1,Yeast
29.99,28.13624361899539,23.023311052836352,15.892934035054113,8.578018124646624,4.048140698712861,5.137528177070634,6.141228120229104,5.089579010122026,2.6601099469339813,1.3491603929392946,3.08369532109338,3.8744568493991274,3.214916872296329,1.6068178321379947,1.444844278757306,2.979412693803932,3.7316357097878528,3.3444912754593794,2.0484775077367674,0.5259747285825526,1.1852322129977249,1.8313223745396583,1.6098239134926902,0.907516115408036,1.271379435843863,2.1680527782855186,2.475444143543603,1.9623301863526263,0.8799299291721921,0.9833812597619297,2.0424274578442354,0,Mammalian
28.189999999999998,26.4851791466644,21.769409339416953,15.146387380380341,8.230980660583747,3.581450056118973,4.526478251457433,5.7304326486286055,4.979830509482252,2.7633740767385753,0.6658793429024763,2.4509973100010005,3.534870525904404,3.2824278401189813,2.03562019477133,1.267885224568161,2.461077000014425,3.437947439076914,3.5213854921622585,2.7591388435337043,1.5210594143291472,0.3452891117525225,0.575783086421835,0.7414511548311664,0.4203428324947778,0.5227593078440307,1.0383155574803722,1.1780823454456995,0.771508903558061,0.17686640505313192,1.1431909864050684,1.959173628967954,0,Mammalian
28.189999999999998,26.4851791466644,21.769409339416953,15.146387380380341,8.230980660583747,3.581450056118973,4.526478251457433,5.7304326486286055,4.979830509482252,2.7633740767385753,0.6658793429024763,2.4509973100010005,3.534870525904404,3.2824278401189813,2.03562019477133,1.267885224568161,2.461077000014425,3.437947439076914,3.5213854921622585,2.7591388435337043,1.5210594143291472,0.3452891117525225,0.575783086421835,0.7414511548311664,0.4203428324947778,0.5227593078440307,1.0383155574803722,1.1780823454456995,0.771508903558061,0.17686640505313192,1.1431909864050684,1.959173628967954,1,Yeast
28.189999999999998,26.4851791466644,21.769409339416953,15.146387380380341,8.230980660583747,3.581450056118973,4.526478251457433,5.7304326486286055,4.979830509482252,2.7633740767385753,0.6658793429024763,2.4509973100010005,3.534870525904404,3.2824278401189813,2.03562019477133,1.267885224568161,2.461077000014425,3.437947439076914,3.5213854921622585,2.7591388435337043,1.5210594143291472,0.3452891117525225,0.575783086421835,0.7414511548311664,0.4203428324947778,0.5227593078440307,1.0383155574803722,1.1780823454456995,0.771508903558061,0.17686640505313192,1.1431909864050684,1.959173628967954,0,E_coli
28.189999999999998,26.439905990522117,21.610372523990655,14.858539735044493,7.842895532811566,3.109254936178353,4.159953606990096,5.206047926888049,4.247007919310354,1.9114987498446459,0.7478020952259222,2.701269725583961,3.3622489723593083,2.6764459477514952,1.298858678698842,1.6477726641753876,2.9320470664707967,3.3685189578319132,2.730386586650607,1.3126947504191564,0.5028343413066623,1.6910381196803503,2.146772714748777,1.8087844695009805,1.4485591922027679,2.1229414702644243,2.929253572026642,3.055218577967788,2.4175667797345017,1.8318005173788638,2.626056555103554,3.7891200531297655,1,Yeast
28.189999999999998,26.439905990522117,21.610372523990655,14.858539735044493,7.842895532811566,3.109254936178353,4.159953606990096,5.206047926888049,4.247007919310354,1.9114987498446459,0.7478020952259222,2.701269725583961,3.3622489723593083,2.6764459477514952,1.298858678698842,1.6477726641753876,2.9320470664707967,3.3685189578319132,2.730386586650607,1.3126947504191564,0.5028343413066623,1.6910381196803503,2.146772714748777,1.8087844695009805,1.4485591922027679,2.1229414702644243,2.929253572026642,3.055218577967788,2.4175667797345017,1.8318005173788638,2.626056555103554,3.7891200531297655,0,E_coli
28.189999999999998,26.439905990522117,21.610372523990655,14.858539735044493,7.842895532811566,3.109254936178353,4.159953606990096,5.206047926888049,4.247007919310354,1.9114987498446459,0.7478020952259222,2.701269725583961,3.3622489723593083,2.6764459477514952,1.298858678698842,1.6477726641753876,2.9320470664707967,3.3685189578319132,2.730386586650607,1.3126947504191564,0.5028343413066623,1.6910381196803503,2.146772714748777,1.8087844695009805,1.4485591922027679,2.1229414702644243,2.929253572026642,3.055218577967788,2.4175667797345017,1.8318005173788638,2.626056555103554,3.7891200531297655,0,Mammalian
28.490000000000002,26.687956179513904,21.7185453962505,14.78386636243399,7.617182647935456,3.0444140089591385,4.455164566323882,5.425148133922573,4.2599125641288165,1.7339159965150608,1.5378290968297494,3.5941004988832552,4.332848330157003,3.654242354811616,2.3841846135252984,2.5894415695044164,3.9121477477211934,4.559031217785866,4.0577360438620085,2.613564730321149,0.9226501327568315,1.206745854770134,1.9990718531375515,1.922850248972797,1.173262522190769,0.8855959137312894,1.6171453180679303,1.936743704260577,1.4760997894351433,0.40747724249764006,1.0613062235465445,2.151398292413445,1,Yeast
28.490000000000002,26.687956179513904,21.7185453962505,14.78386636243399,7.617182647935456,3.0444140089591385,4.455164566323882,5.425148133922573,4.2599125641288165,1.7339159965150608,1.5378290968297494,3.5941004988832552,4.332848330157003,3.654242354811616,2.3841846135252984,2.5894415695044164,3.9121477477211934,4.559031217785866,4.0577360438620085,2.613564730321149,0.9226501327568315,1.206745854770134,1.9990718531375515,1.922850248972797,1.173262522190769,0.8855959137312894,1.6171453180679303,1.936743704260577,1.4760997894351433,0.40747724249764006,1.0613062235465445,2.151398292413445,0,Mammalian
28.490000000000002,26.687956179513904,21.7185453962505,14.78386636243399,7.617182647935456,3.0444140089591385,4.455164566323882,5.425148133922573,4.2599125641288165,1.7339159965150608,1.5378290968297494,3.5941004988832552,4.332848330157003,3.654242354811616,2.3841846135252984,2.5894415695044164,3.9121477477211934,4.559031217785866,4.0577360438620085,2.613564730321149,0.9226501327568315,1.206745854770134,1.9990718531375515,1.922850248972797,1.173262522190769,0.8855959137312894,1.6171453180679303,1.936743704260577,1.4760997894351433,0.40747724249764006,1.0613062235465445,2.151398292413445,0,E_coli
29.689999999999998,27.841005001136182,22.74391055557129,15.6479257336151,8.42034242375419,4.190679668000358,5.437148016217716,6.404349586578671,5.29582217079117,2.760285405231094,1.0516970606146938,2.88389269905208,3.75702751604592,3.187437486976349,1.7547549279231285,1.691292526982399,3.0735809733924375,3.7421653831853265,3.2885097742059894,1.922810513073566,0.2356753450615253,1.3094300332732756,2.035776162662316,1.8766676550834618,1.1956870557786854,1.2452572858760917,1.9803804502053806,2.2240630137991637,1.673390224104742,0.6087399499186947,1.2108404843200933,2.33279948643534,0,Mammalian
29.689999999999998,27.841005001136182,22.74391055557129,15.6479257336151,8.42034242375419,4.190679668000358,5.437148016217716,6.404349586578671,5.29582217079117,2.760285405231094,1.0516970606146938,2.88389269905208,3.75702751604592,3.187437486976349,1.7547549279231285,1.691292526982399,3.0735809733924375,3.7421653831853265,3.2885097742059894,1.922810513073566,0.2356753450615253,1.3094300332732756,2.035776162662316,1.8766676550834618,1.1956870557786854,1.2452572858760917,1.9803804502053806,2.2240630137991637,1.673390224104742,0.6087399499186947,1.2108404843200933,2.33279948643534,1,Yeast
29.689999999999998,27.841005001136182,22.74391055557129,15.6479257336151,8.42034242375419,4.190679668000358,5.437148016217716,6.404349586578671,5.29582217079117,2.760285405231094,1.0516970606146938,2.88389269905208,3.75702751604592,3.187437486976349,1.7547549279231285,1.691292526982399,3.0735809733924375,3.7421653831853265,3.2885097742059894,1.922810513073566,0.2356753450615253,1.3094300332732756,2.035776162662316,1.8766676550834618,1.1956870557786854,1.2452572858760917,1.9803804502053806,2.2240630137991637,1.673390224104742,0.6087399499186947,1.2108404843200933,2.33279948643534,0,E_coli
29.689999999999998,27.847686887642872,22.770778173153175,15.709207689671,8.53070906563172,4.296311173871811,5.380995481087132,6.256214925899345,5.083848948165109,2.504100272337015,1.1774368000781974,3.1891934668929816,4.082758978746223,3.489521224564176,1.8995689963847102,1.3088386673773782,2.691635190734436,3.4333717051340944,3.074117780632341,1.8506683213546067,0.6608788569842656,1.4098220997030233,1.9386251390542766,1.5863571897887816,0.652594722810812,1.1632087092779113,2.2303835116686566,2.6414187499057076,2.209642752891752,1.1794183759967694,0.8595062904191986,1.7660709172304738,0,Mammalian
29.689999999999998,27.847686887642872,22.770778173153175,15.709207689671,8.53070906563172,4.296311173871811,5.380995481087132,6.256214925899345,5.083848948165109,2.504100272337015,1.1774368000781974,3.1891934668929816,4.082758978746223,3.489521224564176,1.8995689963847102,1.3088386673773782,2.691635190734436,3.4333717051340944,3.074117780632341,1.8506683213546067,0.6608788569842656,1.4098220997030233,1.9386251390542766,1.5863571897887816,0.652594722810812,1.1632087092779113,2.2303835116686566,2.6414187499057076,2.209642752891752,1.1794183759967694,0.8595062904191986,1.7660709172304738,0,E_coli
29.689999999999998,27.847686887642872,22.770778173153175,15.709207689671,8.53070906563172,4.296311173871811,5.380995481087132,6.256214925899345,5.083848948165109,2.504100272337015,1.1774368000781974,3.1891934668929816,4.082758978746223,3.489521224564176,1.8995689963847102,1.3088386673773782,2.691635190734436,3.4333717051340944,3.074117780632341,1.8506683213546067,0.6608788569842656,1.4098220997030233,1.9386251390542766,1.5863571897887816,0.652594722810812,1.1632087092779113,2.2303835116686566,2.6414187499057076,2.209642752891752,1.1794183759967694,0.8595062904191986,1.7660709172304738,1,Yeast
23.49,21.908489598428798,17.53300319276156,11.381274390627732,4.95704791467981,2.4173432966339155,5.562466517323998,7.028922513202569,6.457676505337186,4.517281338644533,2.1971049194722796,0.7686961939871604,1.0586776034362593,1.0122451560025039,1.5367217605366292,2.934303395171776,4.15053008662749,4.612210180857981,4.17521303368195,3.131729306710887,2.2387572339142157,2.2514159943841583,2.5473043687174535,2.357077129806488,1.6179660541606231,0.7744504157896699,0.8624011417494618,1.1928306681733878,0.9838921440624341,0.26309482015940294,0.6892621685402821,1.469401284916407,0,E_coli
23.49,21.908489598428798,17.53300319276156,11.381274390627732,4.95704791467981,2.4173432966339155,5.562466517323998,7.028922513202569,6.457676505337186,4.517281338644533,2.1971049194722796,0.7686961939871604,1.0586776034362593,1.0122451560025039,1.5367217605366292,2.934303395171776,4.15053008662749,4.612210180857981,4.17521303368195,3.131729306710887,2.2387572339142157,2.2514159943841583,2.5473043687174535,2.357077129806488,1.6179660541606231,0.7744504157896699,0.8624011417494618,1.1928306681733878,0.9838921440624341,0.26309482015940294,0.6892621685402821,1.469401284916407,1,Yeast
23.49,21.908489598428798,17.53300319276156,11.381274390627732,4.95704791467981,2.4173432966339155,5.562466517323998,7.028922513202569,6.457676505337186,4.517281338644533,2.1971049194722796,0.7686961939871604,1.0586776034362593,1.0122451560025039,1.5367217605366292,2.934303395171776,4.15053008662749,4.612210180857981,4.17521303368195,3.131729306710887,2.2387572339142157,2.2514159943841583,2.5473043687174535,2.357077129806488,1.6179660541606231,0.7744504157896699,0.8624011417494618,1.1928306681733878,0.9838921440624341,0.26309482015940294,0.6892621685402821,1.469401284916407,0,Mammalian
18.89,17.424075704988578,13.387740623249915,7.783853003094008,2.328436144046517,3.7843421110737574,6.674355842101128,7.444743508724055,6.333457060991301,4.390551681396555,3.4845940775256388,4.233311269268846,4.754917348119581,4.174688570354737,2.6156730137609943,0.6358955169094668,1.1112605455067683,2.109553476348233,2.1739694880888942,1.4764842386509411,0.5751392279708283,0.8150307006788072,1.1603377129670993,0.877386057849545,0.41799719685594006,1.2969438955455173,2.197394539886566,2.577520519925437,2.2907555531087014,1.4605882948081788,0.42445752479109505,0.44968256740936297,0,E_coli
18.89,17.424075704988578,13.387740623249915,7.783853003094008,2.328436144046517,3.7843421110737574,6.674355842101128,7.444743508724055,6.333457060991301,4.390551681396555,3.4845940775256388,4.233311269268846,4.754917348119581,4.174688570354737,2.6156730137609943,0.6358955169094668,1.1112605455067683,2.109553476348233,2.1739694880888942,1.4764842386509411,0.5751392279708283,0.8150307006788072,1.1603377129670993,0.877386057849545,0.41799719685594006,1.2969438955455173,2.197394539886566,2.577520519925437,2.2907555531087014,1.4605882948081788,0.42445752479109505,0.44968256740936297,0,Mammalian
18.89,17.424075704988578,13.387740623249915,7.783853003094008,2.328436144046517,3.7843421110737574,6.674355842101128,7.444743508724055,6.333457060991301,4.390551681396555,3.4845940775256388,4.233311269268846,4.754917348119581,4.174688570354737,2.6156730137609943,0.6358955169094668,1.1112605455067683,2.109553476348233,2.1739694880888942,1.4764842386509411,0.5751392279708283,0.8150307006788072,1.1603377129670993,0.877386057849545,0.41799719685594006,1.2969438955455173,2.197394539886566,2.577520519925437,2.2907555531087014,1.4605882948081788,0.42445752479109505,0.44968256740936297,1,Yeast
18.689999999999998,17.23349666650229,13.226195926000342,7.677986302758027,2.394923939168161,3.9160911571113086,6.723904346613876,7.4421821834704245,6.302709281635244,4.378562228260016,3.566578254225401,4.368401348989826,4.886701053059685,4.281073669029423,2.686053406255705,0.691426944459239,1.1810588469674155,2.219643623242748,2.329834691663018,1.669084744256951,0.7403624328352507,0.6714492015491705,0.963684053649917,0.6774174310712777,0.3622923007585741,1.3464924408312684,2.210871907709212,2.539478152376543,2.1994443870375275,1.3203280512169393,0.23815348377502352,0.6365653300520406,1,Yeast
18.689999999999998,17.23349666650229,13.226195926000342,7.677986302758027,2.394923939168161,3.9160911571113086,6.723904346613876,7.4421821834704245,6.302709281635244,4.378562228260016,3.566578254225401,4.368401348989826,4.886701053059685,4.281073669029423,2.686053406255705,0.691426944459239,1.1810588469674155,2.219643623242748,2.329834691663018,1.669084744256951,0.7403624328352507,0.6714492015491705,0.963684053649917,0.6774174310712777,0.3622923007585741,1.3464924408312684,2.210871907709212,2.539478152376543,2.1994443870375275,1.3203280512169393,0.23815348377502352,0.6365653300520406,0,Mammalian
18.689999999999998,17.23349666650229,13.226195926000342,7.677986302758027,2.394923939168161,3.9160911571113086,6.723904346613876,7.4421821834704245,6.302709281635244,4.378562228260016,3.566578254225401,4.368401348989826,4.886701053059685,4.281073669029423,2.686053406255705,0.691426944459239,1.1810588469674155,2.219643623242748,2.329834691663018,1.669084744256951,0.7403624328352507,0.6714492015491705,0.963684053649917,0.6774174310712777,0.3622923007585741,1.3464924408312684,2.210871907709212,2.539478152376543,2.1994443870375275,1.3203280512169393,0.23815348377502352,0.6365653300520406,0,E_coli
20.89,19.34033304680789,15.054069291061975,9.019828527091452,2.584793396369794,2.9284804663944946,6.50448986106938,7.759220869258224,6.956868468608253,4.972757069242589,3.2804801937001966,3.2712174903456543,3.7819514859643206,3.5822274714742566,2.740505327766033,2.016750355755203,2.008706051168264,2.020939490256977,1.451302787770793,0.7222353783346671,1.5991469999729147,2.683017922215332,3.1501349394715685,2.8773121972431723,2.2381646745680377,2.1845546955759945,2.938439123102357,3.6041974797485588,3.7077776266077502,3.2301452301613427,2.4113554851012315,1.603809318936639,1,Yeast
20.89,19.34033304680789,15.054069291061975,9.019828527091452,2.584793396369794,2.9284804663944946,6.50448986106938,7.759220869258224,6.956868468608253,4.972757069242589,3.2804801937001966,3.2712174903456543,3.7819514859643206,3.5822274714742566,2.740505327766033,2.016750355755203,2.008706051168264,2.020939490256977,1.451302787770793,0.7222353783346671,1.5991469999729147,2.683017922215332,3.1501349394715685,2.8773121972431723,2.2381646745680377,2.1845546955759945,2.938439123102357,3.6041974797485588,3.7077776266077502,3.2301452301613427,2.4113554851012315,1.603809318936639,0,Mammalian
20.89,19.34033304680789,15.054069291061975,9.019828527091452,2.584793396369794,2.9284804663944946,6.50448986106938,7.759220869258224,6.956868468608253,4.972757069242589,3.2804801937001966,3.2712174903456543,3.7819514859643206,3.5822274714742566,2.740505327766033,2.016750355755203,2.008706051168264,2.020939490256977,1.451302787770793,0.7222353783346671,1.5991469999729147,2.683017922215332,3.1501349394715685,2.8773121972431723,2.2381646745680377,2.1845546955759945,2.938439123102357,3.6041974797485588,3.7077776266077502,3.2301452301613427,2.4113554851012315,1.603809318936639,0,E_coli
18.119999999999997,16.691555886755637,12.771767252573722,7.397650034051227,2.6588702859055675,4.320424221266833,6.895056298926788,7.4643354971893014,6.249457755131554,4.394435922616146,3.84797627785252,4.778446145910622,5.285828273447216,4.61846922640454,2.952494711651127,1.0616210887861464,1.5132085117392116,2.593074113170628,2.8049404277419727,2.225170260140159,1.2674730857504846,0.5305333578723462,0.42089368558648543,0.10814530937111305,0.6680402434180635,1.6202562774237903,2.3443929498198504,2.51655726446208,2.026805428069654,1.0346583741237245,0.37920024071592395,1.192756593862539,0,Mammalian
18.119999999999997,16.691555886755637,12.771767252573722,7.397650034051227,2.6588702859055675,4.320424221266833,6.895056298926788,7.4643354971893014,6.249457755131554,4.394435922616146,3.84797627785252,4.778446145910622,5.285828273447216,4.61846922640454,2.952494711651127,1.0616210887861464,1.5132085117392116,2.593074113170628,2.8049404277419727,2.225170260140159,1.2674730857504846,0.5305333578723462,0.42089368558648543,0.10814530937111305,0.6680402434180635,1.6202562774237903,2.3443929498198504,2.51655726446208,2.026805428069654,1.0346583741237245,0.37920024071592395,1.192756593862539,0,E_coli
18.119999999999997,16.691555886755637,12.771767252573722,7.397650034051227,2.6588702859055675,4.320424221266833,6.895056298926788,7.4643354971893014,6.249457755131554,4.394435922616146,3.84797627785252,4.778446145910622,5.285828273447216,4.61846922640454,2.952494711651127,1.0616210887861464,1.5132085117392116,2.593074113170628,2.8049404277419727,2.225170260140159,1.2674730857504846,0.5305333578723462,0.42089368558648543,0.10814530937111305,0.6680402434180635,1.6202562774237903,2.3443929498198504,2.51655726446208,2.026805428069654,1.0346583741237245,0.37920024071592395,1.192756593862539,1,Yeast
21.189999999999998,19.51184417792286,14.886649132289712,8.426572208738841,1.6398166458797963,4.027130572611075,7.484181348100154,8.386841132623875,7.145793396170613,4.90943642532403,3.5605834706597213,3.9612966845163666,4.219956028955401,3.3618640714476333,1.6504397896751726,0.9814025530995859,2.2988910370002316,2.806836667209594,2.250121555044216,1.2456251431831,1.7805760937072859,2.9579730887150335,3.4468990422584262,3.093256992747923,2.460292002841221,2.654063508359074,3.4914121133221707,3.9350525244255397,3.562824898321078,2.476607523927709,1.1040300923979003,0.11908113630212941,1,Yeast
21.189999999999998,19.51184417792286,14.886649132289712,8.426572208738841,1.6398166458797963,4.027130572611075,7.484181348100154,8.386841132623875,7.145793396170613,4.90943642532403,3.5605834706597213,3.9612966845163666,4.219956028955401,3.3618640714476333,1.6504397896751726,0.9814025530995859,2.2988910370002316,2.806836667209594,2.250121555044216,1.2456251431831,1.7805760937072859,2.9579730887150335,3.4468990422584262,3.093256992747923,2.460292002841221,2.654063508359074,3.4914121133221707,3.9350525244255397,3.562824898321078,2.476607523927709,1.1040300923979003,0.11908113630212941,0,E_coli
21.189999999999998,19.51184417792286,14.886649132289712,8.426572208738841,1.6398166458797963,4.027130572611075,7.484181348100154,8.386841132623875,7.145793396170613,4.90943642532403,3.5605834706597213,3.9612966845163666,4.219956028955401,3.3618640714476333,1.6504397896751726,0.9814025530995859,2.2988910370002316,2.806836667209594,2.250121555044216,1.2456251431831,1.7805760937072859,2.9579730887150335,3.4468990422584262,3.093256992747923,2.460292002841221,2.654063508359074,3.4914121133221707,3.9350525244255397,3.562824898321078,2.476607523927709,1.1040300923979003,0.11908113630212941,0,Mammalian
18.09,16.66308455532356,12.748107220507062,7.383819603703272,2.6754061498950654,4.342734641016304,6.905250243740881,7.466705088309811,6.2480830760308,4.397316971283614,3.8645483718894957,4.8009320424130895,5.3076992911762515,4.637487796240193,2.968887950105043,1.0859077091632994,1.5345683432157722,2.614693796238869,2.8309165929927316,2.254630438251737,1.2962217145080863,0.5390278210789418,0.3944578515321855,0.07847687653404857,0.6934391646117876,1.6388951059432217,2.355035048023955,2.518920612818322,2.021766414398185,1.0262115525218458,0.4078918438524787,1.2223822820220451,0,Mammalian
18.09,16.66308455532356,12.748107220507062,7.383819603703272,2.6754061498950654,4.342734641016304,6.905250243740881,7.466705088309811,6.2480830760308,4.397316971283614,3.8645483718894957,4.8009320424130895,5.3076992911762515,4.637487796240193,2.968887950105043,1.0859077091632994,1.5345683432157722,2.614693796238869,2.8309165929927316,2.254630438251737,1.2962217145080863,0.5390278210789418,0.3944578515321855,0.07847687653404857,0.6934391646117876,1.6388951059432217,2.355035048023955,2.518920612818322,2.021766414398185,1.0262115525218458,0.4078918438524787,1.2223822820220451,0,E_coli
18.09,16.66308455532356,12.748107220507062,7.383819603703272,2.6754061498950654,4.342734641016304,6.905250243740881,7.466705088309811,6.2480830760308,4.397316971283614,3.8645483718894957,4.8009320424130895,5.3076992911762515,4.637487796240193,2.968887950105043,1.0859077091632994,1.5345683432157722,2.614693796238869,2.8309165929927316,2.254630438251737,1.2962217145080863,0.5390278210789418,0.3944578515321855,0.07847687653404857,0.6934391646117876,1.6388951059432217,2.355035048023955,2.518920612818322,2.021766414398185,1.0262115525218458,0.4078918438524787,1.2223822820220451,1,Yeast
21.689999999999998,20.08135662498612,15.62930919692635,9.358482145984174,2.7480947369395223,3.37613766027389,7.126201314838582,8.537841198793359,7.816518009988428,5.859353780058349,4.170183832857794,4.087519785552591,4.63635761170784,4.536450047162049,3.650296472036314,2.4355360448550587,1.5016324450410625,1.014320809123496,0.43181768107110113,0.5423509584619229,1.6165415079265146,2.407302145739426,2.5989361823735817,2.179450924027722,1.6844720833324944,2.071738272656221,2.902114040460384,3.3394877752296224,3.1080793050234,2.305451339806345,1.2663528813500278,0.40785468555843346,0,Mammalian
21.689999999999998,20.08135662498612,15.62930919692635,9.358482145984174,2.7480947369395223,3.37613766027389,7.126201314838582,8.537841198793359,7.816518009988428,5.859353780058349,4.170183832857794,4.087519785552591,4.63635761170784,4.536450047162049,3.650296472036314,2.4355360448550587,1.5016324450410625,1.014320809123496,0.43181768107110113,0.5423509584619229,1.6165415079265146,2.407302145739426,2.5989361823735817,2.179450924027722,1.6844720833324944,2.071738272656221,2.902114040460384,3.3394877752296224,3.1080793050234,2.305451339806345,1.2663528813500278,0.40785468555843346,0,E_coli
21.689999999999998,20.08135662498612,15.62930919692635,9.358482145984174,2.7480947369395223,3.37613766027389,7.126201314838582,8.537841198793359,7.816518009988428,5.859353780058349,4.170183832857794,4.087519785552591,4.63635761170784,4.536450047162049,3.650296472036314,2.4355360448550587,1.5016324450410625,1.014320809123496,0.43181768107110113,0.5423509584619229,1.6165415079265146,2.407302145739426,2.5989361823735817,2.179450924027722,1.6844720833324944,2.071738272656221,2.902114040460384,3.3394877752296224,3.1080793050234,2.305451339806345,1.2663528813500278,0.40785468555843346,1,Yeast
20.99,19.427266870298492,15.104322398581044,9.017130660459529,2.528289796393841,3.0598786668404387,6.674234040667637,7.950822879940764,7.153043095394883,5.173570450720523,3.5192150206687822,3.5420833330007593,4.071901182100572,3.8750688044772765,2.9573390449230335,1.9769278751923816,1.6860901518009057,1.6526381541894979,1.118805724374923,0.327821371198972,1.3986413777671731,2.4203592702247723,2.8125252394989535,2.496519856188596,1.8861003354603356,1.9874380974528085,2.8004223229967127,3.395961909448233,3.385908115270747,2.802709779257938,1.9222191870174947,1.1056886410784315,0,E_coli
20.99,19.427266870298492,15.104322398581044,9.017130660459529,2.528289796393841,3.0598786668404387,6.674234040667637,7.950822879940764,7.153043095394883,5.173570450720523,3.5192150206687822,3.5420833330007593,4.071901182100572,3.8750688044772765,2.9573390449230335,1.9769278751923816,1.6860901518009057,1.6526381541894979,1.118805724374923,0.327821371198972,1.3986413777671731,2.4203592702247723,2.8125252394989535,2.496519856188596,1.8861003354603356,1.9874380974528085,2.8004223229967127,3.395961909448233,3.385908115270747,2.802709779257938,1.9222191870174947,1.1056886410784315,0,Mammalian
20.99,19.427266870298492,15.104322398581044,9.017130660459529,2.528289796393841,3.0598786668404387,6.674234040667637,7.950822879940764,7.153043095394883,5.173570450720523,3.5192150206687822,3.5420833330007593,4.071901182100572,3.8750688044772765,2.9573390449230335,1.9769278751923816,1.6860901518009057,1.6526381541894979,1.118805724374923,0.327821371198972,1.3986413777671731,2.4203592702247723,2.8125252394989535,2.496519856188596,1.8861003354603356,1.9874380974528085,2.8004223229967127,3.395961909448233,3.385908115270747,2.802709779257938,1.9222191870174947,1.1056886410784315,1,Yeast
19.39,18.00129655838609,14.164705221401364,8.782361321404428,3.150680504908301,2.2670406094149747,5.294772329075216,6.408385770209226,5.715749670667808,3.9309608237742597,2.2272648691605674,2.10875220664754,2.7297449660721913,2.9491746099732747,2.937620662831339,3.01437705037522,2.9974822768450187,2.5182966723397877,1.626050353677413,1.4965385769533073,2.61385496242996,3.535359386868034,3.7131856240182084,3.1907997221743187,2.6072218360279256,2.8725615987809108,3.621906766332459,3.9577747973432627,3.538172835175605,2.4791826114920363,1.1790641046436066,0.13352592924144524,0,E_coli
19.39,18.00129655838609,14.164705221401364,8.782361321404428,3.150680504908301,2.2670406094149747,5.294772329075216,6.408385770209226,5.715749670667808,3.9309608237742597,2.2272648691605674,2.10875220664754,2.7297449660721913,2.9491746099732747,2.937620662831339,3.01437705037522,2.9974822768450187,2.5182966723397877,1.626050353677413,1.4965385769533073,2.61385496242996,3.535359386868034,3.7131856240182084,3.1907997221743187,2.6072218360279256,2.8725615987809108,3.621906766332459,3.9577747973432627,3.538172835175605,2.4791826114920363,1.1790641046436066,0.13352592924144524,0,Mammalian
19.39,18.00129655838609,14.164705221401364,8.782361321404428,3.150680504908301,2.2670406094149747,5.294772329075216,6.408385770209226,5.715749670667808,3.9309608237742597,2.2272648691605674,2.10875220664754,2.7297449660721913,2.9491746099732747,2.937620662831339,3.01437705037522,2.9974822768450187,2.5182966723397877,1.626050353677413,1.4965385769533073,2.61385496242996,3.535359386868034,3.7131856240182084,3.1907997221743187,2.6072218360279256,2.8725615987809108,3.621906766332459,3.9577747973432627,3.538172835175605,2.4791826114920363,1.1790641046436066,0.13352592924144524,1,Yeast
21.39,19.773219586041694,15.302692372179227,9.015794526769447,2.363448270906206,3.4866132973804267,7.154357166447984,8.403642559699103,7.512559415425869,5.4525671357086525,3.8657045890869486,4.003167468645979,4.485144296415592,4.075772687394579,2.7660418074351973,1.2834604413293942,1.3360014970051495,1.941911042261931,1.750978725734331,0.8353648847489553,0.8711966220782131,2.0458536153852327,2.7146162404967153,2.6354367783830375,2.036872855554838,1.8081839994907485,2.545724406545014,3.3793907638273453,3.7346766067171964,3.5087944360596754,2.8594299889231656,2.1045610281106737,0,E_coli
21.39,19.773219586041694,15.302692372179227,9.015794526769447,2.363448270906206,3.4866132973804267,7.154357166447984,8.403642559699103,7.512559415425869,5.4525671357086525,3.8657045890869486,4.003167468645979,4.485144296415592,4.075772687394579,2.7660418074351973,1.2834604413293942,1.3360014970051495,1.941911042261931,1.750978725734331,0.8353648847489553,0.8711966220782131,2.0458536153852327,2.7146162404967153,2.6354367783830375,2.036872855554838,1.8081839994907485,2.545724406545014,3.3793907638273453,3.7346766067171964,3.5087944360596754,2.8594299889231656,2.1045610281106737,1,Yeast
21.39,19.773219586041694,15.302692372179227,9.015794526769447,2.363448270906206,3.4866132973804267,7.154357166447984,8.403642559699103,7.512559415425869,5.4525671357086525,3.8657045890869486,4.003167468645979,4.485144296415592,4.075772687394579,2.7660418074351973,1.2834604413293942,1.3360014970051495,1.941911042261931,1.750978725734331,0.8353648847489553,0.8711966220782131,2.0458536153852327,2.7146162404967153,2.6354367783830375,2.036872855554838,1.8081839994907485,2.545724406545014,3.3793907638273453,3.7346766067171964,3.5087944360596754,2.8594299889231656,2.1045610281106737,0,Mammalian
18.619999999999997,17.332344526988894,13.779019155051552,8.812673735056164,3.7055275078174374,2.137949589642904,4.610280059185129,5.641107616828828,5.0647530787592965,3.4768246116353954,1.8028222252653705,1.4567113689889992,2.1698797304333306,2.7898975633916705,3.3375570245025217,3.7527936722283033,3.7269021988777755,3.07643884856392,2.1481418379058965,2.2284788764177192,3.3620441156512113,4.222826879132911,4.288567458293687,3.6823685408829734,3.1544058475722867,3.5075078378329603,4.219780152321483,4.408027406907246,3.7551760556168245,2.4301458827333637,0.9541620925512617,0.672577292274829,1,Yeast
18.619999999999997,17.332344526988894,13.779019155051552,8.812673735056164,3.7055275078174374,2.137949589642904,4.610280059185129,5.641107616828828,5.0647530787592965,3.4768246116353954,1.8028222252653705,1.4567113689889992,2.1698797304333306,2.7898975633916705,3.3375570245025217,3.7527936722283033,3.7269021988777755,3.07643884856392,2.1481418379058965,2.2284788764177192,3.3620441156512113,4.222826879132911,4.288567458293687,3.6823685408829734,3.1544058475722867,3.5075078378329603,4.219780152321483,4.408027406907246,3.7551760556168245,2.4301458827333637,0.9541620925512617,0.672577292274829,0,E_coli
18.619999999999997,17.332344526988894,13.779019155051552,8.812673735056164,3.7055275078174374,2.137949589642904,4.610280059185129,5.641107616828828,5.0647530787592965,3.4768246116353954,1.8028222252653705,1.4567113689889992,2.1698797304333306,2.7898975633916705,3.3375570245025217,3.7527936722283033,3.7269021988777755,3.07643884856392,2.1481418379058965,2.2284788764177192,3.3620441156512113,4.222826879132911,4.288567458293687,3.6823685408829734,3.1544058475722867,3.5075078378329603,4.219780152321483,4.408027406907246,3.7551760556168245,2.4301458827333637,0.9541620925512617,0.672577292274829,0,Mammalian
19.689999999999998,18.31544240467317,14.498592379568445,9.080587990601234,3.233239525322494,2.0375375363748014,5.5259644837512685,7.008689134535745,6.591083223091609,4.951046861851,3.3432785920600345,3.2686492985968014,4.023667680852519,4.234812827525145,3.644376047451221,2.558003948559429,1.5016324450410625,0.9457720886901302,0.7091409712433394,0.44150563655934943,0.8650391892072814,1.5626711951261354,1.9634579312779215,1.8597277326596418,1.3464850338122263,1.1698339648430136,1.9751337476164306,2.909961403063337,3.476948053550829,3.5161414724104767,3.0718635598132984,2.398056133140124,0,Mammalian
19.689999999999998,18.31544240467317,14.498592379568445,9.080587990601234,3.233239525322494,2.0375375363748014,5.5259644837512685,7.008689134535745,6.591083223091609,4.951046861851,3.3432785920600345,3.2686492985968014,4.023667680852519,4.234812827525145,3.644376047451221,2.558003948559429,1.5016324450410625,0.9457720886901302,0.7091409712433394,0.44150563655934943,0.8650391892072814,1.5626711951261354,1.9634579312779215,1.8597277326596418,1.3464850338122263,1.1698339648430136,1.9751337476164306,2.909961403063337,3.476948053550829,3.5161414724104767,3.0718635598132984,2.398056133140124,0,E_coli
19.689999999999998,18.31544240467317,14.498592379568445,9.080587990601234,3.233239525322494,2.0375375363748014,5.5259644837512685,7.008689134535745,6.591083223091609,4.951046861851,3.3432785920600345,3.2686492985968014,4.023667680852519,4.234812827525145,3.644376047451221,2.558003948559429,1.5016324450410625,0.9457720886901302,0.7091409712433394,0.44150563655934943,0.8650391892072814,1.5626711951261354,1.9634579312779215,1.8597277326596418,1.3464850338122263,1.1698339648430136,1.9751337476164306,2.909961403063337,3.476948053550829,3.5161414724104767,3.0718635598132984,2.398056133140124,1,Yeast
21.689999999999998,19.99578757154475,15.324560117875302,8.796803240060717,1.9840785192938375,3.928038434930384,7.470489993345505,8.462448410114922,7.2785020173173525,5.01333092370951,3.4498924584927453,3.6662885303456876,3.918881073404824,3.151222275722757,1.6986869342149387,1.4623939333261815,2.5563450471327225,2.937194561494613,2.3481165552750247,1.5684377607594286,2.2805596367966476,3.453746813564143,3.9441272697659935,3.5885149970435077,2.9186997762543543,2.972878029901641,3.7264620347096957,4.186081472004044,3.87118215856606,2.8503195529032452,1.5316757502525047,0.44691997192990923,1,Yeast
21.689999999999998,19.99578757154475,15.324560117875302,8.796803240060717,1.9840785192938375,3.928038434930384,7.470489993345505,8.462448410114922,7.2785020173173525,5.01333092370951,3.4498924584927453,3.6662885303456876,3.918881073404824,3.151222275722757,1.6986869342149387,1.4623939333261815,2.5563450471327225,2.937194561494613,2.3481165552750247,1.5684377607594286,2.2805596367966476,3.453746813564143,3.9441272697659935,3.5885149970435077,2.9186997762543543,2.972878029901641,3.7264620347096957,4.186081472004044,3.87118215856606,2.8503195529032452,1.5316757502525047,0.44691997192990923,0,E_coli
21.689999999999998,19.99578757154475,15.324560117875302,8.796803240060717,1.9840785192938375,3.928038434930384,7.470489993345505,8.462448410114922,7.2785020173173525,5.01333092370951,3.4498924584927453,3.6662885303456876,3.918881073404824,3.151222275722757,1.6986869342149387,1.4623939333261815,2.5563450471327225,2.937194561494613,2.3481165552750247,1.5684377607594286,2.2805596367966476,3.453746813564143,3.9441272697659935,3.5885149970435077,2.9186997762543543,2.972878029901641,3.7264620347096957,4.186081472004044,3.87118215856606,2.8503195529032452,1.5316757502525047,0.44691997192990923,0,Mammalian
18.92,17.68625273425194,14.242836469227083,9.302860350138236,3.885342568834906,1.3937207107189684,4.789518517414604,6.526520447105028,6.473376694755685,5.138757202683283,3.609927554006759,3.4285989773177716,4.317780287397566,4.811222636465516,4.406451346948038,3.220578775922575,1.6552945357246847,0.2243288437515788,0.8406154279291908,1.2065551628262436,1.0802402082349785,0.960503688513399,1.2178639054081335,1.401866245950731,1.1679872292940336,0.7909848160883268,1.4797592441126892,2.6672917573800436,3.6203270025058263,4.015985387751893,3.781404111397613,3.165546316814476,0,Mammalian
18.92,17.68625273425194,14.242836469227083,9.302860350138236,3.885342568834906,1.3937207107189684,4.789518517414604,6.526520447105028,6.473376694755685,5.138757202683283,3.609927554006759,3.4285989773177716,4.317780287397566,4.811222636465516,4.406451346948038,3.220578775922575,1.6552945357246847,0.2243288437515788,0.8406154279291908,1.2065551628262436,1.0802402082349785,0.960503688513399,1.2178639054081335,1.401866245950731,1.1679872292940336,0.7909848160883268,1.4797592441126892,2.6672917573800436,3.6203270025058263,4.015985387751893,3.781404111397613,3.165546316814476,1,Yeast
18.92,17.68625273425194,14.242836469227083,9.302860350138236,3.885342568834906,1.3937207107189684,4.789518517414604,6.526520447105028,6.473376694755685,5.138757202683283,3.609927554006759,3.4285989773177716,4.317780287397566,4.811222636465516,4.406451346948038,3.220578775922575,1.6552945357246847,0.2243288437515788,0.8406154279291908,1.2065551628262436,1.0802402082349785,0.960503688513399,1.2178639054081335,1.401866245950731,1.1679872292940336,0.7909848160883268,1.4797592441126892,2.6672917573800436,3.6203270025058263,4.015985387751893,3.781404111397613,3.165546316814476,0,E_coli
20.99,19.400770321349054,15.010349968280268,8.845869832757588,2.3038255491264454,3.2514937473931003,6.786239216084791,7.926605496402769,6.980660202965202,4.899619299271112,3.2769302394621946,3.400957279217117,3.839130673205437,3.43822702560744,2.369412610044908,1.6644133743889953,2.03147729497526,2.2384575995892004,1.6881592647423411,0.870185374264713,1.653034012548887,2.7745482562680075,3.248199411187219,2.944629256540149,2.29385769627015,2.3051424000030507,3.079227371407791,3.6665906694404167,3.614158555819311,2.949228171705672,1.979303134459351,1.1102094289111522,1,Yeast
20.99,19.400770321349054,15.010349968280268,8.845869832757588,2.3038255491264454,3.2514937473931003,6.786239216084791,7.926605496402769,6.980660202965202,4.899619299271112,3.2769302394621946,3.400957279217117,3.839130673205437,3.43822702560744,2.369412610044908,1.6644133743889953,2.03147729497526,2.2384575995892004,1.6881592647423411,0.870185374264713,1.653034012548887,2.7745482562680075,3.248199411187219,2.944629256540149,2.29385769627015,2.3051424000030507,3.079227371407791,3.6665906694404167,3.614158555819311,2.949228171705672,1.979303134459351,1.1102094289111522,0,E_coli
20.99,19.400770321349054,15.010349968280268,8.845869832757588,2.3038255491264454,3.2514937473931003,6.786239216084791,7.926605496402769,6.980660202965202,4.899619299271112,3.2769302394621946,3.400957279217117,3.839130673205437,3.43822702560744,2.369412610044908,1.6644133743889953,2.03147729497526,2.2384575995892004,1.6881592647423411,0.870185374264713,1.653034012548887,2.7745482562680075,3.248199411187219,2.944629256540149,2.29385769627015,2.3051424000030507,3.079227371407791,3.6665906694404167,3.614158555819311,2.949228171705672,1.979303134459351,1.1102094289111522,0,Mammalian
18.89,17.66196462537287,14.233622035935989,9.312701576843036,3.911616792460809,1.3712725908712229,4.761040702376157,6.508855467810032,6.470602184400648,5.148263421707719,3.6232324313672795,3.4381720284195447,4.331606018708961,4.834771434663235,4.436197985340785,3.2473526871425893,1.668202625582396,0.20355349275803805,0.8594025489092211,1.2364866817757187,1.0987397397089649,0.942003688329261,1.189444365665224,1.389620877027347,1.1707721260901072,0.7878544251013072,1.4652668463148841,2.661900501172698,3.6291065501039212,4.037180027462469,3.8095238259640443,3.1954729728544744,0,E_coli
18.89,17.66196462537287,14.233622035935989,9.312701576843036,3.911616792460809,1.3712725908712229,4.761040702376157,6.508855467810032,6.470602184400648,5.148263421707719,3.6232324313672795,3.4381720284195447,4.331606018708961,4.834771434663235,4.436197985340785,3.2473526871425893,1.668202625582396,0.20355349275803805,0.8594025489092211,1.2364866817757187,1.0987397397089649,0.942003688329261,1.189444365665224,1.389620877027347,1.1707721260901072,0.7878544251013072,1.4652668463148841,2.661900501172698,3.6291065501039212,4.037180027462469,3.8095238259640443,3.1954729728544744,0,Mammalian
18.89,17.66196462537287,14.233622035935989,9.312701576843036,3.911616792460809,1.3712725908712229,4.761040702376157,6.508855467810032,6.470602184400648,5.148263421707719,3.6232324313672795,3.4381720284195447,4.331606018708961,4.834771434663235,4.436197985340785,3.2473526871425893,1.668202625582396,0.20355349275803805,0.8594025489092211,1.2364866817757187,1.0987397397089649,0.942003688329261,1.189444365665224,1.389620877027347,1.1707721260901072,0.7878544251013072,1.4652668463148841,2.661900501172698,3.6291065501039212,4.037180027462469,3.8095238259640443,3.1954729728544744,1,Yeast
20.689999999999998,19.147936587074383,14.883738169479713,8.883716156524645,2.4890164120422003,2.964881545561866,6.494016639043811,7.705022922691923,6.870915865800295,4.880899096419976,3.2464803802958713,3.326089282097047,3.8436655989710937,3.596097990543558,2.661485870308983,1.827837549821489,1.8425254408012932,1.9392777954458744,1.4171330696608195,0.572243058712697,1.40521262730066,2.4869970161101342,2.950534440403122,2.6773146176373763,2.0410573644789523,2.0256499310063654,2.8095971790548595,3.4634631120869392,3.540848702775302,3.040359551736231,2.2116030762797827,1.4054199868723922,0,E_coli
20.689999999999998,19.147936587074383,14.883738169479713,8.883716156524645,2.4890164120422003,2.964881545561866,6.494016639043811,7.705022922691923,6.870915865800295,4.880899096419976,3.2464803802958713,3.326089282097047,3.8436655989710937,3.596097990543558,2.661485870308983,1.827837549821489,1.8425254408012932,1.9392777954458744,1.4171330696608195,0.572243058712697,1.40521262730066,2.4869970161101342,2.950534440403122,2.6773146176373763,2.0410573644789523,2.0256499310063654,2.8095971790548595,3.4634631120869392,3.540848702775302,3.040359551736231,2.2116030762797827,1.4054199868723922,1,Yeast
20.689999999999998,19.147936587074383,14.883738169479713,8.883716156524645,2.4890164120422003,2.964881545561866,6.494016639043811,7.705022922691923,6.870915865800295,4.880899096419976,3.2464803802958713,3.326089282097047,3.8436655989710937,3.596097990543558,2.661485870308983,1.827837549821489,1.8425254408012932,1.9392777954458744,1.4171330696608195,0.572243058712697,1.40521262730066,2.4869970161101342,2.950534440403122,2.6773146176373763,2.0410573644789523,2.0256499310063654,2.8095971790548595,3.4634631120869392,3.540848702775302,3.040359551736231,2.2116030762797827,1.4054199868723922,0,Mammalian
21.560000000000002,19.836829289313364,15.106037637593507,8.551273904039254,1.7549854704576162,3.824429330803202,7.114631919405029,7.865889043052006,6.555170607799222,4.2649344183831115,2.6042287673536837,2.7188327095491847,3.036822802325508,2.7754016124239365,2.4453265872800487,2.53699102140512,2.600346130806436,2.1105916509103406,1.0996246862726837,0.8130215713902113,1.835468271426888,2.4790704758255493,2.4651627778481453,1.9005154796351849,1.1948800369263712,1.2173687173334464,1.9475233823485665,2.6699313741668087,3.13406915851321,3.2133867348335206,2.867779743124915,2.257704281582669,0,Mammalian
21.560000000000002,19.836829289313364,15.106037637593507,8.551273904039254,1.7549854704576162,3.824429330803202,7.114631919405029,7.865889043052006,6.555170607799222,4.2649344183831115,2.6042287673536837,2.7188327095491847,3.036822802325508,2.7754016124239365,2.4453265872800487,2.53699102140512,2.600346130806436,2.1105916509103406,1.0996246862726837,0.8130215713902113,1.835468271426888,2.4790704758255493,2.4651627778481453,1.9005154796351849,1.1948800369263712,1.2173687173334464,1.9475233823485665,2.6699313741668087,3.13406915851321,3.2133867348335206,2.867779743124915,2.257704281582669,0,E_coli
21.560000000000002,19.836829289313364,15.106037637593507,8.551273904039254,1.7549854704576162,3.824429330803202,7.114631919405029,7.865889043052006,6.555170607799222,4.2649344183831115,2.6042287673536837,2.7188327095491847,3.036822802325508,2.7754016124239365,2.4453265872800487,2.53699102140512,2.600346130806436,2.1105916509103406,1.0996246862726837,0.8130215713902113,1.835468271426888,2.4790704758255493,2.4651627778481453,1.9005154796351849,1.1948800369263712,1.2173687173334464,1.9475233823485665,2.6699313741668087,3.13406915851321,3.2133867348335206,2.867779743124915,2.257704281582669,1,Yeast
21.29,19.683585446942327,15.24157858773606,8.99370985302865,2.3691628743055047,3.4081699381681867,7.059554932337264,8.303825520000872,7.420250079119682,5.369039634873443,3.7755163635525864,3.9059472713256422,4.3924103600045905,4.003274708704312,2.740423083100507,1.3524905246714338,1.3981773850266637,1.9260214115507024,1.6896248579818631,0.7648033418817708,0.9341553751038695,2.10028080611174,2.7386258671879347,2.630078098757269,2.0226934427451813,1.8244542784496351,2.573438856389492,3.38267156331113,3.6995070265511543,3.4370588874579084,2.7653268299820226,2.004647032192733,1,Yeast
21.29,19.683585446942327,15.24157858773606,8.99370985302865,2.3691628743055047,3.4081699381681867,7.059554932337264,8.303825520000872,7.420250079119682,5.369039634873443,3.7755163635525864,3.9059472713256422,4.3924103600045905,4.003274708704312,2.740423083100507,1.3524905246714338,1.3981773850266637,1.9260214115507024,1.6896248579818631,0.7648033418817708,0.9341553751038695,2.10028080611174,2.7386258671879347,2.630078098757269,2.0226934427451813,1.8244542784496351,2.573438856389492,3.38267156331113,3.6995070265511543,3.4370588874579084,2.7653268299820226,2.004647032192733,0,Mammalian
21.29,19.683585446942327,15.24157858773606,8.99370985302865,2.3691628743055047,3.4081699381681867,7.059554932337264,8.303825520000872,7.420250079119682,5.369039634873443,3.7755163635525864,3.9059472713256422,4.3924103600045905,4.003274708704312,2.740423083100507,1.3524905246714338,1.3981773850266637,1.9260214115507024,1.6896248579818631,0.7648033418817708,0.9341553751038695,2.10028080611174,2.7386258671879347,2.630078098757269,2.0226934427451813,1.8244542784496351,2.573438856389492,3.38267156331113,3.6995070265511543,3.4370588874579084,2.7653268299820226,2.004647032192733,0,E_coli
21.99,20.447771375683203,16.183052162365215,10.182118251395158,3.7868191229971577,1.680936932957322,5.214563704096168,6.445693053065994,5.669609790776505,3.8975630582755567,3.072363092655374,4.020117075572662,4.81013185863148,4.6072425721263155,3.5688636229907007,2.303094043976738,1.5175308893067052,1.2223134851534094,0.9275040992846019,1.4471903376823239,2.699599790492006,3.781883814846917,4.219703681779113,3.8747566704494956,2.980423597465835,2.189253524806984,2.206844367131471,2.5657575685700826,2.5542109160085085,2.0504833008668233,1.280867079958829,0.5866184021684406,1,Yeast
21.99,20.447771375683203,16.183052162365215,10.182118251395158,3.7868191229971577,1.680936932957322,5.214563704096168,6.445693053065994,5.669609790776505,3.8975630582755567,3.072363092655374,4.020117075572662,4.81013185863148,4.6072425721263155,3.5688636229907007,2.303094043976738,1.5175308893067052,1.2223134851534094,0.9275040992846019,1.4471903376823239,2.699599790492006,3.781883814846917,4.219703681779113,3.8747566704494956,2.980423597465835,2.189253524806984,2.206844367131471,2.5657575685700826,2.5542109160085085,2.0504833008668233,1.280867079958829,0.5866184021684406,0,Mammalian
21.99,20.447771375683203,16.183052162365215,10.182118251395158,3.7868191229971577,1.680936932957322,5.214563704096168,6.445693053065994,5.669609790776505,3.8975630582755567,3.072363092655374,4.020117075572662,4.81013185863148,4.6072425721263155,3.5688636229907007,2.303094043976738,1.5175308893067052,1.2223134851534094,0.9275040992846019,1.4471903376823239,2.699599790492006,3.781883814846917,4.219703681779113,3.8747566704494956,2.980423597465835,2.189253524806984,2.206844367131471,2.5657575685700826,2.5542109160085085,2.0504833008668233,1.280867079958829,0.5866184021684406,0,E_coli
15.86,15.595288488737317,14.817367015913174,13.573683051648663,11.939445310918778,10.012173682879473,7.904789704036708,5.738092335842271,3.6346488144877034,1.7268193403151755,0.5539769747306973,1.5464461571694397,2.522467326249818,3.1496637195232835,3.4225633105817317,3.3764509521002193,3.0701465763054374,2.578369389441191,1.9854229677356474,1.3812656853272582,0.8663314397523204,0.5726341139206269,0.5613990496893514,0.6300769366070722,0.6394747808499837,0.6164311392694151,0.6892291572872298,0.9358287397116037,1.2885162366374583,1.6541007049686156,1.9634139304162126,2.168403612906969,1,Yeast
15.86,15.595288488737317,14.817367015913174,13.573683051648663,11.939445310918778,10.012173682879473,7.904789704036708,5.738092335842271,3.6346488144877034,1.7268193403151755,0.5539769747306973,1.5464461571694397,2.522467326249818,3.1496637195232835,3.4225633105817317,3.3764509521002193,3.0701465763054374,2.578369389441191,1.9854229677356474,1.3812656853272582,0.8663314397523204,0.5726341139206269,0.5613990496893514,0.6300769366070722,0.6394747808499837,0.6164311392694151,0.6892291572872298,0.9358287397116037,1.2885162366374583,1.6541007049686156,1.9634139304162126,2.168403612906969,0,Mammalian
15.86,15.595288488737317,14.817367015913174,13.573683051648663,11.939445310918778,10.012173682879473,7.904789704036708,5.738092335842271,3.6346488144877034,1.7268193403151755,0.5539769747306973,1.5464461571694397,2.522467326249818,3.1496637195232835,3.4225633105817317,3.3764509521002193,3.0701465763054374,2.578369389441191,1.9854229677356474,1.3812656853272582,0.8663314397523204,0.5726341139206269,0.5613990496893514,0.6300769366070722,0.6394747808499837,0.6164311392694151,0.6892291572872298,0.9358287397116037,1.2885162366374583,1.6541007049686156,1.9634139304162126,2.168403612906969,0,E_coli
19.7,18.85658221675193,16.45492359387328,12.85720078389951,8.593176429880904,4.265552650757944,0.47002138351162226,2.4503483047714663,4.137013238131337,4.608766209425192,4.045413382720785,2.7946514872751367,1.4040637504109081,1.2782809035894995,2.312825982790768,3.1525037582627897,3.650753346913483,3.9444856021640415,4.2217151059550435,4.572599495107397,4.945051417008307,5.226594662666816,5.330323713114171,5.216840639398932,4.876219997859618,4.309749086583148,3.5343317534032623,2.6134556192797715,1.7268440325824095,1.321101208252344,1.6532712086996173,2.1141705826968105,0,Mammalian
19.7,18.85658221675193,16.45492359387328,12.85720078389951,8.593176429880904,4.265552650757944,0.47002138351162226,2.4503483047714663,4.137013238131337,4.608766209425192,4.045413382720785,2.7946514872751367,1.4040637504109081,1.2782809035894995,2.312825982790768,3.1525037582627897,3.650753346913483,3.9444856021640415,4.2217151059550435,4.572599495107397,4.945051417008307,5.226594662666816,5.330323713114171,5.216840639398932,4.876219997859618,4.309749086583148,3.5343317534032623,2.6134556192797715,1.7268440325824095,1.321101208252344,1.6532712086996173,2.1141705826968105,1,Yeast
19.7,18.85658221675193,16.45492359387328,12.85720078389951,8.593176429880904,4.265552650757944,0.47002138351162226,2.4503483047714663,4.137013238131337,4.608766209425192,4.045413382720785,2.7946514872751367,1.4040637504109081,1.2782809035894995,2.312825982790768,3.1525037582627897,3.650753346913483,3.9444856021640415,4.2217151059550435,4.572599495107397,4.945051417008307,5.226594662666816,5.330323713114171,5.216840639398932,4.876219997859618,4.309749086583148,3.5343317534032623,2.6134556192797715,1.7268440325824095,1.321101208252344,1.6532712086996173,2.1141705826968105,0,E_coli
28.259999999999998,25.252513142891612,17.405244978338512,7.750305646535542,2.328664087184245,5.980115987971978,6.291306183867611,3.593560714929503,1.0083374821280922,3.8780062928015164,5.571307605608842,5.515010328915025,4.280140209757279,3.3980795104795396,4.156896476215792,5.153992896582493,5.313379338989453,4.6827185228123485,3.8659184434683307,3.866672236225837,5.114016961061729,6.467360130863372,6.654652040310751,5.161722110443804,2.832746992256029,3.0669995232020373,4.764561512778095,4.9307538062199905,3.3306686829899816,0.9256760953391895,1.8585186026386746,3.3891286607179665,1,Yeast
28.259999999999998,25.252513142891612,17.405244978338512,7.750305646535542,2.328664087184245,5.980115987971978,6.291306183867611,3.593560714929503,1.0083374821280922,3.8780062928015164,5.571307605608842,5.515010328915025,4.280140209757279,3.3980795104795396,4.156896476215792,5.153992896582493,5.313379338989453,4.6827185228123485,3.8659184434683307,3.866672236225837,5.114016961061729,6.467360130863372,6.654652040310751,5.161722110443804,2.832746992256029,3.0669995232020373,4.764561512778095,4.9307538062199905,3.3306686829899816,0.9256760953391895,1.8585186026386746,3.3891286607179665,0,Mammalian
28.259999999999998,25.252513142891612,17.405244978338512,7.750305646535542,2.328664087184245,5.980115987971978,6.291306183867611,3.593560714929503,1.0083374821280922,3.8780062928015164,5.571307605608842,5.515010328915025,4.280140209757279,3.3980795104795396,4.156896476215792,5.153992896582493,5.313379338989453,4.6827185228123485,3.8659184434683307,3.866672236225837,5.114016961061729,6.467360130863372,6.654652040310751,5.161722110443804,2.832746992256029,3.0669995232020373,4.764561512778095,4.9307538062199905,3.3306686829899816,0.9256760953391895,1.8585186026386746,3.3891286607179665,0,E_coli
39.25,27.938484649796333,6.039804765092306,7.048072891333115,3.3643699479688953,5.026524244682495,4.932158284839487,0.17106663481280893,2.109315440794648,5.942934084181676,7.648502108205038,2.629286766016513,3.4474786926919863,3.5687201643223427,0.873744393706424,1.4337353173549126,4.584419265294133,7.436252538269539,6.371317223455096,4.048629257275468,1.8354290694148456,2.6147233182629694,3.2576469244239,3.8070543187182886,1.2872406034713477,4.570650347594084,6.932496635582669,3.828877928645905,4.967927701545734,4.907500654276155,6.812907091663444,7.080872436401602,0,Mammalian
39.25,27.938484649796333,6.039804765092306,7.048072891333115,3.3643699479688953,5.026524244682495,4.932158284839487,0.17106663481280893,2.109315440794648,5.942934084181676,7.648502108205038,2.629286766016513,3.4474786926919863,3.5687201643223427,0.873744393706424,1.4337353173549126,4.584419265294133,7.436252538269539,6.371317223455096,4.048629257275468,1.8354290694148456,2.6147233182629694,3.2576469244239,3.8070543187182886,1.2872406034713477,4.570650347594084,6.932496635582669,3.828877928645905,4.967927701545734,4.907500654276155,6.812907091663444,7.080872436401602,0,E_coli
39.25,27.938484649796333,6.039804765092306,7.048072891333115,3.3643699479688953,5.026524244682495,4.932158284839487,0.17106663481280893,2.109315440794648,5.942934084181676,7.648502108205038,2.629286766016513,3.4474786926919863,3.5687201643223427,0.873744393706424,1.4337353173549126,4.584419265294133,7.436252538269539,6.371317223455096,4.048629257275468,1.8354290694148456,2.6147233182629694,3.2576469244239,3.8070543187182886,1.2872406034713477,4.570650347594084,6.932496635582669,3.828877928645905,4.967927701545734,4.907500654276155,6.812907091663444,7.080872436401602,1,Yeast
19.85,18.09862231341708,13.287445036572578,6.627408910502958,0.7421031295249024,5.889408415392767,8.870231032792711,8.898464688535304,6.399727782365119,3.0289480132737294,4.232187474612195,7.690094775036397,9.836275423806178,10.147546506262987,8.878446178451464,6.6978748071119405,4.3990112525430085,2.6639965743990417,1.9570169097641523,2.179971551166699,2.684110305231554,2.9805468719547057,2.782309879652491,2.0461095745867026,1.0669978030080676,0.7575550813472763,1.0868329087517026,0.9900547103552726,1.298969053336425,2.857882689804767,4.708398797676321,6.136435136892488,0,Mammalian
19.85,18.09862231341708,13.287445036572578,6.627408910502958,0.7421031295249024,5.889408415392767,8.870231032792711,8.898464688535304,6.399727782365119,3.0289480132737294,4.232187474612195,7.690094775036397,9.836275423806178,10.147546506262987,8.878446178451464,6.6978748071119405,4.3990112525430085,2.6639965743990417,1.9570169097641523,2.179971551166699,2.684110305231554,2.9805468719547057,2.782309879652491,2.0461095745867026,1.0669978030080676,0.7575550813472763,1.0868329087517026,0.9900547103552726,1.298969053336425,2.857882689804767,4.708398797676321,6.136435136892488,0,E_coli
19.85,18.09862231341708,13.287445036572578,6.627408910502958,0.7421031295249024,5.889408415392767,8.870231032792711,8.898464688535304,6.399727782365119,3.0289480132737294,4.232187474612195,7.690094775036397,9.836275423806178,10.147546506262987,8.878446178451464,6.6978748071119405,4.3990112525430085,2.6639965743990417,1.9570169097641523,2.179971551166699,2.684110305231554,2.9805468719547057,2.782309879652491,2.0461095745867026,1.0669978030080676,0.7575550813472763,1.0868329087517026,0.9900547103552726,1.298969053336425,2.857882689804767,4.708398797676321,6.136435136892488,1,Yeast
24.34,23.174014056506397,19.868290517515586,14.963140465887017,9.2468371546902,3.6337877206883817,1.4998775616925832,4.648241311811914,6.175430869327876,5.992633638964485,4.4444417345575955,2.113465150497989,0.7240712469331959,2.6506763888264926,3.8995795373613107,4.157825530740832,3.5453913747286063,2.547063340625916,2.182460309506001,2.8926144929491833,3.653195244627926,3.862406321910942,3.436367245726923,2.6747164775105143,2.3720989815250872,3.0847467485537536,4.118475971350646,4.8405040060074365,4.9927435312294355,4.528071542818847,3.5463811321938072,2.3082316935654625,0,E_coli
24.34,23.174014056506397,19.868290517515586,14.963140465887017,9.2468371546902,3.6337877206883817,1.4998775616925832,4.648241311811914,6.175430869327876,5.992633638964485,4.4444417345575955,2.113465150497989,0.7240712469331959,2.6506763888264926,3.8995795373613107,4.157825530740832,3.5453913747286063,2.547063340625916,2.182460309506001,2.8926144929491833,3.653195244627926,3.862406321910942,3.436367245726923,2.6747164775105143,2.3720989815250872,3.0847467485537536,4.118475971350646,4.8405040060074365,4.9927435312294355,4.528071542818847,3.5463811321938072,2.3082316935654625,1,Yeast
24.34,23.174014056506397,19.868290517515586,14.963140465887017,9.2468371546902,3.6337877206883817,1.4998775616925832,4.648241311811914,6.175430869327876,5.992633638964485,4.4444417345575955,2.113465150497989,0.7240712469331959,2.6506763888264926,3.8995795373613107,4.157825530740832,3.5453913747286063,2.547063340625916,2.182460309506001,2.8926144929491833,3.653195244627926,3.862406321910942,3.436367245726923,2.6747164775105143,2.3720989815250872,3.0847467485537536,4.118475971350646,4.8405040060074365,4.9927435312294355,4.528071542818847,3.5463811321938072,2.3082316935654625,0,Mammalian
23.31,22.005973320911533,18.415426387226958,13.4084869563315,8.144875970346845,3.7087634948010266,0.6853391716486723,1.3442736357987468,3.446499526075828,6.0397640554175585,8.518580810976037,10.070812940926318,10.173436117551622,8.801803159117327,6.4920894535362965,4.41882319934424,4.104400077965109,4.943492372231526,5.330111986080118,4.83207421277032,3.695731148130114,2.4292648539099875,1.5358665425500881,1.2001811531744464,1.2830592413287443,1.7931650872236853,2.5225359841397585,3.099250886256654,3.272699844242299,2.979321455658466,2.3205105211187758,1.5231162243032643,1,Yeast
23.31,22.005973320911533,18.415426387226958,13.4084869563315,8.144875970346845,3.7087634948010266,0.6853391716486723,1.3442736357987468,3.446499526075828,6.0397640554175585,8.518580810976037,10.070812940926318,10.173436117551622,8.801803159117327,6.4920894535362965,4.41882319934424,4.104400077965109,4.943492372231526,5.330111986080118,4.83207421277032,3.695731148130114,2.4292648539099875,1.5358665425500881,1.2001811531744464,1.2830592413287443,1.7931650872236853,2.5225359841397585,3.099250886256654,3.272699844242299,2.979321455658466,2.3205105211187758,1.5231162243032643,0,Mammalian
23.31,22.005973320911533,18.415426387226958,13.4084869563315,8.144875970346845,3.7087634948010266,0.6853391716486723,1.3442736357987468,3.446499526075828,6.0397640554175585,8.518580810976037,10.070812940926318,10.173436117551622,8.801803159117327,6.4920894535362965,4.41882319934424,4.104400077965109,4.943492372231526,5.330111986080118,4.83207421277032,3.695731148130114,2.4292648539099875,1.5358665425500881,1.2001811531744464,1.2830592413287443,1.7931650872236853,2.5225359841397585,3.099250886256654,3.272699844242299,2.979321455658466,2.3205105211187758,1.5231162243032643,0,E_coli
30.09,25.963552613249266,15.378504976359928,3.0198959041268862,6.87722716461078,9.960923847861856,6.595831252789071,1.2132100840076168,7.3967258150570725,10.399565265618607,8.76526913082433,4.096568040826403,1.4377623954571808,3.3380369958918754,1.9664351183857125,1.9865179557413744,6.037027414216371,7.9526193837088295,6.678632332391576,2.8775252002662897,1.6878285874067185,4.880661876796754,5.726035603966838,4.478756832041621,2.7385118617359137,2.6697229924684946,3.1300632285463243,2.6697942959121943,1.4483854735813348,0.03494211669001629,1.2359916594951255,2.072640096114735,1,Yeast
30.09,25.963552613249266,15.378504976359928,3.0198959041268862,6.87722716461078,9.960923847861856,6.595831252789071,1.2132100840076168,7.3967258150570725,10.399565265618607,8.76526913082433,4.096568040826403,1.4377623954571808,3.3380369958918754,1.9664351183857125,1.9865179557413744,6.037027414216371,7.9526193837088295,6.678632332391576,2.8775252002662897,1.6878285874067185,4.880661876796754,5.726035603966838,4.478756832041621,2.7385118617359137,2.6697229924684946,3.1300632285463243,2.6697942959121943,1.4483854735813348,0.03494211669001629,1.2359916594951255,2.072640096114735,0,E_coli
30.09,25.963552613249266,15.378504976359928,3.0198959041268862,6.87722716461078,9.960923847861856,6.595831252789071,1.2132100840076168,7.3967258150570725,10.399565265618607,8.76526913082433,4.096568040826403,1.4377623954571808,3.3380369958918754,1.9664351183857125,1.9865179557413744,6.037027414216371,7.9526193837088295,6.678632332391576,2.8775252002662897,1.6878285874067185,4.880661876796754,5.726035603966838,4.478756832041621,2.7385118617359137,2.6697229924684946,3.1300632285463243,2.6697942959121943,1.4483854735813348,0.03494211669001629,1.2359916594951255,2.072640096114735,0,Mammalian
29.32,25.532935911325502,15.900117810912281,4.749057277857113,4.05945779840421,7.0037645333930625,5.380235825526401,3.5657430729036763,5.455144176825209,6.490641323419607,5.719118890850196,4.318579937971112,3.078447318877747,2.431147135096452,2.543984668402412,1.9592208779847025,2.223240877637867,5.272495519197104,7.262206421718596,6.167154896132386,2.452047043862536,4.947275865865875,9.108571387130645,9.792872208363123,6.73499829324774,1.9248211519064506,2.111982663163399,3.053911316111742,1.9100339741885861,3.2947720669826235,4.73118923575009,3.670243894543043,0,E_coli
29.32,25.532935911325502,15.900117810912281,4.749057277857113,4.05945779840421,7.0037645333930625,5.380235825526401,3.5657430729036763,5.455144176825209,6.490641323419607,5.719118890850196,4.318579937971112,3.078447318877747,2.431147135096452,2.543984668402412,1.9592208779847025,2.223240877637867,5.272495519197104,7.262206421718596,6.167154896132386,2.452047043862536,4.947275865865875,9.108571387130645,9.792872208363123,6.73499829324774,1.9248211519064506,2.111982663163399,3.053911316111742,1.9100339741885861,3.2947720669826235,4.73118923575009,3.670243894543043,2,Mammalian
29.32,25.532935911325502,15.900117810912281,4.749057277857113,4.05945779840421,7.0037645333930625,5.380235825526401,3.5657430729036763,5.455144176825209,6.490641323419607,5.719118890850196,4.318579937971112,3.078447318877747,2.431147135096452,2.543984668402412,1.9592208779847025,2.223240877637867,5.272495519197104,7.262206421718596,6.167154896132386,2.452047043862536,4.947275865865875,9.108571387130645,9.792872208363123,6.73499829324774,1.9248211519064506,2.111982663163399,3.053911316111742,1.9100339741885861,3.2947720669826235,4.73118923575009,3.670243894543043,1,Yeast
35.28,28.706195871101297,13.24796133054027,2.0188024933908326,8.287787823954428,5.623794756454224,2.4374913648491123,6.6766463170017945,7.082125360745848,5.373264880885005,4.372971143861483,3.828169209840217,2.7482506439636385,1.7488559948533438,3.5181448492691927,4.1997003249691085,4.786021312113016,8.664616809151628,10.41632497622188,6.3881861902183585,2.4264986102033124,9.549612034328172,11.320580455388574,7.330139371833501,2.5637278277306463,3.4379351487996415,2.553699612468199,0.36686919685851943,1.0437412887050068,1.211448006841673,2.790194806353373,2.5171230944739897,0,E_coli
35.28,28.706195871101297,13.24796133054027,2.0188024933908326,8.287787823954428,5.623794756454224,2.4374913648491123,6.6766463170017945,7.082125360745848,5.373264880885005,4.372971143861483,3.828169209840217,2.7482506439636385,1.7488559948533438,3.5181448492691927,4.1997003249691085,4.786021312113016,8.664616809151628,10.41632497622188,6.3881861902183585,2.4264986102033124,9.549612034328172,11.320580455388574,7.330139371833501,2.5637278277306463,3.4379351487996415,2.553699612468199,0.36686919685851943,1.0437412887050068,1.211448006841673,2.790194806353373,2.5171230944739897,2,Mammalian
35.28,28.706195871101297,13.24796133054027,2.0188024933908326,8.287787823954428,5.623794756454224,2.4374913648491123,6.6766463170017945,7.082125360745848,5.373264880885005,4.372971143861483,3.828169209840217,2.7482506439636385,1.7488559948533438,3.5181448492691927,4.1997003249691085,4.786021312113016,8.664616809151628,10.41632497622188,6.3881861902183585,2.4264986102033124,9.549612034328172,11.320580455388574,7.330139371833501,2.5637278277306463,3.4379351487996415,2.553699612468199,0.36686919685851943,1.0437412887050068,1.211448006841673,2.790194806353373,2.5171230944739897,1,Yeast
38.45,32.334379095879726,17.315804690402075,1.321756807962102,8.566429673454538,9.433807212267295,5.2934913195939375,5.768515408188346,7.389078814302791,5.424845508425779,1.6960532518375386,1.7344878892936009,4.564331734656574,6.81947870140208,7.667101885753475,7.6883265138249905,7.992327570864446,6.969964378339341,3.221625162268785,2.6870590937849483,6.0879255086072765,5.776275976664293,2.905355747846088,3.852629465230577,5.014191288335699,3.029086419449099,0.9060747854272946,2.628979196325702,2.2976338845458657,4.1442382600612975,7.214255151375448,8.53197120542674,0,E_coli
38.45,32.334379095879726,17.315804690402075,1.321756807962102,8.566429673454538,9.433807212267295,5.2934913195939375,5.768515408188346,7.389078814302791,5.424845508425779,1.6960532518375386,1.7344878892936009,4.564331734656574,6.81947870140208,7.667101885753475,7.6883265138249905,7.992327570864446,6.969964378339341,3.221625162268785,2.6870590937849483,6.0879255086072765,5.776275976664293,2.905355747846088,3.852629465230577,5.014191288335699,3.029086419449099,0.9060747854272946,2.628979196325702,2.2976338845458657,4.1442382600612975,7.214255151375448,8.53197120542674,1,Yeast
38.45,32.334379095879726,17.315804690402075,1.321756807962102,8.566429673454538,9.433807212267295,5.2934913195939375,5.768515408188346,7.389078814302791,5.424845508425779,1.6960532518375386,1.7344878892936009,4.564331734656574,6.81947870140208,7.667101885753475,7.6883265138249905,7.992327570864446,6.969964378339341,3.221625162268785,2.6870590937849483,6.0879255086072765,5.776275976664293,2.905355747846088,3.852629465230577,5.014191288335699,3.029086419449099,0.9060747854272946,2.628979196325702,2.2976338845458657,4.1442382600612975,7.214255151375448,8.53197120542674,2,Mammalian
40.0,33.811573672458636,18.58924383129763,2.2769792816653154,7.9119926160113,8.982640235502279,4.5218026063118,4.593562390159533,6.366965540598929,4.497186682729517,0.9613680584043577,2.460871177868068,5.139699555699218,7.267123236844906,7.952987799190599,7.760222865239174,7.982593563498018,7.08142042091504,3.5241313527012452,2.3024249829878434,5.501154587203241,5.115439279285823,2.0511263805390945,3.3348758856416074,4.350787262648655,2.0028938645499963,1.8055675843086532,3.9953115975463427,3.241289794051224,3.0760090066576833,5.708763085886343,6.9908779036005395,1,Yeast
40.0,33.811573672458636,18.58924383129763,2.2769792816653154,7.9119926160113,8.982640235502279,4.5218026063118,4.593562390159533,6.366965540598929,4.497186682729517,0.9613680584043577,2.460871177868068,5.139699555699218,7.267123236844906,7.952987799190599,7.760222865239174,7.982593563498018,7.08142042091504,3.5241313527012452,2.3024249829878434,5.501154587203241,5.115439279285823,2.0511263805390945,3.3348758856416074,4.350787262648655,2.0028938645499963,1.8055675843086532,3.9953115975463427,3.241289794051224,3.0760090066576833,5.708763085886343,6.9908779036005395,2,Mammalian
40.0,33.811573672458636,18.58924383129763,2.2769792816653154,7.9119926160113,8.982640235502279,4.5218026063118,4.593562390159533,6.366965540598929,4.497186682729517,0.9613680584043577,2.460871177868068,5.139699555699218,7.267123236844906,7.952987799190599,7.760222865239174,7.982593563498018,7.08142042091504,3.5241313527012452,2.3024249829878434,5.501154587203241,5.115439279285823,2.0511263805390945,3.3348758856416074,4.350787262648655,2.0028938645499963,1.8055675843086532,3.9953115975463427,3.241289794051224,3.0760090066576833,5.708763085886343,6.9908779036005395,0,E_coli
39.22,33.08937098202222,18.02644073756198,1.875803513523699,7.95471045721448,8.84362827682288,4.5479717651016465,5.303622667470677,7.097315114408028,5.194202057841965,1.7308258720344578,2.124743693611773,4.715692448996016,6.988561173595043,8.067031085437389,8.38825695788355,8.74364912379265,7.536271243851137,3.444913104255867,2.2182676577813485,5.954551043129791,5.777032724356006,2.645145916233594,3.082700993133652,4.244869628951559,2.2943101972750592,1.5921485911728928,3.3375183506864987,2.5009094632006317,3.4268369699285595,6.446602056577743,7.770009911877308,1,Yeast
5.58,5.555702468607286,5.483082177717135,5.362952604836617,5.196658259609651,4.986058319148003,4.733504938448423,4.441817722600987,4.114256824111316,3.754498968919752,3.3666245862394764,2.955133232627499,2.52502783328806,2.0820765395043113,1.6335939431395514,1.191053716617477,0.7810249675906655,0.5003082859746988,0.5742721784746999,0.9068442189808168,1.2989061901858265,1.6942517845163922,2.0756515430813067,2.4349544720699225,2.7669641821414075,3.067798808676179,3.3343425985816832,3.564031552348907,3.754759657161606,3.9048342095949455,4.01295304313026,4.078192337718719,2,Mammalian
5.58,5.555702468607286,5.483082177717135,5.362952604836617,5.196658259609651,4.986058319148003,4.733504938448423,4.441817722600987,4.114256824111316,3.754498968919752,3.3666245862394764,2.955133232627499,2.52502783328806,2.0820765395043113,1.6335939431395514,1.191053716617477,0.7810249675906655,0.5003082859746988,0.5742721784746999,0.9068442189808168,1.2989061901858265,1.6942517845163922,2.0756515430813067,2.4349544720699225,2.7669641821414075,3.067798808676179,3.3343425985816832,3.564031552348907,3.754759657161606,3.9048342095949455,4.01295304313026,4.078192337718719,1,Yeast
5.58,5.555702468607286,5.483082177717135,5.362952604836617,5.196658259609651,4.986058319148003,4.733504938448423,4.441817722600987,4.114256824111316,3.754498968919752,3.3666245862394764,2.955133232627499,2.52502783328806,2.0820765395043113,1.6335939431395514,1.191053716617477,0.7810249675906655,0.5003082859746988,0.5742721784746999,0.9068442189808168,1.2989061901858265,1.6942517845163922,2.0756515430813067,2.4349544720699225,2.7669641821414075,3.067798808676179,3.3343425985816832,3.564031552348907,3.754759657161606,3.9048342095949455,4.01295304313026,4.078192337718719,0,E_coli
28.65,25.321775305398532,16.67667613966422,6.1303265200479045,3.0469815415183925,7.324580888068687,7.174344550000553,4.376875757820603,1.9380867647320732,1.719662824325258,2.911415298513927,5.54058357082374,7.437678614125546,6.841941327999633,3.5254754305207383,1.2960205181884965,5.336337695461186,7.091826977105302,6.265988140004447,4.632730383026488,5.129333293406368,6.436291450478314,6.388089151176573,4.990103208928543,3.29004858510788,2.2759845430333128,1.9434152403283527,1.8923874465496482,1.8343337438368945,1.3380097500279513,0.38155469936632164,0.6940060344224164,2,Mammalian
28.65,25.321775305398532,16.67667613966422,6.1303265200479045,3.0469815415183925,7.324580888068687,7.174344550000553,4.376875757820603,1.9380867647320732,1.719662824325258,2.911415298513927,5.54058357082374,7.437678614125546,6.841941327999633,3.5254754305207383,1.2960205181884965,5.336337695461186,7.091826977105302,6.265988140004447,4.632730383026488,5.129333293406368,6.436291450478314,6.388089151176573,4.990103208928543,3.29004858510788,2.2759845430333128,1.9434152403283527,1.8923874465496482,1.8343337438368945,1.3380097500279513,0.38155469936632164,0.6940060344224164,0,E_coli
28.65,25.321775305398532,16.67667613966422,6.1303265200479045,3.0469815415183925,7.324580888068687,7.174344550000553,4.376875757820603,1.9380867647320732,1.719662824325258,2.911415298513927,5.54058357082374,7.437678614125546,6.841941327999633,3.5254754305207383,1.2960205181884965,5.336337695461186,7.091826977105302,6.265988140004447,4.632730383026488,5.129333293406368,6.436291450478314,6.388089151176573,4.990103208928543,3.29004858510788,2.2759845430333128,1.9434152403283527,1.8923874465496482,1.8343337438368945,1.3380097500279513,0.38155469936632164,0.6940060344224164,1,Yeast
28.72,25.364326473461826,16.657289231085887,6.062494743017549,3.116898172037914,7.347941139303104,7.132195002900084,4.307522601701244,1.9399696718977821,1.787859744830802,2.981139409060228,5.5960641142803595,7.446961764755397,6.7961686766890015,3.4554903023259054,1.3165660780719444,5.306675041869437,7.022603478713575,6.227621968359147,4.688389803133175,5.1652664123271155,6.389687311455914,6.319124241504138,4.954897749779249,3.3031678237892796,2.325721875574383,2.0133740438546313,1.920051922036761,1.7845249085129733,1.2729740662898714,0.4002785355407472,0.6670534580050114,1,Yeast
28.72,25.364326473461826,16.657289231085887,6.062494743017549,3.116898172037914,7.347941139303104,7.132195002900084,4.307522601701244,1.9399696718977821,1.787859744830802,2.981139409060228,5.5960641142803595,7.446961764755397,6.7961686766890015,3.4554903023259054,1.3165660780719444,5.306675041869437,7.022603478713575,6.227621968359147,4.688389803133175,5.1652664123271155,6.389687311455914,6.319124241504138,4.954897749779249,3.3031678237892796,2.325721875574383,2.0133740438546313,1.920051922036761,1.7845249085129733,1.2729740662898714,0.4002785355407472,0.6670534580050114,2,Mammalian
28.72,25.364326473461826,16.657289231085887,6.062494743017549,3.116898172037914,7.347941139303104,7.132195002900084,4.307522601701244,1.9399696718977821,1.787859744830802,2.981139409060228,5.5960641142803595,7.446961764755397,6.7961686766890015,3.4554903023259054,1.3165660780719444,5.306675041869437,7.022603478713575,6.227621968359147,4.688389803133175,5.1652664123271155,6.389687311455914,6.319124241504138,4.954897749779249,3.3031678237892796,2.325721875574383,2.0133740438546313,1.920051922036761,1.7845249085129733,1.2729740662898714,0.4002785355407472,0.6670534580050114,0,E_coli
31.49,26.929956260683483,15.586468353391421,3.297329281248625,5.744893498649245,7.465753420431683,4.613444573544797,3.1660350571527056,4.401104212456985,4.323258354631176,4.949408250872107,5.832393376642821,5.248017438791607,4.404027636585459,3.935545920282147,1.6586450185009536,3.021737910540885,7.414935969405229,8.86049712122426,6.214598248499204,2.463339917353744,6.015066374915621,8.472141534434165,7.7003390744523825,5.3582536064555,3.4088609646785386,1.4995695746521194,1.713361359607278,3.817495003649443,4.039089479261621,2.7350081146455913,3.0048209672943416,1,Yeast
31.49,26.929956260683483,15.586468353391421,3.297329281248625,5.744893498649245,7.465753420431683,4.613444573544797,3.1660350571527056,4.401104212456985,4.323258354631176,4.949408250872107,5.832393376642821,5.248017438791607,4.404027636585459,3.935545920282147,1.6586450185009536,3.021737910540885,7.414935969405229,8.86049712122426,6.214598248499204,2.463339917353744,6.015066374915621,8.472141534434165,7.7003390744523825,5.3582536064555,3.4088609646785386,1.4995695746521194,1.713361359607278,3.817495003649443,4.039089479261621,2.7350081146455913,3.0048209672943416,2,Mammalian
31.49,26.929956260683483,15.586468353391421,3.297329281248625,5.744893498649245,7.465753420431683,4.613444573544797,3.1660350571527056,4.401104212456985,4.323258354631176,4.949408250872107,5.832393376642821,5.248017438791607,4.404027636585459,3.935545920282147,1.6586450185009536,3.021737910540885,7.414935969405229,8.86049712122426,6.214598248499204,2.463339917353744,6.015066374915621,8.472141534434165,7.7003390744523825,5.3582536064555,3.4088609646785386,1.4995695746521194,1.713361359607278,3.817495003649443,4.039089479261621,2.7350081146455913,3.0048209672943416,0,E_coli
34.43,28.560620176774286,14.362295901710247,1.2340763792532483,8.291785624091496,7.2495018362065,1.700096644624806,5.4620469225488915,7.102527539307628,6.105953124426363,5.7726011942807185,4.331770189543122,2.8147747385750597,6.135589127597564,6.707615748370327,2.9338082978286075,5.513846207503434,10.068229752745141,9.4251749618705,3.8853779590277493,3.9296971308995823,8.50527101470863,8.825488123422284,5.972031805037927,2.687880680643531,0.634726871398286,1.3820916981650764,2.762440510406143,2.829631565166904,1.5081949569442867,0.14475190492901457,0.9258491192190548,0,E_coli
34.43,28.560620176774286,14.362295901710247,1.2340763792532483,8.291785624091496,7.2495018362065,1.700096644624806,5.4620469225488915,7.102527539307628,6.105953124426363,5.7726011942807185,4.331770189543122,2.8147747385750597,6.135589127597564,6.707615748370327,2.9338082978286075,5.513846207503434,10.068229752745141,9.4251749618705,3.8853779590277493,3.9296971308995823,8.50527101470863,8.825488123422284,5.972031805037927,2.687880680643531,0.634726871398286,1.3820916981650764,2.762440510406143,2.829631565166904,1.5081949569442867,0.14475190492901457,0.9258491192190548,2,Mammalian
34.43,28.560620176774286,14.362295901710247,1.2340763792532483,8.291785624091496,7.2495018362065,1.700096644624806,5.4620469225488915,7.102527539307628,6.105953124426363,5.7726011942807185,4.331770189543122,2.8147747385750597,6.135589127597564,6.707615748370327,2.9338082978286075,5.513846207503434,10.068229752745141,9.4251749618705,3.8853779590277493,3.9296971308995823,8.50527101470863,8.825488123422284,5.972031805037927,2.687880680643531,0.634726871398286,1.3820916981650764,2.762440510406143,2.829631565166904,1.5081949569442867,0.14475190492901457,0.9258491192190548,1,Yeast
7.68,7.624193407513308,7.457916086499954,7.184572245138042,6.8097593123595725,6.341157112381577,5.788380789221213,5.162808790652008,4.47740885165613,3.7466160273685984,2.9864169182075013,2.2151942169813332,1.4580464306986118,0.7758684764050661,0.5178557033538776,0.9866984827265154,1.5811388300841898,2.1409072569728598,2.634131577496204,3.0469536069876964,3.3712648206854947,3.60242513336982,3.738724657722366,3.781291551815432,3.734167909335537,3.604512163219918,3.4029839499118397,3.1444513377710956,2.849254678414608,2.545274735382739,2.2704765908651074,2.072924770959323,1,Yeast
7.68,7.624193407513308,7.457916086499954,7.184572245138042,6.8097593123595725,6.341157112381577,5.788380789221213,5.162808790652008,4.47740885165613,3.7466160273685984,2.9864169182075013,2.2151942169813332,1.4580464306986118,0.7758684764050661,0.5178557033538776,0.9866984827265154,1.5811388300841898,2.1409072569728598,2.634131577496204,3.0469536069876964,3.3712648206854947,3.60242513336982,3.738724657722366,3.781291551815432,3.734167909335537,3.604512163219918,3.4029839499118397,3.1444513377710956,2.849254678414608,2.545274735382739,2.2704765908651074,2.072924770959323,0,E_coli
7.68,7.624193407513308,7.457916086499954,7.184572245138042,6.8097593123595725,6.341157112381577,5.788380789221213,5.162808790652008,4.47740885165613,3.7466160273685984,2.9864169182075013,2.2151942169813332,1.4580464306986118,0.7758684764050661,0.5178557033538776,0.9866984827265154,1.5811388300841898,2.1409072569728598,2.634131577496204,3.0469536069876964,3.3712648206854947,3.60242513336982,3.738724657722366,3.781291551815432,3.734167909335537,3.604512163219918,3.4029839499118397,3.1444513377710956,2.849254678414608,2.545274735382739,2.2704765908651074,2.072924770959323,2,Mammalian
32.739999999999995,26.346447281046085,11.478317393298902,4.042932893685934,9.179873887579967,5.778974624111553,1.5360086172504706,5.066755431539669,4.003044602288222,4.113696131254872,5.493336438295212,4.280929451634223,5.37376693809392,6.645876615360282,3.451418832954609,2.931422693695611,8.22995747255112,9.014649624267676,5.225148094584913,0.29614690506174574,3.7719825696934604,3.8149677596013953,1.579592741883423,3.050326599488459,4.97184411582776,5.565108427608098,6.454255786150705,7.618399366199545,7.276475231669854,5.100236366706811,2.4085610990866475,0.6475717959560824,1,Yeast
32.739999999999995,26.346447281046085,11.478317393298902,4.042932893685934,9.179873887579967,5.778974624111553,1.5360086172504706,5.066755431539669,4.003044602288222,4.113696131254872,5.493336438295212,4.280929451634223,5.37376693809392,6.645876615360282,3.451418832954609,2.931422693695611,8.22995747255112,9.014649624267676,5.225148094584913,0.29614690506174574,3.7719825696934604,3.8149677596013953,1.579592741883423,3.050326599488459,4.97184411582776,5.565108427608098,6.454255786150705,7.618399366199545,7.276475231669854,5.100236366706811,2.4085610990866475,0.6475717959560824,0,E_coli
32.739999999999995,26.346447281046085,11.478317393298902,4.042932893685934,9.179873887579967,5.778974624111553,1.5360086172504706,5.066755431539669,4.003044602288222,4.113696131254872,5.493336438295212,4.280929451634223,5.37376693809392,6.645876615360282,3.451418832954609,2.931422693695611,8.22995747255112,9.014649624267676,5.225148094584913,0.29614690506174574,3.7719825696934604,3.8149677596013953,1.579592741883423,3.050326599488459,4.97184411582776,5.565108427608098,6.454255786150705,7.618399366199545,7.276475231669854,5.100236366706811,2.4085610990866475,0.6475717959560824,2,Mammalian
32.63,28.307948425649567,17.561969729919806,5.771917267270556,3.2638011879552904,5.44431988982788,4.610258649037744,4.619418315731082,4.135654255874181,1.324991217877502,2.5985321086008106,5.153613345643533,5.272138032358954,3.4862568135853014,1.4825774235038929,2.806766037947435,5.030755410472666,5.843640740099542,4.304251386231098,1.0162222710850661,3.089996223387024,5.0879704669531005,4.502304970395866,2.0433075550768787,1.9614698253783518,4.197660208403991,5.371937253522638,5.66535631608291,5.63933380043333,5.567214361721093,5.246836147635287,4.535928211799008,0,E_coli
32.63,28.307948425649567,17.561969729919806,5.771917267270556,3.2638011879552904,5.44431988982788,4.610258649037744,4.619418315731082,4.135654255874181,1.324991217877502,2.5985321086008106,5.153613345643533,5.272138032358954,3.4862568135853014,1.4825774235038929,2.806766037947435,5.030755410472666,5.843640740099542,4.304251386231098,1.0162222710850661,3.089996223387024,5.0879704669531005,4.502304970395866,2.0433075550768787,1.9614698253783518,4.197660208403991,5.371937253522638,5.66535631608291,5.63933380043333,5.567214361721093,5.246836147635287,4.535928211799008,1,Yeast
32.63,28.307948425649567,17.561969729919806,5.771917267270556,3.2638011879552904,5.44431988982788,4.610258649037744,4.619418315731082,4.135654255874181,1.324991217877502,2.5985321086008106,5.153613345643533,5.272138032358954,3.4862568135853014,1.4825774235038929,2.806766037947435,5.030755410472666,5.843640740099542,4.304251386231098,1.0162222710850661,3.089996223387024,5.0879704669531005,4.502304970395866,2.0433075550768787,1.9614698253783518,4.197660208403991,5.371937253522638,5.66535631608291,5.63933380043333,5.567214361721093,5.246836147635287,4.535928211799008,2,Mammalian
34.15,29.029987867001225,16.736352827326822,4.253236800209353,2.850673482953309,3.924957989615117,4.946586738898944,6.051765435329344,3.849073259213898,0.49704791326243547,3.45586865000099,3.966948305191608,4.356603793226317,4.678104306215883,2.2064730663328533,2.5701280742595505,6.471205451845893,6.764341075242771,3.418721685652021,1.3105378230752227,3.9053899566502164,4.04702018377741,3.157371401015762,2.0425774887630306,0.8861348910885408,3.9610384501370013,6.479487023884171,7.155186136731336,6.275762373523119,4.7030190601591135,3.8071797875440243,4.80772816288066,0,E_coli
34.15,29.029987867001225,16.736352827326822,4.253236800209353,2.850673482953309,3.924957989615117,4.946586738898944,6.051765435329344,3.849073259213898,0.49704791326243547,3.45586865000099,3.966948305191608,4.356603793226317,4.678104306215883,2.2064730663328533,2.5701280742595505,6.471205451845893,6.764341075242771,3.418721685652021,1.3105378230752227,3.9053899566502164,4.04702018377741,3.157371401015762,2.0425774887630306,0.8861348910885408,3.9610384501370013,6.479487023884171,7.155186136731336,6.275762373523119,4.7030190601591135,3.8071797875440243,4.80772816288066,2,Mammalian
34.15,29.029987867001225,16.736352827326822,4.253236800209353,2.850673482953309,3.924957989615117,4.946586738898944,6.051765435329344,3.849073259213898,0.49704791326243547,3.45586865000099,3.966948305191608,4.356603793226317,4.678104306215883,2.2064730663328533,2.5701280742595505,6.471205451845893,6.764341075242771,3.418721685652021,1.3105378230752227,3.9053899566502164,4.04702018377741,3.157371401015762,2.0425774887630306,0.8861348910885408,3.9610384501370013,6.479487023884171,7.155186136731336,6.275762373523119,4.7030190601591135,3.8071797875440243,4.80772816288066,1,Yeast
26.13,23.161527874394306,15.528601486265346,6.560677290038507,2.784700800719378,4.808901569133392,3.386489511527989,2.1805070779572486,5.592512786240973,7.495350647269468,7.507390913066062,7.783756135270436,9.142279204963518,9.510393218950481,7.681012658007081,4.684197675607285,3.801960020831361,4.828863366866626,4.404456507509215,2.351734282444624,0.8904058422498387,1.9539063013034499,1.4986911505855467,0.6308512009440898,3.0670508205328493,4.626868097409656,4.37035125374925,2.346882293815224,1.4647012750222623,4.276892924685675,6.344987669214614,7.280926455796111,1,Yeast
26.13,23.161527874394306,15.528601486265346,6.560677290038507,2.784700800719378,4.808901569133392,3.386489511527989,2.1805070779572486,5.592512786240973,7.495350647269468,7.507390913066062,7.783756135270436,9.142279204963518,9.510393218950481,7.681012658007081,4.684197675607285,3.801960020831361,4.828863366866626,4.404456507509215,2.351734282444624,0.8904058422498387,1.9539063013034499,1.4986911505855467,0.6308512009440898,3.0670508205328493,4.626868097409656,4.37035125374925,2.346882293815224,1.4647012750222623,4.276892924685675,6.344987669214614,7.280926455796111,0,Mammalian
20.34,19.59987580982142,17.469922427794458,14.20985596605036,10.217982128427312,6.002331839414229,2.362698509822527,2.5366139139110464,4.715192876721176,5.986664806701782,6.085654272690331,5.0724566027305835,3.15573531031644,0.6389786630825921,2.131204129658111,4.803162707442359,7.072382908185898,8.708306223780886,9.576881606947238,9.648093045046538,8.990222298133093,7.752334714025483,6.137950389532806,4.3743642819534605,2.6848009489192823,1.286816473429921,0.6150289749952783,0.9497202703234296,1.2144459249026243,1.189887325259297,0.9248190155953275,0.5008758599324415,2,Yeast
20.34,19.59987580982142,17.469922427794458,14.20985596605036,10.217982128427312,6.002331839414229,2.362698509822527,2.5366139139110464,4.715192876721176,5.986664806701782,6.085654272690331,5.0724566027305835,3.15573531031644,0.6389786630825921,2.131204129658111,4.803162707442359,7.072382908185898,8.708306223780886,9.576881606947238,9.648093045046538,8.990222298133093,7.752334714025483,6.137950389532806,4.3743642819534605,2.6848009489192823,1.286816473429921,0.6150289749952783,0.9497202703234296,1.2144459249026243,1.189887325259297,0.9248190155953275,0.5008758599324415,0,Mammalian
34.05,30.94877261079338,22.812186196052643,12.606872957425617,3.912325929241315,2.9608062931395676,4.928163334461287,5.68926447317673,6.1745360416754105,5.523853143397587,4.202601441932094,6.070996360450406,9.476296280043655,10.93672332903541,9.323889348119893,5.249700963306041,0.4482186966202994,3.1722864988962973,4.435981232335726,3.3639950931715483,1.02715926898936,1.4069028202282352,2.566776462452737,2.391788116955822,1.3700017043972468,0.630104976186253,1.5233930628786192,2.886767327334985,4.300192841297481,5.128448444487413,4.804830727915446,3.3450806178884878,2,Yeast
34.05,30.94877261079338,22.812186196052643,12.606872957425617,3.912325929241315,2.9608062931395676,4.928163334461287,5.68926447317673,6.1745360416754105,5.523853143397587,4.202601441932094,6.070996360450406,9.476296280043655,10.93672332903541,9.323889348119893,5.249700963306041,0.4482186966202994,3.1722864988962973,4.435981232335726,3.3639950931715483,1.02715926898936,1.4069028202282352,2.566776462452737,2.391788116955822,1.3700017043972468,0.630104976186253,1.5233930628786192,2.886767327334985,4.300192841297481,5.128448444487413,4.804830727915446,3.3450806178884878,0,Mammalian
13.16,12.95428985519415,12.34754911508095,11.370387159030349,10.072005552779645,8.517677637274197,6.78574120932603,4.965256666547117,3.159473711971162,1.5388863075715207,0.9824451448808242,2.012306593352829,3.0760531181196336,3.884620183041843,4.391019388053661,4.594533755122605,4.522941520736257,4.230461292042471,3.799852512561099,3.3465257110093813,3.013883749495706,2.9255087207444883,3.0922189043723196,3.3998945157046565,3.705202540126945,3.8999702294980754,3.9186985961740484,3.73053291459014,3.33255249078063,2.7463976938255303,2.020445941945551,1.2579490593706961,2,Yeast
13.16,12.95428985519415,12.34754911508095,11.370387159030349,10.072005552779645,8.517677637274197,6.78574120932603,4.965256666547117,3.159473711971162,1.5388863075715207,0.9824451448808242,2.012306593352829,3.0760531181196336,3.884620183041843,4.391019388053661,4.594533755122605,4.522941520736257,4.230461292042471,3.799852512561099,3.3465257110093813,3.013883749495706,2.9255087207444883,3.0922189043723196,3.3998945157046565,3.705202540126945,3.8999702294980754,3.9186985961740484,3.73053291459014,3.33255249078063,2.7463976938255303,2.020445941945551,1.2579490593706961,0,Mammalian
20.71,19.882058410681406,17.52188916348251,13.97955440472665,9.773269441150125,5.509686920121688,1.8723448684387491,1.554543297377801,3.0525493655376508,3.4891847002560876,3.0657268616494306,2.6117147586315883,3.243431444057228,4.600826902363184,5.792838902793278,6.386307766377029,6.271562803639935,5.580273824045507,4.6352534208704945,3.844221493936436,3.4226451462532443,3.142769449709828,2.6271233891794115,1.8207583407872259,1.582700973322406,2.782011048572622,4.321663555951944,5.512845502042058,6.007966136822935,5.6411187338191215,4.432192868524882,2.6200059322165687,0,Mammalian
20.71,19.882058410681406,17.52188916348251,13.97955440472665,9.773269441150125,5.509686920121688,1.8723448684387491,1.554543297377801,3.0525493655376508,3.4891847002560876,3.0657268616494306,2.6117147586315883,3.243431444057228,4.600826902363184,5.792838902793278,6.386307766377029,6.271562803639935,5.580273824045507,4.6352534208704945,3.844221493936436,3.4226451462532443,3.142769449709828,2.6271233891794115,1.8207583407872259,1.582700973322406,2.782011048572622,4.321663555951944,5.512845502042058,6.007966136822935,5.6411187338191215,4.432192868524882,2.6200059322165687,2,Yeast
22.32,21.33508280116913,18.52262286405612,14.287403364542023,9.237721289863053,4.140675597643581,1.5751364040948403,4.572101951374091,6.616550610155066,7.122206066712784,6.182245962852839,4.124080722234107,1.41573459972412,1.4476043353252508,3.9934616051950638,5.920717198462527,7.105153059575846,7.6242476356632185,7.706443452098579,7.610923122350378,7.471839906279149,7.227952405341431,6.715463725160219,5.826974285833515,4.61991969878878,3.378116755609128,2.650205531169564,2.782585100093769,3.2110760391011115,3.3488726500457817,3.0433490968480235,2.4792531184813327,2,Yeast
22.32,21.33508280116913,18.52262286405612,14.287403364542023,9.237721289863053,4.140675597643581,1.5751364040948403,4.572101951374091,6.616550610155066,7.122206066712784,6.182245962852839,4.124080722234107,1.41573459972412,1.4476043353252508,3.9934616051950638,5.920717198462527,7.105153059575846,7.6242476356632185,7.706443452098579,7.610923122350378,7.471839906279149,7.227952405341431,6.715463725160219,5.826974285833515,4.61991969878878,3.378116755609128,2.650205531169564,2.782585100093769,3.2110760391011115,3.3488726500457817,3.0433490968480235,2.4792531184813327,0,Mammalian
20.66,19.81817675234301,17.435115900006164,13.913943655811341,9.858241027575172,6.029326368436002,3.500444357295461,3.3333246191889754,4.013953530407593,4.141460752596949,3.6366282013653306,2.88158917767478,2.3813950509007733,2.297792156381607,2.2503482629145513,1.9366223357186272,1.4623952953972463,1.3851375031873818,1.8909151293379038,2.366658251936065,2.4091773256197677,1.8717003984325358,0.7755116701883109,0.7320428375158547,2.4221843562636627,4.039674540835706,5.354725851848563,6.206637044623189,6.532251225075359,6.380347255742259,5.916926867052684,5.418010084652504,0,Mammalian
20.66,19.81817675234301,17.435115900006164,13.913943655811341,9.858241027575172,6.029326368436002,3.500444357295461,3.3333246191889754,4.013953530407593,4.141460752596949,3.6366282013653306,2.88158917767478,2.3813950509007733,2.297792156381607,2.2503482629145513,1.9366223357186272,1.4623952953972463,1.3851375031873818,1.8909151293379038,2.366658251936065,2.4091773256197677,1.8717003984325358,0.7755116701883109,0.7320428375158547,2.4221843562636627,4.039674540835706,5.354725851848563,6.206637044623189,6.532251225075359,6.380347255742259,5.916926867052684,5.418010084652504,2,Yeast
19.4,18.101116576643392,14.481429863231446,9.339511618571716,4.14310812846749,3.7244220403687796,6.918673776600178,8.665578944511266,8.403724651764396,6.422002657076872,3.406316596468976,0.48754660046880266,2.5512302669605145,4.050739184505681,4.232006612122437,3.2525953420047924,1.5791770008456933,0.5025317351268922,1.7076517171368304,2.2093265361207663,1.802124036357822,1.2328684674946746,2.470027523876236,4.41077992148827,6.059720453727826,6.989933149134068,7.024792818084234,6.2172188992842985,4.8181976005922165,3.2259156362640318,1.9546982058904014,1.4901426733364032,2,Yeast
19.4,18.101116576643392,14.481429863231446,9.339511618571716,4.14310812846749,3.7244220403687796,6.918673776600178,8.665578944511266,8.403724651764396,6.422002657076872,3.406316596468976,0.48754660046880266,2.5512302669605145,4.050739184505681,4.232006612122437,3.2525953420047924,1.5791770008456933,0.5025317351268922,1.7076517171368304,2.2093265361207663,1.802124036357822,1.2328684674946746,2.470027523876236,4.41077992148827,6.059720453727826,6.989933149134068,7.024792818084234,6.2172188992842985,4.8181976005922165,3.2259156362640318,1.9546982058904014,1.4901426733364032,0,Mammalian
38.67,23.84968880917085,2.9022936035716884,13.407102714186363,8.159230810613114,7.4007963457297,2.402347607254648,6.820779015510577,2.3867273338004544,5.182834991327354,2.4590376975119823,6.910411858187127,10.978810641512245,8.799323820976802,5.390040215348494,4.898957606140903,9.40064359498859,7.079459221183183,10.699589902273209,12.540245737217534,4.316757019506209,5.549840588134184,4.420392602695908,5.086408071739633,10.224858563035959,4.313555212801849,4.9151377001067775,6.481953794050733,0.6819665032118449,3.656176163068495,3.563473648270632,3.2450547483284105,0,Mammalian
38.67,23.84968880917085,2.9022936035716884,13.407102714186363,8.159230810613114,7.4007963457297,2.402347607254648,6.820779015510577,2.3867273338004544,5.182834991327354,2.4590376975119823,6.910411858187127,10.978810641512245,8.799323820976802,5.390040215348494,4.898957606140903,9.40064359498859,7.079459221183183,10.699589902273209,12.540245737217534,4.316757019506209,5.549840588134184,4.420392602695908,5.086408071739633,10.224858563035959,4.313555212801849,4.9151377001067775,6.481953794050733,0.6819665032118449,3.656176163068495,3.563473648270632,3.2450547483284105,0,Yeast
38.67,23.84968880917085,2.9022936035716884,13.407102714186363,8.159230810613114,7.4007963457297,2.402347607254648,6.820779015510577,2.3867273338004544,5.182834991327354,2.4590376975119823,6.910411858187127,10.978810641512245,8.799323820976802,5.390040215348494,4.898957606140903,9.40064359498859,7.079459221183183,10.699589902273209,12.540245737217534,4.316757019506209,5.549840588134184,4.420392602695908,5.086408071739633,10.224858563035959,4.313555212801849,4.9151377001067775,6.481953794050733,0.6819665032118449,3.656176163068495,3.563473648270632,3.2450547483284105,0,E_coli
20.87,18.977078447452957,13.951808388454607,7.495252630020138,1.9615012497468096,2.9090083109187876,4.09521410185051,3.3381446635829444,2.1325336062045515,2.8132938573820336,4.405015214116598,5.631962065843898,6.0622016014738875,5.5531710946235195,4.833066360123072,5.579346598206871,7.495071714133227,8.818464534457924,8.68823891116086,7.25668258175577,5.284356207357112,3.4415952031083927,1.775673375569433,0.85640867463633,2.154831877063315,2.9267819618378854,2.4245228797506706,1.5624833477528723,3.0335134850690046,4.668743604964661,4.824598653292321,3.261649865370898,0,Yeast
20.87,18.977078447452957,13.951808388454607,7.495252630020138,1.9615012497468096,2.9090083109187876,4.09521410185051,3.3381446635829444,2.1325336062045515,2.8132938573820336,4.405015214116598,5.631962065843898,6.0622016014738875,5.5531710946235195,4.833066360123072,5.579346598206871,7.495071714133227,8.818464534457924,8.68823891116086,7.25668258175577,5.284356207357112,3.4415952031083927,1.775673375569433,0.85640867463633,2.154831877063315,2.9267819618378854,2.4245228797506706,1.5624833477528723,3.0335134850690046,4.668743604964661,4.824598653292321,3.261649865370898,0,E_coli
20.87,18.977078447452957,13.951808388454607,7.495252630020138,1.9615012497468096,2.9090083109187876,4.09521410185051,3.3381446635829444,2.1325336062045515,2.8132938573820336,4.405015214116598,5.631962065843898,6.0622016014738875,5.5531710946235195,4.833066360123072,5.579346598206871,7.495071714133227,8.818464534457924,8.68823891116086,7.25668258175577,5.284356207357112,3.4415952031083927,1.775673375569433,0.85640867463633,2.154831877063315,2.9267819618378854,2.4245228797506706,1.5624833477528723,3.0335134850690046,4.668743604964661,4.824598653292321,3.261649865370898,0,Mammalian
18.34,16.53063421962044,11.74492816667716,5.635452989027063,0.17068592528955123,3.160972566294167,3.886420327920161,2.7066702917179946,1.9865632327612004,3.5588237385474466,5.0536433173414315,5.7477062692838,5.5863055218691535,4.811732706542457,4.604207461694434,6.183089393609608,8.282415106718572,9.311856618509601,8.620426310320845,6.485638157241601,3.867839681912195,1.9664162360073403,1.4467581414144457,1.6021248211046952,2.034395861734233,2.1821315761592244,1.8182646211726845,2.6739925347789546,4.833039739777401,6.46545892784559,6.557394081573943,5.162112381447176,0,Yeast
18.34,16.53063421962044,11.74492816667716,5.635452989027063,0.17068592528955123,3.160972566294167,3.886420327920161,2.7066702917179946,1.9865632327612004,3.5588237385474466,5.0536433173414315,5.7477062692838,5.5863055218691535,4.811732706542457,4.604207461694434,6.183089393609608,8.282415106718572,9.311856618509601,8.620426310320845,6.485638157241601,3.867839681912195,1.9664162360073403,1.4467581414144457,1.6021248211046952,2.034395861734233,2.1821315761592244,1.8182646211726845,2.6739925347789546,4.833039739777401,6.46545892784559,6.557394081573943,5.162112381447176,0,E_coli
18.34,16.53063421962044,11.74492816667716,5.635452989027063,0.17068592528955123,3.160972566294167,3.886420327920161,2.7066702917179946,1.9865632327612004,3.5588237385474466,5.0536433173414315,5.7477062692838,5.5863055218691535,4.811732706542457,4.604207461694434,6.183089393609608,8.282415106718572,9.311856618509601,8.620426310320845,6.485638157241601,3.867839681912195,1.9664162360073403,1.4467581414144457,1.6021248211046952,2.034395861734233,2.1821315761592244,1.8182646211726845,2.6739925347789546,4.833039739777401,6.46545892784559,6.557394081573943,5.162112381447176,0,Mammalian
9.42,9.239605762148368,8.71923559834443,7.9207075184086,6.945298762454181,5.931348001172611,5.046215079541244,4.451728821718846,4.218137736111114,4.254423664007619,4.376856819461925,4.4307426881308825,4.337392554272394,4.087312661311644,3.7237295339632515,3.3280340562019837,3.0012330799189857,2.827384510896981,2.823490347218382,2.929138015590803,3.0567252070145674,3.1399135434049796,3.146590556683911,3.0718363617714406,2.92610902722291,2.7241542095267395,2.4769650799415155,2.1885327139074953,1.8579240940352142,1.48543452322438,1.0818136678263197,0.6897582928827771,0,E_coli
9.42,9.239605762148368,8.71923559834443,7.9207075184086,6.945298762454181,5.931348001172611,5.046215079541244,4.451728821718846,4.218137736111114,4.254423664007619,4.376856819461925,4.4307426881308825,4.337392554272394,4.087312661311644,3.7237295339632515,3.3280340562019837,3.0012330799189857,2.827384510896981,2.823490347218382,2.929138015590803,3.0567252070145674,3.1399135434049796,3.146590556683911,3.0718363617714406,2.92610902722291,2.7241542095267395,2.4769650799415155,2.1885327139074953,1.8579240940352142,1.48543452322438,1.0818136678263197,0.6897582928827771,0,Yeast
9.42,9.239605762148368,8.71923559834443,7.9207075184086,6.945298762454181,5.931348001172611,5.046215079541244,4.451728821718846,4.218137736111114,4.254423664007619,4.376856819461925,4.4307426881308825,4.337392554272394,4.087312661311644,3.7237295339632515,3.3280340562019837,3.0012330799189857,2.827384510896981,2.823490347218382,2.929138015590803,3.0567252070145674,3.1399135434049796,3.146590556683911,3.0718363617714406,2.92610902722291,2.7241542095267395,2.4769650799415155,2.1885327139074953,1.8579240940352142,1.48543452322438,1.0818136678263197,0.6897582928827771,0,Mammalian
7.770000000000001,7.306371443199624,5.9985030875117795,4.0808796595102965,1.914802307978669,0.7088601610469141,2.1718550916579313,3.247646276837741,3.6123754334643605,3.293795314800503,2.453114855367586,1.3421221053680221,0.47957938565285585,1.1092227291074017,1.8419616357704436,2.3084576485409047,2.538523192724463,2.602807204782967,2.533730704274888,2.301233384651493,1.8539658485112052,1.2029721392193842,0.7195497572743433,1.3546683848771963,2.394774254017104,3.351067662231327,4.0368069874906345,4.3365612456365845,4.1936554897571785,3.610553163220962,2.644287658225522,1.396522995420016,0,Mammalian
7.770000000000001,7.306371443199624,5.9985030875117795,4.0808796595102965,1.914802307978669,0.7088601610469141,2.1718550916579313,3.247646276837741,3.6123754334643605,3.293795314800503,2.453114855367586,1.3421221053680221,0.47957938565285585,1.1092227291074017,1.8419616357704436,2.3084576485409047,2.538523192724463,2.602807204782967,2.533730704274888,2.301233384651493,1.8539658485112052,1.2029721392193842,0.7195497572743433,1.3546683848771963,2.394774254017104,3.351067662231327,4.0368069874906345,4.3365612456365845,4.1936554897571785,3.610553163220962,2.644287658225522,1.396522995420016,0,Yeast
7.770000000000001,7.306371443199624,5.9985030875117795,4.0808796595102965,1.914802307978669,0.7088601610469141,2.1718550916579313,3.247646276837741,3.6123754334643605,3.293795314800503,2.453114855367586,1.3421221053680221,0.47957938565285585,1.1092227291074017,1.8419616357704436,2.3084576485409047,2.538523192724463,2.602807204782967,2.533730704274888,2.301233384651493,1.8539658485112052,1.2029721392193842,0.7195497572743433,1.3546683848771963,2.394774254017104,3.351067662231327,4.0368069874906345,4.3365612456365845,4.1936554897571785,3.610553163220962,2.644287658225522,1.396522995420016,0,E_coli
10.510000000000002,10.124242791974945,9.015934070171427,7.324434722077779,5.2585663869733965,3.0688752116989404,1.0643470617909296,1.0420936914246912,2.3170604815665903,3.183775509880791,3.634918046481367,3.794158342769082,3.827796271636816,3.8673084528401125,3.94395555027787,3.998877888379415,3.9568295389111725,3.7874887608852443,3.5195293114583843,3.2137423061848884,2.910326277287576,2.5833602559167144,2.1458517379316335,1.5015014050607547,0.5968506720800447,0.5946747009007958,1.9641499193602727,3.4402888265591502,4.892551094916259,6.189491619936567,7.211812007120931,7.865312922740573,0,E_coli
10.510000000000002,10.124242791974945,9.015934070171427,7.324434722077779,5.2585663869733965,3.0688752116989404,1.0643470617909296,1.0420936914246912,2.3170604815665903,3.183775509880791,3.634918046481367,3.794158342769082,3.827796271636816,3.8673084528401125,3.94395555027787,3.998877888379415,3.9568295389111725,3.7874887608852443,3.5195293114583843,3.2137423061848884,2.910326277287576,2.5833602559167144,2.1458517379316335,1.5015014050607547,0.5968506720800447,0.5946747009007958,1.9641499193602727,3.4402888265591502,4.892551094916259,6.189491619936567,7.211812007120931,7.865312922740573,0,Yeast
10.510000000000002,10.124242791974945,9.015934070171427,7.324434722077779,5.2585663869733965,3.0688752116989404,1.0643470617909296,1.0420936914246912,2.3170604815665903,3.183775509880791,3.634918046481367,3.794158342769082,3.827796271636816,3.8673084528401125,3.94395555027787,3.998877888379415,3.9568295389111725,3.7874887608852443,3.5195293114583843,3.2137423061848884,2.910326277287576,2.5833602559167144,2.1458517379316335,1.5015014050607547,0.5968506720800447,0.5946747009007958,1.9641499193602727,3.4402888265591502,4.892551094916259,6.189491619936567,7.211812007120931,7.865312922740573,0,Mammalian
48.08,32.17428650200966,8.490430905816972,17.352483600563023,9.123246770332406,5.691139462362946,2.637900648465538,8.086610758190124,9.751751089373158,2.2686127884321197,10.937285160255382,8.97540039465392,1.630748477395234,4.384864229843088,3.9753630478760176,4.772290592383615,2.612929390550002,2.068732693753721,3.301020887712451,0.6770796283061932,2.424036897857298,1.6576934755593884,4.018156398465368,9.020103516764733,9.309637516622725,4.917522195189629,1.6122986509967652,5.259268961459141,5.380620121223844,4.781548909878767,7.336246893307524,8.93831077909567,0,Mammalian
48.08,32.17428650200966,8.490430905816972,17.352483600563023,9.123246770332406,5.691139462362946,2.637900648465538,8.086610758190124,9.751751089373158,2.2686127884321197,10.937285160255382,8.97540039465392,1.630748477395234,4.384864229843088,3.9753630478760176,4.772290592383615,2.612929390550002,2.068732693753721,3.301020887712451,0.6770796283061932,2.424036897857298,1.6576934755593884,4.018156398465368,9.020103516764733,9.309637516622725,4.917522195189629,1.6122986509967652,5.259268961459141,5.380620121223844,4.781548909878767,7.336246893307524,8.93831077909567,0,Yeast
48.08,32.17428650200966,8.490430905816972,17.352483600563023,9.123246770332406,5.691139462362946,2.637900648465538,8.086610758190124,9.751751089373158,2.2686127884321197,10.937285160255382,8.97540039465392,1.630748477395234,4.384864229843088,3.9753630478760176,4.772290592383615,2.612929390550002,2.068732693753721,3.301020887712451,0.6770796283061932,2.424036897857298,1.6576934755593884,4.018156398465368,9.020103516764733,9.309637516622725,4.917522195189629,1.6122986509967652,5.259268961459141,5.380620121223844,4.781548909878767,7.336246893307524,8.93831077909567,0,E_coli
6.430000000000001,6.340563523844306,6.078229274245127,5.660449915366083,5.114782660617422,4.476751665334882,3.787167025350599,3.0892043620208445,2.4256275544053816,1.836562869403779,1.3578443184889961,1.0176055857209252,0.8234853356103534,0.743592720490751,0.7211571010439817,0.7163641762648257,0.7170076708097342,0.7246347914836574,0.7442099210684443,0.7862871791866385,0.8758466356244768,1.0506674951816741,1.3404871959160352,1.7499955099511686,2.262240254108605,2.8479650628296147,3.4711347351685844,4.0920582439545,4.670135212983384,5.166745555472574,5.548148824197332,5.788112381293435,0,E_coli
6.430000000000001,6.340563523844306,6.078229274245127,5.660449915366083,5.114782660617422,4.476751665334882,3.787167025350599,3.0892043620208445,2.4256275544053816,1.836562869403779,1.3578443184889961,1.0176055857209252,0.8234853356103534,0.743592720490751,0.7211571010439817,0.7163641762648257,0.7170076708097342,0.7246347914836574,0.7442099210684443,0.7862871791866385,0.8758466356244768,1.0506674951816741,1.3404871959160352,1.7499955099511686,2.262240254108605,2.8479650628296147,3.4711347351685844,4.0920582439545,4.670135212983384,5.166745555472574,5.548148824197332,5.788112381293435,0,Yeast
6.430000000000001,6.340563523844306,6.078229274245127,5.660449915366083,5.114782660617422,4.476751665334882,3.787167025350599,3.0892043620208445,2.4256275544053816,1.836562869403779,1.3578443184889961,1.0176055857209252,0.8234853356103534,0.743592720490751,0.7211571010439817,0.7163641762648257,0.7170076708097342,0.7246347914836574,0.7442099210684443,0.7862871791866385,0.8758466356244768,1.0506674951816741,1.3404871959160352,1.7499955099511686,2.262240254108605,2.8479650628296147,3.4711347351685844,4.0920582439545,4.670135212983384,5.166745555472574,5.548148824197332,5.788112381293435,0,Mammalian
6.41,6.3205685147955855,6.058250169249983,5.640500739707337,5.094883858663184,4.45693597860332,3.76749099258689,3.0697723900383003,2.406644814609351,1.818452779300533,1.3414824572191535,1.004570248911181,0.8155233829995528,0.7408524133084919,0.7219672618210857,0.7188691219044325,0.7200694410957875,0.7280167140242213,0.7485467338487259,0.7928137876715435,0.8857229035962725,1.0640989597148314,1.3566461295462762,1.7678354902169784,2.2810218623051206,2.8672671117094413,3.4907313360099033,4.111827228870882,4.690007997494171,5.186681592947218,5.568122520528897,5.808106098540201,0,E_coli
6.41,6.3205685147955855,6.058250169249983,5.640500739707337,5.094883858663184,4.45693597860332,3.76749099258689,3.0697723900383003,2.406644814609351,1.818452779300533,1.3414824572191535,1.004570248911181,0.8155233829995528,0.7408524133084919,0.7219672618210857,0.7188691219044325,0.7200694410957875,0.7280167140242213,0.7485467338487259,0.7928137876715435,0.8857229035962725,1.0640989597148314,1.3566461295462762,1.7678354902169784,2.2810218623051206,2.8672671117094413,3.4907313360099033,4.111827228870882,4.690007997494171,5.186681592947218,5.568122520528897,5.808106098540201,0,Yeast
6.41,6.3205685147955855,6.058250169249983,5.640500739707337,5.094883858663184,4.45693597860332,3.76749099258689,3.0697723900383003,2.406644814609351,1.818452779300533,1.3414824572191535,1.004570248911181,0.8155233829995528,0.7408524133084919,0.7219672618210857,0.7188691219044325,0.7200694410957875,0.7280167140242213,0.7485467338487259,0.7928137876715435,0.8857229035962725,1.0640989597148314,1.3566461295462762,1.7678354902169784,2.2810218623051206,2.8672671117094413,3.4907313360099033,4.111827228870882,4.690007997494171,5.186681592947218,5.568122520528897,5.808106098540201,0,Mammalian
19.4,18.101116576643392,14.481429863231446,9.339511618571716,4.14310812846749,3.7244220403687796,6.918673776600178,8.665578944511266,8.403724651764396,6.422002657076872,3.406316596468976,0.48754660046880266,2.5512302669605145,4.050739184505681,4.232006612122437,3.2525953420047924,1.5791770008456933,0.5025317351268922,1.7076517171368304,2.2093265361207663,1.802124036357822,1.2328684674946746,2.470027523876236,4.41077992148827,6.059720453727826,6.989933149134068,7.024792818084234,6.2172188992842985,4.8181976005922165,3.2259156362640318,1.9546982058904014,1.4901426733364032,0,Mammalian
19.4,18.101116576643392,14.481429863231446,9.339511618571716,4.14310812846749,3.7244220403687796,6.918673776600178,8.665578944511266,8.403724651764396,6.422002657076872,3.406316596468976,0.48754660046880266,2.5512302669605145,4.050739184505681,4.232006612122437,3.2525953420047924,1.5791770008456933,0.5025317351268922,1.7076517171368304,2.2093265361207663,1.802124036357822,1.2328684674946746,2.470027523876236,4.41077992148827,6.059720453727826,6.989933149134068,7.024792818084234,6.2172188992842985,4.8181976005922165,3.2259156362640318,1.9546982058904014,1.4901426733364032,0,E_coli
19.4,18.101116576643392,14.481429863231446,9.339511618571716,4.14310812846749,3.7244220403687796,6.918673776600178,8.665578944511266,8.403724651764396,6.422002657076872,3.406316596468976,0.48754660046880266,2.5512302669605145,4.050739184505681,4.232006612122437,3.2525953420047924,1.5791770008456933,0.5025317351268922,1.7076517171368304,2.2093265361207663,1.802124036357822,1.2328684674946746,2.470027523876236,4.41077992148827,6.059720453727826,6.989933149134068,7.024792818084234,6.2172188992842985,4.8181976005922165,3.2259156362640318,1.9546982058904014,1.4901426733364032,0,Yeast
12.239999999999998,11.225848976765212,8.600962154672633,5.724519997357033,4.948696323467197,6.143759027972896,6.7561940039292985,5.948879129966812,4.19941699978242,3.124804534536185,3.9526365407833155,4.901639149596727,4.886331954390822,4.007801818653223,3.1153445808320557,3.1808868288483385,3.687085569931894,3.6726893473456963,2.924141971519269,1.9505896756059984,2.097064429472074,3.203739859480919,4.097942366975198,4.405418753214281,4.113161419387577,3.368408661160499,2.386071565223905,1.4101879362473695,0.7851659112852376,0.8593469248958288,1.114410017580061,1.2355835957048018,0,Mammalian
12.239999999999998,11.225848976765212,8.600962154672633,5.724519997357033,4.948696323467197,6.143759027972896,6.7561940039292985,5.948879129966812,4.19941699978242,3.124804534536185,3.9526365407833155,4.901639149596727,4.886331954390822,4.007801818653223,3.1153445808320557,3.1808868288483385,3.687085569931894,3.6726893473456963,2.924141971519269,1.9505896756059984,2.097064429472074,3.203739859480919,4.097942366975198,4.405418753214281,4.113161419387577,3.368408661160499,2.386071565223905,1.4101879362473695,0.7851659112852376,0.8593469248958288,1.114410017580061,1.2355835957048018,0,Yeast
12.239999999999998,11.225848976765212,8.600962154672633,5.724519997357033,4.948696323467197,6.143759027972896,6.7561940039292985,5.948879129966812,4.19941699978242,3.124804534536185,3.9526365407833155,4.901639149596727,4.886331954390822,4.007801818653223,3.1153445808320557,3.1808868288483385,3.687085569931894,3.6726893473456963,2.924141971519269,1.9505896756059984,2.097064429472074,3.203739859480919,4.097942366975198,4.405418753214281,4.113161419387577,3.368408661160499,2.386071565223905,1.4101879362473695,0.7851659112852376,0.8593469248958288,1.114410017580061,1.2355835957048018,0,E_coli
27.31,23.49395846160056,13.740383644748977,2.4626934404235428,6.628498510507883,9.636327259014088,7.365048766603069,4.014011122935318,6.066468377912354,7.69110500058313,6.112029821896743,2.4051475445225714,2.0543742125406266,4.672781460067629,5.432124064053323,4.386345849634782,2.110094784600918,1.1042614295163928,2.9713898388276054,3.2654853690967043,1.5424279716541354,1.5158192136406405,4.319735962748457,5.635503359976137,5.303033228237351,4.904325865552861,5.858035530389562,6.739564302046359,6.321128858305434,4.846444823153039,3.375437294958138,2.7756910037099227,0,Yeast
27.31,23.49395846160056,13.740383644748977,2.4626934404235428,6.628498510507883,9.636327259014088,7.365048766603069,4.014011122935318,6.066468377912354,7.69110500058313,6.112029821896743,2.4051475445225714,2.0543742125406266,4.672781460067629,5.432124064053323,4.386345849634782,2.110094784600918,1.1042614295163928,2.9713898388276054,3.2654853690967043,1.5424279716541354,1.5158192136406405,4.319735962748457,5.635503359976137,5.303033228237351,4.904325865552861,5.858035530389562,6.739564302046359,6.321128858305434,4.846444823153039,3.375437294958138,2.7756910037099227,0,Mammalian
27.31,23.49395846160056,13.740383644748977,2.4626934404235428,6.628498510507883,9.636327259014088,7.365048766603069,4.014011122935318,6.066468377912354,7.69110500058313,6.112029821896743,2.4051475445225714,2.0543742125406266,4.672781460067629,5.432124064053323,4.386345849634782,2.110094784600918,1.1042614295163928,2.9713898388276054,3.2654853690967043,1.5424279716541354,1.5158192136406405,4.319735962748457,5.635503359976137,5.303033228237351,4.904325865552861,5.858035530389562,6.739564302046359,6.321128858305434,4.846444823153039,3.375437294958138,2.7756910037099227,0,E_coli
26.96,23.96896204017156,16.255278361939975,7.102207026013693,2.843654825588208,5.206418590225836,4.316411635888239,1.0049432548261201,2.5189000065350635,4.099805427584667,3.318757916876998,1.05673772461148,1.5599210849790872,2.9427629504102724,3.1706385228842415,2.9474390486803763,3.004130489842278,3.30582799448759,3.710239795380287,4.0612427456839235,3.9554469576789475,3.2005340781690945,2.2145707770116725,1.9117450430468348,2.2119545106257616,2.2628149716296986,1.9700453083415135,1.795904377231467,2.0971201221043385,2.4334712433935444,2.252672108685009,1.3694865532986982,0,Mammalian
26.96,23.96896204017156,16.255278361939975,7.102207026013693,2.843654825588208,5.206418590225836,4.316411635888239,1.0049432548261201,2.5189000065350635,4.099805427584667,3.318757916876998,1.05673772461148,1.5599210849790872,2.9427629504102724,3.1706385228842415,2.9474390486803763,3.004130489842278,3.30582799448759,3.710239795380287,4.0612427456839235,3.9554469576789475,3.2005340781690945,2.2145707770116725,1.9117450430468348,2.2119545106257616,2.2628149716296986,1.9700453083415135,1.795904377231467,2.0971201221043385,2.4334712433935444,2.252672108685009,1.3694865532986982,0,E_coli
26.96,23.96896204017156,16.255278361939975,7.102207026013693,2.843654825588208,5.206418590225836,4.316411635888239,1.0049432548261201,2.5189000065350635,4.099805427584667,3.318757916876998,1.05673772461148,1.5599210849790872,2.9427629504102724,3.1706385228842415,2.9474390486803763,3.004130489842278,3.30582799448759,3.710239795380287,4.0612427456839235,3.9554469576789475,3.2005340781690945,2.2145707770116725,1.9117450430468348,2.2119545106257616,2.2628149716296986,1.9700453083415135,1.795904377231467,2.0971201221043385,2.4334712433935444,2.252672108685009,1.3694865532986982,0,Yeast
16.57,15.759876934019394,13.469279188884412,10.097110836799377,6.2657727930341975,3.004898975435813,2.860044992955722,4.582004158829244,5.565465909424812,5.489694892274991,4.546283355193016,3.141393683169284,1.8784366697780588,1.6245551119482005,2.147927180109825,2.5695424224809438,2.7598007174431998,2.855707434505281,2.930148929932836,2.885373500791905,2.566347579345085,1.9062710277206363,1.000118905023559,0.517618452869451,1.2667238100826301,1.8870731901322346,2.1057053867246496,1.9823625212519278,1.8711031734501344,2.2249056282445254,2.9251276043860535,3.535585556116942,0,E_coli
16.57,15.759876934019394,13.469279188884412,10.097110836799377,6.2657727930341975,3.004898975435813,2.860044992955722,4.582004158829244,5.565465909424812,5.489694892274991,4.546283355193016,3.141393683169284,1.8784366697780588,1.6245551119482005,2.147927180109825,2.5695424224809438,2.7598007174431998,2.855707434505281,2.930148929932836,2.885373500791905,2.566347579345085,1.9062710277206363,1.000118905023559,0.517618452869451,1.2667238100826301,1.8870731901322346,2.1057053867246496,1.9823625212519278,1.8711031734501344,2.2249056282445254,2.9251276043860535,3.535585556116942,0,Mammalian
16.57,15.759876934019394,13.469279188884412,10.097110836799377,6.2657727930341975,3.004898975435813,2.860044992955722,4.582004158829244,5.565465909424812,5.489694892274991,4.546283355193016,3.141393683169284,1.8784366697780588,1.6245551119482005,2.147927180109825,2.5695424224809438,2.7598007174431998,2.855707434505281,2.930148929932836,2.885373500791905,2.566347579345085,1.9062710277206363,1.000118905023559,0.517618452869451,1.2667238100826301,1.8870731901322346,2.1057053867246496,1.9823625212519278,1.8711031734501344,2.2249056282445254,2.9251276043860535,3.535585556116942,0,Yeast
24.52,22.410536310392327,16.791810007533282,9.579475473184237,3.805863117136971,4.083717637014335,5.009662208628382,3.5827840988257207,0.9424543615271802,2.4512902067850333,4.147971361850865,4.297901901550506,3.3140981707514787,2.3955573291925556,2.5971928494144296,3.0992818888100517,3.2422523035692334,3.099899545280692,2.8070881866882162,2.3881878356005966,1.961771304160013,1.7096893697178372,1.511273080842555,1.1314062751752474,0.8538031251046075,1.2459432670223853,1.6971339229860904,1.8074272531929987,1.7949965455154706,2.1972075165857174,2.9717621279785007,3.6437024746902904,0,E_coli
24.52,22.410536310392327,16.791810007533282,9.579475473184237,3.805863117136971,4.083717637014335,5.009662208628382,3.5827840988257207,0.9424543615271802,2.4512902067850333,4.147971361850865,4.297901901550506,3.3140981707514787,2.3955573291925556,2.5971928494144296,3.0992818888100517,3.2422523035692334,3.099899545280692,2.8070881866882162,2.3881878356005966,1.961771304160013,1.7096893697178372,1.511273080842555,1.1314062751752474,0.8538031251046075,1.2459432670223853,1.6971339229860904,1.8074272531929987,1.7949965455154706,2.1972075165857174,2.9717621279785007,3.6437024746902904,0,Mammalian
24.52,22.410536310392327,16.791810007533282,9.579475473184237,3.805863117136971,4.083717637014335,5.009662208628382,3.5827840988257207,0.9424543615271802,2.4512902067850333,4.147971361850865,4.297901901550506,3.3140981707514787,2.3955573291925556,2.5971928494144296,3.0992818888100517,3.2422523035692334,3.099899545280692,2.8070881866882162,2.3881878356005966,1.961771304160013,1.7096893697178372,1.511273080842555,1.1314062751752474,0.8538031251046075,1.2459432670223853,1.6971339229860904,1.8074272531929987,1.7949965455154706,2.1972075165857174,2.9717621279785007,3.6437024746902904,0,Yeast
26.689999999999998,24.03448196035068,17.1105778426188,8.652301018503316,3.0104458761160604,4.300621101554008,4.099785913959002,1.4874759322689017,2.094739581328764,4.2541865949414195,4.5131497602120145,3.201193015933446,1.4206410317390037,0.5168716897191136,0.647846878377014,0.9782334900605031,1.8832153355365395,2.936040671954614,3.891426177222095,4.40075076807222,3.9834724159361117,2.4750619287579827,0.6928601377905114,2.047027885148364,3.01288335094716,2.622582598223998,1.2704320329666867,0.44506061787122947,1.2287156698730006,2.0512828077616083,3.666279394940477,5.360505909025397,0,Mammalian
26.689999999999998,24.03448196035068,17.1105778426188,8.652301018503316,3.0104458761160604,4.300621101554008,4.099785913959002,1.4874759322689017,2.094739581328764,4.2541865949414195,4.5131497602120145,3.201193015933446,1.4206410317390037,0.5168716897191136,0.647846878377014,0.9782334900605031,1.8832153355365395,2.936040671954614,3.891426177222095,4.40075076807222,3.9834724159361117,2.4750619287579827,0.6928601377905114,2.047027885148364,3.01288335094716,2.622582598223998,1.2704320329666867,0.44506061787122947,1.2287156698730006,2.0512828077616083,3.666279394940477,5.360505909025397,0,E_coli
26.689999999999998,24.03448196035068,17.1105778426188,8.652301018503316,3.0104458761160604,4.300621101554008,4.099785913959002,1.4874759322689017,2.094739581328764,4.2541865949414195,4.5131497602120145,3.201193015933446,1.4206410317390037,0.5168716897191136,0.647846878377014,0.9782334900605031,1.8832153355365395,2.936040671954614,3.891426177222095,4.40075076807222,3.9834724159361117,2.4750619287579827,0.6928601377905114,2.047027885148364,3.01288335094716,2.622582598223998,1.2704320329666867,0.44506061787122947,1.2287156698730006,2.0512828077616083,3.666279394940477,5.360505909025397,0,Yeast
28.86,25.60404533145832,17.27804682537186,7.5889110097037324,2.8496671979304073,4.551713827380929,2.9761799517839425,0.8416646892197315,4.20287667998614,5.247920640682404,3.812840958092547,1.2022553178764293,0.9884435302284548,1.6540580767715423,1.59909008343525,2.6180588695903704,4.013826104853075,5.009321649739637,5.403651389389649,4.87212972880046,3.1848758114556754,0.8351887268522828,1.7115285059206764,2.7563721535415655,2.2462029322455863,0.6496605625561381,1.0332952520066683,1.9852870136692526,2.2667470776850074,2.701732221407018,3.395074120804499,3.8092657241616465,0,E_coli
28.86,25.60404533145832,17.27804682537186,7.5889110097037324,2.8496671979304073,4.551713827380929,2.9761799517839425,0.8416646892197315,4.20287667998614,5.247920640682404,3.812840958092547,1.2022553178764293,0.9884435302284548,1.6540580767715423,1.59909008343525,2.6180588695903704,4.013826104853075,5.009321649739637,5.403651389389649,4.87212972880046,3.1848758114556754,0.8351887268522828,1.7115285059206764,2.7563721535415655,2.2462029322455863,0.6496605625561381,1.0332952520066683,1.9852870136692526,2.2667470776850074,2.701732221407018,3.395074120804499,3.8092657241616465,0,Mammalian
28.86,25.60404533145832,17.27804682537186,7.5889110097037324,2.8496671979304073,4.551713827380929,2.9761799517839425,0.8416646892197315,4.20287667998614,5.247920640682404,3.812840958092547,1.2022553178764293,0.9884435302284548,1.6540580767715423,1.59909008343525,2.6180588695903704,4.013826104853075,5.009321649739637,5.403651389389649,4.87212972880046,3.1848758114556754,0.8351887268522828,1.7115285059206764,2.7563721535415655,2.2462029322455863,0.6496605625561381,1.0332952520066683,1.9852870136692526,2.2667470776850074,2.701732221407018,3.395074120804499,3.8092657241616465,0,Yeast
29.73,26.198633410146105,17.25097832229654,7.070052631871643,2.909527448109715,4.519937666825818,2.397695746299398,1.7042153044693906,4.759993752204295,5.134793085770819,3.088884706175155,0.5334877052650314,1.7665783435872362,2.0912197614916392,2.0728135923088833,3.1071112497856888,4.215744299646268,4.802514861626893,4.79140134820372,4.013897485722904,2.4392960547243736,0.5781767856622406,1.196012250631288,1.8885410018604436,1.689218600115468,1.0758690131579336,0.8992187158109687,1.1804942747392297,1.416222349093125,2.0111391446413536,3.170689299385269,4.304972505616616,0,E_coli
29.73,26.198633410146105,17.25097832229654,7.070052631871643,2.909527448109715,4.519937666825818,2.397695746299398,1.7042153044693906,4.759993752204295,5.134793085770819,3.088884706175155,0.5334877052650314,1.7665783435872362,2.0912197614916392,2.0728135923088833,3.1071112497856888,4.215744299646268,4.802514861626893,4.79140134820372,4.013897485722904,2.4392960547243736,0.5781767856622406,1.196012250631288,1.8885410018604436,1.689218600115468,1.0758690131579336,0.8992187158109687,1.1804942747392297,1.416222349093125,2.0111391446413536,3.170689299385269,4.304972505616616,0,Mammalian
29.73,26.198633410146105,17.25097832229654,7.070052631871643,2.909527448109715,4.519937666825818,2.397695746299398,1.7042153044693906,4.759993752204295,5.134793085770819,3.088884706175155,0.5334877052650314,1.7665783435872362,2.0912197614916392,2.0728135923088833,3.1071112497856888,4.215744299646268,4.802514861626893,4.79140134820372,4.013897485722904,2.4392960547243736,0.5781767856622406,1.196012250631288,1.8885410018604436,1.689218600115468,1.0758690131579336,0.8992187158109687,1.1804942747392297,1.416222349093125,2.0111391446413536,3.170689299385269,4.304972505616616,0,Yeast
28.89,25.98652267382939,18.37830477316792,8.865036178863319,0.7445699938642442,3.98947729729163,4.6525152430070795,2.8953934378144353,2.1498969421584295,2.8286738194534182,2.0458486020922937,0.3699333196484984,2.577967211941611,3.9753462119526204,3.949458537324785,2.9082495757591897,1.9592090240706814,2.3694730607038337,3.445786973410657,4.156119488505068,4.001921802968626,3.2078221638801963,3.139129275970965,3.9826968882150497,4.04615164546484,2.7024426053689745,1.7923696551091126,3.789649272527031,5.2804471838391995,5.1666044589123725,3.712051572846059,1.783601037640242,0,Yeast
28.89,25.98652267382939,18.37830477316792,8.865036178863319,0.7445699938642442,3.98947729729163,4.6525152430070795,2.8953934378144353,2.1498969421584295,2.8286738194534182,2.0458486020922937,0.3699333196484984,2.577967211941611,3.9753462119526204,3.949458537324785,2.9082495757591897,1.9592090240706814,2.3694730607038337,3.445786973410657,4.156119488505068,4.001921802968626,3.2078221638801963,3.139129275970965,3.9826968882150497,4.04615164546484,2.7024426053689745,1.7923696551091126,3.789649272527031,5.2804471838391995,5.1666044589123725,3.712051572846059,1.783601037640242,0,E_coli
28.89,25.98652267382939,18.37830477316792,8.865036178863319,0.7445699938642442,3.98947729729163,4.6525152430070795,2.8953934378144353,2.1498969421584295,2.8286738194534182,2.0458486020922937,0.3699333196484984,2.577967211941611,3.9753462119526204,3.949458537324785,2.9082495757591897,1.9592090240706814,2.3694730607038337,3.445786973410657,4.156119488505068,4.001921802968626,3.2078221638801963,3.139129275970965,3.9826968882150497,4.04615164546484,2.7024426053689745,1.7923696551091126,3.789649272527031,5.2804471838391995,5.1666044589123725,3.712051572846059,1.783601037640242,0,Mammalian
20.310000000000002,19.18168335211189,16.032480187060813,11.510937570521568,6.522824211218923,2.0916774188296587,1.7776390440172332,3.4824622892537156,3.7456567660004523,2.830541137309635,1.3124078917951312,0.6090970594625389,1.7187719836142914,2.4388356039573087,2.798836526924703,3.0826594552943845,3.411231449198368,3.623716376644907,3.5096773746348195,3.003343825843039,2.210092939112435,1.3511469825368985,0.7124249468747327,0.5525746075918018,0.5676754277886544,0.42523422237082664,0.22314914797633595,0.5759950415852281,1.2013643820108,1.8965801460984113,2.5414362043140857,3.0023106377771884,0,Mammalian
20.310000000000002,19.18168335211189,16.032480187060813,11.510937570521568,6.522824211218923,2.0916774188296587,1.7776390440172332,3.4824622892537156,3.7456567660004523,2.830541137309635,1.3124078917951312,0.6090970594625389,1.7187719836142914,2.4388356039573087,2.798836526924703,3.0826594552943845,3.411231449198368,3.623716376644907,3.5096773746348195,3.003343825843039,2.210092939112435,1.3511469825368985,0.7124249468747327,0.5525746075918018,0.5676754277886544,0.42523422237082664,0.22314914797633595,0.5759950415852281,1.2013643820108,1.8965801460984113,2.5414362043140857,3.0023106377771884,0,Yeast
20.310000000000002,19.18168335211189,16.032480187060813,11.510937570521568,6.522824211218923,2.0916774188296587,1.7776390440172332,3.4824622892537156,3.7456567660004523,2.830541137309635,1.3124078917951312,0.6090970594625389,1.7187719836142914,2.4388356039573087,2.798836526924703,3.0826594552943845,3.411231449198368,3.623716376644907,3.5096773746348195,3.003343825843039,2.210092939112435,1.3511469825368985,0.7124249468747327,0.5525746075918018,0.5676754277886544,0.42523422237082664,0.22314914797633595,0.5759950415852281,1.2013643820108,1.8965801460984113,2.5414362043140857,3.0023106377771884,0,E_coli
22.479999999999997,21.030873612976873,17.03017555774756,11.416536498142342,5.451251958717784,0.5326324991640428,3.090487551729967,4.439603964408059,4.0383076893386995,2.565981978309751,0.9190907936083018,0.8749707074522001,1.5788768288665782,2.053721914735411,2.7089709017069503,3.4907879682058724,3.998099548535528,3.973913740483908,3.4447228012660926,2.6655654293482804,1.9624011812822393,1.4841087921729528,1.0754955993296946,0.5608648552904252,0.28995000642856833,0.9057548423326508,1.5260812284883165,2.0049962012675513,2.2692689672107615,2.247944363595162,1.9101377055135567,1.353965987942139,0,Mammalian
22.479999999999997,21.030873612976873,17.03017555774756,11.416536498142342,5.451251958717784,0.5326324991640428,3.090487551729967,4.439603964408059,4.0383076893386995,2.565981978309751,0.9190907936083018,0.8749707074522001,1.5788768288665782,2.053721914735411,2.7089709017069503,3.4907879682058724,3.998099548535528,3.973913740483908,3.4447228012660926,2.6655654293482804,1.9624011812822393,1.4841087921729528,1.0754955993296946,0.5608648552904252,0.28995000642856833,0.9057548423326508,1.5260812284883165,2.0049962012675513,2.2692689672107615,2.247944363595162,1.9101377055135567,1.353965987942139,0,E_coli
22.479999999999997,21.030873612976873,17.03017555774756,11.416536498142342,5.451251958717784,0.5326324991640428,3.090487551729967,4.439603964408059,4.0383076893386995,2.565981978309751,0.9190907936083018,0.8749707074522001,1.5788768288665782,2.053721914735411,2.7089709017069503,3.4907879682058724,3.998099548535528,3.973913740483908,3.4447228012660926,2.6655654293482804,1.9624011812822393,1.4841087921729528,1.0754955993296946,0.5608648552904252,0.28995000642856833,0.9057548423326508,1.5260812284883165,2.0049962012675513,2.2692689672107615,2.247944363595162,1.9101377055135567,1.353965987942139,0,Yeast
30.76,27.28075820249966,18.317662801161962,7.544396817346694,1.1296546610638971,4.955916386306204,4.269992927640934,1.7451373977623013,2.866417504138925,3.5500049781158087,2.0011463573986195,0.6858195404795161,2.9543064251111417,3.9061930619553227,3.6364335828668324,2.7615503881578647,2.036860329035841,2.5976359176440087,3.737214949471434,4.107617503720685,3.5628471000915694,3.2795525151846228,3.796337557396898,3.8218294241990316,3.041915628673152,2.6734125170504264,3.0480425705634335,3.1816635680863086,3.6955749802503988,4.8043403818813415,5.0385549529870435,3.614031738496096,0,E_coli
30.76,27.28075820249966,18.317662801161962,7.544396817346694,1.1296546610638971,4.955916386306204,4.269992927640934,1.7451373977623013,2.866417504138925,3.5500049781158087,2.0011463573986195,0.6858195404795161,2.9543064251111417,3.9061930619553227,3.6364335828668324,2.7615503881578647,2.036860329035841,2.5976359176440087,3.737214949471434,4.107617503720685,3.5628471000915694,3.2795525151846228,3.796337557396898,3.8218294241990316,3.041915628673152,2.6734125170504264,3.0480425705634335,3.1816635680863086,3.6955749802503988,4.8043403818813415,5.0385549529870435,3.614031738496096,0,Mammalian
30.76,27.28075820249966,18.317662801161962,7.544396817346694,1.1296546610638971,4.955916386306204,4.269992927640934,1.7451373977623013,2.866417504138925,3.5500049781158087,2.0011463573986195,0.6858195404795161,2.9543064251111417,3.9061930619553227,3.6364335828668324,2.7615503881578647,2.036860329035841,2.5976359176440087,3.737214949471434,4.107617503720685,3.5628471000915694,3.2795525151846228,3.796337557396898,3.8218294241990316,3.041915628673152,2.6734125170504264,3.0480425705634335,3.1816635680863086,3.6955749802503988,4.8043403818813415,5.0385549529870435,3.614031738496096,0,Yeast
30.730000000000004,26.905414630173727,17.462175429225628,7.327747055908632,2.4761656486772403,2.179456907823881,1.5614625126363173,4.460904666785227,5.274207420786962,3.321515610398332,0.953109450514488,2.1264589852438425,2.208977077377057,2.7096024877714378,4.307374006289518,4.893780667925115,4.080012254883557,2.690820424942475,1.5248676748242755,0.717115404921551,0.6238999105190153,1.351280947189917,2.4754224594272722,3.5236449266595034,4.040115850135457,4.261578890743512,4.641780694426105,4.981859195518922,5.271297075064914,5.817432368629789,6.038518845905341,5.33130915348621,0,Mammalian
30.730000000000004,26.905414630173727,17.462175429225628,7.327747055908632,2.4761656486772403,2.179456907823881,1.5614625126363173,4.460904666785227,5.274207420786962,3.321515610398332,0.953109450514488,2.1264589852438425,2.208977077377057,2.7096024877714378,4.307374006289518,4.893780667925115,4.080012254883557,2.690820424942475,1.5248676748242755,0.717115404921551,0.6238999105190153,1.351280947189917,2.4754224594272722,3.5236449266595034,4.040115850135457,4.261578890743512,4.641780694426105,4.981859195518922,5.271297075064914,5.817432368629789,6.038518845905341,5.33130915348621,0,Yeast
30.730000000000004,26.905414630173727,17.462175429225628,7.327747055908632,2.4761656486772403,2.179456907823881,1.5614625126363173,4.460904666785227,5.274207420786962,3.321515610398332,0.953109450514488,2.1264589852438425,2.208977077377057,2.7096024877714378,4.307374006289518,4.893780667925115,4.080012254883557,2.690820424942475,1.5248676748242755,0.717115404921551,0.6238999105190153,1.351280947189917,2.4754224594272722,3.5236449266595034,4.040115850135457,4.261578890743512,4.641780694426105,4.981859195518922,5.271297075064914,5.817432368629789,6.038518845905341,5.33130915348621,0,E_coli
13.79,13.114759967908293,11.206002242731454,8.392758000647666,5.1626144853135365,2.1807124638266195,1.6150063416168166,3.1595450064895108,4.070400911902659,4.196640453663686,3.7725149238138385,3.136605492084419,2.55197476973383,2.0322628443460578,1.3983987029703535,0.5568559709026288,0.6268173577685928,1.6148467157486697,2.3325884452755106,2.535439468216878,2.143610813506812,1.440759097107182,1.759932426327967,3.2823490872089165,4.92065406388033,6.194943351122169,6.85468354804556,6.806235690093069,6.098866216838133,4.88736474373956,3.369519687648054,1.7203196296155718,0,Yeast
13.79,13.114759967908293,11.206002242731454,8.392758000647666,5.1626144853135365,2.1807124638266195,1.6150063416168166,3.1595450064895108,4.070400911902659,4.196640453663686,3.7725149238138385,3.136605492084419,2.55197476973383,2.0322628443460578,1.3983987029703535,0.5568559709026288,0.6268173577685928,1.6148467157486697,2.3325884452755106,2.535439468216878,2.143610813506812,1.440759097107182,1.759932426327967,3.2823490872089165,4.92065406388033,6.194943351122169,6.85468354804556,6.806235690093069,6.098866216838133,4.88736474373956,3.369519687648054,1.7203196296155718,0,E_coli
13.79,13.114759967908293,11.206002242731454,8.392758000647666,5.1626144853135365,2.1807124638266195,1.6150063416168166,3.1595450064895108,4.070400911902659,4.196640453663686,3.7725149238138385,3.136605492084419,2.55197476973383,2.0322628443460578,1.3983987029703535,0.5568559709026288,0.6268173577685928,1.6148467157486697,2.3325884452755106,2.535439468216878,2.143610813506812,1.440759097107182,1.759932426327967,3.2823490872089165,4.92065406388033,6.194943351122169,6.85468354804556,6.806235690093069,6.098866216838133,4.88736474373956,3.369519687648054,1.7203196296155718,0,Mammalian
15.459999999999999,14.557909001170817,12.024764582471649,8.340291006617855,4.185146962754522,0.5449585854988623,2.9285075389857687,4.827180075165682,5.496724532257321,5.163328043394849,4.262730076506098,3.2714832314660036,2.4681642554168497,1.7906917375967415,1.182784779932981,1.308120967858987,2.217791694456447,3.0619167340344844,3.419536337058676,3.1482025123079618,2.425396830322057,2.0541376608591824,2.918477197786029,4.268509337595408,5.369992496873765,5.928664601981757,5.881869279303743,5.32117654665129,4.428877998307574,3.411835360470122,2.451919382069753,1.7079510377975535,0,Yeast
15.459999999999999,14.557909001170817,12.024764582471649,8.340291006617855,4.185146962754522,0.5449585854988623,2.9285075389857687,4.827180075165682,5.496724532257321,5.163328043394849,4.262730076506098,3.2714832314660036,2.4681642554168497,1.7906917375967415,1.182784779932981,1.308120967858987,2.217791694456447,3.0619167340344844,3.419536337058676,3.1482025123079618,2.425396830322057,2.0541376608591824,2.918477197786029,4.268509337595408,5.369992496873765,5.928664601981757,5.881869279303743,5.32117654665129,4.428877998307574,3.411835360470122,2.451919382069753,1.7079510377975535,0,Mammalian
15.459999999999999,14.557909001170817,12.024764582471649,8.340291006617855,4.185146962754522,0.5449585854988623,2.9285075389857687,4.827180075165682,5.496724532257321,5.163328043394849,4.262730076506098,3.2714832314660036,2.4681642554168497,1.7906917375967415,1.182784779932981,1.308120967858987,2.217791694456447,3.0619167340344844,3.419536337058676,3.1482025123079618,2.425396830322057,2.0541376608591824,2.918477197786029,4.268509337595408,5.369992496873765,5.928664601981757,5.881869279303743,5.32117654665129,4.428877998307574,3.411835360470122,2.451919382069753,1.7079510377975535,0,E_coli
21.1,19.355846337294164,14.598400966142584,8.15683055049499,2.762839910457844,5.272101435390193,8.153341060076945,8.698054235492139,7.278936152834993,4.891164705793404,2.7316531316056607,1.922679041176016,2.2395948072119456,2.742108406929081,3.1847827816450613,3.215454535652161,2.51372233947984,1.129146863506923,0.6760394500407747,1.9712950802063278,2.438435768193129,1.976409925044371,1.9304851662344047,3.7208442801043264,5.807055061126225,7.191746801296708,7.458681642980196,6.6236097196893615,5.04873862792351,3.289870044989345,1.9564289983857195,1.4952945132423674,0,Yeast
21.1,19.355846337294164,14.598400966142584,8.15683055049499,2.762839910457844,5.272101435390193,8.153341060076945,8.698054235492139,7.278936152834993,4.891164705793404,2.7316531316056607,1.922679041176016,2.2395948072119456,2.742108406929081,3.1847827816450613,3.215454535652161,2.51372233947984,1.129146863506923,0.6760394500407747,1.9712950802063278,2.438435768193129,1.976409925044371,1.9304851662344047,3.7208442801043264,5.807055061126225,7.191746801296708,7.458681642980196,6.6236097196893615,5.04873862792351,3.289870044989345,1.9564289983857195,1.4952945132423674,0,Mammalian
21.1,19.355846337294164,14.598400966142584,8.15683055049499,2.762839910457844,5.272101435390193,8.153341060076945,8.698054235492139,7.278936152834993,4.891164705793404,2.7316531316056607,1.922679041176016,2.2395948072119456,2.742108406929081,3.1847827816450613,3.215454535652161,2.51372233947984,1.129146863506923,0.6760394500407747,1.9712950802063278,2.438435768193129,1.976409925044371,1.9304851662344047,3.7208442801043264,5.807055061126225,7.191746801296708,7.458681642980196,6.6236097196893615,5.04873862792351,3.289870044989345,1.9564289983857195,1.4952945132423674,0,E_coli
8.5,8.166012182040635,7.210465109274543,5.765039749317436,4.025302713733142,2.2192521700896775,0.571255690386806,0.7324114192867265,1.5705952052691876,1.9024432122804587,1.7685050048415372,1.2780692046089834,0.5854901831985829,0.13986010836644314,0.7443879212706892,1.1162580281084467,1.2020815280171306,1.0117173036709861,0.6109033791358893,0.10372732577163869,0.39121203312474984,0.7660452008918275,0.9452856190725104,0.89978862754219,0.6505618350206526,0.2620609961768815,0.17328851917066046,0.5558937299837212,0.8006824922084211,0.855162864412829,0.7101688274703186,0.40117045368274973,0,Yeast
8.5,8.166012182040635,7.210465109274543,5.765039749317436,4.025302713733142,2.2192521700896775,0.571255690386806,0.7324114192867265,1.5705952052691876,1.9024432122804587,1.7685050048415372,1.2780692046089834,0.5854901831985829,0.13986010836644314,0.7443879212706892,1.1162580281084467,1.2020815280171306,1.0117173036709861,0.6109033791358893,0.10372732577163869,0.39121203312474984,0.7660452008918275,0.9452856190725104,0.89978862754219,0.6505618350206526,0.2620609961768815,0.17328851917066046,0.5558937299837212,0.8006824922084211,0.855162864412829,0.7101688274703186,0.40117045368274973,0,Mammalian
8.5,8.166012182040635,7.210465109274543,5.765039749317436,4.025302713733142,2.2192521700896775,0.571255690386806,0.7324114192867265,1.5705952052691876,1.9024432122804587,1.7685050048415372,1.2780692046089834,0.5854901831985829,0.13986010836644314,0.7443879212706892,1.1162580281084467,1.2020815280171306,1.0117173036709861,0.6109033791358893,0.10372732577163869,0.39121203312474984,0.7660452008918275,0.9452856190725104,0.89978862754219,0.6505618350206526,0.2620609961768815,0.17328851917066046,0.5558937299837212,0.8006824922084211,0.855162864412829,0.7101688274703186,0.40117045368274973,0,E_coli
16.53,16.25943536496494,15.463957322996231,14.190999187996727,12.515700975787237,10.53552594753671,8.363877134361239,6.12480229072109,3.956677899450498,2.079365542981707,1.354122783415887,2.356850644310583,3.5575747595103797,4.551695963674477,5.298791339909467,5.820844253345709,6.156955416437575,6.344910704717154,6.409571078916295,6.357744481106553,6.180347274498593,5.860305626457347,5.382706807957108,4.743768226073076,3.956677899450498,3.0540858208514137,2.0890207725029057,1.1447499533216634,0.49456898585628256,0.8670666477156164,1.435758765718784,1.8176084821537746,0,Yeast
16.53,16.25943536496494,15.463957322996231,14.190999187996727,12.515700975787237,10.53552594753671,8.363877134361239,6.12480229072109,3.956677899450498,2.079365542981707,1.354122783415887,2.356850644310583,3.5575747595103797,4.551695963674477,5.298791339909467,5.820844253345709,6.156955416437575,6.344910704717154,6.409571078916295,6.357744481106553,6.180347274498593,5.860305626457347,5.382706807957108,4.743768226073076,3.956677899450498,3.0540858208514137,2.0890207725029057,1.1447499533216634,0.49456898585628256,0.8670666477156164,1.435758765718784,1.8176084821537746,0,E_coli
16.53,16.25943536496494,15.463957322996231,14.190999187996727,12.515700975787237,10.53552594753671,8.363877134361239,6.12480229072109,3.956677899450498,2.079365542981707,1.354122783415887,2.356850644310583,3.5575747595103797,4.551695963674477,5.298791339909467,5.820844253345709,6.156955416437575,6.344910704717154,6.409571078916295,6.357744481106553,6.180347274498593,5.860305626457347,5.382706807957108,4.743768226073076,3.956677899450498,3.0540858208514137,2.0890207725029057,1.1447499533216634,0.49456898585628256,0.8670666477156164,1.435758765718784,1.8176084821537746,0,Mammalian
10.44,10.03210443691756,8.914329544292936,7.398825834076991,5.977561279992479,5.170190808543987,5.0727391890862,5.205939303705047,5.100543684625912,4.632715658757608,4.000643913762504,3.6081761945327298,3.7129045344868765,4.075169971518896,4.279349455537773,4.091866502449603,3.501371159988612,2.702965673753024,2.141377555099792,2.301871639222935,2.9340964226650543,3.5275350447507963,3.851219349284251,3.8523688760745505,3.562815476729425,3.0509480070019244,2.3956580002049663,1.6823964261063362,1.036426188508185,0.7414387471634329,0.9580693316175772,1.2464547319467951,0,Yeast
10.44,10.03210443691756,8.914329544292936,7.398825834076991,5.977561279992479,5.170190808543987,5.0727391890862,5.205939303705047,5.100543684625912,4.632715658757608,4.000643913762504,3.6081761945327298,3.7129045344868765,4.075169971518896,4.279349455537773,4.091866502449603,3.501371159988612,2.702965673753024,2.141377555099792,2.301871639222935,2.9340964226650543,3.5275350447507963,3.851219349284251,3.8523688760745505,3.562815476729425,3.0509480070019244,2.3956580002049663,1.6823964261063362,1.036426188508185,0.7414387471634329,0.9580693316175772,1.2464547319467951,0,Mammalian
10.44,10.03210443691756,8.914329544292936,7.398825834076991,5.977561279992479,5.170190808543987,5.0727391890862,5.205939303705047,5.100543684625912,4.632715658757608,4.000643913762504,3.6081761945327298,3.7129045344868765,4.075169971518896,4.279349455537773,4.091866502449603,3.501371159988612,2.702965673753024,2.141377555099792,2.301871639222935,2.9340964226650543,3.5275350447507963,3.851219349284251,3.8523688760745505,3.562815476729425,3.0509480070019244,2.3956580002049663,1.6823964261063362,1.036426188508185,0.7414387471634329,0.9580693316175772,1.2464547319467951,0,E_coli
9.250000000000002,8.920108924458116,7.973607600470743,6.533359713928519,4.783665561004847,2.9474590719896603,1.301302142991355,0.807906052898345,1.6638916331161628,2.312937374201943,2.6316420389016453,2.7189412103807027,2.7185305006011964,2.737351729326929,2.786352654717755,2.8013224451326626,2.7164130760987,2.5133139645157527,2.226009662851783,1.9138384881205168,1.6157215226351065,1.3158151511452034,0.9729524889592228,0.6833969020418005,0.9522944047121291,1.7559820718302361,2.756536512355139,3.8012327968490665,4.784974365558388,5.62506869055923,6.261520943042972,6.65639922572482,0,E_coli
9.250000000000002,8.920108924458116,7.973607600470743,6.533359713928519,4.783665561004847,2.9474590719896603,1.301302142991355,0.807906052898345,1.6638916331161628,2.312937374201943,2.6316420389016453,2.7189412103807027,2.7185305006011964,2.737351729326929,2.786352654717755,2.8013224451326626,2.7164130760987,2.5133139645157527,2.226009662851783,1.9138384881205168,1.6157215226351065,1.3158151511452034,0.9729524889592228,0.6833969020418005,0.9522944047121291,1.7559820718302361,2.756536512355139,3.8012327968490665,4.784974365558388,5.62506869055923,6.261520943042972,6.65639922572482,0,Yeast
9.250000000000002,8.920108924458116,7.973607600470743,6.533359713928519,4.783665561004847,2.9474590719896603,1.301302142991355,0.807906052898345,1.6638916331161628,2.312937374201943,2.6316420389016453,2.7189412103807027,2.7185305006011964,2.737351729326929,2.786352654717755,2.8013224451326626,2.7164130760987,2.5133139645157527,2.226009662851783,1.9138384881205168,1.6157215226351065,1.3158151511452034,0.9729524889592228,0.6833969020418005,0.9522944047121291,1.7559820718302361,2.756536512355139,3.8012327968490665,4.784974365558388,5.62506869055923,6.261520943042972,6.65639922572482,0,Mammalian
17.630000000000003,17.375612424093475,16.624671030289786,15.41307959126024,13.798198640302322,11.855315028714648,9.673060409366549,7.348105393752449,4.979503602129438,2.663078185200077,0.4862315002495321,1.4764821966425128,3.1667472553829783,4.544652180979197,5.589540043266819,6.299555727488055,6.69,6.790686300992658,6.642563307003386,6.293909572543184,5.7964230049101575,5.201516917293088,4.557097660315086,3.9050402412032907,3.2795036021294375,2.706143337749234,2.2021942493009954,1.777315914779049,1.4350283800091872,1.1745178377378616,0.9925676800195836,0.8853703956127614,0,E_coli
17.630000000000003,17.375612424093475,16.624671030289786,15.41307959126024,13.798198640302322,11.855315028714648,9.673060409366549,7.348105393752449,4.979503602129438,2.663078185200077,0.4862315002495321,1.4764821966425128,3.1667472553829783,4.544652180979197,5.589540043266819,6.299555727488055,6.69,6.790686300992658,6.642563307003386,6.293909572543184,5.7964230049101575,5.201516917293088,4.557097660315086,3.9050402412032907,3.2795036021294375,2.706143337749234,2.2021942493009954,1.777315914779049,1.4350283800091872,1.1745178377378616,0.9925676800195836,0.8853703956127614,0,Mammalian
17.630000000000003,17.375612424093475,16.624671030289786,15.41307959126024,13.798198640302322,11.855315028714648,9.673060409366549,7.348105393752449,4.979503602129438,2.663078185200077,0.4862315002495321,1.4764821966425128,3.1667472553829783,4.544652180979197,5.589540043266819,6.299555727488055,6.69,6.790686300992658,6.642563307003386,6.293909572543184,5.7964230049101575,5.201516917293088,4.557097660315086,3.9050402412032907,3.2795036021294375,2.706143337749234,2.2021942493009954,1.777315914779049,1.4350283800091872,1.1745178377378616,0.9925676800195836,0.8853703956127614,0,Yeast
28.369999999999997,25.18710347860379,16.633282061509654,5.337766301678806,5.386978726450964,12.626772025855976,14.86817950716931,12.32173887891157,6.7467640175247805,2.433345927124599,6.112775994477136,8.652836597003027,8.597915996418614,6.663233337829563,4.089759753232454,2.2496954537825204,2.3952661647507996,3.526303624516081,4.62883732755911,5.307768190911628,5.32723860857679,4.825640929417311,4.419982781770658,4.709435212231095,5.427980774821599,5.93688150346364,5.934055936531398,5.467868535802413,4.7687765230279435,4.086648743988174,3.5780997964001178,3.284270035000174,0,Mammalian
4.95,4.860745330632402,4.6001280949654095,4.189216435645276,3.6620950779084116,3.065167267008561,2.4582634359267743,1.919924014711537,1.5522832643909374,1.4414166332041902,1.5510992489820135,1.7473712149000051,1.9254619066649636,2.035314589598568,2.0600546074662036,2.0002925543099064,1.8662529303392936,1.6740766392069952,1.4449182293438196,1.2071751215862754,1.0028811045058368,0.8925650631513643,0.9270297949285105,1.090983153007158,1.3252232517926237,1.5814619613573468,1.8311602809442684,2.057843118725407,2.251640641080691,2.406562945856854,2.5190687999490886,2.587197631676506,0,Mammalian
33.39,24.048086576711512,5.367213241183713,6.327079460798397,5.022436402948565,7.26856781144586,7.345401081923755,5.132014758811935,9.896071777108181,9.044164173893753,4.722581665789343,4.134955638637987,8.334303208720865,8.314105651533863,1.5708882053614912,5.488240173633966,5.628827586629384,1.337440143358026,3.9392627564939717,5.971665136756652,10.13137890529378,8.648754218513325,2.2564191885648084,3.421043956618505,0.6849550221167379,4.318883205620512,3.2401176161762293,5.776292845867554,9.991820859123242,6.70184623236103,7.541515553233488,7.991205867706319,0,Mammalian
32.15,27.982758906650314,17.476544931736424,5.673199739015197,4.053713022498766,6.239609422157557,3.370212916117188,1.5428753274200402,4.932588716964727,5.020314975837872,2.3503706897874896,1.1271947434818197,3.5010911242414227,4.277846894743072,3.7953165995393787,2.142679582912915,0.8614522621712704,4.5377608928226385,7.502040889717283,8.379116913412545,6.817880220843861,4.105757068046885,4.111262501826786,6.446020328895302,7.640691627678234,7.020372191657151,5.2076003229854555,3.7956302214351867,3.919525604611854,4.148188944668034,3.5572424270786014,2.5625844417082244,0,Mammalian
7.069999999999999,6.88919198030726,6.361008713436894,5.527356688816696,4.455955322767047,3.240546125029566,2.019597557352413,1.1336510440498555,1.356270622245158,2.1627802732122707,2.88895316232779,3.385395321896388,3.6178824479974643,3.5977772950477953,3.369961647891067,3.0095186174109396,2.6192556194461054,2.3173264308615904,2.190429196968527,2.224992623546522,2.3163984464708234,2.3535640434810245,2.269360003845174,2.0491213855032315,1.736528145246927,1.460459910062789,1.4422877708833803,1.7802553983555167,2.313890012762802,2.8656449066296847,3.3251666219171003,3.6257419877121153,0,Mammalian
23.67,21.51643059477742,16.205105293028154,11.03771091163016,9.579370909216166,9.782555215493094,8.116947191389345,4.762356961301421,3.1738832459842774,4.411028599547837,4.000342874286584,1.3027892282479707,2.556212628225507,5.70879375867699,6.903409603552688,5.850117600388624,3.6067298207656204,3.1492657541947375,4.733654491722347,5.484032496600245,4.854743855289569,3.2603312585438013,1.3176528526171616,0.6389361915862546,2.0668490851681236,2.9174083188903106,3.1151031034563332,3.1489732758890594,3.856383290401991,5.099643930339461,6.143611497776538,6.675157520936528,0,Mammalian
12.079999999999998,11.817780094054799,11.051688528916337,9.841775126776815,8.282848539002083,6.4975372240920555,4.629424496670214,2.845304015529524,1.4115577231286527,1.1188965008969076,1.78570736834373,2.294095071627199,2.4189914203145952,2.146093709678862,1.522700988105488,0.6335305329725774,0.4328972164382674,1.5260345190459348,2.549125936724238,3.389536647897106,3.957638293292101,4.191228971560573,4.060770776442908,3.5726350312804422,2.772130010348694,1.7595075759371386,0.8744490624037239,1.331300676273552,2.474671640412814,3.5655520606177262,4.433585104865202,4.989053924544583,0,Mammalian
52.42999999999999,30.664029369244346,4.101397259107684,10.187544828206905,3.6209741959395947,5.368227871136222,5.255328141134061,6.134317037312678,3.1184462095877845,7.757044793526351,7.9360926486984,2.4951481838101897,7.258058424514817,3.0341768500425546,5.800103568303165,7.05871152364554,4.280432221166456,2.503643969388157,5.391408076432342,6.7910844736164675,2.3842545216141775,3.723930439996353,2.226691763301294,5.993172308733589,6.74497540676818,5.843709997137131,4.407132606962139,12.035601099649542,10.597059222012088,10.533512354667593,5.092763851730992,6.235929339043953,0,Mammalian
44.01,27.679215616250985,1.6137431902249393,8.949530556726657,3.9424158125209114,5.856338245967562,5.313206474013417,9.607964812051398,6.2733222750949045,0.6919087414948424,5.962517874966247,6.2941418053062455,3.238365591997314,9.196462904896933,6.895446080232198,1.6799707440710294,4.325193637283768,5.89925457329771,4.635819208150318,1.8497793032292387,6.048406734533457,2.455510237602238,6.706542400106936,4.572852540801595,4.268820402968263,5.835043309940785,8.710407719813048,12.259106205267026,7.841499973053833,7.547447815456502,6.101798135415218,6.810775798872537,0,Mammalian
38.5,34.531452588044395,24.026046676055977,10.619853674224215,1.4310618371534534,8.276089676263805,8.97310390155073,4.722633995195411,2.825485437847033,7.863502010261114,9.810179716696426,7.879587850368172,3.8051359847565336,4.104206866336035,7.231144126094374,8.016647476377875,6.450503856289058,4.611970296589307,5.060425799599473,6.047280463088005,5.660986985882688,4.165526096859893,3.118221219988437,3.3037817253862585,3.1672436029636795,2.0227209494314677,1.2320793942361934,2.7198251454037674,3.999878560834161,4.409926680285008,4.114338775791806,3.600567183307718,0,Mammalian
11.379999999999999,10.896307798139059,9.518403296056693,7.452572465247067,5.001468545307224,2.512083228544227,0.33295195297266217,1.3272362430269597,2.232857773724118,2.376445766002342,1.889761229079599,1.3424581937231534,2.0281552056023235,3.506869342551542,4.969900400450427,6.059836841833588,6.562514761888159,6.369158247355291,5.481536966819123,4.01234738015264,2.1760144757754136,0.47313743118141505,1.7138598661098492,3.0801961981047454,3.871995113932839,3.9986960464089654,3.4937024784566035,2.497333377790664,1.254455999031651,0.6113759701477736,1.529023881454609,2.2874172412914953,0,Mammalian
15.1,14.77572123834843,13.82246674500065,12.297716978096203,10.293275395535263,7.9302843758479105,5.356310306518453,2.7700351650607833,1.0662988522878634,2.71589212598389,4.728202399985688,6.390280375824132,7.591830119631678,8.291097980198312,8.485807371728509,8.206412924669468,7.51080554934023,6.478241366531715,5.202513755263252,3.784983874844122,2.329059381909124,0.9491842640350291,0.5107568784129285,1.516060484784195,2.349512025423489,2.9240688922834037,3.2288381666470847,3.2766166521724283,3.1002063579482417,2.7535227365540336,2.3191615789712996,1.9271363359648885,0,Mammalian
31.21,27.543598340020935,18.2212142142264,7.763250455007266,4.761141426845659,6.590292962206736,4.5437171034671096,2.3751398689948484,4.7647770656237345,4.7522246192257285,2.6874414989008315,5.656284313260397,8.890894479154866,8.397538367232807,3.877388291840764,3.1427344332563067,8.925340329645701,11.455271138163258,9.921522360775805,5.561315242158196,1.2683584170857687,2.98933264650013,3.6881187716063053,3.081817075629025,3.7696020366752334,5.3477406365487985,6.382803143306585,6.856294416194286,6.9393367550447715,6.399585021090548,5.082214445707948,3.348506982257333,0,Mammalian
31.009999999999998,27.344529398173073,18.027092842136778,7.605373803484105,4.874142979762237,6.770604726898916,4.7189109962236,2.3415042402615773,4.606435102530069,4.605230983635479,2.7187803156920887,5.851260508209107,9.090656694977703,8.593882479102898,4.060988644990128,2.943415209800287,8.729129395306272,11.263920492448197,9.736475753294847,5.390429835041016,1.2754901768437905,3.1893274079759455,3.8881063046150306,3.265762286068553,3.873726325668707,5.429199120144374,6.497671725797717,7.0190004138237585,7.132980854850698,6.5990664704145745,5.272071595137021,3.5330808439271464,0,Mammalian
30.439999999999998,26.77725904022518,17.474574349584426,7.166974391041509,5.224868971971767,7.290130343996578,5.227989597446648,2.3386742676790337,4.174823874092651,4.210334442613821,2.8833186609684653,6.408641575796647,9.660032996289443,9.154331628019783,4.591772193879861,2.375983212969701,8.17093629885829,10.720303572780272,9.212522422822232,4.915473280411775,1.4551564262195886,3.759315536131089,4.458076910411856,3.798918629069931,4.208663163084689,5.693596545397521,6.846560395031,7.492623627225872,7.686652490620201,7.167747158032465,5.81689516114066,4.067126723166698,0,Mammalian
22.02,21.183898172752418,18.783790014973786,15.132212747285092,10.71762634346321,6.210653057176253,2.9650889238671527,3.821410799635186,5.836173039611175,6.824257375235537,6.527037729020723,5.125620539165814,3.224880364688483,2.751464967337988,4.73561252118111,7.014885923721788,8.680276493292135,9.409847685960735,9.121089832868142,7.919552635426603,6.083213790501194,4.098343523968219,2.893344381026218,3.3560556156749426,4.4476830205979905,5.190904293151149,5.320046047385164,4.857723067296787,3.971994734941904,2.9113812288011314,1.9519788644703684,1.3332543883439965,0,Mammalian
24.21,23.128510084184626,20.05947307343433,15.501029446272357,10.206399131332685,5.192713176033111,2.830747024827365,4.660716459317902,6.13468212379298,6.186035206278332,4.9821579715244875,3.203828076993117,2.675607886903111,4.372585269644642,6.338589200738702,7.756874285871845,8.426962679399976,8.359900283438959,7.6620401056945475,6.471191559425874,4.936415079732287,3.2665682056600014,1.9970749180540683,2.293546595276757,3.5367040079733623,4.629042726048685,5.231125304892138,5.253444340704391,4.737715205461909,3.8113525358218303,2.636088280686487,1.357650129431296,0,Mammalian
33.79,30.092298435069697,20.6514730576562,9.731384127776893,3.703921725709504,4.446618716250619,2.6023647523415083,3.3436362718351456,6.447146470549479,6.327120390788614,3.093817347478288,3.763425852601136,6.8848524270089495,6.354510760148822,1.9492013174842249,5.3257551983630735,11.221483859098138,13.810574015823311,12.301839946149702,7.8971074726775505,2.954899095021243,0.4139416553962862,1.1181941509006175,1.1374716996507355,3.1085852710326902,4.667304498084159,5.1343059601805425,4.979942415212806,4.782880120426263,4.349420376478355,3.312060503144902,1.7788896294836685,0,Mammalian
26.08,24.674269575619103,20.75272642925258,15.130366885263742,8.953875130266772,3.560821748756822,2.1877150114112855,4.0366223120039555,4.641368205348449,4.3315362673308435,4.075231931608578,4.2719169792200855,4.419637817465753,4.310043163071617,4.664045717103075,6.10476590067219,7.964935655735081,9.268811962919827,9.413333119065669,8.258195214959477,6.117920767970943,3.7490531550553134,2.5164730082998177,2.9915041081040328,3.4362335750615847,3.3368482093628367,3.3629724551803437,4.111467096847983,5.012341487852421,5.265296297881669,4.505946125678347,2.8819620335538843,0,Mammalian
28.25,26.404207262111083,21.343292968196703,14.353914630313694,7.151405434547966,1.4409710704402323,2.117377830692894,2.872004609189226,2.4727962710845084,3.730600285616733,5.679674334397551,6.3725245622763325,5.132161591999867,2.58522179127752,3.579305474703601,7.325665496620216,10.118878396344131,11.021909958041828,9.920855660387028,7.3432971920340755,4.225461787465643,1.5803155578907684,0.39423484427807154,0.8219156365079734,1.9822912504752035,3.772914573402262,5.346471132949264,6.034257515950472,5.57431523929055,4.172872145297715,2.4077534025771716,1.0219127360041946,0,Mammalian
28.979999999999997,26.912593974215834,21.319988628543737,13.812236630494422,6.42869697304845,0.9350671461614575,1.7947402992274712,2.1565897481914957,2.5593807867434495,4.4334070819633284,5.918012630578437,5.944307627906787,4.451062938434196,2.679167738711365,4.079862615088297,7.075294954932588,9.4713040284852,10.510633131163873,9.9050192482864,7.813107091615672,4.861036697507174,2.0583176623344066,0.9823723344415114,1.1739311813248798,1.458344948374176,3.2975526450461734,5.381873616407697,6.522567881303544,6.148610914044227,4.389775772475584,2.02588606491779,0.7138845320765812,0,Mammalian
33.489999999999995,29.81386514220063,20.442210203404784,9.673820998068987,3.9887997866519536,4.6499798999024415,2.792910337518575,3.619981837623552,6.7285555940040265,6.627109777835204,3.3083683935193062,3.4741621988658498,6.614621022071857,6.175820970901018,2.0182089938125225,5.418520756982869,11.171647148026114,13.65420160680777,12.064831899755534,7.610364785402466,2.6563721388426877,0.7096011074620964,1.408511150411699,1.3569372582736439,3.2850478867738175,4.923918741556445,5.4339277157412225,5.1890851873442765,4.769020031028463,4.129043991051208,3.0121059122080216,1.5450116115871846,0,Mammalian
33.56,29.853353018857664,20.41431986288269,9.60383302569146,4.0215140751356495,4.707699742263682,2.816879251705103,3.6780287431366765,6.752621935768529,6.587997089497669,3.2426767523333435,3.543924779045125,6.637396277982593,6.128023494472274,1.9650870569524699,5.474788407913289,11.16114689447281,13.590985560966246,12.0038079589558,7.6031527049009595,2.7111241668524118,0.6436790186679411,1.3521121881295879,1.290457845876627,3.230309117186416,4.928648539108248,5.499880026319708,5.228699309692857,4.71904661392717,4.071638423950143,3.038407965861679,1.6142948443045666,0,Mammalian
34.46,30.74589787246806,21.245749807577322,10.15201015704573,3.306150520403816,3.7383442862638945,1.869012589844593,3.267523042728651,6.376717180358531,6.05160658639799,2.3773927622110786,3.7979416360245635,7.372192712585509,7.1020262802392695,2.906425557558491,4.482996822182434,10.214156842343865,12.783616161341719,11.344782288380296,7.1090377070465385,2.555949839454613,1.4983041382396938,1.9733823633782657,2.3142212096835397,4.249738580397665,5.88372599559028,6.239987589846368,5.554870083061054,4.4741103879013355,3.2967189424863728,2.0646144775990094,1.1459602149055053,0,Mammalian
32.64,28.979116058585042,19.666062957578067,9.10457874489262,4.444724999369115,5.488383300049853,3.6059080954409737,3.561300346386067,6.489668706892822,6.52181482237012,3.686606377899722,4.159468908833257,6.934056904805186,6.258939882596676,1.6096862342870437,5.362532829204727,11.332925482857462,13.962724945374099,12.502218291880009,8.170138778511122,3.35974279981192,0.8313634502228415,1.1475815074505342,1.9023457477452905,3.988007030432125,5.524267699873954,5.776202284992569,5.097867620650343,4.201071629955709,3.296486228617024,2.242659097181302,1.2422481688196458,0,Mammalian
32.82,29.155812902381403,19.82991809921943,9.2215185394999,4.338286878921663,5.310531344729099,3.4322478840222583,3.55689465291648,6.531759407927192,6.535033288373585,3.5930748537962107,4.009084714598607,6.858865905603752,6.231761879444638,1.6686346322310355,5.363206260698222,11.293626521184416,13.893622776045753,12.406022259817458,8.047356140360549,3.2048676866142465,0.7285818187116214,1.1565387920212982,1.766883640956149,3.8341777523941984,5.391532922313794,5.6948559116694355,5.105522878184463,4.313612008099295,3.4720872084408563,2.4010706063750393,1.26541874122922,0,Mammalian
32.04,28.390426308843033,19.121976022812174,8.730283726621812,4.83112180630198,6.082135989764262,4.188643222342011,3.6407959900615747,6.384110206793573,6.513583005361877,4.0408743510365515,4.6758870230818195,7.211529471558226,6.3854446120448305,1.5540003955687631,5.403765493553351,11.483344460565485,14.207115638201223,12.835901808609385,8.593985708694188,3.891639027646449,1.3013880739672046,1.3100182360881967,2.3966068697747844,4.514768750170281,5.984581983017791,6.078070646080347,5.118191966346703,3.8630105425716423,2.7153135540741125,1.7451224572341337,1.3481469704281113,0,Mammalian
31.98,28.310136300016065,18.969721826697892,8.38787179995595,4.3844588718083015,5.907937222327572,3.8916134188365508,2.645558818902667,5.400263566761707,5.350342189476297,2.7049874527139153,4.909400942868892,8.121919218357947,7.643383655327705,3.1889979697264463,3.9107624841756694,9.682200163186051,12.19456292800635,10.639005711049611,6.23541312784326,1.5118815838604776,2.219361629538181,2.91818272351172,2.3977510765262307,3.448587161361319,5.0956273617512595,5.982538147776563,6.250114992846972,6.1975771627526255,5.6319248541551525,4.359740591895746,2.6588114333580593,0,Mammalian
32.51,28.83786051918462,19.485901559892525,8.831155797181028,4.188228030040702,5.4518469867054,3.470943954564299,2.9364088242455897,5.856463552210204,5.785697931509922,2.840964966809973,4.3999454276432255,7.592745244466558,7.126259558737395,2.7405223419955655,4.439802107354274,10.204298114030186,12.70554582751199,11.136934230346663,6.711403312847926,1.8549418625606153,1.689396929825368,2.3882507023226376,1.9642179482149267,3.3146394467020732,4.984190436602336,5.750915029891435,5.855289416531813,5.691375607665688,5.1039449928535285,3.8731091726918927,2.2150510047137946,0,Mammalian
30.41,26.74740592059337,17.44552558778032,7.144415293176732,5.2443947305083976,7.317681975085335,5.255129742651596,2.3423706446216355,4.1530321404972375,4.190667387877424,2.8948299069092207,6.438038633186593,9.690002201515346,9.183861517416627,4.619967013068765,2.34615285844937,8.141603036257663,10.691768277243444,9.185097849880043,4.891038085930018,1.4701365726772009,3.7893150102323028,4.4880755701663695,3.8272736737153936,4.227685423490841,5.708749652710281,6.865742751247751,7.517921778817706,7.715858973757908,7.197683502162344,5.845703088638256,4.095502895643159,0,Mammalian
32.21,28.539138337740127,19.1936318332217,8.579032131272834,4.2923719762769865,5.708443406633736,3.705615434261515,2.7630645754159424,5.5966401654436835,5.53724398290971,2.752311543977576,4.687757003085412,7.892264067242316,7.418748105423397,2.9911027933739156,4.140315546118522,9.908667922581724,12.416114399925801,10.854714886156774,6.440938930269791,1.648642620166322,1.9893746384871844,2.688208931782105,2.204441512105337,3.3809198243292453,5.040730508953028,5.87727543306175,6.0762492281777885,5.977398114661504,5.402752932371575,4.147255419156408,2.462050530093128,0,Mammalian
32.51,28.880250256137,19.62447728172445,8.92562256629183,3.0135803779755603,3.8232356273424237,1.8279129763007123,4.165388433115785,7.626896841103805,7.602280741996052,4.27956739273329,3.5955951712563032,6.622282088723773,6.3752658198040795,2.145720720590212,4.509028147267251,10.204298114030186,12.685779719219163,11.200456888287956,6.959346994558956,2.3522412052823434,0.9441858231947542,1.0255169567556053,0.9442379374331814,3.537943551720522,5.406622254387086,5.997157855475866,5.722200030535322,5.210822828980164,4.49885127107634,3.360117440202062,1.9478961182755885,0,Mammalian
31.83,28.182649744013688,18.875658534138392,8.113536769746068,2.9730678948213467,4.542856656263316,2.3756054982058994,3.064193774456377,6.447146470549479,6.451594433741417,3.5772152359356633,4.689457908323812,7.884632511650096,7.565317272273838,3.1668941497330643,3.464738096575293,9.299811826053256,11.8932035479144,10.495298983013388,6.306061021468742,1.680592681073757,1.3267590285843895,1.6099593053961647,0.8081045489912843,3.1085852710326902,5.037197954428565,5.87752360827306,6.060899146234677,6.051036744999504,5.651572047431949,4.59100997014797,3.1437041312945286,0,Mammalian
35.03,31.25784544252644,21.603620563995218,10.323832038892068,3.474353379670848,4.062602754518451,2.2751897005438795,3.1829695554954016,6.327246840492606,6.1253913163149365,2.5175904145396326,3.594950150785616,7.2104701568964,7.056392939398339,2.972335507071109,4.220382041596215,9.874517709741577,12.435556098364314,11.046595028720686,6.887728754532213,2.3887507344238816,1.4048123508433592,1.763877410363044,1.7765493828022592,3.754270557575246,5.494014854503418,6.018784303016961,5.522421804921412,4.51303208923508,3.21182622301701,1.7967083118569056,1.032329846888406,0,Mammalian
27.71,24.76313657197465,17.05793209637892,7.620880557954393,3.0640265025930957,6.4048797191199,6.586915051255445,5.003253471261281,6.157486262240827,8.590769165704149,9.237755223697476,7.808619990191766,5.437152041223619,3.5680727073515213,3.066756370386062,3.8082932808478924,4.901601779010612,5.361104072938835,4.874834841492416,4.232778565181686,4.31173812749321,4.226335468963843,3.008925321978554,1.9848140160937413,3.763929187739256,5.306554709381168,5.4623679089902115,5.428407296128835,6.841581220152715,8.326239353324134,7.888883127311414,5.006343545433015,2,Mammalian
17.2,16.68707191298803,15.204090383588397,12.911662083108489,10.056470088951537,6.947240373342944,3.9525310947292973,1.7669545324049476,2.181616675431704,3.4840543750201745,4.2553291851331485,4.361813113204885,3.8785736776095954,2.9624317788675736,1.827476800075438,0.8828406842997047,1.207476707849886,2.0938046019640013,2.8341079707897725,3.3348798282207834,3.607738613734825,3.7031518313798513,3.6882612610049548,3.634527721433315,3.6115576530741307,3.680771060803351,3.881333292360792,4.2130750077816845,4.63321677372684,5.071609473380914,5.4520315826580354,5.709239192671971,2,Mammalian
20.7,19.61196935451789,16.571991400657694,12.210000735161433,7.47270113703915,3.743961985249512,3.2838629226501452,4.380687113758422,4.490866593443014,3.4779279320241656,2.088017255539574,2.114890317215884,3.310219389394373,4.040236307690319,3.8691246251766263,2.826740966390546,1.197079780131632,0.9424929868972696,2.7471273681870194,4.280105179530162,5.361280597292131,5.981559318631354,6.226242429109984,6.225867416700958,6.1119978108551,5.977451550734309,5.84216253132481,5.64436108005825,5.276841448032173,4.655248294264601,3.7918514332295166,2.8845806292020053,2,Mammalian
23.6,21.70055407530296,16.62382101318348,10.093032998025652,4.953907441494703,4.796858311431245,5.735524050539794,4.756719454869549,2.563839799495228,2.08096481110023,3.452367486531091,3.801379986829643,3.053999219131754,2.3928633184984256,2.798559268611562,3.0747843638904393,2.3272301132462156,0.8712393133965367,2.282739830195356,4.661625136667791,6.587648610122767,7.754829791256579,8.141474085985294,7.898428069443613,7.230458179294329,6.293606260542388,5.150753754231342,3.846782805122002,2.6884150758753043,2.6202339696719914,3.706534484322466,4.780942199471736,2,Mammalian
27.509999999999998,23.967724850106528,15.128654754087284,6.316485067538872,6.66872065666261,8.029666930915548,5.148557064898497,1.4617116216030435,4.2797531248608855,4.799014271706421,2.2340755046596437,2.063402920656901,4.754037568922049,4.923041824809151,2.70754898192373,0.7239672205956712,2.5360007886434097,2.347523236561545,1.3238897955371922,4.487082422624005,8.028514560285702,10.349453833375835,10.95185547021695,9.956507805096264,7.797968529703327,4.944147128078199,1.95153911102436,2.268426850490495,4.814586747786314,6.253425256168795,5.885467126573166,3.7417771320996023,2,Mammalian
13.32,12.90735369702362,11.725026807526682,9.941348511182612,7.849943772767534,5.920320519636959,4.8468249200723825,5.04601106092488,5.907725427376898,6.64103653662948,6.855381123428206,6.434563210061266,5.426828101456533,4.013464974091889,2.5812383780520207,2.0728273192497833,2.969478068617447,4.12416839907381,4.929950793485009,5.1914286977617286,4.862230274362749,3.9910611019120377,2.7047432689191804,1.2345390251858712,0.8863296648112591,2.221511788444703,3.4162503258529675,4.217235332814266,4.553354398759255,4.447200398960458,4.023602288910286,3.528480035270137,2,Mammalian
55.14,29.62539207017795,7.302176234036729,7.366430047679065,8.076790888046071,2.325502663393187,10.177338589627944,7.2337774003178845,11.629870280898142,4.832966931325432,6.720068438213278,5.662703383595796,7.236640224041699,2.0854978627835514,4.389565903513663,7.99874243505244,6.950165465656196,4.592324797628266,4.049959194569639,6.663018502470629,4.755752869251281,6.131805825830894,4.616598084703365,8.464573252668675,10.220025305716328,3.3529466364768354,8.816333227031521,6.352841872603268,7.404762107263535,6.385778867978414,1.466667624294322,4.3794823524574875,2,Mammalian
30.32,26.84897325672421,17.86012877089615,6.9326767017441995,2.0017693784535986,6.072811700562682,5.049028145872948,1.4821801353991226,5.75347833588583,10.112806889063702,11.821434498245573,10.416475820541837,6.468605721305411,1.6225384928303568,3.2028661757189654,5.214734499359402,5.064721117692465,5.123506701444807,6.766656176762193,7.515671311073102,5.937320964700741,2.716069236477734,1.5007487331220721,2.8502845685179774,2.234700659706445,1.0787569797769307,2.6663301625379336,3.3117460341155933,2.2852306535458187,2.4221495878887898,5.0890913357076,7.295165023004525,2,Mammalian
13.969999999999999,13.013380789235544,10.422090528458254,6.985285924894856,4.01338136757123,3.3577212602823927,4.210071490379915,4.547250448069768,4.13208252682651,3.3449099183919295,2.5256988468682913,1.7358375930319039,1.17980666602261,1.6960326026398156,2.741211251871019,3.5538325753997433,3.90103832331855,3.8859659796251096,3.8215935415980375,3.914203349961423,4.026854474194006,3.896926114827071,3.416503906337481,2.6741328881278084,1.8797058257863233,1.3497432006255825,1.4751543679310017,2.09117433666841,2.7728810419677963,3.286834587882262,3.5443443288746495,3.5983992939018643,2,Mammalian
18.97,16.549253284142768,10.564723121754204,4.076775077221333,0.4171620989529769,0.41827374226254094,2.2013378922500224,4.979995841776039,6.034108044392905,4.8207723792649855,2.4913800695829407,1.0852210687102317,1.146462940768308,2.150733176112767,3.7637458762384974,4.59137291510649,4.153901780254319,2.987376155852694,2.1535820803702843,2.627856870071308,3.909496629106359,4.81926478185853,4.592665907321189,3.2541452366853867,1.6066549438485018,0.7121724666218164,1.1567954199888157,2.4714904531795874,3.8018725143865693,4.322413798002892,3.803696572536963,2.7156144147542927,2,Mammalian
39.17999999999999,28.594927151098926,6.531820602415155,8.272198205149365,7.221440849354554,4.235798699197389,8.619485475417461,5.578314728999046,0.7326838883767764,3.0497399085879313,6.060899884338826,4.85356821464577,1.3328324876710154,6.225153685827568,5.694948243744032,2.6660981648733286,4.147794594721391,5.3609955514281875,4.759804620419374,1.2703902275648926,3.2405091158883104,3.9633948501937413,5.284063297345908,6.8392014939331665,1.9306927046304112,7.082148811048304,12.404768673473376,10.02276368217463,4.4352057775177505,3.2066649734603785,1.3605499082064783,3.5668995181470033,2,Mammalian
22.82,21.388139328288016,17.425909296713826,11.894979079848044,6.4616797362981515,4.590111900104954,6.630962318088269,7.85214727598695,7.142649372541628,4.834299073079912,1.7463956758806771,1.1879685936717308,3.211670830751268,4.031791315104381,4.061312769799976,4.4778507645370595,5.884165191426903,7.429472690797015,8.184004893033316,7.705473360276298,6.036904499891478,3.6773937019757894,1.994608468269104,3.0196952714546983,4.4527474598196894,5.14114304862247,5.138682825917951,4.864291067983987,4.740089610925655,4.834160870110004,4.938562992577185,4.942110903178964,1,Mammalian
22.82,21.388139328288016,17.425909296713826,11.894979079848044,6.4616797362981515,4.590111900104954,6.630962318088269,7.85214727598695,7.142649372541628,4.834299073079912,1.7463956758806771,1.1879685936717308,3.211670830751268,4.031791315104381,4.061312769799976,4.4778507645370595,5.884165191426903,7.429472690797015,8.184004893033316,7.705473360276298,6.036904499891478,3.6773937019757894,1.994608468269104,3.0196952714546983,4.4527474598196894,5.14114304862247,5.138682825917951,4.864291067983987,4.740089610925655,4.834160870110004,4.938562992577185,4.942110903178964,1,Yeast
22.82,21.388139328288016,17.425909296713826,11.894979079848044,6.4616797362981515,4.590111900104954,6.630962318088269,7.85214727598695,7.142649372541628,4.834299073079912,1.7463956758806771,1.1879685936717308,3.211670830751268,4.031791315104381,4.061312769799976,4.4778507645370595,5.884165191426903,7.429472690797015,8.184004893033316,7.705473360276298,6.036904499891478,3.6773937019757894,1.994608468269104,3.0196952714546983,4.4527474598196894,5.14114304862247,5.138682825917951,4.864291067983987,4.740089610925655,4.834160870110004,4.938562992577185,4.942110903178964,0,E_coli
18.509999999999998,17.955677284054275,16.34965221768115,13.857552291349027,10.740001330742071,7.339936770777807,4.123172873187624,2.194641427173847,3.1006588890817306,4.482405857315594,5.13807340569998,4.8933418564069076,3.812605355859205,2.1543806870325475,1.322918289274707,3.2488400120526144,5.5339045889859735,7.515178478391833,8.938127752977426,9.658480839215468,9.628810403705058,8.896647788876562,7.597134125301068,5.941968370419107,4.21707415793918,2.8226068469029015,2.277807622609594,2.52785412984962,2.839510877886095,2.82870668726474,2.4625646152430263,1.9232975573452917,1,Mammalian
18.509999999999998,17.955677284054275,16.34965221768115,13.857552291349027,10.740001330742071,7.339936770777807,4.123172873187624,2.194641427173847,3.1006588890817306,4.482405857315594,5.13807340569998,4.8933418564069076,3.812605355859205,2.1543806870325475,1.322918289274707,3.2488400120526144,5.5339045889859735,7.515178478391833,8.938127752977426,9.658480839215468,9.628810403705058,8.896647788876562,7.597134125301068,5.941968370419107,4.21707415793918,2.8226068469029015,2.277807622609594,2.52785412984962,2.839510877886095,2.82870668726474,2.4625646152430263,1.9232975573452917,1,Yeast
18.509999999999998,17.955677284054275,16.34965221768115,13.857552291349027,10.740001330742071,7.339936770777807,4.123172873187624,2.194641427173847,3.1006588890817306,4.482405857315594,5.13807340569998,4.8933418564069076,3.812605355859205,2.1543806870325475,1.322918289274707,3.2488400120526144,5.5339045889859735,7.515178478391833,8.938127752977426,9.658480839215468,9.628810403705058,8.896647788876562,7.597134125301068,5.941968370419107,4.21707415793918,2.8226068469029015,2.277807622609594,2.52785412984962,2.839510877886095,2.82870668726474,2.4625646152430263,1.9232975573452917,0,E_coli
24.619999999999997,23.10398659283885,18.9049090054541,12.98092241370327,6.662892010181529,1.4973009081197124,2.479635517448126,3.479860872143404,2.417757183034828,1.5235845961285066,4.053025970890731,6.359008689130298,7.196293842117907,6.335485331314202,4.7308424349094995,5.286115311165623,8.286857064050277,11.134909372630752,12.520049068436233,12.035244837934792,9.934498183776757,7.056347721659166,4.821863553936208,4.522421700542068,5.01578011917224,4.780324317827007,3.592463208797966,2.039268650833366,1.6018023707971585,2.3436697932755455,2.639875909215956,2.321088655383355,1,Mammalian
24.619999999999997,23.10398659283885,18.9049090054541,12.98092241370327,6.662892010181529,1.4973009081197124,2.479635517448126,3.479860872143404,2.417757183034828,1.5235845961285066,4.053025970890731,6.359008689130298,7.196293842117907,6.335485331314202,4.7308424349094995,5.286115311165623,8.286857064050277,11.134909372630752,12.520049068436233,12.035244837934792,9.934498183776757,7.056347721659166,4.821863553936208,4.522421700542068,5.01578011917224,4.780324317827007,3.592463208797966,2.039268650833366,1.6018023707971585,2.3436697932755455,2.639875909215956,2.321088655383355,1,Yeast
24.619999999999997,23.10398659283885,18.9049090054541,12.98092241370327,6.662892010181529,1.4973009081197124,2.479635517448126,3.479860872143404,2.417757183034828,1.5235845961285066,4.053025970890731,6.359008689130298,7.196293842117907,6.335485331314202,4.7308424349094995,5.286115311165623,8.286857064050277,11.134909372630752,12.520049068436233,12.035244837934792,9.934498183776757,7.056347721659166,4.821863553936208,4.522421700542068,5.01578011917224,4.780324317827007,3.592463208797966,2.039268650833366,1.6018023707971585,2.3436697932755455,2.639875909215956,2.321088655383355,0,E_coli
36.58,29.6573441295109,13.230752585514782,2.8598355544519434,10.298673133007801,7.731703589103999,1.2288016731337446,4.297058993117517,2.8989970297502667,2.7109196767406503,6.744931685089163,6.456791840452937,3.331627311904996,4.2325341361993445,5.054828391076993,2.4784672940410952,3.3668976818430356,8.152901425935296,11.088847780782892,10.834405974035683,7.59159220253296,4.812770225094967,5.570382303125418,4.49116034372979,2.253933499795224,6.289725090317691,8.725861320843023,8.25778450615521,7.39419495174916,6.589983752181169,4.347169086924152,3.4066943272017314,1,Mammalian
36.58,29.6573441295109,13.230752585514782,2.8598355544519434,10.298673133007801,7.731703589103999,1.2288016731337446,4.297058993117517,2.8989970297502667,2.7109196767406503,6.744931685089163,6.456791840452937,3.331627311904996,4.2325341361993445,5.054828391076993,2.4784672940410952,3.3668976818430356,8.152901425935296,11.088847780782892,10.834405974035683,7.59159220253296,4.812770225094967,5.570382303125418,4.49116034372979,2.253933499795224,6.289725090317691,8.725861320843023,8.25778450615521,7.39419495174916,6.589983752181169,4.347169086924152,3.4066943272017314,0,E_coli
36.58,29.6573441295109,13.230752585514782,2.8598355544519434,10.298673133007801,7.731703589103999,1.2288016731337446,4.297058993117517,2.8989970297502667,2.7109196767406503,6.744931685089163,6.456791840452937,3.331627311904996,4.2325341361993445,5.054828391076993,2.4784672940410952,3.3668976818430356,8.152901425935296,11.088847780782892,10.834405974035683,7.59159220253296,4.812770225094967,5.570382303125418,4.49116034372979,2.253933499795224,6.289725090317691,8.725861320843023,8.25778450615521,7.39419495174916,6.589983752181169,4.347169086924152,3.4066943272017314,1,Yeast
43.540000000000006,31.676790881838652,7.287801020464971,8.625220344141667,7.294942685221569,3.968623426623787,5.161135345266551,2.6218771587758933,5.9735735127602565,2.587240263889259,8.046294434458062,9.977939072024014,6.258515074128425,6.458553527391446,5.121733493346573,1.313508165748493,2.9511353747329174,8.117451048309432,10.749213356456229,10.074640102317836,9.219612634087872,4.291808779903934,5.6050819852755644,7.790787046922414,1.597128513191436,10.265759818249053,10.562337002101634,3.4578700363732535,11.005050802409178,11.157721954315768,5.4799758522139665,3.8814127400340435,1,Yeast
43.540000000000006,31.676790881838652,7.287801020464971,8.625220344141667,7.294942685221569,3.968623426623787,5.161135345266551,2.6218771587758933,5.9735735127602565,2.587240263889259,8.046294434458062,9.977939072024014,6.258515074128425,6.458553527391446,5.121733493346573,1.313508165748493,2.9511353747329174,8.117451048309432,10.749213356456229,10.074640102317836,9.219612634087872,4.291808779903934,5.6050819852755644,7.790787046922414,1.597128513191436,10.265759818249053,10.562337002101634,3.4578700363732535,11.005050802409178,11.157721954315768,5.4799758522139665,3.8814127400340435,0,E_coli
43.540000000000006,31.676790881838652,7.287801020464971,8.625220344141667,7.294942685221569,3.968623426623787,5.161135345266551,2.6218771587758933,5.9735735127602565,2.587240263889259,8.046294434458062,9.977939072024014,6.258515074128425,6.458553527391446,5.121733493346573,1.313508165748493,2.9511353747329174,8.117451048309432,10.749213356456229,10.074640102317836,9.219612634087872,4.291808779903934,5.6050819852755644,7.790787046922414,1.597128513191436,10.265759818249053,10.562337002101634,3.4578700363732535,11.005050802409178,11.157721954315768,5.4799758522139665,3.8814127400340435,1,Mammalian
42.56,31.39727153178486,8.152744120429587,7.819514423790378,7.818440870657236,3.7168372693112706,4.280512088541729,1.6641658884998518,5.038728386297355,1.712583536105753,7.066367280545193,9.38688335730844,6.167601797802182,6.603473445810881,6.030575941070222,2.0794766807561693,3.801578619468496,7.536905733968202,10.102124317693598,10.99409070595644,9.220303417367868,3.441837807657617,6.28993473814062,7.120440513815292,1.338363272479212,9.725442161289667,9.651089979579698,4.425179577038423,10.51069337900494,10.184838403583312,4.71440922151717,3.083492965788563,0,E_coli
42.56,31.39727153178486,8.152744120429587,7.819514423790378,7.818440870657236,3.7168372693112706,4.280512088541729,1.6641658884998518,5.038728386297355,1.712583536105753,7.066367280545193,9.38688335730844,6.167601797802182,6.603473445810881,6.030575941070222,2.0794766807561693,3.801578619468496,7.536905733968202,10.102124317693598,10.99409070595644,9.220303417367868,3.441837807657617,6.28993473814062,7.120440513815292,1.338363272479212,9.725442161289667,9.651089979579698,4.425179577038423,10.51069337900494,10.184838403583312,4.71440922151717,3.083492965788563,1,Mammalian
42.56,31.39727153178486,8.152744120429587,7.819514423790378,7.818440870657236,3.7168372693112706,4.280512088541729,1.6641658884998518,5.038728386297355,1.712583536105753,7.066367280545193,9.38688335730844,6.167601797802182,6.603473445810881,6.030575941070222,2.0794766807561693,3.801578619468496,7.536905733968202,10.102124317693598,10.99409070595644,9.220303417367868,3.441837807657617,6.28993473814062,7.120440513815292,1.338363272479212,9.725442161289667,9.651089979579698,4.425179577038423,10.51069337900494,10.184838403583312,4.71440922151717,3.083492965788563,1,Yeast
42.56,31.218410544806417,7.925076629549172,7.6453720735914565,7.0892195470792405,4.593965524197983,4.507518245452991,2.774335448783846,5.780888864898138,2.6000552741572083,8.479654522762926,9.738681201380457,5.7498097746824595,5.9062852125106815,4.14211391584038,1.210812669967977,2.2107012462112565,8.61987659208593,11.6501145637857,9.545452903315953,8.594859342773171,5.164976051489793,4.685093585901977,7.304934086278323,0.9464269288733962,9.382976863997003,10.575118815252416,4.200297359265969,10.050425197284957,10.430171824508982,5.0267864437205265,3.224683077979814,1,Mammalian
42.56,31.218410544806417,7.925076629549172,7.6453720735914565,7.0892195470792405,4.593965524197983,4.507518245452991,2.774335448783846,5.780888864898138,2.6000552741572083,8.479654522762926,9.738681201380457,5.7498097746824595,5.9062852125106815,4.14211391584038,1.210812669967977,2.2107012462112565,8.61987659208593,11.6501145637857,9.545452903315953,8.594859342773171,5.164976051489793,4.685093585901977,7.304934086278323,0.9464269288733962,9.382976863997003,10.575118815252416,4.200297359265969,10.050425197284957,10.430171824508982,5.0267864437205265,3.224683077979814,0,E_coli
42.56,31.218410544806417,7.925076629549172,7.6453720735914565,7.0892195470792405,4.593965524197983,4.507518245452991,2.774335448783846,5.780888864898138,2.6000552741572083,8.479654522762926,9.738681201380457,5.7498097746824595,5.9062852125106815,4.14211391584038,1.210812669967977,2.2107012462112565,8.61987659208593,11.6501145637857,9.545452903315953,8.594859342773171,5.164976051489793,4.685093585901977,7.304934086278323,0.9464269288733962,9.382976863997003,10.575118815252416,4.200297359265969,10.050425197284957,10.430171824508982,5.0267864437205265,3.224683077979814,1,Yeast
41.58,30.96518413282199,8.82817197213461,6.8409926775164225,7.715379015919395,4.498507077386655,3.569067771557535,1.9917015192149126,4.808729489878912,1.6200889244713874,7.50734140066214,9.073537528286737,5.529231659361978,5.931278619619932,5.0515554129295435,1.4768529105761279,2.951135374732919,7.958034720784728,10.975331862445131,10.435048708927011,8.516227709640287,4.363079554608182,5.418614077435338,6.556801263926677,0.3689453796551829,8.809845907133985,9.7030289673674,5.131762495520493,9.57772360717174,9.466876212213675,4.386192964735829,2.593267693774952,1,Mammalian
41.58,30.96518413282199,8.82817197213461,6.8409926775164225,7.715379015919395,4.498507077386655,3.569067771557535,1.9917015192149126,4.808729489878912,1.6200889244713874,7.50734140066214,9.073537528286737,5.529231659361978,5.931278619619932,5.0515554129295435,1.4768529105761279,2.951135374732919,7.958034720784728,10.975331862445131,10.435048708927011,8.516227709640287,4.363079554608182,5.418614077435338,6.556801263926677,0.3689453796551829,8.809845907133985,9.7030289673674,5.131762495520493,9.57772360717174,9.466876212213675,4.386192964735829,2.593267693774952,0,E_coli
41.58,30.96518413282199,8.82817197213461,6.8409926775164225,7.715379015919395,4.498507077386655,3.569067771557535,1.9917015192149126,4.808729489878912,1.6200889244713874,7.50734140066214,9.073537528286737,5.529231659361978,5.931278619619932,5.0515554129295435,1.4768529105761279,2.951135374732919,7.958034720784728,10.975331862445131,10.435048708927011,8.516227709640287,4.363079554608182,5.418614077435338,6.556801263926677,0.3689453796551829,8.809845907133985,9.7030289673674,5.131762495520493,9.57772360717174,9.466876212213675,4.386192964735829,2.593267693774952,1,Yeast
38.32,30.033714819157705,11.632509069971679,4.107266588919725,9.169157182074878,6.283964035457512,1.2632852749652115,2.8487467605888894,3.3841605447254697,1.389181887464731,6.9592393355613895,8.082255906468996,4.945650417198731,5.748388998558589,5.148114744356626,1.0587584998678443,2.5927977167530853,6.780083113962837,12.125950291270232,12.063297979419815,6.1584137429932735,5.697313345879483,6.223495889318974,2.898497329679809,3.8691416887371064,4.893355352702712,8.542904025578567,9.858693399690106,6.7235882303557455,5.497109258469292,5.192433414057654,4.703745004778055,0,E_coli
38.32,30.033714819157705,11.632509069971679,4.107266588919725,9.169157182074878,6.283964035457512,1.2632852749652115,2.8487467605888894,3.3841605447254697,1.389181887464731,6.9592393355613895,8.082255906468996,4.945650417198731,5.748388998558589,5.148114744356626,1.0587584998678443,2.5927977167530853,6.780083113962837,12.125950291270232,12.063297979419815,6.1584137429932735,5.697313345879483,6.223495889318974,2.898497329679809,3.8691416887371064,4.893355352702712,8.542904025578567,9.858693399690106,6.7235882303557455,5.497109258469292,5.192433414057654,4.703745004778055,1,Mammalian
38.32,30.033714819157705,11.632509069971679,4.107266588919725,9.169157182074878,6.283964035457512,1.2632852749652115,2.8487467605888894,3.3841605447254697,1.389181887464731,6.9592393355613895,8.082255906468996,4.945650417198731,5.748388998558589,5.148114744356626,1.0587584998678443,2.5927977167530853,6.780083113962837,12.125950291270232,12.063297979419815,6.1584137429932735,5.697313345879483,6.223495889318974,2.898497329679809,3.8691416887371064,4.893355352702712,8.542904025578567,9.858693399690106,6.7235882303557455,5.497109258469292,5.192433414057654,4.703745004778055,1,Yeast
40.42,30.605943535005068,9.758181705094646,5.942881596855741,8.064436091592942,4.82111672112498,3.1343703633299898,1.9370650645502892,4.852180877159279,1.8616684115754571,7.810176504335106,10.13620826780103,6.981538582284357,7.707636830373491,5.8969725538719615,1.6215508799328042,2.8987238571481773,5.363758293978643,13.673722778278492,13.706166913324514,4.482037270634472,7.273766735979763,7.461234782630109,1.0677584649990763,5.962813156164617,3.3388484912420875,8.804956160882522,11.948217117601686,6.337186398815454,4.574442816496124,6.741728102797003,6.6137536458062005,1,Yeast
40.42,30.605943535005068,9.758181705094646,5.942881596855741,8.064436091592942,4.82111672112498,3.1343703633299898,1.9370650645502892,4.852180877159279,1.8616684115754571,7.810176504335106,10.13620826780103,6.981538582284357,7.707636830373491,5.8969725538719615,1.6215508799328042,2.8987238571481773,5.363758293978643,13.673722778278492,13.706166913324514,4.482037270634472,7.273766735979763,7.461234782630109,1.0677584649990763,5.962813156164617,3.3388484912420875,8.804956160882522,11.948217117601686,6.337186398815454,4.574442816496124,6.741728102797003,6.6137536458062005,1,Mammalian
40.42,30.605943535005068,9.758181705094646,5.942881596855741,8.064436091592942,4.82111672112498,3.1343703633299898,1.9370650645502892,4.852180877159279,1.8616684115754571,7.810176504335106,10.13620826780103,6.981538582284357,7.707636830373491,5.8969725538719615,1.6215508799328042,2.8987238571481773,5.363758293978643,13.673722778278492,13.706166913324514,4.482037270634472,7.273766735979763,7.461234782630109,1.0677584649990763,5.962813156164617,3.3388484912420875,8.804956160882522,11.948217117601686,6.337186398815454,4.574442816496124,6.741728102797003,6.6137536458062005,0,E_coli
39.32,30.289399435086523,10.729552073793437,4.9552494718779725,8.596951764542883,5.536467450224344,2.1009925351808296,2.222087712132709,4.013753504923173,1.2494986085405404,7.301760073905716,9.057695087857518,5.909527611045004,6.670690661591562,5.4168027498343605,0.8598155320868871,2.5342849090029334,6.05633799348108,12.843438794263868,12.828994048271197,5.322786770472855,6.410668185465604,6.760005483033017,1.9605057154620016,4.865447852121833,4.092811847273116,8.604998079862938,10.853200348577296,6.4578204348293005,4.969217544083475,5.887775837129783,5.596320052132335,1,Mammalian
39.32,30.289399435086523,10.729552073793437,4.9552494718779725,8.596951764542883,5.536467450224344,2.1009925351808296,2.222087712132709,4.013753504923173,1.2494986085405404,7.301760073905716,9.057695087857518,5.909527611045004,6.670690661591562,5.4168027498343605,0.8598155320868871,2.5342849090029334,6.05633799348108,12.843438794263868,12.828994048271197,5.322786770472855,6.410668185465604,6.760005483033017,1.9605057154620016,4.865447852121833,4.092811847273116,8.604998079862938,10.853200348577296,6.4578204348293005,4.969217544083475,5.887775837129783,5.596320052132335,0,E_coli
39.32,30.289399435086523,10.729552073793437,4.9552494718779725,8.596951764542883,5.536467450224344,2.1009925351808296,2.222087712132709,4.013753504923173,1.2494986085405404,7.301760073905716,9.057695087857518,5.909527611045004,6.670690661591562,5.4168027498343605,0.8598155320868871,2.5342849090029334,6.05633799348108,12.843438794263868,12.828994048271197,5.322786770472855,6.410668185465604,6.760005483033017,1.9605057154620016,4.865447852121833,4.092811847273116,8.604998079862938,10.853200348577296,6.4578204348293005,4.969217544083475,5.887775837129783,5.596320052132335,1,Yeast
29.97,25.891398974945655,15.502318077762629,3.5279558862925176,6.100701520741464,9.645785721235992,9.217039647160293,9.224032090358724,9.784992252112541,7.160803555565605,1.340400800609212,7.393678880045554,12.677252728412501,12.934407334175907,8.146412652838288,0.9310015045673032,5.695902035674419,8.66543935634042,7.994541316245788,6.034870867892997,5.47478994759145,5.028748703304956,3.412442219167957,3.288228977798385,5.003651329389127,5.951569749384116,6.799507576599518,8.238121342346547,8.738682923904049,7.006626150325396,3.5137508308638843,0.35788219381760905,0,E_coli
29.97,25.891398974945655,15.502318077762629,3.5279558862925176,6.100701520741464,9.645785721235992,9.217039647160293,9.224032090358724,9.784992252112541,7.160803555565605,1.340400800609212,7.393678880045554,12.677252728412501,12.934407334175907,8.146412652838288,0.9310015045673032,5.695902035674419,8.66543935634042,7.994541316245788,6.034870867892997,5.47478994759145,5.028748703304956,3.412442219167957,3.288228977798385,5.003651329389127,5.951569749384116,6.799507576599518,8.238121342346547,8.738682923904049,7.006626150325396,3.5137508308638843,0.35788219381760905,1,Mammalian
29.97,25.891398974945655,15.502318077762629,3.5279558862925176,6.100701520741464,9.645785721235992,9.217039647160293,9.224032090358724,9.784992252112541,7.160803555565605,1.340400800609212,7.393678880045554,12.677252728412501,12.934407334175907,8.146412652838288,0.9310015045673032,5.695902035674419,8.66543935634042,7.994541316245788,6.034870867892997,5.47478994759145,5.028748703304956,3.412442219167957,3.288228977798385,5.003651329389127,5.951569749384116,6.799507576599518,8.238121342346547,8.738682923904049,7.006626150325396,3.5137508308638843,0.35788219381760905,1,Yeast
22.7,21.7488706485233,19.034913628489942,14.953366371172072,10.09155836823405,5.148315204763826,1.2099162864377433,3.0222629617196675,4.958044163735657,5.494008302324124,4.751036583544562,3.0863243665558624,0.9833808824115365,1.059386026415444,2.597174031522202,3.3601897483491485,3.2811278548694194,2.5523030656468495,1.797708440177325,2.1037686716500095,3.05406933904465,3.70741579150636,3.737154544477124,3.210600719128669,2.690984591268926,3.137541516687648,4.400071555181212,5.612532437262705,6.250093776331697,6.092567143090491,5.184958510117791,3.9074919953343286,0,E_coli
22.7,21.7488706485233,19.034913628489942,14.953366371172072,10.09155836823405,5.148315204763826,1.2099162864377433,3.0222629617196675,4.958044163735657,5.494008302324124,4.751036583544562,3.0863243665558624,0.9833808824115365,1.059386026415444,2.597174031522202,3.3601897483491485,3.2811278548694194,2.5523030656468495,1.797708440177325,2.1037686716500095,3.05406933904465,3.70741579150636,3.737154544477124,3.210600719128669,2.690984591268926,3.137541516687648,4.400071555181212,5.612532437262705,6.250093776331697,6.092567143090491,5.184958510117791,3.9074919953343286,1,Yeast
22.7,21.7488706485233,19.034913628489942,14.953366371172072,10.09155836823405,5.148315204763826,1.2099162864377433,3.0222629617196675,4.958044163735657,5.494008302324124,4.751036583544562,3.0863243665558624,0.9833808824115365,1.059386026415444,2.597174031522202,3.3601897483491485,3.2811278548694194,2.5523030656468495,1.797708440177325,2.1037686716500095,3.05406933904465,3.70741579150636,3.737154544477124,3.210600719128669,2.690984591268926,3.137541516687648,4.400071555181212,5.612532437262705,6.250093776331697,6.092567143090491,5.184958510117791,3.9074919953343286,1,Mammalian
21.03,19.96735937798773,16.96985567019725,12.584918732340832,7.691484934087987,3.8826452160071243,4.257025225543382,6.279937846602502,7.149920334895136,6.529566612753204,4.723645734553221,2.451771883785671,1.8205977198831627,3.389797243549461,4.472173388436377,4.494261203218096,3.4641737831696613,1.7218343694513196,1.2863320693993563,3.327824382264348,5.188220220899567,6.40681907888788,6.84577114323645,6.533199605998029,5.617120187841189,4.328154725420422,3.0074366693080585,2.3281617453747385,2.9276021571420157,4.134899587186981,5.274984631420963,6.054591691609148,1,Mammalian
21.03,19.96735937798773,16.96985567019725,12.584918732340832,7.691484934087987,3.8826452160071243,4.257025225543382,6.279937846602502,7.149920334895136,6.529566612753204,4.723645734553221,2.451771883785671,1.8205977198831627,3.389797243549461,4.472173388436377,4.494261203218096,3.4641737831696613,1.7218343694513196,1.2863320693993563,3.327824382264348,5.188220220899567,6.40681907888788,6.84577114323645,6.533199605998029,5.617120187841189,4.328154725420422,3.0074366693080585,2.3281617453747385,2.9276021571420157,4.134899587186981,5.274984631420963,6.054591691609148,0,E_coli
21.03,19.96735937798773,16.96985567019725,12.584918732340832,7.691484934087987,3.8826452160071243,4.257025225543382,6.279937846602502,7.149920334895136,6.529566612753204,4.723645734553221,2.451771883785671,1.8205977198831627,3.389797243549461,4.472173388436377,4.494261203218096,3.4641737831696613,1.7218343694513196,1.2863320693993563,3.327824382264348,5.188220220899567,6.40681907888788,6.84577114323645,6.533199605998029,5.617120187841189,4.328154725420422,3.0074366693080585,2.3281617453747385,2.9276021571420157,4.134899587186981,5.274984631420963,6.054591691609148,1,Yeast
10.690000000000001,9.921158152650925,7.779825609589482,4.758820731408062,2.008489960044612,2.9678401538852173,5.036673022023437,6.072403559840814,5.82861585250991,4.488251976464773,2.5896947775930332,1.6543876832877615,2.8940791076392487,4.022731056980068,4.275637322648999,3.5762920260306363,2.125299978826519,0.40118655492091515,1.6127413540466977,2.996522157865788,3.6974566108991818,3.6397726202613168,3.0522914614042564,2.684432393159897,3.4339827087319748,4.867404401398143,6.202177904748297,7.012810522668063,7.1038784343233194,6.45070424041857,5.195441867167176,3.7186438165954505,1,Mammalian
10.690000000000001,9.921158152650925,7.779825609589482,4.758820731408062,2.008489960044612,2.9678401538852173,5.036673022023437,6.072403559840814,5.82861585250991,4.488251976464773,2.5896947775930332,1.6543876832877615,2.8940791076392487,4.022731056980068,4.275637322648999,3.5762920260306363,2.125299978826519,0.40118655492091515,1.6127413540466977,2.996522157865788,3.6974566108991818,3.6397726202613168,3.0522914614042564,2.684432393159897,3.4339827087319748,4.867404401398143,6.202177904748297,7.012810522668063,7.1038784343233194,6.45070424041857,5.195441867167176,3.7186438165954505,0,E_coli
10.690000000000001,9.921158152650925,7.779825609589482,4.758820731408062,2.008489960044612,2.9678401538852173,5.036673022023437,6.072403559840814,5.82861585250991,4.488251976464773,2.5896947775930332,1.6543876832877615,2.8940791076392487,4.022731056980068,4.275637322648999,3.5762920260306363,2.125299978826519,0.40118655492091515,1.6127413540466977,2.996522157865788,3.6974566108991818,3.6397726202613168,3.0522914614042564,2.684432393159897,3.4339827087319748,4.867404401398143,6.202177904748297,7.012810522668063,7.1038784343233194,6.45070424041857,5.195441867167176,3.7186438165954505,1,Yeast
18.39,17.487913893830783,14.92690253789263,11.129330134929063,6.7932790091565485,3.3139155308010206,3.940916565522727,6.198302726956327,7.397265576386057,7.124973362018084,5.495866268864732,2.967802853451838,1.5951280197375535,4.124638535133036,6.673903497753592,8.355899485742501,8.920947259119965,8.361628220913882,6.866371433091854,4.766683299495492,2.4779576385670676,0.6881347271989773,1.6011046120614292,2.590133998036957,2.953008972626714,2.7846939490508826,2.329952014036314,1.9135602754737466,1.7746697850215079,1.8327992464414402,1.8740208861200363,1.840456734926573,1,Yeast
18.39,17.487913893830783,14.92690253789263,11.129330134929063,6.7932790091565485,3.3139155308010206,3.940916565522727,6.198302726956327,7.397265576386057,7.124973362018084,5.495866268864732,2.967802853451838,1.5951280197375535,4.124638535133036,6.673903497753592,8.355899485742501,8.920947259119965,8.361628220913882,6.866371433091854,4.766683299495492,2.4779576385670676,0.6881347271989773,1.6011046120614292,2.590133998036957,2.953008972626714,2.7846939490508826,2.329952014036314,1.9135602754737466,1.7746697850215079,1.8327992464414402,1.8740208861200363,1.840456734926573,1,Mammalian
18.39,17.487913893830783,14.92690253789263,11.129330134929063,6.7932790091565485,3.3139155308010206,3.940916565522727,6.198302726956327,7.397265576386057,7.124973362018084,5.495866268864732,2.967802853451838,1.5951280197375535,4.124638535133036,6.673903497753592,8.355899485742501,8.920947259119965,8.361628220913882,6.866371433091854,4.766683299495492,2.4779576385670676,0.6881347271989773,1.6011046120614292,2.590133998036957,2.953008972626714,2.7846939490508826,2.329952014036314,1.9135602754737466,1.7746697850215079,1.8327992464414402,1.8740208861200363,1.840456734926573,0,E_coli
35.61,30.681901651747133,18.33053140355141,5.451304972795723,7.742479294608128,9.812305519842901,5.718068726179341,1.434526747345732,5.175882374695661,4.550005870959366,0.011028094049001555,5.351766820966734,8.24547013874364,7.567764057070388,5.370538771015374,5.429700885975395,6.482352967865913,7.142487603768626,8.628323514052788,9.952714580631739,9.210344813437901,6.256951209550277,2.5066725553033695,0.8224069570856719,2.6901378483852443,3.638776025220999,3.0319997197477035,1.2865391967664668,4.726794366294022,8.418084622029701,9.270388553510049,6.426915383808113,1,Mammalian
35.61,30.681901651747133,18.33053140355141,5.451304972795723,7.742479294608128,9.812305519842901,5.718068726179341,1.434526747345732,5.175882374695661,4.550005870959366,0.011028094049001555,5.351766820966734,8.24547013874364,7.567764057070388,5.370538771015374,5.429700885975395,6.482352967865913,7.142487603768626,8.628323514052788,9.952714580631739,9.210344813437901,6.256951209550277,2.5066725553033695,0.8224069570856719,2.6901378483852443,3.638776025220999,3.0319997197477035,1.2865391967664668,4.726794366294022,8.418084622029701,9.270388553510049,6.426915383808113,1,Yeast
35.61,30.681901651747133,18.33053140355141,5.451304972795723,7.742479294608128,9.812305519842901,5.718068726179341,1.434526747345732,5.175882374695661,4.550005870959366,0.011028094049001555,5.351766820966734,8.24547013874364,7.567764057070388,5.370538771015374,5.429700885975395,6.482352967865913,7.142487603768626,8.628323514052788,9.952714580631739,9.210344813437901,6.256951209550277,2.5066725553033695,0.8224069570856719,2.6901378483852443,3.638776025220999,3.0319997197477035,1.2865391967664668,4.726794366294022,8.418084622029701,9.270388553510049,6.426915383808113,0,E_coli
30.7,29.059987584279778,24.45209994806038,17.743840941565725,10.171339603463858,3.143680453067842,2.8336477470735075,6.0209534137507585,6.840822513190593,5.567049110702781,2.9526549045957706,0.40109822169817566,2.6635184104160277,4.040443821022464,4.02360646572719,2.806699244039231,1.4556098378342992,2.66452080010467,4.524469351067121,5.677539016273754,5.845077384650635,5.125717071670548,3.900640894055796,2.765628567187556,2.3004232964880016,2.3245206262166755,2.1924221568636475,1.7359919582118861,1.4067660487189217,1.896202881759417,2.7671522169665566,3.4494222854229264,1,Yeast
30.7,29.059987584279778,24.45209994806038,17.743840941565725,10.171339603463858,3.143680453067842,2.8336477470735075,6.0209534137507585,6.840822513190593,5.567049110702781,2.9526549045957706,0.40109822169817566,2.6635184104160277,4.040443821022464,4.02360646572719,2.806699244039231,1.4556098378342992,2.66452080010467,4.524469351067121,5.677539016273754,5.845077384650635,5.125717071670548,3.900640894055796,2.765628567187556,2.3004232964880016,2.3245206262166755,2.1924221568636475,1.7359919582118861,1.4067660487189217,1.896202881759417,2.7671522169665566,3.4494222854229264,1,Mammalian
30.7,29.059987584279778,24.45209994806038,17.743840941565725,10.171339603463858,3.143680453067842,2.8336477470735075,6.0209534137507585,6.840822513190593,5.567049110702781,2.9526549045957706,0.40109822169817566,2.6635184104160277,4.040443821022464,4.02360646572719,2.806699244039231,1.4556098378342992,2.66452080010467,4.524469351067121,5.677539016273754,5.845077384650635,5.125717071670548,3.900640894055796,2.765628567187556,2.3004232964880016,2.3245206262166755,2.1924221568636475,1.7359919582118861,1.4067660487189217,1.896202881759417,2.7671522169665566,3.4494222854229264,0,E_coli
40.16,25.649820569936445,3.622292226548171,7.138643375354613,7.324285968962864,12.045208602256185,2.430495937534862,6.544946829707661,2.1642963184226125,5.4298473952257895,2.8600163444713216,6.651921577253972,7.5958277386983415,8.101138449125193,7.465111248021105,1.6815968161194281,1.9413912537147162,11.069021281879941,17.234090583378503,13.572249668556085,8.33818079536529,3.9299776775560273,5.749771553008727,3.0729463847861975,5.765780211390505,7.524275529269791,5.252810424420069,8.599786124232384,5.885046901484812,4.675543156965678,4.8698193584937775,2.2200261518734226,1,Yeast
40.16,25.649820569936445,3.622292226548171,7.138643375354613,7.324285968962864,12.045208602256185,2.430495937534862,6.544946829707661,2.1642963184226125,5.4298473952257895,2.8600163444713216,6.651921577253972,7.5958277386983415,8.101138449125193,7.465111248021105,1.6815968161194281,1.9413912537147162,11.069021281879941,17.234090583378503,13.572249668556085,8.33818079536529,3.9299776775560273,5.749771553008727,3.0729463847861975,5.765780211390505,7.524275529269791,5.252810424420069,8.599786124232384,5.885046901484812,4.675543156965678,4.8698193584937775,2.2200261518734226,0,E_coli
40.16,25.649820569936445,3.622292226548171,7.138643375354613,7.324285968962864,12.045208602256185,2.430495937534862,6.544946829707661,2.1642963184226125,5.4298473952257895,2.8600163444713216,6.651921577253972,7.5958277386983415,8.101138449125193,7.465111248021105,1.6815968161194281,1.9413912537147162,11.069021281879941,17.234090583378503,13.572249668556085,8.33818079536529,3.9299776775560273,5.749771553008727,3.0729463847861975,5.765780211390505,7.524275529269791,5.252810424420069,8.599786124232384,5.885046901484812,4.675543156965678,4.8698193584937775,2.2200261518734226,1,Mammalian
41.46,26.54880807752026,2.3514375316383753,7.944413159765413,7.15544145574203,10.798326927296241,1.1499316032534437,6.8508306211094405,1.4234363318186387,6.54792193050888,3.9298590136749274,5.356391489847416,6.401617014345214,6.801629435241913,6.205615638227444,1.4096392230302035,2.450510150968568,11.911063404220476,18.53204340383023,14.210580453050042,7.179512874867818,4.177623719780009,6.7533232207562905,3.4386845802636654,7.063301565787681,8.309087875193057,3.9568206825684977,8.700866115330811,7.161449019207041,4.405302060874565,3.5703367301153497,1.6259363232667492,0,E_coli
41.46,26.54880807752026,2.3514375316383753,7.944413159765413,7.15544145574203,10.798326927296241,1.1499316032534437,6.8508306211094405,1.4234363318186387,6.54792193050888,3.9298590136749274,5.356391489847416,6.401617014345214,6.801629435241913,6.205615638227444,1.4096392230302035,2.450510150968568,11.911063404220476,18.53204340383023,14.210580453050042,7.179512874867818,4.177623719780009,6.7533232207562905,3.4386845802636654,7.063301565787681,8.309087875193057,3.9568206825684977,8.700866115330811,7.161449019207041,4.405302060874565,3.5703367301153497,1.6259363232667492,1,Yeast
41.46,26.54880807752026,2.3514375316383753,7.944413159765413,7.15544145574203,10.798326927296241,1.1499316032534437,6.8508306211094405,1.4234363318186387,6.54792193050888,3.9298590136749274,5.356391489847416,6.401617014345214,6.801629435241913,6.205615638227444,1.4096392230302035,2.450510150968568,11.911063404220476,18.53204340383023,14.210580453050042,7.179512874867818,4.177623719780009,6.7533232207562905,3.4386845802636654,7.063301565787681,8.309087875193057,3.9568206825684977,8.700866115330811,7.161449019207041,4.405302060874565,3.5703367301153497,1.6259363232667492,1,Mammalian
42.06,26.974753474005002,1.779150726344671,8.358408631961625,7.156253405097492,10.22730554227431,0.5883907739183382,7.068596584467442,1.3926228022210652,7.084929260491011,4.46502549338937,4.7592767876421735,5.865634685003133,6.201925454623985,5.630523461570594,1.65501487167617,2.859545418418808,12.326568566548186,19.131192315352294,14.534985838012275,6.6623577683202955,4.418056583375255,7.248346646943733,3.750163938013455,7.662440977308338,8.712985673887156,3.359716840594409,8.812047800448616,7.753202945300797,4.406139212049447,2.9707282124038725,1.652006074887187,1,Mammalian
42.06,26.974753474005002,1.779150726344671,8.358408631961625,7.156253405097492,10.22730554227431,0.5883907739183382,7.068596584467442,1.3926228022210652,7.084929260491011,4.46502549338937,4.7592767876421735,5.865634685003133,6.201925454623985,5.630523461570594,1.65501487167617,2.859545418418808,12.326568566548186,19.131192315352294,14.534985838012275,6.6623577683202955,4.418056583375255,7.248346646943733,3.750163938013455,7.662440977308338,8.712985673887156,3.359716840594409,8.812047800448616,7.753202945300797,4.406139212049447,2.9707282124038725,1.652006074887187,0,E_coli
42.06,26.974753474005002,1.779150726344671,8.358408631961625,7.156253405097492,10.22730554227431,0.5883907739183382,7.068596584467442,1.3926228022210652,7.084929260491011,4.46502549338937,4.7592767876421735,5.865634685003133,6.201925454623985,5.630523461570594,1.65501487167617,2.859545418418808,12.326568566548186,19.131192315352294,14.534985838012275,6.6623577683202955,4.418056583375255,7.248346646943733,3.750163938013455,7.662440977308338,8.712985673887156,3.359716840594409,8.812047800448616,7.753202945300797,4.406139212049447,2.9707282124038725,1.652006074887187,1,Yeast
39.36,25.11405600604598,4.41280438255588,6.720206100467854,7.538545690422601,12.81776753716684,3.2262717112499812,6.480336336740684,2.828405118773595,4.787691306319804,2.32152516785192,7.449944944187883,8.346454689860975,8.900907576088873,8.246436439021364,2.2416762783307664,2.018167485616593,10.596953203481323,16.43551122788801,13.22771102902822,9.070269258733457,3.9861191451886513,5.1979162611681184,3.1076404110717055,4.967949726405787,7.1167280538736,6.051197752643714,8.634822967220233,5.105491020223557,5.005084261837809,5.6696188811017425,2.831002635605853,0,E_coli
39.36,25.11405600604598,4.41280438255588,6.720206100467854,7.538545690422601,12.81776753716684,3.2262717112499812,6.480336336740684,2.828405118773595,4.787691306319804,2.32152516785192,7.449944944187883,8.346454689860975,8.900907576088873,8.246436439021364,2.2416762783307664,2.018167485616593,10.596953203481323,16.43551122788801,13.22771102902822,9.070269258733457,3.9861191451886513,5.1979162611681184,3.1076404110717055,4.967949726405787,7.1167280538736,6.051197752643714,8.634822967220233,5.105491020223557,5.005084261837809,5.6696188811017425,2.831002635605853,1,Yeast
39.36,25.11405600604598,4.41280438255588,6.720206100467854,7.538545690422601,12.81776753716684,3.2262717112499812,6.480336336740684,2.828405118773595,4.787691306319804,2.32152516785192,7.449944944187883,8.346454689860975,8.900907576088873,8.246436439021364,2.2416762783307664,2.018167485616593,10.596953203481323,16.43551122788801,13.22771102902822,9.070269258733457,3.9861191451886513,5.1979162611681184,3.1076404110717055,4.967949726405787,7.1167280538736,6.051197752643714,8.634822967220233,5.105491020223557,5.005084261837809,5.6696188811017425,2.831002635605853,1,Mammalian
39.36,25.11405600604598,4.41280438255588,6.720206100467854,7.538545690422601,12.81776753716684,3.2262717112499812,6.480336336740684,2.828405118773595,4.787691306319804,2.32152516785192,7.449944944187883,8.346454689860975,8.900907576088873,8.246436439021364,2.2416762783307664,2.018167485616593,10.596953203481323,16.43551122788801,13.22771102902822,9.070269258733457,3.9861191451886513,5.1979162611681184,3.1076404110717055,4.967949726405787,7.1167280538736,6.051197752643714,8.634822967220233,5.105491020223557,5.005084261837809,5.6696188811017425,2.831002635605853,1,Yeast
39.36,25.11405600604598,4.41280438255588,6.720206100467854,7.538545690422601,12.81776753716684,3.2262717112499812,6.480336336740684,2.828405118773595,4.787691306319804,2.32152516785192,7.449944944187883,8.346454689860975,8.900907576088873,8.246436439021364,2.2416762783307664,2.018167485616593,10.596953203481323,16.43551122788801,13.22771102902822,9.070269258733457,3.9861191451886513,5.1979162611681184,3.1076404110717055,4.967949726405787,7.1167280538736,6.051197752643714,8.634822967220233,5.105491020223557,5.005084261837809,5.6696188811017425,2.831002635605853,1,Mammalian
39.36,25.11405600604598,4.41280438255588,6.720206100467854,7.538545690422601,12.81776753716684,3.2262717112499812,6.480336336740684,2.828405118773595,4.787691306319804,2.32152516785192,7.449944944187883,8.346454689860975,8.900907576088873,8.246436439021364,2.2416762783307664,2.018167485616593,10.596953203481323,16.43551122788801,13.22771102902822,9.070269258733457,3.9861191451886513,5.1979162611681184,3.1076404110717055,4.967949726405787,7.1167280538736,6.051197752643714,8.634822967220233,5.105491020223557,5.005084261837809,5.6696188811017425,2.831002635605853,0,E_coli
43.06,27.698992449676677,0.9086117855340832,9.094603832411382,7.268516360555699,9.28372962223737,0.5650711347115486,7.524428226248701,1.8424920805277036,7.9998619356648435,5.3874131676258585,3.7661242397885095,5.004726435131886,5.202570514849919,4.685937414694816,2.3648241730431963,3.6601912518337065,13.051017634776082,20.129886501159742,15.113167795300223,5.835782228711033,4.956177696266233,8.104964739673518,4.404054127849973,8.661271438604885,9.432642758677634,2.3677998523087713,9.082806756257868,8.74195796174328,4.58545057073455,1.971909993189737,2.1146038190893965,1,Mammalian
43.06,27.698992449676677,0.9086117855340832,9.094603832411382,7.268516360555699,9.28372962223737,0.5650711347115486,7.524428226248701,1.8424920805277036,7.9998619356648435,5.3874131676258585,3.7661242397885095,5.004726435131886,5.202570514849919,4.685937414694816,2.3648241730431963,3.6601912518337065,13.051017634776082,20.129886501159742,15.113167795300223,5.835782228711033,4.956177696266233,8.104964739673518,4.404054127849973,8.661271438604885,9.432642758677634,2.3677998523087713,9.082806756257868,8.74195796174328,4.58545057073455,1.971909993189737,2.1146038190893965,1,Yeast
43.06,27.698992449676677,0.9086117855340832,9.094603832411382,7.268516360555699,9.28372962223737,0.5650711347115486,7.524428226248701,1.8424920805277036,7.9998619356648435,5.3874131676258585,3.7661242397885095,5.004726435131886,5.202570514849919,4.685937414694816,2.3648241730431963,3.6601912518337065,13.051017634776082,20.129886501159742,15.113167795300223,5.835782228711033,4.956177696266233,8.104964739673518,4.404054127849973,8.661271438604885,9.432642758677634,2.3677998523087713,9.082806756257868,8.74195796174328,4.58545057073455,1.971909993189737,2.1146038190893965,0,E_coli
16.549999999999997,15.684598026226977,13.26050037585181,9.75641354247441,5.853783097421564,2.295410679110085,0.4732495499307391,1.61750812705805,1.411971391596922,0.045455271073197266,2.1660712744358794,4.464396945144386,6.321827274911169,7.317493753894812,7.291565950769478,6.389102451766167,5.044055907699676,3.878796974345086,3.3235384550815743,3.105364087271148,2.8409625361484054,2.986588163232941,4.217336518981621,6.023645317169177,7.579507687792912,8.29971410871449,7.873238915765114,6.286312507256002,3.8131686590986287,0.9504173733072506,1.6979516081758697,3.5602597263134164,1,Mammalian
16.549999999999997,15.684598026226977,13.26050037585181,9.75641354247441,5.853783097421564,2.295410679110085,0.4732495499307391,1.61750812705805,1.411971391596922,0.045455271073197266,2.1660712744358794,4.464396945144386,6.321827274911169,7.317493753894812,7.291565950769478,6.389102451766167,5.044055907699676,3.878796974345086,3.3235384550815743,3.105364087271148,2.8409625361484054,2.986588163232941,4.217336518981621,6.023645317169177,7.579507687792912,8.29971410871449,7.873238915765114,6.286312507256002,3.8131686590986287,0.9504173733072506,1.6979516081758697,3.5602597263134164,0,E_coli
16.549999999999997,15.684598026226977,13.26050037585181,9.75641354247441,5.853783097421564,2.295410679110085,0.4732495499307391,1.61750812705805,1.411971391596922,0.045455271073197266,2.1660712744358794,4.464396945144386,6.321827274911169,7.317493753894812,7.291565950769478,6.389102451766167,5.044055907699676,3.878796974345086,3.3235384550815743,3.105364087271148,2.8409625361484054,2.986588163232941,4.217336518981621,6.023645317169177,7.579507687792912,8.29971410871449,7.873238915765114,6.286312507256002,3.8131686590986287,0.9504173733072506,1.6979516081758697,3.5602597263134164,1,Yeast
16.34,15.476483235170473,13.058144917727025,9.564148356180755,5.677674682114798,2.1531304508070006,0.683235506289383,1.7776045226675454,1.546650593798314,0.24895550927884538,2.1209859841501344,4.446888624521808,6.340230629794653,7.377016936995305,7.397111510668469,6.544187232351129,5.243090691567331,4.082053241782539,3.4451919996430016,3.0895994009187695,2.686857378885441,2.780080497185884,4.097305224085347,5.996026315982656,7.618232862068692,8.386875212020954,7.997233788092635,6.438912109981832,3.9880676010588387,1.1439057563421646,1.4983971533703744,3.352666695154348,0,E_coli
16.34,15.476483235170473,13.058144917727025,9.564148356180755,5.677674682114798,2.1531304508070006,0.683235506289383,1.7776045226675454,1.546650593798314,0.24895550927884538,2.1209859841501344,4.446888624521808,6.340230629794653,7.377016936995305,7.397111510668469,6.544187232351129,5.243090691567331,4.082053241782539,3.4451919996430016,3.0895994009187695,2.686857378885441,2.780080497185884,4.097305224085347,5.996026315982656,7.618232862068692,8.386875212020954,7.997233788092635,6.438912109981832,3.9880676010588387,1.1439057563421646,1.4983971533703744,3.352666695154348,1,Yeast
16.34,15.476483235170473,13.058144917727025,9.564148356180755,5.677674682114798,2.1531304508070006,0.683235506289383,1.7776045226675454,1.546650593798314,0.24895550927884538,2.1209859841501344,4.446888624521808,6.340230629794653,7.377016936995305,7.397111510668469,6.544187232351129,5.243090691567331,4.082053241782539,3.4451919996430016,3.0895994009187695,2.686857378885441,2.780080497185884,4.097305224085347,5.996026315982656,7.618232862068692,8.386875212020954,7.997233788092635,6.438912109981832,3.9880676010588387,1.1439057563421646,1.4983971533703744,3.352666695154348,1,Mammalian
11.59,11.287340517212337,10.416140701623702,9.084946835757252,7.470708742037993,5.820272314965064,4.460313556649188,3.7433228716107583,3.7261191107885123,4.004168053883142,4.172395610290149,4.059944111393598,3.6768013597915616,3.164758963399803,2.7750714013401563,2.752728783816454,3.0739063095676817,3.4756525242228755,3.721149942674604,3.6780674473240156,3.2972671084112384,2.58974759950801,1.6099574140932171,0.4452722666351859,0.8353660109297184,2.0978191190319366,3.2775312985522724,4.30877219987247,5.151977510438242,5.791888028641724,6.232253064903124,6.486986631229682,0,E_coli
11.59,11.287340517212337,10.416140701623702,9.084946835757252,7.470708742037993,5.820272314965064,4.460313556649188,3.7433228716107583,3.7261191107885123,4.004168053883142,4.172395610290149,4.059944111393598,3.6768013597915616,3.164758963399803,2.7750714013401563,2.752728783816454,3.0739063095676817,3.4756525242228755,3.721149942674604,3.6780674473240156,3.2972671084112384,2.58974759950801,1.6099574140932171,0.4452722666351859,0.8353660109297184,2.0978191190319366,3.2775312985522724,4.30877219987247,5.151977510438242,5.791888028641724,6.232253064903124,6.486986631229682,1,Mammalian
11.59,11.287340517212337,10.416140701623702,9.084946835757252,7.470708742037993,5.820272314965064,4.460313556649188,3.7433228716107583,3.7261191107885123,4.004168053883142,4.172395610290149,4.059944111393598,3.6768013597915616,3.164758963399803,2.7750714013401563,2.752728783816454,3.0739063095676817,3.4756525242228755,3.721149942674604,3.6780674473240156,3.2972671084112384,2.58974759950801,1.6099574140932171,0.4452722666351859,0.8353660109297184,2.0978191190319366,3.2775312985522724,4.30877219987247,5.151977510438242,5.791888028641724,6.232253064903124,6.486986631229682,1,Yeast
33.37,28.83889114690279,17.425690318833592,6.043050509482371,9.225971657574517,12.065870044207099,9.156804294394018,5.401378488713114,6.908332155088319,7.259666993551099,4.697506453994956,6.482400613257776,10.879489176378517,12.11935800461123,9.458589168292413,4.7336810594536916,1.0872442227944936,2.031353634834671,2.780535689644247,3.722046650143059,3.7290012632046885,2.1864663249261507,3.327776296874465,5.808745100390699,5.7453239103616065,3.4345017869500243,5.63734504123321,9.642600576245755,10.218508296895015,6.345483487553992,1.8452217127142658,7.235000932617792,0,E_coli
33.37,28.83889114690279,17.425690318833592,6.043050509482371,9.225971657574517,12.065870044207099,9.156804294394018,5.401378488713114,6.908332155088319,7.259666993551099,4.697506453994956,6.482400613257776,10.879489176378517,12.11935800461123,9.458589168292413,4.7336810594536916,1.0872442227944936,2.031353634834671,2.780535689644247,3.722046650143059,3.7290012632046885,2.1864663249261507,3.327776296874465,5.808745100390699,5.7453239103616065,3.4345017869500243,5.63734504123321,9.642600576245755,10.218508296895015,6.345483487553992,1.8452217127142658,7.235000932617792,1,Yeast
33.37,28.83889114690279,17.425690318833592,6.043050509482371,9.225971657574517,12.065870044207099,9.156804294394018,5.401378488713114,6.908332155088319,7.259666993551099,4.697506453994956,6.482400613257776,10.879489176378517,12.11935800461123,9.458589168292413,4.7336810594536916,1.0872442227944936,2.031353634834671,2.780535689644247,3.722046650143059,3.7290012632046885,2.1864663249261507,3.327776296874465,5.808745100390699,5.7453239103616065,3.4345017869500243,5.63734504123321,9.642600576245755,10.218508296895015,6.345483487553992,1.8452217127142658,7.235000932617792,1,Mammalian
28.759999999999998,25.040886172725003,15.545647053931024,4.4099473982018775,3.8421365254495705,6.464929923257951,3.6305127935317247,2.055869637381137,7.046187507622753,8.905749334614784,7.27510964380954,4.211654151989224,3.997854578219191,5.1345167674155245,4.28466784976012,2.6650840674845413,4.927900161326322,7.642501987895293,7.819256335782332,4.737995540654865,0.6947976454961431,6.217798736478273,9.468564345726087,9.05011190061355,5.460516606276465,1.8757600200402493,4.004124666198151,4.704843679081651,2.79921451893762,0.33588497590096666,2.1523802782281867,2.0676784055918938,1,Yeast
28.759999999999998,25.040886172725003,15.545647053931024,4.4099473982018775,3.8421365254495705,6.464929923257951,3.6305127935317247,2.055869637381137,7.046187507622753,8.905749334614784,7.27510964380954,4.211654151989224,3.997854578219191,5.1345167674155245,4.28466784976012,2.6650840674845413,4.927900161326322,7.642501987895293,7.819256335782332,4.737995540654865,0.6947976454961431,6.217798736478273,9.468564345726087,9.05011190061355,5.460516606276465,1.8757600200402493,4.004124666198151,4.704843679081651,2.79921451893762,0.33588497590096666,2.1523802782281867,2.0676784055918938,1,Mammalian
28.759999999999998,25.040886172725003,15.545647053931024,4.4099473982018775,3.8421365254495705,6.464929923257951,3.6305127935317247,2.055869637381137,7.046187507622753,8.905749334614784,7.27510964380954,4.211654151989224,3.997854578219191,5.1345167674155245,4.28466784976012,2.6650840674845413,4.927900161326322,7.642501987895293,7.819256335782332,4.737995540654865,0.6947976454961431,6.217798736478273,9.468564345726087,9.05011190061355,5.460516606276465,1.8757600200402493,4.004124666198151,4.704843679081651,2.79921451893762,0.33588497590096666,2.1523802782281867,2.0676784055918938,0,E_coli
10.260000000000002,10.175237615046443,9.922736267123742,9.507817409191595,8.939231950002366,8.228989545999157,7.392135373789047,6.446499519247774,5.41247892104331,4.3130262420177505,3.1745003330203687,2.0318835656099776,0.9727292737035175,0.7039324171249154,1.5894249412028103,2.5691841271627256,3.483733629312092,4.296537513308543,4.986863467506153,5.539854797965358,5.944777090192945,6.194650239190204,6.286190553926541,6.219812524774159,5.999622648905669,5.633398684689995,5.132591019256744,4.512459267599148,3.7926712554681346,2.999449296629978,2.1737125122338847,1.4086865495245864,1,Yeast
10.260000000000002,10.175237615046443,9.922736267123742,9.507817409191595,8.939231950002366,8.228989545999157,7.392135373789047,6.446499519247774,5.41247892104331,4.3130262420177505,3.1745003330203687,2.0318835656099776,0.9727292737035175,0.7039324171249154,1.5894249412028103,2.5691841271627256,3.483733629312092,4.296537513308543,4.986863467506153,5.539854797965358,5.944777090192945,6.194650239190204,6.286190553926541,6.219812524774159,5.999622648905669,5.633398684689995,5.132591019256744,4.512459267599148,3.7926712554681346,2.999449296629978,2.1737125122338847,1.4086865495245864,1,Mammalian
10.260000000000002,10.175237615046443,9.922736267123742,9.507817409191595,8.939231950002366,8.228989545999157,7.392135373789047,6.446499519247774,5.41247892104331,4.3130262420177505,3.1745003330203687,2.0318835656099776,0.9727292737035175,0.7039324171249154,1.5894249412028103,2.5691841271627256,3.483733629312092,4.296537513308543,4.986863467506153,5.539854797965358,5.944777090192945,6.194650239190204,6.286190553926541,6.219812524774159,5.999622648905669,5.633398684689995,5.132591019256744,4.512459267599148,3.7926712554681346,2.999449296629978,2.1737125122338847,1.4086865495245864,0,E_coli
36.11,31.65316916731654,20.45619902493037,8.3646004682951,5.906235107360283,7.50788013910253,4.409608793145069,1.941867378148418,5.439803475980706,5.94845018348561,4.336081602163442,3.822649951744379,3.4248277240369633,1.4368266374143839,4.605037028433894,8.554653202087927,10.218008612249257,9.351865872191018,7.2448279528060935,5.44341131257833,4.832212784882219,5.282777819245093,5.193937635814593,3.2052080813544346,0.995760082905623,4.090160021676318,5.0788019803712965,3.248955287480135,4.4977618343875765,8.65799008393006,9.913372396095735,6.813752199969828,0,E_coli
36.11,31.65316916731654,20.45619902493037,8.3646004682951,5.906235107360283,7.50788013910253,4.409608793145069,1.941867378148418,5.439803475980706,5.94845018348561,4.336081602163442,3.822649951744379,3.4248277240369633,1.4368266374143839,4.605037028433894,8.554653202087927,10.218008612249257,9.351865872191018,7.2448279528060935,5.44341131257833,4.832212784882219,5.282777819245093,5.193937635814593,3.2052080813544346,0.995760082905623,4.090160021676318,5.0788019803712965,3.248955287480135,4.4977618343875765,8.65799008393006,9.913372396095735,6.813752199969828,2,Yeast
36.11,31.65316916731654,20.45619902493037,8.3646004682951,5.906235107360283,7.50788013910253,4.409608793145069,1.941867378148418,5.439803475980706,5.94845018348561,4.336081602163442,3.822649951744379,3.4248277240369633,1.4368266374143839,4.605037028433894,8.554653202087927,10.218008612249257,9.351865872191018,7.2448279528060935,5.44341131257833,4.832212784882219,5.282777819245093,5.193937635814593,3.2052080813544346,0.995760082905623,4.090160021676318,5.0788019803712965,3.248955287480135,4.4977618343875765,8.65799008393006,9.913372396095735,6.813752199969828,1,Mammalian
15.83,15.491313736592575,14.499966701224157,12.928223134750533,10.890542667719576,8.535660531033248,6.038737437126555,3.605402724494387,1.6018445854907408,1.5218033189392721,2.7695637454125452,3.725730992809082,4.174241050660101,4.10349791053767,3.5786813403611144,2.7454656957449948,1.9277188591700816,1.8469303285344199,2.7026259604221536,3.804738475185104,4.772836903411088,5.443400810336427,5.736501947473455,5.625970899338721,5.130759585474065,4.308860155702941,3.2500123347169523,2.067390226434254,0.8967831103453495,0.35753286508536597,1.1214947623406755,1.6621151104988763,1,Mammalian
15.83,15.491313736592575,14.499966701224157,12.928223134750533,10.890542667719576,8.535660531033248,6.038737437126555,3.605402724494387,1.6018445854907408,1.5218033189392721,2.7695637454125452,3.725730992809082,4.174241050660101,4.10349791053767,3.5786813403611144,2.7454656957449948,1.9277188591700816,1.8469303285344199,2.7026259604221536,3.804738475185104,4.772836903411088,5.443400810336427,5.736501947473455,5.625970899338721,5.130759585474065,4.308860155702941,3.2500123347169523,2.067390226434254,0.8967831103453495,0.35753286508536597,1.1214947623406755,1.6621151104988763,0,E_coli
15.83,15.491313736592575,14.499966701224157,12.928223134750533,10.890542667719576,8.535660531033248,6.038737437126555,3.605402724494387,1.6018445854907408,1.5218033189392721,2.7695637454125452,3.725730992809082,4.174241050660101,4.10349791053767,3.5786813403611144,2.7454656957449948,1.9277188591700816,1.8469303285344199,2.7026259604221536,3.804738475185104,4.772836903411088,5.443400810336427,5.736501947473455,5.625970899338721,5.130759585474065,4.308860155702941,3.2500123347169523,2.067390226434254,0.8967831103453495,0.35753286508536597,1.1214947623406755,1.6621151104988763,2,Yeast
18.5,17.982106094369097,16.475340202462213,14.115598132612329,11.113751550728963,7.734141592592638,4.2687529995108004,1.0300512246799152,1.856466177544654,4.01194975349498,5.404371811864144,5.99047554611272,5.82531541441215,5.057907642855591,3.945581775994761,2.928182313882614,2.6758923745173315,3.3091896289490337,4.152463612632117,4.749306488745905,4.929879409247965,4.672345172289528,4.052911396403642,3.2317887290857703,2.46169318389452,2.0699573290211544,2.1656217674095486,2.424223988625682,2.524780347189575,2.3360506655462387,1.8609407109190055,1.2202232024215016,0,E_coli
18.5,17.982106094369097,16.475340202462213,14.115598132612329,11.113751550728963,7.734141592592638,4.2687529995108004,1.0300512246799152,1.856466177544654,4.01194975349498,5.404371811864144,5.99047554611272,5.82531541441215,5.057907642855591,3.945581775994761,2.928182313882614,2.6758923745173315,3.3091896289490337,4.152463612632117,4.749306488745905,4.929879409247965,4.672345172289528,4.052911396403642,3.2317887290857703,2.46169318389452,2.0699573290211544,2.1656217674095486,2.424223988625682,2.524780347189575,2.3360506655462387,1.8609407109190055,1.2202232024215016,1,Mammalian
18.5,17.982106094369097,16.475340202462213,14.115598132612329,11.113751550728963,7.734141592592638,4.2687529995108004,1.0300512246799152,1.856466177544654,4.01194975349498,5.404371811864144,5.99047554611272,5.82531541441215,5.057907642855591,3.945581775994761,2.928182313882614,2.6758923745173315,3.3091896289490337,4.152463612632117,4.749306488745905,4.929879409247965,4.672345172289528,4.052911396403642,3.2317887290857703,2.46169318389452,2.0699573290211544,2.1656217674095486,2.424223988625682,2.524780347189575,2.3360506655462387,1.8609407109190055,1.2202232024215016,2,Yeast
23.38,22.233478031333046,19.001430088635598,14.26344668471907,8.854776679465846,3.737512481758511,1.346148871036154,3.579980888637968,4.591395447172165,4.297740092547164,3.4668013490370053,3.2950706028906427,3.997315944804821,4.568758742200754,4.47297825547394,3.92256753423996,3.811587595740128,4.708997775182841,5.856660756899538,6.380264415398529,5.847030127694563,4.218521414108297,1.8031953260242581,1.2131764166466157,3.665663357113786,5.422085176133276,6.089165559395565,5.6232661990435755,4.331123858772572,2.9769001043690557,2.773980158750668,3.500872644305251,1,Mammalian
23.38,22.233478031333046,19.001430088635598,14.26344668471907,8.854776679465846,3.737512481758511,1.346148871036154,3.579980888637968,4.591395447172165,4.297740092547164,3.4668013490370053,3.2950706028906427,3.997315944804821,4.568758742200754,4.47297825547394,3.92256753423996,3.811587595740128,4.708997775182841,5.856660756899538,6.380264415398529,5.847030127694563,4.218521414108297,1.8031953260242581,1.2131764166466157,3.665663357113786,5.422085176133276,6.089165559395565,5.6232661990435755,4.331123858772572,2.9769001043690557,2.773980158750668,3.500872644305251,2,Yeast
23.38,22.233478031333046,19.001430088635598,14.26344668471907,8.854776679465846,3.737512481758511,1.346148871036154,3.579980888637968,4.591395447172165,4.297740092547164,3.4668013490370053,3.2950706028906427,3.997315944804821,4.568758742200754,4.47297825547394,3.92256753423996,3.811587595740128,4.708997775182841,5.856660756899538,6.380264415398529,5.847030127694563,4.218521414108297,1.8031953260242581,1.2131764166466157,3.665663357113786,5.422085176133276,6.089165559395565,5.6232661990435755,4.331123858772572,2.9769001043690557,2.773980158750668,3.500872644305251,0,E_coli
22.020000000000003,21.114513845035024,18.54362431140288,14.72555057818294,10.312158703300497,6.2199914500583136,4.010748002823515,4.635780207364949,5.69501360310449,5.862960705960445,5.09231341695624,3.8301208364895833,2.8986515083083693,2.997941430518732,3.53875169358292,3.7971340950785226,3.779656069009455,4.03866505432763,4.991845692573648,6.294564238773331,7.329755720544437,7.647686244043835,7.058849824621521,5.687513132840335,4.140340573003,3.806520351087178,5.150745272266644,6.735299707014472,7.632134916815314,7.511820137457496,6.429355896607697,4.867908530786814,0,E_coli
22.020000000000003,21.114513845035024,18.54362431140288,14.72555057818294,10.312158703300497,6.2199914500583136,4.010748002823515,4.635780207364949,5.69501360310449,5.862960705960445,5.09231341695624,3.8301208364895833,2.8986515083083693,2.997941430518732,3.53875169358292,3.7971340950785226,3.779656069009455,4.03866505432763,4.991845692573648,6.294564238773331,7.329755720544437,7.647686244043835,7.058849824621521,5.687513132840335,4.140340573003,3.806520351087178,5.150745272266644,6.735299707014472,7.632134916815314,7.511820137457496,6.429355896607697,4.867908530786814,1,Mammalian
22.020000000000003,21.114513845035024,18.54362431140288,14.72555057818294,10.312158703300497,6.2199914500583136,4.010748002823515,4.635780207364949,5.69501360310449,5.862960705960445,5.09231341695624,3.8301208364895833,2.8986515083083693,2.997941430518732,3.53875169358292,3.7971340950785226,3.779656069009455,4.03866505432763,4.991845692573648,6.294564238773331,7.329755720544437,7.647686244043835,7.058849824621521,5.687513132840335,4.140340573003,3.806520351087178,5.150745272266644,6.735299707014472,7.632134916815314,7.511820137457496,6.429355896607697,4.867908530786814,2,Yeast
47.08,27.118222998254648,9.538154761436276,16.425438881249022,1.6053231542156756,8.513429822658463,6.2723094305754215,4.80832812104692,4.136681802771334,5.693019507813142,3.5945352732994005,5.329319787324543,8.659585704108649,9.118407931617842,8.93369346986151,2.8672832734169154,11.814059420876465,9.348443421469906,8.435564937342855,17.112270935853772,8.070071959449661,9.049548410937907,7.082059080372897,7.883216988756682,4.594851865144351,4.660370379811225,3.2533548381456385,7.0426160152980435,6.36820630735535,3.246935412287572,4.07866902023924,2.5646258427390687,0,E_coli
47.08,27.118222998254648,9.538154761436276,16.425438881249022,1.6053231542156756,8.513429822658463,6.2723094305754215,4.80832812104692,4.136681802771334,5.693019507813142,3.5945352732994005,5.329319787324543,8.659585704108649,9.118407931617842,8.93369346986151,2.8672832734169154,11.814059420876465,9.348443421469906,8.435564937342855,17.112270935853772,8.070071959449661,9.049548410937907,7.082059080372897,7.883216988756682,4.594851865144351,4.660370379811225,3.2533548381456385,7.0426160152980435,6.36820630735535,3.246935412287572,4.07866902023924,2.5646258427390687,1,Mammalian
47.08,27.118222998254648,9.538154761436276,16.425438881249022,1.6053231542156756,8.513429822658463,6.2723094305754215,4.80832812104692,4.136681802771334,5.693019507813142,3.5945352732994005,5.329319787324543,8.659585704108649,9.118407931617842,8.93369346986151,2.8672832734169154,11.814059420876465,9.348443421469906,8.435564937342855,17.112270935853772,8.070071959449661,9.049548410937907,7.082059080372897,7.883216988756682,4.594851865144351,4.660370379811225,3.2533548381456385,7.0426160152980435,6.36820630735535,3.246935412287572,4.07866902023924,2.5646258427390687,2,Yeast
47.09,27.126011525342182,9.52885538235453,16.423136806572305,1.6007104951911906,8.503492522303667,6.270474781813036,4.8183275465961835,4.127839686676226,5.687450809080334,3.6044885809890563,5.325583491784676,8.649592803856727,9.108654335544268,8.923728146535868,2.8614706706552573,11.820714868399454,9.353132270390912,8.438574722617744,17.11911664333502,8.07964671544584,9.04130239407108,7.075002538065257,7.891325279278631,4.604556387004152,4.661285980730206,3.2622774762130238,7.043019491018239,6.361350422012605,3.2449102019754705,4.085626090873113,2.5550972536225114,0,E_coli
47.09,27.126011525342182,9.52885538235453,16.423136806572305,1.6007104951911906,8.503492522303667,6.270474781813036,4.8183275465961835,4.127839686676226,5.687450809080334,3.6044885809890563,5.325583491784676,8.649592803856727,9.108654335544268,8.923728146535868,2.8614706706552573,11.820714868399454,9.353132270390912,8.438574722617744,17.11911664333502,8.07964671544584,9.04130239407108,7.075002538065257,7.891325279278631,4.604556387004152,4.661285980730206,3.2622774762130238,7.043019491018239,6.361350422012605,3.2449102019754705,4.085626090873113,2.5550972536225114,2,Yeast
47.09,27.126011525342182,9.52885538235453,16.423136806572305,1.6007104951911906,8.503492522303667,6.270474781813036,4.8183275465961835,4.127839686676226,5.687450809080334,3.6044885809890563,5.325583491784676,8.649592803856727,9.108654335544268,8.923728146535868,2.8614706706552573,11.820714868399454,9.353132270390912,8.438574722617744,17.11911664333502,8.07964671544584,9.04130239407108,7.075002538065257,7.891325279278631,4.604556387004152,4.661285980730206,3.2622774762130238,7.043019491018239,6.361350422012605,3.2449102019754705,4.085626090873113,2.5550972536225114,1,Mammalian
49.28999999999999,28.872628786749754,7.52679126425376,16.06066780152099,2.042263273760939,6.32209506544525,6.2544625038675,7.018240962407998,2.4133734922825023,4.8235595120793375,5.798123818753845,4.94627826310724,6.451689618426581,6.979836327081149,6.733856873734708,2.3925385639234866,13.386459576751424,10.565729181097172,9.340492572969211,18.694398336877445,10.205939765871886,7.334037604818565,5.739310235202913,9.760841173104847,6.7605198311038315,5.335472684100483,5.319258660233358,7.464343921305036,5.111639197315166,3.535395964912242,5.835259005601931,0.8112334218933943,2,Yeast
49.28999999999999,28.872628786749754,7.52679126425376,16.06066780152099,2.042263273760939,6.32209506544525,6.2544625038675,7.018240962407998,2.4133734922825023,4.8235595120793375,5.798123818753845,4.94627826310724,6.451689618426581,6.979836327081149,6.733856873734708,2.3925385639234866,13.386459576751424,10.565729181097172,9.340492572969211,18.694398336877445,10.205939765871886,7.334037604818565,5.739310235202913,9.760841173104847,6.7605198311038315,5.335472684100483,5.319258660233358,7.464343921305036,5.111639197315166,3.535395964912242,5.835259005601931,0.8112334218933943,1,Mammalian
49.28999999999999,28.872628786749754,7.52679126425376,16.06066780152099,2.042263273760939,6.32209506544525,6.2544625038675,7.018240962407998,2.4133734922825023,4.8235595120793375,5.798123818753845,4.94627826310724,6.451689618426581,6.979836327081149,6.733856873734708,2.3925385639234866,13.386459576751424,10.565729181097172,9.340492572969211,18.694398336877445,10.205939765871886,7.334037604818565,5.739310235202913,9.760841173104847,6.7605198311038315,5.335472684100483,5.319258660233358,7.464343921305036,5.111639197315166,3.535395964912242,5.835259005601931,0.8112334218933943,0,E_coli
46.519999999999996,26.684418448731922,10.061065159760032,16.56348258670405,1.9298729160290125,9.070138608581095,6.399196464454323,4.248364606290301,4.6393517232768176,6.0231750855971145,3.037639586871135,5.563290571338059,9.219212691226938,9.665413067906092,9.491867988070048,3.225717865189453,11.449122237097477,9.099561422189804,8.28455513204727,16.733979947507628,7.535648807530052,9.516693976944824,7.487933991201166,7.436508191649006,4.053691599977536,4.643306657731541,2.7654776229973828,7.042682760911289,6.764651131541725,3.405589717184284,3.7113292257473867,3.1029655216726093,1,Mammalian
46.519999999999996,26.684418448731922,10.061065159760032,16.56348258670405,1.9298729160290125,9.070138608581095,6.399196464454323,4.248364606290301,4.6393517232768176,6.0231750855971145,3.037639586871135,5.563290571338059,9.219212691226938,9.665413067906092,9.491867988070048,3.225717865189453,11.449122237097477,9.099561422189804,8.28455513204727,16.733979947507628,7.535648807530052,9.516693976944824,7.487933991201166,7.436508191649006,4.053691599977536,4.643306657731541,2.7654776229973828,7.042682760911289,6.764651131541725,3.405589717184284,3.7113292257473867,3.1029655216726093,2,Yeast
46.519999999999996,26.684418448731922,10.061065159760032,16.56348258670405,1.9298729160290125,9.070138608581095,6.399196464454323,4.248364606290301,4.6393517232768176,6.0231750855971145,3.037639586871135,5.563290571338059,9.219212691226938,9.665413067906092,9.491867988070048,3.225717865189453,11.449122237097477,9.099561422189804,8.28455513204727,16.733979947507628,7.535648807530052,9.516693976944824,7.487933991201166,7.436508191649006,4.053691599977536,4.643306657731541,2.7654776229973828,7.042682760911289,6.764651131541725,3.405589717184284,3.7113292257473867,3.1029655216726093,0,E_coli
47.28999999999999,27.28208487398981,9.343171720148044,16.378309591720583,1.5193772699696595,8.304778125136874,6.237036308913925,5.01831653834501,3.95215679209403,5.5786744387049225,3.8036061731229087,5.2542974959532085,8.44973832654444,8.913697086237235,8.724438344666241,2.7502790729481763,11.954802382306449,9.448643316768079,8.50101723858399,17.256677431330605,8.271353175919627,8.87713916549515,6.935392045759354,8.054384277806818,4.798901612942804,4.684045829916133,3.4419742750680924,7.054061793709232,6.226020523868344,3.2106845321882633,4.227331558997834,2.365342939185271,0,E_coli
47.28999999999999,27.28208487398981,9.343171720148044,16.378309591720583,1.5193772699696595,8.304778125136874,6.237036308913925,5.01831653834501,3.95215679209403,5.5786744387049225,3.8036061731229087,5.2542974959532085,8.44973832654444,8.913697086237235,8.724438344666241,2.7502790729481763,11.954802382306449,9.448643316768079,8.50101723858399,17.256677431330605,8.271353175919627,8.87713916549515,6.935392045759354,8.054384277806818,4.798901612942804,4.684045829916133,3.4419742750680924,7.054061793709232,6.226020523868344,3.2106845321882633,4.227331558997834,2.365342939185271,1,Mammalian
47.28999999999999,27.28208487398981,9.343171720148044,16.378309591720583,1.5193772699696595,8.304778125136874,6.237036308913925,5.01831653834501,3.95215679209403,5.5786744387049225,3.8036061731229087,5.2542974959532085,8.44973832654444,8.913697086237235,8.724438344666241,2.7502790729481763,11.954802382306449,9.448643316768079,8.50101723858399,17.256677431330605,8.271353175919627,8.87713916549515,6.935392045759354,8.054384277806818,4.798901612942804,4.684045829916133,3.4419742750680924,7.054061793709232,6.226020523868344,3.2106845321882633,4.227331558997834,2.365342939185271,2,Yeast
49.56999999999999,29.099336906113038,7.280183293553321,16.035613295150654,2.2516584461396603,6.045429885438729,6.307707690864,7.29823368715039,2.256423625077037,4.775504462238794,6.07764383649076,4.966305705783945,6.172063665653073,6.712189796922636,6.45564008841825,2.4708439027927422,13.598341810676768,10.74258447918367,9.485781598992869,18.903840748035442,10.478742087900551,7.136129110690075,5.608536766087757,10.008423872431583,7.036870925645448,5.4790004966623505,5.588876300676261,7.562325046542972,4.999842857962107,3.666619526703804,6.078966675335929,0.7780456330286274,1,Mammalian
49.56999999999999,29.099336906113038,7.280183293553321,16.035613295150654,2.2516584461396603,6.045429885438729,6.307707690864,7.29823368715039,2.256423625077037,4.775504462238794,6.07764383649076,4.966305705783945,6.172063665653073,6.712189796922636,6.45564008841825,2.4708439027927422,13.598341810676768,10.74258447918367,9.485781598992869,18.903840748035442,10.478742087900551,7.136129110690075,5.608536766087757,10.008423872431583,7.036870925645448,5.4790004966623505,5.588876300676261,7.562325046542972,4.999842857962107,3.666619526703804,6.078966675335929,0.7780456330286274,0,E_coli
49.56999999999999,29.099336906113038,7.280183293553321,16.035613295150654,2.2516584461396603,6.045429885438729,6.307707690864,7.29823368715039,2.256423625077037,4.775504462238794,6.07764383649076,4.966305705783945,6.172063665653073,6.712189796922636,6.45564008841825,2.4708439027927422,13.598341810676768,10.74258447918367,9.485781598992869,18.903840748035442,10.478742087900551,7.136129110690075,5.608536766087757,10.008423872431583,7.036870925645448,5.4790004966623505,5.588876300676261,7.562325046542972,4.999842857962107,3.666619526703804,6.078966675335929,0.7780456330286274,2,Yeast
48.06,27.888203997320126,8.634262182457231,16.227596703284338,1.441667473788109,7.540362394250716,6.167440996615741,5.788281258722136,3.3017120114144376,5.210602544270822,4.570928306231762,5.044886755004652,7.680369322374292,8.165389256926973,7.957505322449765,2.430764121092577,12.487513763756175,9.845684485032375,8.779893760489001,17.797346629607535,9.012788900843196,8.259875015780688,6.427750010709689,8.696571629366401,5.550882613934619,4.848306297644095,4.151181438718596,7.148845718582794,5.740379621226366,3.1944872841622978,4.811704437879723,1.6574376040196117,2,Yeast
48.06,27.888203997320126,8.634262182457231,16.227596703284338,1.441667473788109,7.540362394250716,6.167440996615741,5.788281258722136,3.3017120114144376,5.210602544270822,4.570928306231762,5.044886755004652,7.680369322374292,8.165389256926973,7.957505322449765,2.430764121092577,12.487513763756175,9.845684485032375,8.779893760489001,17.797346629607535,9.012788900843196,8.259875015780688,6.427750010709689,8.696571629366401,5.550882613934619,4.848306297644095,4.151181438718596,7.148845718582794,5.740379621226366,3.1944872841622978,4.811704437879723,1.6574376040196117,1,Mammalian
48.06,27.888203997320126,8.634262182457231,16.227596703284338,1.441667473788109,7.540362394250716,6.167440996615741,5.788281258722136,3.3017120114144376,5.210602544270822,4.570928306231762,5.044886755004652,7.680369322374292,8.165389256926973,7.957505322449765,2.430764121092577,12.487513763756175,9.845684485032375,8.779893760489001,17.797346629607535,9.012788900843196,8.259875015780688,6.427750010709689,8.696571629366401,5.550882613934619,4.848306297644095,4.151181438718596,7.148845718582794,5.740379621226366,3.1944872841622978,4.811704437879723,1.6574376040196117,0,E_coli
48.59,28.310031874980236,8.15275300775335,16.14439349832674,1.6152470654839295,7.014915880354933,6.175120521863008,6.318261971605282,2.888370077892882,5.010582312550317,5.099554181839523,4.965416335822177,7.150882570117452,7.652821268013846,7.429984993781795,2.336272404835003,12.868150605273469,10.143934774929033,9.005147078779238,18.179105163751824,9.52576156557951,7.850702506784289,6.110292568631387,9.150065595250114,6.071105195360486,5.027208426519903,4.6505858415886285,7.260964491057931,5.444347709465679,3.2897324080383936,5.241877260962207,1.2148914803807511,2,Yeast
48.59,28.310031874980236,8.15275300775335,16.14439349832674,1.6152470654839295,7.014915880354933,6.175120521863008,6.318261971605282,2.888370077892882,5.010582312550317,5.099554181839523,4.965416335822177,7.150882570117452,7.652821268013846,7.429984993781795,2.336272404835003,12.868150605273469,10.143934774929033,9.005147078779238,18.179105163751824,9.52576156557951,7.850702506784289,6.110292568631387,9.150065595250114,6.071105195360486,5.027208426519903,4.6505858415886285,7.260964491057931,5.444347709465679,3.2897324080383936,5.241877260962207,1.2148914803807511,1,Mammalian
48.59,28.310031874980236,8.15275300775335,16.14439349832674,1.6152470654839295,7.014915880354933,6.175120521863008,6.318261971605282,2.888370077892882,5.010582312550317,5.099554181839523,4.965416335822177,7.150882570117452,7.652821268013846,7.429984993781795,2.336272404835003,12.868150605273469,10.143934774929033,9.005147078779238,18.179105163751824,9.52576156557951,7.850702506784289,6.110292568631387,9.150065595250114,6.071105195360486,5.027208426519903,4.6505858415886285,7.260964491057931,5.444347709465679,3.2897324080383936,5.241877260962207,1.2148914803807511,0,E_coli
48.09,27.911982557065528,8.606854789617586,16.222436165436843,1.446872518517569,7.510603053767522,6.1666598443679534,5.818280073181836,3.2774188976811796,5.198043443687657,4.600842083702883,5.03893369355293,7.650396476343545,8.13631633531128,7.927636849421601,2.4224197199086768,12.508768924238705,9.862046925857683,8.791945009876855,17.818753077938293,9.041772648010978,8.23634645299103,6.409030385900135,8.722010766983754,5.580280043969325,4.8570648242704975,4.179248404190082,7.154190712015605,5.722721472480506,3.197609568197293,4.83552461795024,1.6309960753756956,2,Yeast
48.09,27.911982557065528,8.606854789617586,16.222436165436843,1.446872518517569,7.510603053767522,6.1666598443679534,5.818280073181836,3.2774188976811796,5.198043443687657,4.600842083702883,5.03893369355293,7.650396476343545,8.13631633531128,7.927636849421601,2.4224197199086768,12.508768924238705,9.862046925857683,8.791945009876855,17.818753077938293,9.041772648010978,8.23634645299103,6.409030385900135,8.722010766983754,5.580280043969325,4.8570648242704975,4.179248404190082,7.154190712015605,5.722721472480506,3.197609568197293,4.83552461795024,1.6309960753756956,0,E_coli
48.09,27.911982557065528,8.606854789617586,16.222436165436843,1.446872518517569,7.510603053767522,6.1666598443679534,5.818280073181836,3.2774188976811796,5.198043443687657,4.600842083702883,5.03893369355293,7.650396476343545,8.13631633531128,7.927636849421601,2.4224197199086768,12.508768924238705,9.862046925857683,8.791945009876855,17.818753077938293,9.041772648010978,8.23634645299103,6.409030385900135,8.722010766983754,5.580280043969325,4.8570648242704975,4.179248404190082,7.154190712015605,5.722721472480506,3.197609568197293,4.83552461795024,1.6309960753756956,1,Mammalian
46.51,26.676714663861723,10.070439091927414,16.566109237666687,1.936646021364788,9.080083515438035,6.401884643932349,4.238365345430143,4.648447081634015,6.029379115828615,3.027705428247559,5.567891149146005,9.229206441528584,9.67519452911473,9.501837342489013,3.2326389709954584,11.442748795634724,9.095368558403834,8.282177624203419,16.727317382579404,7.526139337981328,9.525126860661292,7.495362256812424,7.428670776989837,4.044074644371468,4.643615164998487,2.757014663431819,7.043088616431486,6.771940439258842,3.409191791975614,3.7052078273860567,3.1126481918881805,1,Mammalian
46.51,26.676714663861723,10.070439091927414,16.566109237666687,1.936646021364788,9.080083515438035,6.401884643932349,4.238365345430143,4.648447081634015,6.029379115828615,3.027705428247559,5.567891149146005,9.229206441528584,9.67519452911473,9.501837342489013,3.2326389709954584,11.442748795634724,9.095368558403834,8.282177624203419,16.727317382579404,7.526139337981328,9.525126860661292,7.495362256812424,7.428670776989837,4.044074644371468,4.643615164998487,2.757014663431819,7.043088616431486,6.771940439258842,3.409191791975614,3.7052078273860567,3.1126481918881805,0,E_coli
46.51,26.676714663861723,10.070439091927414,16.566109237666687,1.936646021364788,9.080083515438035,6.401884643932349,4.238365345430143,4.648447081634015,6.029379115828615,3.027705428247559,5.567891149146005,9.229206441528584,9.67519452911473,9.501837342489013,3.2326389709954584,11.442748795634724,9.095368558403834,8.282177624203419,16.727317382579404,7.526139337981328,9.525126860661292,7.495362256812424,7.428670776989837,4.044074644371468,4.643615164998487,2.757014663431819,7.043088616431486,6.771940439258842,3.409191791975614,3.7052078273860567,3.1126481918881805,2,Yeast
49.19,28.791888895280163,7.615425154807386,16.07078868548102,1.9717308842258703,6.420974124000845,6.238382582657609,6.918243703430216,2.4746980013840063,4.8445299537618185,5.698306662749167,4.942951277534691,6.551563773271337,7.075656095547558,6.833255314829171,2.3719676409729624,13.311397372176968,10.503653864167898,9.290098284460907,18.620046952610068,10.108605756849684,7.406003118931737,5.788581952303067,9.672847289758014,6.661896862151651,5.286862925353846,5.223231414101401,7.431594583682609,5.154665760021098,3.4927779997508464,5.749021819824698,0.8455394979270356,2,Yeast
49.19,28.791888895280163,7.615425154807386,16.07078868548102,1.9717308842258703,6.420974124000845,6.238382582657609,6.918243703430216,2.4746980013840063,4.8445299537618185,5.698306662749167,4.942951277534691,6.551563773271337,7.075656095547558,6.833255314829171,2.3719676409729624,13.311397372176968,10.503653864167898,9.290098284460907,18.620046952610068,10.108605756849684,7.406003118931737,5.788581952303067,9.672847289758014,6.661896862151651,5.286862925353846,5.223231414101401,7.431594583682609,5.154665760021098,3.4927779997508464,5.749021819824698,0.8455394979270356,1,Mammalian
49.19,28.791888895280163,7.615425154807386,16.07078868548102,1.9717308842258703,6.420974124000845,6.238382582657609,6.918243703430216,2.4746980013840063,4.8445299537618185,5.698306662749167,4.942951277534691,6.551563773271337,7.075656095547558,6.833255314829171,2.3719676409729624,13.311397372176968,10.503653864167898,9.290098284460907,18.620046952610068,10.108605756849684,7.406003118931737,5.788581952303067,9.672847289758014,6.661896862151651,5.286862925353846,5.223231414101401,7.431594583682609,5.154665760021098,3.4927779997508464,5.749021819824698,0.8455394979270356,0,E_coli
46.419999999999995,28.008442064959134,7.616184218751766,16.180597894134465,2.9218750452326425,7.994811821975561,6.779756234442335,5.47791002995014,2.814424316488275,5.971886424331901,4.817435603603447,4.301115171350437,5.693145453559657,8.78062208329106,11.612589237974571,10.431564351720864,5.010808318026143,13.710980159128399,5.5956670063606735,11.458266319767633,14.304483355478265,6.605536697773803,8.415218475784895,4.40685987948386,5.203019869917807,3.510578798247507,8.309505177854836,5.9468868018938705,5.6229260174312365,3.9735377724245704,3.286314227326225,5.709363426618917,0,E_coli
46.419999999999995,28.008442064959134,7.616184218751766,16.180597894134465,2.9218750452326425,7.994811821975561,6.779756234442335,5.47791002995014,2.814424316488275,5.971886424331901,4.817435603603447,4.301115171350437,5.693145453559657,8.78062208329106,11.612589237974571,10.431564351720864,5.010808318026143,13.710980159128399,5.5956670063606735,11.458266319767633,14.304483355478265,6.605536697773803,8.415218475784895,4.40685987948386,5.203019869917807,3.510578798247507,8.309505177854836,5.9468868018938705,5.6229260174312365,3.9735377724245704,3.286314227326225,5.709363426618917,2,Yeast
46.419999999999995,28.008442064959134,7.616184218751766,16.180597894134465,2.9218750452326425,7.994811821975561,6.779756234442335,5.47791002995014,2.814424316488275,5.971886424331901,4.817435603603447,4.301115171350437,5.693145453559657,8.78062208329106,11.612589237974571,10.431564351720864,5.010808318026143,13.710980159128399,5.5956670063606735,11.458266319767633,14.304483355478265,6.605536697773803,8.415218475784895,4.40685987948386,5.203019869917807,3.510578798247507,8.309505177854836,5.9468868018938705,5.6229260174312365,3.9735377724245704,3.286314227326225,5.709363426618917,1,Mammalian
47.269999999999996,27.26645172536619,9.361713545219134,16.382687961099695,1.5265267664184383,8.324646793988569,6.240099768895919,4.998317599528174,3.969621521789628,5.589325300456627,3.7836902253282947,5.261127437268469,8.469723465120902,8.933182778333693,8.744365865528616,2.7609478302005344,11.941310648333369,9.438945004686609,8.494581744650663,17.242866346315697,8.25216481472332,8.893489454950439,6.949220289853162,8.038003293820033,4.779446094867542,4.6813903386167715,3.4239032773120432,7.052703124732228,6.23939711241646,3.213563422526172,4.212948249643172,2.3842430026121897,0,E_coli
47.269999999999996,27.26645172536619,9.361713545219134,16.382687961099695,1.5265267664184383,8.324646793988569,6.240099768895919,4.998317599528174,3.969621521789628,5.589325300456627,3.7836902253282947,5.261127437268469,8.469723465120902,8.933182778333693,8.744365865528616,2.7609478302005344,11.941310648333369,9.438945004686609,8.494581744650663,17.242866346315697,8.25216481472332,8.893489454950439,6.949220289853162,8.038003293820033,4.779446094867542,4.6813903386167715,3.4239032773120432,7.052703124732228,6.23939711241646,3.213563422526172,4.212948249643172,2.3842430026121897,1,Mammalian
47.269999999999996,27.26645172536619,9.361713545219134,16.382687961099695,1.5265267664184383,8.324646793988569,6.240099768895919,4.998317599528174,3.969621521789628,5.589325300456627,3.7836902253282947,5.261127437268469,8.469723465120902,8.933182778333693,8.744365865528616,2.7609478302005344,11.941310648333369,9.438945004686609,8.494581744650663,17.242866346315697,8.25216481472332,8.893489454950439,6.949220289853162,8.038003293820033,4.779446094867542,4.6813903386167715,3.4239032773120432,7.052703124732228,6.23939711241646,3.213563422526172,4.212948249643172,2.3842430026121897,2,Yeast
46.489999999999995,26.66131166835639,10.089190562913613,16.57137939408847,1.9502754913497578,9.099973691403827,6.407304441126634,4.2183668342226035,4.6666489034115495,6.041817718506173,3.007838420072779,5.57713471093691,9.249193982661314,9.694758789270374,9.521776244139433,3.2465293251087277,11.430017497799376,9.087010041107757,8.27745680295016,16.71400223421831,7.50712422324767,9.542001709989261,7.5102366919673695,7.4130115587244845,4.024846333996839,4.644296713857077,2.7401198142664662,7.043942847230253,6.786539771906612,3.4164723590041013,3.6930158256627204,3.1320195149481957,1,Mammalian
46.489999999999995,26.66131166835639,10.089190562913613,16.57137939408847,1.9502754913497578,9.099973691403827,6.407304441126634,4.2183668342226035,4.6666489034115495,6.041817718506173,3.007838420072779,5.57713471093691,9.249193982661314,9.694758789270374,9.521776244139433,3.2465293251087277,11.430017497799376,9.087010041107757,8.27745680295016,16.71400223421831,7.50712422324767,9.542001709989261,7.5102366919673695,7.4130115587244845,4.024846333996839,4.644296713857077,2.7401198142664662,7.043942847230253,6.786539771906612,3.4164723590041013,3.6930158256627204,3.1320195149481957,1,Mammalian
46.489999999999995,26.66131166835639,10.089190562913613,16.57137939408847,1.9502754913497578,9.099973691403827,6.407304441126634,4.2183668342226035,4.6666489034115495,6.041817718506173,3.007838420072779,5.57713471093691,9.249193982661314,9.694758789270374,9.521776244139433,3.2465293251087277,11.430017497799376,9.087010041107757,8.27745680295016,16.71400223421831,7.50712422324767,9.542001709989261,7.5102366919673695,7.4130115587244845,4.024846333996839,4.644296713857077,2.7401198142664662,7.043942847230253,6.786539771906612,3.4164723590041013,3.6930158256627204,3.1320195149481957,0,E_coli
46.489999999999995,26.66131166835639,10.089190562913613,16.57137939408847,1.9502754913497578,9.099973691403827,6.407304441126634,4.2183668342226035,4.6666489034115495,6.041817718506173,3.007838420072779,5.57713471093691,9.249193982661314,9.694758789270374,9.521776244139433,3.2465293251087277,11.430017497799376,9.087010041107757,8.27745680295016,16.71400223421831,7.50712422324767,9.542001709989261,7.5102366919673695,7.4130115587244845,4.024846333996839,4.644296713857077,2.7401198142664662,7.043942847230253,6.786539771906612,3.4164723590041013,3.6930158256627204,3.1320195149481957,2,Yeast
48.28999999999999,28.070810890754778,8.42459033211173,16.18941128196235,1.496553802549912,7.312257713055492,6.165181389504901,6.018272471625416,3.1180053658185716,5.118023781677394,4.800294768960515,5.003664198967959,7.4505830885772735,7.9426730669855665,7.728539733540445,2.3757394384651844,12.6513754192973,9.972750213852608,8.874460422932632,17.962091263920822,9.23516350330087,8.080584983541128,6.286467402456129,8.892331710557148,5.776421257035069,4.919733432795782,4.3670184110384795,7.1929207546375675,5.607681644278617,3.225485993920198,4.99602741046111,1.4582432727001489,2,Yeast
48.28999999999999,28.070810890754778,8.42459033211173,16.18941128196235,1.496553802549912,7.312257713055492,6.165181389504901,6.018272471625416,3.1180053658185716,5.118023781677394,4.800294768960515,5.003664198967959,7.4505830885772735,7.9426730669855665,7.728539733540445,2.3757394384651844,12.6513754192973,9.972750213852608,8.874460422932632,17.962091263920822,9.23516350330087,8.080584983541128,6.286467402456129,8.892331710557148,5.776421257035069,4.919733432795782,4.3670184110384795,7.1929207546375675,5.607681644278617,3.225485993920198,4.99602741046111,1.4582432727001489,0,E_coli
48.28999999999999,28.070810890754778,8.42459033211173,16.18941128196235,1.496553802549912,7.312257713055492,6.165181389504901,6.018272471625416,3.1180053658185716,5.118023781677394,4.800294768960515,5.003664198967959,7.4505830885772735,7.9426730669855665,7.728539733540445,2.3757394384651844,12.6513754192973,9.972750213852608,8.874460422932632,17.962091263920822,9.23516350330087,8.080584983541128,6.286467402456129,8.892331710557148,5.776421257035069,4.919733432795782,4.3670184110384795,7.1929207546375675,5.607681644278617,3.225485993920198,4.99602741046111,1.4582432727001489,1,Mammalian
50.19,29.604579631386272,6.743408986574178,15.9974454694388,2.760233445786113,5.434029982938634,6.467322235237143,7.918219408664367,2.0066251144726635,4.7267355976034,6.6967237341421315,5.06574580611141,5.553026062243994,6.123476862557991,5.840195217685096,2.739768857076273,14.07598309177728,11.149243507908524,9.828259247824045,19.373950426328367,11.084081915942308,6.71871536160664,5.359821880649598,10.562406536721523,7.6497356588295,5.832187523090705,6.189168708104042,7.810692622888719,4.801389481960756,4.011827873586543,6.62881661091934,1.0230167471631757,1,Mammalian
50.19,29.604579631386272,6.743408986574178,15.9974454694388,2.760233445786113,5.434029982938634,6.467322235237143,7.918219408664367,2.0066251144726635,4.7267355976034,6.6967237341421315,5.06574580611141,5.553026062243994,6.123476862557991,5.840195217685096,2.739768857076273,14.07598309177728,11.149243507908524,9.828259247824045,19.373950426328367,11.084081915942308,6.71871536160664,5.359821880649598,10.562406536721523,7.6497356588295,5.832187523090705,6.189168708104042,7.810692622888719,4.801389481960756,4.011827873586543,6.62881661091934,1.0230167471631757,2,Yeast
50.19,29.604579631386272,6.743408986574178,15.9974454694388,2.760233445786113,5.434029982938634,6.467322235237143,7.918219408664367,2.0066251144726635,4.7267355976034,6.6967237341421315,5.06574580611141,5.553026062243994,6.123476862557991,5.840195217685096,2.739768857076273,14.07598309177728,11.149243507908524,9.828259247824045,19.373950426328367,11.084081915942308,6.71871536160664,5.359821880649598,10.562406536721523,7.6497356588295,5.832187523090705,6.189168708104042,7.810692622888719,4.801389481960756,4.011827873586543,6.62881661091934,1.0230167471631757,0,E_coli
49.09,28.7112702480901,7.70433733953151,16.0815250432276,1.9038398252656448,6.519887375227401,6.223868032255112,6.818246524853886,2.5384815900171795,4.867464902720915,5.598496032673639,4.94164608284289,6.651441709732514,7.171590005854834,6.932671058065429,2.3554660260306504,13.236664987828314,10.442167201697648,9.240511390837302,18.545936693975882,10.011324297525485,7.47861329434544,5.839150628400731,9.585088887192391,6.563315565866376,5.239710909981546,5.127356055126646,7.400051752313489,5.199259842664044,3.4525311993332193,5.663237246238452,0.8898170712638314,0,E_coli
49.09,28.7112702480901,7.70433733953151,16.0815250432276,1.9038398252656448,6.519887375227401,6.223868032255112,6.818246524853886,2.5384815900171795,4.867464902720915,5.598496032673639,4.94164608284289,6.651441709732514,7.171590005854834,6.932671058065429,2.3554660260306504,13.236664987828314,10.442167201697648,9.240511390837302,18.545936693975882,10.011324297525485,7.47861329434544,5.839150628400731,9.585088887192391,6.563315565866376,5.239710909981546,5.127356055126646,7.400051752313489,5.199259842664044,3.4525311993332193,5.663237246238452,0.8898170712638314,1,Mammalian
49.09,28.7112702480901,7.70433733953151,16.0815250432276,1.9038398252656448,6.519887375227401,6.223868032255112,6.818246524853886,2.5384815900171795,4.867464902720915,5.598496032673639,4.94164608284289,6.651441709732514,7.171590005854834,6.932671058065429,2.3554660260306504,13.236664987828314,10.442167201697648,9.240511390837302,18.545936693975882,10.011324297525485,7.47861329434544,5.839150628400731,9.585088887192391,6.563315565866376,5.239710909981546,5.127356055126646,7.400051752313489,5.199259842664044,3.4525311993332193,5.663237246238452,0.8898170712638314,2,Yeast
