p_0,p_1,p_2,p_3,p_4,p_5,p_6,p_7,p_8,p_9,p_10,p_11,p_12,p_13,p_14,p_15,p_16,p_17,p_18,p_19,p_20,p_21,p_22,p_23,p_24,p_25,p_26,p_27,p_28,p_29,p_30,p_31,target,experimental_characteristics
21.82,18.597619825307692,10.688777446724574,2.5565977924652525,3.5590421627736597,3.7750856001913773,0.9595848309590576,2.9163439319734183,4.0614988903488,2.565592385518862,0.6239599696391988,2.290151628714133,2.513892777119556,1.704438592494292,1.3866457555328127,1.1582911423948101,0.35440090293338705,0.5215483836113675,0.6353568969438864,0.7457035747466052,1.5001725174943314,1.8193487209290589,1.5636469572307106,1.1649003160430378,0.6619869815150938,0.9186497969271027,1.9311282496223292,2.1945634565701835,1.3172108436010697,0.25913625410400637,1.2528346425987826,1.1678683231793219,1,Mammalian
15.71,14.46249441577758,11.065492693369608,6.444892720534697,1.8332234381842791,1.8379783927122189,3.610005783189829,3.5599923057767957,2.167262621574063,0.6440445854687702,1.7454071916232463,2.542010771606317,2.362534039110091,1.4594545626017175,0.3791044790081078,0.43236991119693596,0.5162363799656126,0.2666455607021983,1.1049073036174926,1.9391636716377718,2.276530586476954,1.9646093250465155,1.2418263033005317,0.9581859550187851,1.3586657900778687,1.3967299118744727,0.7917209082760823,0.49253369222429955,1.5913306471544082,2.355259610266865,2.4458104002534236,1.9449376114262062,1,Mammalian
11.68,11.153490599730338,9.661642214447337,7.450850547820804,4.881798160582111,2.3856455255889264,0.8267003485887906,1.7284230814073067,2.472684830401299,2.5713266152472145,2.1728817407384295,1.569995742384842,1.1326342378208383,1.04311969005382,0.9993032071865416,0.7648952241646044,0.563205113613149,0.9549226014848949,1.5467962344413366,1.966572727831324,2.062632187947858,1.801909313316841,1.2644042072580959,0.6881356476334403,0.6845653580946834,1.0926796578718945,1.3174550864192307,1.2324598288689448,0.8733469298592386,0.3985027557326191,0.39067863977798134,0.7384769638118309,1,Mammalian
14.98,13.772831515868942,10.490953601170396,6.053308493916512,1.8164622589046657,2.182608407905243,3.694894886990368,3.4656720015691738,1.876958140189933,0.28616731705475684,2.14673458205779,3.1358012929971695,3.07139874862619,2.2112198134930043,1.124139086047419,0.5914823592368412,0.5824087911424414,0.35412393315632296,0.8820644622570023,1.6594138116673744,2.05169484236843,1.8414304283018383,1.1422000154787333,0.6517145016316005,1.1401000570014665,1.4325339161636519,1.1529747986393037,0.45252068162448095,0.5843995745303209,1.1869932440828472,1.293783901726364,0.847161955476095,1,Mammalian
14.879999999999999,13.678014775600438,10.415849536328931,6.024647819421991,1.9028743589040669,2.180968313826504,3.57539276772705,3.281818951126256,1.6890090056305644,0.48458191722716665,2.196238612785469,3.043057432344989,2.853128721517812,1.9197507956780662,0.8112530770785195,0.2981480824889082,0.2716615541441226,0.35216018076922323,1.2433578533196796,2.016862292825815,2.2497990833576917,1.7735888741600265,0.7705427672817032,0.6913692109252789,1.5685817093472854,1.8406312527954571,1.3641755709645331,0.3736445035353755,0.8425732948524192,1.6290234895612967,1.7653326875249244,1.251642174911654,1,Mammalian
15.670000000000002,14.355417020544632,10.78135499848712,5.940854621038987,1.219491733246667,2.6280333181121818,4.305011200374278,3.985036100723033,2.1826799321487154,0.5395843314949261,2.4388980014111152,3.539563627150657,3.477219639225756,2.53939545792227,1.382135266966789,0.8592204328223115,0.8060397012554654,0.3983479776543949,0.7444527387184534,1.604553801567867,2.053505124677429,1.8498577961132212,1.116649622443616,0.6607787136255504,1.235357565158882,1.5240724609923417,1.1742355027945366,0.3293484671742114,0.6879681649969552,1.3877422545411724,1.508242794863059,1.0265249609981921,1,Mammalian
15.38,14.109902263381858,10.65738121067938,5.985879090296187,1.4767798945423958,2.4126979907184416,4.025162417813215,3.7433120312506736,2.031205305088154,0.32744435947871536,2.2589439979110137,3.2972531319699176,3.225045419676725,2.3233797306192323,1.1965893874843327,0.6347179441726044,0.5882176467941097,0.37633434116585524,0.9559515460060793,1.715478906474989,2.0358292428018605,1.7127197856942278,0.9196246725823395,0.7365857544795616,1.423167245471079,1.658247983037572,1.2131572128833743,0.26236395684285535,0.8148634721536675,1.555870034388047,1.6746151117911507,1.1707002068760144,1,Mammalian
15.190000000000001,13.959879885777893,10.612245499961105,6.071836421735739,1.666653693231971,2.231065819285874,3.8599565678887773,3.672837439747308,2.077262996525026,0.13814069975670928,2.069274825168115,3.1467095060508727,3.1641854085613943,2.3626970353569687,1.2961372273493506,0.6969241050867666,0.6711929677819933,0.5635759771210705,0.9103465489708393,1.541911008027755,1.8576516544095596,1.6362207388626524,1.0345443858561822,0.8347193523259698,1.2992222455253255,1.4684288308693363,1.0654587945158107,0.2470531521079052,0.7513497840239405,1.3969042257913062,1.4846196011205863,0.9994600475160665,1,Mammalian
15.09,13.864793537158956,10.535835732988605,6.03910846897376,1.7444279334475539,2.2152684957448487,3.7362702074019385,3.488639218778263,1.8864452051039022,0.28137776098066636,2.09730455305781,3.0375942579149555,2.9352827061527527,2.0679892132348767,0.9883961728450475,0.36679551931029014,0.3244996147917589,0.49990272772734523,1.2436511928934366,1.9132627276919332,2.0720032768627195,1.5636660118142314,0.6297044414930907,0.900953320455754,1.7131037587199716,1.897834054930241,1.341132984312643,0.3842174153826945,1.0497090266538747,1.8382090719044115,1.9595416063856983,1.4308477581060695,1,Mammalian
14.9,13.716088135036236,10.495327408524366,6.132922221396568,1.9343464053043775,2.0398885575294976,3.570528704576795,3.4253670235847564,1.9559716880517808,0.24687370994938626,1.9076112141450927,2.882503997447641,2.8756229968584326,2.1196255956469203,1.1164996631713089,0.4776785335837443,0.4580392996239513,0.6442760231237492,1.2000236735209824,1.7502018660309664,1.886079221126883,1.4618182917450993,0.748248883622111,0.9465751788266353,1.5872538409277412,1.7097032509100802,1.1706672242681624,0.20648417147176537,0.9490002823278675,1.6745649044336666,1.7695989253637014,1.2514141449572813,1,Mammalian
15.27,13.926321282941746,10.282402604102321,5.390879568456518,1.1980754824358262,3.482258519199884,5.073694948573671,4.674394218686388,2.820812798742139,0.6023071456681344,1.6361720160437987,2.478776125538348,2.107509472610692,0.8563979923696927,0.6329085410481681,1.6741701835692933,1.8696791168540126,1.262881763974758,0.838076175571659,1.6813449404708818,2.2567429747383296,2.0216969286833293,1.0443100973899024,0.6558987720842495,1.8554824586755172,2.578623930369272,2.528572479849397,1.8027995556484369,0.7537440594867463,0.1875452367207563,0.6956652407072019,0.7345238839355421,1,Mammalian
13.73,12.665292391230011,9.736466777107758,5.66607139866704,1.4710374869740077,2.151695397020594,4.15794524181589,4.502328864364615,3.4064257727256186,1.498556170481523,0.7897129932901987,2.127771211049346,2.5653947223395823,1.9877493262339514,0.7449024845530839,0.9422888939648695,2.0707728026029315,2.520232545595263,2.1661893498451175,1.234847304244963,0.6591714838522896,1.4200939588082797,1.9342738084933935,1.881371840593958,1.4737922020796141,1.292990361883407,1.5602046887359962,1.7030525826426477,1.392512687692785,0.6785519596654652,0.33428970177525674,0.9995083085593326,1,Mammalian
8.05,7.821651024936609,7.157954148950393,6.12068543168579,4.80547969629477,3.3317092964528516,1.8299823251752942,0.429797312788374,0.7638107166843782,1.6550018797991548,2.1986294481667863,2.383517809769182,2.2391929959752312,1.8338398887692915,1.2774091799199152,0.7714602433043772,0.739256383131049,1.1090534312693063,1.431684375719262,1.5565375860803612,1.4457505501935386,1.111411948635918,0.6041333495144874,0.16539092283951487,0.7172120949050542,1.3045460015197194,1.7615652648220679,2.0266671798520113,2.069102453212326,1.8929795267804341,1.5450896381369446,1.1400322118435893,1,Mammalian
15.540000000000001,14.465638133311748,11.495998828694537,7.321176459518232,2.880734728399549,0.9569315847276245,3.3866031932233875,4.2343107044448525,3.6535098405010626,2.1699761198036565,0.5159083371760863,0.9065819693974422,1.4100913446007906,1.1275324392099846,0.7183025771705462,1.4494721721913286,2.25162163784238,2.4988370772648936,2.075171168588188,1.155912243363584,0.318603479365564,0.9335256667387045,1.296197936044585,1.1071353272936573,0.6377035717023262,0.846066308723426,1.407693053047358,1.6078127455633833,1.3213257158667846,0.8168225386303286,0.9734195075205785,1.5496998090676677,1,Mammalian
16.880000000000003,14.937713400391887,9.824751825378552,3.4222027575548357,2.4970204147699593,5.545415942342449,5.646889488410099,3.436059452839642,0.44631963117533574,1.9519634666389563,2.6414829881500816,1.7585001349427658,0.6149583377921585,1.571666960798906,1.8013568190371883,0.8430490951408293,0.8883692925805127,2.2664017046508986,2.6783713701492466,1.8918851119719529,0.3039734907235113,1.31956896596898,2.250011297139019,2.1739954890382136,1.3471446792484876,0.7310827695414011,1.079402967641939,1.0788366715834408,0.5082473885218993,0.3128457435346872,0.8836498791850155,1.0804552556940255,1,Mammalian
27.46,22.86347268118488,11.789324052937875,0.4999699594858794,5.488913311302499,4.770540516614147,0.3910939049016958,3.100286726275528,3.0375497812857963,0.2582009659353073,2.3372171895036034,2.5034338610615627,0.44409662314069637,1.76711832880633,2.140643321939625,0.5696346834802593,1.3703284277865655,1.9213897970818805,0.7924199212174582,0.8810306017291206,1.431110779638062,0.5425758976798114,0.8286369736689824,1.2966406178826677,0.4631320828992602,0.8380597412801419,1.2976011719549518,0.4875629425946723,0.8203235865955645,1.3501448644610619,0.5969996168851246,0.7524630331279372,1,Mammalian
27.490000000000002,22.86782524756773,11.72965412794292,0.3678304418069784,5.652517346835498,4.909603187066609,0.4514142913271138,3.179830013047932,3.2431723876541967,0.5503914113713316,2.0420193278131045,2.272851291455161,0.36385385106495366,1.760876483575224,2.0209882271669235,0.4272469656488471,1.6119863522995475,2.1503578804274537,1.0076571792271967,0.7948170295710983,1.3699193126237657,0.6068465123617073,0.8396506472667209,1.1613496049502194,0.21361850097165794,1.1950431489988427,1.6956984851311867,0.8869728901781024,0.7962280425163527,1.4655233724393115,0.9229427252695565,0.34228741966627274,1,Mammalian
27.35,22.771958521051285,11.746909712288492,0.512285115645811,5.4108264802240855,4.662762754821211,0.2830814024796318,3.1591661332175596,3.036724664780243,0.22800871050342442,2.4412826053564025,2.6098027883592714,0.5083105438394926,1.7487896777549914,2.1893015608471478,0.672250519879292,1.260357092256,1.8341309333283005,0.7839659509031995,0.8949502109912526,1.3673932254483643,0.4445472397491785,0.9290845213745773,1.362348309151567,0.49366315470705513,0.9150664258636481,1.403232126004851,0.5908459091569902,0.7445891208749639,1.3378854314209427,0.6619773318501793,0.6710939143045754,1,Mammalian
33.269999999999996,24.1616260950717,5.923626236491706,5.064263934737933,3.3405345470161056,3.027529450590115,2.8853754390955406,1.5792871863559386,3.006663944965108,0.5226349524539846,3.4017940841947456,1.708503449041422,2.3157971777988466,2.6240861487296816,0.22242914815283382,1.6078959038234846,0.8980534505250785,1.7379488154434355,0.9531265105327866,0.74703474941829,0.8191710786971872,0.7942983599369957,0.19512383857054333,2.192829978843981,2.156982132992032,0.7937540686646607,3.3338120277885936,2.462491347271054,0.8518633196216937,1.8316464193615554,1.1104760125793638,1.2144570813999522,1,Mammalian
32.75,23.729932409093212,5.77884733082333,5.042010306820907,2.922065602530011,3.389635540531665,3.405184828209029,1.129601267039054,2.790765073173629,0.5544327292552627,3.0581413910226547,1.1936360553135785,2.826606602086533,3.078938218132855,0.3045651969276052,1.5773178571519635,0.6413267497929577,1.2449417351157441,0.7900953291450735,1.1733699174220604,0.6767519053466392,0.6266490095782865,0.41822930762723054,1.7713938853135482,1.6371408938616703,1.2917317805066788,3.65948208619491,2.6501821745857166,1.3593507973151902,2.264420303181861,1.3664829175766982,1.103276448793992,1,Mammalian
32.96,23.848696348392288,5.732726359957121,5.252002717543569,3.087349750956846,3.535211063465436,3.6151233919415913,1.0196838748846746,2.8685792856530252,0.39215931174188434,2.9341098676730364,1.176788904019358,2.619882922055494,2.9909798290605867,0.5133619913262457,1.3686681761233483,0.7111961754677818,1.337956467026568,0.8141116309807414,1.2818614549280238,0.6920489889667061,0.8364571350153821,0.6192568509047942,1.9145222130314947,1.8470660199143893,1.2611706587629319,3.803271142135059,2.839657807891155,1.1530625251298543,2.375860309689333,1.5088611326052537,0.8932923691387881,1,Mammalian
11.07,10.442907177618999,8.690593632630094,6.171566147665132,3.405845659334617,1.160541597103016,1.5675481670182227,2.4702457843460794,2.5645845910919927,1.964317472429881,1.0025679886735768,0.3012305187318139,0.7703736428199373,0.9517391061425324,0.7254915759910987,0.6507633883630294,1.230812739615576,1.8125133020736537,2.0445915581592966,1.812935742010992,1.176319374391135,0.4581849198163243,0.8624327820906311,1.5176394813164045,1.822829085551774,1.7026853375813216,1.2296015865322034,0.5743187271472849,0.09062298092613133,0.5024656417183045,0.6499457307319562,0.5572720054979584,1,Mammalian
23.770000000000003,19.792770864296376,10.194177495543563,0.36181049838732965,4.899196640350155,4.317075373148944,0.41690171886204785,2.878130215846898,3.2111531793054566,1.1652626112170534,1.2571513384103559,1.6629590325605397,0.3578967814580586,1.1441753677522664,1.3966029365818837,0.3343164315850297,0.9167878707749137,1.4366913049384127,1.8510220476821428,2.46413249592737,2.1033330711276497,0.5845556221994709,1.0192071183731373,1.4722045903516388,0.5523542876057582,0.7706010057796234,1.239389337014031,0.5603870680437385,0.9690057610274836,1.41469762339345,0.6493513657296865,0.6584948579759248,1,Mammalian
22.66,18.913120541733015,9.905559993752957,0.8053492479004726,4.015131329126821,3.351565536336643,0.5133063926656701,2.950567315126714,2.653534185844884,0.19712495309192024,2.012693089252988,2.0929545646033936,0.4170640307451021,1.697634453267975,2.091222257676012,1.0902159208020439,1.3091982279242513,1.7780426491373205,1.440339123222208,1.5436836472753268,1.5180030647201432,0.7478037072471132,0.8065697652795547,0.9816125966690599,0.7597080521835534,1.3225318113627553,1.230464998168926,0.32686947203644534,1.5222498808090557,1.9616072402205842,1.1479887050910782,1.084061272060168,1,Mammalian
23.21,19.334121873716885,9.998962841080612,0.5178945305293259,4.532031588500283,3.862162691541743,0.06163718159065208,2.9938942215354976,3.0439604565680036,0.7258200070454652,1.587785314292184,1.9706348733505645,0.5197946894003466,1.175817775543307,1.563948832604442,0.6169635079124063,0.8077747210701759,1.2589262244802593,1.5328899308484774,2.0934385938968063,1.7591442234503991,0.32839975428471785,1.1720386222960628,1.5132323089447222,0.5862633698691307,1.010773411200964,1.4705372976127227,0.7899041302471193,0.9973538804295515,1.4891716843436396,0.8323693827427497,0.5474147696080602,1,Mammalian
23.5,19.56891827456206,10.08938961933599,0.411171864470962,4.755935231505445,4.140374963773584,0.29016584200207285,2.9021836483565235,3.116277519459738,0.9499742218238214,1.3731799660390278,1.7842274993676195,0.4312333545703814,1.1344766494183005,1.4303560724736086,0.40079502268294137,0.8345058418010025,1.2977431721497394,1.6774452576549521,2.3185181467628286,1.981070308431391,0.48027860504917624,1.0978955615370185,1.5136541592497854,0.545540485857709,0.8572895494002191,1.3815571528133102,0.7316226629980519,0.9086684217484279,1.3749413551480263,0.6798395084253159,0.5748449959805576,1,Mammalian
25.28,20.455312993837875,9.430145071237597,0.6821264469401045,3.6585598497744534,0.887880892675143,2.9940793552756024,3.5781385618963415,1.3903286203647094,2.874179888892018,2.9023902274742808,0.5622126927250983,1.9884565564793542,2.0225032956584434,1.0460481886394208,1.7389437550077977,1.2416923934694934,1.467053755152225,2.0735109607432696,1.00743384730684,1.248568985756699,1.9025275989514727,0.9146613205698839,1.0349143346046092,1.479522330819905,0.6513894351459749,0.670004187150511,1.046816633876905,1.4630296772174816,1.4600289338347783,0.23666063839040763,2.1612915829287838,1,Mammalian
21.07,16.821684385543733,6.9245650117315645,2.492915884711179,5.990759314515628,3.497004458452534,1.332587639948502,3.8341909235713554,2.7444544502441484,0.7636310434882143,1.8654042511487297,1.03913770711435,1.4983963701037217,2.410096491763891,1.523423893081449,0.6317976587643062,1.1360017605620152,0.6043028974827388,0.8786510530530202,0.9137137052902945,1.3950710281141274,2.4777245498879474,2.0808714399554824,0.6874853652379754,2.3145128581485768,2.807102280936665,1.4930813639904723,0.45229981582968176,1.0683576087251048,0.3138910449137915,0.8214077061941392,0.9814458472706504,1,Mammalian
27.83,18.83444474438185,2.0400900938044995,6.252536187970556,1.7973668876770528,4.530856660606471,2.5632476654735483,3.081503720337163,4.052573077400237,0.3743354078364896,1.88313132436691,0.848948431580967,1.8783106513629135,1.356762731814169,2.252387503404406,0.8626923044988329,1.4380890097626071,1.5468520475324306,1.895092779793053,1.020134552403464,2.1568263697936905,3.5255893004330714,1.5510236052791544,0.6825553179797016,1.4443169500946749,2.7838263765865885,1.8810204592173518,0.9522447585544929,1.252326386618643,0.8734441738417457,1.416005624335505,0.7707269506261195,1,Mammalian
20.34,17.667656881845872,10.924082851047165,3.238616115606742,2.384739044396755,3.913465325688396,2.120757751252651,1.067017727620174,3.057890159016665,2.9819048769448493,1.2427129959195777,0.8008918475167027,1.835640715944697,1.57657597163592,0.8585870983579407,1.1077002051311042,1.3435028842544394,1.1566338592821281,0.8499842533456425,0.6846864886046902,0.9970646346619579,1.258597723429119,1.0001251536438054,0.8350553610514344,1.3905782162068527,1.4553262342008204,0.8893278273283469,1.517674551486217,2.5561895403905615,2.7107199187841617,1.9400168787713652,0.9314806286173146,1,Mammalian
12.67,12.043789751005393,10.2828330630293,7.7135205463854195,4.797823134096023,2.0334484580983303,0.2653961375033195,1.5551942820366709,2.0178877627878196,1.7151383023410356,0.9347448039950257,0.3860066571768161,1.0501491626602912,1.5491420862980518,1.6693315332765433,1.4885349842845683,1.2093386622447824,1.0334591941411198,0.9411795707568693,0.7429145976199469,0.3436095810550051,0.21141025648384315,0.7831004683567792,1.225699565742796,1.4282608223959545,1.358899835904153,1.0784016029684786,0.7368142168054984,0.5459050887325637,0.5428713340187906,0.4972706770432552,0.3021625757730269,0,Mammalian
15.21,13.998324875063426,10.742169266983485,6.444778029772959,2.436077724206196,1.2289107616544757,2.1053769213463878,1.6536851971171882,0.33067697318683115,1.0036856569875126,1.6390255915263645,1.3237522612912462,0.6424480471374574,1.4998345948698573,2.4055073475313336,2.551448875737488,1.8901058171435794,0.7819006724591098,0.4447578245228447,0.9482419085328373,0.8022435292853466,0.3626088273441443,1.0475691592844376,1.7318115682858164,1.9084162909082485,1.544496082391125,0.8841418231135569,0.38000930074343636,0.3969775158310851,0.38604379443011044,0.507739638491246,0.8345342690851542,0,Mammalian
8.74,8.515088367160551,7.8597845564497,6.830433611353512,5.514659795371485,4.022652074396125,2.4763093759460464,0.9974685481108664,0.3055411425990864,1.340971253594776,2.0530027075117383,2.4162045670575982,2.4403979534971207,2.167356793235287,1.6652688974796193,1.0229829977073448,0.37336309405188933,0.46135248985215116,0.9908323128021221,1.384175434259755,1.5846902027183323,1.58230104944153,1.3944058619033781,1.0610497966017727,0.6454801392601051,0.304537326319444,0.4900107069590485,0.8709602948683091,1.201724648698254,1.4472653215933071,1.606957096532195,1.6932255326823948,0,Mammalian
12.8,11.945256538791407,9.576536988182818,6.229687552006322,2.6593769898928223,0.888793779835591,2.7966248498183837,3.6481608580417975,3.3516729116647985,2.267035678270448,0.925554327802962,0.4677843232165065,1.0290466536076834,1.0563201888276907,0.6556202264326171,0.46478753264088907,0.8602325267042633,1.0605306434403323,0.9259623439807442,0.775955427954889,1.1046108214995833,1.5681116750271697,1.7717206039722841,1.6105511748383032,1.2184780232783914,0.9911315308459273,1.1853009548530542,1.4081383468625042,1.3771753495301307,1.089974848857319,0.710071513114349,0.4755760672415398,0,Mammalian
23.75,20.059020495452856,11.052337859558348,1.6244573500009998,4.154501327129598,4.455597053880162,1.4444883044729782,1.5549506679216825,2.177969111134989,0.7570071361654769,1.3886831515131606,1.8690055556240586,1.0282706747175343,1.057994023540189,1.2451575740682823,0.4470790095572792,1.0592922165295098,1.4627421250137536,1.27369023665711,1.857596816723407,2.1747327426955207,1.3366179338685007,0.1273263633212446,1.0917714540359753,0.863626395463842,0.4345198332438965,1.570617969100081,1.9733417243392648,1.5569571735415138,1.0880482485844725,1.1156538308299133,1.0415464101499332,0,Mammalian
27.42,21.7113343984782,8.852652393862108,2.1960877650160224,5.229674937913612,1.6707601060553061,2.6194733490728743,2.834975309032176,0.2627343609769213,2.4039022128245375,1.4388517729143635,1.3365049927871933,2.549751647935844,1.1310680875766503,1.438131393944093,1.9895619709194752,1.056503667764575,2.1508258928165644,2.1527749192386465,0.5579776508453455,0.9798908097217714,1.462364186774125,2.051330110394467,2.2792870262640457,1.2693977530947695,0.5112663011928356,1.0113231752866576,0.8081764912482483,0.9008221681494796,0.9666979074114782,1.0363488778843764,0.8384943486520281,0,Mammalian
13.420000000000002,12.337440055257858,9.383016671396849,5.34501208310259,1.3033240868572016,2.056142156784223,3.754436303349898,3.882513813822298,2.8043569333330978,1.2288769685804688,0.6411041646452602,1.3418914951427836,1.4862969658653182,1.361852290560333,1.5284390809493833,1.7777608478013653,1.623637890664048,0.9817528330020223,0.5040046865005609,1.1907438044037797,1.6547790948615677,1.5149073536664384,0.8178366688329177,0.24725062400886585,1.107421415029791,1.6075160183640038,1.5844399097645792,1.16892794562083,0.7769001229801187,0.8086684953780721,0.841628329918413,0.5476005187999773,0,Mammalian
25.11,20.744789824757888,10.375283090243025,0.19714127606756746,4.796252963091715,3.6669826787283086,0.4562815773960022,2.8045463371601214,2.1333134394668654,0.47269374323037155,2.104214549147023,1.8023318481297284,0.7746594932697994,1.1439020856204225,0.8340752434937808,0.5508100810879948,0.4036087214122109,0.8187186681753269,1.877677422287073,1.6267213511795529,0.1969604914916988,2.0636314476437674,2.7797876115855478,1.9300109670714503,0.5614033923927187,0.27364823528089144,0.5141408210604812,1.177576139376234,1.114211267360137,0.5771738433871566,1.2085839181550992,1.1513934449267593,0,Mammalian
32.63,23.402722626412196,4.882373144469087,6.237041021378829,4.251826326351344,2.2157970854080173,3.3151637983494915,0.43521967032395315,2.4117235573599833,0.43094913033184473,1.7979403163148326,1.2885842863018255,0.4575294916605441,0.5785550271558496,0.45527597108767187,0.6617451415500424,0.6521502894272172,1.048518622906704,1.3327869080101848,0.8397484352451111,1.1536540328122424,1.6979105739741958,1.6771510015367246,2.0979177656127335,1.4820895664145648,0.8173685552491955,0.4040502454906403,1.234518059111583,1.2587779897116629,0.5974882565045585,0.9690422345800427,0.7244822292184937,0,Mammalian
18.65,16.51838493278191,11.023128521819805,4.406063070188689,0.8868004052531058,3.2986704515191847,2.894181816789628,1.0850593953492933,1.12924120531552,1.5217112326484437,0.6899542376537121,0.7053044103113915,1.2954353416406,0.6563697149318881,0.955643055909433,2.6225826784056885,3.4065378318756423,2.9142139355218966,1.5048879982500778,0.3289242958467207,0.9786504690514732,0.8756480644519506,0.12253105863000888,0.7003084347238817,1.0782459367962167,0.9049341520059903,0.4687067290897773,0.2904379761420776,0.30409797154331825,0.23220351774135053,0.27289367332830183,0.2704853013734553,0,Mammalian
18.77,16.667461624156434,11.255214070469668,4.762619387760131,0.380241933851126,2.6373915599097737,2.0976548230446355,0.4027595858818777,1.8357131224326924,2.273398133271444,1.4299904902044247,1.0296201403013472,1.691173293106542,1.6103919461800218,1.458689821379423,2.197880025399498,2.5224789394561844,1.7385724556798399,0.15581550460898286,1.4646399024225674,2.307521471319532,2.129965695999945,1.2909893694790169,0.7055817912581591,0.886767913339457,0.8692171042902455,0.606227103407091,0.39660977126185387,0.26812986372963465,0.2589472412660013,0.3579222676761572,0.2834420606297445,0,Mammalian
18.61,16.509059673494605,11.101626493092668,4.617637903500538,0.535973800196624,2.769406835951845,2.224803355894893,0.5453804134746056,1.7966820506097227,2.2280417432557424,1.3553355167861019,0.8715047151516349,1.5524064868765253,1.4522766460041192,1.3594131174045796,2.2178229286392734,2.596247291765559,1.8416573490460433,0.2641947399738394,1.3258672857693603,2.160819699066904,1.9799733119635308,1.1504764983517815,0.6757066084495028,0.9500176887915516,0.9251323494579198,0.6118057394675613,0.3250485163197632,0.1908518093466474,0.29027464264864694,0.42555793012607596,0.3718777157660263,0,Mammalian
17.97,15.875578978732847,10.4883955196255,4.046950377513628,1.1696576443051288,3.3244067980027694,2.770011717511105,1.1553228533802893,1.7664035168788956,2.142869857874924,1.2146558204936106,0.2816138382478077,1.0811135925356932,0.8462474979017043,1.096925877672539,2.3792132787499427,2.932047066470796,2.2900061452095644,0.8473570395557752,0.879663665778352,1.6329735469428768,1.436612573942409,0.7112619330849917,0.8871416537752982,1.352929641761858,1.3109391450869496,0.9349106849044898,0.6135747407040942,0.603400190700951,0.7804295422918803,0.9160752625713215,0.9015692187223984,0,Mammalian
17.47,15.39121742037237,10.048338039524461,3.667417572813196,1.3607935470525938,3.470796671005017,2.8154354492577682,1.0816937889134646,1.7782810008658656,2.210045534910914,1.292070524869142,0.1798292017336432,1.0156259268779946,0.6984978630145645,0.7098435489006637,2.03852259307403,2.5684431081883043,1.9187978210043264,0.6299782163440155,1.284223448277031,1.978586109753857,1.686496853000501,0.7857743819342436,0.7898902926807883,1.3551076274449543,1.4090066921680136,1.102432715399227,0.7893361107343436,0.6927783954789084,0.7616896923916884,0.7712521928670754,0.5700302196391832,0,Mammalian
17.729999999999997,15.635878029896027,10.249789341828421,3.8128790322957906,1.4008806977783361,3.564394392962449,3.0090884326218004,1.3243882806687455,1.6362634816134054,1.9691641016488346,1.032075078054183,0.3920524717671035,1.2098764857408315,0.8817651604408895,0.8571763710402962,2.174392596285765,2.752180953353176,2.1379430851064636,0.7994354002139383,1.1093041510845207,1.8375836167114858,1.6465604219502956,0.9512255380521042,0.9645679614966414,1.3498302925695422,1.290211653936621,0.9023929129662027,0.535604319008616,0.4523478876230461,0.6049266967412457,0.7289958863138061,0.6867250794725049,0,Mammalian
18.009999999999998,15.915530013187874,10.528169376177122,4.086029143954699,1.1314759022888379,3.284409041762486,2.7301813496146923,1.1296453684546826,1.7903031172510653,2.1730482175698045,1.2469791744500318,0.27947550179754616,1.0634100094357966,0.8468209172907534,1.1368944055836112,2.4139803788790424,2.9628533544541145,2.3167972282344307,0.8616070941635632,0.8419522407893164,1.5998283598926029,1.4025588870663566,0.6712705289161341,0.8799574653258733,1.3575767928044133,1.3186156871820316,0.9461582806159202,0.6345136917973734,0.6339326882680547,0.8128915041323291,0.9495720268102678,0.9385625585842678,0,Mammalian
18.669999999999998,16.446880413316194,10.730660448886626,3.9360472177388974,1.8288180069881037,3.9582746524943953,3.1318417982256084,0.6958572387950582,1.8097603418177552,2.670909718099545,1.910396695677034,0.413670932607685,0.8067797686355721,0.788390338654545,0.45770935630113085,1.7784532137389322,2.5676643082770765,2.302349294175518,1.177477273824015,0.21450424049160252,1.114043996431186,1.4090814197218597,1.3162776186799892,1.1582816115108063,0.9235623991824706,0.6409455317023517,0.7252935181939771,1.0328977225176506,1.2830577057373624,1.43859069954209,1.3435362684139982,0.8462746392445396,0,Mammalian
17.99,15.895554465174662,10.50828223330469,4.066487521393916,1.1505513292204226,3.3044079130926165,2.75009591804838,1.142381187260603,1.778281000865866,2.157919111513706,1.2307611108113323,0.27983290549688095,1.0721118057678671,0.8462979657502574,1.1169098599607268,2.3965764222524863,2.9474226028854424,2.3033538093237333,0.8542776882248846,0.8607821270974318,1.6163621788033544,1.4195469557746674,0.691266106664845,0.8833304745806936,1.3551076274449543,1.3146308935598319,0.9403386306875455,0.6238115049870548,0.6185315042068216,0.7965748138035855,0.9327595941065612,0.9200344375413247,0,Mammalian
20.3,17.273243453890334,9.848641062335227,1.9296713548963305,2.7928172043987045,3.0041777337763045,0.5444771917842393,2.727311176947946,3.3550064679485403,1.6559087242155954,0.9605268369752699,2.2399801877399605,1.8557893754898616,1.2973878093594708,1.7447022797032161,1.4476757978613193,1.3920488497175658,2.1583941733478853,1.8755947911303121,0.822699731614003,1.8674233684040664,2.488449495273388,1.6236604523498592,0.2717906592545176,1.6712664658944911,2.109009599151668,1.5436516324031595,0.5875740025364118,0.28591575642480205,0.9797568238654121,1.3130980604276443,1.0374749173402968,0,Mammalian
17.46,15.366225621588455,9.98143727874842,3.5504951156693583,1.6639802942042992,3.8343822934475567,3.2782110228829873,1.5373164665111736,1.5221307689169001,1.7921321922741134,0.8610417799284085,0.6124571623268706,1.3904567362487874,0.9920970919913064,0.587702645712286,1.9535676125770338,2.5616400996236766,1.9877140605400563,0.8294669020367982,1.371895286155774,2.0768457717706523,1.8913169883965244,1.22120169172728,1.108775798184073,1.3965378341872612,1.3197315505493952,0.9406379869921034,0.5690077008838224,0.40362270178782794,0.4796984481131675,0.5682484115910096,0.4747643080876267,0,Mammalian
17.49,15.396186398637369,10.011249798482641,3.579592947778291,1.6346358780885775,3.8043835530289605,3.248301321541435,1.5127583218751957,1.5328845286195292,1.8106692935641293,0.8775928276952182,0.5859214344472546,1.3689395974738023,0.9767726289315238,0.6176214706694974,1.9775010745343844,2.5821115390315725,2.0031657757688244,0.8218150435138748,1.3425733627389198,2.0498840191088195,1.863777550743875,1.1912038075112212,1.0903955203633227,1.3888358513225683,1.3137468484401549,0.9326135051534884,0.5589901704424418,0.40043155811713926,0.48785484150373665,0.582130670751669,0.49553568328155934,0,Mammalian
18.67,16.53730359375945,11.038971085117737,4.417485229028785,0.8852861245497358,3.3005573347843864,2.9007813871811514,1.0895342003311292,1.109775167982956,1.5027526024487181,0.6768751729069796,0.7237097217757658,1.3068185854546988,0.6601308558129487,0.9574577524533835,2.631713223674026,3.4214762895568924,2.9330572452892008,1.5247294623301801,0.32033858371807133,0.9597964191727075,0.8617021659908228,0.12078310399626709,0.7037391906704414,1.0750809627783393,0.8971899477200904,0.46167964716574844,0.2978561081193905,0.3119046266619601,0.2234371086460378,0.2529086597395266,0.2516524042444897,0,Mammalian
18.17,16.06512296986392,10.647106526205171,4.151454744245041,1.0444220570439147,3.289738501517741,2.774603749491874,1.0880315791858781,1.600381308077189,1.9828660240212017,1.070084696955989,0.3259133423033448,1.0987367939282566,0.7429563539550192,1.034375614612009,2.442652211630049,3.065371103145588,2.4674432618212743,1.0305332516633496,0.6942452107955294,1.4404508058953889,1.2602592473386482,0.5149962244147173,0.784107919857735,1.2514710019641466,1.1806143450384314,0.785236033801808,0.46863331313611306,0.46589859435690206,0.6243255919822683,0.7527728471826698,0.7410553791643812,0,Mammalian
18.32,16.098950002215727,10.409302682596573,3.681826982049109,1.7576343831375276,3.8586045776785607,3.129986691888521,1.1339536029372876,1.30003128180852,1.6565478246407939,0.7856824722242535,0.42284863835508957,0.9737779441918054,0.8203059626343118,1.4966894331412113,2.338161825822831,2.2700220263248543,1.3902218339322783,1.1631790799331037,1.6706636625846742,1.4658622085442137,0.9152914327268357,1.1060991281579378,1.0000492230525504,0.07949003911998381,1.4754440551111019,2.4585690068704187,2.3590532695669006,1.3591636679150247,1.0257837674943682,1.5712486593159096,1.2696590389240998,0,Mammalian
18.32,16.098950002215727,10.409302682596573,3.681826982049109,1.7576343831375276,3.8586045776785607,3.129986691888521,1.1339536029372876,1.30003128180852,1.6565478246407939,0.7856824722242535,0.42284863835508957,0.9737779441918054,0.8203059626343118,1.4966894331412113,2.338161825822831,2.2700220263248543,1.3902218339322783,1.1631790799331037,1.6706636625846742,1.4658622085442137,0.9152914327268357,1.1060991281579378,1.0000492230525504,0.07949003911998381,1.4754440551111019,2.4585690068704187,2.3590532695669006,1.3591636679150247,1.0257837674943682,1.5712486593159096,1.2696590389240998,1,Yeast
13.41,12.51599700816561,10.056697126794864,6.636613893153545,3.0705732475259393,0.16109258725929138,1.5442575013820135,1.836059952235246,0.9304060462222002,0.6774709098590281,2.3037834810845124,3.3968837924648776,3.613717836311215,2.9357378941866807,1.6517258545309241,0.4761230730056824,1.1921828718783039,1.7242476887343194,1.5628227257808698,0.8455740145429621,0.18585644898575465,0.9381480732755794,1.2962103550481463,1.1018866722241691,0.4875905958416066,0.5639838913643049,1.2904730549822676,1.6889048274798597,1.6206420676616433,1.1573038108393185,0.5224922781353635,0.09869371364385458,0,Mammalian
13.41,12.51599700816561,10.056697126794864,6.636613893153545,3.0705732475259393,0.16109258725929138,1.5442575013820135,1.836059952235246,0.9304060462222002,0.6774709098590281,2.3037834810845124,3.3968837924648776,3.613717836311215,2.9357378941866807,1.6517258545309241,0.4761230730056824,1.1921828718783039,1.7242476887343194,1.5628227257808698,0.8455740145429621,0.18585644898575465,0.9381480732755794,1.2962103550481463,1.1018866722241691,0.4875905958416066,0.5639838913643049,1.2904730549822676,1.6889048274798597,1.6206420676616433,1.1573038108393185,0.5224922781353635,0.09869371364385458,1,Yeast
12.99,12.145436246301095,9.82312639224883,6.59636318425758,3.2371163099979046,0.5249046407672261,1.1395002653714261,1.4298417914941308,0.6442128993666956,0.8622123213358646,2.27037627508227,3.170357808682124,3.250374573978433,2.516754991047876,1.2528219343041809,0.16103314743578803,1.130707742964556,1.508056690146746,1.204234099074576,0.427241212418931,0.5899374286456209,1.2931107397376496,1.5094238296213505,1.173613639311294,0.6076098586178107,0.9807899251399654,1.6952449068989104,2.0277775299000638,1.8403578333202124,1.2417951283850392,0.5631699924742654,0.5016697054235341,0,Mammalian
12.99,12.145436246301095,9.82312639224883,6.59636318425758,3.2371163099979046,0.5249046407672261,1.1395002653714261,1.4298417914941308,0.6442128993666956,0.8622123213358646,2.27037627508227,3.170357808682124,3.250374573978433,2.516754991047876,1.2528219343041809,0.16103314743578803,1.130707742964556,1.508056690146746,1.204234099074576,0.427241212418931,0.5899374286456209,1.2931107397376496,1.5094238296213505,1.173613639311294,0.6076098586178107,0.9807899251399654,1.6952449068989104,2.0277775299000638,1.8403578333202124,1.2417951283850392,0.5631699924742654,0.5016697054235341,1,Yeast
14.4,13.27274209927769,10.216893196904325,6.104477773760752,2.091145736170443,1.0771709379326158,2.277622263919148,1.8369916504939987,0.3077838213002564,1.8304748968009907,3.3411324087900405,3.8228917660796755,3.179313940216537,1.83617170603927,1.1276173893149604,1.9039938778280194,2.2729716232280595,1.805655697446298,0.7357524756902276,0.466230148470956,1.2968849488800855,1.4679169160153016,0.9726428953546596,0.1496578614237876,0.8632897076565964,1.4076785549855102,1.423939890863581,1.0171518345729127,0.6623909789612753,0.8516466577144267,1.0124587675735655,0.8780514239818977,1,Yeast
14.4,13.27274209927769,10.216893196904325,6.104477773760752,2.091145736170443,1.0771709379326158,2.277622263919148,1.8369916504939987,0.3077838213002564,1.8304748968009907,3.3411324087900405,3.8228917660796755,3.179313940216537,1.83617170603927,1.1276173893149604,1.9039938778280194,2.2729716232280595,1.805655697446298,0.7357524756902276,0.466230148470956,1.2968849488800855,1.4679169160153016,0.9726428953546596,0.1496578614237876,0.8632897076565964,1.4076785549855102,1.423939890863581,1.0171518345729127,0.6623909789612753,0.8516466577144267,1.0124587675735655,0.8780514239818977,0,Mammalian
13.780000000000001,12.737561369290807,9.9111646853643,6.102990133492851,2.3517031229564043,0.45719001240107643,1.681569977224088,1.4523911558182119,0.8128497255449675,1.9664461975524812,3.087725914971404,3.3165734027068323,2.56665370698392,1.2186497241459677,0.7019173990818347,1.5549633600287993,1.752369823981228,1.1861265874912434,0.36021495458469815,0.9980543701759244,1.5154229435793216,1.3489114909176492,0.5678465669386138,0.5505086330069611,1.4792144278911936,1.9221167012165528,1.767534770869852,1.2649138953956405,1.0701749725984921,1.3230304469426806,1.3292155306202356,0.8408394141412492,1,Yeast
13.780000000000001,12.737561369290807,9.9111646853643,6.102990133492851,2.3517031229564043,0.45719001240107643,1.681569977224088,1.4523911558182119,0.8128497255449675,1.9664461975524812,3.087725914971404,3.3165734027068323,2.56665370698392,1.2186497241459677,0.7019173990818347,1.5549633600287993,1.752369823981228,1.1861265874912434,0.36021495458469815,0.9980543701759244,1.5154229435793216,1.3489114909176492,0.5678465669386138,0.5505086330069611,1.4792144278911936,1.9221167012165528,1.767534770869852,1.2649138953956405,1.0701749725984921,1.3230304469426806,1.3292155306202356,0.8408394141412492,0,Mammalian
14.190000000000001,13.089417518388286,10.105665805739672,6.08839427672197,2.1521898392651457,0.8867661330083397,2.0913458763487176,1.7045650919715662,0.44959698228328493,1.8535892133991634,3.2500020594516177,3.658721317174015,2.9865055280268384,1.6451803508453313,0.9738692640821092,1.773091902772847,2.0940152817016404,1.599171022554274,0.5633820554607414,0.6301023332898692,1.3501612837982424,1.4109425189489635,0.8228634836090644,0.16419911333986703,1.0535950614547147,1.5587066017566575,1.5114148090685757,1.0648311438931526,0.7719638168730973,0.9953793343106149,1.0943390425619295,0.8240698980544343,1,Yeast
14.190000000000001,13.089417518388286,10.105665805739672,6.08839427672197,2.1521898392651457,0.8867661330083397,2.0913458763487176,1.7045650919715662,0.44959698228328493,1.8535892133991634,3.2500020594516177,3.658721317174015,2.9865055280268384,1.6451803508453313,0.9738692640821092,1.773091902772847,2.0940152817016404,1.599171022554274,0.5633820554607414,0.6301023332898692,1.3501612837982424,1.4109425189489635,0.8228634836090644,0.16419911333986703,1.0535950614547147,1.5587066017566575,1.5114148090685757,1.0648311438931526,0.7719638168730973,0.9953793343106149,1.0943390425619295,0.8240698980544343,0,Mammalian
10.23,9.754534482073318,8.406011903993948,6.402846473940752,4.061585690868731,1.736601124112697,0.2709311541828506,1.6702174329250106,2.4055325472887823,2.507935136817337,2.169377359502217,1.7263186067538896,1.5691631175017873,1.7180158315409413,1.8175887018083592,1.6449152714997386,1.1810588469674153,0.5554796315634791,0.39437560271831684,0.8991822373053906,1.2263176933360846,1.2516800657276557,0.9832858991781097,0.5023889536224182,0.08008223232617186,0.5981674053795428,0.9740042438282036,1.1423364105540208,1.1057095918066886,0.9198940857657069,0.6728044442523317,0.4591723945677748,0,Mammalian
10.23,9.754534482073318,8.406011903993948,6.402846473940752,4.061585690868731,1.736601124112697,0.2709311541828506,1.6702174329250106,2.4055325472887823,2.507935136817337,2.169377359502217,1.7263186067538896,1.5691631175017873,1.7180158315409413,1.8175887018083592,1.6449152714997386,1.1810588469674153,0.5554796315634791,0.39437560271831684,0.8991822373053906,1.2263176933360846,1.2516800657276557,0.9832858991781097,0.5023889536224182,0.08008223232617186,0.5981674053795428,0.9740042438282036,1.1423364105540208,1.1057095918066886,0.9198940857657069,0.6728044442523317,0.4591723945677748,1,Yeast
38.89,21.89155238333084,3.581331165768266,4.797460406074955,4.986412521647832,1.9616005504660332,4.39553112590952,1.8173284206824785,1.6584268566993812,2.5413148528189144,2.664119036553394,2.2484258197447065,1.932127354827959,1.9941076780113671,0.7740636618145825,2.814491923343855,0.8015609770940688,1.770414548454161,0.6544360070407553,1.5223658200503336,1.3558025610468667,1.2870681482787174,2.0683320945766956,1.3427712407024497,1.5492644580504031,1.3318567210079353,2.1321534624257903,2.808054838427459,3.0780470211057516,1.9780754273785854,1.420811697829013,2.5916167621343678,1,Yeast
38.89,21.89155238333084,3.581331165768266,4.797460406074955,4.986412521647832,1.9616005504660332,4.39553112590952,1.8173284206824785,1.6584268566993812,2.5413148528189144,2.664119036553394,2.2484258197447065,1.932127354827959,1.9941076780113671,0.7740636618145825,2.814491923343855,0.8015609770940688,1.770414548454161,0.6544360070407553,1.5223658200503336,1.3558025610468667,1.2870681482787174,2.0683320945766956,1.3427712407024497,1.5492644580504031,1.3318567210079353,2.1321534624257903,2.808054838427459,3.0780470211057516,1.9780754273785854,1.420811697829013,2.5916167621343678,0,Mammalian
43.05,21.058247310782363,6.400993671071091,2.8103491154811904,5.187814168610071,2.0064883680417274,3.0153348967272513,1.7686693431079314,1.2173270575255053,0.8777714804996035,3.165000567036035,0.5187235108222233,2.8268208521743405,1.6977006193050797,1.3633670249333587,2.9046319982939046,0.9047098982546842,1.7077567854285711,0.8882699992040831,0.7521179593634829,1.843161795334064,0.11965906711770194,0.7596171447896284,2.355010202998696,0.06568740378714338,1.6820205009202538,2.7087711768518554,4.304764895627908,3.6801661128136374,0.7682801362548974,1.4292495103322163,4.032764038260731,1,Yeast
43.05,21.058247310782363,6.400993671071091,2.8103491154811904,5.187814168610071,2.0064883680417274,3.0153348967272513,1.7686693431079314,1.2173270575255053,0.8777714804996035,3.165000567036035,0.5187235108222233,2.8268208521743405,1.6977006193050797,1.3633670249333587,2.9046319982939046,0.9047098982546842,1.7077567854285711,0.8882699992040831,0.7521179593634829,1.843161795334064,0.11965906711770194,0.7596171447896284,2.355010202998696,0.06568740378714338,1.6820205009202538,2.7087711768518554,4.304764895627908,3.6801661128136374,0.7682801362548974,1.4292495103322163,4.032764038260731,0,Mammalian
15.399999999999999,14.185498386545234,10.877967325955854,6.376688137665627,1.8584667469086313,1.6190515234544902,3.35500362753841,3.2907749980915444,1.8942135489740177,0.030294497865665085,1.6371022917789537,2.361585640651007,2.0670343757931056,1.1247656729096243,0.8974213357872578,1.6217513246678512,1.8064883060789514,1.252078258499742,0.21196208506296318,0.8702446254288664,1.5610444296987322,1.637154640523795,1.1743784856832389,0.6099882568706212,0.6919212606093672,0.840536283133958,0.6888748568547642,0.9370204201747134,1.6684755102880646,2.2025871103781323,2.2255038138408754,1.7941268544803266,1,Yeast
15.399999999999999,14.185498386545234,10.877967325955854,6.376688137665627,1.8584667469086313,1.6190515234544902,3.35500362753841,3.2907749980915444,1.8942135489740177,0.030294497865665085,1.6371022917789537,2.361585640651007,2.0670343757931056,1.1247656729096243,0.8974213357872578,1.6217513246678512,1.8064883060789514,1.252078258499742,0.21196208506296318,0.8702446254288664,1.5610444296987322,1.637154640523795,1.1743784856832389,0.6099882568706212,0.6919212606093672,0.840536283133958,0.6888748568547642,0.9370204201747134,1.6684755102880646,2.2025871103781323,2.2255038138408754,1.7941268544803266,0,Mammalian
37.14,22.453707261965537,1.7234140950046555,7.160374679813249,2.280153718175258,3.7917836602250214,3.2836258058244314,4.455494097313711,3.349783363518655,2.838401211520119,2.7955413261483453,3.339384975146128,3.112899891773049,3.591008878639131,0.3290350571693711,0.3117740328707431,3.652341714571625,3.117807014838237,1.080392677760982,2.2037198006173493,0.7757464244602389,0.9869131568807,1.8282752642265638,0.3976019592839798,2.4636053696754368,1.1602373525877614,2.077384881416496,2.2198448486967526,0.9675591817703183,1.4169271778029175,1.7503609124787223,0.5235661039357404,0,Mammalian
9.68,9.339092437228189,8.357864174850587,6.855712302534874,5.016445308872265,3.075727857932433,1.3835941225225439,1.1202265281115122,2.0276579053052353,2.6281281532622502,2.732871591431123,2.375038479213372,1.6677424846329179,0.771088388976826,0.19492143477438953,0.9411118081068176,1.443606594609487,1.601960991484459,1.4030532776814866,0.9009683044486431,0.29103107904086906,0.7337183248360992,1.4695174988199036,2.0381071246365288,2.3309661986080332,2.2992429450682135,1.9512892615536546,1.3501868763648037,0.6115655149500959,0.2956403243027354,0.9108360315002577,1.360237397767433,0,Mammalian
29.61,22.53743282653042,7.2497059286827055,4.30259996343876,5.348903238872897,0.46578295103439377,4.337240245095895,2.415509600957909,2.2570740831909957,3.4172534020743446,0.8617929817794479,3.197985444109143,2.985826881792943,1.0549424452963283,2.4131802155811277,1.5266865021056617,1.1182575731914361,1.272813904619437,1.1008974670145848,1.7773073135339834,0.4077828808543754,2.283577563098954,3.0147058961625914,1.5153796438693001,0.7976318593107523,0.5843043193438586,1.2322599794603446,1.7245604859513368,0.29964161129552247,1.4934809193290743,1.6033382604461954,0.18034318158615184,0,Mammalian
37.129999999999995,23.827700025153543,0.4520943097043667,7.544512172136249,0.3433861887064987,5.007907782217274,0.6118567414898574,3.914892869144751,1.103812342973441,3.1879631291650705,1.168049280081408,3.1651623092045713,2.033516290721546,2.2552452328091572,1.4924010011261557,1.7102823203040127,1.6964963896218583,0.555664952314101,0.7544638906794044,0.9542890335134326,1.153465043867436,2.01666421231747,1.9627871627515892,1.894955832569346,1.2282501013635123,1.4630062962888513,0.6172175854265645,1.9320982831980065,0.37949415456842556,1.6020137489391033,1.164360527415785,0.6244201549298263,0,Mammalian
12.31,11.789371575625907,10.30200961205535,8.059372983748801,5.376180886898005,2.6264715094699778,0.4720117141063124,1.8976375532531786,3.0512949056891348,3.413589017318135,3.04761052959412,2.1360204233641995,0.9332181220175526,0.28601019143721806,1.2756669852826819,1.8648407532950249,1.9845654436173175,1.6864468941795872,1.1794324802942302,0.9788271274782766,1.3960126172449359,1.8813340201898332,2.1031295610925715,1.9684539306172804,1.5092380191724355,0.8657541124406376,0.4785827316770535,0.8836134476098784,1.2817690043777639,1.3874913016107109,1.1621059934698459,0.6616409367760576,0,Mammalian
26.729999999999997,21.63735136208615,9.83804645387983,1.0810498897532352,5.430572087495708,3.498101762301852,1.9655360421300585,2.6185312838072416,1.1609644755653956,2.852106541845765,3.160324513787801,1.301908050546155,1.1311368401667479,0.9024011914188611,0.938013333201109,2.3241247308533564,1.796023385148423,0.5395952378649383,1.6082020409270812,1.5782120046601118,1.6901042043941419,2.2635536030461685,2.152020048276844,1.7423551552390064,1.0322603772668821,0.7520085914950411,1.4829342386076707,1.0647311078193389,0.634164039992284,1.4070920293212958,0.8902763301451215,0.47276356351870297,0,Mammalian
2.62,2.6169037140475675,2.607622739820666,2.5921807202709917,2.5706170344449424,2.5429867607926413,2.5093606302139175,2.4698249736881515,2.4244816714026896,2.373448112997767,2.3168571821910406,2.2548572840842644,2.1876124405721873,2.1153024895240575,2.038123438449475,1.9562880458525944,1.8700267377767623,1.7795890204354028,1.6852456348090297,1.5872918376320477,1.486052425001822,1.3818895138223373,1.275214804387791,1.1665093462580316,1.056356296441887,0.9454970118124749,0.8349306722910647,0.7260980198522436,0.6212310860070455,0.5240220543596996,0.44079887337669293,0.3818572395595562,0,Mammalian
21.08,18.4631002012565,11.742929733072504,3.7538085262614658,2.6178007408408788,5.147244583986414,4.090313807219501,1.0943667666256875,1.7225696806916577,2.8170730490443354,2.1525135446520407,1.12365701161207,1.4370013574427292,1.3548947401973037,0.5723046965765768,0.907264086533934,1.2705904139414876,0.9357867223819903,0.9181299891278035,1.3771746848761282,1.4061684663627916,1.4125158657618224,1.8007675898062243,1.8150300576723226,1.1447068162467806,0.8094092273573578,1.3395111921562102,1.1753600125638832,0.453471745721402,1.4372997069169546,2.332910241225121,2.5051599885894054,0,Mammalian
38.77,24.76059819226666,1.4886322387901383,7.971041393352358,1.9291879369199765,4.239173427343076,1.848234618520427,4.102877300036049,0.3195092065314218,2.753470511002415,1.1211126093716752,2.8798008582775303,1.8625192281343752,2.5851972131031937,0.6827173058376446,1.9511617013009774,1.9080094339389428,4.595716662549687,2.8584593670766436,2.1966700164260393,0.8538043400082209,2.8831023504285223,1.018509439016082,1.7908252088385028,0.7526711545832362,1.3207467133149895,0.48102570460180477,1.1893509743977837,1.0126569892393462,1.682145024002025,0.6950318632078746,1.5174020326918853,0,Mammalian
20.19,17.756621485261906,11.526901602761694,4.171833609044291,1.680531299212495,3.829450268579149,2.7658751027734776,0.27962505872071275,2.319235888450819,3.030890088066463,2.278090086321021,1.437088043040717,1.2289318872970074,0.40829504120979976,1.1835271155481046,2.4344219943964824,2.5044959572736385,1.3631904885551855,1.3376987535719698,2.6328460384663663,2.8108066413250254,1.739410228911995,0.5722068391305265,1.3809196763125886,1.5449740754206007,0.9346897399001511,1.050216910031483,1.6320188919538936,1.5135742445730593,0.7358463375382704,0.4889062295616317,1.2250028997788243,0,Mammalian
17.84,15.489758280613305,9.504704980394155,2.5144735620271055,2.6642714276054646,4.434634837338614,3.100212760092018,0.9827022483805253,2.2512077609672416,2.5457428643109226,1.4057819506224607,1.189525164266461,1.854158694442612,1.4998447169364626,1.4554521082151275,2.3825375875779478,2.498039231077046,1.5361508785024693,1.0875721396591378,1.8806598764687192,1.8732408068612616,1.205062928281301,1.30687447737202,1.6352229212792093,1.2736026134398672,1.1003068573614763,1.6052020824206676,1.4822537153264164,0.48530626966667245,0.816779381526555,1.5515452174695512,1.3157785964405864,1,Yeast
17.84,15.489758280613305,9.504704980394155,2.5144735620271055,2.6642714276054646,4.434634837338614,3.100212760092018,0.9827022483805253,2.2512077609672416,2.5457428643109226,1.4057819506224607,1.189525164266461,1.854158694442612,1.4998447169364626,1.4554521082151275,2.3825375875779478,2.498039231077046,1.5361508785024693,1.0875721396591378,1.8806598764687192,1.8732408068612616,1.205062928281301,1.30687447737202,1.6352229212792093,1.2736026134398672,1.1003068573614763,1.6052020824206676,1.4822537153264164,0.48530626966667245,0.816779381526555,1.5515452174695512,1.3157785964405864,0,Mammalian
17.84,15.489758280613305,9.504704980394155,2.5144735620271055,2.6642714276054646,4.434634837338614,3.100212760092018,0.9827022483805253,2.2512077609672416,2.5457428643109226,1.4057819506224607,1.189525164266461,1.854158694442612,1.4998447169364626,1.4554521082151275,2.3825375875779478,2.498039231077046,1.5361508785024693,1.0875721396591378,1.8806598764687192,1.8732408068612616,1.205062928281301,1.30687447737202,1.6352229212792093,1.2736026134398672,1.1003068573614763,1.6052020824206676,1.4822537153264164,0.48530626966667245,0.816779381526555,1.5515452174695512,1.3157785964405864,0,E_coli
22.36,18.253547397654533,8.475723094329327,1.2550904656884467,5.922685726116553,4.720656854822432,0.9697587101866704,2.8154101426501494,2.9924819069801116,1.4350441806182928,1.1067723707737704,0.7761295352145967,0.48405968845739833,1.2240735182208238,0.9997236992251941,1.1331081159805965,1.4171802990445483,0.8643152319870663,0.7190351572945403,1.0307408025987082,0.8522626658256695,0.9398823531353593,0.6140446386389381,1.0567381377642746,2.4986100208709394,2.9667420077517757,2.1136875877984282,0.732453070392689,0.3799057200220796,0.4197548721594223,0.6464951061600887,0.9754073663925331,1,Yeast
22.36,18.253547397654533,8.475723094329327,1.2550904656884467,5.922685726116553,4.720656854822432,0.9697587101866704,2.8154101426501494,2.9924819069801116,1.4350441806182928,1.1067723707737704,0.7761295352145967,0.48405968845739833,1.2240735182208238,0.9997236992251941,1.1331081159805965,1.4171802990445483,0.8643152319870663,0.7190351572945403,1.0307408025987082,0.8522626658256695,0.9398823531353593,0.6140446386389381,1.0567381377642746,2.4986100208709394,2.9667420077517757,2.1136875877984282,0.732453070392689,0.3799057200220796,0.4197548721594223,0.6464951061600887,0.9754073663925331,0,Mammalian
22.36,18.253547397654533,8.475723094329327,1.2550904656884467,5.922685726116553,4.720656854822432,0.9697587101866704,2.8154101426501494,2.9924819069801116,1.4350441806182928,1.1067723707737704,0.7761295352145967,0.48405968845739833,1.2240735182208238,0.9997236992251941,1.1331081159805965,1.4171802990445483,0.8643152319870663,0.7190351572945403,1.0307408025987082,0.8522626658256695,0.9398823531353593,0.6140446386389381,1.0567381377642746,2.4986100208709394,2.9667420077517757,2.1136875877984282,0.732453070392689,0.3799057200220796,0.4197548721594223,0.6464951061600887,0.9754073663925331,0,E_coli
14.309999999999999,13.333512408607895,10.633476200343527,6.836685976878576,2.810626875427428,0.8741801383186819,2.974329814064795,3.7025293883760138,3.0948159363382164,1.6321159790889523,0.5048649901615884,1.6435440676575697,2.2598883062918835,2.0320645497560528,1.1313376050978727,0.12913418459942572,1.1435471131527548,1.731434416912595,1.701308380903542,1.133319672556338,0.323040184421662,0.6240991556809283,1.1409369791749353,1.2398799208186517,0.9758659335108537,0.6524506502513076,0.7163424915657125,0.9051980715839374,0.8558775902306804,0.5434934700309723,0.16732799015580985,0.3505911112284287,0,E_coli
14.309999999999999,13.333512408607895,10.633476200343527,6.836685976878576,2.810626875427428,0.8741801383186819,2.974329814064795,3.7025293883760138,3.0948159363382164,1.6321159790889523,0.5048649901615884,1.6435440676575697,2.2598883062918835,2.0320645497560528,1.1313376050978727,0.12913418459942572,1.1435471131527548,1.731434416912595,1.701308380903542,1.133319672556338,0.323040184421662,0.6240991556809283,1.1409369791749353,1.2398799208186517,0.9758659335108537,0.6524506502513076,0.7163424915657125,0.9051980715839374,0.8558775902306804,0.5434934700309723,0.16732799015580985,0.3505911112284287,0,Mammalian
14.309999999999999,13.333512408607895,10.633476200343527,6.836685976878576,2.810626875427428,0.8741801383186819,2.974329814064795,3.7025293883760138,3.0948159363382164,1.6321159790889523,0.5048649901615884,1.6435440676575697,2.2598883062918835,2.0320645497560528,1.1313376050978727,0.12913418459942572,1.1435471131527548,1.731434416912595,1.701308380903542,1.133319672556338,0.323040184421662,0.6240991556809283,1.1409369791749353,1.2398799208186517,0.9758659335108537,0.6524506502513076,0.7163424915657125,0.9051980715839374,0.8558775902306804,0.5434934700309723,0.16732799015580985,0.3505911112284287,1,Yeast
16.28,14.500593171093126,9.875885861816991,4.242822617346566,1.1842882021522054,3.0742363399708736,2.759224759107382,0.9908653606367196,1.7537465400685073,2.8958697214808837,2.6714024959138056,1.6261800780058944,1.3028747837231338,1.6304178963919003,1.4083257988802218,1.2737746726439558,1.8522418848519755,2.1409703893182095,1.7525053798094155,1.0558181218950808,0.686087846350215,0.39458151031754657,0.3439012342675974,1.29220928287596,1.9191594704968473,1.8493541534397955,1.1119062487981435,0.11168693083090084,0.6321884365219109,0.8100730014286311,0.5283045057709466,0.4000182837492567,1,Yeast
16.28,14.500593171093126,9.875885861816991,4.242822617346566,1.1842882021522054,3.0742363399708736,2.759224759107382,0.9908653606367196,1.7537465400685073,2.8958697214808837,2.6714024959138056,1.6261800780058944,1.3028747837231338,1.6304178963919003,1.4083257988802218,1.2737746726439558,1.8522418848519755,2.1409703893182095,1.7525053798094155,1.0558181218950808,0.686087846350215,0.39458151031754657,0.3439012342675974,1.29220928287596,1.9191594704968473,1.8493541534397955,1.1119062487981435,0.11168693083090084,0.6321884365219109,0.8100730014286311,0.5283045057709466,0.4000182837492567,0,E_coli
16.28,14.500593171093126,9.875885861816991,4.242822617346566,1.1842882021522054,3.0742363399708736,2.759224759107382,0.9908653606367196,1.7537465400685073,2.8958697214808837,2.6714024959138056,1.6261800780058944,1.3028747837231338,1.6304178963919003,1.4083257988802218,1.2737746726439558,1.8522418848519755,2.1409703893182095,1.7525053798094155,1.0558181218950808,0.686087846350215,0.39458151031754657,0.3439012342675974,1.29220928287596,1.9191594704968473,1.8493541534397955,1.1119062487981435,0.11168693083090084,0.6321884365219109,0.8100730014286311,0.5283045057709466,0.4000182837492567,0,Mammalian
39.07,22.386202569292507,2.8327145706763033,5.2645292177560545,4.702446826920436,3.472898772175219,2.825900963808134,2.1965853650814626,1.1297857135261953,2.846395336143819,3.566725500905139,0.9264494254491942,1.8438672973337729,2.428314301888177,1.984479070804542,1.9181212322868988,1.4989663104953352,1.113319439443219,0.9551354911217796,1.073143114086803,0.8979183944460681,1.1822731493463527,0.8061241533889071,2.098337250824589,1.6365158848945225,2.1655834850580877,3.168476932879002,2.6397282871835506,1.3610620069358916,1.3604087664128959,0.2625983459475607,2.2369498268900503,0,Mammalian
39.07,22.386202569292507,2.8327145706763033,5.2645292177560545,4.702446826920436,3.472898772175219,2.825900963808134,2.1965853650814626,1.1297857135261953,2.846395336143819,3.566725500905139,0.9264494254491942,1.8438672973337729,2.428314301888177,1.984479070804542,1.9181212322868988,1.4989663104953352,1.113319439443219,0.9551354911217796,1.073143114086803,0.8979183944460681,1.1822731493463527,0.8061241533889071,2.098337250824589,1.6365158848945225,2.1655834850580877,3.168476932879002,2.6397282871835506,1.3610620069358916,1.3604087664128959,0.2625983459475607,2.2369498268900503,1,Yeast
39.07,22.386202569292507,2.8327145706763033,5.2645292177560545,4.702446826920436,3.472898772175219,2.825900963808134,2.1965853650814626,1.1297857135261953,2.846395336143819,3.566725500905139,0.9264494254491942,1.8438672973337729,2.428314301888177,1.984479070804542,1.9181212322868988,1.4989663104953352,1.113319439443219,0.9551354911217796,1.073143114086803,0.8979183944460681,1.1822731493463527,0.8061241533889071,2.098337250824589,1.6365158848945225,2.1655834850580877,3.168476932879002,2.6397282871835506,1.3610620069358916,1.3604087664128959,0.2625983459475607,2.2369498268900503,0,E_coli
15.11,13.665045484648857,9.79289076734913,4.711243298438596,0.12093912295316744,3.2085529412786133,4.118777906365984,2.98580692993684,0.6828694770757359,1.6794021435079074,3.105568151807846,3.186991549061804,2.1209533731031067,0.6270701892840719,0.9314509545364031,1.4779824401705595,1.2920139318134303,1.0987518000768608,1.5628682434755004,1.8523318132054827,1.4761111270783291,0.5232732054260126,0.6008413423652428,1.3899245589088032,1.5305846194439277,1.0371536177799758,0.5794810910620948,1.2082002341327012,1.7400076029079348,1.773824826180702,1.370926238173164,0.7562565295122667,0,Mammalian
15.11,13.665045484648857,9.79289076734913,4.711243298438596,0.12093912295316744,3.2085529412786133,4.118777906365984,2.98580692993684,0.6828694770757359,1.6794021435079074,3.105568151807846,3.186991549061804,2.1209533731031067,0.6270701892840719,0.9314509545364031,1.4779824401705595,1.2920139318134303,1.0987518000768608,1.5628682434755004,1.8523318132054827,1.4761111270783291,0.5232732054260126,0.6008413423652428,1.3899245589088032,1.5305846194439277,1.0371536177799758,0.5794810910620948,1.2082002341327012,1.7400076029079348,1.773824826180702,1.370926238173164,0.7562565295122667,1,Yeast
15.11,13.665045484648857,9.79289076734913,4.711243298438596,0.12093912295316744,3.2085529412786133,4.118777906365984,2.98580692993684,0.6828694770757359,1.6794021435079074,3.105568151807846,3.186991549061804,2.1209533731031067,0.6270701892840719,0.9314509545364031,1.4779824401705595,1.2920139318134303,1.0987518000768608,1.5628682434755004,1.8523318132054827,1.4761111270783291,0.5232732054260126,0.6008413423652428,1.3899245589088032,1.5305846194439277,1.0371536177799758,0.5794810910620948,1.2082002341327012,1.7400076029079348,1.773824826180702,1.370926238173164,0.7562565295122667,0,E_coli
18.21,15.766294819487676,9.575903675741099,2.4918080864263987,2.7937084602921134,4.185067692341356,2.3030667820113564,0.9639347506298451,3.161647766991023,3.0581382592232744,0.978080740715041,2.079721430918938,3.800875377515176,3.6529073184402217,2.0005834022822517,0.15966258693792426,1.0022474744293448,0.806598988698296,0.9559539371771784,1.9215159880704369,2.1557017203819275,1.545518030624595,0.7799808430904225,0.5183119608216129,0.34435940161505296,1.0676423960090404,1.713595505758885,1.5608710570552784,0.582657271673104,0.665234218919656,1.392676812016854,1.2392696517336401,1,Yeast
18.21,15.766294819487676,9.575903675741099,2.4918080864263987,2.7937084602921134,4.185067692341356,2.3030667820113564,0.9639347506298451,3.161647766991023,3.0581382592232744,0.978080740715041,2.079721430918938,3.800875377515176,3.6529073184402217,2.0005834022822517,0.15966258693792426,1.0022474744293448,0.806598988698296,0.9559539371771784,1.9215159880704369,2.1557017203819275,1.545518030624595,0.7799808430904225,0.5183119608216129,0.34435940161505296,1.0676423960090404,1.713595505758885,1.5608710570552784,0.582657271673104,0.665234218919656,1.392676812016854,1.2392696517336401,0,Mammalian
18.21,15.766294819487676,9.575903675741099,2.4918080864263987,2.7937084602921134,4.185067692341356,2.3030667820113564,0.9639347506298451,3.161647766991023,3.0581382592232744,0.978080740715041,2.079721430918938,3.800875377515176,3.6529073184402217,2.0005834022822517,0.15966258693792426,1.0022474744293448,0.806598988698296,0.9559539371771784,1.9215159880704369,2.1557017203819275,1.545518030624595,0.7799808430904225,0.5183119608216129,0.34435940161505296,1.0676423960090404,1.713595505758885,1.5608710570552784,0.582657271673104,0.665234218919656,1.392676812016854,1.2392696517336401,0,E_coli
7.76,7.565241586804526,6.998040357963294,6.10789721003086,4.971767179093428,3.6863963894762493,2.358919866163557,1.0978595078452786,0.13282609662762432,0.8968984923885404,1.4790249588933329,1.7598647080913132,1.7499407776719595,1.493044525408864,1.0698563401302617,0.652492747406549,0.6811754546370563,1.1293092613288707,1.592202559642388,1.9374583051949725,2.120907422897504,2.1351655461664083,1.9997569672945776,1.756223328990083,1.4636793460504487,1.1932431203145442,1.0128355989391273,0.9479333344694659,0.9563420387228192,0.9765825030234486,0.9787992266732618,0.9671409463257766,2,Yeast
7.76,7.565241586804526,6.998040357963294,6.10789721003086,4.971767179093428,3.6863963894762493,2.358919866163557,1.0978595078452786,0.13282609662762432,0.8968984923885404,1.4790249588933329,1.7598647080913132,1.7499407776719595,1.493044525408864,1.0698563401302617,0.652492747406549,0.6811754546370563,1.1293092613288707,1.592202559642388,1.9374583051949725,2.120907422897504,2.1351655461664083,1.9997569672945776,1.756223328990083,1.4636793460504487,1.1932431203145442,1.0128355989391273,0.9479333344694659,0.9563420387228192,0.9765825030234486,0.9787992266732618,0.9671409463257766,1,Mammalian
6.140000000000001,6.011599015369592,5.634978707184119,5.035238182012117,4.252102832527301,3.3369638780624316,2.34916439914899,1.3523229321710615,0.4195705240834324,0.4706509133797217,1.150321794770098,1.6554374786735797,1.95872371900662,2.0558392673047936,1.9582072335856457,1.690819081647295,1.2894960255851895,0.7974821390308415,0.26188419108080946,0.2737113089371837,0.7630383103455024,1.174244478529903,1.4825933564268403,1.6751481765129266,1.7508742317254988,1.7198966897465446,1.6017659813192349,1.4229106519401886,1.213587834134496,1.004817141932536,0.8260176421794496,0.7038286138364519,1,Mammalian
6.140000000000001,6.011599015369592,5.634978707184119,5.035238182012117,4.252102832527301,3.3369638780624316,2.34916439914899,1.3523229321710615,0.4195705240834324,0.4706509133797217,1.150321794770098,1.6554374786735797,1.95872371900662,2.0558392673047936,1.9582072335856457,1.690819081647295,1.2894960255851895,0.7974821390308415,0.26188419108080946,0.2737113089371837,0.7630383103455024,1.174244478529903,1.4825933564268403,1.6751481765129266,1.7508742317254988,1.7198966897465446,1.6017659813192349,1.4229106519401886,1.213587834134496,1.004817141932536,0.8260176421794496,0.7038286138364519,2,Yeast
7.21,7.007109283775053,6.417572824776329,5.496767802838916,4.330489955969787,3.026217948882267,1.7039364106183796,0.5144273544979798,0.6622747547536719,1.419022327818892,1.8909367627544735,2.051176096187951,1.9248042143091124,1.5718652140622236,1.0853837223499196,0.6210509891192025,0.5315072906367324,0.8113108136870945,1.041415812670291,1.0913143526383369,0.9408841005123998,0.6374253121842053,0.43317176046340256,0.7791260004806478,1.324534691586432,1.827621288619703,2.1902651579952583,2.352062024376699,2.282174968582743,1.980704724935533,1.4803425112156008,0.8568507154672085,2,Yeast
7.21,7.007109283775053,6.417572824776329,5.496767802838916,4.330489955969787,3.026217948882267,1.7039364106183796,0.5144273544979798,0.6622747547536719,1.419022327818892,1.8909367627544735,2.051176096187951,1.9248042143091124,1.5718652140622236,1.0853837223499196,0.6210509891192025,0.5315072906367324,0.8113108136870945,1.041415812670291,1.0913143526383369,0.9408841005123998,0.6374253121842053,0.43317176046340256,0.7791260004806478,1.324534691586432,1.827621288619703,2.1902651579952583,2.352062024376699,2.282174968582743,1.980704724935533,1.4803425112156008,0.8568507154672085,1,Mammalian
9.98,9.497711994352446,8.134251286053079,6.123672708219154,3.8077613824157295,1.6008394839584457,0.749087907588394,1.7943702545036324,2.305983968575249,2.1635630902019853,1.528570888171552,0.6919964842728592,0.5441505759890071,1.1366168299907786,1.4797268632170424,1.4923619043999172,1.276401190848708,1.0267143473099065,0.8932505787163235,0.7845393116643962,0.5039369845536924,0.10988594730970658,0.7909473954699088,1.582019749146696,2.249986208107496,2.629652651089577,2.6195098506937744,2.2095368562634494,1.4882543199444174,0.6401598013875945,0.3738670024187446,0.8933672667711894,1,Mammalian
9.98,9.497711994352446,8.134251286053079,6.123672708219154,3.8077613824157295,1.6008394839584457,0.749087907588394,1.7943702545036324,2.305983968575249,2.1635630902019853,1.528570888171552,0.6919964842728592,0.5441505759890071,1.1366168299907786,1.4797268632170424,1.4923619043999172,1.276401190848708,1.0267143473099065,0.8932505787163235,0.7845393116643962,0.5039369845536924,0.10988594730970658,0.7909473954699088,1.582019749146696,2.249986208107496,2.629652651089577,2.6195098506937744,2.2095368562634494,1.4882543199444174,0.6401598013875945,0.3738670024187446,0.8933672667711894,2,Yeast
9.280000000000001,9.057239663797597,8.40893598241363,7.392943386937756,6.098989716089865,4.639407216710565,3.137616010627966,1.7156211397308476,0.48193910705657467,0.479610772823576,1.1155765512694598,1.4100768527754022,1.383764097797124,1.0939260898926892,0.6476560443100108,0.4076544544420763,0.8300602387778853,1.3411898341068125,1.7293518825794223,1.9275318591282173,1.9107026281929678,1.6860855436884832,1.288599053971685,0.7748439200275626,0.2193962102897667,0.33526527649229,0.7787061101654617,1.083210105767709,1.2178410533785842,1.1817318106742742,1.008198074963494,0.7797878254170972,1,Mammalian
9.280000000000001,9.057239663797597,8.40893598241363,7.392943386937756,6.098989716089865,4.639407216710565,3.137616010627966,1.7156211397308476,0.48193910705657467,0.479610772823576,1.1155765512694598,1.4100768527754022,1.383764097797124,1.0939260898926892,0.6476560443100108,0.4076544544420763,0.8300602387778853,1.3411898341068125,1.7293518825794223,1.9275318591282173,1.9107026281929678,1.6860855436884832,1.288599053971685,0.7748439200275626,0.2193962102897667,0.33526527649229,0.7787061101654617,1.083210105767709,1.2178410533785842,1.1817318106742742,1.008198074963494,0.7797878254170972,2,Yeast
14.2,13.404702686212675,11.173160777863592,7.933061976868325,4.2882067278574,0.8868394309278079,1.7473720837957445,3.255976427225628,3.593707245552671,2.977215386820343,1.8902386936619835,1.27797147834505,1.7649634731926334,2.2032563659941,2.0879179063476587,1.4411893949195764,0.5491812087098396,0.7318954159589577,1.4707403119719862,1.8498284520636827,1.8027233666780298,1.4320480386178638,0.9559643211364233,0.6581051977436139,0.6194095844126406,0.5686387041616527,0.4516698220994746,0.5478065049781158,0.8404614569909549,1.0632595488236813,1.1111323293726953,1.0249174601409632,2,Yeast
14.2,13.404702686212675,11.173160777863592,7.933061976868325,4.2882067278574,0.8868394309278079,1.7473720837957445,3.255976427225628,3.593707245552671,2.977215386820343,1.8902386936619835,1.27797147834505,1.7649634731926334,2.2032563659941,2.0879179063476587,1.4411893949195764,0.5491812087098396,0.7318954159589577,1.4707403119719862,1.8498284520636827,1.8027233666780298,1.4320480386178638,0.9559643211364233,0.6581051977436139,0.6194095844126406,0.5686387041616527,0.4516698220994746,0.5478065049781158,0.8404614569909549,1.0632595488236813,1.1111323293726953,1.0249174601409632,1,Mammalian
7.6499999999999995,7.507932276267308,7.091332705697759,6.428338966576908,5.563707977339848,4.556028935450364,3.4750092837755364,2.4018929858088387,1.4476287418534763,0.8662290410062402,1.0165251104883675,1.4454751820407934,1.774215517544201,1.9228694629700263,1.8863473587964588,1.6871160158028777,1.3631214179228492,0.9614829388299994,0.5337099151407106,0.13958963645618636,0.23056419921648663,0.46686500333430797,0.5856738431659325,0.5772905386112862,0.4553800893316724,0.28768378742327716,0.3423576584049081,0.6577289985209696,1.0259400519669553,1.3707579520724087,1.6484575778971737,1.8279699254274564,2,Mammalian
8.75,8.527338766606617,7.879073556307857,6.8625058623408846,5.567331451805097,4.1085822782219665,2.6230200894141604,1.305785765357134,0.8251769935185711,1.486409431577807,2.1088156875157615,2.4376912514654157,2.4526855786837687,2.1888993994999466,1.711695973937873,1.1041538203123988,0.4561797891182818,0.15624839481658337,0.6439028156764656,0.9730036868774259,1.1199584896319474,1.0960586213260117,0.950369644413791,0.7845735798034772,0.7523848279754531,0.9069803299078285,1.1237831829146934,1.2856211851921102,1.3353826939719395,1.260096514533801,1.0858438444137053,0.8860394209495199,2,Mammalian
9.53,9.233285276326413,8.375290585670443,7.048651765383505,5.39596462871317,3.5964122889285726,1.8694348536436531,0.775772839921462,1.4460670097541124,2.248130956738206,2.6648204629860475,2.6715437421251536,2.3271494149896568,1.7333414379822039,1.0155023747458345,0.3314283647768087,0.4205948168962618,0.8462494797701585,1.0759636766793326,1.0938586007712607,0.9360416730965012,0.6708917053904948,0.3978036583762187,0.2778776669643435,0.35084213444339957,0.4142830666908914,0.4321750091351794,0.5077295151507359,0.722334626206131,1.017039621459526,1.2994179226972982,1.498540813159155,2,Mammalian
10.16,9.785276716103098,8.710578441920466,7.077105801844399,5.098367977228349,3.039160945516146,1.2755878538552294,1.1205591092005163,2.0533011723588697,2.6148702073333197,2.689239380003777,2.3546108727366546,1.762415306328378,1.1153565417092153,0.7047655277435473,0.7550140134072101,0.9087353850269061,0.9088392576557109,0.7437051199088699,0.502227697707699,0.3548223273929053,0.4035498408210921,0.45812576582281284,0.4136722609244568,0.35714744236756196,0.514476132562526,0.8245529393119349,1.1181508166409364,1.299937449562654,1.3268701411967927,1.210921909031018,1.0323013942774901,2,Mammalian
11.26,10.71938525696634,9.190866285131253,6.937485470572278,4.349603415647963,1.940593562966661,1.1535305758207504,2.220015745613181,2.7975588260533777,2.6699769363296277,2.023512670259463,1.2605440641868841,1.1036245679027221,1.5268661851618495,1.7782342336290577,1.6260312592998891,1.1053506231056278,0.4060539603754059,0.5186993060864725,1.0996307577541953,1.4190832185702609,1.4307866990435447,1.2297507308631253,1.0364756696709565,1.045592948891129,1.1329364509803068,1.057217928635698,0.716291861816059,0.2288356582295905,0.682887098135333,1.3641033847592534,1.8597316346328705,2,Mammalian
12.04,11.360328050663611,9.458085664964727,6.715100423971746,3.69239163600411,1.2723115097356605,1.8467163018631905,2.874432824245564,2.9887928065070946,2.302109363036426,1.2560949175973937,1.0168728565277092,1.7803589701258606,2.252896768276006,2.1629594267764554,1.5746408093247175,0.7317103251970692,0.48761921040468686,1.1014493477190572,1.4496060787918656,1.4265760110346548,1.1225338389776718,0.7342994771176504,0.5123055303044542,0.4861250454064723,0.4103529061688211,0.32851288407017093,0.5686101052201568,0.9320122470223905,1.2002740307960362,1.3054422346623529,1.2881081566903465,2,Mammalian
13.35,12.402771001656555,9.793292570095186,6.1594480543039305,2.4355541935394034,1.4311938741162131,3.1379926462720453,3.5805031988199514,2.7453004937892524,1.1534274050679303,0.9447049954673021,2.2673200720537205,2.8639322503184386,2.5945225912751155,1.6651842756134378,0.48018286588024006,0.5821511831131145,1.1296876627937311,1.0990300984251697,0.6057169510822229,0.1857313870761153,0.7330798280678867,1.0388344034747568,1.0917441651522426,1.1818312903289052,1.4579598046634503,1.6376321419540514,1.4277485729276775,0.7487801331321333,0.35396041914503906,1.4231772485539833,2.2582060536887214,2,Mammalian
14.84,13.562171188036162,10.091813527589233,5.40589954312098,0.9484402543300214,2.8406903279815383,4.3711053005669775,3.9400122711519936,2.0578970230364595,0.3925265188254578,2.4273554341728776,3.415040158421503,3.1484389861713025,1.908089644781847,0.2976397443852067,1.0493999433617973,1.6456001944579368,1.401182830207799,0.6815988324432103,0.9305159590716874,1.6713083660813743,1.9681873052426038,1.820300384325867,1.5682123702547663,1.491663448160368,1.3682244644049613,0.8945929860431155,0.13384434334809775,0.840548261427879,1.4782938542073594,1.6327055111787925,1.344020863447261,2,Mammalian
15.649999999999999,14.169802615575696,10.187226405366419,4.916773329292603,0.449196247053586,3.629389260109125,4.805458464648576,3.8174527396350384,1.4679469811438055,1.1798423620276581,2.988437428918377,3.4728666050489267,2.666032439600534,1.1119313405467084,0.5408075067419813,1.4763395568276372,1.557080601638849,0.9181558660455592,0.4696052526666646,1.1729601634933198,1.573991438415284,1.4851398399295883,1.1067922751775086,0.778089440909882,0.6824453535271433,0.6855451222081776,0.7104438362117707,0.6998884079789065,0.5877454503660454,0.6710559926763184,1.1744391879947407,1.684452578490804,2,Mammalian
16.7,14.919255668099952,10.200704928217238,4.1626393618307125,1.2707400214591955,4.487207056774588,4.9696501309210355,3.209401232728678,0.4542286265369893,1.9480922716275861,3.053262034500227,2.73673421318153,1.6301540355525141,1.0690613842168943,1.350992192248056,1.1739031336209926,0.5412947441089739,0.4260146786649438,0.6369937991590111,0.42238853372511237,0.6202309642478173,1.1963253379709116,1.4821214727855958,1.5163765346282587,1.6264305564131292,1.7310609027441133,1.4162592775584735,0.6104698339121841,0.803449543669022,1.685568986372562,1.9331766829019603,1.4268711166831938,2,Mammalian
37.790000000000006,22.20680438818827,2.482197830382147,5.601916162400674,3.9724190430955995,2.852551954168453,3.911494056204478,2.8923887370128094,1.5524694473490641,1.9783853265575047,2.3654514785892675,1.1484268726693219,2.3230095739644887,0.9258669685090359,1.0302899023728436,2.295658635309131,1.9006577808748197,1.3716135757215209,1.0035074033004536,1.182941940395148,0.5025746775843385,2.1844392582994696,1.0200587771801126,1.6925388143843751,1.3800139908883862,2.379489810573073,1.4408954993434546,3.9024626278254986,2.5862969974022256,1.3958908661024476,2.3445091898353434,1.6204944752710135,2,Mammalian
27.23,22.64567898646556,11.600783392187878,0.33870198747077446,5.611850332395457,4.8479775372334855,0.3858886380220118,3.2242131649652053,3.294042526933044,0.6368949646603512,2.0523402788268847,2.3532218486489915,0.4906550224168979,1.5707336518501784,1.933483745097146,0.523075857581175,1.1403946685248925,1.4221011775582881,0.17138251687829162,1.4471614042541785,1.8107823497683138,0.6632094503595914,0.9022375378530648,1.4715269130762487,0.6295107868468709,0.7168260757157393,1.2325774431013157,0.47943031059555014,0.9177476655037696,1.4442481161226208,0.6862965385957229,0.6774473127673131,0,E_coli
27.23,22.64567898646556,11.600783392187878,0.33870198747077446,5.611850332395457,4.8479775372334855,0.3858886380220118,3.2242131649652053,3.294042526933044,0.6368949646603512,2.0523402788268847,2.3532218486489915,0.4906550224168979,1.5707336518501784,1.933483745097146,0.523075857581175,1.1403946685248925,1.4221011775582881,0.17138251687829162,1.4471614042541785,1.8107823497683138,0.6632094503595914,0.9022375378530648,1.4715269130762487,0.6295107868468709,0.7168260757157393,1.2325774431013157,0.47943031059555014,0.9177476655037696,1.4442481161226208,0.6862965385957229,0.6774473127673131,0,Mammalian
27.23,22.64567898646556,11.600783392187878,0.33870198747077446,5.611850332395457,4.8479775372334855,0.3858886380220118,3.2242131649652053,3.294042526933044,0.6368949646603512,2.0523402788268847,2.3532218486489915,0.4906550224168979,1.5707336518501784,1.933483745097146,0.523075857581175,1.1403946685248925,1.4221011775582881,0.17138251687829162,1.4471614042541785,1.8107823497683138,0.6632094503595914,0.9022375378530648,1.4715269130762487,0.6295107868468709,0.7168260757157393,1.2325774431013157,0.47943031059555014,0.9177476655037696,1.4442481161226208,0.6862965385957229,0.6774473127673131,1,Yeast
3.63,3.6200541438065175,3.5903140156449123,3.5410710718225507,3.472808204533546,3.3861954921513857,3.2820843582927015,3.1615002563657644,3.025634043466402,2.8758322697877308,2.7135866978297902,2.540523498419709,2.358392781988216,2.169059477543226,1.9744971918978345,1.776787815737398,1.5781318069160128,1.3808783898423227,1.187593852160716,1.0012053383526174,0.8252993059350131,0.6647383739857454,0.526866004420071,0.423208625166891,0.3684272452155909,0.3685096262394021,0.40887860276374344,0.46684401791359115,0.5261822079979117,0.5779139361839459,0.6172738051799521,0.6417226240540896,0,Mammalian
3.63,3.6200541438065175,3.5903140156449123,3.5410710718225507,3.472808204533546,3.3861954921513857,3.2820843582927015,3.1615002563657644,3.025634043466402,2.8758322697877308,2.7135866978297902,2.540523498419709,2.358392781988216,2.169059477543226,1.9744971918978345,1.776787815737398,1.5781318069160128,1.3808783898423227,1.187593852160716,1.0012053383526174,0.8252993059350131,0.6647383739857454,0.526866004420071,0.423208625166891,0.3684272452155909,0.3685096262394021,0.40887860276374344,0.46684401791359115,0.5261822079979117,0.5779139361839459,0.6172738051799521,0.6417226240540896,1,Yeast
3.63,3.6200541438065175,3.5903140156449123,3.5410710718225507,3.472808204533546,3.3861954921513857,3.2820843582927015,3.1615002563657644,3.025634043466402,2.8758322697877308,2.7135866978297902,2.540523498419709,2.358392781988216,2.169059477543226,1.9744971918978345,1.776787815737398,1.5781318069160128,1.3808783898423227,1.187593852160716,1.0012053383526174,0.8252993059350131,0.6647383739857454,0.526866004420071,0.423208625166891,0.3684272452155909,0.3685096262394021,0.40887860276374344,0.46684401791359115,0.5261822079979117,0.5779139361839459,0.6172738051799521,0.6417226240540896,0,E_coli
17.47,15.456212072662456,10.234858492384864,3.8747332756252373,1.2798188988216637,3.670910875610614,3.162838258749139,1.1705800043493473,1.9675191016742206,2.933974482820382,2.2499644828404874,0.6594896052003851,1.531752804015119,2.264137582775873,1.728134784555563,0.37910312416073666,1.0570241246064354,1.8847541149430607,2.1486342762533495,2.1792314931264793,1.9692806347913456,1.395156247594636,1.3523452323343796,2.158522315163604,2.4262457799132933,1.652571808022799,0.22486312109967405,1.3668076030134637,1.9927194270761042,1.5213178802453884,0.982703148705966,1.9333760666047117,0,E_coli
17.47,15.456212072662456,10.234858492384864,3.8747332756252373,1.2798188988216637,3.670910875610614,3.162838258749139,1.1705800043493473,1.9675191016742206,2.933974482820382,2.2499644828404874,0.6594896052003851,1.531752804015119,2.264137582775873,1.728134784555563,0.37910312416073666,1.0570241246064354,1.8847541149430607,2.1486342762533495,2.1792314931264793,1.9692806347913456,1.395156247594636,1.3523452323343796,2.158522315163604,2.4262457799132933,1.652571808022799,0.22486312109967405,1.3668076030134637,1.9927194270761042,1.5213178802453884,0.982703148705966,1.9333760666047117,1,Yeast
17.47,15.456212072662456,10.234858492384864,3.8747332756252373,1.2798188988216637,3.670910875610614,3.162838258749139,1.1705800043493473,1.9675191016742206,2.933974482820382,2.2499644828404874,0.6594896052003851,1.531752804015119,2.264137582775873,1.728134784555563,0.37910312416073666,1.0570241246064354,1.8847541149430607,2.1486342762533495,2.1792314931264793,1.9692806347913456,1.395156247594636,1.3523452323343796,2.158522315163604,2.4262457799132933,1.652571808022799,0.22486312109967405,1.3668076030134637,1.9927194270761042,1.5213178802453884,0.982703148705966,1.9333760666047117,0,Mammalian
15.100000000000001,13.823481270139421,10.412963562697012,6.007727225463625,2.462343001807101,2.702214504261965,3.4799443268775483,2.8827625965833836,1.455799143518067,0.6056139576624245,1.1241414523779063,1.0673869189225798,0.9249674510795226,1.500515535524633,1.893509215064361,1.5773125659931562,0.6519202405202644,0.6312385409550209,1.3955130786832566,1.4624545730011855,0.8157166213848149,0.41933631726833276,1.1971233467596667,1.3974106780310676,0.8415752216718738,0.8177846079238447,2.0308892690892013,2.84800118709935,2.817642374307213,1.983947865461974,0.9610587327808918,1.1019002932881166,1,Yeast
15.100000000000001,13.823481270139421,10.412963562697012,6.007727225463625,2.462343001807101,2.702214504261965,3.4799443268775483,2.8827625965833836,1.455799143518067,0.6056139576624245,1.1241414523779063,1.0673869189225798,0.9249674510795226,1.500515535524633,1.893509215064361,1.5773125659931562,0.6519202405202644,0.6312385409550209,1.3955130786832566,1.4624545730011855,0.8157166213848149,0.41933631726833276,1.1971233467596667,1.3974106780310676,0.8415752216718738,0.8177846079238447,2.0308892690892013,2.84800118709935,2.817642374307213,1.983947865461974,0.9610587327808918,1.1019002932881166,0,E_coli
15.100000000000001,13.823481270139421,10.412963562697012,6.007727225463625,2.462343001807101,2.702214504261965,3.4799443268775483,2.8827625965833836,1.455799143518067,0.6056139576624245,1.1241414523779063,1.0673869189225798,0.9249674510795226,1.500515535524633,1.893509215064361,1.5773125659931562,0.6519202405202644,0.6312385409550209,1.3955130786832566,1.4624545730011855,0.8157166213848149,0.41933631726833276,1.1971233467596667,1.3974106780310676,0.8415752216718738,0.8177846079238447,2.0308892690892013,2.84800118709935,2.817642374307213,1.983947865461974,0.9610587327808918,1.1019002932881166,0,Mammalian
11.940000000000001,11.14500265726069,8.951817829151897,5.884177162798535,2.6683107366688685,0.6233387517132032,1.933593758008608,2.385340362168707,1.7852118664234489,0.5563342959516403,0.8782421248927949,1.8413502235858792,2.10537719085325,1.6061983973334286,0.542676944660596,0.7201692329981046,1.7711578134090709,2.302341944934198,2.1945156916572004,1.5691283462208365,0.9152303998231343,1.207978834080489,1.8587639119775652,2.213935918923751,2.2059507229267177,1.9794570327273098,1.7415294082714383,1.5867844299206026,1.436195673316178,1.1956573125268746,0.8725469358102729,0.5555005289944698,1,Yeast
11.940000000000001,11.14500265726069,8.951817829151897,5.884177162798535,2.6683107366688685,0.6233387517132032,1.933593758008608,2.385340362168707,1.7852118664234489,0.5563342959516403,0.8782421248927949,1.8413502235858792,2.10537719085325,1.6061983973334286,0.542676944660596,0.7201692329981046,1.7711578134090709,2.302341944934198,2.1945156916572004,1.5691283462208365,0.9152303998231343,1.207978834080489,1.8587639119775652,2.213935918923751,2.2059507229267177,1.9794570327273098,1.7415294082714383,1.5867844299206026,1.436195673316178,1.1956573125268746,0.8725469358102729,0.5555005289944698,0,Mammalian
11.940000000000001,11.14500265726069,8.951817829151897,5.884177162798535,2.6683107366688685,0.6233387517132032,1.933593758008608,2.385340362168707,1.7852118664234489,0.5563342959516403,0.8782421248927949,1.8413502235858792,2.10537719085325,1.6061983973334286,0.542676944660596,0.7201692329981046,1.7711578134090709,2.302341944934198,2.1945156916572004,1.5691283462208365,0.9152303998231343,1.207978834080489,1.8587639119775652,2.213935918923751,2.2059507229267177,1.9794570327273098,1.7415294082714383,1.5867844299206026,1.436195673316178,1.1956573125268746,0.8725469358102729,0.5555005289944698,0,E_coli
15.370000000000001,14.37291137700433,11.610410435905631,7.710090232256145,3.557257132526283,0.960455847158203,2.8599925615183284,3.80046375343178,3.4044844069553886,2.081524031302133,0.48080001331152006,1.068942558518785,1.854614163257405,1.924274302065585,1.4838007323992226,1.081766411344884,1.1951987282456422,1.3295094566642152,1.0615145099159382,0.42050590829739415,0.5601793206108909,1.2998715104543217,1.7150730325820036,1.6835093734290436,1.2704668129461785,0.6984432787099215,0.3729766005076036,0.4638442342687756,0.42723193618436767,0.38929788264343285,0.7430872662253937,1.133083687155049,0,Mammalian
15.370000000000001,14.37291137700433,11.610410435905631,7.710090232256145,3.557257132526283,0.960455847158203,2.8599925615183284,3.80046375343178,3.4044844069553886,2.081524031302133,0.48080001331152006,1.068942558518785,1.854614163257405,1.924274302065585,1.4838007323992226,1.081766411344884,1.1951987282456422,1.3295094566642152,1.0615145099159382,0.42050590829739415,0.5601793206108909,1.2998715104543217,1.7150730325820036,1.6835093734290436,1.2704668129461785,0.6984432787099215,0.3729766005076036,0.4638442342687756,0.42723193618436767,0.38929788264343285,0.7430872662253937,1.133083687155049,1,Yeast
15.370000000000001,14.37291137700433,11.610410435905631,7.710090232256145,3.557257132526283,0.960455847158203,2.8599925615183284,3.80046375343178,3.4044844069553886,2.081524031302133,0.48080001331152006,1.068942558518785,1.854614163257405,1.924274302065585,1.4838007323992226,1.081766411344884,1.1951987282456422,1.3295094566642152,1.0615145099159382,0.42050590829739415,0.5601793206108909,1.2998715104543217,1.7150730325820036,1.6835093734290436,1.2704668129461785,0.6984432787099215,0.3729766005076036,0.4638442342687756,0.42723193618436767,0.38929788264343285,0.7430872662253937,1.133083687155049,0,E_coli
15.370000000000001,14.341281756722575,11.501159416776476,7.524639021673686,3.3777421792396,1.2489187012289635,3.012591829439704,3.725374234486732,3.1024402480805984,1.615516302630764,0.12712922927477296,1.3843323380796642,1.9029031565282173,1.602166891621351,0.8590804756890525,0.9777610818619006,1.7030854353202605,1.9661786531039422,1.6087138972279387,0.9366307945978337,1.0782446185257948,1.8340351178223289,2.243866834857619,2.084379414225345,1.4339680983514236,0.5519119887708653,0.2483777731559699,0.6845789366888653,0.6696311597296147,0.3822621351637547,0.6184263420445688,1.0937879270521702,0,Mammalian
15.370000000000001,14.341281756722575,11.501159416776476,7.524639021673686,3.3777421792396,1.2489187012289635,3.012591829439704,3.725374234486732,3.1024402480805984,1.615516302630764,0.12712922927477296,1.3843323380796642,1.9029031565282173,1.602166891621351,0.8590804756890525,0.9777610818619006,1.7030854353202605,1.9661786531039422,1.6087138972279387,0.9366307945978337,1.0782446185257948,1.8340351178223289,2.243866834857619,2.084379414225345,1.4339680983514236,0.5519119887708653,0.2483777731559699,0.6845789366888653,0.6696311597296147,0.3822621351637547,0.6184263420445688,1.0937879270521702,0,E_coli
15.370000000000001,14.341281756722575,11.501159416776476,7.524639021673686,3.3777421792396,1.2489187012289635,3.012591829439704,3.725374234486732,3.1024402480805984,1.615516302630764,0.12712922927477296,1.3843323380796642,1.9029031565282173,1.602166891621351,0.8590804756890525,0.9777610818619006,1.7030854353202605,1.9661786531039422,1.6087138972279387,0.9366307945978337,1.0782446185257948,1.8340351178223289,2.243866834857619,2.084379414225345,1.4339680983514236,0.5519119887708653,0.2483777731559699,0.6845789366888653,0.6696311597296147,0.3822621351637547,0.6184263420445688,1.0937879270521702,1,Yeast
16.05,15.046929924392469,12.265553613773186,8.32874901402154,4.09456765946978,0.6530393070837779,2.245888818337466,3.270934595093046,2.952744013560225,1.7168668292029299,0.35344263461927045,1.2729105865505015,1.9401398810705845,1.8578987241417089,1.183541775669083,0.42862396346244397,0.8343260753446461,1.2398425607262251,1.14790013554776,0.6571675897922853,0.4500648741204736,0.974792086770969,1.2787411736498493,1.1550762407943316,0.6581054553673412,0.17470674147018017,0.7079619328174677,1.0623215000392177,1.0651828636372813,0.7893077701013351,0.5095304935969617,0.5583648325692155,0,E_coli
16.05,15.046929924392469,12.265553613773186,8.32874901402154,4.09456765946978,0.6530393070837779,2.245888818337466,3.270934595093046,2.952744013560225,1.7168668292029299,0.35344263461927045,1.2729105865505015,1.9401398810705845,1.8578987241417089,1.183541775669083,0.42862396346244397,0.8343260753446461,1.2398425607262251,1.14790013554776,0.6571675897922853,0.4500648741204736,0.974792086770969,1.2787411736498493,1.1550762407943316,0.6581054553673412,0.17470674147018017,0.7079619328174677,1.0623215000392177,1.0651828636372813,0.7893077701013351,0.5095304935969617,0.5583648325692155,1,Yeast
16.05,15.046929924392469,12.265553613773186,8.32874901402154,4.09456765946978,0.6530393070837779,2.245888818337466,3.270934595093046,2.952744013560225,1.7168668292029299,0.35344263461927045,1.2729105865505015,1.9401398810705845,1.8578987241417089,1.183541775669083,0.42862396346244397,0.8343260753446461,1.2398425607262251,1.14790013554776,0.6571675897922853,0.4500648741204736,0.974792086770969,1.2787411736498493,1.1550762407943316,0.6581054553673412,0.17470674147018017,0.7079619328174677,1.0623215000392177,1.0651828636372813,0.7893077701013351,0.5095304935969617,0.5583648325692155,0,Mammalian
16.55,15.465211644435774,12.464283615210794,8.238433976619621,3.733400754541363,0.4518167914611014,2.723969678952361,3.6161221230127056,3.045051808066479,1.5184697235325946,0.28432616354050866,1.6988862919501737,2.3202324516385877,2.0473256112370315,1.0967253595093054,0.15113800614407655,1.1301769772916102,1.5895957711512134,1.3852745542099656,0.6469895855876647,0.33562473052867386,1.1526029729760214,1.5401630966290427,1.3750282548934352,0.7458280540386442,0.1114563480990416,0.8490523774761121,1.2445011317639372,1.184734660846354,0.7612239298907428,0.36496215120756487,0.6145998568085159,0,E_coli
16.55,15.465211644435774,12.464283615210794,8.238433976619621,3.733400754541363,0.4518167914611014,2.723969678952361,3.6161221230127056,3.045051808066479,1.5184697235325946,0.28432616354050866,1.6988862919501737,2.3202324516385877,2.0473256112370315,1.0967253595093054,0.15113800614407655,1.1301769772916102,1.5895957711512134,1.3852745542099656,0.6469895855876647,0.33562473052867386,1.1526029729760214,1.5401630966290427,1.3750282548934352,0.7458280540386442,0.1114563480990416,0.8490523774761121,1.2445011317639372,1.184734660846354,0.7612239298907428,0.36496215120756487,0.6145998568085159,1,Yeast
16.55,15.465211644435774,12.464283615210794,8.238433976619621,3.733400754541363,0.4518167914611014,2.723969678952361,3.6161221230127056,3.045051808066479,1.5184697235325946,0.28432616354050866,1.6988862919501737,2.3202324516385877,2.0473256112370315,1.0967253595093054,0.15113800614407655,1.1301769772916102,1.5895957711512134,1.3852745542099656,0.6469895855876647,0.33562473052867386,1.1526029729760214,1.5401630966290427,1.3750282548934352,0.7458280540386442,0.1114563480990416,0.8490523774761121,1.2445011317639372,1.184734660846354,0.7612239298907428,0.36496215120756487,0.6145998568085159,0,Mammalian
15.77,14.73888879225157,11.892937631464754,7.90986448010492,3.746265490625257,1.1309640138944212,2.5757964418496297,3.2136114344059994,2.510440510037298,0.9371957373130466,0.8403770548938962,2.190394070413486,2.7166174640334724,2.3411567208805626,1.3019482795768293,0.3290300369866841,1.1987076374162304,1.7417791390102377,1.642476379798597,1.03432116332338,0.36875198902158274,0.6993757238682167,0.9859347958112582,0.8125259804809372,0.3835211148863523,0.6868147351180194,1.1982592182185345,1.3350671533038458,0.990911902467256,0.30172374508293387,0.6434151329629482,1.3131982792430559,1,Yeast
15.77,14.73888879225157,11.892937631464754,7.90986448010492,3.746265490625257,1.1309640138944212,2.5757964418496297,3.2136114344059994,2.510440510037298,0.9371957373130466,0.8403770548938962,2.190394070413486,2.7166174640334724,2.3411567208805626,1.3019482795768293,0.3290300369866841,1.1987076374162304,1.7417791390102377,1.642476379798597,1.03432116332338,0.36875198902158274,0.6993757238682167,0.9859347958112582,0.8125259804809372,0.3835211148863523,0.6868147351180194,1.1982592182185345,1.3350671533038458,0.990911902467256,0.30172374508293387,0.6434151329629482,1.3131982792430559,0,Mammalian
15.77,14.73888879225157,11.892937631464754,7.90986448010492,3.746265490625257,1.1309640138944212,2.5757964418496297,3.2136114344059994,2.510440510037298,0.9371957373130466,0.8403770548938962,2.190394070413486,2.7166174640334724,2.3411567208805626,1.3019482795768293,0.3290300369866841,1.1987076374162304,1.7417791390102377,1.642476379798597,1.03432116332338,0.36875198902158274,0.6993757238682167,0.9859347958112582,0.8125259804809372,0.3835211148863523,0.6868147351180194,1.1982592182185345,1.3350671533038458,0.990911902467256,0.30172374508293387,0.6434151329629482,1.3131982792430559,0,E_coli
15.89,14.809661834919929,11.822715319748532,7.623772081738287,3.181737625666904,1.0511586780012345,3.320533344686692,4.158508584008383,3.5418442919793613,1.9874936933650242,0.5055529973911994,1.5064853200923238,2.176061091027005,1.9988299522736728,1.2334573453412148,0.7681535106310439,1.3188252348207479,1.6399629682060899,1.3680978320254908,0.6923683482649214,0.7966200923316745,1.5738473839752045,1.9985570471986496,1.884058159613999,1.3111594149352006,0.5491414530428576,0.3252560992541346,0.6178207285970501,0.5252620660464363,0.24838916712254006,0.7199628046347376,1.2440249219756594,1,Yeast
15.89,14.809661834919929,11.822715319748532,7.623772081738287,3.181737625666904,1.0511586780012345,3.320533344686692,4.158508584008383,3.5418442919793613,1.9874936933650242,0.5055529973911994,1.5064853200923238,2.176061091027005,1.9988299522736728,1.2334573453412148,0.7681535106310439,1.3188252348207479,1.6399629682060899,1.3680978320254908,0.6923683482649214,0.7966200923316745,1.5738473839752045,1.9985570471986496,1.884058159613999,1.3111594149352006,0.5491414530428576,0.3252560992541346,0.6178207285970501,0.5252620660464363,0.24838916712254006,0.7199628046347376,1.2440249219756594,0,Mammalian
15.89,14.809661834919929,11.822715319748532,7.623772081738287,3.181737625666904,1.0511586780012345,3.320533344686692,4.158508584008383,3.5418442919793613,1.9874936933650242,0.5055529973911994,1.5064853200923238,2.176061091027005,1.9988299522736728,1.2334573453412148,0.7681535106310439,1.3188252348207479,1.6399629682060899,1.3680978320254908,0.6923683482649214,0.7966200923316745,1.5738473839752045,1.9985570471986496,1.884058159613999,1.3111594149352006,0.5491414530428576,0.3252560992541346,0.6178207285970501,0.5252620660464363,0.24838916712254006,0.7199628046347376,1.2440249219756594,0,E_coli
15.11,14.08490152634569,11.258770721454173,7.3188463556267225,3.283246384529174,1.5902709816370473,3.221138758015991,3.805147913575314,3.055655744558635,1.4658415391702067,0.6402204391040835,1.9105424261969561,2.484299723752497,2.1719105557066216,1.204149414624045,0.34381640315489814,1.1595257651298658,1.6245584708966547,1.4445520852875189,0.7503334760659134,0.3129042512841722,1.0519939019724178,1.457086640745064,1.3946847687014639,1.0355520125738817,0.8341738766023383,0.9776520094967832,0.982043650035417,0.6436140074358765,0.5680862977805,1.3034006531101845,1.9724731841316523,0,E_coli
15.11,14.08490152634569,11.258770721454173,7.3188463556267225,3.283246384529174,1.5902709816370473,3.221138758015991,3.805147913575314,3.055655744558635,1.4658415391702067,0.6402204391040835,1.9105424261969561,2.484299723752497,2.1719105557066216,1.204149414624045,0.34381640315489814,1.1595257651298658,1.6245584708966547,1.4445520852875189,0.7503334760659134,0.3129042512841722,1.0519939019724178,1.457086640745064,1.3946847687014639,1.0355520125738817,0.8341738766023383,0.9776520094967832,0.982043650035417,0.6436140074358765,0.5680862977805,1.3034006531101845,1.9724731841316523,1,Yeast
15.11,14.08490152634569,11.258770721454173,7.3188463556267225,3.283246384529174,1.5902709816370473,3.221138758015991,3.805147913575314,3.055655744558635,1.4658415391702067,0.6402204391040835,1.9105424261969561,2.484299723752497,2.1719105557066216,1.204149414624045,0.34381640315489814,1.1595257651298658,1.6245584708966547,1.4445520852875189,0.7503334760659134,0.3129042512841722,1.0519939019724178,1.457086640745064,1.3946847687014639,1.0355520125738817,0.8341738766023383,0.9776520094967832,0.982043650035417,0.6436140074358765,0.5680862977805,1.3034006531101845,1.9724731841316523,0,Mammalian
14.89,13.893789481686767,11.133504466329416,7.234908425448118,3.0773188620110514,1.002215930750591,3.214429486721535,4.162406684884868,3.7534417384619627,2.4080954676673234,0.7284397722941964,0.727253978021431,1.5298347396703333,1.5852646697280832,1.076877058515193,0.586466717924696,0.8863972021616496,1.1276564422741246,0.8939037505061671,0.30804165188157584,0.7441954911943758,1.5011282164421735,1.927694096458703,1.9011796575514712,1.4776586601687294,0.8484017063258661,0.2624072791007411,0.20426171767507512,0.4403264262961878,0.7761021425473708,1.244148965070471,1.6506988682381278,0,Mammalian
14.89,13.893789481686767,11.133504466329416,7.234908425448118,3.0773188620110514,1.002215930750591,3.214429486721535,4.162406684884868,3.7534417384619627,2.4080954676673234,0.7284397722941964,0.727253978021431,1.5298347396703333,1.5852646697280832,1.076877058515193,0.586466717924696,0.8863972021616496,1.1276564422741246,0.8939037505061671,0.30804165188157584,0.7441954911943758,1.5011282164421735,1.927694096458703,1.9011796575514712,1.4776586601687294,0.8484017063258661,0.2624072791007411,0.20426171767507512,0.4403264262961878,0.7761021425473708,1.244148965070471,1.6506988682381278,1,Yeast
14.89,13.893789481686767,11.133504466329416,7.234908425448118,3.0773188620110514,1.002215930750591,3.214429486721535,4.162406684884868,3.7534417384619627,2.4080954676673234,0.7284397722941964,0.727253978021431,1.5298347396703333,1.5852646697280832,1.076877058515193,0.586466717924696,0.8863972021616496,1.1276564422741246,0.8939037505061671,0.30804165188157584,0.7441954911943758,1.5011282164421735,1.927694096458703,1.9011796575514712,1.4776586601687294,0.8484017063258661,0.2624072791007411,0.20426171767507512,0.4403264262961878,0.7761021425473708,1.244148965070471,1.6506988682381278,0,E_coli
14.89,13.876676368904922,11.0759921755081,7.1428287030536595,3.0021790820971694,1.147041189635469,3.2170285148477307,4.033198341407307,3.520361524030487,2.1485414430437295,0.6166180056874138,0.8690289989765638,1.4135508293834949,1.2516019380293528,0.7175834470690887,0.8346958854530385,1.3188252348207479,1.355480970372481,0.8127215476792318,0.21927503285334263,1.2398229933785871,2.031938946883583,2.3015418037482096,1.984143691588927,1.229168312366437,0.34255968173624035,0.3520214774626376,0.566345497310291,0.24664500168702352,0.5477325885134102,1.4512239610882998,2.17505740922948,1,Yeast
14.89,13.876676368904922,11.0759921755081,7.1428287030536595,3.0021790820971694,1.147041189635469,3.2170285148477307,4.033198341407307,3.520361524030487,2.1485414430437295,0.6166180056874138,0.8690289989765638,1.4135508293834949,1.2516019380293528,0.7175834470690887,0.8346958854530385,1.3188252348207479,1.355480970372481,0.8127215476792318,0.21927503285334263,1.2398229933785871,2.031938946883583,2.3015418037482096,1.984143691588927,1.229168312366437,0.34255968173624035,0.3520214774626376,0.566345497310291,0.24664500168702352,0.5477325885134102,1.4512239610882998,2.17505740922948,0,E_coli
14.89,13.876676368904922,11.0759921755081,7.1428287030536595,3.0021790820971694,1.147041189635469,3.2170285148477307,4.033198341407307,3.520361524030487,2.1485414430437295,0.6166180056874138,0.8690289989765638,1.4135508293834949,1.2516019380293528,0.7175834470690887,0.8346958854530385,1.3188252348207479,1.355480970372481,0.8127215476792318,0.21927503285334263,1.2398229933785871,2.031938946883583,2.3015418037482096,1.984143691588927,1.229168312366437,0.34255968173624035,0.3520214774626376,0.566345497310291,0.24664500168702352,0.5477325885134102,1.4512239610882998,2.17505740922948,0,Mammalian
15.39,14.319064376920203,11.35670453438039,7.186617623400999,2.7528621459151696,1.2124829440513125,3.635703595736901,4.5060825263550415,3.9180618651215497,2.36754742358506,0.528129447689193,0.9842022518862665,1.7406322737483968,1.6609029741967969,0.983609899166644,0.4996261120158279,1.015923225445703,1.2397992094773282,0.8791101562295924,0.11234429822008539,0.9540340399648853,1.7527968478472133,2.0949018017119747,1.8910318863021685,1.2581697902430533,0.46904072480049885,0.17412945805373334,0.3853288251192058,0.10472986088550687,0.5772233671654321,1.3994081040605755,2.0589759680638964,1,Yeast
15.39,14.319064376920203,11.35670453438039,7.186617623400999,2.7528621459151696,1.2124829440513125,3.635703595736901,4.5060825263550415,3.9180618651215497,2.36754742358506,0.528129447689193,0.9842022518862665,1.7406322737483968,1.6609029741967969,0.983609899166644,0.4996261120158279,1.015923225445703,1.2397992094773282,0.8791101562295924,0.11234429822008539,0.9540340399648853,1.7527968478472133,2.0949018017119747,1.8910318863021685,1.2581697902430533,0.46904072480049885,0.17412945805373334,0.3853288251192058,0.10472986088550687,0.5772233671654321,1.3994081040605755,2.0589759680638964,0,Mammalian
15.39,14.319064376920203,11.35670453438039,7.186617623400999,2.7528621459151696,1.2124829440513125,3.635703595736901,4.5060825263550415,3.9180618651215497,2.36754742358506,0.528129447689193,0.9842022518862665,1.7406322737483968,1.6609029741967969,0.983609899166644,0.4996261120158279,1.015923225445703,1.2397992094773282,0.8791101562295924,0.11234429822008539,0.9540340399648853,1.7527968478472133,2.0949018017119747,1.8910318863021685,1.2581697902430533,0.46904072480049885,0.17412945805373334,0.3853288251192058,0.10472986088550687,0.5772233671654321,1.3994081040605755,2.0589759680638964,0,E_coli
14.61,13.585777549211551,10.761596379921121,6.821977307771752,2.7850004828899477,1.6432279586366558,3.5205333455808425,4.114236826530595,3.338314988619625,1.6807575086293571,0.19002795895352226,1.6358308796985968,2.264607125220086,1.9937969049443087,1.0531630412955548,0.2234258739337219,1.1552056094046637,1.5943186487135392,1.3816768094041685,0.6648894927350403,0.44159485173689106,1.2180024010178823,1.6352431142607138,1.5580388466003485,1.1068211403644022,0.6231494144897545,0.5387278241976453,0.5227439391237151,0.37936903619648654,0.9214415199700438,1.7763295822115892,2.4674930064100415,0,Mammalian
14.61,13.585777549211551,10.761596379921121,6.821977307771752,2.7850004828899477,1.6432279586366558,3.5205333455808425,4.114236826530595,3.338314988619625,1.6807575086293571,0.19002795895352226,1.6358308796985968,2.264607125220086,1.9937969049443087,1.0531630412955548,0.2234258739337219,1.1552056094046637,1.5943186487135392,1.3816768094041685,0.6648894927350403,0.44159485173689106,1.2180024010178823,1.6352431142607138,1.5580388466003485,1.1068211403644022,0.6231494144897545,0.5387278241976453,0.5227439391237151,0.37936903619648654,0.9214415199700438,1.7763295822115892,2.4674930064100415,1,Yeast
14.61,13.585777549211551,10.761596379921121,6.821977307771752,2.7850004828899477,1.6432279586366558,3.5205333455808425,4.114236826530595,3.338314988619625,1.6807575086293571,0.19002795895352226,1.6358308796985968,2.264607125220086,1.9937969049443087,1.0531630412955548,0.2234258739337219,1.1552056094046637,1.5943186487135392,1.3816768094041685,0.6648894927350403,0.44159485173689106,1.2180024010178823,1.6352431142607138,1.5580388466003485,1.1068211403644022,0.6231494144897545,0.5387278241976453,0.5227439391237151,0.37936903619648654,0.9214415199700438,1.7763295822115892,2.4674930064100415,0,E_coli
14.61,13.591220925492058,10.782165864169075,6.861622731065762,2.812216776385455,1.4002749449372511,3.255820381636088,3.8022990179248004,2.9713994295531836,1.2589516589790541,0.6581977103856181,2.148640518787802,2.8082866288533017,2.555032564788282,1.6167221542799364,0.4556694563314276,0.6815423684555499,1.159260225274183,1.03290809904622,0.5445352547014418,0.8115681593652947,1.489264033829808,1.8415552139910087,1.7637437145042967,1.4560856534047095,1.3305850892496571,1.4688555329284723,1.47534040827138,1.135746510240902,0.6725852574674273,0.9283085942220178,1.4941884063498956,0,Mammalian
14.61,13.591220925492058,10.782165864169075,6.861622731065762,2.812216776385455,1.4002749449372511,3.255820381636088,3.8022990179248004,2.9713994295531836,1.2589516589790541,0.6581977103856181,2.148640518787802,2.8082866288533017,2.555032564788282,1.6167221542799364,0.4556694563314276,0.6815423684555499,1.159260225274183,1.03290809904622,0.5445352547014418,0.8115681593652947,1.489264033829808,1.8415552139910087,1.7637437145042967,1.4560856534047095,1.3305850892496571,1.4688555329284723,1.47534040827138,1.135746510240902,0.6725852574674273,0.9283085942220178,1.4941884063498956,0,E_coli
14.61,13.591220925492058,10.782165864169075,6.861622731065762,2.812216776385455,1.4002749449372511,3.255820381636088,3.8022990179248004,2.9713994295531836,1.2589516589790541,0.6581977103856181,2.148640518787802,2.8082866288533017,2.555032564788282,1.6167221542799364,0.4556694563314276,0.6815423684555499,1.159260225274183,1.03290809904622,0.5445352547014418,0.8115681593652947,1.489264033829808,1.8415552139910087,1.7637437145042967,1.4560856534047095,1.3305850892496571,1.4688555329284723,1.47534040827138,1.135746510240902,0.6725852574674273,0.9283085942220178,1.4941884063498956,1,Yeast
14.29,13.331586735350168,10.683287861901151,6.966378248266895,3.052431438267454,0.8986458180360378,2.707895613510824,3.376526489705551,2.778905830573787,1.5231547273845945,1.3510270576128105,2.415137528513635,2.9864802890822886,2.7603977736581222,1.9330737529770623,1.117513850597151,1.2605157674539418,1.670026910160928,1.602843905194022,1.0251155568946295,0.31839088569061097,0.8698305456311963,1.4453752969062053,1.5994487220889735,1.3433846749174305,0.8654160982644243,0.5196147253671093,0.5680597367725504,0.616623906046952,0.5211541317778826,0.4967854316412687,0.6443752032547677,0,E_coli
14.29,13.331586735350168,10.683287861901151,6.966378248266895,3.052431438267454,0.8986458180360378,2.707895613510824,3.376526489705551,2.778905830573787,1.5231547273845945,1.3510270576128105,2.415137528513635,2.9864802890822886,2.7603977736581222,1.9330737529770623,1.117513850597151,1.2605157674539418,1.670026910160928,1.602843905194022,1.0251155568946295,0.31839088569061097,0.8698305456311963,1.4453752969062053,1.5994487220889735,1.3433846749174305,0.8654160982644243,0.5196147253671093,0.5680597367725504,0.616623906046952,0.5211541317778826,0.4967854316412687,0.6443752032547677,1,Yeast
14.29,13.331586735350168,10.683287861901151,6.966378248266895,3.052431438267454,0.8986458180360378,2.707895613510824,3.376526489705551,2.778905830573787,1.5231547273845945,1.3510270576128105,2.415137528513635,2.9864802890822886,2.7603977736581222,1.9330737529770623,1.117513850597151,1.2605157674539418,1.670026910160928,1.602843905194022,1.0251155568946295,0.31839088569061097,0.8698305456311963,1.4453752969062053,1.5994487220889735,1.3433846749174305,0.8654160982644243,0.5196147253671093,0.5680597367725504,0.616623906046952,0.5211541317778826,0.4967854316412687,0.6443752032547677,0,Mammalian
14.510000000000002,13.529586821287758,10.816952775376445,6.9969189174358934,2.934227118497474,0.8122910019536496,2.9500487027317295,3.7354214799797707,3.1878419005819776,1.8260392734099944,0.9762802458626626,1.9189302973965487,2.576655169075881,2.4623142949249917,1.713026409891185,0.7448152552081362,0.578013840664737,0.9592961928461747,0.8807708435804946,0.5345617123141417,0.9292502309572085,1.6376642613681998,2.0406374536135043,1.950870153254663,1.3930771754981444,0.5759898838265072,0.4923998006189045,1.136517090025481,1.4727027415654954,1.4382965928903062,1.1095704789237726,0.6169156412478194,0,E_coli
14.510000000000002,13.529586821287758,10.816952775376445,6.9969189174358934,2.934227118497474,0.8122910019536496,2.9500487027317295,3.7354214799797707,3.1878419005819776,1.8260392734099944,0.9762802458626626,1.9189302973965487,2.576655169075881,2.4623142949249917,1.713026409891185,0.7448152552081362,0.578013840664737,0.9592961928461747,0.8807708435804946,0.5345617123141417,0.9292502309572085,1.6376642613681998,2.0406374536135043,1.950870153254663,1.3930771754981444,0.5759898838265072,0.4923998006189045,1.136517090025481,1.4727027415654954,1.4382965928903062,1.1095704789237726,0.6169156412478194,0,Mammalian
14.510000000000002,13.529586821287758,10.816952775376445,6.9969189174358934,2.934227118497474,0.8122910019536496,2.9500487027317295,3.7354214799797707,3.1878419005819776,1.8260392734099944,0.9762802458626626,1.9189302973965487,2.576655169075881,2.4623142949249917,1.713026409891185,0.7448152552081362,0.578013840664737,0.9592961928461747,0.8807708435804946,0.5345617123141417,0.9292502309572085,1.6376642613681998,2.0406374536135043,1.950870153254663,1.3930771754981444,0.5759898838265072,0.4923998006189045,1.136517090025481,1.4727027415654954,1.4382965928903062,1.1095704789237726,0.6169156412478194,1,Yeast
14.71,13.718996456138377,10.9751668674652,7.104300974400763,2.9650038315024596,0.7052597028682092,2.9966664985245557,3.8545625063217352,3.361921591991307,2.0256594753821737,0.9818368902503264,1.7305947400969564,2.3794748441463187,2.289985131830545,1.5751679340384346,0.6070367333954524,0.41725292090050126,0.8030092501520006,0.6858741386086957,0.4364087135761469,1.0818210704403948,1.83545867267313,2.2347576480592197,2.1185004151390836,1.5259368300498697,0.7126252059808809,0.6572696031901751,1.295294015373254,1.6594321067165667,1.6382847833556702,1.297064384518442,0.7792260921071856,1,Yeast
14.71,13.718996456138377,10.9751668674652,7.104300974400763,2.9650038315024596,0.7052597028682092,2.9966664985245557,3.8545625063217352,3.361921591991307,2.0256594753821737,0.9818368902503264,1.7305947400969564,2.3794748441463187,2.289985131830545,1.5751679340384346,0.6070367333954524,0.41725292090050126,0.8030092501520006,0.6858741386086957,0.4364087135761469,1.0818210704403948,1.83545867267313,2.2347576480592197,2.1185004151390836,1.5259368300498697,0.7126252059808809,0.6572696031901751,1.295294015373254,1.6594321067165667,1.6382847833556702,1.297064384518442,0.7792260921071856,0,Mammalian
14.71,13.718996456138377,10.9751668674652,7.104300974400763,2.9650038315024596,0.7052597028682092,2.9966664985245557,3.8545625063217352,3.361921591991307,2.0256594753821737,0.9818368902503264,1.7305947400969564,2.3794748441463187,2.289985131830545,1.5751679340384346,0.6070367333954524,0.41725292090050126,0.8030092501520006,0.6858741386086957,0.4364087135761469,1.0818210704403948,1.83545867267313,2.2347576480592197,2.1185004151390836,1.5259368300498697,0.7126252059808809,0.6572696031901751,1.295294015373254,1.6594321067165667,1.6382847833556702,1.297064384518442,0.7792260921071856,0,E_coli
14.350000000000001,13.378281062518614,10.691389573181718,6.91397858971322,2.9192536088197905,0.9205199674895441,2.9220898590866353,3.6452093009121747,3.050867308984958,1.6664086900576922,1.001008826127844,2.0711740032451478,2.7346943012786094,2.603028911361063,1.8315850647551428,0.8725564161418061,0.7209022125087425,1.0946184035693693,1.0380869110112687,0.6477647346543799,0.8219740399563746,1.4798556646038044,1.8862260718999275,1.821475948672447,1.2992338753922952,0.49850584342354165,0.38525439588270793,1.019989560557638,1.3261086394352168,1.2783087011031276,0.9632046261254501,0.5068512533797921,1,Yeast
14.350000000000001,13.378281062518614,10.691389573181718,6.91397858971322,2.9192536088197905,0.9205199674895441,2.9220898590866353,3.6452093009121747,3.050867308984958,1.6664086900576922,1.001008826127844,2.0711740032451478,2.7346943012786094,2.603028911361063,1.8315850647551428,0.8725564161418061,0.7209022125087425,1.0946184035693693,1.0380869110112687,0.6477647346543799,0.8219740399563746,1.4798556646038044,1.8862260718999275,1.821475948672447,1.2992338753922952,0.49850584342354165,0.38525439588270793,1.019989560557638,1.3261086394352168,1.2783087011031276,0.9632046261254501,0.5068512533797921,0,Mammalian
14.350000000000001,13.378281062518614,10.691389573181718,6.91397858971322,2.9192536088197905,0.9205199674895441,2.9220898590866353,3.6452093009121747,3.050867308984958,1.6664086900576922,1.001008826127844,2.0711740032451478,2.7346943012786094,2.603028911361063,1.8315850647551428,0.8725564161418061,0.7209022125087425,1.0946184035693693,1.0380869110112687,0.6477647346543799,0.8219740399563746,1.4798556646038044,1.8862260718999275,1.821475948672447,1.2992338753922952,0.49850584342354165,0.38525439588270793,1.019989560557638,1.3261086394352168,1.2783087011031276,0.9632046261254501,0.5068512533797921,0,E_coli
13.850000000000001,12.906802224633687,10.305156958803899,6.67289704287159,2.9288469212066515,1.3279384658031879,2.8905972146515495,3.3965945654933587,2.6395718058152937,1.1682147563162708,1.2185307827457288,2.5530570070518244,3.229811331555835,3.0550219264105234,2.2356134506749,1.3179511072488928,1.1957006314291216,1.5481449460181285,1.53328382794449,1.0806749275010774,0.6469654013741865,0.9912426659194412,1.4117356243796522,1.4568460784793618,1.1083594552062026,0.5642093858713852,0.42960043118736185,0.7649117451001214,0.8980034766728823,0.7783786223161476,0.5564977332135134,0.44763512768950203,0,Mammalian
13.850000000000001,12.906802224633687,10.305156958803899,6.67289704287159,2.9288469212066515,1.3279384658031879,2.8905972146515495,3.3965945654933587,2.6395718058152937,1.1682147563162708,1.2185307827457288,2.5530570070518244,3.229811331555835,3.0550219264105234,2.2356134506749,1.3179511072488928,1.1957006314291216,1.5481449460181285,1.53328382794449,1.0806749275010774,0.6469654013741865,0.9912426659194412,1.4117356243796522,1.4568460784793618,1.1083594552062026,0.5642093858713852,0.42960043118736185,0.7649117451001214,0.8980034766728823,0.7783786223161476,0.5564977332135134,0.44763512768950203,0,E_coli
13.850000000000001,12.906802224633687,10.305156958803899,6.67289704287159,2.9288469212066515,1.3279384658031879,2.8905972146515495,3.3965945654933587,2.6395718058152937,1.1682147563162708,1.2185307827457288,2.5530570070518244,3.229811331555835,3.0550219264105234,2.2356134506749,1.3179511072488928,1.1957006314291216,1.5481449460181285,1.53328382794449,1.0806749275010774,0.6469654013741865,0.9912426659194412,1.4117356243796522,1.4568460784793618,1.1083594552062026,0.5642093858713852,0.42960043118736185,0.7649117451001214,0.8980034766728823,0.7783786223161476,0.5564977332135134,0.44763512768950203,1,Yeast
14.850000000000001,13.809604658314386,10.937294483346538,6.911524241113706,2.6638178586428225,1.056679849573715,3.250648146974565,3.8993034350884455,3.138587398924034,1.5603133654429515,0.9821385556955345,2.2127397502778234,2.833838101197217,2.5774392665372696,1.6693270418416752,0.6629692094348519,0.776208734813001,1.0877882668426027,0.7980983638575309,0.2225189103703762,1.1139131070002148,1.968814491485071,2.3524446067630036,2.134456619677632,1.4100599772049667,0.5426637041398028,0.7813650519805656,1.357519875082691,1.5227060196346647,1.2826657950559723,0.817886986804187,0.35928641085254276,1,Yeast
14.850000000000001,13.809604658314386,10.937294483346538,6.911524241113706,2.6638178586428225,1.056679849573715,3.250648146974565,3.8993034350884455,3.138587398924034,1.5603133654429515,0.9821385556955345,2.2127397502778234,2.833838101197217,2.5774392665372696,1.6693270418416752,0.6629692094348519,0.776208734813001,1.0877882668426027,0.7980983638575309,0.2225189103703762,1.1139131070002148,1.968814491485071,2.3524446067630036,2.134456619677632,1.4100599772049667,0.5426637041398028,0.7813650519805656,1.357519875082691,1.5227060196346647,1.2826657950559723,0.817886986804187,0.35928641085254276,0,E_coli
14.850000000000001,13.809604658314386,10.937294483346538,6.911524241113706,2.6638178586428225,1.056679849573715,3.250648146974565,3.8993034350884455,3.138587398924034,1.5603133654429515,0.9821385556955345,2.2127397502778234,2.833838101197217,2.5774392665372696,1.6693270418416752,0.6629692094348519,0.776208734813001,1.0877882668426027,0.7980983638575309,0.2225189103703762,1.1139131070002148,1.968814491485071,2.3524446067630036,2.134456619677632,1.4100599772049667,0.5426637041398028,0.7813650519805656,1.357519875082691,1.5227060196346647,1.2826657950559723,0.817886986804187,0.35928641085254276,0,Mammalian
13.99,13.038602095775106,10.412326072610847,6.737529780502195,2.917539296117616,1.2068648526675008,2.890745264767285,3.460729631128665,2.7517750422897733,1.3075700877559115,1.139839313638224,2.4173881254332765,3.091020108146542,2.9268903503134793,2.1183610831124358,1.1888716511924424,1.0604244433244643,1.4180109460211627,1.3942831619199936,0.9528618670292833,0.6634348621195647,1.1270479302269845,1.5429698127542502,1.5513559405371526,1.143124716131674,0.49837883949415435,0.35219109559460837,0.8137387916471472,1.0112434575153812,0.9183513702593329,0.6575334865942056,0.4071892477518238,0,Mammalian
13.99,13.038602095775106,10.412326072610847,6.737529780502195,2.917539296117616,1.2068648526675008,2.890745264767285,3.460729631128665,2.7517750422897733,1.3075700877559115,1.139839313638224,2.4173881254332765,3.091020108146542,2.9268903503134793,2.1183610831124358,1.1888716511924424,1.0604244433244643,1.4180109460211627,1.3942831619199936,0.9528618670292833,0.6634348621195647,1.1270479302269845,1.5429698127542502,1.5513559405371526,1.143124716131674,0.49837883949415435,0.35219109559460837,0.8137387916471472,1.0112434575153812,0.9183513702593329,0.6575334865942056,0.4071892477518238,0,E_coli
13.99,13.038602095775106,10.412326072610847,6.737529780502195,2.917539296117616,1.2068648526675008,2.890745264767285,3.460729631128665,2.7517750422897733,1.3075700877559115,1.139839313638224,2.4173881254332765,3.091020108146542,2.9268903503134793,2.1183610831124358,1.1888716511924424,1.0604244433244643,1.4180109460211627,1.3942831619199936,0.9528618670292833,0.6634348621195647,1.1270479302269845,1.5429698127542502,1.5513559405371526,1.143124716131674,0.49837883949415435,0.35219109559460837,0.8137387916471472,1.0112434575153812,0.9183513702593329,0.6575334865942056,0.4071892477518238,1,Yeast
14.25,13.272066368469408,10.569487856179629,6.776241913936814,2.7912148048026797,1.1244270939477268,3.0802773984747387,3.728931934403188,3.020295740186172,1.4509345525409936,0.852165026061193,2.2717236133159977,3.083511772472971,3.0370996483255337,2.3073210806292717,1.3734817491208677,1.0804165863221464,1.4183444711986146,1.512208752026186,1.241386435266311,0.9432319767282277,1.0375409514197695,1.242058790104257,1.1906994308283823,0.8644152022108739,0.553074179352749,0.6864443303285427,0.887701324130246,0.8379668851143791,0.5627493759711907,0.37948733752115493,0.5702414433162282,0,Mammalian
14.25,13.272066368469408,10.569487856179629,6.776241913936814,2.7912148048026797,1.1244270939477268,3.0802773984747387,3.728931934403188,3.020295740186172,1.4509345525409936,0.852165026061193,2.2717236133159977,3.083511772472971,3.0370996483255337,2.3073210806292717,1.3734817491208677,1.0804165863221464,1.4183444711986146,1.512208752026186,1.241386435266311,0.9432319767282277,1.0375409514197695,1.242058790104257,1.1906994308283823,0.8644152022108739,0.553074179352749,0.6864443303285427,0.887701324130246,0.8379668851143791,0.5627493759711907,0.37948733752115493,0.5702414433162282,0,E_coli
14.25,13.272066368469408,10.569487856179629,6.776241913936814,2.7912148048026797,1.1244270939477268,3.0802773984747387,3.728931934403188,3.020295740186172,1.4509345525409936,0.852165026061193,2.2717236133159977,3.083511772472971,3.0370996483255337,2.3073210806292717,1.3734817491208677,1.0804165863221464,1.4183444711986146,1.512208752026186,1.241386435266311,0.9432319767282277,1.0375409514197695,1.242058790104257,1.1906994308283823,0.8644152022108739,0.553074179352749,0.6864443303285427,0.887701324130246,0.8379668851143791,0.5627493759711907,0.37948733752115493,0.5702414433162282,1,Yeast
14.43,13.435774145175234,10.686294217102411,6.820071400882903,2.7316649158131647,1.0839497694649567,3.1964975857871667,3.897218879926404,3.1988352781212104,1.5822568665170567,0.6721655932699638,2.169483101536864,3.05993152407562,3.0824704107216165,2.400784460056512,1.472151253197029,1.100227249253535,1.4184076061900555,1.5729500800822336,1.3882357401475487,1.1137575746295578,1.0628073361418866,1.1213771608804703,1.0112982109102706,0.7375993922497498,0.6434881943446921,0.8629010635733424,0.9849275181518873,0.8165598083661723,0.4127729547427158,0.32262911254962096,0.7065319129767806,0,E_coli
14.43,13.435774145175234,10.686294217102411,6.820071400882903,2.7316649158131647,1.0839497694649567,3.1964975857871667,3.897218879926404,3.1988352781212104,1.5822568665170567,0.6721655932699638,2.169483101536864,3.05993152407562,3.0824704107216165,2.400784460056512,1.472151253197029,1.100227249253535,1.4184076061900555,1.5729500800822336,1.3882357401475487,1.1137575746295578,1.0628073361418866,1.1213771608804703,1.0112982109102706,0.7375993922497498,0.6434881943446921,0.8629010635733424,0.9849275181518873,0.8165598083661723,0.4127729547427158,0.32262911254962096,0.7065319129767806,0,Mammalian
14.43,13.435774145175234,10.686294217102411,6.820071400882903,2.7316649158131647,1.0839497694649567,3.1964975857871667,3.897218879926404,3.1988352781212104,1.5822568665170567,0.6721655932699638,2.169483101536864,3.05993152407562,3.0824704107216165,2.400784460056512,1.472151253197029,1.100227249253535,1.4184076061900555,1.5729500800822336,1.3882357401475487,1.1137575746295578,1.0628073361418866,1.1213771608804703,1.0112982109102706,0.7375993922497498,0.6434881943446921,0.8629010635733424,0.9849275181518873,0.8165598083661723,0.4127729547427158,0.32262911254962096,0.7065319129767806,1,Yeast
13.91,12.964945753577547,10.357084806198097,6.711730573220395,2.9367924065510844,1.2596243850254096,2.8713494387146024,3.413486370429933,2.6914952091226074,1.253721571118634,1.1833659849722418,2.4688986177716608,3.1346334600699075,2.9619739837857075,2.1486360087023537,1.224322762215109,1.0989540481748998,1.4539013198406798,1.434579257010098,0.9967925114791631,0.668773001391312,1.0835781069919186,1.4874580162838063,1.4983243313936234,1.1069117125001677,0.507540008886878,0.40071462406062003,0.8018122976122841,0.9587836588324321,0.8420292613350429,0.5936613183840911,0.42133417196193707,0,E_coli
13.91,12.964945753577547,10.357084806198097,6.711730573220395,2.9367924065510844,1.2596243850254096,2.8713494387146024,3.413486370429933,2.6914952091226074,1.253721571118634,1.1833659849722418,2.4688986177716608,3.1346334600699075,2.9619739837857075,2.1486360087023537,1.224322762215109,1.0989540481748998,1.4539013198406798,1.434579257010098,0.9967925114791631,0.668773001391312,1.0835781069919186,1.4874580162838063,1.4983243313936234,1.1069117125001677,0.507540008886878,0.40071462406062003,0.8018122976122841,0.9587836588324321,0.8420292613350429,0.5936613183840911,0.42133417196193707,0,Mammalian
13.91,12.964945753577547,10.357084806198097,6.711730573220395,2.9367924065510844,1.2596243850254096,2.8713494387146024,3.413486370429933,2.6914952091226074,1.253721571118634,1.1833659849722418,2.4688986177716608,3.1346334600699075,2.9619739837857075,2.1486360087023537,1.224322762215109,1.0989540481748998,1.4539013198406798,1.434579257010098,0.9967925114791631,0.668773001391312,1.0835781069919186,1.4874580162838063,1.4983243313936234,1.1069117125001677,0.507540008886878,0.40071462406062003,0.8018122976122841,0.9587836588324321,0.8420292613350429,0.5936613183840911,0.42133417196193707,1,Yeast
13.75,12.828045632298249,10.284461396864613,6.7313006497079915,3.0605561338451364,1.2816704433068322,2.7240957248967503,3.2601954740069754,2.6000817329148442,1.3109341108725816,1.2807183716997665,2.42161431183219,3.0095675280374996,2.804533555580371,1.9917248173683109,1.0682484756607589,0.945568612000208,1.296996644079241,1.2813871581803862,0.9245880789796591,0.8033326984631651,1.2078458776045577,1.5044576018024054,1.4117717075713978,0.9534017947132996,0.39835764756419506,0.5590627775152922,0.9056695059402223,0.9491870318040899,0.7180789927675626,0.4481652020147977,0.4689753067899388,0,E_coli
13.75,12.828045632298249,10.284461396864613,6.7313006497079915,3.0605561338451364,1.2816704433068322,2.7240957248967503,3.2601954740069754,2.6000817329148442,1.3109341108725816,1.2807183716997665,2.42161431183219,3.0095675280374996,2.804533555580371,1.9917248173683109,1.0682484756607589,0.945568612000208,1.296996644079241,1.2813871581803862,0.9245880789796591,0.8033326984631651,1.2078458776045577,1.5044576018024054,1.4117717075713978,0.9534017947132996,0.39835764756419506,0.5590627775152922,0.9056695059402223,0.9491870318040899,0.7180789927675626,0.4481652020147977,0.4689753067899388,1,Yeast
13.75,12.828045632298249,10.284461396864613,6.7313006497079915,3.0605561338451364,1.2816704433068322,2.7240957248967503,3.2601954740069754,2.6000817329148442,1.3109341108725816,1.2807183716997665,2.42161431183219,3.0095675280374996,2.804533555580371,1.9917248173683109,1.0682484756607589,0.945568612000208,1.296996644079241,1.2813871581803862,0.9245880789796591,0.8033326984631651,1.2078458776045577,1.5044576018024054,1.4117717075713978,0.9534017947132996,0.39835764756419506,0.5590627775152922,0.9056695059402223,0.9491870318040899,0.7180789927675626,0.4481652020147977,0.4689753067899388,0,Mammalian
13.25,12.403797033230143,10.07053054280943,6.816343376634571,3.466489326724537,1.4655234282229557,2.2750502227164766,2.7860282980548834,2.3619473975511047,1.583376438714987,1.6492054416966164,2.339140180254696,2.6431330383476626,2.3147956796668003,1.505573737843729,0.5941330804047436,0.49406477308142493,0.8144694232275612,0.8196042875868442,0.8667900587504828,1.2626806712860466,1.6366844176842685,1.6590160691024283,1.239348802835349,0.500604126233058,0.4237937870861724,1.0571118670286053,1.305529364214616,1.0833914397209052,0.4912615891220266,0.23907989516095854,0.8261269995380875,1,Yeast
13.25,12.403797033230143,10.07053054280943,6.816343376634571,3.466489326724537,1.4655234282229557,2.2750502227164766,2.7860282980548834,2.3619473975511047,1.583376438714987,1.6492054416966164,2.339140180254696,2.6431330383476626,2.3147956796668003,1.505573737843729,0.5941330804047436,0.49406477308142493,0.8144694232275612,0.8196042875868442,0.8667900587504828,1.2626806712860466,1.6366844176842685,1.6590160691024283,1.239348802835349,0.500604126233058,0.4237937870861724,1.0571118670286053,1.305529364214616,1.0833914397209052,0.4912615891220266,0.23907989516095854,0.8261269995380875,0,E_coli
13.25,12.403797033230143,10.07053054280943,6.816343376634571,3.466489326724537,1.4655234282229557,2.2750502227164766,2.7860282980548834,2.3619473975511047,1.583376438714987,1.6492054416966164,2.339140180254696,2.6431330383476626,2.3147956796668003,1.505573737843729,0.5941330804047436,0.49406477308142493,0.8144694232275612,0.8196042875868442,0.8667900587504828,1.2626806712860466,1.6366844176842685,1.6590160691024283,1.239348802835349,0.500604126233058,0.4237937870861724,1.0571118670286053,1.305529364214616,1.0833914397209052,0.4912615891220266,0.23907989516095854,0.8261269995380875,0,Mammalian
14.41,13.370670289139712,10.5106233621499,6.53652341921959,2.4697092069597226,1.5226587895024344,3.3615649647099155,3.7253508897766925,2.6756812856325394,0.8259353129625349,1.4271227229439476,2.950826701986335,3.574038724157908,3.2266042947320925,2.2248459558756366,1.2852247528833953,1.326386067478093,1.5881573156160993,1.308977820984892,0.5580466152984449,0.704316659143262,1.529544409321427,1.9123916701201134,1.696162527965961,0.9780233421119369,0.04364194606320591,0.7991755865344727,1.2376834798098388,1.1682130263489459,0.6759478352290367,0.1584685440602183,0.6308562945593051,0,Mammalian
14.41,13.370670289139712,10.5106233621499,6.53652341921959,2.4697092069597226,1.5226587895024344,3.3615649647099155,3.7253508897766925,2.6756812856325394,0.8259353129625349,1.4271227229439476,2.950826701986335,3.574038724157908,3.2266042947320925,2.2248459558756366,1.2852247528833953,1.326386067478093,1.5881573156160993,1.308977820984892,0.5580466152984449,0.704316659143262,1.529544409321427,1.9123916701201134,1.696162527965961,0.9780233421119369,0.04364194606320591,0.7991755865344727,1.2376834798098388,1.1682130263489459,0.6759478352290367,0.1584685440602183,0.6308562945593051,0,E_coli
14.41,13.370670289139712,10.5106233621499,6.53652341921959,2.4697092069597226,1.5226587895024344,3.3615649647099155,3.7253508897766925,2.6756812856325394,0.8259353129625349,1.4271227229439476,2.950826701986335,3.574038724157908,3.2266042947320925,2.2248459558756366,1.2852247528833953,1.326386067478093,1.5881573156160993,1.308977820984892,0.5580466152984449,0.704316659143262,1.529544409321427,1.9123916701201134,1.696162527965961,0.9780233421119369,0.04364194606320591,0.7991755865344727,1.2376834798098388,1.1682130263489459,0.6759478352290367,0.1584685440602183,0.6308562945593051,1,Yeast
14.25,13.240478960509517,10.460289910531793,6.590819851982414,2.6192171220235663,1.4220443005419716,3.2040536503642665,3.623361447563935,2.6753910820451345,0.9605232518684941,1.3283734446586324,2.792198798965996,3.4312041768863457,3.138934299366662,2.1945177428739835,1.2513057159712833,1.2403628501370074,1.5343043983359954,1.3400089042914491,0.7032706650659107,0.649261241195105,1.3744768635573426,1.7673574892495842,1.620740057357162,1.0046305580228814,0.20311704769193362,0.6503686323291574,1.0854272532536373,1.0802774666251587,0.7063984259331214,0.30089091818561076,0.5222323537767327,1,Yeast
14.25,13.240478960509517,10.460289910531793,6.590819851982414,2.6192171220235663,1.4220443005419716,3.2040536503642665,3.623361447563935,2.6753910820451345,0.9605232518684941,1.3283734446586324,2.792198798965996,3.4312041768863457,3.138934299366662,2.1945177428739835,1.2513057159712833,1.2403628501370074,1.5343043983359954,1.3400089042914491,0.7032706650659107,0.649261241195105,1.3744768635573426,1.7673574892495842,1.620740057357162,1.0046305580228814,0.20311704769193362,0.6503686323291574,1.0854272532536373,1.0802774666251587,0.7063984259331214,0.30089091818561076,0.5222323537767327,0,E_coli
14.25,13.240478960509517,10.460289910531793,6.590819851982414,2.6192171220235663,1.4220443005419716,3.2040536503642665,3.623361447563935,2.6753910820451345,0.9605232518684941,1.3283734446586324,2.792198798965996,3.4312041768863457,3.138934299366662,2.1945177428739835,1.2513057159712833,1.2403628501370074,1.5343043983359954,1.3400089042914491,0.7032706650659107,0.649261241195105,1.3744768635573426,1.7673574892495842,1.620740057357162,1.0046305580228814,0.20311704769193362,0.6503686323291574,1.0854272532536373,1.0802774666251587,0.7063984259331214,0.30089091818561076,0.5222323537767327,0,Mammalian
13.75,12.83797464020248,10.31741766918953,6.782057655611118,3.0932033515517134,1.1942929408233263,2.713708208256875,3.3341548522612183,2.7354825219957535,1.4156153142528631,1.1154610381517283,2.2977132860293747,2.9960500949251707,2.904987087102242,2.1741803024537645,1.2755004504867276,1.0855873986004076,1.4692208004683833,1.5435354750698684,1.1819505654924258,0.7201802160599043,0.9010762243586384,1.3363282170745776,1.4747949846644888,1.2264319678872335,0.7030158400311196,0.2809088727830855,0.6346767607052529,0.9376125591330526,0.9800715148992702,0.7905582985241347,0.45968565676744827,0,Mammalian
13.75,12.83797464020248,10.31741766918953,6.782057655611118,3.0932033515517134,1.1942929408233263,2.713708208256875,3.3341548522612183,2.7354825219957535,1.4156153142528631,1.1154610381517283,2.2977132860293747,2.9960500949251707,2.904987087102242,2.1741803024537645,1.2755004504867276,1.0855873986004076,1.4692208004683833,1.5435354750698684,1.1819505654924258,0.7201802160599043,0.9010762243586384,1.3363282170745776,1.4747949846644888,1.2264319678872335,0.7030158400311196,0.2809088727830855,0.6346767607052529,0.9376125591330526,0.9800715148992702,0.7905582985241347,0.45968565676744827,1,Yeast
13.75,12.83797464020248,10.31741766918953,6.782057655611118,3.0932033515517134,1.1942929408233263,2.713708208256875,3.3341548522612183,2.7354825219957535,1.4156153142528631,1.1154610381517283,2.2977132860293747,2.9960500949251707,2.904987087102242,2.1741803024537645,1.2755004504867276,1.0855873986004076,1.4692208004683833,1.5435354750698684,1.1819505654924258,0.7201802160599043,0.9010762243586384,1.3363282170745776,1.4747949846644888,1.2264319678872335,0.7030158400311196,0.2809088727830855,0.6346767607052529,0.9376125591330526,0.9800715148992702,0.7905582985241347,0.45968565676744827,0,E_coli
14.43,13.386989638844573,10.517069257499736,6.5299802772363895,2.4511138735831204,1.5359442580436171,3.381270310720403,3.7383854317062366,2.676390191065924,0.8097621065324258,1.4402403179943741,2.9706655376668714,3.5919947994210037,3.2379520714741865,2.22941549578014,1.2907971371402276,1.3380956617521784,1.5958893659003757,1.3064255891024197,0.5404806420298748,0.7134263668909994,1.5489983962355915,1.9306872029376148,1.7064109835397516,0.9764914465401666,0.02419979349748334,0.8180735912111425,1.256850788858904,1.1802698668887233,0.6747175841969546,0.14329827740700002,0.6459383047295122,1,Yeast
14.43,13.386989638844573,10.517069257499736,6.5299802772363895,2.4511138735831204,1.5359442580436171,3.381270310720403,3.7383854317062366,2.676390191065924,0.8097621065324258,1.4402403179943741,2.9706655376668714,3.5919947994210037,3.2379520714741865,2.22941549578014,1.2907971371402276,1.3380956617521784,1.5958893659003757,1.3064255891024197,0.5404806420298748,0.7134263668909994,1.5489983962355915,1.9306872029376148,1.7064109835397516,0.9764914465401666,0.02419979349748334,0.8180735912111425,1.256850788858904,1.1802698668887233,0.6747175841969546,0.14329827740700002,0.6459383047295122,0,E_coli
14.43,13.386989638844573,10.517069257499736,6.5299802772363895,2.4511138735831204,1.5359442580436171,3.381270310720403,3.7383854317062366,2.676390191065924,0.8097621065324258,1.4402403179943741,2.9706655376668714,3.5919947994210037,3.2379520714741865,2.22941549578014,1.2907971371402276,1.3380956617521784,1.5958893659003757,1.3064255891024197,0.5404806420298748,0.7134263668909994,1.5489983962355915,1.9306872029376148,1.7064109835397516,0.9764914465401666,0.02419979349748334,0.8180735912111425,1.256850788858904,1.1802698668887233,0.6747175841969546,0.14329827740700002,0.6459383047295122,0,Mammalian
13.89,12.949990970267958,10.355187275130643,6.725312938567542,2.959624394135333,1.2420871348167979,2.850666861441241,3.4102189470899065,2.709506120309035,1.2848289433961293,1.1573865725286647,2.4359423075020183,3.115932128964278,2.9638586965126206,2.1683028999005103,1.248752772156443,1.1085576214162258,1.470695149877003,1.472336901329958,1.0459111990072065,0.6641280870465001,1.0311003260024811,1.452567152749106,1.5003726574008502,1.1468114858196548,0.5630260608343278,0.3533401653915183,0.7546583037419727,0.9535849712129291,0.8836903143257971,0.6518721050360357,0.4220276139779138,0,E_coli
13.89,12.949990970267958,10.355187275130643,6.725312938567542,2.959624394135333,1.2420871348167979,2.850666861441241,3.4102189470899065,2.709506120309035,1.2848289433961293,1.1573865725286647,2.4359423075020183,3.115932128964278,2.9638586965126206,2.1683028999005103,1.248752772156443,1.1085576214162258,1.470695149877003,1.472336901329958,1.0459111990072065,0.6641280870465001,1.0311003260024811,1.452567152749106,1.5003726574008502,1.1468114858196548,0.5630260608343278,0.3533401653915183,0.7546583037419727,0.9535849712129291,0.8836903143257971,0.6518721050360357,0.4220276139779138,0,Mammalian
13.89,12.949990970267958,10.355187275130643,6.725312938567542,2.959624394135333,1.2420871348167979,2.850666861441241,3.4102189470899065,2.709506120309035,1.2848289433961293,1.1573865725286647,2.4359423075020183,3.115932128964278,2.9638586965126206,2.1683028999005103,1.248752772156443,1.1085576214162258,1.470695149877003,1.472336901329958,1.0459111990072065,0.6641280870465001,1.0311003260024811,1.452567152749106,1.5003726574008502,1.1468114858196548,0.5630260608343278,0.3533401653915183,0.7546583037419727,0.9535849712129291,0.8836903143257971,0.6518721050360357,0.4220276139779138,1,Yeast
13.93,12.98209541442824,10.36630059930625,6.709548579736505,2.9215694177994456,1.258272784261696,2.8898514424287285,3.432690786417827,2.703370422471088,1.247828702083358,1.1721644478215618,2.475472873721374,3.150488963143079,2.98167319766172,2.168281650665758,1.2439021881236667,1.118257573191436,1.4735612107984106,1.453831392933994,1.007242192987686,0.6527607258874978,1.068713125768755,1.4865307546533286,1.5099868734576913,1.1262274898565088,0.5230299860207767,0.3810181590523743,0.7901494630314098,0.9618497101062546,0.858361961284826,0.6123573099315534,0.41930962929959986,0,E_coli
13.93,12.98209541442824,10.36630059930625,6.709548579736505,2.9215694177994456,1.258272784261696,2.8898514424287285,3.432690786417827,2.703370422471088,1.247828702083358,1.1721644478215618,2.475472873721374,3.150488963143079,2.98167319766172,2.168281650665758,1.2439021881236667,1.118257573191436,1.4735612107984106,1.453831392933994,1.007242192987686,0.6527607258874978,1.068713125768755,1.4865307546533286,1.5099868734576913,1.1262274898565088,0.5230299860207767,0.3810181590523743,0.7901494630314098,0.9618497101062546,0.858361961284826,0.6123573099315534,0.41930962929959986,1,Yeast
13.93,12.98209541442824,10.36630059930625,6.709548579736505,2.9215694177994456,1.258272784261696,2.8898514424287285,3.432690786417827,2.703370422471088,1.247828702083358,1.1721644478215618,2.475472873721374,3.150488963143079,2.98167319766172,2.168281650665758,1.2439021881236667,1.118257573191436,1.4735612107984106,1.453831392933994,1.007242192987686,0.6527607258874978,1.068713125768755,1.4865307546533286,1.5099868734576913,1.1262274898565088,0.5230299860207767,0.3810181590523743,0.7901494630314098,0.9618497101062546,0.858361961284826,0.6123573099315534,0.41930962929959986,0,Mammalian
15.22,13.964753930149993,10.556954705358562,5.96419547652018,1.6384826621245365,2.4154005781542627,3.9068562767675377,3.5620455014811725,1.8364491368202904,0.6142013387032887,2.450530012719706,3.4090298430391592,3.2435734674257017,2.2337759321126534,0.9426362968444281,0.04705239422209233,0.3580502757993634,0.18442310447991783,0.9090993376251592,1.6609221815152295,1.9388830371293992,1.5472581829391239,0.6257365128179693,0.6369204299267031,1.4783283017895625,1.7228526725912263,1.265204295287741,0.5004036564899454,1.0700178950191346,1.7912130895649838,1.9020965149966886,1.4028456459655447,0,Mammalian
15.22,13.964753930149993,10.556954705358562,5.96419547652018,1.6384826621245365,2.4154005781542627,3.9068562767675377,3.5620455014811725,1.8364491368202904,0.6142013387032887,2.450530012719706,3.4090298430391592,3.2435734674257017,2.2337759321126534,0.9426362968444281,0.04705239422209233,0.3580502757993634,0.18442310447991783,0.9090993376251592,1.6609221815152295,1.9388830371293992,1.5472581829391239,0.6257365128179693,0.6369204299267031,1.4783283017895625,1.7228526725912263,1.265204295287741,0.5004036564899454,1.0700178950191346,1.7912130895649838,1.9020965149966886,1.4028456459655447,0,E_coli
15.22,13.964753930149993,10.556954705358562,5.96419547652018,1.6384826621245365,2.4154005781542627,3.9068562767675377,3.5620455014811725,1.8364491368202904,0.6142013387032887,2.450530012719706,3.4090298430391592,3.2435734674257017,2.2337759321126534,0.9426362968444281,0.04705239422209233,0.3580502757993634,0.18442310447991783,0.9090993376251592,1.6609221815152295,1.9388830371293992,1.5472581829391239,0.6257365128179693,0.6369204299267031,1.4783283017895625,1.7228526725912263,1.265204295287741,0.5004036564899454,1.0700178950191346,1.7912130895649838,1.9020965149966886,1.4028456459655447,1,Yeast
13.25,12.403797033230143,10.07053054280943,6.816343376634571,3.466489326724537,1.4655234282229557,2.2750502227164766,2.7860282980548834,2.3619473975511047,1.583376438714987,1.6492054416966164,2.339140180254696,2.6431330383476626,2.3147956796668003,1.505573737843729,0.5941330804047436,0.49406477308142493,0.8144694232275612,0.8196042875868442,0.8667900587504828,1.2626806712860466,1.6366844176842685,1.6590160691024283,1.239348802835349,0.500604126233058,0.4237937870861724,1.0571118670286053,1.305529364214616,1.0833914397209052,0.4912615891220266,0.23907989516095854,0.8261269995380875,1,Yeast
13.25,12.403797033230143,10.07053054280943,6.816343376634571,3.466489326724537,1.4655234282229557,2.2750502227164766,2.7860282980548834,2.3619473975511047,1.583376438714987,1.6492054416966164,2.339140180254696,2.6431330383476626,2.3147956796668003,1.505573737843729,0.5941330804047436,0.49406477308142493,0.8144694232275612,0.8196042875868442,0.8667900587504828,1.2626806712860466,1.6366844176842685,1.6590160691024283,1.239348802835349,0.500604126233058,0.4237937870861724,1.0571118670286053,1.305529364214616,1.0833914397209052,0.4912615891220266,0.23907989516095854,0.8261269995380875,0,Mammalian
13.25,12.403797033230143,10.07053054280943,6.816343376634571,3.466489326724537,1.4655234282229557,2.2750502227164766,2.7860282980548834,2.3619473975511047,1.583376438714987,1.6492054416966164,2.339140180254696,2.6431330383476626,2.3147956796668003,1.505573737843729,0.5941330804047436,0.49406477308142493,0.8144694232275612,0.8196042875868442,0.8667900587504828,1.2626806712860466,1.6366844176842685,1.6590160691024283,1.239348802835349,0.500604126233058,0.4237937870861724,1.0571118670286053,1.305529364214616,1.0833914397209052,0.4912615891220266,0.23907989516095854,0.8261269995380875,0,E_coli
13.95,13.002071281137777,10.386181465988184,6.729126918389606,2.939413232173489,1.2466351501175474,2.87022084086341,3.412692316703039,2.683586820148187,1.2312147189405993,1.1864135054956164,2.4942801789294236,3.169816779544816,3.0009467470388973,2.1867059738136563,1.2567987184110965,1.1132385189167684,1.461157621848347,1.4408854653270322,0.9985227199120683,0.6630363791382894,1.08850863186795,1.506288976398776,1.5288993344382678,1.1435741247190516,0.5346355485699787,0.362484276147646,0.7708992215988071,0.9449307882478595,0.8455128716442254,0.6080745046757954,0.4304083500462293,1,Yeast
13.95,13.002071281137777,10.386181465988184,6.729126918389606,2.939413232173489,1.2466351501175474,2.87022084086341,3.412692316703039,2.683586820148187,1.2312147189405993,1.1864135054956164,2.4942801789294236,3.169816779544816,3.0009467470388973,2.1867059738136563,1.2567987184110965,1.1132385189167684,1.461157621848347,1.4408854653270322,0.9985227199120683,0.6630363791382894,1.08850863186795,1.506288976398776,1.5288993344382678,1.1435741247190516,0.5346355485699787,0.362484276147646,0.7708992215988071,0.9449307882478595,0.8455128716442254,0.6080745046757954,0.4304083500462293,0,Mammalian
13.95,13.002071281137777,10.386181465988184,6.729126918389606,2.939413232173489,1.2466351501175474,2.87022084086341,3.412692316703039,2.683586820148187,1.2312147189405993,1.1864135054956164,2.4942801789294236,3.169816779544816,3.0009467470388973,2.1867059738136563,1.2567987184110965,1.1132385189167684,1.461157621848347,1.4408854653270322,0.9985227199120683,0.6630363791382894,1.08850863186795,1.506288976398776,1.5288993344382678,1.1435741247190516,0.5346355485699787,0.362484276147646,0.7708992215988071,0.9449307882478595,0.8455128716442254,0.6080745046757954,0.4304083500462293,0,E_coli
7.88,7.710691059506015,7.215069480622522,6.429173059833251,5.410309406238963,4.233682143142579,2.990331809217655,1.7974055548042858,0.9109263282715744,1.0148964237703697,1.6349067589003863,2.129502479276931,2.382357047125183,2.3781564163595066,2.1376239705680073,1.7056895707913542,1.1493476410555683,0.585476712179092,0.46734217949244894,0.915362861907491,1.3473226596621857,1.631857120412828,1.729611450502128,1.6309881494692908,1.3503381889221935,0.9290340447562727,0.4823836254891252,0.5258543812444428,1.0446284887633488,1.5751478873286862,2.0057101650399445,2.2839385746983063,1,Yeast
7.88,7.710691059506015,7.215069480622522,6.429173059833251,5.410309406238963,4.233682143142579,2.990331809217655,1.7974055548042858,0.9109263282715744,1.0148964237703697,1.6349067589003863,2.129502479276931,2.382357047125183,2.3781564163595066,2.1376239705680073,1.7056895707913542,1.1493476410555683,0.585476712179092,0.46734217949244894,0.915362861907491,1.3473226596621857,1.631857120412828,1.729611450502128,1.6309881494692908,1.3503381889221935,0.9290340447562727,0.4823836254891252,0.5258543812444428,1.0446284887633488,1.5751478873286862,2.0057101650399445,2.2839385746983063,0,Mammalian
7.88,7.710691059506015,7.215069480622522,6.429173059833251,5.410309406238963,4.233682143142579,2.990331809217655,1.7974055548042858,0.9109263282715744,1.0148964237703697,1.6349067589003863,2.129502479276931,2.382357047125183,2.3781564163595066,2.1376239705680073,1.7056895707913542,1.1493476410555683,0.585476712179092,0.46734217949244894,0.915362861907491,1.3473226596621857,1.631857120412828,1.729611450502128,1.6309881494692908,1.3503381889221935,0.9290340447562727,0.4823836254891252,0.5258543812444428,1.0446284887633488,1.5751478873286862,2.0057101650399445,2.2839385746983063,0,E_coli
13.18,12.414013109416745,10.27250101577093,7.18897415928085,3.781102503413794,0.8877792534460947,1.8704989784171628,3.0161134389934223,3.0505544764089874,2.174728253927111,0.817252036451765,0.7153037555258984,1.7211559188978642,2.117711226819281,1.8314796842071466,1.010825585945374,0.09055385138137405,1.0511494019402066,1.6806520031684156,1.8077257807660188,1.4474991623211453,0.7587733072171565,0.01619819637988593,0.6298416751995298,0.9165791763187127,0.8530089007761821,0.6537231436325293,0.8019597041188335,1.1852562324663718,1.3997261774563667,1.2949634134355905,0.9229535065753541,0,Mammalian
13.18,12.414013109416745,10.27250101577093,7.18897415928085,3.781102503413794,0.8877792534460947,1.8704989784171628,3.0161134389934223,3.0505544764089874,2.174728253927111,0.817252036451765,0.7153037555258984,1.7211559188978642,2.117711226819281,1.8314796842071466,1.010825585945374,0.09055385138137405,1.0511494019402066,1.6806520031684156,1.8077257807660188,1.4474991623211453,0.7587733072171565,0.01619819637988593,0.6298416751995298,0.9165791763187127,0.8530089007761821,0.6537231436325293,0.8019597041188335,1.1852562324663718,1.3997261774563667,1.2949634134355905,0.9229535065753541,1,Yeast
13.18,12.414013109416745,10.27250101577093,7.18897415928085,3.781102503413794,0.8877792534460947,1.8704989784171628,3.0161134389934223,3.0505544764089874,2.174728253927111,0.817252036451765,0.7153037555258984,1.7211559188978642,2.117711226819281,1.8314796842071466,1.010825585945374,0.09055385138137405,1.0511494019402066,1.6806520031684156,1.8077257807660188,1.4474991623211453,0.7587733072171565,0.01619819637988593,0.6298416751995298,0.9165791763187127,0.8530089007761821,0.6537231436325293,0.8019597041188335,1.1852562324663718,1.3997261774563667,1.2949634134355905,0.9229535065753541,0,E_coli
20.78,17.645290588523203,9.97545696426944,1.9210047964852552,3.0352575006822127,3.0879938671477882,0.3462073845722912,2.8038767906523376,3.2331635352796906,1.139313734032733,1.6357378641257438,2.926696850354504,1.9376574809010019,0.5515192937045491,2.219610566504416,2.2407878378773014,0.7717512552629894,0.8803695419942181,1.4111034214804599,0.9261731179211089,1.428317964108513,1.930050944022275,1.4278433745164234,1.2589426050381434,1.9395498328575453,1.72110661319093,0.47971266269875884,0.9717998824477367,1.723891871512151,1.4615026570887641,0.7172276952163823,0.9359819588599411,1,Yeast
20.78,17.645290588523203,9.97545696426944,1.9210047964852552,3.0352575006822127,3.0879938671477882,0.3462073845722912,2.8038767906523376,3.2331635352796906,1.139313734032733,1.6357378641257438,2.926696850354504,1.9376574809010019,0.5515192937045491,2.219610566504416,2.2407878378773014,0.7717512552629894,0.8803695419942181,1.4111034214804599,0.9261731179211089,1.428317964108513,1.930050944022275,1.4278433745164234,1.2589426050381434,1.9395498328575453,1.72110661319093,0.47971266269875884,0.9717998824477367,1.723891871512151,1.4615026570887641,0.7172276952163823,0.9359819588599411,0,Mammalian
20.78,17.645290588523203,9.97545696426944,1.9210047964852552,3.0352575006822127,3.0879938671477882,0.3462073845722912,2.8038767906523376,3.2331635352796906,1.139313734032733,1.6357378641257438,2.926696850354504,1.9376574809010019,0.5515192937045491,2.219610566504416,2.2407878378773014,0.7717512552629894,0.8803695419942181,1.4111034214804599,0.9261731179211089,1.428317964108513,1.930050944022275,1.4278433745164234,1.2589426050381434,1.9395498328575453,1.72110661319093,0.47971266269875884,0.9717998824477367,1.723891871512151,1.4615026570887641,0.7172276952163823,0.9359819588599411,0,E_coli
31.270000000000003,22.448605680744723,4.922043173642589,5.508847522491449,3.3668388484506044,4.001594210391608,4.352986709308206,0.5163792005216477,1.7530671035978422,1.0158348800126609,3.0279736780723914,0.8394397338706151,2.568977722246082,2.51360517281575,0.7667576390153131,1.7727895455773353,1.0890821823902914,2.1494666390209667,0.7376891191416622,2.1410377811105925,2.1379496421677393,0.2591820078526613,1.4167791687252138,0.38900116862267176,0.8152028767632463,0.3485882536878812,0.7271932633029883,0.9413699573771843,0.8758544163969147,0.6731365142043663,2.8034616711612075,2.933969015554007,0,Mammalian
31.270000000000003,22.448605680744723,4.922043173642589,5.508847522491449,3.3668388484506044,4.001594210391608,4.352986709308206,0.5163792005216477,1.7530671035978422,1.0158348800126609,3.0279736780723914,0.8394397338706151,2.568977722246082,2.51360517281575,0.7667576390153131,1.7727895455773353,1.0890821823902914,2.1494666390209667,0.7376891191416622,2.1410377811105925,2.1379496421677393,0.2591820078526613,1.4167791687252138,0.38900116862267176,0.8152028767632463,0.3485882536878812,0.7271932633029883,0.9413699573771843,0.8758544163969147,0.6731365142043663,2.8034616711612075,2.933969015554007,0,E_coli
31.270000000000003,22.448605680744723,4.922043173642589,5.508847522491449,3.3668388484506044,4.001594210391608,4.352986709308206,0.5163792005216477,1.7530671035978422,1.0158348800126609,3.0279736780723914,0.8394397338706151,2.568977722246082,2.51360517281575,0.7667576390153131,1.7727895455773353,1.0890821823902914,2.1494666390209667,0.7376891191416622,2.1410377811105925,2.1379496421677393,0.2591820078526613,1.4167791687252138,0.38900116862267176,0.8152028767632463,0.3485882536878812,0.7271932633029883,0.9413699573771843,0.8758544163969147,0.6731365142043663,2.8034616711612075,2.933969015554007,1,Yeast
13.84,12.669637274331262,9.528955869173934,5.39718785158183,1.5967863684364256,1.5761377534356797,2.511157150055366,1.9897418296305325,0.6244126323847742,0.852262671310625,1.6245600593743166,1.5514597766403848,0.9340083233642662,0.7053684051050426,0.9207293544907822,0.6331250827350362,0.5093132631298739,1.5566651977407286,2.354789283585497,2.4503593473050556,1.8142455198947722,1.0671764540049697,1.5039664820517933,2.1456971342719737,2.139745046616142,1.4549279590590405,0.4205444589969344,0.5192267282836233,0.9947939178561724,0.9344478437784959,0.6092179323598402,0.5858728783015571,0,Mammalian
13.84,12.669637274331262,9.528955869173934,5.39718785158183,1.5967863684364256,1.5761377534356797,2.511157150055366,1.9897418296305325,0.6244126323847742,0.852262671310625,1.6245600593743166,1.5514597766403848,0.9340083233642662,0.7053684051050426,0.9207293544907822,0.6331250827350362,0.5093132631298739,1.5566651977407286,2.354789283585497,2.4503593473050556,1.8142455198947722,1.0671764540049697,1.5039664820517933,2.1456971342719737,2.139745046616142,1.4549279590590405,0.4205444589969344,0.5192267282836233,0.9947939178561724,0.9344478437784959,0.6092179323598402,0.5858728783015571,0,E_coli
13.84,12.669637274331262,9.528955869173934,5.39718785158183,1.5967863684364256,1.5761377534356797,2.511157150055366,1.9897418296305325,0.6244126323847742,0.852262671310625,1.6245600593743166,1.5514597766403848,0.9340083233642662,0.7053684051050426,0.9207293544907822,0.6331250827350362,0.5093132631298739,1.5566651977407286,2.354789283585497,2.4503593473050556,1.8142455198947722,1.0671764540049697,1.5039664820517933,2.1456971342719737,2.139745046616142,1.4549279590590405,0.4205444589969344,0.5192267282836233,0.9947939178561724,0.9344478437784959,0.6092179323598402,0.5858728783015571,1,Yeast
13.2,12.537307702829832,10.663275031998761,7.89775467603476,4.705894120596149,1.6381497001705485,1.1629804588483084,2.7941415673008065,3.474292531335352,3.2114461405464514,2.257654535280927,1.115996148716642,1.148490439310977,2.021272551269274,2.529343289006884,2.4864285647190623,1.9682479518597245,1.2050914136122686,0.6429804298142846,0.802367905179478,0.9984810318249275,0.8395389516233166,0.36028951619913413,0.4609260427655565,1.1486041122629633,1.6521728950680514,1.8116130209376418,1.5846491279820032,1.0629044480270626,0.606533610894783,0.9023782265392531,1.3732925610109719,0,E_coli
13.2,12.537307702829832,10.663275031998761,7.89775467603476,4.705894120596149,1.6381497001705485,1.1629804588483084,2.7941415673008065,3.474292531335352,3.2114461405464514,2.257654535280927,1.115996148716642,1.148490439310977,2.021272551269274,2.529343289006884,2.4864285647190623,1.9682479518597245,1.2050914136122686,0.6429804298142846,0.802367905179478,0.9984810318249275,0.8395389516233166,0.36028951619913413,0.4609260427655565,1.1486041122629633,1.6521728950680514,1.8116130209376418,1.5846491279820032,1.0629044480270626,0.606533610894783,0.9023782265392531,1.3732925610109719,1,Yeast
13.2,12.537307702829832,10.663275031998761,7.89775467603476,4.705894120596149,1.6381497001705485,1.1629804588483084,2.7941415673008065,3.474292531335352,3.2114461405464514,2.257654535280927,1.115996148716642,1.148490439310977,2.021272551269274,2.529343289006884,2.4864285647190623,1.9682479518597245,1.2050914136122686,0.6429804298142846,0.802367905179478,0.9984810318249275,0.8395389516233166,0.36028951619913413,0.4609260427655565,1.1486041122629633,1.6521728950680514,1.8116130209376418,1.5846491279820032,1.0629044480270626,0.606533610894783,0.9023782265392531,1.3732925610109719,0,Mammalian
14.59,13.593012772999366,10.834281001387684,6.94819361240331,2.807441742019228,0.8542541888440383,3.0975072815058358,3.869394519426451,3.2565217538221978,1.7617669443879214,0.7161039791560799,1.8606797551668763,2.561629466263634,2.393941655528765,1.5188597234490695,0.6052389478254303,1.2924782396620837,2.0465292796612977,2.2350221027953574,1.8652308401066662,1.175560093785011,0.6543706152604891,0.8200122651894203,1.036222219383826,0.9792170683167223,0.7110297978910696,0.3767455755671283,0.25991413718644996,0.6714043555400157,1.269959554038077,1.894830576002764,2.371535534056864,1,Yeast
14.59,13.593012772999366,10.834281001387684,6.94819361240331,2.807441742019228,0.8542541888440383,3.0975072815058358,3.869394519426451,3.2565217538221978,1.7617669443879214,0.7161039791560799,1.8606797551668763,2.561629466263634,2.393941655528765,1.5188597234490695,0.6052389478254303,1.2924782396620837,2.0465292796612977,2.2350221027953574,1.8652308401066662,1.175560093785011,0.6543706152604891,0.8200122651894203,1.036222219383826,0.9792170683167223,0.7110297978910696,0.3767455755671283,0.25991413718644996,0.6714043555400157,1.269959554038077,1.894830576002764,2.371535534056864,0,Mammalian
14.59,13.593012772999366,10.834281001387684,6.94819361240331,2.807441742019228,0.8542541888440383,3.0975072815058358,3.869394519426451,3.2565217538221978,1.7617669443879214,0.7161039791560799,1.8606797551668763,2.561629466263634,2.393941655528765,1.5188597234490695,0.6052389478254303,1.2924782396620837,2.0465292796612977,2.2350221027953574,1.8652308401066662,1.175560093785011,0.6543706152604891,0.8200122651894203,1.036222219383826,0.9792170683167223,0.7110297978910696,0.3767455755671283,0.25991413718644996,0.6714043555400157,1.269959554038077,1.894830576002764,2.371535534056864,0,E_coli
19.71,17.35292925884963,11.313116248138897,4.1638047443242865,1.5451299551169921,3.6959125294451187,2.750288494822575,0.43892532250999805,2.0852509301321605,2.715850270312122,1.934740423993001,1.1853746844581607,1.2003617539618543,0.5147659272105708,1.1355621172158423,2.4153650595788396,2.5787787807409925,1.4544060591124144,0.8678069757576924,2.2087993956146867,2.543819870893655,1.6781171732024558,0.5767126210055686,1.2451561492972605,1.4902109107045747,0.9930161751659529,0.8027407546705932,1.178438753376359,1.0625843711782945,0.4534707233487687,0.5650778773266415,1.139651528221517,1,Yeast
19.71,17.35292925884963,11.313116248138897,4.1638047443242865,1.5451299551169921,3.6959125294451187,2.750288494822575,0.43892532250999805,2.0852509301321605,2.715850270312122,1.934740423993001,1.1853746844581607,1.2003617539618543,0.5147659272105708,1.1355621172158423,2.4153650595788396,2.5787787807409925,1.4544060591124144,0.8678069757576924,2.2087993956146867,2.543819870893655,1.6781171732024558,0.5767126210055686,1.2451561492972605,1.4902109107045747,0.9930161751659529,0.8027407546705932,1.178438753376359,1.0625843711782945,0.4534707233487687,0.5650778773266415,1.139651528221517,0,E_coli
19.71,17.35292925884963,11.313116248138897,4.1638047443242865,1.5451299551169921,3.6959125294451187,2.750288494822575,0.43892532250999805,2.0852509301321605,2.715850270312122,1.934740423993001,1.1853746844581607,1.2003617539618543,0.5147659272105708,1.1355621172158423,2.4153650595788396,2.5787787807409925,1.4544060591124144,0.8678069757576924,2.2087993956146867,2.543819870893655,1.6781171732024558,0.5767126210055686,1.2451561492972605,1.4902109107045747,0.9930161751659529,0.8027407546705932,1.178438753376359,1.0625843711782945,0.4534707233487687,0.5650778773266415,1.139651528221517,0,Mammalian
18.5,16.215573378153316,10.345618801490364,3.3698573497394952,2.3191020610036754,4.558078340415365,3.692742199811761,1.1362136490425467,1.2177134592997507,1.99309505730932,1.062437852652152,0.7788007576473293,2.2323229962390747,2.623435780023157,1.9686621980831078,0.862088228441097,0.170293863659264,0.8486294093283914,1.333487157969118,1.3847629817771043,0.8495190306681202,0.7712552363296474,1.6744910274498828,2.0843739147285283,1.7979916382008665,1.4184988991467888,1.5329325353990533,1.4959657545048328,0.9988078331908514,0.7820917075491713,1.0726748153589039,0.9764743533752626,0,E_coli
18.5,16.215573378153316,10.345618801490364,3.3698573497394952,2.3191020610036754,4.558078340415365,3.692742199811761,1.1362136490425467,1.2177134592997507,1.99309505730932,1.062437852652152,0.7788007576473293,2.2323229962390747,2.623435780023157,1.9686621980831078,0.862088228441097,0.170293863659264,0.8486294093283914,1.333487157969118,1.3847629817771043,0.8495190306681202,0.7712552363296474,1.6744910274498828,2.0843739147285283,1.7979916382008665,1.4184988991467888,1.5329325353990533,1.4959657545048328,0.9988078331908514,0.7820917075491713,1.0726748153589039,0.9764743533752626,2,Mammalian
18.5,16.215573378153316,10.345618801490364,3.3698573497394952,2.3191020610036754,4.558078340415365,3.692742199811761,1.1362136490425467,1.2177134592997507,1.99309505730932,1.062437852652152,0.7788007576473293,2.2323229962390747,2.623435780023157,1.9686621980831078,0.862088228441097,0.170293863659264,0.8486294093283914,1.333487157969118,1.3847629817771043,0.8495190306681202,0.7712552363296474,1.6744910274498828,2.0843739147285283,1.7979916382008665,1.4184988991467888,1.5329325353990533,1.4959657545048328,0.9988078331908514,0.7820917075491713,1.0726748153589039,0.9764743533752626,1,Yeast
22.71,18.49361898578726,8.663275897500995,0.5888193475663822,4.255336670535586,2.3722975269130977,2.0113764379060304,3.369292807713954,1.5602116815407023,1.6700520140107415,2.538193633102534,0.7021208430629708,2.096825727392056,3.228437581958173,2.1093078369652587,0.6287287298137076,0.5315072906367327,0.8629202651810232,2.3549478546333513,2.2007167606969804,0.632651890638803,2.2487452489889277,2.596226610033725,0.8388445175194907,1.8301747208351267,2.908824145582365,2.01755872330598,0.3768711204155473,0.7056793001165893,0.6658315831239465,1.1641708929242365,1.226189278775705,0,E_coli
22.71,18.49361898578726,8.663275897500995,0.5888193475663822,4.255336670535586,2.3722975269130977,2.0113764379060304,3.369292807713954,1.5602116815407023,1.6700520140107415,2.538193633102534,0.7021208430629708,2.096825727392056,3.228437581958173,2.1093078369652587,0.6287287298137076,0.5315072906367327,0.8629202651810232,2.3549478546333513,2.2007167606969804,0.632651890638803,2.2487452489889277,2.596226610033725,0.8388445175194907,1.8301747208351267,2.908824145582365,2.01755872330598,0.3768711204155473,0.7056793001165893,0.6658315831239465,1.1641708929242365,1.226189278775705,2,Mammalian
22.71,18.49361898578726,8.663275897500995,0.5888193475663822,4.255336670535586,2.3722975269130977,2.0113764379060304,3.369292807713954,1.5602116815407023,1.6700520140107415,2.538193633102534,0.7021208430629708,2.096825727392056,3.228437581958173,2.1093078369652587,0.6287287298137076,0.5315072906367327,0.8629202651810232,2.3549478546333513,2.2007167606969804,0.632651890638803,2.2487452489889277,2.596226610033725,0.8388445175194907,1.8301747208351267,2.908824145582365,2.01755872330598,0.3768711204155473,0.7056793001165893,0.6658315831239465,1.1641708929242365,1.226189278775705,1,Yeast
20.96,17.570679653674734,9.276186296803976,0.550156269133454,4.697563574458431,4.828734336552102,2.0869719851656856,2.4752467058002203,2.9101977791864404,0.9146544798222294,1.764327468670708,2.9725909379430884,2.1401823397978363,1.6949515281474097,2.783999710010018,2.499952276148296,0.8823831367382313,0.7637132362535726,1.164483265631052,0.35530044381930703,0.892313626607768,1.2943204723989403,0.8285564658485384,0.8046348988112468,1.3389357288601675,2.1107324794158533,3.196203671135248,3.5788233932347278,2.643689166318325,0.9753414461351031,1.1084966926722382,1.637941616137804,0,E_coli
20.96,17.570679653674734,9.276186296803976,0.550156269133454,4.697563574458431,4.828734336552102,2.0869719851656856,2.4752467058002203,2.9101977791864404,0.9146544798222294,1.764327468670708,2.9725909379430884,2.1401823397978363,1.6949515281474097,2.783999710010018,2.499952276148296,0.8823831367382313,0.7637132362535726,1.164483265631052,0.35530044381930703,0.892313626607768,1.2943204723989403,0.8285564658485384,0.8046348988112468,1.3389357288601675,2.1107324794158533,3.196203671135248,3.5788233932347278,2.643689166318325,0.9753414461351031,1.1084966926722382,1.637941616137804,1,Yeast
20.96,17.570679653674734,9.276186296803976,0.550156269133454,4.697563574458431,4.828734336552102,2.0869719851656856,2.4752467058002203,2.9101977791864404,0.9146544798222294,1.764327468670708,2.9725909379430884,2.1401823397978363,1.6949515281474097,2.783999710010018,2.499952276148296,0.8823831367382313,0.7637132362535726,1.164483265631052,0.35530044381930703,0.892313626607768,1.2943204723989403,0.8285564658485384,0.8046348988112468,1.3389357288601675,2.1107324794158533,3.196203671135248,3.5788233932347278,2.643689166318325,0.9753414461351031,1.1084966926722382,1.637941616137804,2,Mammalian
21.479999999999997,18.035795384506745,9.58643628534409,0.6044609216584589,4.862189681688521,5.22761012559778,2.552836489666999,2.1117512443518454,2.433752120374839,0.6699749403418067,1.9841835849972715,2.8910956598363593,1.742583589507519,1.6638759457173107,3.146636240774885,2.940787678085048,1.2567418191498214,0.536938742358847,1.1336500853651537,0.49794845490483874,0.5513252295428965,0.8581709469039424,0.38514660827258934,0.6275062894140611,0.9267419363398703,1.6992143078951767,3.08030865735619,3.719381452404167,2.950551545750429,1.2776197544952441,0.6922132784312702,1.148119222869451,1,Yeast
21.479999999999997,18.035795384506745,9.58643628534409,0.6044609216584589,4.862189681688521,5.22761012559778,2.552836489666999,2.1117512443518454,2.433752120374839,0.6699749403418067,1.9841835849972715,2.8910956598363593,1.742583589507519,1.6638759457173107,3.146636240774885,2.940787678085048,1.2567418191498214,0.536938742358847,1.1336500853651537,0.49794845490483874,0.5513252295428965,0.8581709469039424,0.38514660827258934,0.6275062894140611,0.9267419363398703,1.6992143078951767,3.08030865735619,3.719381452404167,2.950551545750429,1.2776197544952441,0.6922132784312702,1.148119222869451,2,Mammalian
21.479999999999997,18.035795384506745,9.58643628534409,0.6044609216584589,4.862189681688521,5.22761012559778,2.552836489666999,2.1117512443518454,2.433752120374839,0.6699749403418067,1.9841835849972715,2.8910956598363593,1.742583589507519,1.6638759457173107,3.146636240774885,2.940787678085048,1.2567418191498214,0.536938742358847,1.1336500853651537,0.49794845490483874,0.5513252295428965,0.8581709469039424,0.38514660827258934,0.6275062894140611,0.9267419363398703,1.6992143078951767,3.08030865735619,3.719381452404167,2.950551545750429,1.2776197544952441,0.6922132784312702,1.148119222869451,0,E_coli
21.0,17.60905786154413,9.309528748307914,0.5587754290958167,4.680254506162508,4.827623753807379,2.1174592814091326,2.490660080496256,2.9018180801450217,0.8902699784843894,1.7953283868927556,3.011249423947839,2.1770353238999944,1.6784288734757746,2.745068246428593,2.4609100435846982,0.8514693182963209,0.7982214127045903,1.1903204008807473,0.3871528299081696,0.9008555731071478,1.3052028080001195,0.8336238874469378,0.7770391279838326,1.3193376481187296,2.1201729927590396,3.2247905832190806,3.615069236407912,2.682274071089488,1.0087002036247348,1.0822990499745393,1.6022430939471228,1,Yeast
4.29,4.266307295356932,4.195737175031118,4.079806247358893,3.9210183757601755,3.7228317528911927,3.4896189949341885,3.226628068640385,2.9399571481298725,2.6365656748050386,2.3243601860878433,2.012421456401497,1.7114795090678636,1.434756094113102,1.1990488410101396,1.0246306220996262,0.9295697929687691,0.916047989739084,0.9630936057200149,1.0392975854503148,1.1181770060837286,1.1823203828181361,1.2214726944061332,1.230110368797237,1.2058407718932327,1.148486495209848,1.0595817346219283,0.9421263895320743,0.8005828939325934,0.6413395850045479,0.47468109458387414,0.32312571908613896,2,Mammalian
4.29,4.266307295356932,4.195737175031118,4.079806247358893,3.9210183757601755,3.7228317528911927,3.4896189949341885,3.226628068640385,2.9399571481298725,2.6365656748050386,2.3243601860878433,2.012421456401497,1.7114795090678636,1.434756094113102,1.1990488410101396,1.0246306220996262,0.9295697929687691,0.916047989739084,0.9630936057200149,1.0392975854503148,1.1181770060837286,1.1823203828181361,1.2214726944061332,1.230110368797237,1.2058407718932327,1.148486495209848,1.0595817346219283,0.9421263895320743,0.8005828939325934,0.6413395850045479,0.47468109458387414,0.32312571908613896,1,Yeast
4.29,4.266307295356932,4.195737175031118,4.079806247358893,3.9210183757601755,3.7228317528911927,3.4896189949341885,3.226628068640385,2.9399571481298725,2.6365656748050386,2.3243601860878433,2.012421456401497,1.7114795090678636,1.434756094113102,1.1990488410101396,1.0246306220996262,0.9295697929687691,0.916047989739084,0.9630936057200149,1.0392975854503148,1.1181770060837286,1.1823203828181361,1.2214726944061332,1.230110368797237,1.2058407718932327,1.148486495209848,1.0595817346219283,0.9421263895320743,0.8005828939325934,0.6413395850045479,0.47468109458387414,0.32312571908613896,0,E_coli
18.41,16.152815587813848,10.312480388950178,3.2464625229567563,2.4770312906039385,4.9561048240757,4.125469646383306,1.306735805565839,1.515065121293818,2.7486794066480567,2.001502932972852,0.8756152124076739,2.3632409263625136,2.9626210337550933,2.021870139467892,0.7954611633629999,2.0402205763103165,2.616162439101479,1.8383741717794193,0.2837631250532878,1.3195390894875014,1.9588301151679417,1.5780246524048442,0.6549368965289397,0.18541218471003398,0.35057284119253723,0.8801170160704687,1.7727392885401867,2.2327169324947427,1.8766618355770555,0.9004933157315851,0.3900296436000027,2,Mammalian
18.41,16.152815587813848,10.312480388950178,3.2464625229567563,2.4770312906039385,4.9561048240757,4.125469646383306,1.306735805565839,1.515065121293818,2.7486794066480567,2.001502932972852,0.8756152124076739,2.3632409263625136,2.9626210337550933,2.021870139467892,0.7954611633629999,2.0402205763103165,2.616162439101479,1.8383741717794193,0.2837631250532878,1.3195390894875014,1.9588301151679417,1.5780246524048442,0.6549368965289397,0.18541218471003398,0.35057284119253723,0.8801170160704687,1.7727392885401867,2.2327169324947427,1.8766618355770555,0.9004933157315851,0.3900296436000027,0,E_coli
18.41,16.152815587813848,10.312480388950178,3.2464625229567563,2.4770312906039385,4.9561048240757,4.125469646383306,1.306735805565839,1.515065121293818,2.7486794066480567,2.001502932972852,0.8756152124076739,2.3632409263625136,2.9626210337550933,2.021870139467892,0.7954611633629999,2.0402205763103165,2.616162439101479,1.8383741717794193,0.2837631250532878,1.3195390894875014,1.9588301151679417,1.5780246524048442,0.6549368965289397,0.18541218471003398,0.35057284119253723,0.8801170160704687,1.7727392885401867,2.2327169324947427,1.8766618355770555,0.9004933157315851,0.3900296436000027,1,Yeast
19.18,16.65782986822968,10.21259187710501,2.6513907022751706,3.1587621678846056,5.184611543691921,3.7187442617369566,0.5434077671024782,2.073836913343754,2.6573604105280335,1.269481822643211,1.4289700327284214,2.9699861001087315,2.94655645764745,1.4953783022350653,0.8149972895146859,1.9573962296888177,1.987059554395713,1.1474038602961227,0.8936185710422452,1.3335575992920439,1.2654162347153106,1.004433682553774,0.9859692002569751,0.8687925280830003,0.7826184144025992,1.1468015425219857,1.4332299787852407,1.4666384221314814,1.473690791847838,1.3804316294074326,0.8801304903161831,1,Yeast
19.18,16.65782986822968,10.21259187710501,2.6513907022751706,3.1587621678846056,5.184611543691921,3.7187442617369566,0.5434077671024782,2.073836913343754,2.6573604105280335,1.269481822643211,1.4289700327284214,2.9699861001087315,2.94655645764745,1.4953783022350653,0.8149972895146859,1.9573962296888177,1.987059554395713,1.1474038602961227,0.8936185710422452,1.3335575992920439,1.2654162347153106,1.004433682553774,0.9859692002569751,0.8687925280830003,0.7826184144025992,1.1468015425219857,1.4332299787852407,1.4666384221314814,1.473690791847838,1.3804316294074326,0.8801304903161831,2,Mammalian
19.18,16.65782986822968,10.21259187710501,2.6513907022751706,3.1587621678846056,5.184611543691921,3.7187442617369566,0.5434077671024782,2.073836913343754,2.6573604105280335,1.269481822643211,1.4289700327284214,2.9699861001087315,2.94655645764745,1.4953783022350653,0.8149972895146859,1.9573962296888177,1.987059554395713,1.1474038602961227,0.8936185710422452,1.3335575992920439,1.2654162347153106,1.004433682553774,0.9859692002569751,0.8687925280830003,0.7826184144025992,1.1468015425219857,1.4332299787852407,1.4666384221314814,1.473690791847838,1.3804316294074326,0.8801304903161831,0,E_coli
19.810000000000002,17.038949352667235,10.051114172968889,2.1129264405861496,3.6195784230992296,5.148722178480348,3.184156735203582,0.29266631573693663,2.26418096700958,2.218665699787123,0.8203929630729438,1.9996525433319343,2.91981524784093,2.3803421915291443,0.9405886758491522,0.47398630741647935,1.3309019498069725,1.6997935807087392,1.65369378907293,1.1008719525229498,0.7074483284274947,1.3694762690052966,1.6343337123156432,1.1901580671991223,0.4940491358474009,0.22295622289896574,0.5703844066846855,1.4067979438889338,2.038148134978234,1.915630683669352,1.0745277539400544,0.3657647097238688,1,Yeast
19.810000000000002,17.038949352667235,10.051114172968889,2.1129264405861496,3.6195784230992296,5.148722178480348,3.184156735203582,0.29266631573693663,2.26418096700958,2.218665699787123,0.8203929630729438,1.9996525433319343,2.91981524784093,2.3803421915291443,0.9405886758491522,0.47398630741647935,1.3309019498069725,1.6997935807087392,1.65369378907293,1.1008719525229498,0.7074483284274947,1.3694762690052966,1.6343337123156432,1.1901580671991223,0.4940491358474009,0.22295622289896574,0.5703844066846855,1.4067979438889338,2.038148134978234,1.915630683669352,1.0745277539400544,0.3657647097238688,2,Mammalian
19.810000000000002,17.038949352667235,10.051114172968889,2.1129264405861496,3.6195784230992296,5.148722178480348,3.184156735203582,0.29266631573693663,2.26418096700958,2.218665699787123,0.8203929630729438,1.9996525433319343,2.91981524784093,2.3803421915291443,0.9405886758491522,0.47398630741647935,1.3309019498069725,1.6997935807087392,1.65369378907293,1.1008719525229498,0.7074483284274947,1.3694762690052966,1.6343337123156432,1.1901580671991223,0.4940491358474009,0.22295622289896574,0.5703844066846855,1.4067979438889338,2.038148134978234,1.915630683669352,1.0745277539400544,0.3657647097238688,0,E_coli
21.71,18.067353614543503,9.285045954919852,0.46994164159266283,4.578150204004313,4.230232028599605,1.460433720143179,2.084998886289372,1.8324495268101346,0.8229525087122742,2.351690550932534,2.178020621073709,1.330624164447751,2.4164046305227145,2.3242371567538767,1.0503807686943476,2.2999347816840365,2.9408857103531663,1.7034895540680275,0.4041426022258682,1.782707976302924,1.6736171765573191,0.7546761433396432,0.8895957440694215,0.999764338078386,0.8823593859670892,1.1407265422468142,1.3137807409035125,1.5332098074917626,1.6686173388248233,1.3017904476463524,0.624733786040829,0,E_coli
21.71,18.067353614543503,9.285045954919852,0.46994164159266283,4.578150204004313,4.230232028599605,1.460433720143179,2.084998886289372,1.8324495268101346,0.8229525087122742,2.351690550932534,2.178020621073709,1.330624164447751,2.4164046305227145,2.3242371567538767,1.0503807686943476,2.2999347816840365,2.9408857103531663,1.7034895540680275,0.4041426022258682,1.782707976302924,1.6736171765573191,0.7546761433396432,0.8895957440694215,0.999764338078386,0.8823593859670892,1.1407265422468142,1.3137807409035125,1.5332098074917626,1.6686173388248233,1.3017904476463524,0.624733786040829,2,Mammalian
21.71,18.067353614543503,9.285045954919852,0.46994164159266283,4.578150204004313,4.230232028599605,1.460433720143179,2.084998886289372,1.8324495268101346,0.8229525087122742,2.351690550932534,2.178020621073709,1.330624164447751,2.4164046305227145,2.3242371567538767,1.0503807686943476,2.2999347816840365,2.9408857103531663,1.7034895540680275,0.4041426022258682,1.782707976302924,1.6736171765573191,0.7546761433396432,0.8895957440694215,0.999764338078386,0.8823593859670892,1.1407265422468142,1.3137807409035125,1.5332098074917626,1.6686173388248233,1.3017904476463524,0.624733786040829,1,Yeast
4.82,4.795417997248367,4.722131691462608,4.601510393097767,4.435803847448057,4.228094335978541,3.9822311294925075,3.7027487910133954,3.3947712500337626,3.0639040277424114,2.716117568459843,2.357625548184308,1.994763914073944,1.633881214108447,1.2812655200128975,0.9431884722015902,0.626418390534633,0.34161790558691424,0.14378948652793108,0.24093668786584824,0.42683715113598064,0.5914288869328829,0.7238306058733875,0.8223690634878614,0.8878784601195175,0.9227419047874476,0.9307039484205394,0.9168598215191656,0.8876774191583,0.8509311328403525,0.8153254192496444,0.7894675067125272,1,Yeast
4.82,4.795417997248367,4.722131691462608,4.601510393097767,4.435803847448057,4.228094335978541,3.9822311294925075,3.7027487910133954,3.3947712500337626,3.0639040277424114,2.716117568459843,2.357625548184308,1.994763914073944,1.633881214108447,1.2812655200128975,0.9431884722015902,0.626418390534633,0.34161790558691424,0.14378948652793108,0.24093668786584824,0.42683715113598064,0.5914288869328829,0.7238306058733875,0.8223690634878614,0.8878784601195175,0.9227419047874476,0.9307039484205394,0.9168598215191656,0.8876774191583,0.8509311328403525,0.8153254192496444,0.7894675067125272,0,E_coli
4.82,4.795417997248367,4.722131691462608,4.601510393097767,4.435803847448057,4.228094335978541,3.9822311294925075,3.7027487910133954,3.3947712500337626,3.0639040277424114,2.716117568459843,2.357625548184308,1.994763914073944,1.633881214108447,1.2812655200128975,0.9431884722015902,0.626418390534633,0.34161790558691424,0.14378948652793108,0.24093668786584824,0.42683715113598064,0.5914288869328829,0.7238306058733875,0.8223690634878614,0.8878784601195175,0.9227419047874476,0.9307039484205394,0.9168598215191656,0.8876774191583,0.8509311328403525,0.8153254192496444,0.7894675067125272,2,Mammalian
26.12,21.11365228354358,9.560999797736066,1.0111400171836584,5.009903329007289,2.7010847583797455,1.2396957577993422,2.468576729592875,0.9715440028718566,1.780252837397157,1.4431925765610718,1.778541353986901,3.4817354707930828,2.908264843712059,1.5211889720704577,1.869275168185537,0.6826419266350402,1.7649578870620333,3.1230476485307257,2.1834095294870957,0.8413099517564451,1.76846143218485,1.3325838926930293,1.062483455189419,1.3651748058339386,0.9104141052558535,1.7274615177403456,2.07870459676095,1.2053979884247825,0.67033608766069,0.9836090954558548,0.6972460431289652,1,Yeast
26.12,21.11365228354358,9.560999797736066,1.0111400171836584,5.009903329007289,2.7010847583797455,1.2396957577993422,2.468576729592875,0.9715440028718566,1.780252837397157,1.4431925765610718,1.778541353986901,3.4817354707930828,2.908264843712059,1.5211889720704577,1.869275168185537,0.6826419266350402,1.7649578870620333,3.1230476485307257,2.1834095294870957,0.8413099517564451,1.76846143218485,1.3325838926930293,1.062483455189419,1.3651748058339386,0.9104141052558535,1.7274615177403456,2.07870459676095,1.2053979884247825,0.67033608766069,0.9836090954558548,0.6972460431289652,0,E_coli
26.12,21.11365228354358,9.560999797736066,1.0111400171836584,5.009903329007289,2.7010847583797455,1.2396957577993422,2.468576729592875,0.9715440028718566,1.780252837397157,1.4431925765610718,1.778541353986901,3.4817354707930828,2.908264843712059,1.5211889720704577,1.869275168185537,0.6826419266350402,1.7649578870620333,3.1230476485307257,2.1834095294870957,0.8413099517564451,1.76846143218485,1.3325838926930293,1.062483455189419,1.3651748058339386,0.9104141052558535,1.7274615177403456,2.07870459676095,1.2053979884247825,0.67033608766069,0.9836090954558548,0.6972460431289652,2,Mammalian
22.11,18.574332189650033,9.929808658936425,1.161529643526749,4.855690513092076,5.110001438113822,2.5513792645129403,2.8660569445649866,3.43759413795157,2.238404488858623,2.2252547956129693,2.618593419128183,1.4605304473148426,1.206005645241893,2.0837369803893098,1.442841108880273,0.9154780172128653,1.757284908314395,1.302481075286203,0.8891183326566157,2.0728602532411196,1.9668586655701228,0.5832626344204517,1.2937744301229508,1.6469203206958765,0.6135583207523746,1.7213354762845723,2.7568175536621267,2.3303156061072676,1.6147268801718486,2.000399225799319,1.6496371046182312,0,E_coli
22.11,18.574332189650033,9.929808658936425,1.161529643526749,4.855690513092076,5.110001438113822,2.5513792645129403,2.8660569445649866,3.43759413795157,2.238404488858623,2.2252547956129693,2.618593419128183,1.4605304473148426,1.206005645241893,2.0837369803893098,1.442841108880273,0.9154780172128653,1.757284908314395,1.302481075286203,0.8891183326566157,2.0728602532411196,1.9668586655701228,0.5832626344204517,1.2937744301229508,1.6469203206958765,0.6135583207523746,1.7213354762845723,2.7568175536621267,2.3303156061072676,1.6147268801718486,2.000399225799319,1.6496371046182312,1,Yeast
22.11,18.574332189650033,9.929808658936425,1.161529643526749,4.855690513092076,5.110001438113822,2.5513792645129403,2.8660569445649866,3.43759413795157,2.238404488858623,2.2252547956129693,2.618593419128183,1.4605304473148426,1.206005645241893,2.0837369803893098,1.442841108880273,0.9154780172128653,1.757284908314395,1.302481075286203,0.8891183326566157,2.0728602532411196,1.9668586655701228,0.5832626344204517,1.2937744301229508,1.6469203206958765,0.6135583207523746,1.7213354762845723,2.7568175536621267,2.3303156061072676,1.6147268801718486,2.000399225799319,1.6496371046182312,2,Mammalian
22.9,19.001205489785235,9.582972081636509,0.7979751733980152,5.534313651519858,5.239592791358585,2.4670887982201264,3.0996765094630483,3.272375121068742,1.8465770021657346,1.970246019429759,1.9373456044850497,1.036797635555193,1.972921967037313,2.15075756746939,0.9388319660284076,0.961769203083567,1.2878364917141953,0.6652500446864823,1.6791095394497537,2.210506305921129,1.3381057112792225,0.21210174642540824,1.187858249590103,0.9307851884351953,0.1920149090567649,1.3016683817407801,1.9835296377219453,2.3753073361127464,2.3918638973297157,1.797388690392434,0.8626581405817174,0,E_coli
22.9,19.001205489785235,9.582972081636509,0.7979751733980152,5.534313651519858,5.239592791358585,2.4670887982201264,3.0996765094630483,3.272375121068742,1.8465770021657346,1.970246019429759,1.9373456044850497,1.036797635555193,1.972921967037313,2.15075756746939,0.9388319660284076,0.961769203083567,1.2878364917141953,0.6652500446864823,1.6791095394497537,2.210506305921129,1.3381057112792225,0.21210174642540824,1.187858249590103,0.9307851884351953,0.1920149090567649,1.3016683817407801,1.9835296377219453,2.3753073361127464,2.3918638973297157,1.797388690392434,0.8626581405817174,2,Mammalian
22.9,19.001205489785235,9.582972081636509,0.7979751733980152,5.534313651519858,5.239592791358585,2.4670887982201264,3.0996765094630483,3.272375121068742,1.8465770021657346,1.970246019429759,1.9373456044850497,1.036797635555193,1.972921967037313,2.15075756746939,0.9388319660284076,0.961769203083567,1.2878364917141953,0.6652500446864823,1.6791095394497537,2.210506305921129,1.3381057112792225,0.21210174642540824,1.187858249590103,0.9307851884351953,0.1920149090567649,1.3016683817407801,1.9835296377219453,2.3753073361127464,2.3918638973297157,1.797388690392434,0.8626581405817174,1,Yeast
20.240000000000002,17.881703132064445,11.833291123270193,4.686870073353811,1.5549136191668465,3.5394414304805597,2.5916095406073927,0.0045583640538711745,2.2440223561338697,2.806132641739798,1.6387088493297595,0.5119398335534253,1.705431860722213,1.691294807850116,0.665165441174098,1.1695355994185959,1.9096596555407452,1.6622486828763012,0.9820910014333326,1.087076811180123,1.0947429096348216,0.28399048031610835,0.9859607507794644,2.0090851498611126,2.2618496115284494,1.702391258964839,0.7243894413215564,0.3976856665745667,1.0602281675032572,1.5527064003098758,1.875848614385377,2.0160490294517563,1,Yeast
20.240000000000002,17.881703132064445,11.833291123270193,4.686870073353811,1.5549136191668465,3.5394414304805597,2.5916095406073927,0.0045583640538711745,2.2440223561338697,2.806132641739798,1.6387088493297595,0.5119398335534253,1.705431860722213,1.691294807850116,0.665165441174098,1.1695355994185959,1.9096596555407452,1.6622486828763012,0.9820910014333326,1.087076811180123,1.0947429096348216,0.28399048031610835,0.9859607507794644,2.0090851498611126,2.2618496115284494,1.702391258964839,0.7243894413215564,0.3976856665745667,1.0602281675032572,1.5527064003098758,1.875848614385377,2.0160490294517563,0,Mammalian
12.83,12.152932563176925,10.253558453434485,7.499134227009972,4.422167188525291,1.7276294911032781,1.4699033304896545,2.6038195461717204,2.9707573691333042,2.5628029657161457,1.6717472140670597,0.6958515542362175,0.42219563066933163,0.7565162901076818,0.7629308920550905,0.6061448354786708,0.7749193506423748,1.138932115039835,1.306776573649043,1.1281262756828854,0.6194223061337841,0.09024772881870576,0.7849537818308556,1.2814994633723478,1.442082055134231,1.2370307988041647,0.7533860105434582,0.27255927110835154,0.5814672930079076,0.9374677840309984,1.0475270943004729,0.96557692802008,2,Yeast
12.83,12.152932563176925,10.253558453434485,7.499134227009972,4.422167188525291,1.7276294911032781,1.4699033304896545,2.6038195461717204,2.9707573691333042,2.5628029657161457,1.6717472140670597,0.6958515542362175,0.42219563066933163,0.7565162901076818,0.7629308920550905,0.6061448354786708,0.7749193506423748,1.138932115039835,1.306776573649043,1.1281262756828854,0.6194223061337841,0.09024772881870576,0.7849537818308556,1.2814994633723478,1.442082055134231,1.2370307988041647,0.7533860105434582,0.27255927110835154,0.5814672930079076,0.9374677840309984,1.0475270943004729,0.96557692802008,0,Mammalian
19.200000000000003,16.838490333169926,10.81889294837285,3.7792956839176624,1.5547664562468586,3.38744226988578,2.2001338070114453,1.3530456916401152,3.0145031662508126,3.068115875256255,1.682455843811119,1.8501992168821568,2.8494732817176085,2.379943765184064,0.9187021273173758,1.722894767999464,2.6436716891475007,2.270804818267316,1.1096628421641777,0.7335686403828183,0.8977793151054363,0.2841177626500437,0.8553679994233901,1.6216274318909758,1.6700810341608665,1.181200744895723,0.8094663073982684,0.80837188045917,1.0093540432751456,1.449883998087043,1.6081211388609538,1.0912648514903842,2,Yeast
19.200000000000003,16.838490333169926,10.81889294837285,3.7792956839176624,1.5547664562468586,3.38744226988578,2.2001338070114453,1.3530456916401152,3.0145031662508126,3.068115875256255,1.682455843811119,1.8501992168821568,2.8494732817176085,2.379943765184064,0.9187021273173758,1.722894767999464,2.6436716891475007,2.270804818267316,1.1096628421641777,0.7335686403828183,0.8977793151054363,0.2841177626500437,0.8553679994233901,1.6216274318909758,1.6700810341608665,1.181200744895723,0.8094663073982684,0.80837188045917,1.0093540432751456,1.449883998087043,1.6081211388609538,1.0912648514903842,0,Mammalian
8.330000000000002,8.17283288858787,7.711403741738426,6.975170084884608,6.010759120404337,4.878474715459828,3.6478095525218412,2.392327077388176,1.1843550127851508,0.09278808355561526,0.8379888481826048,1.5563079956664565,2.0431822770238055,2.2932375897991277,2.3187960472916456,2.1481812163379495,1.823211452355431,1.396832532219113,0.9346252762978159,0.541350721275958,0.45473241752424676,0.6720960051243784,0.8917511642136415,1.0159128527173715,1.0262081678152273,0.9302832240087433,0.751575139234973,0.527687133368242,0.32279933052046883,0.26986322953379144,0.3803782931924749,0.48911618157710746,2,Yeast
8.330000000000002,8.17283288858787,7.711403741738426,6.975170084884608,6.010759120404337,4.878474715459828,3.6478095525218412,2.392327077388176,1.1843550127851508,0.09278808355561526,0.8379888481826048,1.5563079956664565,2.0431822770238055,2.2932375897991277,2.3187960472916456,2.1481812163379495,1.823211452355431,1.396832532219113,0.9346252762978159,0.541350721275958,0.45473241752424676,0.6720960051243784,0.8917511642136415,1.0159128527173715,1.0262081678152273,0.9302832240087433,0.751575139234973,0.527687133368242,0.32279933052046883,0.26986322953379144,0.3803782931924749,0.48911618157710746,0,Mammalian
12.23,11.663749337717228,10.060023390801955,7.68575453087699,4.930499819880219,2.2506456877503864,0.6483384425480666,1.825250543909395,2.511510689272378,2.406319211724226,1.6726210877264844,0.6127257206825228,0.6730461035868908,1.5819553863175915,2.12313677319911,2.2106981908378374,1.9000263156072341,1.3431779386010076,0.7450396583904799,0.3280270698228787,0.21356260788630976,0.13883565238172868,0.4049869768103839,0.9057112092980532,1.395891850277301,1.7143477665871643,1.7548116376574103,1.4953542320004498,1.0272154015202617,0.6615690112356398,0.8684199168580481,1.2386871511842854,0,Mammalian
12.23,11.663749337717228,10.060023390801955,7.68575453087699,4.930499819880219,2.2506456877503864,0.6483384425480666,1.825250543909395,2.511510689272378,2.406319211724226,1.6726210877264844,0.6127257206825228,0.6730461035868908,1.5819553863175915,2.12313677319911,2.2106981908378374,1.9000263156072341,1.3431779386010076,0.7450396583904799,0.3280270698228787,0.21356260788630976,0.13883565238172868,0.4049869768103839,0.9057112092980532,1.395891850277301,1.7143477665871643,1.7548116376574103,1.4953542320004498,1.0272154015202617,0.6615690112356398,0.8684199168580481,1.2386871511842854,2,Yeast
13.77,13.017638001433525,10.911465460804372,7.870082101138438,4.489981077819424,1.4906954448187109,1.3291833350122468,2.4827023308365423,2.6141800431113107,1.8498140929584606,0.6103351660217098,0.9040299770900181,1.9131653800796866,2.3529708655053096,2.1383151580851365,1.3920505134185128,0.3764306044943744,0.6057154990622546,1.2746856391958636,1.482926998884582,1.2246728687337387,0.6313821253841715,0.09616717850146014,0.6878410009545,1.0079001449541238,0.9870075863447499,0.7123192196285874,0.5152827313027439,0.745952085509213,1.0185425832522363,1.101100428559613,1.0197569637743293,2,Yeast
13.77,13.017638001433525,10.911465460804372,7.870082101138438,4.489981077819424,1.4906954448187109,1.3291833350122468,2.4827023308365423,2.6141800431113107,1.8498140929584606,0.6103351660217098,0.9040299770900181,1.9131653800796866,2.3529708655053096,2.1383151580851365,1.3920505134185128,0.3764306044943744,0.6057154990622546,1.2746856391958636,1.482926998884582,1.2246728687337387,0.6313821253841715,0.09616717850146014,0.6878410009545,1.0079001449541238,0.9870075863447499,0.7123192196285874,0.5152827313027439,0.745952085509213,1.0185425832522363,1.101100428559613,1.0197569637743293,0,Mammalian
16.05,14.666908721600032,10.946918534340751,6.039783972837126,1.6863548178810404,2.5215247487898034,3.661201455711633,2.94474063487114,1.0534406350834513,1.215661314760597,2.629746738656124,2.913939234606885,2.1391151282584273,0.9135659236539844,0.8668112576198441,1.4129688460636485,1.2889142717807107,0.6754714102975887,0.6036705117379173,1.078508316091965,1.1532345823678363,0.8734170600887593,0.7631621706873433,0.9864669287966006,0.9994312524405947,0.6214183690717041,0.012242947569950827,0.5978003603399229,0.9211101423262144,0.9049060278089772,0.6999031090926958,0.5846867027880877,0,Mammalian
16.05,14.666908721600032,10.946918534340751,6.039783972837126,1.6863548178810404,2.5215247487898034,3.661201455711633,2.94474063487114,1.0534406350834513,1.215661314760597,2.629746738656124,2.913939234606885,2.1391151282584273,0.9135659236539844,0.8668112576198441,1.4129688460636485,1.2889142717807107,0.6754714102975887,0.6036705117379173,1.078508316091965,1.1532345823678363,0.8734170600887593,0.7631621706873433,0.9864669287966006,0.9994312524405947,0.6214183690717041,0.012242947569950827,0.5978003603399229,0.9211101423262144,0.9049060278089772,0.6999031090926958,0.5846867027880877,2,Yeast
13.010000000000002,12.163977488806559,9.829038077173342,6.557304960102203,3.095538464593945,0.18895872516191767,1.6625016498846623,2.2285416915501877,1.6900430116912881,0.6118650502779477,1.1197763394450273,2.0710112437990102,2.3872211518661612,1.9990935621015966,1.1109551137865241,0.16513150743586694,0.8438601779915915,1.361752854516734,1.617960095911808,1.8844483582936464,2.2533101879009534,2.494703098698985,2.3661174090237527,1.8269314022046177,1.1292274432697071,0.9609320237656777,1.3378285652330697,1.4818803250116441,1.2400846678368107,1.0248116267817875,1.4416264048553724,2.026487866120748,2,Yeast
13.010000000000002,12.163977488806559,9.829038077173342,6.557304960102203,3.095538464593945,0.18895872516191767,1.6625016498846623,2.2285416915501877,1.6900430116912881,0.6118650502779477,1.1197763394450273,2.0710112437990102,2.3872211518661612,1.9990935621015966,1.1109551137865241,0.16513150743586694,0.8438601779915915,1.361752854516734,1.617960095911808,1.8844483582936464,2.2533101879009534,2.494703098698985,2.3661174090237527,1.8269314022046177,1.1292274432697071,0.9609320237656777,1.3378285652330697,1.4818803250116441,1.2400846678368107,1.0248116267817875,1.4416264048553724,2.026487866120748,0,Mammalian
40.81,23.185835623452636,4.437913004764121,6.659506090700816,3.8469175821619483,1.7096395057707148,4.644799098356909,1.2918712790366251,2.8924634833407334,2.2050576058728635,4.814796636605925,0.8266628692883521,0.9967073832615095,1.9575481622206354,1.5365665592013862,2.0120455776075046,1.7321951391226125,0.8144993089202954,1.1187761538527212,2.01105366807481,0.5802556934211628,0.34329956583781474,1.587205218200923,1.350258020943496,1.0287152169285712,1.1256852840208553,1.7835261794688406,2.2687647017478847,2.2585621174671258,1.8310485924580302,0.6994425890351308,1.0169743343685782,0,Mammalian
40.81,23.185835623452636,4.437913004764121,6.659506090700816,3.8469175821619483,1.7096395057707148,4.644799098356909,1.2918712790366251,2.8924634833407334,2.2050576058728635,4.814796636605925,0.8266628692883521,0.9967073832615095,1.9575481622206354,1.5365665592013862,2.0120455776075046,1.7321951391226125,0.8144993089202954,1.1187761538527212,2.01105366807481,0.5802556934211628,0.34329956583781474,1.587205218200923,1.350258020943496,1.0287152169285712,1.1256852840208553,1.7835261794688406,2.2687647017478847,2.2585621174671258,1.8310485924580302,0.6994425890351308,1.0169743343685782,0,Yeast
40.81,23.185835623452636,4.437913004764121,6.659506090700816,3.8469175821619483,1.7096395057707148,4.644799098356909,1.2918712790366251,2.8924634833407334,2.2050576058728635,4.814796636605925,0.8266628692883521,0.9967073832615095,1.9575481622206354,1.5365665592013862,2.0120455776075046,1.7321951391226125,0.8144993089202954,1.1187761538527212,2.01105366807481,0.5802556934211628,0.34329956583781474,1.587205218200923,1.350258020943496,1.0287152169285712,1.1256852840208553,1.7835261794688406,2.2687647017478847,2.2585621174671258,1.8310485924580302,0.6994425890351308,1.0169743343685782,0,E_coli
16.8,15.144364581754523,10.752589918737064,5.115484408011089,0.3487773092155207,3.1585214123867504,3.8351211462546755,2.514942141025061,0.3087453095866437,1.5959309917394955,2.4478684500527863,2.245832345930933,1.6933615107799855,1.5649422572724996,1.4747528904346034,0.9325081278643339,0.3577708763999659,0.7394980352212338,0.8090082925958836,0.4813784473071541,0.7835486182721741,1.2270617210233687,1.1517406644429025,0.8269976261400227,1.2582036138114723,1.7946991490830808,1.6719984629872011,0.8852715213377104,0.9209412278691149,1.8903327547376603,2.243327876295261,1.8243020986710867,0,Yeast
16.8,15.144364581754523,10.752589918737064,5.115484408011089,0.3487773092155207,3.1585214123867504,3.8351211462546755,2.514942141025061,0.3087453095866437,1.5959309917394955,2.4478684500527863,2.245832345930933,1.6933615107799855,1.5649422572724996,1.4747528904346034,0.9325081278643339,0.3577708763999659,0.7394980352212338,0.8090082925958836,0.4813784473071541,0.7835486182721741,1.2270617210233687,1.1517406644429025,0.8269976261400227,1.2582036138114723,1.7946991490830808,1.6719984629872011,0.8852715213377104,0.9209412278691149,1.8903327547376603,2.243327876295261,1.8243020986710867,0,E_coli
16.8,15.144364581754523,10.752589918737064,5.115484408011089,0.3487773092155207,3.1585214123867504,3.8351211462546755,2.514942141025061,0.3087453095866437,1.5959309917394955,2.4478684500527863,2.245832345930933,1.6933615107799855,1.5649422572724996,1.4747528904346034,0.9325081278643339,0.3577708763999659,0.7394980352212338,0.8090082925958836,0.4813784473071541,0.7835486182721741,1.2270617210233687,1.1517406644429025,0.8269976261400227,1.2582036138114723,1.7946991490830808,1.6719984629872011,0.8852715213377104,0.9209412278691149,1.8903327547376603,2.243327876295261,1.8243020986710867,0,Mammalian
16.05,14.41311651973997,10.076027835806729,4.5228832346089165,0.4557586587489145,3.461956459983893,3.9918083582377517,2.5206658214549784,0.3054812170994257,1.9023732602559553,2.833846377510324,2.622688080644563,1.8339393707215952,1.220189569439277,0.8380969162797473,0.2372953727213083,0.671192967781993,1.2410914800463293,1.203635724841918,0.5549050639198778,0.33999538096869253,0.9594995271044411,0.9680048252388308,0.577675570223307,0.9701964883462805,1.4907595939782494,1.3352964031811483,0.44428867602930994,0.8773560112135925,1.8939666901549466,2.1368314314880523,1.4738282581037048,0,Yeast
16.05,14.41311651973997,10.076027835806729,4.5228832346089165,0.4557586587489145,3.461956459983893,3.9918083582377517,2.5206658214549784,0.3054812170994257,1.9023732602559553,2.833846377510324,2.622688080644563,1.8339393707215952,1.220189569439277,0.8380969162797473,0.2372953727213083,0.671192967781993,1.2410914800463293,1.203635724841918,0.5549050639198778,0.33999538096869253,0.9594995271044411,0.9680048252388308,0.577675570223307,0.9701964883462805,1.4907595939782494,1.3352964031811483,0.44428867602930994,0.8773560112135925,1.8939666901549466,2.1368314314880523,1.4738282581037048,0,E_coli
16.05,14.41311651973997,10.076027835806729,4.5228832346089165,0.4557586587489145,3.461956459983893,3.9918083582377517,2.5206658214549784,0.3054812170994257,1.9023732602559553,2.833846377510324,2.622688080644563,1.8339393707215952,1.220189569439277,0.8380969162797473,0.2372953727213083,0.671192967781993,1.2410914800463293,1.203635724841918,0.5549050639198778,0.33999538096869253,0.9594995271044411,0.9680048252388308,0.577675570223307,0.9701964883462805,1.4907595939782494,1.3352964031811483,0.44428867602930994,0.8773560112135925,1.8939666901549466,2.1368314314880523,1.4738282581037048,0,Mammalian
7.02,6.8387838811374,6.311694371321479,5.486655231467297,4.4378925592129566,3.2581275977475905,2.0488972554511014,0.9101101616349618,0.0733484867613371,0.8254675407267347,1.3133290199097736,1.5239479111508636,1.4767708867337836,1.2187018776282157,0.8209643561488303,0.39609246877937887,0.32984845004941266,0.6477769582466822,0.894256136023628,0.9834895421706698,0.9016331728940817,0.6765526241944758,0.42395861491760845,0.5037174810829798,0.888493106045186,1.2860700593224852,1.5874501519901476,1.7369712978743965,1.7067263994310105,1.4948989942031121,1.1267145521370414,0.6635707424964001,0,E_coli
7.02,6.8387838811374,6.311694371321479,5.486655231467297,4.4378925592129566,3.2581275977475905,2.0488972554511014,0.9101101616349618,0.0733484867613371,0.8254675407267347,1.3133290199097736,1.5239479111508636,1.4767708867337836,1.2187018776282157,0.8209643561488303,0.39609246877937887,0.32984845004941266,0.6477769582466822,0.894256136023628,0.9834895421706698,0.9016331728940817,0.6765526241944758,0.42395861491760845,0.5037174810829798,0.888493106045186,1.2860700593224852,1.5874501519901476,1.7369712978743965,1.7067263994310105,1.4948989942031121,1.1267145521370414,0.6635707424964001,0,Yeast
7.02,6.8387838811374,6.311694371321479,5.486655231467297,4.4378925592129566,3.2581275977475905,2.0488972554511014,0.9101101616349618,0.0733484867613371,0.8254675407267347,1.3133290199097736,1.5239479111508636,1.4767708867337836,1.2187018776282157,0.8209643561488303,0.39609246877937887,0.32984845004941266,0.6477769582466822,0.894256136023628,0.9834895421706698,0.9016331728940817,0.6765526241944758,0.42395861491760845,0.5037174810829798,0.888493106045186,1.2860700593224852,1.5874501519901476,1.7369712978743965,1.7067263994310105,1.4948989942031121,1.1267145521370414,0.6635707424964001,0,Mammalian
11.61,10.872308970472618,8.833187076841956,5.968581636913106,2.9411009020055396,0.7230734954369776,1.603617909058305,2.132875165225218,1.6999728927004567,0.6355893043651542,0.5909247544233549,1.5114973830454548,1.8361370951385891,1.4967287990638214,0.68099230397634,0.5903130347840927,1.4641379716406513,1.9847769885870428,2.0014328072038694,1.6228400655560604,1.2363779232689436,1.3437568176434935,1.7227882481098733,1.9364847302945347,1.8796521391160765,1.6524822957949992,1.4260575724079831,1.2845830095914497,1.1568473032044468,0.9511631309912224,0.6606816588909007,0.33571840500162947,0,Mammalian
11.61,10.872308970472618,8.833187076841956,5.968581636913106,2.9411009020055396,0.7230734954369776,1.603617909058305,2.132875165225218,1.6999728927004567,0.6355893043651542,0.5909247544233549,1.5114973830454548,1.8361370951385891,1.4967287990638214,0.68099230397634,0.5903130347840927,1.4641379716406513,1.9847769885870428,2.0014328072038694,1.6228400655560604,1.2363779232689436,1.3437568176434935,1.7227882481098733,1.9364847302945347,1.8796521391160765,1.6524822957949992,1.4260575724079831,1.2845830095914497,1.1568473032044468,0.9511631309912224,0.6606816588909007,0.33571840500162947,0,Yeast
11.61,10.872308970472618,8.833187076841956,5.968581636913106,2.9411009020055396,0.7230734954369776,1.603617909058305,2.132875165225218,1.6999728927004567,0.6355893043651542,0.5909247544233549,1.5114973830454548,1.8361370951385891,1.4967287990638214,0.68099230397634,0.5903130347840927,1.4641379716406513,1.9847769885870428,2.0014328072038694,1.6228400655560604,1.2363779232689436,1.3437568176434935,1.7227882481098733,1.9364847302945347,1.8796521391160765,1.6524822957949992,1.4260575724079831,1.2845830095914497,1.1568473032044468,0.9511631309912224,0.6606816588909007,0.33571840500162947,0,E_coli
9.510000000000002,9.024857564541856,7.65439612885838,5.63620808043796,3.3124039455524836,1.0620510552100515,0.7861111077255809,1.977667628788615,2.4311421218076124,2.205502114526173,1.4946613094278736,0.608256518215979,0.5097349261188655,1.0327502690935542,1.178897896901596,0.8817385695083579,0.2640075756488816,0.644011270379292,1.4228864840003885,1.9679048917828061,2.1390903768387344,1.8984658854670395,1.310343107116549,0.5258147088601717,0.3306780663618042,0.962614627758348,1.3186721025245756,1.3389730589927662,1.0729598157894153,0.6782799125156334,0.487376065182974,0.6475628986315799,0,E_coli
9.510000000000002,9.024857564541856,7.65439612885838,5.63620808043796,3.3124039455524836,1.0620510552100515,0.7861111077255809,1.977667628788615,2.4311421218076124,2.205502114526173,1.4946613094278736,0.608256518215979,0.5097349261188655,1.0327502690935542,1.178897896901596,0.8817385695083579,0.2640075756488816,0.644011270379292,1.4228864840003885,1.9679048917828061,2.1390903768387344,1.8984658854670395,1.310343107116549,0.5258147088601717,0.3306780663618042,0.962614627758348,1.3186721025245756,1.3389730589927662,1.0729598157894153,0.6782799125156334,0.487376065182974,0.6475628986315799,0,Yeast
9.510000000000002,9.024857564541856,7.65439612885838,5.63620808043796,3.3124039455524836,1.0620510552100515,0.7861111077255809,1.977667628788615,2.4311421218076124,2.205502114526173,1.4946613094278736,0.608256518215979,0.5097349261188655,1.0327502690935542,1.178897896901596,0.8817385695083579,0.2640075756488816,0.644011270379292,1.4228864840003885,1.9679048917828061,2.1390903768387344,1.8984658854670395,1.310343107116549,0.5258147088601717,0.3306780663618042,0.962614627758348,1.3186721025245756,1.3389730589927662,1.0729598157894153,0.6782799125156334,0.487376065182974,0.6475628986315799,0,Mammalian
29.35,19.78540051684282,1.3529087544952783,8.226329604420556,4.468449291623961,1.9643468876112427,1.0327401262921316,3.5443509163480256,3.597249964671989,0.8477857106158192,2.6607507390055924,0.2713479208500688,2.7190946528301563,1.5688553771185623,1.5163523910439405,1.3342395638743247,0.5478138369920931,1.1025847109224898,2.382967623348447,2.0444896180709584,1.2058750158006168,3.752571233521745,3.058833807421617,1.1400191588443604,1.063199271852356,2.018836265188455,2.6781504901219852,2.7330921017689946,2.277751225091019,2.0008728538625578,1.3418933122717547,1.058878148327807,0,Mammalian
29.35,19.78540051684282,1.3529087544952783,8.226329604420556,4.468449291623961,1.9643468876112427,1.0327401262921316,3.5443509163480256,3.597249964671989,0.8477857106158192,2.6607507390055924,0.2713479208500688,2.7190946528301563,1.5688553771185623,1.5163523910439405,1.3342395638743247,0.5478138369920931,1.1025847109224898,2.382967623348447,2.0444896180709584,1.2058750158006168,3.752571233521745,3.058833807421617,1.1400191588443604,1.063199271852356,2.018836265188455,2.6781504901219852,2.7330921017689946,2.277751225091019,2.0008728538625578,1.3418933122717547,1.058878148327807,0,Yeast
29.35,19.78540051684282,1.3529087544952783,8.226329604420556,4.468449291623961,1.9643468876112427,1.0327401262921316,3.5443509163480256,3.597249964671989,0.8477857106158192,2.6607507390055924,0.2713479208500688,2.7190946528301563,1.5688553771185623,1.5163523910439405,1.3342395638743247,0.5478138369920931,1.1025847109224898,2.382967623348447,2.0444896180709584,1.2058750158006168,3.752571233521745,3.058833807421617,1.1400191588443604,1.063199271852356,2.018836265188455,2.6781504901219852,2.7330921017689946,2.277751225091019,2.0008728538625578,1.3418933122717547,1.058878148327807,0,E_coli
6.86,6.676300687234282,6.142488177755402,5.308584667071251,4.252059302944579,3.069714589649198,1.8678845164682516,0.7545948188670253,0.24554320329389323,0.9175917923642087,1.3330070556587548,1.4573865615599935,1.3125458169833906,0.953336215498959,0.48433616629581233,0.37738490928149465,0.8603487664894979,1.3292813347977601,1.6563853176489187,1.7941245476360659,1.7281423424141424,1.473514542232757,1.0735389583112875,0.608950134582521,0.34308677519859887,0.6396939952857643,0.9999275072324124,1.233843069811043,1.295661686906437,1.1774799028055076,0.8996687454836608,0.5120392414181602,0,E_coli
6.86,6.676300687234282,6.142488177755402,5.308584667071251,4.252059302944579,3.069714589649198,1.8678845164682516,0.7545948188670253,0.24554320329389323,0.9175917923642087,1.3330070556587548,1.4573865615599935,1.3125458169833906,0.953336215498959,0.48433616629581233,0.37738490928149465,0.8603487664894979,1.3292813347977601,1.6563853176489187,1.7941245476360659,1.7281423424141424,1.473514542232757,1.0735389583112875,0.608950134582521,0.34308677519859887,0.6396939952857643,0.9999275072324124,1.233843069811043,1.295661686906437,1.1774799028055076,0.8996687454836608,0.5120392414181602,0,Yeast
6.86,6.676300687234282,6.142488177755402,5.308584667071251,4.252059302944579,3.069714589649198,1.8678845164682516,0.7545948188670253,0.24554320329389323,0.9175917923642087,1.3330070556587548,1.4573865615599935,1.3125458169833906,0.953336215498959,0.48433616629581233,0.37738490928149465,0.8603487664894979,1.3292813347977601,1.6563853176489187,1.7941245476360659,1.7281423424141424,1.473514542232757,1.0735389583112875,0.608950134582521,0.34308677519859887,0.6396939952857643,0.9999275072324124,1.233843069811043,1.295661686906437,1.1774799028055076,0.8996687454836608,0.5120392414181602,0,Mammalian
6.83,6.646343722755304,6.112661699215992,5.2789813067651785,4.222785263854266,3.040914549359119,1.8398463843029336,0.7286852167605153,0.2749938475727097,0.9464445628394995,1.3610019560146334,1.4848504039510348,1.3398242455599514,0.981174329474895,0.5142461676352892,0.38401529004028245,0.8507055894961549,1.3172900417255466,1.6445694900432217,1.7834666374651107,1.7193559918171706,1.4675002692486037,1.0721003383736276,0.6176692563056752,0.37279804693313173,0.6605044608720347,1.0135863577486302,1.2431679074425517,1.3015262501338032,1.179972264968484,0.8981044149574445,0.5032627676535593,0,E_coli
6.83,6.646343722755304,6.112661699215992,5.2789813067651785,4.222785263854266,3.040914549359119,1.8398463843029336,0.7286852167605153,0.2749938475727097,0.9464445628394995,1.3610019560146334,1.4848504039510348,1.3398242455599514,0.981174329474895,0.5142461676352892,0.38401529004028245,0.8507055894961549,1.3172900417255466,1.6445694900432217,1.7834666374651107,1.7193559918171706,1.4675002692486037,1.0721003383736276,0.6176692563056752,0.37279804693313173,0.6605044608720347,1.0135863577486302,1.2431679074425517,1.3015262501338032,1.179972264968484,0.8981044149574445,0.5032627676535593,0,Yeast
6.83,6.646343722755304,6.112661699215992,5.2789813067651785,4.222785263854266,3.040914549359119,1.8398463843029336,0.7286852167605153,0.2749938475727097,0.9464445628394995,1.3610019560146334,1.4848504039510348,1.3398242455599514,0.981174329474895,0.5142461676352892,0.38401529004028245,0.8507055894961549,1.3172900417255466,1.6445694900432217,1.7834666374651107,1.7193559918171706,1.4675002692486037,1.0721003383736276,0.6176692563056752,0.37279804693313173,0.6605044608720347,1.0135863577486302,1.2431679074425517,1.3015262501338032,1.179972264968484,0.8981044149574445,0.5032627676535593,0,Mammalian
11.940000000000001,11.291073384583067,9.474719347907552,6.851122148885456,3.925433734917046,1.2390822592316895,0.8634168202073461,1.9752121042507593,2.180018509075093,1.6785608196338473,0.9561885675554395,1.0101433654559209,1.5773746236220505,1.847664417274684,1.6924189191818237,1.228999469872217,0.6981403870282825,0.4283228754680234,0.5480622017931699,0.8602393195310717,1.3840328012648255,1.9968373751468709,2.4607559127266048,2.5637398486856173,2.1990723726357913,1.4066999326183305,0.44823312436897905,0.888636201180056,1.702031872366511,2.0936060195484263,1.9839913118272796,1.5211446455521362,0,Mammalian
11.940000000000001,11.291073384583067,9.474719347907552,6.851122148885456,3.925433734917046,1.2390822592316895,0.8634168202073461,1.9752121042507593,2.180018509075093,1.6785608196338473,0.9561885675554395,1.0101433654559209,1.5773746236220505,1.847664417274684,1.6924189191818237,1.228999469872217,0.6981403870282825,0.4283228754680234,0.5480622017931699,0.8602393195310717,1.3840328012648255,1.9968373751468709,2.4607559127266048,2.5637398486856173,2.1990723726357913,1.4066999326183305,0.44823312436897905,0.888636201180056,1.702031872366511,2.0936060195484263,1.9839913118272796,1.5211446455521362,0,E_coli
11.940000000000001,11.291073384583067,9.474719347907552,6.851122148885456,3.925433734917046,1.2390822592316895,0.8634168202073461,1.9752121042507593,2.180018509075093,1.6785608196338473,0.9561885675554395,1.0101433654559209,1.5773746236220505,1.847664417274684,1.6924189191818237,1.228999469872217,0.6981403870282825,0.4283228754680234,0.5480622017931699,0.8602393195310717,1.3840328012648255,1.9968373751468709,2.4607559127266048,2.5637398486856173,2.1990723726357913,1.4066999326183305,0.44823312436897905,0.888636201180056,1.702031872366511,2.0936060195484263,1.9839913118272796,1.5211446455521362,0,Yeast
12.05,11.08389965536679,8.455421187346094,4.886205902363902,1.3212792800822661,1.4157536031368003,2.7476991732966134,2.6573815154131633,1.5418542041557395,0.34389126590255703,1.285306968279049,1.756558397894147,1.4002814778375106,0.4537398135248549,0.6422505303199455,1.4021537455664188,1.5462535367784938,1.0629486552331602,0.25741003380757266,0.7312155641576293,1.2475121708067456,1.284060549518336,1.0576399528940028,1.1770022300604526,1.6140897165669794,1.819683332830201,1.5985235263336999,1.1290797451004804,0.9469668582054641,1.1651974118240684,1.2033961905940271,0.8840908738512157,0,Mammalian
12.05,11.08389965536679,8.455421187346094,4.886205902363902,1.3212792800822661,1.4157536031368003,2.7476991732966134,2.6573815154131633,1.5418542041557395,0.34389126590255703,1.285306968279049,1.756558397894147,1.4002814778375106,0.4537398135248549,0.6422505303199455,1.4021537455664188,1.5462535367784938,1.0629486552331602,0.25741003380757266,0.7312155641576293,1.2475121708067456,1.284060549518336,1.0576399528940028,1.1770022300604526,1.6140897165669794,1.819683332830201,1.5985235263336999,1.1290797451004804,0.9469668582054641,1.1651974118240684,1.2033961905940271,0.8840908738512157,0,Yeast
12.05,11.08389965536679,8.455421187346094,4.886205902363902,1.3212792800822661,1.4157536031368003,2.7476991732966134,2.6573815154131633,1.5418542041557395,0.34389126590255703,1.285306968279049,1.756558397894147,1.4002814778375106,0.4537398135248549,0.6422505303199455,1.4021537455664188,1.5462535367784938,1.0629486552331602,0.25741003380757266,0.7312155641576293,1.2475121708067456,1.284060549518336,1.0576399528940028,1.1770022300604526,1.6140897165669794,1.819683332830201,1.5985235263336999,1.1290797451004804,0.9469668582054641,1.1651974118240684,1.2033961905940271,0.8840908738512157,0,E_coli
19.47,16.750987568656978,9.92105848786017,2.2026382016493287,3.1482791783520696,4.482237087168282,2.6066189852930903,1.273442780997836,2.6230828410160827,2.129339356312939,0.5545201744623589,1.9599692097307435,2.5283213277977135,1.60993100656294,0.23065252622418417,1.194943168307251,1.4203168660548953,1.0294380050906806,0.880366402119948,1.3514778632007673,2.0100520934793513,2.2997727025760475,1.8945673269231642,1.456105125725001,1.8539785352498,1.8405943865871681,0.792130270689868,0.9059818927739512,1.9516198554168536,1.7819808292216417,0.9858711935432172,1.8415982143378042,0,Yeast
19.47,16.750987568656978,9.92105848786017,2.2026382016493287,3.1482791783520696,4.482237087168282,2.6066189852930903,1.273442780997836,2.6230828410160827,2.129339356312939,0.5545201744623589,1.9599692097307435,2.5283213277977135,1.60993100656294,0.23065252622418417,1.194943168307251,1.4203168660548953,1.0294380050906806,0.880366402119948,1.3514778632007673,2.0100520934793513,2.2997727025760475,1.8945673269231642,1.456105125725001,1.8539785352498,1.8405943865871681,0.792130270689868,0.9059818927739512,1.9516198554168536,1.7819808292216417,0.9858711935432172,1.8415982143378042,0,Mammalian
19.47,16.750987568656978,9.92105848786017,2.2026382016493287,3.1482791783520696,4.482237087168282,2.6066189852930903,1.273442780997836,2.6230828410160827,2.129339356312939,0.5545201744623589,1.9599692097307435,2.5283213277977135,1.60993100656294,0.23065252622418417,1.194943168307251,1.4203168660548953,1.0294380050906806,0.880366402119948,1.3514778632007673,2.0100520934793513,2.2997727025760475,1.8945673269231642,1.456105125725001,1.8539785352498,1.8405943865871681,0.792130270689868,0.9059818927739512,1.9516198554168536,1.7819808292216417,0.9858711935432172,1.8415982143378042,0,E_coli
21.880000000000003,19.160240038203856,12.181006733761638,3.8799581975613555,2.5474135652800944,5.11012110814923,3.906049090362391,0.7418381876001964,2.241775636722011,3.3086084680775527,2.4265804054744384,0.6804144851734458,0.6556952918709755,0.7191682986828243,0.7454338228992078,1.7664912228609504,2.0932271735289505,1.378537348624961,0.4278333181222282,1.1101683580135693,1.2384958851301155,0.6115648255051519,0.34905384309525606,0.5168090436998559,0.1387155167947038,1.2411471085291472,2.0926373121345483,2.082603483823734,1.1844305611393886,0.062449191801550286,0.8291444708646519,0.7507268694894526,0,Mammalian
21.880000000000003,19.160240038203856,12.181006733761638,3.8799581975613555,2.5474135652800944,5.11012110814923,3.906049090362391,0.7418381876001964,2.241775636722011,3.3086084680775527,2.4265804054744384,0.6804144851734458,0.6556952918709755,0.7191682986828243,0.7454338228992078,1.7664912228609504,2.0932271735289505,1.378537348624961,0.4278333181222282,1.1101683580135693,1.2384958851301155,0.6115648255051519,0.34905384309525606,0.5168090436998559,0.1387155167947038,1.2411471085291472,2.0926373121345483,2.082603483823734,1.1844305611393886,0.062449191801550286,0.8291444708646519,0.7507268694894526,0,E_coli
21.880000000000003,19.160240038203856,12.181006733761638,3.8799581975613555,2.5474135652800944,5.11012110814923,3.906049090362391,0.7418381876001964,2.241775636722011,3.3086084680775527,2.4265804054744384,0.6804144851734458,0.6556952918709755,0.7191682986828243,0.7454338228992078,1.7664912228609504,2.0932271735289505,1.378537348624961,0.4278333181222282,1.1101683580135693,1.2384958851301155,0.6115648255051519,0.34905384309525606,0.5168090436998559,0.1387155167947038,1.2411471085291472,2.0926373121345483,2.082603483823734,1.1844305611393886,0.062449191801550286,0.8291444708646519,0.7507268694894526,0,Yeast
12.59,12.04812393649784,10.50635849750927,8.200675814362821,5.475562534174935,2.7219335332510073,0.3406979359685225,1.5200405130023413,2.557826070998759,2.8305129927355894,2.468470191444633,1.7143705648628835,0.9375833507063939,0.8132213198040456,1.200599880812934,1.3996717642844674,1.2842507543311004,0.92286032916012,0.47185098005821946,0.2618719384206181,0.4353727131560982,0.4828607211882891,0.32400798865184294,0.17394594559344623,0.517035579548498,0.8975211269243178,1.160513703147449,1.2492163154477007,1.1608630390606136,0.9370449669132532,0.6430818758896035,0.34336812035657616,0,E_coli
12.59,12.04812393649784,10.50635849750927,8.200675814362821,5.475562534174935,2.7219335332510073,0.3406979359685225,1.5200405130023413,2.557826070998759,2.8305129927355894,2.468470191444633,1.7143705648628835,0.9375833507063939,0.8132213198040456,1.200599880812934,1.3996717642844674,1.2842507543311004,0.92286032916012,0.47185098005821946,0.2618719384206181,0.4353727131560982,0.4828607211882891,0.32400798865184294,0.17394594559344623,0.517035579548498,0.8975211269243178,1.160513703147449,1.2492163154477007,1.1608630390606136,0.9370449669132532,0.6430818758896035,0.34336812035657616,0,Mammalian
12.59,12.04812393649784,10.50635849750927,8.200675814362821,5.475562534174935,2.7219335332510073,0.3406979359685225,1.5200405130023413,2.557826070998759,2.8305129927355894,2.468470191444633,1.7143705648628835,0.9375833507063939,0.8132213198040456,1.200599880812934,1.3996717642844674,1.2842507543311004,0.92286032916012,0.47185098005821946,0.2618719384206181,0.4353727131560982,0.4828607211882891,0.32400798865184294,0.17394594559344623,0.517035579548498,0.8975211269243178,1.160513703147449,1.2492163154477007,1.1608630390606136,0.9370449669132532,0.6430818758896035,0.34336812035657616,0,Yeast
18.6,16.736804564724384,11.800955580322613,5.490057202306264,0.58939965024227,3.676325137126012,4.274354814059465,2.6187212548127037,0.33758486728890624,2.253565443364413,3.109042591869032,2.588311202009528,1.475137451842242,1.188424746568483,1.3125875866665284,0.7155243017250463,0.43931765272977596,1.4981678780528163,1.9336396140405705,1.6150840650681484,0.9854697472012909,0.9374934022644276,1.0852565907478444,0.78538452467854,0.4436625489913834,0.7490058767150021,0.7490860270677375,0.3623091270023835,1.078808105187244,1.9397134143981678,2.2482954439654623,1.9412997622584667,0,E_coli
18.6,16.736804564724384,11.800955580322613,5.490057202306264,0.58939965024227,3.676325137126012,4.274354814059465,2.6187212548127037,0.33758486728890624,2.253565443364413,3.109042591869032,2.588311202009528,1.475137451842242,1.188424746568483,1.3125875866665284,0.7155243017250463,0.43931765272977596,1.4981678780528163,1.9336396140405705,1.6150840650681484,0.9854697472012909,0.9374934022644276,1.0852565907478444,0.78538452467854,0.4436625489913834,0.7490058767150021,0.7490860270677375,0.3623091270023835,1.078808105187244,1.9397134143981678,2.2482954439654623,1.9412997622584667,0,Mammalian
18.6,16.736804564724384,11.800955580322613,5.490057202306264,0.58939965024227,3.676325137126012,4.274354814059465,2.6187212548127037,0.33758486728890624,2.253565443364413,3.109042591869032,2.588311202009528,1.475137451842242,1.188424746568483,1.3125875866665284,0.7155243017250463,0.43931765272977596,1.4981678780528163,1.9336396140405705,1.6150840650681484,0.9854697472012909,0.9374934022644276,1.0852565907478444,0.78538452467854,0.4436625489913834,0.7490058767150021,0.7490860270677375,0.3623091270023835,1.078808105187244,1.9397134143981678,2.2482954439654623,1.9412997622584667,0,Yeast
19.91,17.64660554726026,11.745312456795673,4.467712099820576,1.668597778680752,4.690440760954869,4.39135252561905,1.8847716247697361,1.3299996314317455,3.0858071226107096,3.12296954353154,1.851182958819633,0.6330382575322098,0.8731480812403614,0.5334433775414027,0.6491829766295856,1.665442884040159,1.9834749188909218,1.4313424136064645,0.43269077152579,0.32856696254518775,0.3897355832770866,0.4800062090008499,1.3237116881227708,1.7534254989566624,1.3576596433823827,0.5909948185507468,1.429733523737786,2.2318350675186713,2.2201552231419117,1.5234617618730435,0.689771847980406,0,Mammalian
19.91,17.64660554726026,11.745312456795673,4.467712099820576,1.668597778680752,4.690440760954869,4.39135252561905,1.8847716247697361,1.3299996314317455,3.0858071226107096,3.12296954353154,1.851182958819633,0.6330382575322098,0.8731480812403614,0.5334433775414027,0.6491829766295856,1.665442884040159,1.9834749188909218,1.4313424136064645,0.43269077152579,0.32856696254518775,0.3897355832770866,0.4800062090008499,1.3237116881227708,1.7534254989566624,1.3576596433823827,0.5909948185507468,1.429733523737786,2.2318350675186713,2.2201552231419117,1.5234617618730435,0.689771847980406,0,E_coli
19.91,17.64660554726026,11.745312456795673,4.467712099820576,1.668597778680752,4.690440760954869,4.39135252561905,1.8847716247697361,1.3299996314317455,3.0858071226107096,3.12296954353154,1.851182958819633,0.6330382575322098,0.8731480812403614,0.5334433775414027,0.6491829766295856,1.665442884040159,1.9834749188909218,1.4313424136064645,0.43269077152579,0.32856696254518775,0.3897355832770866,0.4800062090008499,1.3237116881227708,1.7534254989566624,1.3576596433823827,0.5909948185507468,1.429733523737786,2.2318350675186713,2.2201552231419117,1.5234617618730435,0.689771847980406,0,Yeast
21.220000000000002,18.51442355798363,11.578585407324924,3.3510836851142387,2.9765350252319505,5.429776558550482,4.130433535062819,1.036309764281948,2.29014451559994,3.331378190111541,2.4155012518130383,0.5984266893749871,0.7502343399959749,0.922548392440671,0.8434646443001655,1.6718036650214863,1.9313207915827972,1.1875348355943645,0.2860424383371652,1.1218789659686823,1.2670566436153083,1.0853713129316265,1.5319935018628452,1.7847472015255739,1.2293242443177939,0.16576266879677828,0.7814444664536545,0.9987622738502029,0.9281999464170134,1.5556427079254216,2.069376730705452,1.9168976059389289,0,E_coli
21.220000000000002,18.51442355798363,11.578585407324924,3.3510836851142387,2.9765350252319505,5.429776558550482,4.130433535062819,1.036309764281948,2.29014451559994,3.331378190111541,2.4155012518130383,0.5984266893749871,0.7502343399959749,0.922548392440671,0.8434646443001655,1.6718036650214863,1.9313207915827972,1.1875348355943645,0.2860424383371652,1.1218789659686823,1.2670566436153083,1.0853713129316265,1.5319935018628452,1.7847472015255739,1.2293242443177939,0.16576266879677828,0.7814444664536545,0.9987622738502029,0.9281999464170134,1.5556427079254216,2.069376730705452,1.9168976059389289,0,Mammalian
21.220000000000002,18.51442355798363,11.578585407324924,3.3510836851142387,2.9765350252319505,5.429776558550482,4.130433535062819,1.036309764281948,2.29014451559994,3.331378190111541,2.4155012518130383,0.5984266893749871,0.7502343399959749,0.922548392440671,0.8434646443001655,1.6718036650214863,1.9313207915827972,1.1875348355943645,0.2860424383371652,1.1218789659686823,1.2670566436153083,1.0853713129316265,1.5319935018628452,1.7847472015255739,1.2293242443177939,0.16576266879677828,0.7814444664536545,0.9987622738502029,0.9281999464170134,1.5556427079254216,2.069376730705452,1.9168976059389289,0,Yeast
22.51,19.325117966228287,11.305594869983379,2.1850453877697436,4.181995263775358,5.839293473535054,3.5206824222312605,0.7278820463569541,2.9034216930238457,2.9437047013364737,1.1983634451362726,0.8401131998271912,1.551587381112026,1.2312810604506748,1.5053277559101634,1.8211159646366033,1.0783784122468334,0.4558435385690157,1.573586350019295,1.7333785531687762,1.1406259839436352,0.956800075072908,0.9685991596449144,0.5009218702973313,0.9103529384137474,1.2261207001780603,0.6045262948362387,0.9518059589355674,2.1383321952603658,2.4442117476015985,1.7776453369737986,0.7885851073723832,0,E_coli
22.51,19.325117966228287,11.305594869983379,2.1850453877697436,4.181995263775358,5.839293473535054,3.5206824222312605,0.7278820463569541,2.9034216930238457,2.9437047013364737,1.1983634451362726,0.8401131998271912,1.551587381112026,1.2312810604506748,1.5053277559101634,1.8211159646366033,1.0783784122468334,0.4558435385690157,1.573586350019295,1.7333785531687762,1.1406259839436352,0.956800075072908,0.9685991596449144,0.5009218702973313,0.9103529384137474,1.2261207001780603,0.6045262948362387,0.9518059589355674,2.1383321952603658,2.4442117476015985,1.7776453369737986,0.7885851073723832,0,Mammalian
22.51,19.325117966228287,11.305594869983379,2.1850453877697436,4.181995263775358,5.839293473535054,3.5206824222312605,0.7278820463569541,2.9034216930238457,2.9437047013364737,1.1983634451362726,0.8401131998271912,1.551587381112026,1.2312810604506748,1.5053277559101634,1.8211159646366033,1.0783784122468334,0.4558435385690157,1.573586350019295,1.7333785531687762,1.1406259839436352,0.956800075072908,0.9685991596449144,0.5009218702973313,0.9103529384137474,1.2261207001780603,0.6045262948362387,0.9518059589355674,2.1383321952603658,2.4442117476015985,1.7776453369737986,0.7885851073723832,0,Yeast
19.75,17.6298302441207,12.04973136029593,5.00752704558226,1.1565047944742655,4.695389224405581,5.151351520687768,3.322191614381938,0.743155784772779,1.1359087513956934,1.551872384437436,0.7192651606378612,0.763686675905568,1.6332973204924828,1.6093492663251416,0.7889071052238278,0.27294688127912414,0.9426796248585145,0.9409012211514983,0.46547466223665473,0.4564171031839428,0.7284428034116616,0.7373617488443223,0.9740487704308664,1.4243312394098349,1.5912290441116133,1.3131110232610534,0.7705413590509476,0.4726126842600808,0.8047794384625063,1.2496322180445592,1.6203488749581039,0,Yeast
19.75,17.6298302441207,12.04973136029593,5.00752704558226,1.1565047944742655,4.695389224405581,5.151351520687768,3.322191614381938,0.743155784772779,1.1359087513956934,1.551872384437436,0.7192651606378612,0.763686675905568,1.6332973204924828,1.6093492663251416,0.7889071052238278,0.27294688127912414,0.9426796248585145,0.9409012211514983,0.46547466223665473,0.4564171031839428,0.7284428034116616,0.7373617488443223,0.9740487704308664,1.4243312394098349,1.5912290441116133,1.3131110232610534,0.7705413590509476,0.4726126842600808,0.8047794384625063,1.2496322180445592,1.6203488749581039,0,E_coli
19.75,17.6298302441207,12.04973136029593,5.00752704558226,1.1565047944742655,4.695389224405581,5.151351520687768,3.322191614381938,0.743155784772779,1.1359087513956934,1.551872384437436,0.7192651606378612,0.763686675905568,1.6332973204924828,1.6093492663251416,0.7889071052238278,0.27294688127912414,0.9426796248585145,0.9409012211514983,0.46547466223665473,0.4564171031839428,0.7284428034116616,0.7373617488443223,0.9740487704308664,1.4243312394098349,1.5912290441116133,1.3131110232610534,0.7705413590509476,0.4726126842600808,0.8047794384625063,1.2496322180445592,1.6203488749581039,0,Mammalian
15.89,14.857496292900226,11.995674612515499,7.947560945248592,3.59138674005205,0.3051116558623398,2.7862896580844536,3.842952727693821,3.5167179936016693,2.2634677346618237,0.7320571782743674,0.6888271720349727,1.2928548399489592,1.1790875694303378,0.6174595579836392,0.8135179664572456,1.506154042586614,1.8152219420292843,1.5935017245180199,0.9670033420779263,0.33681695979394144,0.5851403621873087,0.7572551267907938,0.4685992929009643,0.1910354770147544,0.9640665076783193,1.5628401201634032,1.7595100292823684,1.4791287914830233,0.8247815190367707,0.0407946026969663,0.5911066482124614,0,Mammalian
15.89,14.857496292900226,11.995674612515499,7.947560945248592,3.59138674005205,0.3051116558623398,2.7862896580844536,3.842952727693821,3.5167179936016693,2.2634677346618237,0.7320571782743674,0.6888271720349727,1.2928548399489592,1.1790875694303378,0.6174595579836392,0.8135179664572456,1.506154042586614,1.8152219420292843,1.5935017245180199,0.9670033420779263,0.33681695979394144,0.5851403621873087,0.7572551267907938,0.4685992929009643,0.1910354770147544,0.9640665076783193,1.5628401201634032,1.7595100292823684,1.4791287914830233,0.8247815190367707,0.0407946026969663,0.5911066482124614,0,Yeast
15.89,14.857496292900226,11.995674612515499,7.947560945248592,3.59138674005205,0.3051116558623398,2.7862896580844536,3.842952727693821,3.5167179936016693,2.2634677346618237,0.7320571782743674,0.6888271720349727,1.2928548399489592,1.1790875694303378,0.6174595579836392,0.8135179664572456,1.506154042586614,1.8152219420292843,1.5935017245180199,0.9670033420779263,0.33681695979394144,0.5851403621873087,0.7572551267907938,0.4685992929009643,0.1910354770147544,0.9640665076783193,1.5628401201634032,1.7595100292823684,1.4791287914830233,0.8247815190367707,0.0407946026969663,0.5911066482124614,0,E_coli
17.2,15.907251372898996,12.370138067477816,7.504628686894233,2.5164974183399336,1.4725164858677204,3.7252770349304876,4.102893943879953,3.020598181096614,1.2873947798757779,0.6876264132721208,1.463287795810355,1.3946716360364244,0.5952373639632227,0.6082882767748413,1.473021909964874,1.7810109488714545,1.4742236120559535,0.8993231457375237,0.8458950004598492,1.1175159165198525,0.9970213937474638,0.4646584814404177,0.576699143395376,1.2132545604100686,1.451264595931578,1.1633067054728197,0.5873326895030647,0.7297190880391782,1.2350561420206962,1.320446279419498,0.9208482474431439,0,Mammalian
17.2,15.907251372898996,12.370138067477816,7.504628686894233,2.5164974183399336,1.4725164858677204,3.7252770349304876,4.102893943879953,3.020598181096614,1.2873947798757779,0.6876264132721208,1.463287795810355,1.3946716360364244,0.5952373639632227,0.6082882767748413,1.473021909964874,1.7810109488714545,1.4742236120559535,0.8993231457375237,0.8458950004598492,1.1175159165198525,0.9970213937474638,0.4646584814404177,0.576699143395376,1.2132545604100686,1.451264595931578,1.1633067054728197,0.5873326895030647,0.7297190880391782,1.2350561420206962,1.320446279419498,0.9208482474431439,0,E_coli
17.2,15.907251372898996,12.370138067477816,7.504628686894233,2.5164974183399336,1.4725164858677204,3.7252770349304876,4.102893943879953,3.020598181096614,1.2873947798757779,0.6876264132721208,1.463287795810355,1.3946716360364244,0.5952373639632227,0.6082882767748413,1.473021909964874,1.7810109488714545,1.4742236120559535,0.8993231457375237,0.8458950004598492,1.1175159165198525,0.9970213937474638,0.4646584814404177,0.576699143395376,1.2132545604100686,1.451264595931578,1.1633067054728197,0.5873326895030647,0.7297190880391782,1.2350561420206962,1.320446279419498,0.9208482474431439,0,Yeast
20.560000000000002,18.079039188990343,11.669181900518854,3.9262958673117323,2.3495246771577523,5.156892442919777,4.500429387372559,1.8360885266724878,1.0507438167267227,2.1833048862267104,1.561438966065888,0.5518271537310017,1.8302183568993622,2.2970150945672536,1.659195600852431,0.521329338105525,0.3687817782917158,0.6166747369162732,0.749485060189262,1.160331455237041,1.307272052777624,1.102586033719205,1.0674766456868563,1.20270985211817,0.9320608518817634,0.17139823150925432,0.756720118074216,1.4476744355440654,1.7288939636432121,1.688685854575474,1.4716819743435379,1.1539166584166547,0,E_coli
20.560000000000002,18.079039188990343,11.669181900518854,3.9262958673117323,2.3495246771577523,5.156892442919777,4.500429387372559,1.8360885266724878,1.0507438167267227,2.1833048862267104,1.561438966065888,0.5518271537310017,1.8302183568993622,2.2970150945672536,1.659195600852431,0.521329338105525,0.3687817782917158,0.6166747369162732,0.749485060189262,1.160331455237041,1.307272052777624,1.102586033719205,1.0674766456868563,1.20270985211817,0.9320608518817634,0.17139823150925432,0.756720118074216,1.4476744355440654,1.7288939636432121,1.688685854575474,1.4716819743435379,1.1539166584166547,0,Mammalian
20.560000000000002,18.079039188990343,11.669181900518854,3.9262958673117323,2.3495246771577523,5.156892442919777,4.500429387372559,1.8360885266724878,1.0507438167267227,2.1833048862267104,1.561438966065888,0.5518271537310017,1.8302183568993622,2.2970150945672536,1.659195600852431,0.521329338105525,0.3687817782917158,0.6166747369162732,0.749485060189262,1.160331455237041,1.307272052777624,1.102586033719205,1.0674766456868563,1.20270985211817,0.9320608518817634,0.17139823150925432,0.756720118074216,1.4476744355440654,1.7288939636432121,1.688685854575474,1.4716819743435379,1.1539166584166547,0,Yeast
21.75,18.385742004503516,10.019880493930227,1.0048980683686077,5.365906908350114,6.392680381510602,3.5789383667137518,1.1644955333539495,3.018243446255069,2.913054865838716,1.4713251820988962,0.6931400058329387,0.6352146258853781,0.686559446631157,1.3139072239955825,1.3752022353279867,1.1025878649794763,1.2115308890091665,1.158665335314275,0.6820664525171694,0.29759714255002867,0.20733694851886705,0.6915419265271244,1.0754552826735015,0.6743934305272623,0.608973433024129,1.9310906126806646,2.4806376275377873,1.890444754741035,0.886681534022171,1.161808297477484,1.3908815506018142,0,Mammalian
21.75,18.385742004503516,10.019880493930227,1.0048980683686077,5.365906908350114,6.392680381510602,3.5789383667137518,1.1644955333539495,3.018243446255069,2.913054865838716,1.4713251820988962,0.6931400058329387,0.6352146258853781,0.686559446631157,1.3139072239955825,1.3752022353279867,1.1025878649794763,1.2115308890091665,1.158665335314275,0.6820664525171694,0.29759714255002867,0.20733694851886705,0.6915419265271244,1.0754552826735015,0.6743934305272623,0.608973433024129,1.9310906126806646,2.4806376275377873,1.890444754741035,0.886681534022171,1.161808297477484,1.3908815506018142,0,Yeast
21.75,18.385742004503516,10.019880493930227,1.0048980683686077,5.365906908350114,6.392680381510602,3.5789383667137518,1.1644955333539495,3.018243446255069,2.913054865838716,1.4713251820988962,0.6931400058329387,0.6352146258853781,0.686559446631157,1.3139072239955825,1.3752022353279867,1.1025878649794763,1.2115308890091665,1.158665335314275,0.6820664525171694,0.29759714255002867,0.20733694851886705,0.6915419265271244,1.0754552826735015,0.6743934305272623,0.608973433024129,1.9310906126806646,2.4806376275377873,1.890444754741035,0.886681534022171,1.161808297477484,1.3908815506018142,0,E_coli
11.71,11.094362170328445,9.363237622967656,6.8381824995063,3.97710575729216,1.3060985270282217,1.0614972229649304,2.352010738178311,2.8088899297811674,2.512647593575202,1.7311976016504487,0.859610868155293,0.6668344118539451,1.0758970973769355,1.2692066154763277,1.1791808839574638,0.9213576938409967,0.626196842677271,0.3620762232249361,0.3297619572073157,0.7273047168716972,1.2378810645018719,1.6701345662180522,1.8798348159905973,1.7824526255623032,1.3818779571656097,0.7773823897091189,0.2295763756481646,0.5364601674841663,0.8231717202327593,0.8083948615748228,0.5250636015045949,0,Yeast
11.71,11.094362170328445,9.363237622967656,6.8381824995063,3.97710575729216,1.3060985270282217,1.0614972229649304,2.352010738178311,2.8088899297811674,2.512647593575202,1.7311976016504487,0.859610868155293,0.6668344118539451,1.0758970973769355,1.2692066154763277,1.1791808839574638,0.9213576938409967,0.626196842677271,0.3620762232249361,0.3297619572073157,0.7273047168716972,1.2378810645018719,1.6701345662180522,1.8798348159905973,1.7824526255623032,1.3818779571656097,0.7773823897091189,0.2295763756481646,0.5364601674841663,0.8231717202327593,0.8083948615748228,0.5250636015045949,0,E_coli
11.71,11.094362170328445,9.363237622967656,6.8381824995063,3.97710575729216,1.3060985270282217,1.0614972229649304,2.352010738178311,2.8088899297811674,2.512647593575202,1.7311976016504487,0.859610868155293,0.6668344118539451,1.0758970973769355,1.2692066154763277,1.1791808839574638,0.9213576938409967,0.626196842677271,0.3620762232249361,0.3297619572073157,0.7273047168716972,1.2378810645018719,1.6701345662180522,1.8798348159905973,1.7824526255623032,1.3818779571656097,0.7773823897091189,0.2295763756481646,0.5364601674841663,0.8231717202327593,0.8083948615748228,0.5250636015045949,0,Mammalian
13.25,12.354640974324147,9.887810224851641,6.4446851154849165,2.829922850794402,0.33946870983340777,2.0780028754309625,2.59241473258635,1.9950127749766062,0.9764668886611453,1.232258526910119,1.9855357982498794,2.0863603965472985,1.4526596935221774,0.4061094385508658,0.9234139098464983,1.7511424842085235,2.0410766149813173,1.899082814605849,1.8469904619881503,2.259591042849657,2.712276843446847,2.73028798844374,2.1680128277862347,1.1653857849142233,0.18983243213581694,0.9154515184074529,1.3136438485367379,1.156064562792359,0.7317859772251541,0.9416408735135001,1.5215037104296634,0,Yeast
13.25,12.354640974324147,9.887810224851641,6.4446851154849165,2.829922850794402,0.33946870983340777,2.0780028754309625,2.59241473258635,1.9950127749766062,0.9764668886611453,1.232258526910119,1.9855357982498794,2.0863603965472985,1.4526596935221774,0.4061094385508658,0.9234139098464983,1.7511424842085235,2.0410766149813173,1.899082814605849,1.8469904619881503,2.259591042849657,2.712276843446847,2.73028798844374,2.1680128277862347,1.1653857849142233,0.18983243213581694,0.9154515184074529,1.3136438485367379,1.156064562792359,0.7317859772251541,0.9416408735135001,1.5215037104296634,0,Mammalian
13.25,12.354640974324147,9.887810224851641,6.4446851154849165,2.829922850794402,0.33946870983340777,2.0780028754309625,2.59241473258635,1.9950127749766062,0.9764668886611453,1.232258526910119,1.9855357982498794,2.0863603965472985,1.4526596935221774,0.4061094385508658,0.9234139098464983,1.7511424842085235,2.0410766149813173,1.899082814605849,1.8469904619881503,2.259591042849657,2.712276843446847,2.73028798844374,2.1680128277862347,1.1653857849142233,0.18983243213581694,0.9154515184074529,1.3136438485367379,1.156064562792359,0.7317859772251541,0.9416408735135001,1.5215037104296634,0,E_coli
15.010000000000002,13.707827732536195,10.211602124114036,5.600907095045085,1.2330686675216542,1.7568745801168824,2.7865944481869396,2.0328075403649395,0.3600776561536496,1.682626510416853,2.773247312564463,2.744102699893073,1.7533626304011993,0.4133451603064464,0.9945330680149846,1.6174373427183204,1.5912573644762806,1.1750184169282325,0.7689430592564024,0.7277320366942069,1.2191042555253218,1.9598059216648,2.513414207134957,2.51611138955448,1.8551938123923586,0.8148309228701422,0.829185559615417,1.512574981402035,1.5923083751739209,1.195746812317984,1.2760892064510931,1.946107263766857,0,Yeast
15.010000000000002,13.707827732536195,10.211602124114036,5.600907095045085,1.2330686675216542,1.7568745801168824,2.7865944481869396,2.0328075403649395,0.3600776561536496,1.682626510416853,2.773247312564463,2.744102699893073,1.7533626304011993,0.4133451603064464,0.9945330680149846,1.6174373427183204,1.5912573644762806,1.1750184169282325,0.7689430592564024,0.7277320366942069,1.2191042555253218,1.9598059216648,2.513414207134957,2.51611138955448,1.8551938123923586,0.8148309228701422,0.829185559615417,1.512574981402035,1.5923083751739209,1.195746812317984,1.2760892064510931,1.946107263766857,0,Mammalian
15.010000000000002,13.707827732536195,10.211602124114036,5.600907095045085,1.2330686675216542,1.7568745801168824,2.7865944481869396,2.0328075403649395,0.3600776561536496,1.682626510416853,2.773247312564463,2.744102699893073,1.7533626304011993,0.4133451603064464,0.9945330680149846,1.6174373427183204,1.5912573644762806,1.1750184169282325,0.7689430592564024,0.7277320366942069,1.2191042555253218,1.9598059216648,2.513414207134957,2.51611138955448,1.8551938123923586,0.8148309228701422,0.829185559615417,1.512574981402035,1.5923083751739209,1.195746812317984,1.2760892064510931,1.946107263766857,0,E_coli
10.0,9.607073155341922,8.482900128558285,6.782399705079338,4.735650251450756,2.610884905987856,0.6720655181021247,0.8616604932785014,1.8477590650225735,2.238168485035834,2.0805941233429848,1.5036108289517445,0.688811980233627,0.16454130396052105,0.8757504956125756,1.3132447389511128,1.4142135623730951,1.19025565137763,0.7187098578069286,0.12203214796663357,0.46024945073500007,0.9012296481080323,1.1121007283206006,1.058574855931988,0.7653668647301797,0.3083070543257428,0.20386884608312983,0.6539926235102603,0.9419794025981426,1.00607395813274,0.8354927382003745,0.47196523962676457,0,Yeast
10.0,9.607073155341922,8.482900128558285,6.782399705079338,4.735650251450756,2.610884905987856,0.6720655181021247,0.8616604932785014,1.8477590650225735,2.238168485035834,2.0805941233429848,1.5036108289517445,0.688811980233627,0.16454130396052105,0.8757504956125756,1.3132447389511128,1.4142135623730951,1.19025565137763,0.7187098578069286,0.12203214796663357,0.46024945073500007,0.9012296481080323,1.1121007283206006,1.058574855931988,0.7653668647301797,0.3083070543257428,0.20386884608312983,0.6539926235102603,0.9419794025981426,1.00607395813274,0.8354927382003745,0.47196523962676457,0,Mammalian
10.0,9.607073155341922,8.482900128558285,6.782399705079338,4.735650251450756,2.610884905987856,0.6720655181021247,0.8616604932785014,1.8477590650225735,2.238168485035834,2.0805941233429848,1.5036108289517445,0.688811980233627,0.16454130396052105,0.8757504956125756,1.3132447389511128,1.4142135623730951,1.19025565137763,0.7187098578069286,0.12203214796663357,0.46024945073500007,0.9012296481080323,1.1121007283206006,1.058574855931988,0.7653668647301797,0.3083070543257428,0.20386884608312983,0.6539926235102603,0.9419794025981426,1.00607395813274,0.8354927382003745,0.47196523962676457,0,E_coli
7.249999999999999,7.104086717346603,6.676113351453784,5.994625122540079,5.104747607878712,4.064735692007108,2.9415973064244825,1.8063965605333248,0.7324616030891994,0.2827071185804563,1.0524917066169637,1.6432182554251253,2.014192564672709,2.1629958254847743,2.105685650359651,1.8741333735283525,1.5134397906755324,1.0804624460805126,0.6516425857061684,0.38969754949728896,0.5026935391806948,0.7189062436702987,0.8504307565957855,0.8560239808373041,0.7324616030891994,0.49567444949502776,0.18079795819665645,0.22213730376634963,0.5975611917952284,0.9465943530948024,1.2266647960183508,1.40752081647238,0,Yeast
7.249999999999999,7.104086717346603,6.676113351453784,5.994625122540079,5.104747607878712,4.064735692007108,2.9415973064244825,1.8063965605333248,0.7324616030891994,0.2827071185804563,1.0524917066169637,1.6432182554251253,2.014192564672709,2.1629958254847743,2.105685650359651,1.8741333735283525,1.5134397906755324,1.0804624460805126,0.6516425857061684,0.38969754949728896,0.5026935391806948,0.7189062436702987,0.8504307565957855,0.8560239808373041,0.7324616030891994,0.49567444949502776,0.18079795819665645,0.22213730376634963,0.5975611917952284,0.9465943530948024,1.2266647960183508,1.40752081647238,0,E_coli
7.249999999999999,7.104086717346603,6.676113351453784,5.994625122540079,5.104747607878712,4.064735692007108,2.9415973064244825,1.8063965605333248,0.7324616030891994,0.2827071185804563,1.0524917066169637,1.6432182554251253,2.014192564672709,2.1629958254847743,2.105685650359651,1.8741333735283525,1.5134397906755324,1.0804624460805126,0.6516425857061684,0.38969754949728896,0.5026935391806948,0.7189062436702987,0.8504307565957855,0.8560239808373041,0.7324616030891994,0.49567444949502776,0.18079795819665645,0.22213730376634963,0.5975611917952284,0.9465943530948024,1.2266647960183508,1.40752081647238,0,Mammalian
9.419999999999998,8.959896893809686,7.660094795691136,5.74584205478911,3.5421608476762896,1.4141050492311535,0.4262407885651608,1.5111589554662153,1.9387654631474818,1.7195211169480382,1.0262205327842586,0.1116648369825482,0.7671059248901972,1.377370916058647,1.590472288099593,1.38602739116996,0.8514693182963202,0.15456031984442367,0.5193896926464872,0.9829851346831217,1.1382755468847703,0.9948167372176621,0.7589756425602181,0.8923959690959493,1.3425306249417663,1.7123649110880839,1.8131420313739173,1.5997145546527818,1.1472461848059128,0.7002462625530685,0.7394877452036085,1.0583964903308882,0,Yeast
9.419999999999998,8.959896893809686,7.660094795691136,5.74584205478911,3.5421608476762896,1.4141050492311535,0.4262407885651608,1.5111589554662153,1.9387654631474818,1.7195211169480382,1.0262205327842586,0.1116648369825482,0.7671059248901972,1.377370916058647,1.590472288099593,1.38602739116996,0.8514693182963202,0.15456031984442367,0.5193896926464872,0.9829851346831217,1.1382755468847703,0.9948167372176621,0.7589756425602181,0.8923959690959493,1.3425306249417663,1.7123649110880839,1.8131420313739173,1.5997145546527818,1.1472461848059128,0.7002462625530685,0.7394877452036085,1.0583964903308882,0,Mammalian
9.419999999999998,8.959896893809686,7.660094795691136,5.74584205478911,3.5421608476762896,1.4141050492311535,0.4262407885651608,1.5111589554662153,1.9387654631474818,1.7195211169480382,1.0262205327842586,0.1116648369825482,0.7671059248901972,1.377370916058647,1.590472288099593,1.38602739116996,0.8514693182963202,0.15456031984442367,0.5193896926464872,0.9829851346831217,1.1382755468847703,0.9948167372176621,0.7589756425602181,0.8923959690959493,1.3425306249417663,1.7123649110880839,1.8131420313739173,1.5997145546527818,1.1472461848059128,0.7002462625530685,0.7394877452036085,1.0583964903308882,0,E_coli
9.3,8.832950462956624,7.514004939425634,5.572922476927619,3.3402852518238078,1.1831684934498552,0.604587831407511,1.7374905514566368,2.171337036977891,1.9601695724781623,1.2894735250391895,0.4283351406953427,0.41446578927230193,0.9125204386248811,0.9997142124277894,0.6608737187239998,0.08000000000000007,0.8177008380921362,1.5463529537543603,2.011062591636414,2.0907006300511695,1.7630978197748732,1.1075067737505149,0.29276361890769503,0.5478097040470106,1.1469445012917283,1.4212544569298318,1.3295102441379947,0.9344963464213706,0.4337157580163867,0.48403502276488686,0.8655381634417731,0,E_coli
9.3,8.832950462956624,7.514004939425634,5.572922476927619,3.3402852518238078,1.1831684934498552,0.604587831407511,1.7374905514566368,2.171337036977891,1.9601695724781623,1.2894735250391895,0.4283351406953427,0.41446578927230193,0.9125204386248811,0.9997142124277894,0.6608737187239998,0.08000000000000007,0.8177008380921362,1.5463529537543603,2.011062591636414,2.0907006300511695,1.7630978197748732,1.1075067737505149,0.29276361890769503,0.5478097040470106,1.1469445012917283,1.4212544569298318,1.3295102441379947,0.9344963464213706,0.4337157580163867,0.48403502276488686,0.8655381634417731,0,Yeast
9.3,8.832950462956624,7.514004939425634,5.572922476927619,3.3402852518238078,1.1831684934498552,0.604587831407511,1.7374905514566368,2.171337036977891,1.9601695724781623,1.2894735250391895,0.4283351406953427,0.41446578927230193,0.9125204386248811,0.9997142124277894,0.6608737187239998,0.08000000000000007,0.8177008380921362,1.5463529537543603,2.011062591636414,2.0907006300511695,1.7630978197748732,1.1075067737505149,0.29276361890769503,0.5478097040470106,1.1469445012917283,1.4212544569298318,1.3295102441379947,0.9344963464213706,0.4337157580163867,0.48403502276488686,0.8655381634417731,0,Mammalian
7.719999999999999,7.577169888162426,7.157948183083351,6.48943404568931,5.614494565057068,4.5885142144475,3.475220541383362,2.3419243562421266,1.254558441227157,0.2729124619714305,0.5535577112618115,1.1890189043613004,1.6133981682412137,1.8232173534389493,1.8310830028077787,1.6639021650827854,1.3599999999999999,0.9654043584204622,0.5296283906454954,0.10131921662906376,0.2758541610407097,0.5667274045087781,0.7472919104985878,0.8062612181124441,0.7454415587728431,0.5789019636739988,0.33104525937986184,0.03377728540502292,0.2769505578565639,0.5648974756212969,0.7972367896300774,0.947863364659178,0,E_coli
7.719999999999999,7.577169888162426,7.157948183083351,6.48943404568931,5.614494565057068,4.5885142144475,3.475220541383362,2.3419243562421266,1.254558441227157,0.2729124619714305,0.5535577112618115,1.1890189043613004,1.6133981682412137,1.8232173534389493,1.8310830028077787,1.6639021650827854,1.3599999999999999,0.9654043584204622,0.5296283906454954,0.10131921662906376,0.2758541610407097,0.5667274045087781,0.7472919104985878,0.8062612181124441,0.7454415587728431,0.5789019636739988,0.33104525937986184,0.03377728540502292,0.2769505578565639,0.5648974756212969,0.7972367896300774,0.947863364659178,0,Mammalian
7.719999999999999,7.577169888162426,7.157948183083351,6.48943404568931,5.614494565057068,4.5885142144475,3.475220541383362,2.3419243562421266,1.254558441227157,0.2729124619714305,0.5535577112618115,1.1890189043613004,1.6133981682412137,1.8232173534389493,1.8310830028077787,1.6639021650827854,1.3599999999999999,0.9654043584204622,0.5296283906454954,0.10131921662906376,0.2758541610407097,0.5667274045087781,0.7472919104985878,0.8062612181124441,0.7454415587728431,0.5789019636739988,0.33104525937986184,0.03377728540502292,0.2769505578565639,0.5648974756212969,0.7972367896300774,0.947863364659178,0,Yeast
20.02,17.424672872644244,10.816247177631345,3.1437375298317756,2.69707706831517,4.457853300684903,2.6355593997598863,1.157949019188939,3.8780019910620105,4.450648748181406,2.795787168933943,0.3953555051525238,1.7169373421218153,1.897748016317037,0.6356790140775399,0.9929405665681316,1.7839282496782207,1.2554105253726375,0.46454007837311073,1.7384013484940066,2.230845536362986,1.6083986622623785,0.4044571666132646,0.7424812755917577,1.113867387671932,1.1710332832112853,1.6448193402655504,2.0487569563524084,1.8263706205711532,1.053195671884574,0.5575806611188475,1.0798908320653078,0,Mammalian
9.17,8.839580573435196,7.891840327665543,6.450533015159353,4.700405607995173,2.8587957470904106,1.1430994654528392,0.26950241274847714,1.2341793460110206,1.711196459200399,1.7198823452095926,1.3532257081879802,0.7748050011571179,0.43296821649860245,0.8877151138632977,1.379038062376039,1.6765738874263791,1.757558977639205,1.6730182878501865,1.5234122038290967,1.4177590267311257,1.400308400358382,1.4194619517522156,1.3978553328842098,1.3017685438970363,1.1560127296003089,1.0283233969436234,0.9831707456867242,1.017950722103901,1.0739200290526412,1.1065419184618475,1.1120782406606542,0,Mammalian
31.619999999999997,22.960351688525954,5.501237450965489,5.542354707637726,3.4833878535109775,3.434672108292733,5.122078479825187,0.9041546904440488,2.7709578510699813,1.990802603434923,0.435618184202893,0.9480332859710621,1.9592997973401045,2.2673779844558197,1.9968099734149447,2.745258587687832,2.113764414498455,1.0637767729553456,0.624225235575574,0.2497258736136924,0.7560357200870957,1.7120689831454003,1.2476123786329312,0.280625375867314,0.7593369394370539,0.9840347580901273,2.0397783435185084,1.2745627040370344,1.2539391357269323,1.6397450908424958,0.5720103141851561,0.8145326202907703,0,Mammalian
23.740000000000002,19.7301428089893,10.034270962876223,0.620873591726773,5.3841284764244985,4.742259200167467,0.8174632401536995,3.212293744606049,3.7040183571763476,1.7465009669684624,2.385136942030905,3.2177792857796765,1.9173201261741297,0.6593535558227182,1.81027673025201,1.603134010213635,0.784474346298207,0.6465502365272007,0.5764389364488799,1.3737877141478396,1.8896137092132255,1.3951892210845775,0.32152755538250916,0.8037988467691042,1.0146171739629852,0.6700092154997934,0.41618567844151516,0.6738843144544813,1.091239713846536,1.1712379313987853,0.6892805575233245,0.024004587420379694,0,Mammalian
8.2,8.00513908141214,7.436288349320825,6.539123476596226,5.384875643787068,4.063600032948499,2.6760992099879415,1.327688469689897,0.23801825810945285,0.9852436998391938,1.754380820512098,2.2526422387286105,2.4745704791518226,2.4449981260661753,2.210416361761772,1.8321503974025835,1.379057649266339,0.920824230636967,0.5252419824984652,0.2722503933022536,0.23424849749905025,0.25620325024974083,0.21669092606448653,0.15305964740004177,0.22393594799973915,0.3928859823707863,0.5542448535225535,0.6617574440875509,0.6910447786349143,0.6344467991728248,0.5018910171128678,0.32773079408467765,0,Mammalian
18.77,16.44766418092217,10.55667157134868,3.8692313111076073,2.2356322240649167,3.518137793477937,2.0122238284957024,1.4091177358768052,3.424074590860925,3.5581939123970026,1.9500411760023812,1.3939410029671253,2.505379275547775,2.151251345374096,0.6607350269616094,1.8811820587529955,3.0014829668015777,2.7369903258965196,1.5187885289691605,0.8224836005940581,1.1169574000208915,0.7416918554384705,0.1459647029037408,0.8374587339307871,0.823840516253352,0.17597151679902376,0.8000146570781281,1.30179974153731,1.1229556584820397,0.42391702643849277,0.5369930101892383,1.1506296338614546,0,Mammalian
7.73,7.550923341783131,7.027968560727519,6.202584509260332,5.139412330117113,3.920135679932317,2.635882420065669,1.3795088327870648,0.2567404177323088,0.7536929910457105,1.489077058823696,1.9745601442280656,2.2067888556389246,2.2078756724423965,2.019461317203373,1.6970515300877893,1.3038788287260439,0.9056576462586102,0.5692150408552438,0.365223690207171,0.3153293974635238,0.30679837800030885,0.2486923195398955,0.1325504446437177,0.08416862778161245,0.245071351494886,0.40502022650536,0.5205739496809579,0.5726178645164121,0.5567477728288278,0.48570800055803043,0.3952590116960838,0,Mammalian
43.1,25.035915640970472,2.1067071945466935,4.124661437688564,5.01502947695094,1.3215328554220225,5.278447244832017,0.8569041636697493,5.930125583002567,1.4465828514247407,3.437346842042821,0.9292954501193531,0.2677046219587488,2.124634534794588,1.2155968712151046,1.446080633240769,1.3152946437965911,3.3446585639261426,1.0696234431424585,1.5792630059651813,0.8158677043204393,0.7733682205723893,2.363206957669956,1.4749573521801627,1.4694252515247095,1.7169963256149887,0.6022107125677297,0.5898424251543016,1.2999128700578377,0.5527366448782735,0.6299612979618884,1.0518701018573546,0,Mammalian
39.75,22.2151022031047,3.8155593364998914,5.9650576016536485,3.949181747883626,0.713240593619906,5.625091679365083,1.4954009512276998,5.1218406824586316,0.9488572060701044,2.759845897311846,0.07821068728789614,1.383892202437327,2.3471071409940047,1.5082577444279828,1.3863797263869182,1.9693907687404242,3.873503157758751,0.921033205492666,2.7984070357928674,1.6320552864040996,1.1833902987835965,2.41963610755833,1.3280155442667412,1.8455752554452223,1.4440129352036728,1.6976663766418123,1.3059799855048044,1.0774049546648778,1.3918177733401895,1.7447199095699961,1.3195142474093284,0,Mammalian
18.84,16.64025316124944,10.977829152466688,4.191618812782869,1.2935039476965957,3.641415913689127,3.137804876793428,1.4748177606631387,1.8736508757384995,2.363148479876888,1.7378734468166586,1.3091207429534548,1.6995509552430073,1.5175801753873905,0.9963391133404772,1.364189900641857,1.631686244349691,1.2460595275162811,1.065762688277355,1.4415683624128655,1.2709691901519389,0.3755631013325619,0.8478540006606409,1.6162915099053676,1.6735090068010847,1.308352561789199,1.2085234756118373,1.294010865120098,1.155426936465664,1.010550623725724,0.974739146251994,0.6997749331743954,0,Mammalian
11.09,10.457610699928466,8.690853179230682,6.149896247946725,3.3406561518553946,0.8289846067250817,1.1611948823270737,2.093143833643136,2.1205341558256428,1.4798303743551697,0.8374446116076608,1.2932654517304507,1.92192194620283,2.0848195689162186,1.713341978612698,1.0031401196204965,0.6844705983459042,1.2620698845950629,1.7143761044344175,1.7386221357544047,1.3374856795286338,0.6595067583750516,0.16297246584142686,0.7196791118737313,1.0548625000334542,1.1517672904755554,1.203577427155139,1.4002477223025025,1.6558274562376558,1.7567297831844109,1.5924820796136538,1.2346725000575824,0,Mammalian
8.7,8.491630975642657,7.884057161893353,6.928129749366139,5.702962667568896,4.308125223534912,2.8539681468487723,1.451478370746159,0.2182414138118503,0.8345766645493832,1.5698126933660534,1.9982348041414268,2.1250672473675936,1.9851542187464293,1.6365859793301902,1.1537938777470753,0.6236986451805071,0.21760628736782386,0.4434380908250904,0.740147227890539,0.9004984062679631,0.9131346643149046,0.8027728671392091,0.627360128859691,0.4947430497717021,0.5254567771059846,0.6663192281572214,0.7877638900822155,0.8225622327762478,0.7479912091437189,0.5684364470684655,0.3082488268164575,0,Mammalian
19.910000000000004,17.448439138394416,11.147863339033108,3.702100211831605,1.986885355605102,4.123979020774374,2.8898639018304624,0.07174136937233258,2.414810619685745,2.9139238773560527,1.4962830879861702,0.6949354664188344,2.214461138445106,2.2414869786932834,1.035962282763578,0.9067123015741121,1.7448495637160237,1.5243966228104249,0.5491433742662042,0.6440050277612214,1.0541628967038073,0.896383934329973,0.9589388063895542,1.258300944244848,1.1437174786864743,0.6681412754003864,0.27465459135553716,0.4405015748921749,1.1879347781807836,2.0189708161572053,2.388219304834397,2.115217862808761,0,Mammalian
20.11,17.648290502138714,11.347202144470103,3.899731126218456,1.7869540145731218,3.9256661693647414,2.693262480870507,0.2341324358592755,2.611639850632845,3.1096025733890302,1.6919932193942355,0.5070952615475866,2.021200828457675,2.0450385636422586,0.8388410841210211,1.0336098517717571,1.9163767896736796,1.7101642786943434,0.7489679415991916,0.5257435045991597,0.869861425335921,0.7039139629674663,0.9120118415873099,1.3120069239079204,1.245286027620341,0.8094421569435577,0.43688737582128173,0.5132594302943828,1.2437377784547556,2.093698994012158,2.4947256616494204,2.2727138731453875,0,Mammalian
19.25,16.78895475414983,10.490223864919201,3.052108825038391,2.646732390044518,4.779409133189144,3.5413500654253705,0.6393996807325466,1.7703241153550415,2.2735263839241724,0.8644858365645535,1.340015412805327,2.8588056546883505,2.893221676075731,1.6912650171030912,0.7597329635524864,1.240846485267214,0.9531482755746794,0.11470174261554514,1.1995216038856338,1.6879102782243443,1.545164980271405,1.333003057226114,1.3020700017182165,1.036799173703561,0.5701105917268761,0.5119552816163653,0.729823773236056,1.2373345452527207,1.9051631156112325,2.134239444763828,1.66167892759276,0,Mammalian
10.930000000000001,10.518305989712086,9.337772844467626,7.543460480420365,5.366648905094769,3.078988046650236,0.9511768290613237,0.7870588638201141,1.9784392519401464,2.5575670896691296,2.5536787654009534,2.078434474884843,1.3010267194315785,0.41856019668255956,0.413464650331233,1.0081685768486586,1.3104579352272243,1.3052435642351767,1.0469459415864075,0.6506937892329772,0.3510463412264019,0.48691560626617303,0.6935967691670694,0.7456998608097902,0.6352779914199091,0.4573208873019877,0.4371543942352544,0.6206966802773818,0.784076189589872,0.8111586575370772,0.6740596738005666,0.40469105317671905,0,Mammalian
13.21,12.469153909769835,10.394435135553767,7.394635763606094,4.044489752449434,0.9580775289575422,1.3912702076715069,2.6582432152361526,2.828225517442053,2.1073694702060597,0.8961783213238135,0.5756721043478219,1.5163754396923266,1.946295209656118,1.7663025120670361,1.1111335892250305,0.3801315561749644,0.8076157265996629,1.3382860688193816,1.4844701647050496,1.2815499814578575,0.99114346276183,1.005876000033081,1.243711332428411,1.3498668165747447,1.236001479988409,1.0860637603283854,1.1886529024170076,1.452424804681739,1.566355157477416,1.3718581024758707,0.9030857484539856,0,Mammalian
20.17,17.681776482058655,11.303989596673988,3.7382615329910465,2.0981843424970172,4.401469131122766,3.335872993710956,0.6800353764444377,1.7821953600847176,2.199971790427636,0.7650120840629991,1.4105517085355104,2.870218716019084,2.832967990752698,1.6448404308561932,1.231271409324216,1.8938056922503947,1.693511353999388,0.7035209381519281,0.33371554565591427,0.7855199398727671,0.6672240291895816,0.8095590717586547,1.0936063208126372,0.9143192541407517,0.4247105203900628,0.2943568682743636,0.22461762945536945,0.727478804623474,1.5227006478122782,1.8680614201330221,1.5100909816396015,0,Mammalian
14.020000000000001,13.134478819936557,10.676419091181428,7.188966099118207,3.4181788664515222,0.18080018927028588,2.1389521216533285,3.0622836953004735,2.739035834827656,1.5407555196660798,0.17744887284568406,1.3819895160500861,2.1481663101655397,2.179121007899504,1.5719490599063515,0.6685008353849435,0.6664833081180652,1.3131013261208346,1.5699824578331905,1.3942565995876113,0.9849317152584777,0.7532280887342608,0.9003160820433636,1.0210506668896093,0.9189573959275652,0.6736443307613927,0.551810916605814,0.6799152156244563,0.7980878755450134,0.7698744142835456,0.6103589174752209,0.3997580678982273,0,Mammalian
15.33,14.171442356178819,11.00558761517124,6.664458994025464,2.2446155413515,1.2494348150536927,3.124253716426111,3.2748447424148908,2.080811411628295,0.2613794203106762,1.4134101908593337,2.3506873501290455,2.3372780766474643,1.5384065057142506,0.38739243090935715,0.64188134593705,1.1610770861575037,1.0815977406888229,0.5678967981771365,0.18041453793893344,0.5587810731047075,0.6273162249555222,0.5044637056138088,0.7373464681364191,1.1251772612515165,1.2875788498855403,1.2394585965857414,1.337643190359965,1.7183119554628008,2.0053887338749012,1.8973219760294864,1.406419158106463,0,Mammalian
17.21,15.5574037669707,11.164976865161531,5.5003208593562105,0.41055611480422716,2.9216279592389403,3.7109657612804425,2.4805574902151744,0.3536663667742842,1.549782042863128,2.302684270166455,1.8416056675391368,0.7992811711523118,0.9557492810022116,1.401547059492033,1.0693420724137506,0.21470910553583947,0.829065740147895,1.3460704609411211,1.251953234120447,0.748544552248288,0.3902883086432095,0.4303849557385612,0.26321920918666114,0.3480231328700404,0.7287440341619984,0.8997519650899202,1.0909647223142795,1.621318703814169,2.1320475788482893,2.188754261296081,1.7363908318837786,0,Mammalian
19.67,17.20862206070851,10.908688722651693,3.465301967277812,2.2268192418022688,4.362157800031762,3.126354757123449,0.22614467924105808,2.179377771839305,2.679951753547702,1.263206043879723,0.9270830277435027,2.447803208461481,2.4779752327843405,1.2736930696160647,0.7951481902144084,1.548063306199071,1.3070320990137347,0.30965304301595953,0.8284599975653387,1.281553755792705,1.1308029475916936,1.0632597409123692,1.2342091329161595,1.0594869171503452,0.5490647994919312,0.20618589436108994,0.4651551473628265,1.163595929865027,1.9527018131949532,2.27708450288819,1.9366074761537404,0,Mammalian
20.439999999999998,17.683992429847343,10.721302058721285,2.745650458413045,2.9478826413029133,4.559476641342739,2.6594253159219985,0.5505272715286029,2.679685558512025,2.5353061492589477,0.5882807247262435,1.6414404758677175,2.686315523454194,2.100624461319187,0.5945714131582842,0.908018240808684,1.2416923934694932,0.5774604290639961,0.46343940541833756,1.070496763567029,0.9918582665956204,0.5764130881451733,0.48315395350776896,0.47479337942157906,0.5554145366319566,0.8328862970287805,0.9669920477250102,1.1725595308044188,1.6221941993916473,1.8985899503032913,1.7169339919211635,1.174538001313429,0,Mammalian
19.509999999999998,17.05308554250248,10.766766705558481,3.3509273613780453,2.340277941528871,4.436802042377855,3.1663813440269766,0.262709041835428,2.2176141704918226,2.7505994669791978,1.366594517674455,0.818620737310953,2.313898928235984,2.333228315951111,1.1373329481135228,0.8893302038234886,1.6780047675736796,1.4357415714682662,0.4647310854926949,0.7823579710453086,1.2143040468918005,1.024479526303585,0.905705323705037,1.0778849167865296,0.9055315515396795,0.39131301600634816,0.12400260987138029,0.3949821273779595,1.0566156292635223,1.8401024160261759,2.1619443376754712,1.8044903054322954,0,Mammalian
20.369999999999997,17.902273193879125,11.583003891453172,4.103373774988983,1.6111001881810476,3.809897619828827,2.6593820855743746,0.6062716004307291,2.6288233523655387,3.051846190613702,1.6288136995249014,1.0019084818869748,2.430537549576803,2.4849078941788947,1.2452813932396876,0.3476727007604135,1.253195914452325,1.0980157388102199,0.7338281943920376,1.4414122679000996,1.8083430989462914,1.4949421324895873,1.0016054711736926,0.8204101659266465,0.5774840102181227,0.36668445295630325,0.6610996757968303,0.7907762455571891,1.1052323919581353,1.7189980856635008,1.9475055423000402,1.4565891716843375,0,Mammalian
19.88,17.416664058088088,11.110649688394535,3.6543433484381063,2.0363938469435827,4.191848092755482,2.976686038246907,0.20777046761024517,2.301107319542875,2.778259982847068,1.3453597574009644,0.8943624768818069,2.421481409616615,2.4592240749412406,1.2238968704169029,0.6131438192929016,1.4303146506975306,1.2060781916190424,0.35464158047207894,1.000421398767562,1.424007531350335,1.2094032860238135,0.9947004320985539,1.079496355134327,0.8848192493081289,0.38531513627255715,0.24077929837309525,0.4859595033991516,1.100604576434684,1.8581489136860998,2.1597483729574383,1.7773321485323474,0,Mammalian
19.66,17.19871648603933,10.899079113024618,3.4563603526098197,2.2359745577889427,4.370353937718573,3.1336545659467037,0.23177807362379702,2.173917130506104,2.675591454838186,1.260033565834841,0.9297962000764098,2.449498683644279,2.479308318901585,1.2768776134349795,0.8041555415077589,1.5541557193537587,1.3124840020512618,0.3109049391143176,0.82071305557276,1.2752359854133826,1.1278990251571657,1.0674455297037255,1.2419814365277884,1.0681218608810992,0.5576361518419805,0.20970535295431558,0.46650515261049524,1.1674532784022844,1.9576523693319874,2.283003361259502,1.9444323177077587,0,Mammalian
19.950000000000003,17.488409139272196,11.187729212047463,3.7416062532172334,1.9468979590862512,4.084303287672047,2.850505789339005,0.0931721995437134,2.4541354496116043,2.9530132954841446,1.5353366648425866,0.6567932420832396,2.175711622604998,2.202146145440405,0.9964462624390966,0.9300385064052916,1.77867928531256,1.5612688503051269,0.5890987624405978,0.6169888387572554,1.0168280631881954,0.8576143070355214,0.9463635809555192,1.266700219746743,1.1619893265256984,0.6940961980895818,0.3035164434961356,0.4489101898411441,1.1966319242274361,2.0325623288600765,2.408568949348426,2.1461507299240914,0,Mammalian
19.93,17.468424121666406,11.167796155640078,3.721851913534304,1.966891593277604,4.104140367328818,2.87018262713002,0.08070899221038202,2.434470284680777,2.933465517637105,1.5158037065866061,0.675837504631467,2.195080772821591,2.221813619718087,1.0161995387810323,0.9182316758918764,1.7617321022221275,1.5428132561280579,0.5691202849176603,0.6303244017697388,1.0354705990210487,0.8769853069912001,0.952461983954944,1.2623491420747912,1.1527161111940336,0.6809487117603157,0.2887536805178594,0.44427581299554136,1.192123525330258,2.025679241291127,2.3983323197327215,2.1306465641559336,0,Mammalian
19.4,16.938834041872813,10.639661712075329,3.199474322235188,2.496760054534978,4.630333745481265,3.392996072899253,0.4904949865211343,1.9158710182988528,2.4181457916037195,1.004897628085914,1.1919727483897313,2.7117025579391787,2.744753323208445,1.54198078551653,0.7458959523945705,1.3435773144854743,1.0740806452942544,0.04692961528913191,1.062826371437602,1.5419438129227478,1.3967919846594525,1.2270079967836016,1.262306209263669,1.025396626307359,0.525465477416934,0.37838444249782327,0.6157823836049832,1.1946831149446548,1.9117127759839525,2.177045363966298,1.7532792603967902,0,Mammalian
19.43,16.96881015541022,10.66955117470543,3.2289765360552454,2.466765991131638,4.600525880914997,3.363342796039983,0.46079931403883934,1.9450615969237217,2.4471474086497262,1.0333034110052537,1.1624244397694667,2.682320443389463,2.715079857561038,1.5121409391545697,0.7467222314734401,1.3651739815862292,1.0991272683673488,0.07356336450716905,1.035929273333943,1.5128452152106686,1.367159996064559,1.206929541808574,1.2563530957735727,1.0257365081601313,0.5212787586201592,0.3532564245902514,0.5948924144362399,1.1882432153332434,1.9144308778368635,2.1867410040065143,1.7725547738346066,0,Mammalian
19.93,17.4527879667091,11.108558143687382,3.610511435695426,2.2362137807609725,4.439290067386524,3.284419657770693,0.4571488274918496,1.9255984466603646,2.423550921112419,1.0460434386681632,1.097647742522758,2.518433206516202,2.431943589899485,1.0803805369342814,0.8269319605888115,1.7617321022221275,1.5662936470366144,0.5167587310044309,0.6278576719265712,1.2315666349612973,1.2926222601743884,1.3176861861874387,1.3542602388252531,1.0254124156743902,0.4225736970329872,0.23579086661598633,0.32931140616107457,0.9035960019285956,1.746601141119834,2.201490562251195,2.0532700890110474,0,Mammalian
20.689999999999998,18.18494481509796,11.758547654011062,4.115829957144924,1.7926330608106502,4.194316963910195,3.211611544956376,0.5947075460543904,1.782195360084718,2.2043030812005027,0.8070373672474535,1.3027909764116996,2.6600476362471888,2.4934408087446203,1.1648793853162973,1.2895604349924903,2.2662965384079805,2.1564295038828183,1.1786273590072935,0.11049563160858272,0.5108264153503624,0.6776931765434112,0.9904773043411949,1.1927361633380216,0.9143192541407519,0.4380234900247666,0.4900690238306464,0.308419662498107,0.4468441065569531,1.3623069231436395,1.883263037456924,1.7916952550162932,0,Mammalian
19.21,16.783439724033702,10.578696699900195,3.2678081814852407,2.3013186260172684,4.330736611305257,3.037047544183322,0.13129602892920014,2.2549263331911735,2.720813233759203,1.286240402917706,0.9232922943536146,2.3981587450255115,2.364691839023731,1.0904619324704232,0.9200782636743274,1.798249148477485,1.6095272906632871,0.6986825022915927,0.7204082948890032,1.1143215413531913,1.0249222752900407,1.1199587879347501,1.354497823557872,1.1528691304224448,0.5785827035299269,0.22603641046352463,0.41845681137405727,0.9700797481031642,1.6915360280311704,2.0065989537248834,1.6802390423120472,0,Mammalian
20.07,17.85552546464596,12.130713527623298,5.194625506887604,0.4875662869840854,3.0699589474526268,2.699864197316639,0.7024884925929772,1.5991875412888223,2.35742964996823,1.6338772570415672,0.4096561031349565,1.2296024202940783,1.4606588096028985,0.8052130901437966,0.4672513195435023,0.9745255255764212,0.9265033112687728,0.8162582383422063,1.2080200336034117,1.381145453342898,1.077226121657072,0.5954457183401914,0.4074808011140468,0.5902535114564023,0.9835409521001554,1.2324001494178363,0.9594510215318262,0.11311162855222534,1.0664876978302895,2.1065033519394176,2.747530707307146,2,Mammalian
10.330000000000002,9.964073720529221,8.916524719783109,7.329911897440357,5.416149121823214,3.422687661527948,1.593757379285719,0.1372487967219191,0.828060643727342,1.2380070837071784,1.1397675259165407,0.6488864463230435,0.08105104174987789,0.8369679972836586,1.479210329758799,1.876288431512227,1.966646892555957,1.75702937981022,1.3160139170024512,0.7604776183210756,0.28483561204538604,0.39090781122232887,0.6085474955212541,0.619660498545246,0.4327996884354943,0.2487701886068628,0.5358841046315725,0.9382327618034512,1.2558774195420543,1.4321554446731672,1.472343936389842,1.4364562301811012,2,Mammalian
12.84,12.096059706262501,10.027663341819132,7.08267086073149,3.8813647544440006,1.1254114390797714,1.2061754757357854,2.1201370457024935,2.0959897506316922,1.4099214758374954,0.7231254062806276,1.0595806539456194,1.5153719082894892,1.5576234121437953,1.2639525248189394,0.9898145657205698,1.075639344761989,1.2620504193433675,1.2441798101515238,1.0050381551517795,0.7239953243063171,0.6282258295943217,0.6304196288248333,0.5133878021496872,0.37950884738949,0.632153021244708,1.0223698083852497,1.275372761203469,1.3011096775097508,1.1199035005148124,0.8313663170778646,0.5691951397335995,2,Mammalian
16.03,14.4651884078998,10.326801666152972,5.070542908040834,1.0907763021650108,2.9092391584105664,3.4447771415352184,2.236835677575125,0.5336655628325677,1.2401135225778814,1.519237623032837,0.9316502172360024,1.3462489990915516,2.318324208516199,2.4979347777663596,1.7227995101115374,0.5200961449578351,0.9702167820133142,1.4738276837789421,1.1808710075949058,0.48807330512505354,0.7979975472019886,1.2151362692436147,1.1905346470204698,1.2144962194451647,1.5772399722731945,1.714551195677563,1.2751447884558074,0.38987836552510496,0.7633271622831105,1.5625961368759576,1.97999882784558,2,Mammalian
19.380000000000003,16.68094172754504,9.863874216091455,2.087267862287609,3.6094121137009574,5.263055888242673,3.5527893180114343,1.0232281607949996,2.119733706698811,2.3627114035684174,1.4058381225179308,1.2820228948169698,1.5208636141022596,1.1031673684411196,1.2840853155953147,1.7123774058867065,1.404065525536469,0.8479349693192851,0.9518159022105557,0.8126043121335923,0.6307521739143761,1.3337622201981416,1.6986899966763782,1.5836633902365913,1.6552730930831077,1.7978661406206644,1.310724435389762,0.3685893371145361,1.1564038031202106,1.7764151652069595,1.6257053313748695,0.9545039691003423,2,Mammalian
7.1499999999999995,6.892270526690803,6.14895448548881,5.0057170193954,3.592717700412913,2.067565949801338,0.5951623309810352,0.6759981920223955,1.6246771193346947,2.181123808225389,2.327058684266546,2.0977969324724954,1.5753774712559945,0.8805246777263042,0.26911395574031916,0.6846501829605098,1.1992080720208647,1.4947071654893143,1.5320787385699963,1.324723397203762,0.9255695021981339,0.4221789607880809,0.2169777839480825,0.6573534677923264,1.0082778674107244,1.1949416558889236,1.2097718754830729,1.0855883136037259,0.8943637094602596,0.7414887600972001,0.7100869547869636,0.7596680875623434,2,Mammalian
42.0,25.075104485055405,2.9475975719790393,6.707127081439321,2.1864969636722753,2.8489918650501442,2.1780242930511653,1.0022596549470557,4.866278483266844,2.2500227480809354,3.132896917249317,1.6811758430724724,1.0629792849600286,0.5869766107134569,1.1056092516282805,0.5647923156440522,2.378991382918399,3.1703600860137273,0.11998114880575496,1.3431158049399239,1.0488303084281831,2.451934006587623,0.8864031972982489,1.1961509339970662,0.9829210157963612,1.6291535024484014,2.264870952843213,0.7042690958111567,2.2628435765028545,0.5559232983360621,0.9801618661546072,0.6895857110288233,2,Mammalian
20.880000000000003,18.19635924635659,11.452041023171457,3.864886063994375,1.9509521693828125,3.274439029030092,1.5354809451928513,1.181622979390079,2.685159889536371,2.10080590750855,0.1946633603936052,1.5462035926195115,1.822931344598626,0.6612304890351829,1.098089276223644,2.0007554680919983,1.6243152403397556,0.42631576769982654,0.7461987206420031,0.9505349361521532,0.6076570973846441,1.2634142045282726,1.7905799172476797,1.5945081282525004,1.0393826858405082,0.8911474095397904,1.4306996460759007,2.2894598665740604,2.859905557471857,2.618336811504591,1.6162519420221642,0.5688686926433353,2,Mammalian
17.68,15.728007518916451,10.616560537161304,4.2509436870982995,1.3311393730551992,4.202419643104677,4.2749257427186915,2.334852892788748,0.24155092288415597,1.8237942754344267,2.065503824947036,1.1631128843928222,0.058755908981954125,0.7739043803573886,0.6504688825310148,0.26964106843045926,0.8914033879226613,1.048739294064719,0.5181365934745933,0.4286048957286727,1.1259368563247865,1.2029294706076077,0.7022616520782927,0.7954920657979174,1.4362636079960436,1.5467631135256932,1.0218754540943922,0.32354063579396497,0.7217214893789526,0.9989461826654128,0.8494527861279592,0.5335218644487495,2,Mammalian
23.630000000000003,19.388736047367548,9.329957265434405,1.3245347832651484,5.460606281899328,3.9500045233305805,0.5031597949910069,3.5902152604067785,3.2389828194885877,0.7554207203868213,1.921369087634279,2.159216319631132,0.8219508338549871,0.45383360559152497,0.4204212689132031,0.5659466235747583,1.157454102761747,0.7034961406147362,0.6365375783211683,1.2858889280832724,0.9544816470373635,0.05608025280429953,0.4845332318760092,0.16881421568123667,0.7531203722232979,1.2580652253331812,1.0123102357791034,0.3367223744411716,0.20479415586276625,0.5844958796193237,0.991155828682283,1.1780487042812742,2,Mammalian
33.550000000000004,22.53770459442993,1.8312376812501863,7.763407487261063,2.3635094409772326,4.260909678705138,2.069758859735543,4.764784212890754,4.8558544753073765,0.2580009803327118,2.7991974819972585,0.9040145178627145,1.4594656943226822,2.153823613745313,1.612437105649059,1.6951090393157615,3.1211696525501456,2.047719243826298,0.9298148344030148,1.5896293868490234,1.508789497534771,0.9625796633653331,1.3343571770769664,0.16010130175525325,1.8772525974512146,1.2765919685974076,1.364556098352747,2.5515167559753067,1.478559184353292,0.5857901129009809,1.234232071604676,1.5237308672785168,2,Mammalian
13.25,12.465238026718842,10.272967723546222,7.1204507260010645,3.633866662822818,0.47555590143776955,1.8318218647735744,2.9622956103485922,2.906575899415774,1.9154946455119892,0.4280388711713053,1.0748255896533623,2.1471187723309524,2.544032004423626,2.2320518117634687,1.3874309117665806,0.36999999999999966,0.718443912192391,1.2759354521632387,1.333355210000155,0.9496853829170611,0.5320777934792513,0.8808983187734487,1.334546917366407,1.4448586577708502,1.1979315549795533,0.9344024922074049,1.2263194933490718,1.7641405068198668,2.0775127782426215,2.022718244723317,1.7110118818473958,1,Mammalian
13.25,12.465238026718842,10.272967723546222,7.1204507260010645,3.633866662822818,0.47555590143776955,1.8318218647735744,2.9622956103485922,2.906575899415774,1.9154946455119892,0.4280388711713053,1.0748255896533623,2.1471187723309524,2.544032004423626,2.2320518117634687,1.3874309117665806,0.36999999999999966,0.718443912192391,1.2759354521632387,1.333355210000155,0.9496853829170611,0.5320777934792513,0.8808983187734487,1.334546917366407,1.4448586577708502,1.1979315549795533,0.9344024922074049,1.2263194933490718,1.7641405068198668,2.0775127782426215,2.022718244723317,1.7110118818473958,1,Yeast
13.25,12.465238026718842,10.272967723546222,7.1204507260010645,3.633866662822818,0.47555590143776955,1.8318218647735744,2.9622956103485922,2.906575899415774,1.9154946455119892,0.4280388711713053,1.0748255896533623,2.1471187723309524,2.544032004423626,2.2320518117634687,1.3874309117665806,0.36999999999999966,0.718443912192391,1.2759354521632387,1.333355210000155,0.9496853829170611,0.5320777934792513,0.8808983187734487,1.334546917366407,1.4448586577708502,1.1979315549795533,0.9344024922074049,1.2263194933490718,1.7641405068198668,2.0775127782426215,2.022718244723317,1.7110118818473958,0,E_coli
8.990000000000002,8.755818881534157,8.073886303737297,7.0040360271063875,5.639653145943451,4.099530774300613,2.521397422615406,1.0917425532340956,0.7200890596408133,1.5926894752265066,2.2785489808416988,2.623773680311228,2.625197981933988,2.324181460273185,1.7910909514842073,1.1143728944173488,0.38948684188300925,0.29316408996039073,0.8549400531284894,1.2414829363866497,1.424198385056363,1.4032383052542974,1.2062676863821293,0.886486275929995,0.5311042705397961,0.3480302268057535,0.5218376122447637,0.7412835553451802,0.8590150808354273,0.8477381928927818,0.7238812179922642,0.5472833444327,1,Mammalian
8.990000000000002,8.755818881534157,8.073886303737297,7.0040360271063875,5.639653145943451,4.099530774300613,2.521397422615406,1.0917425532340956,0.7200890596408133,1.5926894752265066,2.2785489808416988,2.623773680311228,2.625197981933988,2.324181460273185,1.7910909514842073,1.1143728944173488,0.38948684188300925,0.29316408996039073,0.8549400531284894,1.2414829363866497,1.424198385056363,1.4032383052542974,1.2062676863821293,0.886486275929995,0.5311042705397961,0.3480302268057535,0.5218376122447637,0.7412835553451802,0.8590150808354273,0.8477381928927818,0.7238812179922642,0.5472833444327,1,Yeast
8.990000000000002,8.755818881534157,8.073886303737297,7.0040360271063875,5.639653145943451,4.099530774300613,2.521397422615406,1.0917425532340956,0.7200890596408133,1.5926894752265066,2.2785489808416988,2.623773680311228,2.625197981933988,2.324181460273185,1.7910909514842073,1.1143728944173488,0.38948684188300925,0.29316408996039073,0.8549400531284894,1.2414829363866497,1.424198385056363,1.4032383052542974,1.2062676863821293,0.886486275929995,0.5311042705397961,0.3480302268057535,0.5218376122447637,0.7412835553451802,0.8590150808354273,0.8477381928927818,0.7238812179922642,0.5472833444327,0,E_coli
12.11,11.438920263673738,9.55996863184748,6.847832830421021,3.8501720511262905,1.365730188036169,1.661744066783446,2.6679332153112805,2.792500109940086,2.130203409999385,1.1510710036508254,1.123460276082547,1.9413200011604983,2.4239965985022867,2.3348950740413503,1.7321899148474877,0.8352843827104632,0.35073990601255867,1.0121519936805818,1.4154810225494243,1.4314901290470468,1.1450234779386803,0.7746027546159623,0.652661323509898,0.7867293918397925,0.8544172717148828,0.761750124693109,0.5900422870414436,0.49182094329242315,0.49452905661898183,0.45889281333854615,0.3247196203547169,1,Mammalian
12.11,11.438920263673738,9.55996863184748,6.847832830421021,3.8501720511262905,1.365730188036169,1.661744066783446,2.6679332153112805,2.792500109940086,2.130203409999385,1.1510710036508254,1.123460276082547,1.9413200011604983,2.4239965985022867,2.3348950740413503,1.7321899148474877,0.8352843827104632,0.35073990601255867,1.0121519936805818,1.4154810225494243,1.4314901290470468,1.1450234779386803,0.7746027546159623,0.652661323509898,0.7867293918397925,0.8544172717148828,0.761750124693109,0.5900422870414436,0.49182094329242315,0.49452905661898183,0.45889281333854615,0.3247196203547169,1,Yeast
12.11,11.438920263673738,9.55996863184748,6.847832830421021,3.8501720511262905,1.365730188036169,1.661744066783446,2.6679332153112805,2.792500109940086,2.130203409999385,1.1510710036508254,1.123460276082547,1.9413200011604983,2.4239965985022867,2.3348950740413503,1.7321899148474877,0.8352843827104632,0.35073990601255867,1.0121519936805818,1.4154810225494243,1.4314901290470468,1.1450234779386803,0.7746027546159623,0.652661323509898,0.7867293918397925,0.8544172717148828,0.761750124693109,0.5900422870414436,0.49182094329242315,0.49452905661898183,0.45889281333854615,0.3247196203547169,0,E_coli
31.12,23.507301396043538,7.232179059831627,4.817658724513989,5.95113295958295,2.04496273899868,3.1949769394683885,0.5365466330424422,3.0831704325145517,2.9604013358599937,1.75934039977371,3.1659675987427733,1.385266587135261,1.4134958123938979,1.5343830682625246,1.0489085765413217,3.1548375552474965,2.805157632002316,1.5866232229596309,1.4225059828943174,1.7031867917213388,1.5919206934465664,0.09058368135812785,1.6336599124203164,1.5094568838055722,0.696079261965231,1.5223054344357185,0.9234759075658987,0.8125316808827127,0.965626573883475,0.5275470307714468,0.6738148786630925,1,Mammalian
31.12,23.507301396043538,7.232179059831627,4.817658724513989,5.95113295958295,2.04496273899868,3.1949769394683885,0.5365466330424422,3.0831704325145517,2.9604013358599937,1.75934039977371,3.1659675987427733,1.385266587135261,1.4134958123938979,1.5343830682625246,1.0489085765413217,3.1548375552474965,2.805157632002316,1.5866232229596309,1.4225059828943174,1.7031867917213388,1.5919206934465664,0.09058368135812785,1.6336599124203164,1.5094568838055722,0.696079261965231,1.5223054344357185,0.9234759075658987,0.8125316808827127,0.965626573883475,0.5275470307714468,0.6738148786630925,0,E_coli
31.12,23.507301396043538,7.232179059831627,4.817658724513989,5.95113295958295,2.04496273899868,3.1949769394683885,0.5365466330424422,3.0831704325145517,2.9604013358599937,1.75934039977371,3.1659675987427733,1.385266587135261,1.4134958123938979,1.5343830682625246,1.0489085765413217,3.1548375552474965,2.805157632002316,1.5866232229596309,1.4225059828943174,1.7031867917213388,1.5919206934465664,0.09058368135812785,1.6336599124203164,1.5094568838055722,0.696079261965231,1.5223054344357185,0.9234759075658987,0.8125316808827127,0.965626573883475,0.5275470307714468,0.6738148786630925,1,Yeast
34.32,24.019341939744805,4.127611305807965,6.6024308651196995,3.1364049829270297,4.63714955965556,3.4731583469338165,2.2433078389930183,3.11784758082649,1.584750904578991,3.897935964501528,1.6860317289996372,1.5908082006876596,0.7599583076689013,1.3316603389410167,0.725289782453586,2.5276471272707357,3.5209010656879136,1.9113019098089223,0.9395179933195527,1.49997573113781,1.6255202862813487,0.09522688161363795,1.7333848362002764,1.253565499977724,0.620909688122423,0.9964683231472788,0.41060084158973376,0.11985765596318225,1.222630425422819,1.362673730270836,0.3578944263927736,1,Yeast
34.32,24.019341939744805,4.127611305807965,6.6024308651196995,3.1364049829270297,4.63714955965556,3.4731583469338165,2.2433078389930183,3.11784758082649,1.584750904578991,3.897935964501528,1.6860317289996372,1.5908082006876596,0.7599583076689013,1.3316603389410167,0.725289782453586,2.5276471272707357,3.5209010656879136,1.9113019098089223,0.9395179933195527,1.49997573113781,1.6255202862813487,0.09522688161363795,1.7333848362002764,1.253565499977724,0.620909688122423,0.9964683231472788,0.41060084158973376,0.11985765596318225,1.222630425422819,1.362673730270836,0.3578944263927736,0,E_coli
34.32,24.019341939744805,4.127611305807965,6.6024308651196995,3.1364049829270297,4.63714955965556,3.4731583469338165,2.2433078389930183,3.11784758082649,1.584750904578991,3.897935964501528,1.6860317289996372,1.5908082006876596,0.7599583076689013,1.3316603389410167,0.725289782453586,2.5276471272707357,3.5209010656879136,1.9113019098089223,0.9395179933195527,1.49997573113781,1.6255202862813487,0.09522688161363795,1.7333848362002764,1.253565499977724,0.620909688122423,0.9964683231472788,0.41060084158973376,0.11985765596318225,1.222630425422819,1.362673730270836,0.3578944263927736,1,Mammalian
34.58,24.054167148045256,3.8679852081321187,6.736843444991325,2.8795598473611794,4.893325615260453,3.4669456823750524,2.463576976442798,3.0402178407036,1.7867850415434752,3.9985699978075138,1.427022073398949,1.8346507415504258,0.6347476488092729,1.585429927954403,0.5609263472020184,2.7653932812531394,3.644690090239885,1.6824164265380306,0.9946214738412685,1.7504963649177998,1.8105742677018228,0.22532216533500055,1.9896500477865686,1.322072418995092,0.8470898572072366,0.9804985623167962,0.3181817302159795,0.2763226708095243,1.3410724310635038,1.6215287355241894,0.5996666255709509,0,E_coli
34.58,24.054167148045256,3.8679852081321187,6.736843444991325,2.8795598473611794,4.893325615260453,3.4669456823750524,2.463576976442798,3.0402178407036,1.7867850415434752,3.9985699978075138,1.427022073398949,1.8346507415504258,0.6347476488092729,1.585429927954403,0.5609263472020184,2.7653932812531394,3.644690090239885,1.6824164265380306,0.9946214738412685,1.7504963649177998,1.8105742677018228,0.22532216533500055,1.9896500477865686,1.322072418995092,0.8470898572072366,0.9804985623167962,0.3181817302159795,0.2763226708095243,1.3410724310635038,1.6215287355241894,0.5996666255709509,1,Mammalian
34.58,24.054167148045256,3.8679852081321187,6.736843444991325,2.8795598473611794,4.893325615260453,3.4669456823750524,2.463576976442798,3.0402178407036,1.7867850415434752,3.9985699978075138,1.427022073398949,1.8346507415504258,0.6347476488092729,1.585429927954403,0.5609263472020184,2.7653932812531394,3.644690090239885,1.6824164265380306,0.9946214738412685,1.7504963649177998,1.8105742677018228,0.22532216533500055,1.9896500477865686,1.322072418995092,0.8470898572072366,0.9804985623167962,0.3181817302159795,0.2763226708095243,1.3410724310635038,1.6215287355241894,0.5996666255709509,1,Yeast
34.580000000000005,24.10370376184115,3.8944958884729943,6.8369105177050375,2.989289138052286,4.820948140382827,3.708569373207907,2.434302893290405,3.3638185652032067,1.3855638692780712,4.090389968134999,1.8585747508115922,1.5077656294169102,1.009956762157463,1.132414010821059,0.9574960337159689,2.2947330999486626,3.367677789045951,2.0913856744743042,1.0901575327445427,1.3960312677429494,1.3689106875460588,0.35436124401840174,1.6550922819287885,0.9981606385718862,0.5683427352435114,0.743455945600014,0.5466142829056303,0.3491274199424465,1.4445274151902563,1.5962364241369005,0.6112652191281065,1,Mammalian
34.580000000000005,24.10370376184115,3.8944958884729943,6.8369105177050375,2.989289138052286,4.820948140382827,3.708569373207907,2.434302893290405,3.3638185652032067,1.3855638692780712,4.090389968134999,1.8585747508115922,1.5077656294169102,1.009956762157463,1.132414010821059,0.9574960337159689,2.2947330999486626,3.367677789045951,2.0913856744743042,1.0901575327445427,1.3960312677429494,1.3689106875460588,0.35436124401840174,1.6550922819287885,0.9981606385718862,0.5683427352435114,0.743455945600014,0.5466142829056303,0.3491274199424465,1.4445274151902563,1.5962364241369005,0.6112652191281065,0,E_coli
34.580000000000005,24.10370376184115,3.8944958884729943,6.8369105177050375,2.989289138052286,4.820948140382827,3.708569373207907,2.434302893290405,3.3638185652032067,1.3855638692780712,4.090389968134999,1.8585747508115922,1.5077656294169102,1.009956762157463,1.132414010821059,0.9574960337159689,2.2947330999486626,3.367677789045951,2.0913856744743042,1.0901575327445427,1.3960312677429494,1.3689106875460588,0.35436124401840174,1.6550922819287885,0.9981606385718862,0.5683427352435114,0.743455945600014,0.5466142829056303,0.3491274199424465,1.4445274151902563,1.5962364241369005,0.6112652191281065,1,Yeast
34.84,24.141153807890415,3.6354011080792348,6.974863897763626,2.7361065559109785,5.0752471472939344,3.709731669220083,2.643669466137953,3.291994277223553,1.6045486528715256,4.180216326384989,1.6040187080032615,1.735807872009736,0.8561342874328777,1.3775782290865777,0.7568286352438868,2.5276471272707344,3.4778834167426367,1.8510633615429204,1.0874771588733911,1.6332828270962712,1.5603417422876846,0.33990441364581403,1.914951323781286,1.0829467571064468,0.8254829263042022,0.756897519333447,0.5536667157322386,0.5286578788615667,1.5820000799647707,1.856166743452033,0.8589289722712158,1,Mammalian
34.84,24.141153807890415,3.6354011080792348,6.974863897763626,2.7361065559109785,5.0752471472939344,3.709731669220083,2.643669466137953,3.291994277223553,1.6045486528715256,4.180216326384989,1.6040187080032615,1.735807872009736,0.8561342874328777,1.3775782290865777,0.7568286352438868,2.5276471272707344,3.4778834167426367,1.8510633615429204,1.0874771588733911,1.6332828270962712,1.5603417422876846,0.33990441364581403,1.914951323781286,1.0829467571064468,0.8254829263042022,0.756897519333447,0.5536667157322386,0.5286578788615667,1.5820000799647707,1.856166743452033,0.8589289722712158,0,E_coli
34.84,24.141153807890415,3.6354011080792348,6.974863897763626,2.7361065559109785,5.0752471472939344,3.709731669220083,2.643669466137953,3.291994277223553,1.6045486528715256,4.180216326384989,1.6040187080032615,1.735807872009736,0.8561342874328777,1.3775782290865777,0.7568286352438868,2.5276471272707344,3.4778834167426367,1.8510633615429204,1.0874771588733911,1.6332828270962712,1.5603417422876846,0.33990441364581403,1.914951323781286,1.0829467571064468,0.8254829263042022,0.756897519333447,0.5536667157322386,0.5286578788615667,1.5820000799647707,1.856166743452033,0.8589289722712158,1,Yeast
33.44,23.912850554305454,4.99382745001062,6.197027191251047,3.9608809035845147,3.8368588152728824,3.603285552034162,1.6755235113904565,3.4728560260753367,1.0856887249290845,3.8188920467542466,2.3919161705742713,1.1271191140056225,1.4537862597173414,0.8661890318262699,1.5483421829546922,1.636154026979123,3.7151134410065816,2.944311855575607,0.9512755087641316,0.44019781423509224,1.815960713972156,1.3510004968357483,1.0135089820640202,2.151388161664979,1.2974079961044658,2.2561770125522336,1.8510722525421632,1.6754852595010659,1.5089429422980802,0.49889013730549553,1.4393662611374658,0,E_coli
33.44,23.912850554305454,4.99382745001062,6.197027191251047,3.9608809035845147,3.8368588152728824,3.603285552034162,1.6755235113904565,3.4728560260753367,1.0856887249290845,3.8188920467542466,2.3919161705742713,1.1271191140056225,1.4537862597173414,0.8661890318262699,1.5483421829546922,1.636154026979123,3.7151134410065816,2.944311855575607,0.9512755087641316,0.44019781423509224,1.815960713972156,1.3510004968357483,1.0135089820640202,2.151388161664979,1.2974079961044658,2.2561770125522336,1.8510722525421632,1.6754852595010659,1.5089429422980802,0.49889013730549553,1.4393662611374658,1,Mammalian
33.44,23.912850554305454,4.99382745001062,6.197027191251047,3.9608809035845147,3.8368588152728824,3.603285552034162,1.6755235113904565,3.4728560260753367,1.0856887249290845,3.8188920467542466,2.3919161705742713,1.1271191140056225,1.4537862597173414,0.8661890318262699,1.5483421829546922,1.636154026979123,3.7151134410065816,2.944311855575607,0.9512755087641316,0.44019781423509224,1.815960713972156,1.3510004968357483,1.0135089820640202,2.151388161664979,1.2974079961044658,2.2561770125522336,1.8510722525421632,1.6754852595010659,1.5089429422980802,0.49889013730549553,1.4393662611374658,1,Yeast
33.08,23.84718548020621,5.34453086629737,5.970451532075702,4.279476497530222,3.4924782349354997,3.5110500732631755,1.3218409158312308,3.403680802195194,1.2823028722191838,3.4910197568325425,2.5429510532577586,0.8036853027016936,1.373257029532146,0.5861372892218859,1.4112075315366994,1.8056023925549058,3.372959904789631,2.730489530930707,1.0501269523305872,0.5717194301654074,1.506416760627776,1.067078355458583,0.9171711023384318,1.8018204674073046,0.9389848802678195,1.8993429616190949,1.5311069504270614,1.3295517043271012,1.315396432543193,0.25924574588496474,1.0847004052556626,1,Yeast
33.08,23.84718548020621,5.34453086629737,5.970451532075702,4.279476497530222,3.4924782349354997,3.5110500732631755,1.3218409158312308,3.403680802195194,1.2823028722191838,3.4910197568325425,2.5429510532577586,0.8036853027016936,1.373257029532146,0.5861372892218859,1.4112075315366994,1.8056023925549058,3.372959904789631,2.730489530930707,1.0501269523305872,0.5717194301654074,1.506416760627776,1.067078355458583,0.9171711023384318,1.8018204674073046,0.9389848802678195,1.8993429616190949,1.5311069504270614,1.3295517043271012,1.315396432543193,0.25924574588496474,1.0847004052556626,1,Mammalian
33.08,23.84718548020621,5.34453086629737,5.970451532075702,4.279476497530222,3.4924782349354997,3.5110500732631755,1.3218409158312308,3.403680802195194,1.2823028722191838,3.4910197568325425,2.5429510532577586,0.8036853027016936,1.373257029532146,0.5861372892218859,1.4112075315366994,1.8056023925549058,3.372959904789631,2.730489530930707,1.0501269523305872,0.5717194301654074,1.506416760627776,1.067078355458583,0.9171711023384318,1.8018204674073046,0.9389848802678195,1.8993429616190949,1.5311069504270614,1.3295517043271012,1.315396432543193,0.25924574588496474,1.0847004052556626,0,E_coli
32.61,23.76939031579214,5.804107149214588,5.695363445167665,4.704417961076413,3.0483070377601904,3.4439620636113095,0.8679421385619996,3.3695858108041676,1.6254974803189526,3.0738040058585008,2.798174233453165,0.4697946683056411,1.406667191547262,0.4501698100754577,1.3607858292093955,2.1004047229046128,2.932697216844214,2.502301536596066,1.3233139139100327,0.9437786703648477,1.1474883818787445,0.7952560015832335,0.9942195921092617,1.353695484083186,0.47464938384727756,1.4358570269196842,1.149583574585469,0.894777312238973,1.1860428083641688,0.469159984064361,0.6308258796673148,1,Mammalian
32.61,23.76939031579214,5.804107149214588,5.695363445167665,4.704417961076413,3.0483070377601904,3.4439620636113095,0.8679421385619996,3.3695858108041676,1.6254974803189526,3.0738040058585008,2.798174233453165,0.4697946683056411,1.406667191547262,0.4501698100754577,1.3607858292093955,2.1004047229046128,2.932697216844214,2.502301536596066,1.3233139139100327,0.9437786703648477,1.1474883818787445,0.7952560015832335,0.9942195921092617,1.353695484083186,0.47464938384727756,1.4358570269196842,1.149583574585469,0.894777312238973,1.1860428083641688,0.469159984064361,0.6308258796673148,0,E_coli
32.61,23.76939031579214,5.804107149214588,5.695363445167665,4.704417961076413,3.0483070377601904,3.4439620636113095,0.8679421385619996,3.3695858108041676,1.6254974803189526,3.0738040058585008,2.798174233453165,0.4697946683056411,1.406667191547262,0.4501698100754577,1.3607858292093955,2.1004047229046128,2.932697216844214,2.502301536596066,1.3233139139100327,0.9437786703648477,1.1474883818787445,0.7952560015832335,0.9942195921092617,1.353695484083186,0.47464938384727756,1.4358570269196842,1.149583574585469,0.894777312238973,1.1860428083641688,0.469159984064361,0.6308258796673148,1,Yeast
19.89,17.43602131181941,11.17667841486001,3.8639163516527075,1.919400078144926,3.871937889540327,2.750982177322013,1.3295187859273037,2.636668455950683,2.632355166504197,1.0838973052636849,1.5944913020080909,2.676057384850948,2.1133824357628286,0.3410711975330003,1.5648906076418359,2.293926764306132,1.555340520988071,0.20266564565349202,1.4972451970594536,1.8594038366224444,1.2797641010152454,1.3824828255789205,2.13313119775271,2.070115806759286,1.1153464921720837,0.5383895708884148,1.34319589617768,1.5671750334138463,1.3302274155317984,1.2266206763805259,1.3824158862590525,0,E_coli
19.89,17.43602131181941,11.17667841486001,3.8639163516527075,1.919400078144926,3.871937889540327,2.750982177322013,1.3295187859273037,2.636668455950683,2.632355166504197,1.0838973052636849,1.5944913020080909,2.676057384850948,2.1133824357628286,0.3410711975330003,1.5648906076418359,2.293926764306132,1.555340520988071,0.20266564565349202,1.4972451970594536,1.8594038366224444,1.2797641010152454,1.3824828255789205,2.13313119775271,2.070115806759286,1.1153464921720837,0.5383895708884148,1.34319589617768,1.5671750334138463,1.3302274155317984,1.2266206763805259,1.3824158862590525,1,Mammalian
19.89,17.43602131181941,11.17667841486001,3.8639163516527075,1.919400078144926,3.871937889540327,2.750982177322013,1.3295187859273037,2.636668455950683,2.632355166504197,1.0838973052636849,1.5944913020080909,2.676057384850948,2.1133824357628286,0.3410711975330003,1.5648906076418359,2.293926764306132,1.555340520988071,0.20266564565349202,1.4972451970594536,1.8594038366224444,1.2797641010152454,1.3824828255789205,2.13313119775271,2.070115806759286,1.1153464921720837,0.5383895708884148,1.34319589617768,1.5671750334138463,1.3302274155317984,1.2266206763805259,1.3824158862590525,1,Yeast
11.87,11.387286918610682,10.008324316100277,7.929753597847051,5.445856402489679,2.9132274520121384,0.8756160424120203,1.469018090746736,2.4703439853045857,2.7755889871023514,2.40770415215929,1.550135596181026,0.6494825723153942,1.1519462533198943,2.0751893336180216,2.670741285417327,2.8066528107338105,2.4845392636102703,1.8008704209986097,0.9286127097402813,0.3422337250774978,0.9152508291898638,1.404454636146403,1.5759833056156,1.4308041774713465,1.0498508748555777,0.586149589594685,0.37633344954461895,0.585232013085684,0.7276142013596978,0.6670025755098034,0.4345593961753281,0,E_coli
11.87,11.387286918610682,10.008324316100277,7.929753597847051,5.445856402489679,2.9132274520121384,0.8756160424120203,1.469018090746736,2.4703439853045857,2.7755889871023514,2.40770415215929,1.550135596181026,0.6494825723153942,1.1519462533198943,2.0751893336180216,2.670741285417327,2.8066528107338105,2.4845392636102703,1.8008704209986097,0.9286127097402813,0.3422337250774978,0.9152508291898638,1.404454636146403,1.5759833056156,1.4308041774713465,1.0498508748555777,0.586149589594685,0.37633344954461895,0.585232013085684,0.7276142013596978,0.6670025755098034,0.4345593961753281,1,Yeast
11.87,11.387286918610682,10.008324316100277,7.929753597847051,5.445856402489679,2.9132274520121384,0.8756160424120203,1.469018090746736,2.4703439853045857,2.7755889871023514,2.40770415215929,1.550135596181026,0.6494825723153942,1.1519462533198943,2.0751893336180216,2.670741285417327,2.8066528107338105,2.4845392636102703,1.8008704209986097,0.9286127097402813,0.3422337250774978,0.9152508291898638,1.404454636146403,1.5759833056156,1.4308041774713465,1.0498508748555777,0.586149589594685,0.37633344954461895,0.585232013085684,0.7276142013596978,0.6670025755098034,0.4345593961753281,1,Mammalian
11.45,10.886756910212002,9.293998552936506,6.943844367434064,4.232746464800305,1.6316894709047922,0.8531851287966953,2.1807104197923013,2.753633018521048,2.5332987265164175,1.7364701721480615,0.8293411539317895,1.0273899622408014,1.7385508626043393,2.064977791990905,1.869075779261472,1.2126417442921877,0.31210227915924355,0.7995998965992992,1.6402285557822367,2.156933115586381,2.264342787652066,1.9874140218411647,1.4429460788462782,0.8114833327374404,0.35206076225167904,0.38400585081242133,0.4392882535324226,0.282075814443913,0.138013464865038,0.47156029468995997,0.7607631009006023,1,Mammalian
11.45,10.886756910212002,9.293998552936506,6.943844367434064,4.232746464800305,1.6316894709047922,0.8531851287966953,2.1807104197923013,2.753633018521048,2.5332987265164175,1.7364701721480615,0.8293411539317895,1.0273899622408014,1.7385508626043393,2.064977791990905,1.869075779261472,1.2126417442921877,0.31210227915924355,0.7995998965992992,1.6402285557822367,2.156933115586381,2.264342787652066,1.9874140218411647,1.4429460788462782,0.8114833327374404,0.35206076225167904,0.38400585081242133,0.4392882535324226,0.282075814443913,0.138013464865038,0.47156029468995997,0.7607631009006023,0,E_coli
11.45,10.886756910212002,9.293998552936506,6.943844367434064,4.232746464800305,1.6316894709047922,0.8531851287966953,2.1807104197923013,2.753633018521048,2.5332987265164175,1.7364701721480615,0.8293411539317895,1.0273899622408014,1.7385508626043393,2.064977791990905,1.869075779261472,1.2126417442921877,0.31210227915924355,0.7995998965992992,1.6402285557822367,2.156933115586381,2.264342787652066,1.9874140218411647,1.4429460788462782,0.8114833327374404,0.35206076225167904,0.38400585081242133,0.4392882535324226,0.282075814443913,0.138013464865038,0.47156029468995997,0.7607631009006023,1,Yeast
11.79,11.02066248268218,8.896573519928227,5.9204121407649,2.7907748305545272,0.6500687792521014,1.783603627932704,2.2681164434698053,1.7392377543493625,0.570479536102499,0.7432615902266527,1.6914099973412413,1.9807178647080685,1.5487010756617359,0.5868825333893083,0.6436550276014243,1.6304907236779973,2.157531608544263,2.1025322640338824,1.5852740512534396,1.060532968682883,1.2608326652125061,1.7907087581571586,2.085925542816643,2.0574868247077034,1.8306975708744364,1.5974055407656373,1.4479162615442125,1.3062933850809826,1.078894002830468,0.7659533692859529,0.43880201204923247,1,Mammalian
11.79,11.02066248268218,8.896573519928227,5.9204121407649,2.7907748305545272,0.6500687792521014,1.783603627932704,2.2681164434698053,1.7392377543493625,0.570479536102499,0.7432615902266527,1.6914099973412413,1.9807178647080685,1.5487010756617359,0.5868825333893083,0.6436550276014243,1.6304907236779973,2.157531608544263,2.1025322640338824,1.5852740512534396,1.060532968682883,1.2608326652125061,1.7907087581571586,2.085925542816643,2.0574868247077034,1.8306975708744364,1.5974055407656373,1.4479162615442125,1.3062933850809826,1.078894002830468,0.7659533692859529,0.43880201204923247,0,E_coli
11.79,11.02066248268218,8.896573519928227,5.9204121407649,2.7907748305545272,0.6500687792521014,1.783603627932704,2.2681164434698053,1.7392377543493625,0.570479536102499,0.7432615902266527,1.6914099973412413,1.9807178647080685,1.5487010756617359,0.5868825333893083,0.6436550276014243,1.6304907236779973,2.157531608544263,2.1025322640338824,1.5852740512534396,1.060532968682883,1.2608326652125061,1.7907087581571586,2.085925542816643,2.0574868247077034,1.8306975708744364,1.5974055407656373,1.4479162615442125,1.3062933850809826,1.078894002830468,0.7659533692859529,0.43880201204923247,1,Yeast
10.969999999999999,10.518173159609024,9.227681688385625,7.282665971138261,4.9558564308428386,2.563688705899871,0.4153350122527335,1.2386260049692406,2.2383577354013817,2.5427577582349583,2.227647089405326,1.4771392940786048,0.6516181308180772,0.8636412173220864,1.5521520920151115,1.9379184355464638,1.900657780874821,1.4604323069753415,0.7252036367627707,0.14289289165699431,0.9595637935843495,1.5663256864913047,1.8548745344783395,1.793869885629214,1.4435908867711775,0.992703420036239,0.8647010265155308,1.2140678457611518,1.5990366395129456,1.7981690202980023,1.7876275045600414,1.6630379387739587,1,Yeast
10.969999999999999,10.518173159609024,9.227681688385625,7.282665971138261,4.9558564308428386,2.563688705899871,0.4153350122527335,1.2386260049692406,2.2383577354013817,2.5427577582349583,2.227647089405326,1.4771392940786048,0.6516181308180772,0.8636412173220864,1.5521520920151115,1.9379184355464638,1.900657780874821,1.4604323069753415,0.7252036367627707,0.14289289165699431,0.9595637935843495,1.5663256864913047,1.8548745344783395,1.793869885629214,1.4435908867711775,0.992703420036239,0.8647010265155308,1.2140678457611518,1.5990366395129456,1.7981690202980023,1.7876275045600414,1.6630379387739587,1,Mammalian
10.969999999999999,10.518173159609024,9.227681688385625,7.282665971138261,4.9558564308428386,2.563688705899871,0.4153350122527335,1.2386260049692406,2.2383577354013817,2.5427577582349583,2.227647089405326,1.4771392940786048,0.6516181308180772,0.8636412173220864,1.5521520920151115,1.9379184355464638,1.900657780874821,1.4604323069753415,0.7252036367627707,0.14289289165699431,0.9595637935843495,1.5663256864913047,1.8548745344783395,1.793869885629214,1.4435908867711775,0.992703420036239,0.8647010265155308,1.2140678457611518,1.5990366395129456,1.7981690202980023,1.7876275045600414,1.6630379387739587,0,E_coli
18.09,15.672914236147282,9.544682412812133,2.482127357524108,2.697053750395063,4.233049765684114,2.6399219464151624,0.7427483349903985,2.2922363757071254,2.0183617149437407,0.7214301676731129,2.6006579442910396,3.541254208071007,2.516548461842105,0.29439538823093453,2.105691029272974,2.886260556498668,1.8558079301417583,0.26734518558864906,2.1797877174436384,2.877968997650677,2.215041237642899,1.048633890279666,1.0373657466844866,1.1866981073065996,0.6760868655422032,0.13145698573515655,0.23934456726429665,0.20955703247773447,0.9295514086980263,1.3056539360606791,0.9632149582515539,1,Mammalian
18.09,15.672914236147282,9.544682412812133,2.482127357524108,2.697053750395063,4.233049765684114,2.6399219464151624,0.7427483349903985,2.2922363757071254,2.0183617149437407,0.7214301676731129,2.6006579442910396,3.541254208071007,2.516548461842105,0.29439538823093453,2.105691029272974,2.886260556498668,1.8558079301417583,0.26734518558864906,2.1797877174436384,2.877968997650677,2.215041237642899,1.048633890279666,1.0373657466844866,1.1866981073065996,0.6760868655422032,0.13145698573515655,0.23934456726429665,0.20955703247773447,0.9295514086980263,1.3056539360606791,0.9632149582515539,1,Yeast
18.09,15.672914236147282,9.544682412812133,2.482127357524108,2.697053750395063,4.233049765684114,2.6399219464151624,0.7427483349903985,2.2922363757071254,2.0183617149437407,0.7214301676731129,2.6006579442910396,3.541254208071007,2.516548461842105,0.29439538823093453,2.105691029272974,2.886260556498668,1.8558079301417583,0.26734518558864906,2.1797877174436384,2.877968997650677,2.215041237642899,1.048633890279666,1.0373657466844866,1.1866981073065996,0.6760868655422032,0.13145698573515655,0.23934456726429665,0.20955703247773447,0.9295514086980263,1.3056539360606791,0.9632149582515539,0,E_coli
12.52,11.781313876253305,9.715402949666927,6.737425846432656,3.4314088177158157,0.45890344270911865,1.8467282689482492,2.9824145438840133,3.00232828636559,2.1239364661261435,0.7450857792490694,0.673556730468426,1.7197984154114785,2.1387470480536854,1.87348436714097,1.0610869941594874,0.03162277660168312,1.0677053407132422,1.7940223711780428,2.0584664922614473,1.8769049682142829,1.4312949711648946,1.0502954130969444,0.9920372189013502,1.0194237886615454,0.8381951583644931,0.4224647545049431,0.23935382985815973,0.6963868726095123,0.9765077955604374,0.964225358539726,0.7090607301261027,1,Yeast
12.52,11.781313876253305,9.715402949666927,6.737425846432656,3.4314088177158157,0.45890344270911865,1.8467282689482492,2.9824145438840133,3.00232828636559,2.1239364661261435,0.7450857792490694,0.673556730468426,1.7197984154114785,2.1387470480536854,1.87348436714097,1.0610869941594874,0.03162277660168312,1.0677053407132422,1.7940223711780428,2.0584664922614473,1.8769049682142829,1.4312949711648946,1.0502954130969444,0.9920372189013502,1.0194237886615454,0.8381951583644931,0.4224647545049431,0.23935382985815973,0.6963868726095123,0.9765077955604374,0.964225358539726,0.7090607301261027,1,Mammalian
12.52,11.781313876253305,9.715402949666927,6.737425846432656,3.4314088177158157,0.45890344270911865,1.8467282689482492,2.9824145438840133,3.00232828636559,2.1239364661261435,0.7450857792490694,0.673556730468426,1.7197984154114785,2.1387470480536854,1.87348436714097,1.0610869941594874,0.03162277660168312,1.0677053407132422,1.7940223711780428,2.0584664922614473,1.8769049682142829,1.4312949711648946,1.0502954130969444,0.9920372189013502,1.0194237886615454,0.8381951583644931,0.4224647545049431,0.23935382985815973,0.6963868726095123,0.9765077955604374,0.964225358539726,0.7090607301261027,0,E_coli
39.33,22.50842671993336,4.395381264524433,7.440014511681885,5.176457659632143,6.554714008636501,2.0271842965184486,3.2551945334317964,1.7672249092924537,0.2876325063353864,5.062779750559907,3.5332319739543743,1.8599026251425352,1.9186109827421494,1.8214340531117557,1.0382618024454005,1.682408987137194,0.844457242404995,1.0055772800506957,1.1953306220353368,2.0472130082013877,0.5400884786499467,1.8871202413336778,0.48211992221919825,0.7662350292020599,0.42046324357778814,0.37715417668573437,1.5467362455814857,2.3106638055058255,2.680490899442619,0.5328534606297832,2.338237547999752,1,Yeast
39.33,22.50842671993336,4.395381264524433,7.440014511681885,5.176457659632143,6.554714008636501,2.0271842965184486,3.2551945334317964,1.7672249092924537,0.2876325063353864,5.062779750559907,3.5332319739543743,1.8599026251425352,1.9186109827421494,1.8214340531117557,1.0382618024454005,1.682408987137194,0.844457242404995,1.0055772800506957,1.1953306220353368,2.0472130082013877,0.5400884786499467,1.8871202413336778,0.48211992221919825,0.7662350292020599,0.42046324357778814,0.37715417668573437,1.5467362455814857,2.3106638055058255,2.680490899442619,0.5328534606297832,2.338237547999752,0,E_coli
39.33,22.50842671993336,4.395381264524433,7.440014511681885,5.176457659632143,6.554714008636501,2.0271842965184486,3.2551945334317964,1.7672249092924537,0.2876325063353864,5.062779750559907,3.5332319739543743,1.8599026251425352,1.9186109827421494,1.8214340531117557,1.0382618024454005,1.682408987137194,0.844457242404995,1.0055772800506957,1.1953306220353368,2.0472130082013877,0.5400884786499467,1.8871202413336778,0.48211992221919825,0.7662350292020599,0.42046324357778814,0.37715417668573437,1.5467362455814857,2.3106638055058255,2.680490899442619,0.5328534606297832,2.338237547999752,1,Mammalian
39.349999999999994,22.52692331162277,4.390458938523391,7.440093638192335,5.177047980566829,6.54366150883666,2.0446611825580625,3.275183884009873,1.7482422831629596,0.275110178005839,5.068838469155527,3.5303371388029685,1.8737967197293057,1.9386047116178984,1.8047579778549252,1.022324196719789,1.7023806859806645,0.8638197444103612,1.0029102590695862,1.1778671519020865,2.030090259241146,0.5546329752858774,1.903593190193847,0.47959781724693484,0.7606897655162499,0.4395238410200283,0.374257545224063,1.5404268348219046,2.2958644557932506,2.6644669611490417,0.5442347296910063,2.355043274945003,0,E_coli
39.349999999999994,22.52692331162277,4.390458938523391,7.440093638192335,5.177047980566829,6.54366150883666,2.0446611825580625,3.275183884009873,1.7482422831629596,0.275110178005839,5.068838469155527,3.5303371388029685,1.8737967197293057,1.9386047116178984,1.8047579778549252,1.022324196719789,1.7023806859806645,0.8638197444103612,1.0029102590695862,1.1778671519020865,2.030090259241146,0.5546329752858774,1.903593190193847,0.47959781724693484,0.7606897655162499,0.4395238410200283,0.374257545224063,1.5404268348219046,2.2958644557932506,2.6644669611490417,0.5442347296910063,2.355043274945003,1,Yeast
39.349999999999994,22.52692331162277,4.390458938523391,7.440093638192335,5.177047980566829,6.54366150883666,2.0446611825580625,3.275183884009873,1.7482422831629596,0.275110178005839,5.068838469155527,3.5303371388029685,1.8737967197293057,1.9386047116178984,1.8047579778549252,1.022324196719789,1.7023806859806645,0.8638197444103612,1.0029102590695862,1.1778671519020865,2.030090259241146,0.5546329752858774,1.903593190193847,0.47959781724693484,0.7606897655162499,0.4395238410200283,0.374257545224063,1.5404268348219046,2.2958644557932506,2.6644669611490417,0.5442347296910063,2.355043274945003,1,Mammalian
38.67,21.89952185618558,4.603837514478946,7.467513734165284,5.200271290498186,6.94193624984592,1.4865702982242825,2.5956380086388653,2.402928683861624,0.8741158186573625,4.904574010064441,3.6888084568217114,1.4819303302642306,1.2589296979673956,2.4004069445764875,1.6157147670998937,1.0239628899525604,0.2652979212385228,1.279357672267395,1.801465002345397,2.6351023187524136,0.4637497947565534,1.3961959979582694,0.8725152557159924,1.1468800025613188,0.29095997589614836,0.8141694212663154,1.8665403697606222,2.835083203570741,3.2342219365731566,0.5728856815402289,1.820250796807647,1,Mammalian
38.67,21.89952185618558,4.603837514478946,7.467513734165284,5.200271290498186,6.94193624984592,1.4865702982242825,2.5956380086388653,2.402928683861624,0.8741158186573625,4.904574010064441,3.6888084568217114,1.4819303302642306,1.2589296979673956,2.4004069445764875,1.6157147670998937,1.0239628899525604,0.2652979212385228,1.279357672267395,1.801465002345397,2.6351023187524136,0.4637497947565534,1.3961959979582694,0.8725152557159924,1.1468800025613188,0.29095997589614836,0.8141694212663154,1.8665403697606222,2.835083203570741,3.2342219365731566,0.5728856815402289,1.820250796807647,0,E_coli
38.67,21.89952185618558,4.603837514478946,7.467513734165284,5.200271290498186,6.94193624984592,1.4865702982242825,2.5956380086388653,2.402928683861624,0.8741158186573625,4.904574010064441,3.6888084568217114,1.4819303302642306,1.2589296979673956,2.4004069445764875,1.6157147670998937,1.0239628899525604,0.2652979212385228,1.279357672267395,1.801465002345397,2.6351023187524136,0.4637497947565534,1.3961959979582694,0.8725152557159924,1.1468800025613188,0.29095997589614836,0.8141694212663154,1.8665403697606222,2.835083203570741,3.2342219365731566,0.5728856815402289,1.820250796807647,1,Yeast
38.82,22.03765098956721,4.548897568332376,7.456144576971052,5.187500426817402,6.850270465539033,1.601597670180676,2.7455185027320073,2.257226232422951,0.7298815653852659,4.933227229515777,3.6435489320035774,1.5513511184379414,1.4088310475307775,2.264933468237012,1.4784208313219203,1.1734564329364785,0.37410808783755795,1.1908320475768075,1.66010365379226,2.498330328073211,0.3949432439188251,1.4963939917257771,0.751392855477403,1.036016281562068,0.170577591615431,0.6841400626096115,1.777466343500075,2.7107000204597043,3.1047281641009823,0.49156661078546954,1.9303802561120662,0,E_coli
38.82,22.03765098956721,4.548897568332376,7.456144576971052,5.187500426817402,6.850270465539033,1.601597670180676,2.7455185027320073,2.257226232422951,0.7298815653852659,4.933227229515777,3.6435489320035774,1.5513511184379414,1.4088310475307775,2.264933468237012,1.4784208313219203,1.1734564329364785,0.37410808783755795,1.1908320475768075,1.66010365379226,2.498330328073211,0.3949432439188251,1.4963939917257771,0.751392855477403,1.036016281562068,0.170577591615431,0.6841400626096115,1.777466343500075,2.7107000204597043,3.1047281641009823,0.49156661078546954,1.9303802561120662,1,Yeast
38.82,22.03765098956721,4.548897568332376,7.456144576971052,5.187500426817402,6.850270465539033,1.601597670180676,2.7455185027320073,2.257226232422951,0.7298815653852659,4.933227229515777,3.6435489320035774,1.5513511184379414,1.4088310475307775,2.264933468237012,1.4784208313219203,1.1734564329364785,0.37410808783755795,1.1908320475768075,1.66010365379226,2.498330328073211,0.3949432439188251,1.4963939917257771,0.751392855477403,1.036016281562068,0.170577591615431,0.6841400626096115,1.777466343500075,2.7107000204597043,3.1047281641009823,0.49156661078546954,1.9303802561120662,1,Mammalian
38.81,22.028437550071754,4.552427096837075,7.45680918672178,5.188217876368274,6.856317550072263,1.5937482572300432,2.735526062213068,2.2669222889262772,0.7394258068382735,4.931180242718791,3.6463917444489438,1.5463673906127693,1.3988369662267681,2.273908296555118,1.4874974144837367,1.163486140871476,0.36594890776446914,1.1963525002019835,1.6694808401287924,2.5074013935371404,0.39814454619534767,1.489453881200237,0.7591468894810779,1.043102744684938,0.17720265502750934,0.6925575114636037,1.7831504962435356,2.7189118066370144,3.1133038095296452,0.49599235638340233,1.9228704936093317,1,Yeast
38.81,22.028437550071754,4.552427096837075,7.45680918672178,5.188217876368274,6.856317550072263,1.5937482572300432,2.735526062213068,2.2669222889262772,0.7394258068382735,4.931180242718791,3.6463917444489438,1.5463673906127693,1.3988369662267681,2.273908296555118,1.4874974144837367,1.163486140871476,0.36594890776446914,1.1963525002019835,1.6694808401287924,2.5074013935371404,0.39814454619534767,1.489453881200237,0.7591468894810779,1.043102744684938,0.17720265502750934,0.6925575114636037,1.7831504962435356,2.7189118066370144,3.1133038095296452,0.49599235638340233,1.9228704936093317,1,Mammalian
38.81,22.028437550071754,4.552427096837075,7.45680918672178,5.188217876368274,6.856317550072263,1.5937482572300432,2.735526062213068,2.2669222889262772,0.7394258068382735,4.931180242718791,3.6463917444489438,1.5463673906127693,1.3988369662267681,2.273908296555118,1.4874974144837367,1.163486140871476,0.36594890776446914,1.1963525002019835,1.6694808401287924,2.5074013935371404,0.39814454619534767,1.489453881200237,0.7591468894810779,1.043102744684938,0.17720265502750934,0.6925575114636037,1.7831504962435356,2.7189118066370144,3.1133038095296452,0.49599235638340233,1.9228704936093317,0,E_coli
39.22,22.40674163640116,4.423972614487001,7.440540314611257,5.1745916264732275,6.6162534409840905,1.9319365117164007,3.1452555255048305,1.872008086692094,0.36849711847152694,5.030747794539706,3.5511253788995547,1.785558100371679,1.8086479526577421,1.914291145948748,1.128234022762308,1.5725775020646842,0.7385710480679032,1.0271063223412513,1.2926943847736678,2.1422795388339355,0.4673581239244008,1.797798528338251,0.509980550031138,0.8049756042014005,0.3177012232620609,0.41050745252727505,1.5855040218031444,2.393412239235797,2.769547160487448,0.48042725024008454,2.2467416079609728,1,Mammalian
39.22,22.40674163640116,4.423972614487001,7.440540314611257,5.1745916264732275,6.6162534409840905,1.9319365117164007,3.1452555255048305,1.872008086692094,0.36849711847152694,5.030747794539706,3.5511253788995547,1.785558100371679,1.8086479526577421,1.914291145948748,1.128234022762308,1.5725775020646842,0.7385710480679032,1.0271063223412513,1.2926943847736678,2.1422795388339355,0.4673581239244008,1.797798528338251,0.509980550031138,0.8049756042014005,0.3177012232620609,0.41050745252727505,1.5855040218031444,2.393412239235797,2.769547160487448,0.48042725024008454,2.2467416079609728,1,Yeast
39.22,22.40674163640116,4.423972614487001,7.440540314611257,5.1745916264732275,6.6162534409840905,1.9319365117164007,3.1452555255048305,1.872008086692094,0.36849711847152694,5.030747794539706,3.5511253788995547,1.785558100371679,1.8086479526577421,1.914291145948748,1.128234022762308,1.5725775020646842,0.7385710480679032,1.0271063223412513,1.2926943847736678,2.1422795388339355,0.4673581239244008,1.797798528338251,0.509980550031138,0.8049756042014005,0.3177012232620609,0.41050745252727505,1.5855040218031444,2.393412239235797,2.769547160487448,0.48042725024008454,2.2467416079609728,0,E_coli
11.780000000000001,11.256292730411547,9.77221495769979,7.571787115760657,5.008373870053988,2.477291545111692,0.3702445067039974,1.1776016699804261,1.8954616105569717,1.8871863864747345,1.3384883237245346,0.6555381105045134,0.8734178206950027,1.4908512055343108,1.8063810181614064,1.709408728597099,1.2606347607455541,0.6808658488553861,0.6325806170102863,1.1153544437459155,1.4646324431882078,1.5516624864356279,1.4249991607345476,1.2310956744734782,1.1214389340952868,1.0862813581405286,0.9716265711390178,0.669240738571767,0.21583395148439327,0.486104792825634,1.0543867465918781,1.4690273865861405,1,Mammalian
11.780000000000001,11.256292730411547,9.77221495769979,7.571787115760657,5.008373870053988,2.477291545111692,0.3702445067039974,1.1776016699804261,1.8954616105569717,1.8871863864747345,1.3384883237245346,0.6555381105045134,0.8734178206950027,1.4908512055343108,1.8063810181614064,1.709408728597099,1.2606347607455541,0.6808658488553861,0.6325806170102863,1.1153544437459155,1.4646324431882078,1.5516624864356279,1.4249991607345476,1.2310956744734782,1.1214389340952868,1.0862813581405286,0.9716265711390178,0.669240738571767,0.21583395148439327,0.486104792825634,1.0543867465918781,1.4690273865861405,0,E_coli
11.780000000000001,11.256292730411547,9.77221495769979,7.571787115760657,5.008373870053988,2.477291545111692,0.3702445067039974,1.1776016699804261,1.8954616105569717,1.8871863864747345,1.3384883237245346,0.6555381105045134,0.8734178206950027,1.4908512055343108,1.8063810181614064,1.709408728597099,1.2606347607455541,0.6808658488553861,0.6325806170102863,1.1153544437459155,1.4646324431882078,1.5516624864356279,1.4249991607345476,1.2310956744734782,1.1214389340952868,1.0862813581405286,0.9716265711390178,0.669240738571767,0.21583395148439327,0.486104792825634,1.0543867465918781,1.4690273865861405,1,Yeast
11.59,11.067241994384762,9.585965608083082,7.390025609371605,4.832363438275347,2.306805878715031,0.18286929540479702,1.3130667791891841,2.026896026344824,2.015143005769506,1.4764154784100858,0.841042322611344,0.9961423781172657,1.5749297464694865,1.896070857536813,1.8215359541791303,1.408012784032872,0.86980272533579,0.7087174929267674,1.0530518104928253,1.3386982221809882,1.38542305215657,1.2360904676758957,1.0572026993481125,1.0209272737994441,1.0759324818684122,1.026978563423129,0.7632889277179341,0.29300346903752333,0.3030531303735613,0.870430767474917,1.2807015932611676,0,E_coli
11.59,11.067241994384762,9.585965608083082,7.390025609371605,4.832363438275347,2.306805878715031,0.18286929540479702,1.3130667791891841,2.026896026344824,2.015143005769506,1.4764154784100858,0.841042322611344,0.9961423781172657,1.5749297464694865,1.896070857536813,1.8215359541791303,1.408012784032872,0.86980272533579,0.7087174929267674,1.0530518104928253,1.3386982221809882,1.38542305215657,1.2360904676758957,1.0572026993481125,1.0209272737994441,1.0759324818684122,1.026978563423129,0.7632889277179341,0.29300346903752333,0.3030531303735613,0.870430767474917,1.2807015932611676,1,Yeast
11.59,11.067241994384762,9.585965608083082,7.390025609371605,4.832363438275347,2.306805878715031,0.18286929540479702,1.3130667791891841,2.026896026344824,2.015143005769506,1.4764154784100858,0.841042322611344,0.9961423781172657,1.5749297464694865,1.896070857536813,1.8215359541791303,1.408012784032872,0.86980272533579,0.7087174929267674,1.0530518104928253,1.3386982221809882,1.38542305215657,1.2360904676758957,1.0572026993481125,1.0209272737994441,1.0759324818684122,1.026978563423129,0.7632889277179341,0.29300346903752333,0.3030531303735613,0.870430767474917,1.2807015932611676,1,Mammalian
10.16,9.778326552250928,8.684331437661685,7.0230153600674745,5.010525944569256,2.9005567231781595,0.9467373728391993,0.6500170675017158,1.723085035849783,2.227874269743149,2.192316119072914,1.7232808896956568,0.9814026469446714,0.1687649785660901,0.6254863233256958,1.1716844123451025,1.4384018909887457,1.4177075201091034,1.1687330590084515,0.8168127810102859,0.5884026131411427,0.6854565506251379,0.8992781632641954,1.0537578947629624,1.145852503261459,1.2381521566449554,1.3708120258899663,1.5121166646648647,1.5916221185372625,1.557937664850592,1.4129504353049347,1.2290505999342929,0,E_coli
10.16,9.778326552250928,8.684331437661685,7.0230153600674745,5.010525944569256,2.9005567231781595,0.9467373728391993,0.6500170675017158,1.723085035849783,2.227874269743149,2.192316119072914,1.7232808896956568,0.9814026469446714,0.1687649785660901,0.6254863233256958,1.1716844123451025,1.4384018909887457,1.4177075201091034,1.1687330590084515,0.8168127810102859,0.5884026131411427,0.6854565506251379,0.8992781632641954,1.0537578947629624,1.145852503261459,1.2381521566449554,1.3708120258899663,1.5121166646648647,1.5916221185372625,1.557937664850592,1.4129504353049347,1.2290505999342929,1,Mammalian
10.16,9.778326552250928,8.684331437661685,7.0230153600674745,5.010525944569256,2.9005567231781595,0.9467373728391993,0.6500170675017158,1.723085035849783,2.227874269743149,2.192316119072914,1.7232808896956568,0.9814026469446714,0.1687649785660901,0.6254863233256958,1.1716844123451025,1.4384018909887457,1.4177075201091034,1.1687330590084515,0.8168127810102859,0.5884026131411427,0.6854565506251379,0.8992781632641954,1.0537578947629624,1.145852503261459,1.2381521566449554,1.3708120258899663,1.5121166646648647,1.5916221185372625,1.557937664850592,1.4129504353049347,1.2290505999342929,1,Yeast
19.82,17.26235060623735,10.717004597563127,2.9767313962219295,2.942669314924862,5.264846966403604,4.195820592628588,1.6269294918254005,1.302415011801549,1.6283585905432982,0.8061662211792088,1.7407921974570488,2.493761940520796,1.8060851935664233,0.20608132163505494,1.4459905907740522,1.808535318980528,0.8033538740932685,0.9581640874553575,2.2572213198688664,2.4182727037536207,1.5352850430321616,0.8898867674497782,1.3476333426840024,1.3322594105631125,1.2217990924791282,1.7127178038499222,1.9385345611799842,1.585498602109047,1.29846982979681,1.4401213039156102,1.3648781675244415,0,E_coli
19.82,17.26235060623735,10.717004597563127,2.9767313962219295,2.942669314924862,5.264846966403604,4.195820592628588,1.6269294918254005,1.302415011801549,1.6283585905432982,0.8061662211792088,1.7407921974570488,2.493761940520796,1.8060851935664233,0.20608132163505494,1.4459905907740522,1.808535318980528,0.8033538740932685,0.9581640874553575,2.2572213198688664,2.4182727037536207,1.5352850430321616,0.8898867674497782,1.3476333426840024,1.3322594105631125,1.2217990924791282,1.7127178038499222,1.9385345611799842,1.585498602109047,1.29846982979681,1.4401213039156102,1.3648781675244415,1,Yeast
19.82,17.26235060623735,10.717004597563127,2.9767313962219295,2.942669314924862,5.264846966403604,4.195820592628588,1.6269294918254005,1.302415011801549,1.6283585905432982,0.8061662211792088,1.7407921974570488,2.493761940520796,1.8060851935664233,0.20608132163505494,1.4459905907740522,1.808535318980528,0.8033538740932685,0.9581640874553575,2.2572213198688664,2.4182727037536207,1.5352850430321616,0.8898867674497782,1.3476333426840024,1.3322594105631125,1.2217990924791282,1.7127178038499222,1.9385345611799842,1.585498602109047,1.29846982979681,1.4401213039156102,1.3648781675244415,1,Mammalian
18.2,16.02155749094179,10.4563549269646,3.903353295985151,1.0787164319237228,2.9611422530114204,2.034313551747881,0.9868818528933663,2.4411914146899534,2.5416624534084944,1.1344620773186807,0.7834000508600617,1.9568713374783677,1.9674145361123399,1.5092682283399212,1.7505141653931056,1.9403092537015847,1.500028716762635,0.9557305145415994,0.7318628558884616,0.2528828743745185,0.9044727661086766,1.6621248548410368,1.5680673436089725,0.7209608011841305,1.3958023771455825,2.3912481371748986,2.335718770597205,1.238012794724456,0.36537215507602583,1.2683720753465009,1.341971340003065,1,Yeast
18.2,16.02155749094179,10.4563549269646,3.903353295985151,1.0787164319237228,2.9611422530114204,2.034313551747881,0.9868818528933663,2.4411914146899534,2.5416624534084944,1.1344620773186807,0.7834000508600617,1.9568713374783677,1.9674145361123399,1.5092682283399212,1.7505141653931056,1.9403092537015847,1.500028716762635,0.9557305145415994,0.7318628558884616,0.2528828743745185,0.9044727661086766,1.6621248548410368,1.5680673436089725,0.7209608011841305,1.3958023771455825,2.3912481371748986,2.335718770597205,1.238012794724456,0.36537215507602583,1.2683720753465009,1.341971340003065,1,Mammalian
18.2,16.02155749094179,10.4563549269646,3.903353295985151,1.0787164319237228,2.9611422530114204,2.034313551747881,0.9868818528933663,2.4411914146899534,2.5416624534084944,1.1344620773186807,0.7834000508600617,1.9568713374783677,1.9674145361123399,1.5092682283399212,1.7505141653931056,1.9403092537015847,1.500028716762635,0.9557305145415994,0.7318628558884616,0.2528828743745185,0.9044727661086766,1.6621248548410368,1.5680673436089725,0.7209608011841305,1.3958023771455825,2.3912481371748986,2.335718770597205,1.238012794724456,0.36537215507602583,1.2683720753465009,1.341971340003065,0,E_coli
4.17,4.142286830529653,4.0597062634430845,3.923923253027555,3.737673447842956,3.504705302987836,3.2297011299471468,2.9181793251688557,2.576381056402637,2.211146606739847,1.829791295831482,1.4400058265440392,1.0498669732248342,0.6683981583429808,0.3109635753621644,0.14307554290294763,0.4114608122288196,0.6944671205191416,0.9445708192864918,1.1539639119576517,1.318569181157671,1.435909330280346,1.5047666644094395,1.5251016505317512,1.49801890916291,1.425736674566952,1.311553167278992,1.1598225527821073,0.9759876281606531,0.7668360295217944,0.5417311849168478,0.31985093584585395,1,Yeast
4.17,4.142286830529653,4.0597062634430845,3.923923253027555,3.737673447842956,3.504705302987836,3.2297011299471468,2.9181793251688557,2.576381056402637,2.211146606739847,1.829791295831482,1.4400058265440392,1.0498669732248342,0.6683981583429808,0.3109635753621644,0.14307554290294763,0.4114608122288196,0.6944671205191416,0.9445708192864918,1.1539639119576517,1.318569181157671,1.435909330280346,1.5047666644094395,1.5251016505317512,1.49801890916291,1.425736674566952,1.311553167278992,1.1598225527821073,0.9759876281606531,0.7668360295217944,0.5417311849168478,0.31985093584585395,1,Mammalian
4.17,4.142286830529653,4.0597062634430845,3.923923253027555,3.737673447842956,3.504705302987836,3.2297011299471468,2.9181793251688557,2.576381056402637,2.211146606739847,1.829791295831482,1.4400058265440392,1.0498669732248342,0.6683981583429808,0.3109635753621644,0.14307554290294763,0.4114608122288196,0.6944671205191416,0.9445708192864918,1.1539639119576517,1.318569181157671,1.435909330280346,1.5047666644094395,1.5251016505317512,1.49801890916291,1.425736674566952,1.311553167278992,1.1598225527821073,0.9759876281606531,0.7668360295217944,0.5417311849168478,0.31985093584585395,0,E_coli
17.490000000000002,15.39145747619532,9.987850723770979,3.5363890608805897,1.7688623157253833,3.79732076546725,2.856750580597753,0.3195742862394349,2.52056626212814,3.7422227970049025,3.226747004324488,1.6913538784887812,0.7994776462471046,1.1999558724824304,0.9544673964227973,0.2478232711297162,0.4522167621838013,0.5434487515988886,0.35205841099009455,0.7279660410771113,1.1340533540675626,1.3095344013423444,1.3137564787825113,1.0968855982351353,0.552218904259329,0.24943753868932295,0.9292046536920946,1.2325086312954985,1.0990380299543487,0.8134027530005432,0.7599916449776402,0.8311236111166366,0,E_coli
17.490000000000002,15.39145747619532,9.987850723770979,3.5363890608805897,1.7688623157253833,3.79732076546725,2.856750580597753,0.3195742862394349,2.52056626212814,3.7422227970049025,3.226747004324488,1.6913538784887812,0.7994776462471046,1.1999558724824304,0.9544673964227973,0.2478232711297162,0.4522167621838013,0.5434487515988886,0.35205841099009455,0.7279660410771113,1.1340533540675626,1.3095344013423444,1.3137564787825113,1.0968855982351353,0.552218904259329,0.24943753868932295,0.9292046536920946,1.2325086312954985,1.0990380299543487,0.8134027530005432,0.7599916449776402,0.8311236111166366,2,Yeast
17.490000000000002,15.39145747619532,9.987850723770979,3.5363890608805897,1.7688623157253833,3.79732076546725,2.856750580597753,0.3195742862394349,2.52056626212814,3.7422227970049025,3.226747004324488,1.6913538784887812,0.7994776462471046,1.1999558724824304,0.9544673964227973,0.2478232711297162,0.4522167621838013,0.5434487515988886,0.35205841099009455,0.7279660410771113,1.1340533540675626,1.3095344013423444,1.3137564787825113,1.0968855982351353,0.552218904259329,0.24943753868932295,0.9292046536920946,1.2325086312954985,1.0990380299543487,0.8134027530005432,0.7599916449776402,0.8311236111166366,1,Mammalian
9.040000000000001,8.832699881809663,8.227775582986192,7.274486944473746,6.0495520127062985,4.6496854535701555,3.1823268022350533,1.7557672528455248,0.47436208400881286,0.6182092039211333,1.413126753829712,1.914568769754248,2.124573211529179,2.077225453413741,1.8333147486472872,1.4785178593460175,1.127918436767482,0.9260606423219743,0.94614126713393,1.0706741541925047,1.1565665596995582,1.1392502163677392,1.0084988281041745,0.7846815303742922,0.5069325529642145,0.23473468609826031,0.16382717126140584,0.3206453495736284,0.4273908134231514,0.4440473836854988,0.37661965441396145,0.25784235740253814,1,Mammalian
9.040000000000001,8.832699881809663,8.227775582986192,7.274486944473746,6.0495520127062985,4.6496854535701555,3.1823268022350533,1.7557672528455248,0.47436208400881286,0.6182092039211333,1.413126753829712,1.914568769754248,2.124573211529179,2.077225453413741,1.8333147486472872,1.4785178593460175,1.127918436767482,0.9260606423219743,0.94614126713393,1.0706741541925047,1.1565665596995582,1.1392502163677392,1.0084988281041745,0.7846815303742922,0.5069325529642145,0.23473468609826031,0.16382717126140584,0.3206453495736284,0.4273908134231514,0.4440473836854988,0.37661965441396145,0.25784235740253814,0,E_coli
9.040000000000001,8.832699881809663,8.227775582986192,7.274486944473746,6.0495520127062985,4.6496854535701555,3.1823268022350533,1.7557672528455248,0.47436208400881286,0.6182092039211333,1.413126753829712,1.914568769754248,2.124573211529179,2.077225453413741,1.8333147486472872,1.4785178593460175,1.127918436767482,0.9260606423219743,0.94614126713393,1.0706741541925047,1.1565665596995582,1.1392502163677392,1.0084988281041745,0.7846815303742922,0.5069325529642145,0.23473468609826031,0.16382717126140584,0.3206453495736284,0.4273908134231514,0.4440473836854988,0.37661965441396145,0.25784235740253814,2,Yeast
9.75,9.484741187236802,8.715493355088933,7.518577974853262,6.0107591204043365,4.335072401080396,2.643740122065148,1.0804504333207878,0.2356734545532302,1.2223664889464458,1.8412934728956718,2.099183284342551,2.043182277023805,1.7514799066849838,1.3212479906415462,0.8578915109710976,0.4780167361086851,0.33716814887812024,0.4036179735132977,0.4542876672715813,0.4547324175242467,0.46604039044856466,0.5354812665381855,0.6296234595505228,0.6848781080009393,0.6601142062088946,0.5484449022360716,0.389476366113854,0.32279933052046855,0.4696562193712383,0.677876369359529,0.8335079016064258,0,E_coli
9.75,9.484741187236802,8.715493355088933,7.518577974853262,6.0107591204043365,4.335072401080396,2.643740122065148,1.0804504333207878,0.2356734545532302,1.2223664889464458,1.8412934728956718,2.099183284342551,2.043182277023805,1.7514799066849838,1.3212479906415462,0.8578915109710976,0.4780167361086851,0.33716814887812024,0.4036179735132977,0.4542876672715813,0.4547324175242467,0.46604039044856466,0.5354812665381855,0.6296234595505228,0.6848781080009393,0.6601142062088946,0.5484449022360716,0.389476366113854,0.32279933052046855,0.4696562193712383,0.677876369359529,0.8335079016064258,1,Mammalian
9.75,9.484741187236802,8.715493355088933,7.518577974853262,6.0107591204043365,4.335072401080396,2.643740122065148,1.0804504333207878,0.2356734545532302,1.2223664889464458,1.8412934728956718,2.099183284342551,2.043182277023805,1.7514799066849838,1.3212479906415462,0.8578915109710976,0.4780167361086851,0.33716814887812024,0.4036179735132977,0.4542876672715813,0.4547324175242467,0.46604039044856466,0.5354812665381855,0.6296234595505228,0.6848781080009393,0.6601142062088946,0.5484449022360716,0.389476366113854,0.32279933052046855,0.4696562193712383,0.677876369359529,0.8335079016064258,2,Yeast
12.940000000000001,12.268550363442555,10.382564650213867,7.638426807106117,4.5432090775437395,1.6717062709598118,0.9029280781414205,2.1616223265047454,2.5336444480165436,2.0757120795030164,1.0809827924639237,0.16399673244803242,1.1189688306146466,1.7349718705125807,1.882734710179692,1.636267131309012,1.1900420160649796,0.7996870654401274,0.6358581430897248,0.5827993127080562,0.5716811961803319,0.7634620754738458,1.0883065470827942,1.3313229867193601,1.370928813263091,1.2188530826441286,1.0451715069393022,1.083643435364194,1.2757510116675868,1.3676396140560225,1.2279854176007827,0.901414526414884,1,Mammalian
12.940000000000001,12.268550363442555,10.382564650213867,7.638426807106117,4.5432090775437395,1.6717062709598118,0.9029280781414205,2.1616223265047454,2.5336444480165436,2.0757120795030164,1.0809827924639237,0.16399673244803242,1.1189688306146466,1.7349718705125807,1.882734710179692,1.636267131309012,1.1900420160649796,0.7996870654401274,0.6358581430897248,0.5827993127080562,0.5716811961803319,0.7634620754738458,1.0883065470827942,1.3313229867193601,1.370928813263091,1.2188530826441286,1.0451715069393022,1.083643435364194,1.2757510116675868,1.3676396140560225,1.2279854176007827,0.901414526414884,2,Yeast
12.940000000000001,12.268550363442555,10.382564650213867,7.638426807106117,4.5432090775437395,1.6717062709598118,0.9029280781414205,2.1616223265047454,2.5336444480165436,2.0757120795030164,1.0809827924639237,0.16399673244803242,1.1189688306146466,1.7349718705125807,1.882734710179692,1.636267131309012,1.1900420160649796,0.7996870654401274,0.6358581430897248,0.5827993127080562,0.5716811961803319,0.7634620754738458,1.0883065470827942,1.3313229867193601,1.370928813263091,1.2188530826441286,1.0451715069393022,1.083643435364194,1.2757510116675868,1.3676396140560225,1.2279854176007827,0.901414526414884,0,E_coli
10.719999999999999,10.328543039773368,9.206603872351018,7.503097030312606,5.4397321646976415,3.276128534496294,1.2699134285369849,0.3670982569943121,1.4793208629697574,2.0184216922992055,2.0171464073217567,1.5878516265181288,0.8954404596152099,0.12529946172888715,0.5558845611899316,1.0185253706001554,1.2041594578792294,1.1312778197869555,0.9124721197054334,0.7822687252255857,0.9236555976262399,1.1603834266509643,1.2844001364470532,1.213610137831782,0.9533151548058028,0.5810213803584197,0.33029131678063106,0.5252039562478706,0.7652193780947575,0.8477981612244707,0.7475936824282801,0.5197130296791622,0,E_coli
10.719999999999999,10.328543039773368,9.206603872351018,7.503097030312606,5.4397321646976415,3.276128534496294,1.2699134285369849,0.3670982569943121,1.4793208629697574,2.0184216922992055,2.0171464073217567,1.5878516265181288,0.8954404596152099,0.12529946172888715,0.5558845611899316,1.0185253706001554,1.2041594578792294,1.1312778197869555,0.9124721197054334,0.7822687252255857,0.9236555976262399,1.1603834266509643,1.2844001364470532,1.213610137831782,0.9533151548058028,0.5810213803584197,0.33029131678063106,0.5252039562478706,0.7652193780947575,0.8477981612244707,0.7475936824282801,0.5197130296791622,1,Mammalian
10.719999999999999,10.328543039773368,9.206603872351018,7.503097030312606,5.4397321646976415,3.276128534496294,1.2699134285369849,0.3670982569943121,1.4793208629697574,2.0184216922992055,2.0171464073217567,1.5878516265181288,0.8954404596152099,0.12529946172888715,0.5558845611899316,1.0185253706001554,1.2041594578792294,1.1312778197869555,0.9124721197054334,0.7822687252255857,0.9236555976262399,1.1603834266509643,1.2844001364470532,1.213610137831782,0.9533151548058028,0.5810213803584197,0.33029131678063106,0.5252039562478706,0.7652193780947575,0.8477981612244707,0.7475936824282801,0.5197130296791622,2,Yeast
41.58,24.40367349774506,2.579472351489785,6.874832759110114,2.5463912301153138,2.6586899111327633,2.5881218011827234,0.5912526491458863,3.156063421981318,1.0149769187914148,2.6584174935337495,1.830873931748816,0.14966318302268103,1.751658069339032,0.5469632888464532,0.7355709308463362,1.2300406497347969,1.9935945059049003,1.6589852467607602,1.356910057633225,1.9079602402497846,2.09029753560316,0.620458560637125,0.4628034066903696,1.9556236029542002,1.2846161862746444,2.0153534657586842,2.317694395340156,2.1108245679035766,1.220852097223927,0.7997156085054021,1.2168623121035105,0,E_coli
41.58,24.40367349774506,2.579472351489785,6.874832759110114,2.5463912301153138,2.6586899111327633,2.5881218011827234,0.5912526491458863,3.156063421981318,1.0149769187914148,2.6584174935337495,1.830873931748816,0.14966318302268103,1.751658069339032,0.5469632888464532,0.7355709308463362,1.2300406497347969,1.9935945059049003,1.6589852467607602,1.356910057633225,1.9079602402497846,2.09029753560316,0.620458560637125,0.4628034066903696,1.9556236029542002,1.2846161862746444,2.0153534657586842,2.317694395340156,2.1108245679035766,1.220852097223927,0.7997156085054021,1.2168623121035105,1,Mammalian
41.58,24.40367349774506,2.579472351489785,6.874832759110114,2.5463912301153138,2.6586899111327633,2.5881218011827234,0.5912526491458863,3.156063421981318,1.0149769187914148,2.6584174935337495,1.830873931748816,0.14966318302268103,1.751658069339032,0.5469632888464532,0.7355709308463362,1.2300406497347969,1.9935945059049003,1.6589852467607602,1.356910057633225,1.9079602402497846,2.09029753560316,0.620458560637125,0.4628034066903696,1.9556236029542002,1.2846161862746444,2.0153534657586842,2.317694395340156,2.1108245679035766,1.220852097223927,0.7997156085054021,1.2168623121035105,2,Yeast
41.97,24.70524709335749,2.3856463979560028,6.997020164475077,2.15639132382685,2.3652418552340606,2.9038331850469756,0.40174664272779054,3.3319567368073844,1.1818370147310657,2.5104015489482077,2.119215247704184,0.4750068029175175,1.8926964727205793,0.9368001152374723,0.34562012221094085,1.4948244044034078,1.8591541946873762,1.591102007442137,1.728637424885464,1.5221175198350874,1.8965317514754128,0.9738376325966661,0.1871562685000789,2.260323937855786,1.585990647195809,1.7174793054492343,1.9984854872588795,1.8271024195478045,1.1542454944498584,0.7780958855274311,1.4817034846432147,0,E_coli
41.97,24.70524709335749,2.3856463979560028,6.997020164475077,2.15639132382685,2.3652418552340606,2.9038331850469756,0.40174664272779054,3.3319567368073844,1.1818370147310657,2.5104015489482077,2.119215247704184,0.4750068029175175,1.8926964727205793,0.9368001152374723,0.34562012221094085,1.4948244044034078,1.8591541946873762,1.591102007442137,1.728637424885464,1.5221175198350874,1.8965317514754128,0.9738376325966661,0.1871562685000789,2.260323937855786,1.585990647195809,1.7174793054492343,1.9984854872588795,1.8271024195478045,1.1542454944498584,0.7780958855274311,1.4817034846432147,2,Yeast
41.97,24.70524709335749,2.3856463979560028,6.997020164475077,2.15639132382685,2.3652418552340606,2.9038331850469756,0.40174664272779054,3.3319567368073844,1.1818370147310657,2.5104015489482077,2.119215247704184,0.4750068029175175,1.8926964727205793,0.9368001152374723,0.34562012221094085,1.4948244044034078,1.8591541946873762,1.591102007442137,1.728637424885464,1.5221175198350874,1.8965317514754128,0.9738376325966661,0.1871562685000789,2.260323937855786,1.585990647195809,1.7174793054492343,1.9984854872588795,1.8271024195478045,1.1542454944498584,0.7780958855274311,1.4817034846432147,1,Mammalian
41.61,24.426782583811544,2.5629766360663133,6.883524347593561,2.5163912362926197,2.635228110932871,2.6116947144551372,0.5694772708645518,3.1682362428763375,1.023511169287829,2.6452849021503075,1.851732359660715,0.16502220900595982,1.7598420348782067,0.5769429066579279,0.7055727842600844,1.248078523170719,1.9808522440783702,1.6505940698782624,1.3851477622035928,1.8782190640783814,2.073431902992979,0.6461474968716918,0.4354371267667448,1.9779987637318748,1.3061343812787152,1.991310551602268,2.292362435518272,2.0877825470525,1.2114086136842939,0.7912781219171106,1.2348806188272958,2,Yeast
41.61,24.426782583811544,2.5629766360663133,6.883524347593561,2.5163912362926197,2.635228110932871,2.6116947144551372,0.5694772708645518,3.1682362428763375,1.023511169287829,2.6452849021503075,1.851732359660715,0.16502220900595982,1.7598420348782067,0.5769429066579279,0.7055727842600844,1.248078523170719,1.9808522440783702,1.6505940698782624,1.3851477622035928,1.8782190640783814,2.073431902992979,0.6461474968716918,0.4354371267667448,1.9779987637318748,1.3061343812787152,1.991310551602268,2.292362435518272,2.0877825470525,1.2114086136842939,0.7912781219171106,1.2348806188272958,1,Mammalian
41.61,24.426782583811544,2.5629766360663133,6.883524347593561,2.5163912362926197,2.635228110932871,2.6116947144551372,0.5694772708645518,3.1682362428763375,1.023511169287829,2.6452849021503075,1.851732359660715,0.16502220900595982,1.7598420348782067,0.5769429066579279,0.7055727842600844,1.248078523170719,1.9808522440783702,1.6505940698782624,1.3851477622035928,1.8782190640783814,2.073431902992979,0.6461474968716918,0.4354371267667448,1.9779987637318748,1.3061343812787152,1.991310551602268,2.292362435518272,2.0877825470525,1.2114086136842939,0.7912781219171106,1.2348806188272958,0,E_coli
41.11,24.043618429690714,2.8666453370323333,6.754618751213883,3.016391149379502,3.0413003762298887,2.238980918242261,0.990232252324094,2.9982736319804806,0.9963060008667979,2.897134472757987,1.5439202594456656,0.426236996970508,1.6891055000588067,0.07932095723532775,1.2055539366540884,1.0235721762533414,2.236701357938018,1.849950055468215,0.9290554410873285,2.3747555553733464,2.3884134286889505,0.33197974378850054,0.9133987022776198,1.6372401252628075,1.0059070980793012,2.4095329485136174,2.7269558930622755,2.4912331301148827,1.4440663866668828,1.041563346097076,1.011760449480155,1,Mammalian
41.11,24.043618429690714,2.8666453370323333,6.754618751213883,3.016391149379502,3.0413003762298887,2.238980918242261,0.990232252324094,2.9982736319804806,0.9963060008667979,2.897134472757987,1.5439202594456656,0.426236996970508,1.6891055000588067,0.07932095723532775,1.2055539366540884,1.0235721762533414,2.236701357938018,1.849950055468215,0.9290554410873285,2.3747555553733464,2.3884134286889505,0.33197974378850054,0.9133987022776198,1.6372401252628075,1.0059070980793012,2.4095329485136174,2.7269558930622755,2.4912331301148827,1.4440663866668828,1.041563346097076,1.011760449480155,2,Yeast
41.11,24.043618429690714,2.8666453370323333,6.754618751213883,3.016391149379502,3.0413003762298887,2.238980918242261,0.990232252324094,2.9982736319804806,0.9963060008667979,2.897134472757987,1.5439202594456656,0.426236996970508,1.6891055000588067,0.07932095723532775,1.2055539366540884,1.0235721762533414,2.236701357938018,1.849950055468215,0.9290554410873285,2.3747555553733464,2.3884134286889505,0.33197974378850054,0.9133987022776198,1.6372401252628075,1.0059070980793012,2.4095329485136174,2.7269558930622755,2.4912331301148827,1.4440663866668828,1.041563346097076,1.011760449480155,0,E_coli
41.809999999999995,24.581223636721038,2.4595379111733218,6.944502907464193,2.316391281563721,2.482417145430787,2.772023588142222,0.4492239323842109,3.2552958910141285,1.0997976632883153,2.564993145734512,1.9967478352385382,0.3247369246277897,1.8260971022052495,0.7768472429360658,0.5055907611607153,1.3790213921473453,1.9058207345334797,1.6078927246036838,1.5750652200296602,1.6801797566402918,1.9689998263971575,0.8248787806002911,0.2678223519138261,2.1319588790468087,1.4572721759352771,1.8355122407934106,2.126588905501611,1.9390392842474937,1.1663550357380228,0.7633006033938157,1.3658105714206794,0,E_coli
41.809999999999995,24.581223636721038,2.4595379111733218,6.944502907464193,2.316391281563721,2.482417145430787,2.772023588142222,0.4492239323842109,3.2552958910141285,1.0997976632883153,2.564993145734512,1.9967478352385382,0.3247369246277897,1.8260971022052495,0.7768472429360658,0.5055907611607153,1.3790213921473453,1.9058207345334797,1.6078927246036838,1.5750652200296602,1.6801797566402918,1.9689998263971575,0.8248787806002911,0.2678223519138261,2.1319588790468087,1.4572721759352771,1.8355122407934106,2.126588905501611,1.9390392842474937,1.1663550357380228,0.7633006033938157,1.3658105714206794,1,Mammalian
41.809999999999995,24.581223636721038,2.4595379111733218,6.944502907464193,2.316391281563721,2.482417145430787,2.772023588142222,0.4492239323842109,3.2552958910141285,1.0997976632883153,2.564993145734512,1.9967478352385382,0.3247369246277897,1.8260971022052495,0.7768472429360658,0.5055907611607153,1.3790213921473453,1.9058207345334797,1.6078927246036838,1.5750652200296602,1.6801797566402918,1.9689998263971575,0.8248787806002911,0.2678223519138261,2.1319588790468087,1.4572721759352771,1.8355122407934106,2.126588905501611,1.9390392842474937,1.1663550357380228,0.7633006033938157,1.3658105714206794,2,Yeast
41.529999999999994,24.365191732554067,2.6075003810605644,6.860613833234403,2.596391220137029,2.698080821943565,2.5491337910810623,0.6290510712757589,3.1363081340524968,1.0025882500059233,2.680908272189874,1.7966850190082237,0.13543866938435103,1.7390828997322154,0.4970027253618551,0.7855681563909713,1.2010412149464313,2.0156450057357196,1.6740721284911282,1.3100213255721593,1.9575464203652815,2.119052541195689,0.5785665231631755,0.5090738286729815,1.9187942277055516,1.249529892735508,2.0557730233784466,2.3601575373021926,2.1496095019667685,1.238047468102627,0.8160382149495162,1.1879085794183,1,Mammalian
41.529999999999994,24.365191732554067,2.6075003810605644,6.860613833234403,2.596391220137029,2.698080821943565,2.5491337910810623,0.6290510712757589,3.1363081340524968,1.0025882500059233,2.680908272189874,1.7966850190082237,0.13543866938435103,1.7390828997322154,0.4970027253618551,0.7855681563909713,1.2010412149464313,2.0156450057357196,1.6740721284911282,1.3100213255721593,1.9575464203652815,2.119052541195689,0.5785665231631755,0.5090738286729815,1.9187942277055516,1.249529892735508,2.0557730233784466,2.3601575373021926,2.1496095019667685,1.238047468102627,0.8160382149495162,1.1879085794183,0,E_coli
41.529999999999994,24.365191732554067,2.6075003810605644,6.860613833234403,2.596391220137029,2.698080821943565,2.5491337910810623,0.6290510712757589,3.1363081340524968,1.0025882500059233,2.680908272189874,1.7966850190082237,0.13543866938435103,1.7390828997322154,0.4970027253618551,0.7855681563909713,1.2010412149464313,2.0156450057357196,1.6740721284911282,1.3100213255721593,1.9575464203652815,2.119052541195689,0.5785665231631755,0.5090738286729815,1.9187942277055516,1.249529892735508,2.0557730233784466,2.3601575373021926,2.1496095019667685,1.238047468102627,0.8160382149495162,1.1879085794183,2,Yeast
41.809999999999995,24.581223636721038,2.4595379111733218,6.944502907464193,2.316391281563721,2.482417145430787,2.772023588142222,0.4492239323842109,3.2552958910141285,1.0997976632883153,2.564993145734512,1.9967478352385382,0.3247369246277897,1.8260971022052495,0.7768472429360658,0.5055907611607153,1.3790213921473453,1.9058207345334797,1.6078927246036838,1.5750652200296602,1.6801797566402918,1.9689998263971575,0.8248787806002911,0.2678223519138261,2.1319588790468087,1.4572721759352771,1.8355122407934106,2.126588905501611,1.9390392842474937,1.1663550357380228,0.7633006033938157,1.3658105714206794,2,Yeast
41.809999999999995,24.581223636721038,2.4595379111733218,6.944502907464193,2.316391281563721,2.482417145430787,2.772023588142222,0.4492239323842109,3.2552958910141285,1.0997976632883153,2.564993145734512,1.9967478352385382,0.3247369246277897,1.8260971022052495,0.7768472429360658,0.5055907611607153,1.3790213921473453,1.9058207345334797,1.6078927246036838,1.5750652200296602,1.6801797566402918,1.9689998263971575,0.8248787806002911,0.2678223519138261,2.1319588790468087,1.4572721759352771,1.8355122407934106,2.126588905501611,1.9390392842474937,1.1663550357380228,0.7633006033938157,1.3658105714206794,1,Mammalian
41.809999999999995,24.581223636721038,2.4595379111733218,6.944502907464193,2.316391281563721,2.482417145430787,2.772023588142222,0.4492239323842109,3.2552958910141285,1.0997976632883153,2.564993145734512,1.9967478352385382,0.3247369246277897,1.8260971022052495,0.7768472429360658,0.5055907611607153,1.3790213921473453,1.9058207345334797,1.6078927246036838,1.5750652200296602,1.6801797566402918,1.9689998263971575,0.8248787806002911,0.2678223519138261,2.1319588790468087,1.4572721759352771,1.8355122407934106,2.126588905501611,1.9390392842474937,1.1663550357380228,0.7633006033938157,1.3658105714206794,0,E_coli
41.78999999999999,24.56574995131074,2.4693478869027596,6.9381697379778835,2.336391276687834,2.4973982692395986,2.7557572868535574,0.4587508730097355,3.2461405227309004,1.0907597909359734,2.5724354365567588,1.981815581470252,0.3066462067946773,1.818590652892122,0.7568545347197968,0.5255883478377507,1.365173981586231,1.9125153505912027,1.6110968905692304,1.5559597793407567,1.6999630285474427,1.9787815115246408,0.8065563595853151,0.2826950302054775,2.116216365753832,1.4416229317943914,1.8507097121873155,2.142903378428391,1.95350188319521,1.169400164778144,0.7637912912895076,1.3519569814086396,2,Yeast
41.78999999999999,24.56574995131074,2.4693478869027596,6.9381697379778835,2.336391276687834,2.4973982692395986,2.7557572868535574,0.4587508730097355,3.2461405227309004,1.0907597909359734,2.5724354365567588,1.981815581470252,0.3066462067946773,1.818590652892122,0.7568545347197968,0.5255883478377507,1.365173981586231,1.9125153505912027,1.6110968905692304,1.5559597793407567,1.6999630285474427,1.9787815115246408,0.8065563595853151,0.2826950302054775,2.116216365753832,1.4416229317943914,1.8507097121873155,2.142903378428391,1.95350188319521,1.169400164778144,0.7637912912895076,1.3519569814086396,1,Mammalian
41.78999999999999,24.56574995131074,2.4693478869027596,6.9381697379778835,2.336391276687834,2.4973982692395986,2.7557572868535574,0.4587508730097355,3.2461405227309004,1.0907597909359734,2.5724354365567588,1.981815581470252,0.3066462067946773,1.818590652892122,0.7568545347197968,0.5255883478377507,1.365173981586231,1.9125153505912027,1.6110968905692304,1.5559597793407567,1.6999630285474427,1.9787815115246408,0.8065563595853151,0.2826950302054775,2.116216365753832,1.4416229317943914,1.8507097121873155,2.142903378428391,1.95350188319521,1.169400164778144,0.7637912912895076,1.3519569814086396,0,E_coli
42.019999999999996,24.744089111629712,2.3643028805442228,7.014099691267379,2.1063913383507935,2.329669709544797,2.9455964658292983,0.39909248275543857,3.3571183041115322,1.2106748845242523,2.49520146340766,2.1584938180431954,0.5231509323376936,1.9157757169325587,0.9867885215371925,0.2956358145552424,1.5326447729333776,1.8471731333176435,1.589125594679489,1.776861383948397,1.4728088927888805,1.8761110839593518,1.0210726411006452,0.1845489069144476,2.301251114546022,1.6273537188305995,1.6820172510831644,1.9594152066601862,1.7936171824101557,1.1549895979958147,0.7893414301200025,1.5195631970951857,2,Yeast
42.019999999999996,24.744089111629712,2.3643028805442228,7.014099691267379,2.1063913383507935,2.329669709544797,2.9455964658292983,0.39909248275543857,3.3571183041115322,1.2106748845242523,2.49520146340766,2.1584938180431954,0.5231509323376936,1.9157757169325587,0.9867885215371925,0.2956358145552424,1.5326447729333776,1.8471731333176435,1.589125594679489,1.776861383948397,1.4728088927888805,1.8761110839593518,1.0210726411006452,0.1845489069144476,2.301251114546022,1.6273537188305995,1.6820172510831644,1.9594152066601862,1.7936171824101557,1.1549895979958147,0.7893414301200025,1.5195631970951857,0,E_coli
42.019999999999996,24.744089111629712,2.3643028805442228,7.014099691267379,2.1063913383507935,2.329669709544797,2.9455964658292983,0.39909248275543857,3.3571183041115322,1.2106748845242523,2.49520146340766,2.1584938180431954,0.5231509323376936,1.9157757169325587,0.9867885215371925,0.2956358145552424,1.5326447729333776,1.8471731333176435,1.589125594679489,1.776861383948397,1.4728088927888805,1.8761110839593518,1.0210726411006452,0.1845489069144476,2.301251114546022,1.6273537188305995,1.6820172510831644,1.9594152066601862,1.7936171824101557,1.1549895979958147,0.7893414301200025,1.5195631970951857,1,Mammalian
41.28999999999999,24.181065949748536,2.750724493266919,6.7970704235963995,2.836391177138249,2.8917259373955506,2.367759382789252,0.8286784147054298,3.051123100576228,0.9771424948434803,2.7987997454178988,1.6438886929078877,0.26168214356886105,1.6980298482038643,0.25740529023264047,1.0255586047010958,1.083374358197572,2.1346597663277507,1.7645077543075318,1.088816111380836,2.1958213482743294,2.2673718531251916,0.40402614242130586,0.7379757299928216,1.7511275867651976,1.0973325592013776,2.2551402962642157,2.567761242057294,2.3417036858774862,1.343619605831872,0.9284989361103009,1.070755221307168,1,Mammalian
41.28999999999999,24.181065949748536,2.750724493266919,6.7970704235963995,2.836391177138249,2.8917259373955506,2.367759382789252,0.8286784147054298,3.051123100576228,0.9771424948434803,2.7987997454178988,1.6438886929078877,0.26168214356886105,1.6980298482038643,0.25740529023264047,1.0255586047010958,1.083374358197572,2.1346597663277507,1.7645077543075318,1.088816111380836,2.1958213482743294,2.2673718531251916,0.40402614242130586,0.7379757299928216,1.7511275867651976,1.0973325592013776,2.2551402962642157,2.567761242057294,2.3417036858774862,1.343619605831872,0.9284989361103009,1.070755221307168,0,E_coli
41.28999999999999,24.181065949748536,2.750724493266919,6.7970704235963995,2.836391177138249,2.8917259373955506,2.367759382789252,0.8286784147054298,3.051123100576228,0.9771424948434803,2.7987997454178988,1.6438886929078877,0.26168214356886105,1.6980298482038643,0.25740529023264047,1.0255586047010958,1.083374358197572,2.1346597663277507,1.7645077543075318,1.088816111380836,2.1958213482743294,2.2673718531251916,0.40402614242130586,0.7379757299928216,1.7511275867651976,1.0973325592013776,2.2551402962642157,2.567761242057294,2.3417036858774862,1.343619605831872,0.9284989361103009,1.070755221307168,2,Yeast
41.11,24.043618429690714,2.8666453370323333,6.754618751213883,3.016391149379502,3.0413003762298887,2.238980918242261,0.990232252324094,2.9982736319804806,0.9963060008667979,2.897134472757987,1.5439202594456656,0.426236996970508,1.6891055000588067,0.07932095723532775,1.2055539366540884,1.0235721762533414,2.236701357938018,1.849950055468215,0.9290554410873285,2.3747555553733464,2.3884134286889505,0.33197974378850054,0.9133987022776198,1.6372401252628075,1.0059070980793012,2.4095329485136174,2.7269558930622755,2.4912331301148827,1.4440663866668828,1.041563346097076,1.011760449480155,2,Yeast
41.11,24.043618429690714,2.8666453370323333,6.754618751213883,3.016391149379502,3.0413003762298887,2.238980918242261,0.990232252324094,2.9982736319804806,0.9963060008667979,2.897134472757987,1.5439202594456656,0.426236996970508,1.6891055000588067,0.07932095723532775,1.2055539366540884,1.0235721762533414,2.236701357938018,1.849950055468215,0.9290554410873285,2.3747555553733464,2.3884134286889505,0.33197974378850054,0.9133987022776198,1.6372401252628075,1.0059070980793012,2.4095329485136174,2.7269558930622755,2.4912331301148827,1.4440663866668828,1.041563346097076,1.011760449480155,1,Mammalian
41.11,24.043618429690714,2.8666453370323333,6.754618751213883,3.016391149379502,3.0413003762298887,2.238980918242261,0.990232252324094,2.9982736319804806,0.9963060008667979,2.897134472757987,1.5439202594456656,0.426236996970508,1.6891055000588067,0.07932095723532775,1.2055539366540884,1.0235721762533414,2.236701357938018,1.849950055468215,0.9290554410873285,2.3747555553733464,2.3884134286889505,0.33197974378850054,0.9133987022776198,1.6372401252628075,1.0059070980793012,2.4095329485136174,2.7269558930622755,2.4912331301148827,1.4440663866668828,1.041563346097076,1.011760449480155,0,E_coli
41.55,24.3805794224069,2.596209927409316,6.866261245215898,2.576391224081867,2.682282030374035,2.5646831449521614,0.6137222728667413,3.1441297295852286,1.0072642045172107,2.6718223979726203,1.8102723485984358,0.139161083783342,1.7439518330610004,0.5169860357384506,0.7655692226858163,1.212476803901832,2.006704386569704,1.6678738904432895,1.3287495948728576,1.9377093961893668,2.1074552707823244,0.5951731371813015,0.49047782327190426,1.9334550016843721,1.2634438927468412,2.0395542333972276,2.343136591111812,2.1340395378609127,1.2309544497192495,0.8091780043659501,1.1993238221933733,0,E_coli
41.55,24.3805794224069,2.596209927409316,6.866261245215898,2.576391224081867,2.682282030374035,2.5646831449521614,0.6137222728667413,3.1441297295852286,1.0072642045172107,2.6718223979726203,1.8102723485984358,0.139161083783342,1.7439518330610004,0.5169860357384506,0.7655692226858163,1.212476803901832,2.006704386569704,1.6678738904432895,1.3287495948728576,1.9377093961893668,2.1074552707823244,0.5951731371813015,0.49047782327190426,1.9334550016843721,1.2634438927468412,2.0395542333972276,2.343136591111812,2.1340395378609127,1.2309544497192495,0.8091780043659501,1.1993238221933733,2,Yeast
41.55,24.3805794224069,2.596209927409316,6.866261245215898,2.576391224081867,2.682282030374035,2.5646831449521614,0.6137222728667413,3.1441297295852286,1.0072642045172107,2.6718223979726203,1.8102723485984358,0.139161083783342,1.7439518330610004,0.5169860357384506,0.7655692226858163,1.212476803901832,2.006704386569704,1.6678738904432895,1.3287495948728576,1.9377093961893668,2.1074552707823244,0.5951731371813015,0.49047782327190426,1.9334550016843721,1.2634438927468412,2.0395542333972276,2.343136591111812,2.1340395378609127,1.2309544497192495,0.8091780043659501,1.1993238221933733,1,Mammalian
41.48,24.32675186176111,2.636178837325292,6.846730524257613,2.6463912105357967,2.737818145881897,2.5105361403304505,0.6684540413703329,3.117229715609563,0.9925664977323004,2.7041366011845493,1.7632511905851063,0.13888195698767541,1.7278636151043507,0.4470509799659257,0.8355657139716023,1.1734564329364774,2.0386835272598085,1.6905037514929606,1.263371221138693,2.007153132522737,2.1485864090948654,0.538060979799091,0.5559904071432566,1.8825724156379,1.2154880335241516,2.09660579398121,2.4029107123606432,2.188849393043367,1.2569977021675853,0.8350399284039172,1.1603877367041184,0,E_coli
41.48,24.32675186176111,2.636178837325292,6.846730524257613,2.6463912105357967,2.737818145881897,2.5105361403304505,0.6684540413703329,3.117229715609563,0.9925664977323004,2.7041366011845493,1.7632511905851063,0.13888195698767541,1.7278636151043507,0.4470509799659257,0.8355657139716023,1.1734564329364774,2.0386835272598085,1.6905037514929606,1.263371221138693,2.007153132522737,2.1485864090948654,0.538060979799091,0.5559904071432566,1.8825724156379,1.2154880335241516,2.09660579398121,2.4029107123606432,2.188849393043367,1.2569977021675853,0.8350399284039172,1.1603877367041184,1,Mammalian
41.48,24.32675186176111,2.636178837325292,6.846730524257613,2.6463912105357967,2.737818145881897,2.5105361403304505,0.6684540413703329,3.117229715609563,0.9925664977323004,2.7041366011845493,1.7632511905851063,0.13888195698767541,1.7278636151043507,0.4470509799659257,0.8355657139716023,1.1734564329364774,2.0386835272598085,1.6905037514929606,1.263371221138693,2.007153132522737,2.1485864090948654,0.538060979799091,0.5559904071432566,1.8825724156379,1.2154880335241516,2.09660579398121,2.4029107123606432,2.188849393043367,1.2569977021675853,0.8350399284039172,1.1603877367041184,2,Yeast
41.25999999999999,24.158119199429287,2.7695692107143652,6.7896821991275225,2.866391172269686,2.9164162501115114,2.345828141836256,0.8550925377345979,3.0416389673600555,0.9780646641461473,2.8146281053334903,1.6262707821310483,0.2878268284056712,1.6952189739226962,0.22751528573390342,1.0555577161359186,1.0715409464878143,2.1509569403133892,1.7777679489922138,1.061739660072593,2.2256317797973315,2.287006570026401,0.3871683890946947,0.7670656294840561,1.7313672031769716,1.0805510027592056,2.280611679979226,2.5941047724846293,2.3663306077428197,1.3592213429619748,0.9459039394253818,1.0590280864165909,1,Mammalian
41.24999999999999,24.150473718951126,2.7758944032443202,6.787247137518707,2.8763911706694,2.9246684187358047,2.3385575461052364,0.8639492804092295,3.038536832982979,0.9785762606590459,2.819955405698318,1.6204790024950568,0.2967038862443368,1.6943990195935583,0.21755867984719954,1.0655574310659885,1.0677546534667974,2.156454707643304,1.7822783084995941,1.052749400171091,2.2355697173530555,2.293601322885862,0.381907633814287,0.7767776476540006,1.7248460553353053,1.0750849784663927,2.2891265280011655,2.6029035381216423,2.3745670502297056,1.3645288553780044,0.9518450112148628,1.0552796165503842,1,Mammalian
41.24999999999999,24.150473718951126,2.7758944032443202,6.787247137518707,2.8763911706694,2.9246684187358047,2.3385575461052364,0.8639492804092295,3.038536832982979,0.9785762606590459,2.819955405698318,1.6204790024950568,0.2967038862443368,1.6943990195935583,0.21755867984719954,1.0655574310659885,1.0677546534667974,2.156454707643304,1.7822783084995941,1.052749400171091,2.2355697173530555,2.293601322885862,0.381907633814287,0.7767776476540006,1.7248460553353053,1.0750849784663927,2.2891265280011655,2.6029035381216423,2.3745670502297056,1.3645288553780044,0.9518450112148628,1.0552796165503842,0,E_coli
41.24999999999999,24.150473718951126,2.7758944032443202,6.787247137518707,2.8763911706694,2.9246684187358047,2.3385575461052364,0.8639492804092295,3.038536832982979,0.9785762606590459,2.819955405698318,1.6204790024950568,0.2967038862443368,1.6943990195935583,0.21755867984719954,1.0655574310659885,1.0677546534667974,2.156454707643304,1.7822783084995941,1.052749400171091,2.2355697173530555,2.293601322885862,0.381907633814287,0.7767776476540006,1.7248460553353053,1.0750849784663927,2.2891265280011655,2.6029035381216423,2.3745670502297056,1.3645288553780044,0.9518450112148628,1.0552796165503842,2,Yeast
41.28999999999999,24.181065949748536,2.750724493266919,6.7970704235963995,2.836391177138249,2.8917259373955506,2.367759382789252,0.8286784147054298,3.051123100576228,0.9771424948434803,2.7987997454178988,1.6438886929078877,0.26168214356886105,1.6980298482038643,0.25740529023264047,1.0255586047010958,1.083374358197572,2.1346597663277507,1.7645077543075318,1.088816111380836,2.1958213482743294,2.2673718531251916,0.40402614242130586,0.7379757299928216,1.7511275867651976,1.0973325592013776,2.2551402962642157,2.567761242057294,2.3417036858774862,1.343619605831872,0.9284989361103009,1.070755221307168,2,Yeast
41.28999999999999,24.181065949748536,2.750724493266919,6.7970704235963995,2.836391177138249,2.8917259373955506,2.367759382789252,0.8286784147054298,3.051123100576228,0.9771424948434803,2.7987997454178988,1.6438886929078877,0.26168214356886105,1.6980298482038643,0.25740529023264047,1.0255586047010958,1.083374358197572,2.1346597663277507,1.7645077543075318,1.088816111380836,2.1958213482743294,2.2673718531251916,0.40402614242130586,0.7379757299928216,1.7511275867651976,1.0973325592013776,2.2551402962642157,2.567761242057294,2.3417036858774862,1.343619605831872,0.9284989361103009,1.070755221307168,0,E_coli
41.28999999999999,24.181065949748536,2.750724493266919,6.7970704235963995,2.836391177138249,2.8917259373955506,2.367759382789252,0.8286784147054298,3.051123100576228,0.9771424948434803,2.7987997454178988,1.6438886929078877,0.26168214356886105,1.6980298482038643,0.25740529023264047,1.0255586047010958,1.083374358197572,2.1346597663277507,1.7645077543075318,1.088816111380836,2.1958213482743294,2.2673718531251916,0.40402614242130586,0.7379757299928216,1.7511275867651976,1.0973325592013776,2.2551402962642157,2.567761242057294,2.3417036858774862,1.343619605831872,0.9284989361103009,1.070755221307168,1,Mammalian
41.66,24.465330968887844,2.536034032084557,6.898275925249706,2.4663912469220755,2.5964242947696943,2.6512715165442593,0.5349568271180275,3.1890482126364517,1.0395047187417255,2.6240134564393016,1.8870439921325175,0.19821141403330858,1.774525471066505,0.6269132698161013,0.6555762502250692,1.2791403363196712,1.9604514474215293,1.637734820139185,1.4323698384809653,1.8286692273772642,2.0459911953255867,0.6897363202386261,0.39068698669308394,2.0157310082151954,1.3427214212775238,1.9516056418286731,2.2503975748925082,2.04977933185417,1.197175483932593,0.779581780478381,1.2659214969015977,1,Mammalian
41.66,24.465330968887844,2.536034032084557,6.898275925249706,2.4663912469220755,2.5964242947696943,2.6512715165442593,0.5349568271180275,3.1890482126364517,1.0395047187417255,2.6240134564393016,1.8870439921325175,0.19821141403330858,1.774525471066505,0.6269132698161013,0.6555762502250692,1.2791403363196712,1.9604514474215293,1.637734820139185,1.4323698384809653,1.8286692273772642,2.0459911953255867,0.6897363202386261,0.39068698669308394,2.0157310082151954,1.3427214212775238,1.9516056418286731,2.2503975748925082,2.04977933185417,1.197175483932593,0.779581780478381,1.2659214969015977,2,Yeast
41.66,24.465330968887844,2.536034032084557,6.898275925249706,2.4663912469220755,2.5964242947696943,2.6512715165442593,0.5349568271180275,3.1890482126364517,1.0395047187417255,2.6240134564393016,1.8870439921325175,0.19821141403330858,1.774525471066505,0.6269132698161013,0.6555762502250692,1.2791403363196712,1.9604514474215293,1.637734820139185,1.4323698384809653,1.8286692273772642,2.0459911953255867,0.6897363202386261,0.39068698669308394,2.0157310082151954,1.3427214212775238,1.9516056418286731,2.2503975748925082,2.04977933185417,1.197175483932593,0.779581780478381,1.2659214969015977,0,E_coli
41.19,24.10463703160122,2.814293248423133,6.772928447089656,2.9363911612965743,2.974406672492385,2.2953652757098486,0.9175832525177244,3.020552424835686,0.9837771912227845,2.8524465293657935,1.5866081563551948,0.35123592340055426,1.6907134724465194,0.15793423562519898,1.1255558270184498,1.0467568963231149,2.1901104511701552,1.8102647596010157,0.9992109198251159,2.295208664274147,2.333678403367287,0.35465182401096773,0.8351925033485095,1.6864350117390392,1.043700703786791,2.340462351597371,2.655874691621949,2.424264313438863,1.397453764936187,0.9888664732407577,1.034534947129369,0,E_coli
41.19,24.10463703160122,2.814293248423133,6.772928447089656,2.9363911612965743,2.974406672492385,2.2953652757098486,0.9175832525177244,3.020552424835686,0.9837771912227845,2.8524465293657935,1.5866081563551948,0.35123592340055426,1.6907134724465194,0.15793423562519898,1.1255558270184498,1.0467568963231149,2.1901104511701552,1.8102647596010157,0.9992109198251159,2.295208664274147,2.333678403367287,0.35465182401096773,0.8351925033485095,1.6864350117390392,1.043700703786791,2.340462351597371,2.655874691621949,2.424264313438863,1.397453764936187,0.9888664732407577,1.034534947129369,1,Mammalian
41.19,24.10463703160122,2.814293248423133,6.772928447089656,2.9363911612965743,2.974406672492385,2.2953652757098486,0.9175832525177244,3.020552424835686,0.9837771912227845,2.8524465293657935,1.5866081563551948,0.35123592340055426,1.6907134724465194,0.15793423562519898,1.1255558270184498,1.0467568963231149,2.1901104511701552,1.8102647596010157,0.9992109198251159,2.295208664274147,2.333678403367287,0.35465182401096773,0.8351925033485095,1.6864350117390392,1.043700703786791,2.340462351597371,2.655874691621949,2.424264313438863,1.397453764936187,0.9888664732407577,1.034534947129369,2,Yeast
