p_0,p_1,p_2,p_3,p_4,p_5,p_6,p_7,p_8,p_9,p_10,p_11,p_12,p_13,p_14,p_15,p_16,p_17,p_18,p_19,p_20,p_21,p_22,p_23,p_24,p_25,p_26,p_27,p_28,p_29,p_30,p_31,target,experimental_characteristics
41.2,35.800837194881,24.077556570495368,16.65562707362994,13.949156158608446,5.819047898083419,11.217984891647916,24.74580160834224,29.816442975483305,25.025622785773944,19.733944729407977,24.422645214701905,28.47033265492525,25.024752293341695,18.372350691358307,15.716331172702018,13.036103712382777,4.232399427130625,9.434873210152565,21.33944036971657,27.100982002751802,26.4593867783898,23.67260207338183,22.372317980277334,20.85329058661371,17.134362267552707,12.938133780639319,10.653059216245575,9.0464344062827,6.594123979801694,4.940851436110455,5.58428567803111,1,Mammalian
59.4,55.90730769454069,46.22054418481842,32.47991578916086,17.546292099332067,4.181234460405965,5.798134372632452,11.778160141185714,14.53858703100056,15.36067354487775,14.992696014389676,13.250429860473528,9.764709074041884,4.844928170162915,1.2614494597066759,5.12669076630838,7.256721022610695,7.101011810538378,6.371560122725517,7.909223086714903,10.607935488780504,11.696058776183444,9.827763395948516,5.22161151525062,3.615174565912733,9.867751732901295,15.142003915566674,17.59310165357176,16.902360631879567,13.902043820093875,10.288282178943543,7.875277748357987,1,Mammalian
38.5,37.33447528979323,34.02517665643591,29.097783012182123,23.315266664932263,17.532538365066763,12.53718796625644,8.908343543734905,6.907194419739278,6.394563271377157,6.870708130002974,7.663871811514275,8.073814128396718,7.495978042421338,5.564302853841142,2.305351194856371,2.435159132377185,7.1957520233412735,11.615583111399186,14.734186827676574,15.79532756703717,14.354654367821247,10.389557937097479,4.36510409857717,3.2296540446188056,10.652004599241003,17.10862664853647,21.432438262466896,22.828041808556335,20.959465179705887,16.017752151753072,8.710835432704108,1,Mammalian
29.2,30.323721569403343,32.380403498917914,33.03201231322997,30.919843451989696,26.099334395729713,19.656905644845228,13.030884779306135,7.244212545780317,2.3960608634681173,2.0615047572667287,6.217025710950997,9.462982078509857,10.808017946741584,9.586864808963346,6.0056729785854275,3.2526911934581197,7.718841734818447,12.80047470286399,15.959571796089302,16.500633416181422,14.471020573419647,10.354771090863107,4.736550333592123,1.9497139768589231,9.08477177927208,15.9940482063487,21.53038314220866,24.41279066290965,23.637515041984404,18.918634622971652,11.037599079550533,1,Mammalian
46.8,43.920965874737966,36.043722031783474,25.29887164474057,15.027396460563837,10.359613569878567,12.558953655764572,15.192152179647207,16.224223885531302,16.028528585861572,14.75311370389932,11.97792510964588,7.591233003435399,3.4210943730525125,5.718487811584242,8.971192532101528,9.231467922275415,5.866017352894996,1.6469768446153668,8.538557096785109,15.099600689340958,18.546621036299687,17.589510604710895,12.33667610622341,5.839054659116967,10.336746566393199,19.199946538063255,25.648864116334746,27.999867787670727,25.90837643290723,19.992647529830595,11.667810108588101,1,Mammalian
35.5,34.95815955345109,33.22741060548601,30.128056942139082,25.682966936545277,20.29591803024173,14.704730475962943,9.742784224649805,6.083429577236464,4.329251791905708,4.897965829315572,6.658080647060732,8.154774579037635,8.396395455496076,6.823720854177695,3.497294743396879,2.3086792761230397,7.275861272445165,11.978030093503097,15.12810702137408,16.022630097016588,14.39205589719079,10.377099339423841,4.471352077280245,2.816360164965515,10.14204151137334,16.72962632500081,21.435521200134392,23.318666035508603,21.819075618713036,16.9504884274036,9.414959829586598,1,Mammalian
45.89999999999999,43.51268973577031,36.946438376293266,27.8304118819923,18.444478932235302,11.370792560092195,8.742423266177653,9.129400748077918,9.670640998431383,9.770526373748668,9.570821810670557,9.09648688424813,8.456387433528464,7.771395882609313,6.635274826525253,4.396649474941219,3.4713109915419595,8.708907022518625,15.36725080186753,20.682561042181216,22.71101335921437,20.3960189405762,14.298744781550784,9.001929501584554,13.754224902896496,21.490944041264243,25.78314905604397,24.766603343362608,18.699213370887463,9.68907937673058,4.578859006895446,9.932243093147644,1,Mammalian
37.7,37.18504027968866,35.36492448462657,31.722457385641974,26.08616671483626,18.957703324424923,11.388142785904618,4.557468250109967,1.9497800387212891,6.205582164637999,10.282492628444418,13.825216299848535,16.002180567837886,15.879529978883742,13.304565285401445,10.113736153167965,11.042191811411357,16.066549733588246,20.56070280247397,22.021614818186844,19.66687598338327,13.9678851773982,6.472572273502191,3.873696029092521,10.088526046980503,14.955799996498053,17.587959786410494,18.248214638094876,17.3636434037993,15.139578885517953,11.625755329492483,7.218548394190061,1,Mammalian
55.3,51.845948362082204,42.27121414858564,28.70643309825404,14.017155694161207,1.979485104718796,9.34013319107848,15.2476459791399,18.0981803259999,19.075175671241237,18.82998325848436,17.141720889138263,13.664944157019928,8.80515386536767,4.493463034844147,5.0639428743493236,7.5610845782863745,8.976583709088919,10.08159905716591,11.86828501515188,13.51996860198923,13.30010686908315,10.096415061621926,4.023996957580883,4.367593031360667,12.315020311526784,18.510589534415715,21.536472369586132,20.986640903974997,17.455844269612747,12.206913011052373,6.64135445330491,1,Mammalian
47.1,44.9884178057038,39.00379804427677,30.138345278574764,19.85811360162327,9.902573961355948,3.509781209943513,7.123761313136226,11.349753063549255,14.460647377762895,16.82410731405699,18.15374909472758,17.67188488477732,14.984836573459246,11.095074195943619,9.669039634413757,12.924782396620843,16.672682335319536,17.84107244858385,15.581709244606666,10.619788702019497,5.354212489504481,5.002438777899385,6.925417415260732,6.378330925599139,5.713343549465322,10.741826406453999,17.87146665913041,23.123578804516033,24.239575305348996,20.356788088069223,12.287524343662708,1,Mammalian
33.8,31.390638922628067,24.620487097270356,14.827215700119218,4.967844285535878,9.007700800129973,17.024779824061714,21.799061282824308,22.53598540957197,19.47356692617211,13.581304708177987,6.361550415634001,2.4460511576783768,7.637736950384844,11.448285102632713,13.10391335984987,13.164345787011216,12.77248760749135,13.006761611165661,14.023940291941253,15.202899479731231,16.036879664364758,16.47920605669717,16.709901591465066,16.759754223125086,16.384208779979954,15.30588027466307,13.586018755576609,11.87136067592408,11.199931137869788,11.913998775252919,13.076570287455255,1,Mammalian
28.5,26.70699230986683,21.602465009965336,13.964269567329296,4.944746710023775,4.118801788281798,11.920875809370177,17.394982056249543,19.87531283916188,19.187856544815315,15.660826106807614,10.07933240077601,3.9425277932377116,4.971407348941252,10.567909345922464,14.92428157909309,17.407182425654074,18.018416285992622,17.134847805678685,15.375531362257062,13.444245240223383,11.959446453846525,11.312894930076062,11.617167686450781,12.735459926733972,14.316021636562546,15.846279158153111,16.771253131256152,16.64506607058044,15.274853275066343,12.85903880384004,10.1925547269443,1,Mammalian
14.799999999999997,14.445862390782631,13.447246245129252,11.990746897838997,10.370802305194855,8.955833259645798,8.100946878376655,7.9890414059963435,8.564735915060421,9.707183854785725,11.376120592908876,13.549841506979403,16.1063298986085,18.786297517891867,21.2341016415527,23.064191014092586,23.9240464804765,23.54586345079246,21.78487791333781,18.642433227465457,14.27212714934309,8.96873077621369,3.145751332813005,2.773010814859616,8.200323085420116,12.733395868534554,15.996510298041049,17.763575614838793,17.994971057957805,16.87983391984555,14.894228310527481,12.885235997341315,1,Mammalian
43.400000000000006,40.367135593230515,32.35607357428376,22.62444784990965,16.512611313070536,16.76329118816962,17.835372768227646,15.775096256487933,11.449666565136113,9.774228467478194,12.911183141617347,15.331996951753023,13.976023722541973,8.634862219113057,0.7506628170409411,7.383261721154172,13.453624047073712,15.888810175579875,14.38509306635751,10.273604469545875,7.610401798888166,10.459742958460108,14.47734198199029,16.652670631748535,16.64287041189723,15.192973675313981,13.316426213788304,11.711476040218047,10.770618041221166,10.914101044712567,12.143734837112305,13.58184217998665,1,Mammalian
46.099999999999994,42.546652582718025,32.93233130588948,20.096298662223337,8.58532224099975,8.679709273001295,14.851225697011635,19.606469522522637,23.454782102762426,26.39980556003529,27.36263133514849,25.700929696938896,22.25988697284498,18.96459269368667,16.71459918651787,13.976349165915963,8.996110270555825,3.4484144554959535,8.885993109502193,16.012768391311933,20.163496047020917,20.525872495187073,17.98895407635749,14.599182702096217,12.033835486325025,9.840696443433023,6.542392551786953,2.0173747042904977,3.2654404199331575,6.6303047629901615,7.456875210251457,5.864346633267037,1,Mammalian
25.9,23.60327817994705,17.190112638046216,8.427824057191199,0.38034757250074924,5.253137213567953,7.851988769266075,8.828055335556064,8.73484265283732,8.300868352189521,7.309486853598243,4.475218190049363,6.858613655758921,11.691591560127698,9.43087695694604,4.5150552239234605,21.411445537375567,35.55918065063076,38.32954276732787,28.71051977641918,14.04535727188612,7.776418911476856,7.1998090275832585,1.8398428149389277,6.675516746303156,7.636795003621717,1.4232276478629702,10.427532544338156,17.40524902293,16.083256618161865,9.240107461220061,9.890591272161982,1,Mammalian
39.5,33.28300084533393,17.949083426722037,5.529233434906472,12.79094373258578,13.44668288361935,6.517370770459725,4.20883276396718,9.589268440402872,12.13908503824855,13.451081909039791,11.798195524105468,6.73657916221288,6.657639681018455,6.781770524365727,2.588331498414184,19.5143536915779,35.29598107738924,40.670737792983786,32.22038402232524,14.731969941804637,2.8466702754562276,10.789039757036823,8.97054712708713,5.240794861268036,9.688334206018403,10.850834272446388,6.902335158422472,3.890928071145542,6.9088030745755376,7.690082606800716,5.070716404748592,1,Mammalian
17.9,15.947789846537047,10.814586592635578,5.9344956566528255,7.6197555998724145,10.642825991176936,11.724006539524314,10.783987165259523,7.056047631496548,1.0430578466556046,4.17344698314325,5.027411989894854,1.5933668499721834,3.8132469094366552,5.8921940843785885,12.489621916445538,25.220031720836513,34.68060083296548,33.6284415536206,21.749960072447166,6.77636802200952,7.006006037224223,7.007306132301028,6.330311956649413,14.109294518935096,15.61661042781467,7.834058830166273,8.549269339088472,19.247891913399492,22.19611475578908,17.06545863230512,9.14513216787997,1,Mammalian
77.99999999999999,60.925018300372166,25.687793957401635,10.734162096633494,11.07102651113883,2.8591579254388817,12.156811102246364,13.442135745978003,5.888010248216372,13.398032875709076,9.949034344220653,12.526397334194284,25.930074148939305,15.387920802918675,12.346382217255071,33.82307698939693,39.20841746360084,36.138667555461545,25.24712820795618,11.134194183801887,7.216101281063987,0.8246707477069353,6.592466725751828,4.195809532281493,17.684211470034477,21.14239659709592,13.62996232207982,21.949546833734086,28.93633544389472,31.775587750661533,31.121034269588595,20.39111482217432,1,Mammalian
74.29999999999998,57.677851525449505,23.212939926712128,7.112715180829577,7.464132539249648,3.3864429353452166,12.54594927985364,11.955416350944162,6.762643458307127,15.92095484942366,12.224690118785109,15.669728919131662,29.43982945970294,19.03433170152338,10.444638231079614,34.31968148040395,42.44820373113566,39.34837953873325,25.465350883832897,7.534474367806204,7.747856374772291,2.8960426627121936,3.1563438330907587,5.6508187248558865,19.74149572488913,22.991733876472452,17.017129761497326,25.292475738923187,31.518786277647532,33.148092900542245,31.440034239782324,19.741426292116746,1,Mammalian
80.6,61.519923635093626,21.06745486088064,9.309978952968208,13.740335918990796,3.139330937636606,12.044466864059498,16.391331128991357,10.391490459169361,9.631256623519015,12.629962008735099,19.87684188931553,25.866252231330673,12.828074532087872,16.066333418860392,35.44621061026252,39.916412664466726,34.31302217980859,19.18280052463447,1.23635842132542,5.505288051359136,3.870596923973601,7.132179266556125,8.658308049504125,26.009554514389364,25.511996350932797,10.957878031781487,30.484443602149934,34.58427341740801,26.92183787815679,32.379735109472996,25.961516829261946,1,Mammalian
2.299999999999999,4.267724601438331,7.063886141411576,9.119803277724767,10.033032026742532,9.73701009076367,8.496122504164562,7.0431470717591225,6.651790771747422,7.962686839371856,9.99537452831082,11.659395580226848,12.382594026473646,12.022749532746573,10.872995170850293,9.786412307593432,10.034440691936945,12.081370226194169,15.040992393366194,17.855332289495017,19.825015458032286,20.5735594537763,19.984029721783322,18.156275279426563,15.362736720027971,11.998198501268169,8.538420243041601,5.559073940925744,3.8856654017913916,4.037820067932161,4.940684434737959,5.649427400345522,1,Mammalian
9.700000000000003,11.997216122575367,11.831394007195087,6.3509018280116,7.179240495472939,10.369855558363378,6.749191313008335,0.9503343277508312,6.560367910776512,6.6683298064312275,4.313849347025854,4.88058651866643,5.795446964041503,7.7896362493646185,6.653456856783334,2.7078397030060435,18.5270073136489,33.1509874838411,38.570993195739106,32.491039853526665,19.78969868526088,8.460830304685691,4.169009314082846,5.332523544209099,6.114047176400735,7.209953472707159,13.845477094590162,20.510748886079867,21.479272016102577,16.19749256216005,8.698813562177637,4.899808440755436,1,Mammalian
3.700000000000002,6.669781980916169,7.430619353246092,7.13337632416878,12.360061358440024,15.871415244458822,14.036288198021394,9.2293406748824,4.748336552102147,2.1921472706179888,4.157639506771041,3.1907496353653952,2.116846971148201,7.0492236176807195,6.377181240306379,13.575433750254318,31.705046916855366,44.944289649009704,43.768442976765925,28.151923723599726,8.690374815278627,8.593991272503306,7.220614934467656,5.159644667773068,16.210900653201556,17.461500635513865,6.593070665521451,10.697364668052662,23.49777069609603,26.104183413586295,19.60539827104878,11.214786842378038,1,Mammalian
1.0000000000000027,4.5693831959436215,5.0919989283974045,5.552638477358303,10.653793363447752,13.276489495008814,11.762190957151187,9.309955776502141,6.962177872450794,4.399470771684669,6.101024392152886,5.813172015397586,0.7634816830959054,5.625374622367748,5.202226830259058,10.946565560313656,29.52219504034211,44.158211028713396,44.880220993052326,30.688649990838268,10.591473438009318,6.138642245576549,7.546552370637123,5.725925011645789,13.819120061435044,14.985352811880789,6.461201594880973,10.961271594443627,21.60681543172146,23.42158470891883,17.119139378366018,8.88803434971184,1,Mammalian
6.699999999999999,5.812766147580588,5.07804640340628,7.850568443301319,9.342185402293714,6.3554261009218775,7.379302839509843,13.582352337239586,14.683234981251521,11.993044604986027,13.217829217435403,13.756743445926768,8.922181925857146,7.981850238447204,8.224078864923545,4.059495172367972,23.91756676587315,42.818782626183435,48.79555283624953,38.09191386293601,17.204052976377636,4.259800827491461,12.797340648724129,11.934662905320891,8.274213587124251,8.771843081748793,11.27595464616385,15.111634968273982,17.528799239453626,15.771790851018343,10.694287936689976,5.396089999156569,1,Mammalian
34.2,24.527814843660423,11.33012977523528,17.752328290372386,12.950830082633031,14.149013495944613,24.724355636247882,19.525786853884817,7.567860435769222,15.292848015666088,12.91996184676739,10.927392722888488,20.589004798894777,17.75664423110074,13.072835851894718,25.70266732087992,31.10401903291599,29.869250586479712,32.704695831839906,31.528382508902638,18.259231225594004,7.115376174736531,19.61653454421284,21.179695195453256,10.262918124233424,7.586839743394701,21.365490133699026,27.529757649368587,23.639148813190126,10.109045401088744,11.388600470887667,29.384451276719066,1,Mammalian
3.899999999999999,15.26929537131063,24.696025455529895,23.863133612023788,12.348824189579737,9.802467388616568,20.104529668095584,20.147859494476105,12.046263452687288,4.564958048644758,6.195214679872111,13.195128572775376,16.14739473237786,9.27885033725149,4.90731965188522,17.11654432601439,24.286004199950227,34.33228270700429,46.435163537436054,48.72381217992191,37.913719112538764,24.816391982319253,21.13628434108561,16.885354222260013,9.801404839534511,13.141365241237311,14.609842612621517,9.225151446612161,8.592909143423963,12.101108971099928,10.146788298165017,4.857129325495747,1,Mammalian
3.0,15.529040197176403,20.756891435162224,16.035814519127634,12.172781770899697,5.899425227718671,21.199070366127355,31.723190821503373,22.939328770934615,11.484415541578771,8.222177369494053,4.791186633859509,16.982322464737585,17.305748732461577,5.204238637380386,15.698414986281128,31.282263345224873,48.22640639664292,61.00640323290354,46.26862277228089,22.324709562432293,38.77719246573866,27.83527518302661,6.505149429759052,22.524368926542014,9.242171136278202,12.838599460807812,15.36424680091498,14.504876787300383,14.237033807170564,5.02485393072798,8.351693054615454,1,Mammalian
11.0,16.31268742581389,19.078476809540987,11.895519201238505,2.313560907032226,14.66669383005025,19.33548386065167,15.244876967569558,10.096894706013689,14.059768692873526,17.83595463708842,16.132510389577696,9.285470455818736,5.544234379454903,15.373176974385776,21.24514783903227,17.7792013318934,8.877232157631484,16.79905714695769,25.841215988318954,22.645688810415905,7.214937676619675,13.464123353882513,28.604757397686452,31.941395043042075,24.48345927515166,16.4239763223432,19.672878961302622,25.07748497448206,25.95200505670634,21.859025628971207,13.158083611812947,1,Mammalian
17.6,18.057546179900214,19.25456635931269,20.717849087625474,21.821530497738966,21.98719334864317,20.898079651640927,18.68867202666259,16.06148862639867,14.143059484261297,13.614042970419325,13.71275195174893,12.94601384321191,10.295757042122986,5.567924337460555,1.7818633591039703,8.48763806956918,15.259437832595479,20.45937144295593,23.171140203577067,22.97497251141374,20.04150957476865,15.169797824480295,9.947443109377565,7.477204230463824,9.462508578052905,12.179863150283873,13.447638644051652,12.876807461766164,10.748596243010073,7.5954118732492315,3.948795673290043,0,Mammalian
13.3,14.602311967748202,17.933909103930887,22.057311652403413,25.549515272909712,26.989354598673774,25.290526208966202,20.175590963832605,12.823826519398892,8.305402080864415,12.77798453933477,18.0390131450846,19.443695036454475,16.215897390081633,10.080856281314775,8.518400058223405,15.179262169156972,21.330405070847352,23.96189749430479,22.806059684273865,19.002486255026334,14.31311787519169,10.08776958594714,6.539333078121754,4.133941630013874,6.0523711265418605,10.165438071889948,13.404916823038713,14.539274699112207,13.261340895523901,9.95750360950858,5.3913519569205075,0,Mammalian
8.2,8.358318163536165,8.812739057511063,9.509359169058541,10.377725509377791,11.346560054142675,12.354188322190472,13.353819316722078,14.313792651486336,15.212325694359786,16.027367087133378,16.72450678115658,17.24776709430175,17.51777714891691,17.439133503319532,16.915342936696135,15.867577004697344,14.253211099143249,12.081354099342274,9.42539323800342,6.442431425508468,3.4863212398840573,2.2247565825363957,4.300533698115518,6.7790367995944525,8.77232567101303,10.036160263044387,10.465082871804285,10.053478046942372,8.902560689324709,7.252352484607938,5.584624699337028,0,Mammalian
5.799999999999999,7.698346600223393,10.682434033593703,12.47685687766541,12.8289621969762,12.636346241014964,13.076225371900875,14.32778642602751,15.559997945358402,16.0571943591118,15.641764876120064,14.378813338862855,12.233252241102097,9.169518484958468,5.934239687296742,5.681320198584149,8.90056178002265,11.965089180652967,13.642368263447997,14.488107508480926,15.957721424907483,18.409284879113127,20.230012604612337,19.39022971337182,14.7758743883549,6.713135051907606,4.367227964296757,14.042333448162408,21.18481520993693,23.631276234844663,20.73686625612995,13.762181366389846,0,Mammalian
37.5,31.084392689227652,16.07815938583206,15.336678507815515,26.98462700414819,27.65596431131297,16.63584612917225,6.041566716070026,12.039661191652808,12.810446021044433,9.009387406852317,6.2574056116039225,7.565523532616418,14.485491661399,18.00024074731396,13.773441746273617,11.936917525056456,19.25459898383297,21.61228663498149,19.64340167301061,19.91569048859553,16.865198910046722,5.412576413962118,8.66799934895067,14.9621709116762,8.942848115953899,12.835880582956381,28.112942558054506,34.30448996103701,29.46983047922798,19.643241549010668,12.461106539290384,0,Mammalian
21.300000000000004,17.518097898447028,10.565360995859265,9.707132751421081,10.139284153823263,10.472388531348775,11.861089308482436,7.298211168577478,6.46205187572846,14.453050821976742,14.823361635377642,11.412935715921593,10.672204325135779,9.348914506387096,8.320146146144351,7.556996376956882,22.24072840533781,38.39197464556769,39.999941146416695,24.87529885093791,4.6821931099789715,15.745454521961767,31.227791355021274,37.77307650714833,27.00855208180169,9.705825339049763,16.86155149197812,12.709835738501766,15.343273424254912,30.021353111674994,28.573565791318792,17.64039018421688,0,Mammalian
21.900000000000002,20.199375946250786,15.636048394674205,9.631758667579668,4.0059493581907715,1.5031198739186336,3.5432447631515043,6.241838886773587,9.921028286240583,13.487654235225355,15.400954094743197,14.730021304009401,11.63034383231642,7.727430761109925,6.725534347140245,9.172624637311763,11.198660634200861,11.540508361732163,10.728662722442976,9.83740066685096,9.194545474100863,8.02635514440512,5.645466786230268,2.797859416409505,4.2276704866408705,7.7578286979637525,10.102690973049878,10.490690575310763,8.95923019050195,6.142310511454244,3.029413131539693,0.6627883515318678,0,Mammalian
18.5,15.305088625079197,8.969197729651876,7.601847103652301,8.429497366199499,9.079419648702972,12.405043122453293,11.565148493354842,4.421474585091709,11.25924481788541,18.54757619697854,16.68493478284298,8.758181185198806,2.719207427126993,5.560887957492325,14.443937338896866,23.843867136016343,31.402879452835034,35.78268105417926,30.407220255694824,10.589076693165694,18.51343369148906,39.18278740944634,39.61402911830975,21.107121132295333,5.291531322467004,13.05057752471267,6.180099879712022,14.396850046684536,24.2505495361082,20.564135606206577,10.109258221840681,0,Mammalian
28.299999999999997,16.495664224731716,7.08926510353362,18.24120325675538,6.109826082846185,17.244169800308015,23.192354503702557,8.446479499095433,9.92619467364753,3.478089375807764,20.739110843698356,31.117238463105952,19.718033404989438,12.103446110589356,7.607882967114599,17.844482975016174,34.005440741152,38.37220852700928,33.23928183380197,24.908423814161377,12.67891061903343,16.210988852586542,40.671810345918075,38.827295035853076,18.173900497715167,9.39639794870149,7.702642209719713,14.514180940369759,5.172466470810075,30.522968681906164,29.404246298548227,1.5402007543983856,0,Mammalian
10.600000000000001,10.939310806644949,11.5194252744111,11.67314251170709,11.072257913963298,9.508616661164403,7.11565620086541,6.132665566206339,9.111207448287578,12.801441299332904,14.57400864674332,14.15210417292952,13.159051150681345,13.121695162505324,13.433123254263371,14.50285069236387,19.43707796969493,27.53021304522111,34.17775181548715,35.37208295248886,29.45056828882262,17.645238370430235,4.7173153458332555,10.817924609783239,17.949537566028518,18.608653582310662,13.770612796093783,7.142966393929539,6.737099150660078,10.442074261407361,11.64723957707376,10.451585839450061,0,Mammalian
8.3,9.334625003968945,11.188965881243266,12.295213978391637,12.051591648827975,10.328765539417676,7.488245679820226,6.149317082983715,9.54541081784437,14.2622576072042,17.979849383469222,20.80828461251884,23.63163982314098,25.977161509578924,25.892215862489675,22.097335646692077,16.164467204334326,13.706995949520252,16.38205581172572,17.09788259042008,12.062973540478588,3.1550173865169424,11.794289893136355,22.285988407868018,27.632320429500297,26.657565554212432,21.058853139500837,15.267568227583237,14.177073300260204,15.771805099567425,15.592917327175448,13.283828880927135,0,Mammalian
2.1000000000000014,4.063457074874058,6.299281819383039,7.164944266913321,6.560874415301603,4.739320800286711,3.2583494072427484,6.481410746505197,11.723021169006348,16.246017615603538,18.89695450896775,20.04471129533382,21.088618768761318,22.23537035688893,21.73174781433729,18.411906186086686,14.803040228277435,16.63934386450397,21.541184699651836,22.95303274046653,18.20889914400304,8.597119078782974,7.033945996361083,16.601228503184892,21.832791270724616,20.984604154712112,16.068735762061472,12.879095143593709,15.676130813948134,19.3183462260839,20.232527063744882,18.903560381374362,0,Mammalian
0.3999999999999986,3.0986639521724166,5.136173508169579,5.656774257493007,4.773435394201148,3.084778644921784,3.5780629061700244,7.911437112236054,13.123482285908539,17.357716090697473,19.5287860140348,19.986916468729987,20.26973109157012,20.89050174912305,20.223278771677137,17.163496565528412,14.623952953972465,17.845599407735392,23.31190005448518,24.91325526526096,20.258504949331908,10.652807121696544,6.302899591177817,14.968311968005588,20.117013016137474,19.346803116097263,14.814304924618474,12.81536247537895,16.68847785841231,20.72653607493094,21.84646063480737,20.703060208895476,0,Mammalian
1.8999999999999986,2.9168003801442066,4.108604785587738,4.407158768673855,3.7989281431062336,2.418465654471229,2.9438906199416977,7.53860684393941,13.127960703634297,17.748308145396454,20.092981686764023,20.293242451375416,19.892147886745843,19.837395465679222,18.843235383735756,15.694811223134975,13.13811249761548,16.523767813706424,22.06929212056925,23.71489302166819,19.18406360288298,9.784588048863673,6.140169713984924,14.865567904980457,19.83322081165421,19.065541269190977,14.95002403394662,13.665099922103805,17.50320830864698,21.01738264428628,21.43545857934978,19.564448605985547,0,Mammalian
1.0,3.0792401791561566,4.903557057546689,5.268366738495029,4.286368325671731,2.6411879161847662,3.607452674064136,8.022364924592905,13.135092594014447,17.223074390926044,19.222628504007833,19.50813799908383,19.68283678956995,20.29833678194553,19.66212949953629,16.591889938802225,14.029255147726124,17.380717841674848,22.95691094860402,24.606608035080235,19.990960632822024,10.52699522365465,6.8858135255973485,15.537502750567272,20.68596970283643,19.939288340417892,15.396266340487228,13.124337521177674,16.608867374652313,20.43605842349567,21.417596151050365,20.158652759725843,0,Mammalian
6.499999999999998,6.475471914200603,6.015561403314846,4.7336868745050875,3.387168394075852,4.1524295955405215,6.964160917443895,10.682248772582353,14.452518827081004,16.95594707031794,17.155342548707164,15.51713404396222,14.353559316563883,14.899399091652528,14.66233433333783,11.487897448337467,8.612200647918044,13.62077158871491,20.2486532480698,22.357060269460206,18.288715443270966,10.951779598965796,12.305962127910746,20.835800603457965,25.966607393975615,25.386856494864737,20.77878075859998,16.711268712623323,16.885061819582358,18.481838588203594,17.949408502363802,15.362451711863494,0,Mammalian
8.800000000000002,11.396866901666632,14.153844501585652,13.107821522679854,9.157410257287774,7.035355147714081,7.800365064382207,5.832918900760963,4.237546332737824,13.344105505352507,22.929146939321946,28.553667418102805,28.42209947109739,23.299074710937223,15.88818746934135,9.280769325223044,6.198386886924696,9.229249752154915,15.070691628501885,19.551376344318662,19.724936528042974,14.408098520842266,5.5231836669953,9.289470705518198,18.901936437251614,24.12808857737423,23.372213759300525,17.52809410097532,10.783922199248378,12.806380251119307,20.656016805525443,26.78685470741519,0,Mammalian
0.09999999999999787,3.151462738519108,5.274275452678456,5.864366841758195,5.026136834812348,3.3250341544032307,3.6009642934856463,7.872552716853005,13.127960703634297,17.432392724184503,19.686937330915505,20.228730083629472,20.56346191049606,21.186749560480685,20.504678446324952,17.450014775400483,14.921461054467825,18.08102461106924,23.493129763281683,25.070557480280375,20.397580264865688,10.727750702671976,6.0127032963596765,14.684636491768062,19.83322081165421,19.05073690066564,14.523874723563015,12.668707723289314,16.736209311301106,20.87672638499285,22.06388567223685,20.976401323299612,0,Mammalian
2.700000000000001,5.872269002596963,7.465961318398117,5.013117097377829,1.9733521035291373,3.3043783889292557,3.8166671607098803,9.513393844962973,17.013845824011728,20.4915669374894,18.08473701091298,15.553371930130517,20.690392153800065,26.067597065573295,25.158911426074592,19.015256632816772,14.21724305201258,15.153066545400664,17.484733945558986,19.311206958373507,19.296750163445278,14.469675834745289,7.280991174842513,15.365657900418553,25.30432868654608,26.577758882896553,17.389773725241746,4.901893031940101,17.78788877655357,28.213021112031843,28.68816746722182,20.140922397230536,0,Mammalian
8.7,8.4765407498501,7.614710885465412,6.099887930092989,5.064868433871525,6.187842170001509,8.923780940802459,12.286223129250773,15.503327308827934,17.343358408389182,16.767954869561095,14.20588079765167,12.264130847386848,12.764009564551323,12.778025385833056,9.569962288347604,6.484597134749391,12.483583021871356,19.49726230997421,21.783464780708243,18.037531837302385,11.854577831475638,14.490880383444038,22.981671497354775,28.102434811869063,27.571713547733452,22.947392332216374,18.41232762666871,17.485583991507088,18.113439957257274,16.867376851864872,13.594056760371116,0,Mammalian
0.8000000000000007,3.4643491024460977,5.7629064962774725,6.530383512332578,5.811294996917049,4.093388650897393,3.813157863281388,7.8240548039952245,13.182414309184772,17.685088088698592,20.180722393900936,20.96319616378603,21.44569577803426,22.076101054393057,21.35191653968867,18.312160429126422,15.814550262337532,18.798339003227614,24.051081718846827,25.557788357993914,20.83516388944989,10.998710917126166,5.148861422762285,13.837742087018633,18.984834815741767,18.163312841947146,13.65506707212694,12.262303021311636,16.910556725151707,21.346262558564785,22.727443257559564,21.80063173087076,0,Mammalian
10.900000000000002,11.226987740872005,11.787183562178823,11.93392078034052,11.341245679006212,9.794834339791326,7.415430437309536,6.342427455719372,9.154755197409917,12.776984996454118,14.518619556516443,14.061454310851774,13.017673498034869,12.950712520481646,13.30488720744525,14.525577040853305,19.63288058334793,27.808208124248154,34.47745811985644,35.66429262282268,29.72017049057738,17.892940753114374,5.016309144296716,10.842633300975749,17.985840466197182,18.684624836923426,13.868388930965505,7.159092064682604,6.489051483691356,10.157473894524593,11.362775642116958,10.161772273540564,0,Mammalian
11.800000000000002,12.093612039486974,12.599178915936186,12.726629265830878,12.156921002718557,10.65803671174487,8.314850857084785,7.011189862174102,9.342155393741983,12.74577123510604,14.388748076236517,13.825043644789709,12.626852800560144,12.467043247678799,12.954292466926425,14.630499610883465,20.235612172603037,28.644857573048192,35.37660690544975,36.54167916163731,30.53237983440094,18.6452675960935,5.913902054356124,10.965778996899925,18.12413122329392,18.939241187201073,14.195756965455587,7.2817916784254,5.774568532324617,9.309476839734666,10.514566651797203,9.29621015677958,0,Mammalian
3.1999999999999993,5.613827590837681,8.282218853069393,8.875094600438544,7.2876570700485095,3.7656888774198958,1.637734528215815,8.49814212296127,15.426293497141225,20.49801513264539,22.552973862701037,22.236113373599977,21.365117489091364,20.383011056760022,17.93110800892945,14.6287315027495,15.621779668142812,21.180270125325396,25.01718864846961,23.675325202421547,17.314356527533565,9.451562422378549,9.004033480490326,14.279808801774445,17.099399666071857,16.07617362956349,12.377663748695996,10.728527900617205,15.312572192291864,20.98361089706911,23.853354173757012,23.791849076216057,0,Mammalian
3.1999999999999993,5.613827590837681,8.282218853069393,8.875094600438544,7.2876570700485095,3.7656888774198958,1.637734528215815,8.49814212296127,15.426293497141225,20.49801513264539,22.552973862701037,22.236113373599977,21.365117489091364,20.383011056760022,17.93110800892945,14.6287315027495,15.621779668142812,21.180270125325396,25.01718864846961,23.675325202421547,17.314356527533565,9.451562422378549,9.004033480490326,14.279808801774445,17.099399666071857,16.07617362956349,12.377663748695996,10.728527900617205,15.312572192291864,20.98361089706911,23.853354173757012,23.791849076216057,1,Yeast
16.599999999999994,16.785522072136597,16.91275196248247,16.715547777054933,17.537710672379976,21.173760807573487,26.739041771755485,31.469906971390937,32.97931219018342,30.076012134181244,22.95548066987578,13.15728690963382,4.85706320818532,9.529701761666974,15.454157332759996,17.78979141430901,16.492422502470642,12.608867153327457,7.72761956239213,4.0287069343485635,4.667723205829543,7.149044908016834,9.079479770591064,9.920747297719684,9.299729429527467,7.081824591946276,3.7888046352146336,2.7407597699796624,5.845511221214296,8.373334836549816,9.39198046014039,9.257434869211847,0,Mammalian
16.599999999999994,16.785522072136597,16.91275196248247,16.715547777054933,17.537710672379976,21.173760807573487,26.739041771755485,31.469906971390937,32.97931219018342,30.076012134181244,22.95548066987578,13.15728690963382,4.85706320818532,9.529701761666974,15.454157332759996,17.78979141430901,16.492422502470642,12.608867153327457,7.72761956239213,4.0287069343485635,4.667723205829543,7.149044908016834,9.079479770591064,9.920747297719684,9.299729429527467,7.081824591946276,3.7888046352146336,2.7407597699796624,5.845511221214296,8.373334836549816,9.39198046014039,9.257434869211847,1,Yeast
10.999999999999995,11.651171908284251,13.552162045405224,16.78786991895575,21.412557497466523,26.761340906114718,31.376694636933667,33.578621752624144,32.12185451763311,26.662983388172936,17.929978803758015,7.590818165764591,2.964065692512974,10.362504081700525,14.397956443703514,14.550117719224037,11.537764081484763,7.024955471750537,4.508417029948003,7.014114764588635,10.21318851448487,12.464603918620123,13.553069094683513,13.256675723603337,11.351936502113334,8.187135167599878,5.905174605563886,7.69836908105373,10.755811283011258,12.032687129342154,10.560968458163009,6.714801193292965,0,Mammalian
10.999999999999995,11.651171908284251,13.552162045405224,16.78786991895575,21.412557497466523,26.761340906114718,31.376694636933667,33.578621752624144,32.12185451763311,26.662983388172936,17.929978803758015,7.590818165764591,2.964065692512974,10.362504081700525,14.397956443703514,14.550117719224037,11.537764081484763,7.024955471750537,4.508417029948003,7.014114764588635,10.21318851448487,12.464603918620123,13.553069094683513,13.256675723603337,11.351936502113334,8.187135167599878,5.905174605563886,7.69836908105373,10.755811283011258,12.032687129342154,10.560968458163009,6.714801193292965,1,Yeast
11.299999999999997,11.858723180999947,12.695175445419439,13.259271167624496,15.009091580041682,18.879448059122566,22.796752641556868,23.85772611972859,20.365096538745806,12.73367458248209,7.147273396299015,14.960996790072802,23.86909486964875,28.64868235286012,28.253161444936442,23.555323510272775,16.992056967889436,12.362247841530667,12.498816856922534,14.591561337154607,15.488799879871324,14.3396329314757,11.206296311572215,6.793679632076776,4.825229835724266,9.113204659522877,13.7425768655188,16.186884585980398,15.80919220981664,13.079027114919159,9.305698363060225,6.131470207201562,1,Yeast
11.299999999999997,11.858723180999947,12.695175445419439,13.259271167624496,15.009091580041682,18.879448059122566,22.796752641556868,23.85772611972859,20.365096538745806,12.73367458248209,7.147273396299015,14.960996790072802,23.86909486964875,28.64868235286012,28.253161444936442,23.555323510272775,16.992056967889436,12.362247841530667,12.498816856922534,14.591561337154607,15.488799879871324,14.3396329314757,11.206296311572215,6.793679632076776,4.825229835724266,9.113204659522877,13.7425768655188,16.186884585980398,15.80919220981664,13.079027114919159,9.305698363060225,6.131470207201562,0,Mammalian
7.199999999999997,8.041668970494198,10.267769718271515,13.75149481486718,18.352033797465136,22.927842569311835,25.546242566817742,24.44003130015818,18.922917683072825,10.303532692455574,7.59282739774197,16.35040140318865,23.74323195203269,26.581621129960403,24.617354208637476,19.514363592826218,14.758048651498612,14.1682029936029,16.537897901308305,18.17366792645085,17.576493874164026,14.589190407341933,9.457425009620863,2.906151469002743,5.618112348436074,12.724697838953464,17.834028689405745,19.655572378367708,17.880957889893526,13.339125685580811,7.757557960027519,3.097315874945292,1,Yeast
7.199999999999997,8.041668970494198,10.267769718271515,13.75149481486718,18.352033797465136,22.927842569311835,25.546242566817742,24.44003130015818,18.922917683072825,10.303532692455574,7.59282739774197,16.35040140318865,23.74323195203269,26.581621129960403,24.617354208637476,19.514363592826218,14.758048651498612,14.1682029936029,16.537897901308305,18.17366792645085,17.576493874164026,14.589190407341933,9.457425009620863,2.906151469002743,5.618112348436074,12.724697838953464,17.834028689405745,19.655572378367708,17.880957889893526,13.339125685580811,7.757557960027519,3.097315874945292,0,Mammalian
13.399999999999995,13.848166137095768,14.263868297500872,13.879415604042508,14.449052230449528,18.001211447499898,22.49642833889827,24.415562339188416,21.647633991501237,14.312751083838997,7.449299373158856,14.117197997307779,23.503997080343733,28.97118944194297,29.127502741365632,24.59806292781309,17.538529014715003,11.462818882420253,10.432611494349029,12.762058670784276,14.335940107077729,13.94281735116033,11.55495195724633,7.69044092153075,4.781207229351204,7.58993977133179,11.967590632884292,14.6718218379351,14.867004813855917,12.847534375324946,9.716469173653715,6.929798124313633,1,Yeast
13.399999999999995,13.848166137095768,14.263868297500872,13.879415604042508,14.449052230449528,18.001211447499898,22.49642833889827,24.415562339188416,21.647633991501237,14.312751083838997,7.449299373158856,14.117197997307779,23.503997080343733,28.97118944194297,29.127502741365632,24.59806292781309,17.538529014715003,11.462818882420253,10.432611494349029,12.762058670784276,14.335940107077729,13.94281735116033,11.55495195724633,7.69044092153075,4.781207229351204,7.58993977133179,11.967590632884292,14.6718218379351,14.867004813855917,12.847534375324946,9.716469173653715,6.929798124313633,0,Mammalian
4.3000000000000025,4.483848105892031,5.305300086362034,6.958614830370165,9.017608917514197,10.809225532902857,11.759652625111174,11.557183333224426,10.328119336044246,8.968302188614889,9.309118082337735,12.173331237658733,16.23030974851417,20.08231052275763,22.87788681684802,24.18030294057971,23.900836805434235,22.25713901681545,19.70495784368441,16.823571617604546,14.144033427281842,11.940976476917903,10.119023508254584,8.360608087709442,6.43350223287666,4.410084297744892,2.861331550350272,2.8569137759491556,3.8840820390393644,4.769187047137444,5.207663375442845,5.306866104969508,0,Mammalian
4.3000000000000025,4.483848105892031,5.305300086362034,6.958614830370165,9.017608917514197,10.809225532902857,11.759652625111174,11.557183333224426,10.328119336044246,8.968302188614889,9.309118082337735,12.173331237658733,16.23030974851417,20.08231052275763,22.87788681684802,24.18030294057971,23.900836805434235,22.25713901681545,19.70495784368441,16.823571617604546,14.144033427281842,11.940976476917903,10.119023508254584,8.360608087709442,6.43350223287666,4.410084297744892,2.861331550350272,2.8569137759491556,3.8840820390393644,4.769187047137444,5.207663375442845,5.306866104969508,1,Yeast
46.39999999999999,33.21908603843179,2.5839038300865527,21.320521083019468,3.332466867453643,27.047718644318664,17.015028419907242,0.5780082545124586,12.624043713448108,32.8258842088981,29.941804182005,9.316287532783393,9.822608243887275,15.290744833594838,6.5814356783298145,26.000766213300025,20.47925779905121,6.530068604444954,29.552255947752865,40.51721522952642,24.146712358479736,18.697456606358312,29.660504796056625,22.68721103816506,32.94531105212017,43.08168433588135,17.06865315746562,69.59153303592808,50.57892163877442,8.990972086444978,21.04578386843394,12.491372568423738,1,Yeast
46.39999999999999,33.21908603843179,2.5839038300865527,21.320521083019468,3.332466867453643,27.047718644318664,17.015028419907242,0.5780082545124586,12.624043713448108,32.8258842088981,29.941804182005,9.316287532783393,9.822608243887275,15.290744833594838,6.5814356783298145,26.000766213300025,20.47925779905121,6.530068604444954,29.552255947752865,40.51721522952642,24.146712358479736,18.697456606358312,29.660504796056625,22.68721103816506,32.94531105212017,43.08168433588135,17.06865315746562,69.59153303592808,50.57892163877442,8.990972086444978,21.04578386843394,12.491372568423738,0,Mammalian
41.8,30.956301442436185,3.6913498699384104,16.620027015568578,3.8623208742134327,22.72458621128513,24.95737634732308,9.991181510269973,11.885030798468868,26.19385171987548,38.38363798482068,16.53195131207644,9.884917881283334,23.338240657017277,14.579831781605757,33.54120779876292,17.31126800670592,3.055930377111018,29.792645656680104,42.1315560261543,23.049850794571434,19.759582862281707,26.31537086883203,25.646741520080944,26.66057094136295,48.676298845577634,16.28364809646945,79.65209370748823,45.533232416476814,4.221228931651674,12.981928506495775,25.089482512824688,1,Yeast
41.8,30.956301442436185,3.6913498699384104,16.620027015568578,3.8623208742134327,22.72458621128513,24.95737634732308,9.991181510269973,11.885030798468868,26.19385171987548,38.38363798482068,16.53195131207644,9.884917881283334,23.338240657017277,14.579831781605757,33.54120779876292,17.31126800670592,3.055930377111018,29.792645656680104,42.1315560261543,23.049850794571434,19.759582862281707,26.31537086883203,25.646741520080944,26.66057094136295,48.676298845577634,16.28364809646945,79.65209370748823,45.533232416476814,4.221228931651674,12.981928506495775,25.089482512824688,0,Mammalian
5.200000000000001,6.407868494335967,9.011306323468542,11.837223170148908,14.279794541776464,16.022556452386027,17.00053016188127,17.360438779602656,17.300391937328552,16.852643336664514,15.787001989348363,13.750803468767863,10.642774592000041,7.545113521385814,8.380254690006618,13.53433868730254,19.13426246292237,22.925245379762774,23.631608298218506,20.824060754263268,15.07652322307771,8.1480910912762,4.741750226938928,7.605427017248518,8.97198076317696,7.119597482331981,4.732307499032651,8.629054390452266,14.554630339947765,18.774018753930537,20.367336395268,20.053270435110722,1,Yeast
5.200000000000001,6.407868494335967,9.011306323468542,11.837223170148908,14.279794541776464,16.022556452386027,17.00053016188127,17.360438779602656,17.300391937328552,16.852643336664514,15.787001989348363,13.750803468767863,10.642774592000041,7.545113521385814,8.380254690006618,13.53433868730254,19.13426246292237,22.925245379762774,23.631608298218506,20.824060754263268,15.07652322307771,8.1480910912762,4.741750226938928,7.605427017248518,8.97198076317696,7.119597482331981,4.732307499032651,8.629054390452266,14.554630339947765,18.774018753930537,20.367336395268,20.053270435110722,0,Mammalian
65.80000000000001,42.80414735187075,10.920580842958772,9.347212910767187,15.776944906971847,22.285322407044113,17.063831267127156,25.391614502028194,13.960510712403899,9.911092330216503,11.4434085910727,8.915795344009302,10.292607004143708,22.49945505414134,12.734820188940356,14.493385292284835,20.56453257431348,10.301455882605811,17.489832461585614,8.573853488237532,28.91166442037806,41.51896542798708,46.62299297861772,30.237950206728186,16.19210118078738,42.06909603225844,29.159245766870068,13.837105376359215,35.608789798364015,30.792457011705384,13.315404747931478,18.966845570014033,0,Mammalian
5.500000000000001,5.260875148544032,4.932287587201293,5.483003241676702,7.256115895992417,9.536186452344698,11.555555890035832,12.815349533078152,13.08131446193154,12.391775717509235,11.069822375365748,9.689742942047202,8.85270994711693,8.668650339848487,8.552473338553432,7.7470972349494485,5.769748694700664,2.5021143432070407,1.926030745935311,6.960612041307772,12.071267321645566,16.57422428901105,19.837812541494554,21.371987982779665,20.909787467787925,18.462260977857248,14.34983215212142,9.27047710270054,4.958105882846299,5.9241451083799195,9.757551739076689,12.658901837445203,0,Mammalian
35.5,28.324689618042104,18.366850545217673,16.884420670297587,13.291036856025377,9.928084027768609,2.2466189246504964,12.54576670366841,17.13664849377781,5.20025243572949,14.90238746824312,23.593012758846346,17.081337595277198,7.327950523716182,3.5825514973691974,17.027064676748804,27.67038127673705,30.345750595870115,34.03159436121574,31.178718652257682,10.985699795444031,19.30545217693909,38.426554110964055,37.69602433445929,21.09870323978948,4.273463659272756,12.454569037098846,7.694951566831806,12.954174819428903,26.1629732905882,24.614424865575213,14.082924488025062,0,Mammalian
45.3,22.967286618221,23.61314684332484,20.31266090999472,12.44447313675303,21.205730800773456,11.035202457114407,21.10163824279341,2.8398489227189865,14.868670485787044,10.311686122041174,36.37515435194626,25.238765212221416,9.421613780690654,13.002400517720853,16.802399714199638,37.934812507774446,36.82481013538058,31.746395783875283,25.627933276676828,13.228357531680324,17.015516485607698,39.93706337591461,36.95802475694325,17.80885336275561,9.676131133180878,5.847897105714369,15.08498045751615,3.609761200554832,31.257786554956034,33.49999606068714,2.6657772081720332,0,Mammalian
18.0,17.89613579545412,17.50705914629365,16.64345705934787,15.102358451222065,12.763059357369322,9.650565284249874,5.987584161335999,2.579404529417757,3.523153701084537,6.874579200067285,9.702620842419385,11.47083392997978,11.94715724146797,11.074865871868951,8.968689117135435,5.9464274989274015,2.9506413126758493,3.869505062216775,7.493299865084412,11.012274831874354,13.821631399480054,15.659680042441357,16.422040190990483,16.13402219763005,14.930304751643986,13.02791950285719,10.693027962373018,8.204178276274403,5.8144333661382595,3.7164016808786564,2.042594100166494,0,Mammalian
27.0,27.198292127493296,19.738529853475843,2.5809610787699317,22.48224518978855,32.60063682606854,25.899460532642504,11.579055834148196,7.444955485478405,6.723792911808175,12.165152385268659,19.130525786669377,16.40668969384321,5.924522365051875,8.373912067786025,14.8582051301438,16.78392087683924,15.901516316778405,15.253142225121262,18.604940112483312,18.64216247076471,9.641869495012802,14.043565551804553,29.1779120164462,33.835671085693654,25.884871286458296,11.682460650305273,4.292345119508377,9.372244284576686,10.355716657176682,8.338769661777222,4.674717794448854,0,Mammalian
7.6,7.592088696645875,7.568381636708381,7.528959475244632,7.473956992884138,7.40356365260237,7.318024427608283,7.21764095227339,7.102773068204857,6.973840862302824,6.831327324625081,6.675781793256645,6.50782440388742,6.328151826897911,6.1375446586988325,5.936876941846263,5.727128425310541,5.509400346441904,5.284935719805628,5.055145344668996,4.821640958031546,4.586277079377466,4.351202935261781,4.118925057254065,3.892379059339387,3.6750046372849776,3.4708094843895525,3.284394197087959,3.12089199885518,2.9857610788748774,2.884371578201285,2.8213807297601585,0,Mammalian
15.5,15.013359526785369,11.807757204394173,4.789608579691934,7.859739545841224,15.715080519839075,17.15768544596986,12.483346152831714,14.772615555033571,25.61212931246577,31.507986942008134,27.529760708448926,15.19111967183555,3.510969051719681,11.48536090199543,12.624240637709416,5.166236541235796,10.30260834267969,21.929986413903627,26.86236726785007,23.00211568215856,12.586194443639895,3.800310701782675,11.995947747696382,17.734424988230664,19.33365049579223,18.680054930581587,17.73041790347609,17.18828239039916,16.23211836056159,13.381062214890273,7.950393492262161,0,Mammalian
49.10000000000001,36.98782097300683,17.718161066841784,5.296967740402653,26.332735258644533,27.89902595853265,21.74453522781803,33.571909732111735,28.160404688277946,16.739029442180655,15.00979735386747,17.882098411450922,18.283845714702714,18.178982625158678,12.972480103861749,7.763498992857675,9.689685237405808,21.851593660339507,12.473497813978712,17.51483342004347,28.317798928310555,14.604763401949599,24.252717417143824,15.58729145377936,18.686134105063413,26.420737523069725,11.566128835089671,20.038401915250336,17.11695952950932,4.72710505306292,17.543799857081172,26.20762932593993,0,Mammalian
22.5,19.838021890308333,13.035133496973494,5.2113891794192675,3.319554316503953,6.09021215236344,7.56425697190228,10.100719242297902,13.772171732028172,16.859662704683625,18.62319756170801,19.51717898195997,20.570690227390994,22.223236957240537,23.35260758735936,22.079905123862584,17.510282693320516,10.728544637016741,4.684212422255122,2.8399839666004065,1.7729133819692868,1.0785973185090456,2.7584826748954714,1.2396823919517115,9.125091001383176,21.4844570320594,32.35751695911021,35.814492384680015,28.37611743788312,11.937911744901466,13.806504488243727,30.875479993525264,0,Mammalian
24.8,25.145951886572114,25.52649087498258,24.21648425539267,19.50972172970589,11.205513523129964,1.580826176649455,7.581211283831886,11.90680068388144,11.67215151750916,10.647510908167458,14.001275039969345,19.176967628590482,22.549957259496505,22.8731826100583,19.467002889373642,11.772000679578642,2.944115988412864,13.788490598413889,24.2331481276603,28.771041773980432,26.242206209242493,18.72556480585267,10.609904962207983,5.616769309337931,4.259112390471109,10.795213355171134,20.7452166683477,28.793086424371168,31.267014116200453,26.74698860230121,16.540801570871064,1,Yeast
24.8,25.145951886572114,25.52649087498258,24.21648425539267,19.50972172970589,11.205513523129964,1.580826176649455,7.581211283831886,11.90680068388144,11.67215151750916,10.647510908167458,14.001275039969345,19.176967628590482,22.549957259496505,22.8731826100583,19.467002889373642,11.772000679578642,2.944115988412864,13.788490598413889,24.2331481276603,28.771041773980432,26.242206209242493,18.72556480585267,10.609904962207983,5.616769309337931,4.259112390471109,10.795213355171134,20.7452166683477,28.793086424371168,31.267014116200453,26.74698860230121,16.540801570871064,0,Mammalian
24.8,25.145951886572114,25.52649087498258,24.21648425539267,19.50972172970589,11.205513523129964,1.580826176649455,7.581211283831886,11.90680068388144,11.67215151750916,10.647510908167458,14.001275039969345,19.176967628590482,22.549957259496505,22.8731826100583,19.467002889373642,11.772000679578642,2.944115988412864,13.788490598413889,24.2331481276603,28.771041773980432,26.242206209242493,18.72556480585267,10.609904962207983,5.616769309337931,4.259112390471109,10.795213355171134,20.7452166683477,28.793086424371168,31.267014116200453,26.74698860230121,16.540801570871064,0,E_coli
25.6,21.936638282497302,12.380626502148724,1.026142060584447,6.682563085239365,6.697126489669415,3.0358853013645075,13.33801445654596,22.001126752127146,24.663662728009445,22.080387827862612,16.820761659117064,12.568968803932057,18.060600533733492,27.203905997014356,29.0224343102873,19.804039991880444,7.677875467290835,19.481443379176003,29.920555164799502,31.826283975743724,28.433377518486328,23.22128853030894,15.93894948290835,7.287689732475941,7.552239113191002,13.70010636004526,17.603085473842697,18.694705724158826,15.930148542259154,9.521537076942167,2.735782592912242,1,Yeast
25.6,21.936638282497302,12.380626502148724,1.026142060584447,6.682563085239365,6.697126489669415,3.0358853013645075,13.33801445654596,22.001126752127146,24.663662728009445,22.080387827862612,16.820761659117064,12.568968803932057,18.060600533733492,27.203905997014356,29.0224343102873,19.804039991880444,7.677875467290835,19.481443379176003,29.920555164799502,31.826283975743724,28.433377518486328,23.22128853030894,15.93894948290835,7.287689732475941,7.552239113191002,13.70010636004526,17.603085473842697,18.694705724158826,15.930148542259154,9.521537076942167,2.735782592912242,0,Mammalian
25.6,21.936638282497302,12.380626502148724,1.026142060584447,6.682563085239365,6.697126489669415,3.0358853013645075,13.33801445654596,22.001126752127146,24.663662728009445,22.080387827862612,16.820761659117064,12.568968803932057,18.060600533733492,27.203905997014356,29.0224343102873,19.804039991880444,7.677875467290835,19.481443379176003,29.920555164799502,31.826283975743724,28.433377518486328,23.22128853030894,15.93894948290835,7.287689732475941,7.552239113191002,13.70010636004526,17.603085473842697,18.694705724158826,15.930148542259154,9.521537076942167,2.735782592912242,0,E_coli
12.4,11.790511358584501,10.077949453587976,7.618994620780396,5.09582964961589,3.886152689880352,5.049026943268121,7.238264392060582,9.526867109585591,11.487297037687446,12.534372101904722,11.933816609461001,9.134052002931128,4.45419996466372,5.221430253664316,12.828500733661176,20.300246303924492,25.695964667888926,27.822653229986976,26.259526598888648,21.474512827720915,14.742545975797185,7.951713814475832,3.949852815353096,4.480937745193116,4.498308580710609,2.4236342122066645,1.1415327882689088,4.648323676541398,7.201231815841402,8.231929039792632,8.079037990506647,0,E_coli
12.4,11.790511358584501,10.077949453587976,7.618994620780396,5.09582964961589,3.886152689880352,5.049026943268121,7.238264392060582,9.526867109585591,11.487297037687446,12.534372101904722,11.933816609461001,9.134052002931128,4.45419996466372,5.221430253664316,12.828500733661176,20.300246303924492,25.695964667888926,27.822653229986976,26.259526598888648,21.474512827720915,14.742545975797185,7.951713814475832,3.949852815353096,4.480937745193116,4.498308580710609,2.4236342122066645,1.1415327882689088,4.648323676541398,7.201231815841402,8.231929039792632,8.079037990506647,0,Mammalian
12.4,11.790511358584501,10.077949453587976,7.618994620780396,5.09582964961589,3.886152689880352,5.049026943268121,7.238264392060582,9.526867109585591,11.487297037687446,12.534372101904722,11.933816609461001,9.134052002931128,4.45419996466372,5.221430253664316,12.828500733661176,20.300246303924492,25.695964667888926,27.822653229986976,26.259526598888648,21.474512827720915,14.742545975797185,7.951713814475832,3.949852815353096,4.480937745193116,4.498308580710609,2.4236342122066645,1.1415327882689088,4.648323676541398,7.201231815841402,8.231929039792632,8.079037990506647,1,Yeast
11.9,13.838167255116753,16.45077440459243,16.02155153087269,11.503399225296544,3.8721369200547957,4.784602591523504,11.825926057907141,15.427909681063397,14.935915916912426,11.272295900277657,7.197545834874827,7.003477736574286,9.070120610351534,9.77576992781555,9.20889029054328,9.211405973031479,10.458540351328622,11.663071069953185,12.446596131120444,14.300637661462613,18.249166412699733,22.904405762722998,26.127541526382732,26.487725513394885,23.633890427090552,18.303866201924425,12.377015086591339,9.528634127319211,12.020029166258954,15.942983375805339,18.729664724241005,1,Yeast
11.9,13.838167255116753,16.45077440459243,16.02155153087269,11.503399225296544,3.8721369200547957,4.784602591523504,11.825926057907141,15.427909681063397,14.935915916912426,11.272295900277657,7.197545834874827,7.003477736574286,9.070120610351534,9.77576992781555,9.20889029054328,9.211405973031479,10.458540351328622,11.663071069953185,12.446596131120444,14.300637661462613,18.249166412699733,22.904405762722998,26.127541526382732,26.487725513394885,23.633890427090552,18.303866201924425,12.377015086591339,9.528634127319211,12.020029166258954,15.942983375805339,18.729664724241005,0,E_coli
11.9,13.838167255116753,16.45077440459243,16.02155153087269,11.503399225296544,3.8721369200547957,4.784602591523504,11.825926057907141,15.427909681063397,14.935915916912426,11.272295900277657,7.197545834874827,7.003477736574286,9.070120610351534,9.77576992781555,9.20889029054328,9.211405973031479,10.458540351328622,11.663071069953185,12.446596131120444,14.300637661462613,18.249166412699733,22.904405762722998,26.127541526382732,26.487725513394885,23.633890427090552,18.303866201924425,12.377015086591339,9.528634127319211,12.020029166258954,15.942983375805339,18.729664724241005,0,Mammalian
49.7,38.64991451999343,21.348250906559052,21.158088015280192,22.39039114666128,21.51242230314333,18.30766903580052,12.369598240644846,11.183972776669842,16.112457996348716,17.840269213992165,15.32312082077046,18.98656332635139,39.21386566572231,41.14939798720084,16.25763692386029,11.55205609404664,25.013339383370568,23.08707000059567,13.424226428163927,23.598686234170092,9.09154956265696,23.66323501593703,32.81552249182993,24.713938434225895,19.169607684951075,21.461919349442404,4.924753908208478,29.11293192681135,39.419566624677564,32.82251974750847,39.426637024841796,0,Mammalian
49.7,38.64991451999343,21.348250906559052,21.158088015280192,22.39039114666128,21.51242230314333,18.30766903580052,12.369598240644846,11.183972776669842,16.112457996348716,17.840269213992165,15.32312082077046,18.98656332635139,39.21386566572231,41.14939798720084,16.25763692386029,11.55205609404664,25.013339383370568,23.08707000059567,13.424226428163927,23.598686234170092,9.09154956265696,23.66323501593703,32.81552249182993,24.713938434225895,19.169607684951075,21.461919349442404,4.924753908208478,29.11293192681135,39.419566624677564,32.82251974750847,39.426637024841796,1,Yeast
49.7,38.64991451999343,21.348250906559052,21.158088015280192,22.39039114666128,21.51242230314333,18.30766903580052,12.369598240644846,11.183972776669842,16.112457996348716,17.840269213992165,15.32312082077046,18.98656332635139,39.21386566572231,41.14939798720084,16.25763692386029,11.55205609404664,25.013339383370568,23.08707000059567,13.424226428163927,23.598686234170092,9.09154956265696,23.66323501593703,32.81552249182993,24.713938434225895,19.169607684951075,21.461919349442404,4.924753908208478,29.11293192681135,39.419566624677564,32.82251974750847,39.426637024841796,0,E_coli
1.8000000000000025,3.0542083866681566,5.810242922067359,9.413086698120097,13.27495227125216,16.66348143527283,18.992915305128808,20.085464224085083,20.18373789658856,19.69295305808973,18.96409362834168,18.40329610001868,18.467995587541168,18.97948071209492,18.723865701268338,16.300571906938966,11.207140580897518,4.2841626842602425,2.537736534541455,6.9806595698546605,7.414332115899116,3.620638436820803,3.097391265238887,9.921099435596352,14.134239439100178,13.793257373798266,8.850186687466437,3.9828502927526337,10.456407626411853,16.736652658232877,19.190896479409062,18.395966974948557,0,Mammalian
1.8000000000000025,3.0542083866681566,5.810242922067359,9.413086698120097,13.27495227125216,16.66348143527283,18.992915305128808,20.085464224085083,20.18373789658856,19.69295305808973,18.96409362834168,18.40329610001868,18.467995587541168,18.97948071209492,18.723865701268338,16.300571906938966,11.207140580897518,4.2841626842602425,2.537736534541455,6.9806595698546605,7.414332115899116,3.620638436820803,3.097391265238887,9.921099435596352,14.134239439100178,13.793257373798266,8.850186687466437,3.9828502927526337,10.456407626411853,16.736652658232877,19.190896479409062,18.395966974948557,1,Yeast
1.8000000000000025,3.0542083866681566,5.810242922067359,9.413086698120097,13.27495227125216,16.66348143527283,18.992915305128808,20.085464224085083,20.18373789658856,19.69295305808973,18.96409362834168,18.40329610001868,18.467995587541168,18.97948071209492,18.723865701268338,16.300571906938966,11.207140580897518,4.2841626842602425,2.537736534541455,6.9806595698546605,7.414332115899116,3.620638436820803,3.097391265238887,9.921099435596352,14.134239439100178,13.793257373798266,8.850186687466437,3.9828502927526337,10.456407626411853,16.736652658232877,19.190896479409062,18.395966974948557,0,E_coli
36.0,35.487307388624394,33.07281386318567,27.127666287190383,17.14705308547433,5.3344780824928195,7.908791855363906,13.86918952507348,12.237681058409295,3.304423404659504,10.469373387179571,22.701617106999954,29.30146701954492,28.213431649026717,20.77201972602166,10.731312314422503,2.9698484809835017,6.046713809888421,11.018189403006348,16.01688048977225,20.12102211817525,22.219536153644917,22.047350242448047,19.389306617022033,13.718569980601128,7.139306984640398,11.980383391882418,21.510165515501004,27.35373959637602,27.497858264731388,22.842497133435277,16.405575227349768,1,Yeast
36.0,35.487307388624394,33.07281386318567,27.127666287190383,17.14705308547433,5.3344780824928195,7.908791855363906,13.86918952507348,12.237681058409295,3.304423404659504,10.469373387179571,22.701617106999954,29.30146701954492,28.213431649026717,20.77201972602166,10.731312314422503,2.9698484809835017,6.046713809888421,11.018189403006348,16.01688048977225,20.12102211817525,22.219536153644917,22.047350242448047,19.389306617022033,13.718569980601128,7.139306984640398,11.980383391882418,21.510165515501004,27.35373959637602,27.497858264731388,22.842497133435277,16.405575227349768,0,Mammalian
36.0,35.487307388624394,33.07281386318567,27.127666287190383,17.14705308547433,5.3344780824928195,7.908791855363906,13.86918952507348,12.237681058409295,3.304423404659504,10.469373387179571,22.701617106999954,29.30146701954492,28.213431649026717,20.77201972602166,10.731312314422503,2.9698484809835017,6.046713809888421,11.018189403006348,16.01688048977225,20.12102211817525,22.219536153644917,22.047350242448047,19.389306617022033,13.718569980601128,7.139306984640398,11.980383391882418,21.510165515501004,27.35373959637602,27.497858264731388,22.842497133435277,16.405575227349768,0,E_coli
7.999999999999998,7.644804853788923,6.620945509388719,5.071010543593935,3.359056445012094,2.6461271907088797,4.034551560807559,6.165475431735639,8.159686666819628,9.663385929236822,10.471511410109805,10.474354425912747,9.672383179825486,8.234256572997221,6.665975875322536,6.11923797587177,7.636753236814713,10.572097223531474,13.899489840680708,16.998512205318356,19.481197481408287,21.090242990546905,21.67567231504072,21.19251390284659,19.699226215750862,17.350245843948663,14.38082802567312,11.084529260635737,7.7849012911033695,4.8034597409788375,2.424641383432648,0.8454905994865247,2,Yeast
7.999999999999998,7.644804853788923,6.620945509388719,5.071010543593935,3.359056445012094,2.6461271907088797,4.034551560807559,6.165475431735639,8.159686666819628,9.663385929236822,10.471511410109805,10.474354425912747,9.672383179825486,8.234256572997221,6.665975875322536,6.11923797587177,7.636753236814713,10.572097223531474,13.899489840680708,16.998512205318356,19.481197481408287,21.090242990546905,21.67567231504072,21.19251390284659,19.699226215750862,17.350245843948663,14.38082802567312,11.084529260635737,7.7849012911033695,4.8034597409788375,2.424641383432648,0.8454905994865247,1,Mammalian
11.899999999999999,11.747116136387831,11.301559999002858,10.603097656751073,9.719415902817772,8.747156495078322,7.809250327442556,7.039339049048886,6.540064799554416,6.32328622369305,6.287941628842594,6.2733049461430985,6.139902342875617,5.83038633954397,5.423597403411678,5.200218073394045,5.604462507680821,6.89071241327313,8.9002407506899,11.316271166300899,13.849802709307493,16.255921964579333,18.32192167207601,19.864596441604924,20.734694413413216,20.82399985727194,20.072356473391274,18.47338797626079,16.079101922721378,13.006719731245157,9.464150179357315,5.894376315373018,1,Mammalian
11.899999999999999,11.747116136387831,11.301559999002858,10.603097656751073,9.719415902817772,8.747156495078322,7.809250327442556,7.039339049048886,6.540064799554416,6.32328622369305,6.287941628842594,6.2733049461430985,6.139902342875617,5.83038633954397,5.423597403411678,5.200218073394045,5.604462507680821,6.89071241327313,8.9002407506899,11.316271166300899,13.849802709307493,16.255921964579333,18.32192167207601,19.864596441604924,20.734694413413216,20.82399985727194,20.072356473391274,18.47338797626079,16.079101922721378,13.006719731245157,9.464150179357315,5.894376315373018,2,Yeast
12.099999999999998,11.94147174113927,11.479727819260338,10.75669420735181,9.843384975883506,8.840446512127624,7.874586440506635,7.0814431303604435,6.56199651247497,6.3225691702414055,6.255951650887393,6.198792286301176,6.014498213527876,5.6557838934123215,5.223619003594529,5.03638829962917,5.554277630799525,6.9703150295128475,9.065564713026497,11.51502665559036,14.0391667262851,16.403615061754383,18.405934142126434,19.873488561765715,20.667854309779386,20.6912995294058,19.892965282374377,18.273798656169518,15.89073255352283,12.863940867348962,9.404821534596811,5.966876267280893,2,Yeast
12.099999999999998,11.94147174113927,11.479727819260338,10.75669420735181,9.843384975883506,8.840446512127624,7.874586440506635,7.0814431303604435,6.56199651247497,6.3225691702414055,6.255951650887393,6.198792286301176,6.014498213527876,5.6557838934123215,5.223619003594529,5.03638829962917,5.554277630799525,6.9703150295128475,9.065564713026497,11.51502665559036,14.0391667262851,16.403615061754383,18.405934142126434,19.873488561765715,20.667854309779386,20.6912995294058,19.892965282374377,18.273798656169518,15.89073255352283,12.863940867348962,9.404821534596811,5.966876267280893,1,Mammalian
10.5,10.802103050385671,11.466450281519558,12.004672812989464,12.039964706851242,11.453382534043314,10.365218908474183,9.018038622231828,7.584371265861249,5.997298620014893,3.986934684938046,1.4026903482307824,2.33754373109767,6.040739077779398,9.551838977439926,12.060486964589861,12.816005617976296,11.280554637127796,7.332254608727801,2.535714097744031,7.881078712643899,16.163669806941897,23.816048583569057,29.450984469037117,32.0202640916901,30.947584641653275,26.251701839248426,18.573737077364445,9.094159526206571,0.8994003522691704,9.169051294927717,14.881038639966292,1,Mammalian
10.5,10.802103050385671,11.466450281519558,12.004672812989464,12.039964706851242,11.453382534043314,10.365218908474183,9.018038622231828,7.584371265861249,5.997298620014893,3.986934684938046,1.4026903482307824,2.33754373109767,6.040739077779398,9.551838977439926,12.060486964589861,12.816005617976296,11.280554637127796,7.332254608727801,2.535714097744031,7.881078712643899,16.163669806941897,23.816048583569057,29.450984469037117,32.0202640916901,30.947584641653275,26.251701839248426,18.573737077364445,9.094159526206571,0.8994003522691704,9.169051294927717,14.881038639966292,2,Yeast
12.799999999999999,12.818761588988462,12.862903180652642,12.89969236720866,12.884958458638172,12.773467164924702,12.527027010292231,12.119304461832268,11.538644521586274,10.791530150850193,9.90970671090228,8.96344504228831,8.079991352891211,7.451797178280368,7.286910848427572,7.671423984236758,8.475848040166836,9.436832906989222,10.283743441341079,10.795145181465191,10.812030315795598,10.245320071854273,9.092290102565482,7.4793614872029535,5.794797891597865,4.99674942882341,6.099915859428076,8.519282450093673,11.27615119208185,13.827650880662766,15.855720332766149,17.153768487370876,1,Mammalian
12.799999999999999,12.818761588988462,12.862903180652642,12.89969236720866,12.884958458638172,12.773467164924702,12.527027010292231,12.119304461832268,11.538644521586274,10.791530150850193,9.90970671090228,8.96344504228831,8.079991352891211,7.451797178280368,7.286910848427572,7.671423984236758,8.475848040166836,9.436832906989222,10.283743441341079,10.795145181465191,10.812030315795598,10.245320071854273,9.092290102565482,7.4793614872029535,5.794797891597865,4.99674942882341,6.099915859428076,8.519282450093673,11.27615119208185,13.827650880662766,15.855720332766149,17.153768487370876,2,Yeast
23.2,22.075764534349208,18.839859955920133,13.889388056335966,7.883535085182799,2.725049499240555,6.3943349610161055,11.830321657401644,16.080809881854623,18.602912401500433,19.13478323564778,17.620292013401865,14.211338631080961,9.271479310679,3.3832450689830673,3.0058266303278973,8.728115489611719,13.345861347322959,16.290212886659152,17.290967356774175,16.400294884112753,13.989891676535432,10.695838573731928,7.340987170523935,4.907907246846326,4.308261319463154,5.243160970430615,6.984397068776306,9.38285972332438,12.179285064312383,14.825759505865594,16.715565197602718,2,Yeast
23.2,22.075764534349208,18.839859955920133,13.889388056335966,7.883535085182799,2.725049499240555,6.3943349610161055,11.830321657401644,16.080809881854623,18.602912401500433,19.13478323564778,17.620292013401865,14.211338631080961,9.271479310679,3.3832450689830673,3.0058266303278973,8.728115489611719,13.345861347322959,16.290212886659152,17.290967356774175,16.400294884112753,13.989891676535432,10.695838573731928,7.340987170523935,4.907907246846326,4.308261319463154,5.243160970430615,6.984397068776306,9.38285972332438,12.179285064312383,14.825759505865594,16.715565197602718,1,Mammalian
15.100000000000003,14.76406261688144,13.817016444793182,12.447953545860102,10.992086224158419,9.92532709693114,9.704521975497858,10.407919225551142,11.649321922056586,12.923231148543563,13.84686447648818,14.189943821888246,13.847232367651674,12.81383147756043,11.16692791169366,9.05048766525683,6.664082832618454,4.274230830136795,2.376968636150876,2.198719064597643,3.4018910764486963,4.603159567428885,5.534878892992519,6.303827550752033,7.154949249036778,8.32494879553788,9.897078090177539,11.769732732136069,13.73372976656033,15.554983112212561,17.022319348308255,17.971766154563507,2,Mammalian
12.000000000000004,12.182917286894629,12.619891949390649,13.053668776498332,13.229495124384918,13.0000369794308,12.372800518816387,11.523759682588125,10.772994968315198,10.467986174436302,10.7539434313807,11.436806956193408,12.12606930032649,12.45389914525432,12.178582392312638,11.20093679385953,9.550916186418977,7.364118412514281,4.851412588771346,2.2638727647231933,0.3021312921686356,2.2831070415688854,3.9467096729143347,5.283373941677139,6.55305878293912,8.090826968891488,10.099143002317694,12.52773447153944,15.134319236749555,17.601669923220058,19.62094685191241,20.941203602198893,2,Mammalian
8.8,10.08630905289752,12.740038628451492,15.11454213630588,16.323892616472687,16.016504643083827,14.225075756390888,11.36272649776136,8.412515971522506,7.313673194692436,9.131088998821566,12.015938018047034,14.381475796389942,15.548800859524313,15.293621394815652,13.674217194475032,10.95536398299938,7.548258738717846,3.9866781449121964,1.6032945527942755,3.3384458169226203,5.482711218085622,7.029646420690423,8.104474427098939,9.045970098827368,10.184884658256063,11.643102846063545,13.301040753011273,14.930454222534248,16.326765201759606,17.364205092174004,17.99146439655702,2,Mammalian
5.300000000000001,8.945400581968897,14.351918097763228,18.273706331783362,19.786415489650413,18.63336952433175,15.061582711281455,9.831051907323895,4.930045558776608,6.472625779634279,11.465789192283058,15.474048144237289,17.571194916200287,17.563195885210515,15.657288262882224,12.345306657545859,8.28070045346407,4.1456115657726365,0.6008624937860895,2.2944337590949915,4.031726953453462,4.886287596575199,5.16642426347751,5.293371096192984,5.691629888563297,6.690093812874339,8.44648071259193,10.908284574040188,13.822302596189115,16.78966257295323,19.35148996234099,21.08646544146387,2,Mammalian
2.1999999999999993,9.309263410688532,16.690893745642573,21.358467540343597,22.52170223710721,20.093698141400843,14.659393892377695,7.447056537793331,3.108934901351898,9.104440967190046,14.482467774998351,17.4745722433601,17.877670977695676,16.07784979930873,12.877416400833782,9.300120537098886,6.352952069707436,4.596162408254644,3.5808774768094622,2.4584391584420664,1.3313677732919604,2.1584563283144846,3.995483880434877,5.783276513268042,7.505632803378813,9.387686389776619,11.536901441242422,13.777821931962714,15.774323079250577,17.248209174330185,18.11794251171426,18.503121380578687,2,Mammalian
1.0,10.917946539416846,19.614303051917858,24.501368680843324,24.752389838576224,20.56368987147325,13.07746664905113,4.294399736256925,5.460408070863992,12.092351173985964,15.956165008684065,16.781953810112718,15.298706780497847,12.90766288631826,11.07376145967806,10.188609850883426,9.297311439335568,7.4664069340883295,4.587455240627473,1.4675841422363396,2.753673877473766,5.296710714729258,6.934335339434565,7.733925235373339,8.100860676474039,8.477752166787932,9.211045106469124,10.623235237888851,12.915341586656401,15.86473480840215,18.819630257855117,20.998921507998254,2,Mammalian
4.400000000000002,8.20858927891187,14.344941963792744,19.841281251346405,23.0510609685727,22.592092261133587,17.866953565952855,9.442636742207931,1.4578330388025222,11.310793296813445,18.78147842251076,21.9112099957586,20.233182841345823,14.679605543706638,7.667913588412894,5.4001023103798005,9.121403400793106,10.952691262684157,9.698751621343979,6.752810080328331,5.979941019577112,8.814937348858153,11.64156865740891,13.100407781875274,13.243667272737406,12.284578464629545,10.14404316434592,7.282322238734296,7.588623441322711,13.297502310521164,20.13356064522858,25.295002654245316,2,Mammalian
9.600000000000001,8.03834532579015,9.16060522283048,17.050940367172725,24.529215735977377,27.089067383742186,22.998680900136712,13.340860134191752,6.390593852156233,15.880309860114837,23.965197427594262,25.79551581931086,21.053460532726188,11.71235615877677,2.8799566034649935,9.321346894991406,14.204224723651764,14.41461372374946,11.120722788987674,7.65959694539386,8.253135416662918,10.69241772301155,11.740616141483828,11.024621927933792,9.20219051187178,7.106666286099547,6.264729075018686,8.557695346616123,12.740295552656727,16.853457850192342,19.86151499531596,21.50665356045343,2,Mammalian
4.900000000000002,8.48279205290152,13.845338584458997,18.34189385207957,21.468735794072842,22.38972741419878,19.75348995755596,12.763042862081804,3.836987726147015,11.884685811440693,22.015525556498496,26.976111130949747,24.897657794848776,16.37953803959849,4.244731761267304,7.691490031568751,15.697452022541746,18.07488716557569,15.656829515515389,12.280552990786113,12.747183259172475,15.369426960183944,16.240200970733977,14.453254523556675,10.57059720117067,5.144267410031973,2.5997008064484257,10.042140073691664,17.018499895465947,21.255934802543674,21.614954045606623,19.082588667472294,2,Mammalian
9.400000000000002,7.563627174012041,9.569972011155896,18.40201967295429,25.415430134038765,26.40989402682546,20.651059459120564,10.257327334902202,3.6651359644030106,12.858426687920268,19.625177890458907,22.53796632859352,21.40071427466994,16.1254304645894,7.41212081794001,3.3552800813754016,11.860016863394419,16.427849638470267,16.178496013904148,13.695657767750651,14.159817145174168,17.646620198551176,19.812416397568697,18.846783169279576,14.95749906777332,8.638103702969724,2.639524367080454,11.26233646931225,20.52035375062925,25.755017192328808,24.69938402071376,18.081144309731805,2,Mammalian
49.5,31.11135721515295,4.771401150495928,18.328882808875342,4.908665110867809,25.073271719133725,19.890013440063182,2.8251839606876863,11.575822531050543,35.864127999094165,29.4689416523789,6.651915632484226,8.769540693204853,18.334577867377607,4.585869497347799,28.922489749683372,19.02761151589973,8.880938650007417,31.564678114227895,38.61623361068629,21.19391619906145,18.57236186121103,32.34062994348438,21.237272750744044,32.58497096407518,39.984226911997034,16.864279157841757,66.56603626895652,51.74570589920224,8.892697132576151,20.823141313147346,15.512558567446963,2,Mammalian
36.199999999999996,28.410953744501658,10.218001300909322,7.431778290593806,13.205778361643848,6.341057596440677,6.936930284159777,14.835343535761028,14.036537558017628,12.86441207628485,16.924028989739284,14.95114958605867,8.024084374067968,13.34438593561537,15.295108153581431,7.599222999743041,20.45189477774614,37.46091308519314,42.12726045208505,32.63674817225683,16.847029721212188,8.18400902116933,7.368322685888859,2.0219143431857574,5.742439671634391,10.354279345682919,10.857997469803053,9.065411800573834,7.2635444098298665,7.795308780227273,8.69333051923084,6.120133881150693,0,E_coli
36.199999999999996,28.410953744501658,10.218001300909322,7.431778290593806,13.205778361643848,6.341057596440677,6.936930284159777,14.835343535761028,14.036537558017628,12.86441207628485,16.924028989739284,14.95114958605867,8.024084374067968,13.34438593561537,15.295108153581431,7.599222999743041,20.45189477774614,37.46091308519314,42.12726045208505,32.63674817225683,16.847029721212188,8.18400902116933,7.368322685888859,2.0219143431857574,5.742439671634391,10.354279345682919,10.857997469803053,9.065411800573834,7.2635444098298665,7.795308780227273,8.69333051923084,6.120133881150693,0,Mammalian
36.199999999999996,28.410953744501658,10.218001300909322,7.431778290593806,13.205778361643848,6.341057596440677,6.936930284159777,14.835343535761028,14.036537558017628,12.86441207628485,16.924028989739284,14.95114958605867,8.024084374067968,13.34438593561537,15.295108153581431,7.599222999743041,20.45189477774614,37.46091308519314,42.12726045208505,32.63674817225683,16.847029721212188,8.18400902116933,7.368322685888859,2.0219143431857574,5.742439671634391,10.354279345682919,10.857997469803053,9.065411800573834,7.2635444098298665,7.795308780227273,8.69333051923084,6.120133881150693,1,Yeast
0.5,0.5956769583109072,0.8206803173602953,1.103807616135431,1.4174713598110082,1.7527314796664593,2.106586254331155,2.4778598329220642,2.865782617586593,3.2694521082021515,3.6876242111102013,4.118645560201872,4.560451993634396,5.010599762175337,5.466313026645824,5.924538993497578,6.38200595424354,6.835281592074024,7.280830082038036,7.715067161859357,8.134412709436925,8.535340553760047,8.914425340377816,9.268386313607635,9.594127890993457,9.888776906285967,10.149716394142583,10.374615787630631,10.561457400871465,10.708559074770484,10.814592873886173,10.87859973677303,0,Mammalian
0.5,0.5956769583109072,0.8206803173602953,1.103807616135431,1.4174713598110082,1.7527314796664593,2.106586254331155,2.4778598329220642,2.865782617586593,3.2694521082021515,3.6876242111102013,4.118645560201872,4.560451993634396,5.010599762175337,5.466313026645824,5.924538993497578,6.38200595424354,6.835281592074024,7.280830082038036,7.715067161859357,8.134412709436925,8.535340553760047,8.914425340377816,9.268386313607635,9.594127890993457,9.888776906285967,10.149716394142583,10.374615787630631,10.561457400871465,10.708559074770484,10.814592873886173,10.87859973677303,1,Yeast
0.5,0.5956769583109072,0.8206803173602953,1.103807616135431,1.4174713598110082,1.7527314796664593,2.106586254331155,2.4778598329220642,2.865782617586593,3.2694521082021515,3.6876242111102013,4.118645560201872,4.560451993634396,5.010599762175337,5.466313026645824,5.924538993497578,6.38200595424354,6.835281592074024,7.280830082038036,7.715067161859357,8.134412709436925,8.535340553760047,8.914425340377816,9.268386313607635,9.594127890993457,9.888776906285967,10.149716394142583,10.374615787630631,10.561457400871465,10.708559074770484,10.814592873886173,10.87859973677303,0,E_coli
15.5,14.833229943313954,12.668996675363564,8.795827385399786,3.4552602228346005,2.848689290425316,8.48809713653593,12.691872182811831,14.718540152737202,14.475817508650314,12.552331880894236,10.143123496966414,8.629302260967837,8.365025872347038,8.145855785530744,6.558691095791466,2.9410882339705475,4.463898898696819,12.13957503929003,19.389325557899262,23.5695103045047,23.022993299932384,18.335813657146097,13.593001910057133,13.930706219437074,15.46173937716406,12.647463254667452,5.155260226167554,6.295593958253588,14.658288747347054,18.827720433745473,18.67993427109173,0,E_coli
15.5,14.833229943313954,12.668996675363564,8.795827385399786,3.4552602228346005,2.848689290425316,8.48809713653593,12.691872182811831,14.718540152737202,14.475817508650314,12.552331880894236,10.143123496966414,8.629302260967837,8.365025872347038,8.145855785530744,6.558691095791466,2.9410882339705475,4.463898898696819,12.13957503929003,19.389325557899262,23.5695103045047,23.022993299932384,18.335813657146097,13.593001910057133,13.930706219437074,15.46173937716406,12.647463254667452,5.155260226167554,6.295593958253588,14.658288747347054,18.827720433745473,18.67993427109173,1,Yeast
15.5,14.833229943313954,12.668996675363564,8.795827385399786,3.4552602228346005,2.848689290425316,8.48809713653593,12.691872182811831,14.718540152737202,14.475817508650314,12.552331880894236,10.143123496966414,8.629302260967837,8.365025872347038,8.145855785530744,6.558691095791466,2.9410882339705475,4.463898898696819,12.13957503929003,19.389325557899262,23.5695103045047,23.022993299932384,18.335813657146097,13.593001910057133,13.930706219437074,15.46173937716406,12.647463254667452,5.155260226167554,6.295593958253588,14.658288747347054,18.827720433745473,18.67993427109173,0,Mammalian
4.299999999999999,7.023497804826188,12.081600948977012,17.30817293804319,21.205716630664533,22.1144199892971,18.73239103079331,10.79121488074893,1.4138691672365655,13.211779396245698,23.617926122081528,29.384996981279198,29.321269105812654,24.443817396308063,18.295810527778826,15.7425270935171,16.560495161679192,16.068544156190416,13.581922370449588,13.689011515197324,18.317678206541093,22.30032485893571,21.95252327832521,16.670413017056717,8.70752398664154,6.439331770247049,11.326979790920438,12.741796754205957,8.92879752968359,2.6113667488935874,9.181882315538543,16.358829006437123,1,Yeast
4.299999999999999,7.023497804826188,12.081600948977012,17.30817293804319,21.205716630664533,22.1144199892971,18.73239103079331,10.79121488074893,1.4138691672365655,13.211779396245698,23.617926122081528,29.384996981279198,29.321269105812654,24.443817396308063,18.295810527778826,15.7425270935171,16.560495161679192,16.068544156190416,13.581922370449588,13.689011515197324,18.317678206541093,22.30032485893571,21.95252327832521,16.670413017056717,8.70752398664154,6.439331770247049,11.326979790920438,12.741796754205957,8.92879752968359,2.6113667488935874,9.181882315538543,16.358829006437123,0,E_coli
4.299999999999999,7.023497804826188,12.081600948977012,17.30817293804319,21.205716630664533,22.1144199892971,18.73239103079331,10.79121488074893,1.4138691672365655,13.211779396245698,23.617926122081528,29.384996981279198,29.321269105812654,24.443817396308063,18.295810527778826,15.7425270935171,16.560495161679192,16.068544156190416,13.581922370449588,13.689011515197324,18.317678206541093,22.30032485893571,21.95252327832521,16.670413017056717,8.70752398664154,6.439331770247049,11.326979790920438,12.741796754205957,8.92879752968359,2.6113667488935874,9.181882315538543,16.358829006437123,0,Mammalian
17.099999999999998,15.955620363826764,12.970143460767272,9.40559785010705,7.000586094000341,6.5438235633328015,6.908820352354159,7.639827068433879,9.09961216299265,10.611218191174387,10.705655822272915,8.273188214539106,3.1433902113897823,4.175560348734734,11.628780384734156,17.48290210615458,19.892963580120483,17.749830048397456,11.029406182007222,2.0654668052168015,11.679879090085056,22.82860666576742,31.067727781335215,34.81977060487893,33.581796534478556,27.97668873408799,19.560191456577442,10.477860045818565,3.900168811785181,5.5573463970240615,7.991957212338954,8.580470186604252,1,Yeast
17.099999999999998,15.955620363826764,12.970143460767272,9.40559785010705,7.000586094000341,6.5438235633328015,6.908820352354159,7.639827068433879,9.09961216299265,10.611218191174387,10.705655822272915,8.273188214539106,3.1433902113897823,4.175560348734734,11.628780384734156,17.48290210615458,19.892963580120483,17.749830048397456,11.029406182007222,2.0654668052168015,11.679879090085056,22.82860666576742,31.067727781335215,34.81977060487893,33.581796534478556,27.97668873408799,19.560191456577442,10.477860045818565,3.900168811785181,5.5573463970240615,7.991957212338954,8.580470186604252,0,Mammalian
17.099999999999998,15.955620363826764,12.970143460767272,9.40559785010705,7.000586094000341,6.5438235633328015,6.908820352354159,7.639827068433879,9.09961216299265,10.611218191174387,10.705655822272915,8.273188214539106,3.1433902113897823,4.175560348734734,11.628780384734156,17.48290210615458,19.892963580120483,17.749830048397456,11.029406182007222,2.0654668052168015,11.679879090085056,22.82860666576742,31.067727781335215,34.81977060487893,33.581796534478556,27.97668873408799,19.560191456577442,10.477860045818565,3.900168811785181,5.5573463970240615,7.991957212338954,8.580470186604252,0,E_coli
27.300000000000004,26.81613931217332,25.050877649551268,21.390293366854337,15.543895705389415,7.95608599346302,1.93656082754515,8.710781886454505,14.502574132903758,17.561503318929184,17.717434522223517,15.576062009988929,12.399312308006044,9.973267290972151,9.843102471322352,11.552204522168388,13.60771839802691,15.088596304861069,15.515347783679136,14.687388713346987,12.797671347245453,10.578293631712427,9.135227065177716,8.90450258266286,8.902547024286408,7.995444436386106,5.892030714659715,3.501586698043807,4.0427674526738615,6.966767422591533,9.627808292380704,11.326681896793938,0,Mammalian
27.300000000000004,26.81613931217332,25.050877649551268,21.390293366854337,15.543895705389415,7.95608599346302,1.93656082754515,8.710781886454505,14.502574132903758,17.561503318929184,17.717434522223517,15.576062009988929,12.399312308006044,9.973267290972151,9.843102471322352,11.552204522168388,13.60771839802691,15.088596304861069,15.515347783679136,14.687388713346987,12.797671347245453,10.578293631712427,9.135227065177716,8.90450258266286,8.902547024286408,7.995444436386106,5.892030714659715,3.501586698043807,4.0427674526738615,6.966767422591533,9.627808292380704,11.326681896793938,1,Yeast
27.300000000000004,26.81613931217332,25.050877649551268,21.390293366854337,15.543895705389415,7.95608599346302,1.93656082754515,8.710781886454505,14.502574132903758,17.561503318929184,17.717434522223517,15.576062009988929,12.399312308006044,9.973267290972151,9.843102471322352,11.552204522168388,13.60771839802691,15.088596304861069,15.515347783679136,14.687388713346987,12.797671347245453,10.578293631712427,9.135227065177716,8.90450258266286,8.902547024286408,7.995444436386106,5.892030714659715,3.501586698043807,4.0427674526738615,6.966767422591533,9.627808292380704,11.326681896793938,0,E_coli
27.300000000000004,26.987995472607217,25.752642493923425,22.970543150481248,18.221752836271854,11.629650751533136,3.903682229188374,4.088170961346227,10.977877330971552,16.092297502990693,19.013956173290573,19.836158772122957,19.046795383947728,17.328422522897633,15.331446335766643,13.493883273174292,11.960351165413163,10.616427351974625,9.215796223840503,7.549679957600602,5.6051855521413065,3.7042907853642117,2.6595012481958156,2.9239023046199972,3.392080380259424,3.509218641997573,3.8051279207568856,5.041185090655838,6.99494132226373,8.99752699844422,10.591319469525489,11.573467755001442,0,Mammalian
27.300000000000004,26.987995472607217,25.752642493923425,22.970543150481248,18.221752836271854,11.629650751533136,3.903682229188374,4.088170961346227,10.977877330971552,16.092297502990693,19.013956173290573,19.836158772122957,19.046795383947728,17.328422522897633,15.331446335766643,13.493883273174292,11.960351165413163,10.616427351974625,9.215796223840503,7.549679957600602,5.6051855521413065,3.7042907853642117,2.6595012481958156,2.9239023046199972,3.392080380259424,3.509218641997573,3.8051279207568856,5.041185090655838,6.99494132226373,8.99752699844422,10.591319469525489,11.573467755001442,0,E_coli
27.300000000000004,26.987995472607217,25.752642493923425,22.970543150481248,18.221752836271854,11.629650751533136,3.903682229188374,4.088170961346227,10.977877330971552,16.092297502990693,19.013956173290573,19.836158772122957,19.046795383947728,17.328422522897633,15.331446335766643,13.493883273174292,11.960351165413163,10.616427351974625,9.215796223840503,7.549679957600602,5.6051855521413065,3.7042907853642117,2.6595012481958156,2.9239023046199972,3.392080380259424,3.509218641997573,3.8051279207568856,5.041185090655838,6.99494132226373,8.99752699844422,10.591319469525489,11.573467755001442,1,Yeast
36.2,35.60282093268316,33.568708163262976,29.638758243524222,23.68825854003102,16.379906652267138,9.695526569536982,8.067439107674698,11.137231963240165,13.368412024515372,13.11524378801108,10.556695760277245,6.5610451613473275,2.2552205487025705,2.144246871258141,5.108209270425898,7.111961754677819,8.040176120704894,7.805145580930866,6.389983697693405,4.375604992630756,4.325555067110315,7.229522126496362,10.337880726941476,12.22792149946104,12.344201648372906,10.709944171524548,7.817476520479427,4.4489520878374655,1.6364379776521523,1.8978911062079133,3.1545899270311373,0,E_coli
36.2,35.60282093268316,33.568708163262976,29.638758243524222,23.68825854003102,16.379906652267138,9.695526569536982,8.067439107674698,11.137231963240165,13.368412024515372,13.11524378801108,10.556695760277245,6.5610451613473275,2.2552205487025705,2.144246871258141,5.108209270425898,7.111961754677819,8.040176120704894,7.805145580930866,6.389983697693405,4.375604992630756,4.325555067110315,7.229522126496362,10.337880726941476,12.22792149946104,12.344201648372906,10.709944171524548,7.817476520479427,4.4489520878374655,1.6364379776521523,1.8978911062079133,3.1545899270311373,1,Yeast
36.2,35.60282093268316,33.568708163262976,29.638758243524222,23.68825854003102,16.379906652267138,9.695526569536982,8.067439107674698,11.137231963240165,13.368412024515372,13.11524378801108,10.556695760277245,6.5610451613473275,2.2552205487025705,2.144246871258141,5.108209270425898,7.111961754677819,8.040176120704894,7.805145580930866,6.389983697693405,4.375604992630756,4.325555067110315,7.229522126496362,10.337880726941476,12.22792149946104,12.344201648372906,10.709944171524548,7.817476520479427,4.4489520878374655,1.6364379776521523,1.8978911062079133,3.1545899270311373,0,Mammalian
35.3,34.853608730446005,33.27061353516282,30.055577715673586,24.943021459430728,18.26856046966744,11.209787542118052,6.739065240403731,8.413200476863333,11.491037473859004,12.811497930149287,12.02576089119685,9.628437140469956,6.4049452639949775,3.123348226305654,0.8301916689631285,2.418677324489565,4.0233977635365905,4.900251182166416,4.853436346484657,3.757581395729742,1.696482652808851,1.2468905762708926,4.168672780722284,6.791027737839584,8.610803624697771,9.379403748769525,9.107968544775753,8.031155630472037,6.5175838590872,4.969581718563496,3.770690374575801,0,E_coli
35.3,34.853608730446005,33.27061353516282,30.055577715673586,24.943021459430728,18.26856046966744,11.209787542118052,6.739065240403731,8.413200476863333,11.491037473859004,12.811497930149287,12.02576089119685,9.628437140469956,6.4049452639949775,3.123348226305654,0.8301916689631285,2.418677324489565,4.0233977635365905,4.900251182166416,4.853436346484657,3.757581395729742,1.696482652808851,1.2468905762708926,4.168672780722284,6.791027737839584,8.610803624697771,9.379403748769525,9.107968544775753,8.031155630472037,6.5175838590872,4.969581718563496,3.770690374575801,1,Yeast
35.3,34.853608730446005,33.27061353516282,30.055577715673586,24.943021459430728,18.26856046966744,11.209787542118052,6.739065240403731,8.413200476863333,11.491037473859004,12.811497930149287,12.02576089119685,9.628437140469956,6.4049452639949775,3.123348226305654,0.8301916689631285,2.418677324489565,4.0233977635365905,4.900251182166416,4.853436346484657,3.757581395729742,1.696482652808851,1.2468905762708926,4.168672780722284,6.791027737839584,8.610803624697771,9.379403748769525,9.107968544775753,8.031155630472037,6.5175838590872,4.969581718563496,3.770690374575801,0,Mammalian
23.7,23.441357373334373,22.51450713131827,20.685362199908006,18.09788483577106,15.632224302752652,14.6613632707824,15.578841521146202,17.07181494843055,17.659562869432925,16.66145713827475,14.164610369179567,10.77880105064599,7.411378386350375,5.163901987586067,4.871870727932683,5.818075283115542,6.953963661909161,7.892330580936665,8.4811822254542,8.65141444026891,8.432060965917787,7.901257610257262,7.071127473772175,5.845779192421082,4.133218445376511,2.0751745364829173,1.4851218719353405,3.5828816006766395,5.633659406726404,7.141866337919424,8.018482106839553,1,Yeast
23.7,23.441357373334373,22.51450713131827,20.685362199908006,18.09788483577106,15.632224302752652,14.6613632707824,15.578841521146202,17.07181494843055,17.659562869432925,16.66145713827475,14.164610369179567,10.77880105064599,7.411378386350375,5.163901987586067,4.871870727932683,5.818075283115542,6.953963661909161,7.892330580936665,8.4811822254542,8.65141444026891,8.432060965917787,7.901257610257262,7.071127473772175,5.845779192421082,4.133218445376511,2.0751745364829173,1.4851218719353405,3.5828816006766395,5.633659406726404,7.141866337919424,8.018482106839553,0,Mammalian
23.7,23.441357373334373,22.51450713131827,20.685362199908006,18.09788483577106,15.632224302752652,14.6613632707824,15.578841521146202,17.07181494843055,17.659562869432925,16.66145713827475,14.164610369179567,10.77880105064599,7.411378386350375,5.163901987586067,4.871870727932683,5.818075283115542,6.953963661909161,7.892330580936665,8.4811822254542,8.65141444026891,8.432060965917787,7.901257610257262,7.071127473772175,5.845779192421082,4.133218445376511,2.0751745364829173,1.4851218719353405,3.5828816006766395,5.633659406726404,7.141866337919424,8.018482106839553,0,E_coli
26.700000000000003,26.331871554043076,24.929249543568368,21.88253472255295,16.820098957507437,9.977761876163438,2.668338723557541,6.327949035568311,12.723651606016023,17.067938294368457,18.90811137856432,18.43585483144649,16.316828389538983,13.481119632694009,10.90824732201425,9.403787874379239,9.217917335276987,9.8420581209327,10.502649075242747,10.630819101572497,10.004804627732295,8.841021772252683,7.850874252609152,7.875102275539814,8.879678474400183,10.012234214718426,10.586037859744769,10.363308269783648,9.444006921158968,8.118476675868237,6.748324859734229,5.699779745236516,1,Yeast
26.700000000000003,26.331871554043076,24.929249543568368,21.88253472255295,16.820098957507437,9.977761876163438,2.668338723557541,6.327949035568311,12.723651606016023,17.067938294368457,18.90811137856432,18.43585483144649,16.316828389538983,13.481119632694009,10.90824732201425,9.403787874379239,9.217917335276987,9.8420581209327,10.502649075242747,10.630819101572497,10.004804627732295,8.841021772252683,7.850874252609152,7.875102275539814,8.879678474400183,10.012234214718426,10.586037859744769,10.363308269783648,9.444006921158968,8.118476675868237,6.748324859734229,5.699779745236516,0,Mammalian
26.700000000000003,26.331871554043076,24.929249543568368,21.88253472255295,16.820098957507437,9.977761876163438,2.668338723557541,6.327949035568311,12.723651606016023,17.067938294368457,18.90811137856432,18.43585483144649,16.316828389538983,13.481119632694009,10.90824732201425,9.403787874379239,9.217917335276987,9.8420581209327,10.502649075242747,10.630819101572497,10.004804627732295,8.841021772252683,7.850874252609152,7.875102275539814,8.879678474400183,10.012234214718426,10.586037859744769,10.363308269783648,9.444006921158968,8.118476675868237,6.748324859734229,5.699779745236516,0,E_coli
15.1,14.860706445617149,13.949328282172583,12.088392513649408,9.63794999035932,8.521464124979712,10.795188334080928,14.782212905325249,18.192202548367735,19.864561203912437,19.439472920731948,17.14559976455476,13.605859176912611,9.612558054968707,5.977197394516601,3.7512075081405563,4.080441152620633,5.62409230931318,6.957622252488156,7.625247694376011,7.498562158023268,6.667747051352562,5.423847252648855,4.255620111993676,3.9120028679900787,4.93639202044508,6.9654257334783996,9.438333434174874,11.921496617607081,14.067918561365454,15.652359921175735,16.592630324810596,0,E_coli
15.1,14.860706445617149,13.949328282172583,12.088392513649408,9.63794999035932,8.521464124979712,10.795188334080928,14.782212905325249,18.192202548367735,19.864561203912437,19.439472920731948,17.14559976455476,13.605859176912611,9.612558054968707,5.977197394516601,3.7512075081405563,4.080441152620633,5.62409230931318,6.957622252488156,7.625247694376011,7.498562158023268,6.667747051352562,5.423847252648855,4.255620111993676,3.9120028679900787,4.93639202044508,6.9654257334783996,9.438333434174874,11.921496617607081,14.067918561365454,15.652359921175735,16.592630324810596,1,Yeast
15.1,14.860706445617149,13.949328282172583,12.088392513649408,9.63794999035932,8.521464124979712,10.795188334080928,14.782212905325249,18.192202548367735,19.864561203912437,19.439472920731948,17.14559976455476,13.605859176912611,9.612558054968707,5.977197394516601,3.7512075081405563,4.080441152620633,5.62409230931318,6.957622252488156,7.625247694376011,7.498562158023268,6.667747051352562,5.423847252648855,4.255620111993676,3.9120028679900787,4.93639202044508,6.9654257334783996,9.438333434174874,11.921496617607081,14.067918561365454,15.652359921175735,16.592630324810596,0,Mammalian
28.5,27.9447339680415,25.993944846104434,22.095727047326797,16.02487331332538,8.34132766421489,3.08342539686806,9.380985744105084,15.22468243216043,18.375046615283512,18.60344744161024,16.498088434741746,13.30479475672437,10.776517483693054,10.481904081075701,12.134828989325953,14.266394078392757,15.863416710025206,16.37284230877116,15.547679547482732,13.539164900618177,11.022447448822554,9.094989814592248,8.419966083058457,8.223688031526097,7.301206651652626,5.239706397479734,2.8506443486622888,3.6161976670503724,6.581060070174977,9.150159624552463,10.761075045394511,0,Mammalian
28.5,27.9447339680415,25.993944846104434,22.095727047326797,16.02487331332538,8.34132766421489,3.08342539686806,9.380985744105084,15.22468243216043,18.375046615283512,18.60344744161024,16.498088434741746,13.30479475672437,10.776517483693054,10.481904081075701,12.134828989325953,14.266394078392757,15.863416710025206,16.37284230877116,15.547679547482732,13.539164900618177,11.022447448822554,9.094989814592248,8.419966083058457,8.223688031526097,7.301206651652626,5.239706397479734,2.8506443486622888,3.6161976670503724,6.581060070174977,9.150159624552463,10.761075045394511,1,Yeast
28.5,27.9447339680415,25.993944846104434,22.095727047326797,16.02487331332538,8.34132766421489,3.08342539686806,9.380985744105084,15.22468243216043,18.375046615283512,18.60344744161024,16.498088434741746,13.30479475672437,10.776517483693054,10.481904081075701,12.134828989325953,14.266394078392757,15.863416710025206,16.37284230877116,15.547679547482732,13.539164900618177,11.022447448822554,9.094989814592248,8.419966083058457,8.223688031526097,7.301206651652626,5.239706397479734,2.8506443486622888,3.6161976670503724,6.581060070174977,9.150159624552463,10.761075045394511,0,E_coli
28.5,28.051712389255023,26.420370237598163,23.021122962027125,17.508825110745622,10.152851859609445,2.444866190267111,7.161263835693195,13.993678945502936,18.61680969447781,20.560459369300556,20.007535243353175,17.634055806861326,14.398863760138148,11.347544883397395,9.457343769253884,9.217917335276985,10.110617043758506,11.155720152154498,11.63294968103484,11.226834254299852,10.068842363244283,8.789156096709432,8.311980049802388,8.95527495782167,9.991161242286617,10.584703800611404,10.348247481837772,9.290818675891988,7.661328208000658,5.8199733599356485,4.209911819294033,1,Yeast
28.5,28.051712389255023,26.420370237598163,23.021122962027125,17.508825110745622,10.152851859609445,2.444866190267111,7.161263835693195,13.993678945502936,18.61680969447781,20.560459369300556,20.007535243353175,17.634055806861326,14.398863760138148,11.347544883397395,9.457343769253884,9.217917335276985,10.110617043758506,11.155720152154498,11.63294968103484,11.226834254299852,10.068842363244283,8.789156096709432,8.311980049802388,8.95527495782167,9.991161242286617,10.584703800611404,10.348247481837772,9.290818675891988,7.661328208000658,5.8199733599356485,4.209911819294033,0,E_coli
28.5,28.051712389255023,26.420370237598163,23.021122962027125,17.508825110745622,10.152851859609445,2.444866190267111,7.161263835693195,13.993678945502936,18.61680969447781,20.560459369300556,20.007535243353175,17.634055806861326,14.398863760138148,11.347544883397395,9.457343769253884,9.217917335276985,10.110617043758506,11.155720152154498,11.63294968103484,11.226834254299852,10.068842363244283,8.789156096709432,8.311980049802388,8.95527495782167,9.991161242286617,10.584703800611404,10.348247481837772,9.290818675891988,7.661328208000658,5.8199733599356485,4.209911819294033,0,Mammalian
27.6,27.238410965553207,25.88437693366744,22.980641254547997,18.173721628666357,11.660848681223468,4.518540235251725,4.9498867089823735,11.264276876362628,16.14520078687887,18.92728988513324,19.693198897103546,18.939477831570578,17.35276358012958,15.576545204020254,14.027584895177757,12.814054783713077,11.775196831860006,10.618790354503187,9.097843860434647,7.165674083393865,5.081767278498925,3.4911510812524535,3.128082400326096,3.5037218001208648,3.7651783914864927,4.021235647290365,4.861262589595255,6.342328954080588,7.968402837788405,9.299117238395484,10.125316020278323,1,Yeast
27.6,27.238410965553207,25.88437693366744,22.980641254547997,18.173721628666357,11.660848681223468,4.518540235251725,4.9498867089823735,11.264276876362628,16.14520078687887,18.92728988513324,19.693198897103546,18.939477831570578,17.35276358012958,15.576545204020254,14.027584895177757,12.814054783713077,11.775196831860006,10.618790354503187,9.097843860434647,7.165674083393865,5.081767278498925,3.4911510812524535,3.128082400326096,3.5037218001208648,3.7651783914864927,4.021235647290365,4.861262589595255,6.342328954080588,7.968402837788405,9.299117238395484,10.125316020278323,0,Mammalian
27.6,27.238410965553207,25.88437693366744,22.980641254547997,18.173721628666357,11.660848681223468,4.518540235251725,4.9498867089823735,11.264276876362628,16.14520078687887,18.92728988513324,19.693198897103546,18.939477831570578,17.35276358012958,15.576545204020254,14.027584895177757,12.814054783713077,11.775196831860006,10.618790354503187,9.097843860434647,7.165674083393865,5.081767278498925,3.4911510812524535,3.128082400326096,3.5037218001208648,3.7651783914864927,4.021235647290365,4.861262589595255,6.342328954080588,7.968402837788405,9.299117238395484,10.125316020278323,0,E_coli
16.0,15.727472213554856,14.742536990792516,12.829677051971474,10.421462101159365,9.413336829356574,11.667108570244013,15.617278907220777,19.033740370842768,20.730978283604223,20.329092769825206,18.045514048325035,14.498891118346748,10.488517201912082,6.855087388007141,4.646581233552676,4.837354648979129,6.317200366734422,7.692345678895853,8.424125846049856,8.35191757398954,7.557133110762736,6.322377630965286,5.0918839664548186,4.489624426981663,5.1040035847925544,6.819199967250368,9.08066789860841,11.397401320025082,13.39975340655572,14.86424621695879,15.722236237465781,0,Mammalian
16.0,15.727472213554856,14.742536990792516,12.829677051971474,10.421462101159365,9.413336829356574,11.667108570244013,15.617278907220777,19.033740370842768,20.730978283604223,20.329092769825206,18.045514048325035,14.498891118346748,10.488517201912082,6.855087388007141,4.646581233552676,4.837354648979129,6.317200366734422,7.692345678895853,8.424125846049856,8.35191757398954,7.557133110762736,6.322377630965286,5.0918839664548186,4.489624426981663,5.1040035847925544,6.819199967250368,9.08066789860841,11.397401320025082,13.39975340655572,14.86424621695879,15.722236237465781,1,Yeast
16.0,15.727472213554856,14.742536990792516,12.829677051971474,10.421462101159365,9.413336829356574,11.667108570244013,15.617278907220777,19.033740370842768,20.730978283604223,20.329092769825206,18.045514048325035,14.498891118346748,10.488517201912082,6.855087388007141,4.646581233552676,4.837354648979129,6.317200366734422,7.692345678895853,8.424125846049856,8.35191757398954,7.557133110762736,6.322377630965286,5.0918839664548186,4.489624426981663,5.1040035847925544,6.819199967250368,9.08066789860841,11.397401320025082,13.39975340655572,14.86424621695879,15.722236237465781,0,E_coli
15.999999999999998,15.700427603001629,14.647238925742158,12.655066688212381,10.201771979134072,9.262766685023397,11.650691225408663,15.645809724454963,19.01950894607446,20.611925178523837,20.06026447060241,17.598687077123238,13.868069728419176,9.701379263028953,6.007283605417798,4.036885530369965,4.6669047558312124,6.2057833050246645,7.398048479969566,7.862781873396819,7.50688427797287,6.435237402901169,4.930903694098898,3.4760006695442547,3.0295675351762195,4.346674160443784,6.7000155983140095,9.447050479730425,12.183890139466225,14.568770487466825,16.358575038977733,17.44126835888737,0,Mammalian
15.999999999999998,15.700427603001629,14.647238925742158,12.655066688212381,10.201771979134072,9.262766685023397,11.650691225408663,15.645809724454963,19.01950894607446,20.611925178523837,20.06026447060241,17.598687077123238,13.868069728419176,9.701379263028953,6.007283605417798,4.036885530369965,4.6669047558312124,6.2057833050246645,7.398048479969566,7.862781873396819,7.50688427797287,6.435237402901169,4.930903694098898,3.4760006695442547,3.0295675351762195,4.346674160443784,6.7000155983140095,9.447050479730425,12.183890139466225,14.568770487466825,16.358575038977733,17.44126835888737,0,E_coli
15.999999999999998,15.700427603001629,14.647238925742158,12.655066688212381,10.201771979134072,9.262766685023397,11.650691225408663,15.645809724454963,19.01950894607446,20.611925178523837,20.06026447060241,17.598687077123238,13.868069728419176,9.701379263028953,6.007283605417798,4.036885530369965,4.6669047558312124,6.2057833050246645,7.398048479969566,7.862781873396819,7.50688427797287,6.435237402901169,4.930903694098898,3.4760006695442547,3.0295675351762195,4.346674160443784,6.7000155983140095,9.447050479730425,12.183890139466225,14.568770487466825,16.358575038977733,17.44126835888737,1,Yeast
36.0,35.14859815132386,32.36676630803334,27.240037076307885,19.740721307435777,10.903690075808184,6.416179371076116,12.908739859441013,19.70472639308537,23.561122047742938,23.949141531797668,21.33212708574749,16.824170376643178,11.895465278427375,8.212079299726094,7.207577952257407,8.229216244576394,9.525266753507484,10.29377217836438,10.345116356375334,9.856207585381544,9.330142829495623,9.234595558348191,9.408948104592262,9.174080759054,8.037946571144708,6.206933079739777,5.059453728582749,6.288591689217907,8.75530954656471,10.953535295125892,12.338512981568524,0,E_coli
36.0,35.14859815132386,32.36676630803334,27.240037076307885,19.740721307435777,10.903690075808184,6.416179371076116,12.908739859441013,19.70472639308537,23.561122047742938,23.949141531797668,21.33212708574749,16.824170376643178,11.895465278427375,8.212079299726094,7.207577952257407,8.229216244576394,9.525266753507484,10.29377217836438,10.345116356375334,9.856207585381544,9.330142829495623,9.234595558348191,9.408948104592262,9.174080759054,8.037946571144708,6.206933079739777,5.059453728582749,6.288591689217907,8.75530954656471,10.953535295125892,12.338512981568524,1,Yeast
36.0,35.14859815132386,32.36676630803334,27.240037076307885,19.740721307435777,10.903690075808184,6.416179371076116,12.908739859441013,19.70472639308537,23.561122047742938,23.949141531797668,21.33212708574749,16.824170376643178,11.895465278427375,8.212079299726094,7.207577952257407,8.229216244576394,9.525266753507484,10.29377217836438,10.345116356375334,9.856207585381544,9.330142829495623,9.234595558348191,9.408948104592262,9.174080759054,8.037946571144708,6.206933079739777,5.059453728582749,6.288591689217907,8.75530954656471,10.953535295125892,12.338512981568524,0,Mammalian
41.9,41.42794827632982,39.7813512717381,36.46095107838487,31.10311961030072,23.79841817166828,15.186858714510912,6.446498029952817,3.3008307135619517,8.959072271924335,12.799995832692128,14.139044410615224,13.255459326871566,10.781495284936561,7.459534078380839,3.9712496853427606,1.5,3.2844452841002765,5.69142911958764,7.3961700827959636,8.032199574296989,7.393158751768261,5.5138112759953595,2.7640998018103042,1.3581298172141336,4.041333343018759,6.330389079979821,7.53567212698331,7.548014211674738,6.548229169801329,4.904137567614958,3.1024336692502636,0,E_coli
41.9,41.42794827632982,39.7813512717381,36.46095107838487,31.10311961030072,23.79841817166828,15.186858714510912,6.446498029952817,3.3008307135619517,8.959072271924335,12.799995832692128,14.139044410615224,13.255459326871566,10.781495284936561,7.459534078380839,3.9712496853427606,1.5,3.2844452841002765,5.69142911958764,7.3961700827959636,8.032199574296989,7.393158751768261,5.5138112759953595,2.7640998018103042,1.3581298172141336,4.041333343018759,6.330389079979821,7.53567212698331,7.548014211674738,6.548229169801329,4.904137567614958,3.1024336692502636,0,Mammalian
41.9,41.42794827632982,39.7813512717381,36.46095107838487,31.10311961030072,23.79841817166828,15.186858714510912,6.446498029952817,3.3008307135619517,8.959072271924335,12.799995832692128,14.139044410615224,13.255459326871566,10.781495284936561,7.459534078380839,3.9712496853427606,1.5,3.2844452841002765,5.69142911958764,7.3961700827959636,8.032199574296989,7.393158751768261,5.5138112759953595,2.7640998018103042,1.3581298172141336,4.041333343018759,6.330389079979821,7.53567212698331,7.548014211674738,6.548229169801329,4.904137567614958,3.1024336692502636,1,Yeast
42.0,41.52794775674194,39.88134696362234,36.56083739785635,31.20244405917689,23.896036827989565,15.280036923775533,6.522956362092872,3.208703440972557,8.86293731081157,12.711425447052608,14.057771729113075,13.18131097248874,10.714492467638834,7.401123222837663,3.9312462088265714,1.5620499351813317,3.379693996481264,5.777116716423254,7.475334112614866,8.104553153676825,7.456755229885006,5.564435271501031,2.78584625068878,1.2586589005329705,3.9788617278168115,6.284098047201995,7.4989782869473975,7.516431597487723,6.516351819126389,4.863513997807908,3.036707462679816,1,Yeast
42.0,41.52794775674194,39.88134696362234,36.56083739785635,31.20244405917689,23.896036827989565,15.280036923775533,6.522956362092872,3.208703440972557,8.86293731081157,12.711425447052608,14.057771729113075,13.18131097248874,10.714492467638834,7.401123222837663,3.9312462088265714,1.5620499351813317,3.379693996481264,5.777116716423254,7.475334112614866,8.104553153676825,7.456755229885006,5.564435271501031,2.78584625068878,1.2586589005329705,3.9788617278168115,6.284098047201995,7.4989782869473975,7.516431597487723,6.516351819126389,4.863513997807908,3.036707462679816,0,Mammalian
42.0,41.52794775674194,39.88134696362234,36.56083739785635,31.20244405917689,23.896036827989565,15.280036923775533,6.522956362092872,3.208703440972557,8.86293731081157,12.711425447052608,14.057771729113075,13.18131097248874,10.714492467638834,7.401123222837663,3.9312462088265714,1.5620499351813317,3.379693996481264,5.777116716423254,7.475334112614866,8.104553153676825,7.456755229885006,5.564435271501031,2.78584625068878,1.2586589005329705,3.9788617278168115,6.284098047201995,7.4989782869473975,7.516431597487723,6.516351819126389,4.863513997807908,3.036707462679816,0,E_coli
39.2,38.72796331947606,37.081476373862714,33.764274845659216,28.423150311166083,21.17111841579075,12.710299234241901,4.726893256406692,5.886215706350111,11.579489078738705,15.244930852018765,16.411782657524352,15.368596660544302,12.754940907728567,9.30813025009719,5.645020939218946,2.163330765278395,1.0996873705598222,3.6632141436646988,5.520557077963698,6.368071205361862,6.059697692992933,4.777011303592606,3.4556582622455005,4.05369765255344,6.117214053616212,7.962420618447833,8.901780100186592,8.796501133849024,7.853906000174554,6.505696036013563,5.299024536984297,1,Yeast
39.2,38.72796331947606,37.081476373862714,33.764274845659216,28.423150311166083,21.17111841579075,12.710299234241901,4.726893256406692,5.886215706350111,11.579489078738705,15.244930852018765,16.411782657524352,15.368596660544302,12.754940907728567,9.30813025009719,5.645020939218946,2.163330765278395,1.0996873705598222,3.6632141436646988,5.520557077963698,6.368071205361862,6.059697692992933,4.777011303592606,3.4556582622455005,4.05369765255344,6.117214053616212,7.962420618447833,8.901780100186592,8.796501133849024,7.853906000174554,6.505696036013563,5.299024536984297,0,Mammalian
39.2,38.72796331947606,37.081476373862714,33.764274845659216,28.423150311166083,21.17111841579075,12.710299234241901,4.726893256406692,5.886215706350111,11.579489078738705,15.244930852018765,16.411782657524352,15.368596660544302,12.754940907728567,9.30813025009719,5.645020939218946,2.163330765278395,1.0996873705598222,3.6632141436646988,5.520557077963698,6.368071205361862,6.059697692992933,4.777011303592606,3.4556582622455005,4.05369765255344,6.117214053616212,7.962420618447833,8.901780100186592,8.796501133849024,7.853906000174554,6.505696036013563,5.299024536984297,0,E_coli
31.2,30.728023412520095,29.081983423977636,25.778208636052568,20.51336666030062,13.555322426707786,6.514878696473209,7.1423869771161135,13.806664533494844,19.471775039262283,22.82920126416095,23.67862070724815,22.383324246993347,19.644639389951728,16.25063645844753,12.851320792741689,9.873196037757989,7.643903287243529,6.542336533028302,6.655335778520843,7.426182419094044,8.31671556354324,9.27112877270921,10.501725790397884,12.052220312437685,13.619951211459732,14.768722120463558,15.211049060957237,14.947922885550527,14.247841163769168,13.493251310581687,12.975355783166458,0,Mammalian
31.2,30.728023412520095,29.081983423977636,25.778208636052568,20.51336666030062,13.555322426707786,6.514878696473209,7.1423869771161135,13.806664533494844,19.471775039262283,22.82920126416095,23.67862070724815,22.383324246993347,19.644639389951728,16.25063645844753,12.851320792741689,9.873196037757989,7.643903287243529,6.542336533028302,6.655335778520843,7.426182419094044,8.31671556354324,9.27112877270921,10.501725790397884,12.052220312437685,13.619951211459732,14.768722120463558,15.211049060957237,14.947922885550527,14.247841163769168,13.493251310581687,12.975355783166458,0,E_coli
31.2,30.728023412520095,29.081983423977636,25.778208636052568,20.51336666030062,13.555322426707786,6.514878696473209,7.1423869771161135,13.806664533494844,19.471775039262283,22.82920126416095,23.67862070724815,22.383324246993347,19.644639389951728,16.25063645844753,12.851320792741689,9.873196037757989,7.643903287243529,6.542336533028302,6.655335778520843,7.426182419094044,8.31671556354324,9.27112877270921,10.501725790397884,12.052220312437685,13.619951211459732,14.768722120463558,15.211049060957237,14.947922885550527,14.247841163769168,13.493251310581687,12.975355783166458,1,Yeast
38.3,38.00878027941328,36.92412349077685,34.57382128543956,30.56440704283411,24.85498430405083,17.852512748070783,10.37796838470277,4.023412363309719,4.915719019379873,8.87710964473522,11.295360531848907,11.947449568980742,11.169422074247302,9.47097187309591,7.355775483182403,5.239274758971893,3.5546262051824824,3.0105191189480145,3.7450527022870723,4.774376710156082,5.457691999197272,5.5909641913226125,5.230571695137084,4.625165181349364,4.105223767099337,3.858201713260119,3.768601565357706,3.600110824146067,3.2407737072368037,2.747122628824615,2.2922133007672985,1,Yeast
38.3,38.00878027941328,36.92412349077685,34.57382128543956,30.56440704283411,24.85498430405083,17.852512748070783,10.37796838470277,4.023412363309719,4.915719019379873,8.87710964473522,11.295360531848907,11.947449568980742,11.169422074247302,9.47097187309591,7.355775483182403,5.239274758971893,3.5546262051824824,3.0105191189480145,3.7450527022870723,4.774376710156082,5.457691999197272,5.5909641913226125,5.230571695137084,4.625165181349364,4.105223767099337,3.858201713260119,3.768601565357706,3.600110824146067,3.2407737072368037,2.747122628824615,2.2922133007672985,0,E_coli
38.3,38.00878027941328,36.92412349077685,34.57382128543956,30.56440704283411,24.85498430405083,17.852512748070783,10.37796838470277,4.023412363309719,4.915719019379873,8.87710964473522,11.295360531848907,11.947449568980742,11.169422074247302,9.47097187309591,7.355775483182403,5.239274758971893,3.5546262051824824,3.0105191189480145,3.7450527022870723,4.774376710156082,5.457691999197272,5.5909641913226125,5.230571695137084,4.625165181349364,4.105223767099337,3.858201713260119,3.768601565357706,3.600110824146067,3.2407737072368037,2.747122628824615,2.2922133007672985,0,Mammalian
36.8,36.62135622701263,35.881537838923386,34.11016884394751,30.871442891842758,26.014040660112553,19.771102713543694,12.729635010050556,5.801513710940968,2.6277459602249365,6.780614832444291,10.091090110959923,11.721911145341023,11.818852255015766,10.753465112819983,8.939882362538306,6.708203932499369,4.293783698433085,2.1799120863187826,2.5415480448523446,4.708450714980635,6.671205900374554,7.86274955253417,8.016480843625107,7.075481514481114,5.193491218289248,2.705319312173346,0.5419588945593086,2.6723219755522845,4.707364509664333,6.134442970233041,6.943087752313468,0,Mammalian
36.8,36.62135622701263,35.881537838923386,34.11016884394751,30.871442891842758,26.014040660112553,19.771102713543694,12.729635010050556,5.801513710940968,2.6277459602249365,6.780614832444291,10.091090110959923,11.721911145341023,11.818852255015766,10.753465112819983,8.939882362538306,6.708203932499369,4.293783698433085,2.1799120863187826,2.5415480448523446,4.708450714980635,6.671205900374554,7.86274955253417,8.016480843625107,7.075481514481114,5.193491218289248,2.705319312173346,0.5419588945593086,2.6723219755522845,4.707364509664333,6.134442970233041,6.943087752313468,0,E_coli
36.8,36.62135622701263,35.881537838923386,34.11016884394751,30.871442891842758,26.014040660112553,19.771102713543694,12.729635010050556,5.801513710940968,2.6277459602249365,6.780614832444291,10.091090110959923,11.721911145341023,11.818852255015766,10.753465112819983,8.939882362538306,6.708203932499369,4.293783698433085,2.1799120863187826,2.5415480448523446,4.708450714980635,6.671205900374554,7.86274955253417,8.016480843625107,7.075481514481114,5.193491218289248,2.705319312173346,0.5419588945593086,2.6723219755522845,4.707364509664333,6.134442970233041,6.943087752313468,1,Yeast
29.699999999999996,29.247568259879888,27.677671083469036,24.55591420019158,19.664069921224343,13.46032322276748,8.124486586716921,9.236609741144973,14.668807002796333,19.39884723761977,21.9784005213186,22.166963698290335,20.337269193388607,17.215514592032786,13.63063621278164,10.316185154030096,7.877182237323192,6.852218774754533,7.289859485096699,8.38154489643609,9.229031288985835,9.342333340863652,8.702299394846873,7.781353380365386,7.376049153490863,7.86790381442306,8.726679936142048,9.240098970655728,9.09641783097981,8.395776367333482,7.487850110612261,6.767580472631557,0,Mammalian
29.699999999999996,29.247568259879888,27.677671083469036,24.55591420019158,19.664069921224343,13.46032322276748,8.124486586716921,9.236609741144973,14.668807002796333,19.39884723761977,21.9784005213186,22.166963698290335,20.337269193388607,17.215514592032786,13.63063621278164,10.316185154030096,7.877182237323192,6.852218774754533,7.289859485096699,8.38154489643609,9.229031288985835,9.342333340863652,8.702299394846873,7.781353380365386,7.376049153490863,7.86790381442306,8.726679936142048,9.240098970655728,9.09641783097981,8.395776367333482,7.487850110612261,6.767580472631557,0,E_coli
29.699999999999996,29.247568259879888,27.677671083469036,24.55591420019158,19.664069921224343,13.46032322276748,8.124486586716921,9.236609741144973,14.668807002796333,19.39884723761977,21.9784005213186,22.166963698290335,20.337269193388607,17.215514592032786,13.63063621278164,10.316185154030096,7.877182237323192,6.852218774754533,7.289859485096699,8.38154489643609,9.229031288985835,9.342333340863652,8.702299394846873,7.781353380365386,7.376049153490863,7.86790381442306,8.726679936142048,9.240098970655728,9.09641783097981,8.395776367333482,7.487850110612261,6.767580472631557,1,Yeast
32.699999999999996,32.232098353917245,30.60178529120568,27.331539709461254,22.118110992879444,15.203534587402498,7.8948984393207695,6.266954113683425,12.134921639201085,17.57565993219223,20.801407184263663,21.55030290520916,20.166589420468586,17.340637859825826,13.857485880552558,10.382918425638547,7.406078584514209,5.434869226388835,5.036778111697501,5.835797988938647,6.7580114592325815,7.267798785903824,7.482422254332573,7.941985875486757,9.029046284655388,10.477059744802606,11.688164052510325,12.228577653509042,12.00945953695631,11.259271549075002,10.378049161162588,9.729647093724877,0,E_coli
32.699999999999996,32.232098353917245,30.60178529120568,27.331539709461254,22.118110992879444,15.203534587402498,7.8948984393207695,6.266954113683425,12.134921639201085,17.57565993219223,20.801407184263663,21.55030290520916,20.166589420468586,17.340637859825826,13.857485880552558,10.382918425638547,7.406078584514209,5.434869226388835,5.036778111697501,5.835797988938647,6.7580114592325815,7.267798785903824,7.482422254332573,7.941985875486757,9.029046284655388,10.477059744802606,11.688164052510325,12.228577653509042,12.00945953695631,11.259271549075002,10.378049161162588,9.729647093724877,0,Mammalian
32.699999999999996,32.232098353917245,30.60178529120568,27.331539709461254,22.118110992879444,15.203534587402498,7.8948984393207695,6.266954113683425,12.134921639201085,17.57565993219223,20.801407184263663,21.55030290520916,20.166589420468586,17.340637859825826,13.857485880552558,10.382918425638547,7.406078584514209,5.434869226388835,5.036778111697501,5.835797988938647,6.7580114592325815,7.267798785903824,7.482422254332573,7.941985875486757,9.029046284655388,10.477059744802606,11.688164052510325,12.228577653509042,12.00945953695631,11.259271549075002,10.378049161162588,9.729647093724877,1,Yeast
33.3,32.833582993573515,31.20623108025514,27.935121507677167,22.705065123268206,15.727106049427181,8.157793136460434,5.649704138275789,11.456022945848156,16.99577752464774,20.332218989663243,21.19497756015634,19.91867534053403,17.1807140296417,13.75068657427949,10.27383282067622,7.200694410957877,4.974778357567703,4.248953931674645,4.904589385713886,5.830153045590278,6.4819391530901775,7.052828002383921,8.058065879018175,9.661238961137466,11.438593338485171,12.80770496998735,13.40064153303254,13.18543536981412,12.430774747743904,11.5562858937377,10.922341335240693,0,E_coli
33.3,32.833582993573515,31.20623108025514,27.935121507677167,22.705065123268206,15.727106049427181,8.157793136460434,5.649704138275789,11.456022945848156,16.99577752464774,20.332218989663243,21.19497756015634,19.91867534053403,17.1807140296417,13.75068657427949,10.27383282067622,7.200694410957877,4.974778357567703,4.248953931674645,4.904589385713886,5.830153045590278,6.4819391530901775,7.052828002383921,8.058065879018175,9.661238961137466,11.438593338485171,12.80770496998735,13.40064153303254,13.18543536981412,12.430774747743904,11.5562858937377,10.922341335240693,0,Mammalian
33.3,32.833582993573515,31.20623108025514,27.935121507677167,22.705065123268206,15.727106049427181,8.157793136460434,5.649704138275789,11.456022945848156,16.99577752464774,20.332218989663243,21.19497756015634,19.91867534053403,17.1807140296417,13.75068657427949,10.27383282067622,7.200694410957877,4.974778357567703,4.248953931674645,4.904589385713886,5.830153045590278,6.4819391530901775,7.052828002383921,8.058065879018175,9.661238961137466,11.438593338485171,12.80770496998735,13.40064153303254,13.18543536981412,12.430774747743904,11.5562858937377,10.922341335240693,1,Yeast
30.6,30.188754070062863,28.748088492447508,25.850496912726946,21.25952280289586,15.31959960592881,9.537888696173754,8.157070980494447,12.123743771233594,16.33863699532481,18.766022597431217,19.021811049307544,17.392237489374367,14.502608409399782,11.055237020936252,7.619179216787629,4.560701700396553,2.274803683048321,1.9263356002531942,2.8765030784111603,3.4701562582800034,3.7834706781766543,4.833337096619898,7.165100585760086,10.147651795833095,12.952605811820193,14.970878997186603,15.912589026560493,15.843635341974766,15.127758638815079,14.25605426654449,13.621791883193081,0,E_coli
30.6,30.188754070062863,28.748088492447508,25.850496912726946,21.25952280289586,15.31959960592881,9.537888696173754,8.157070980494447,12.123743771233594,16.33863699532481,18.766022597431217,19.021811049307544,17.392237489374367,14.502608409399782,11.055237020936252,7.619179216787629,4.560701700396553,2.274803683048321,1.9263356002531942,2.8765030784111603,3.4701562582800034,3.7834706781766543,4.833337096619898,7.165100585760086,10.147651795833095,12.952605811820193,14.970878997186603,15.912589026560493,15.843635341974766,15.127758638815079,14.25605426654449,13.621791883193081,1,Yeast
30.6,30.188754070062863,28.748088492447508,25.850496912726946,21.25952280289586,15.31959960592881,9.537888696173754,8.157070980494447,12.123743771233594,16.33863699532481,18.766022597431217,19.021811049307544,17.392237489374367,14.502608409399782,11.055237020936252,7.619179216787629,4.560701700396553,2.274803683048321,1.9263356002531942,2.8765030784111603,3.4701562582800034,3.7834706781766543,4.833337096619898,7.165100585760086,10.147651795833095,12.952605811820193,14.970878997186603,15.912589026560493,15.843635341974766,15.127758638815079,14.25605426654449,13.621791883193081,0,Mammalian
22.6,22.429543646158034,21.803260614127222,20.533689847229535,18.68858194607051,16.816762975172857,15.777579280764233,15.959686248359684,16.71035995512105,16.960135181555206,16.01015339659919,13.728543834036024,10.43024763947276,6.671914203940081,3.1153379039477054,1.7064276214886558,3.794733192202055,5.725261519700378,6.842036477525799,6.864150354303429,5.710411459799642,4.223500282245882,5.549281417899741,9.83162555487932,14.735123690362656,19.04699481282646,22.085547304213847,23.600491912459592,23.775155940268178,23.122955442856103,22.255697909787717,21.620969493959016,1,Yeast
22.6,22.429543646158034,21.803260614127222,20.533689847229535,18.68858194607051,16.816762975172857,15.777579280764233,15.959686248359684,16.71035995512105,16.960135181555206,16.01015339659919,13.728543834036024,10.43024763947276,6.671914203940081,3.1153379039477054,1.7064276214886558,3.794733192202055,5.725261519700378,6.842036477525799,6.864150354303429,5.710411459799642,4.223500282245882,5.549281417899741,9.83162555487932,14.735123690362656,19.04699481282646,22.085547304213847,23.600491912459592,23.775155940268178,23.122955442856103,22.255697909787717,21.620969493959016,0,E_coli
22.6,22.429543646158034,21.803260614127222,20.533689847229535,18.68858194607051,16.816762975172857,15.777579280764233,15.959686248359684,16.71035995512105,16.960135181555206,16.01015339659919,13.728543834036024,10.43024763947276,6.671914203940081,3.1153379039477054,1.7064276214886558,3.794733192202055,5.725261519700378,6.842036477525799,6.864150354303429,5.710411459799642,4.223500282245882,5.549281417899741,9.83162555487932,14.735123690362656,19.04699481282646,22.085547304213847,23.600491912459592,23.775155940268178,23.122955442856103,22.255697909787717,21.620969493959016,0,Mammalian
32.4,31.980124353569618,30.499483903786906,27.487906290250294,22.63155356297223,16.122394007014112,9.051485686950304,5.951594739911015,10.7107375557112,15.970248777612355,19.32671147015823,20.393617345133425,19.428489773475928,17.036462811407638,13.9271244206975,10.7036042018874,7.779460135510691,5.526202506525068,4.546476736543276,5.079554818014183,6.2629624536910455,7.399375795877871,8.384778672527881,9.393779892748393,10.524262492577694,11.607413683038711,12.321431960467612,12.426610754860224,11.91309656436631,11.01071601360974,10.078336565207694,9.426222713297266,0,Mammalian
32.4,31.980124353569618,30.499483903786906,27.487906290250294,22.63155356297223,16.122394007014112,9.051485686950304,5.951594739911015,10.7107375557112,15.970248777612355,19.32671147015823,20.393617345133425,19.428489773475928,17.036462811407638,13.9271244206975,10.7036042018874,7.779460135510691,5.526202506525068,4.546476736543276,5.079554818014183,6.2629624536910455,7.399375795877871,8.384778672527881,9.393779892748393,10.524262492577694,11.607413683038711,12.321431960467612,12.426610754860224,11.91309656436631,11.01071601360974,10.078336565207694,9.426222713297266,0,E_coli
32.4,31.980124353569618,30.499483903786906,27.487906290250294,22.63155356297223,16.122394007014112,9.051485686950304,5.951594739911015,10.7107375557112,15.970248777612355,19.32671147015823,20.393617345133425,19.428489773475928,17.036462811407638,13.9271244206975,10.7036042018874,7.779460135510691,5.526202506525068,4.546476736543276,5.079554818014183,6.2629624536910455,7.399375795877871,8.384778672527881,9.393779892748393,10.524262492577694,11.607413683038711,12.321431960467612,12.426610754860224,11.91309656436631,11.01071601360974,10.078336565207694,9.426222713297266,1,Yeast
29.700000000000003,29.412615269859298,28.350594124252517,26.082383676672432,22.300343629898382,17.13477557420102,11.451828926438454,7.7756909308127256,9.486295806421506,13.491122270187159,16.64313225440727,18.098851671423127,17.860812167183045,16.32260818321709,14.026464122623972,11.466563799849654,8.987213138676527,6.86870472847285,5.610493138239901,5.855952153050772,7.349765679246052,9.218720175830958,10.884805845903655,12.074712398773132,12.683461352212563,12.697366882581905,12.159400316212581,11.168337696881634,9.892775504237086,8.568747660298367,7.453605329863583,6.739725179909177,1,Yeast
29.700000000000003,29.412615269859298,28.350594124252517,26.082383676672432,22.300343629898382,17.13477557420102,11.451828926438454,7.7756909308127256,9.486295806421506,13.491122270187159,16.64313225440727,18.098851671423127,17.860812167183045,16.32260818321709,14.026464122623972,11.466563799849654,8.987213138676527,6.86870472847285,5.610493138239901,5.855952153050772,7.349765679246052,9.218720175830958,10.884805845903655,12.074712398773132,12.683461352212563,12.697366882581905,12.159400316212581,11.168337696881634,9.892775504237086,8.568747660298367,7.453605329863583,6.739725179909177,0,E_coli
29.700000000000003,29.412615269859298,28.350594124252517,26.082383676672432,22.300343629898382,17.13477557420102,11.451828926438454,7.7756909308127256,9.486295806421506,13.491122270187159,16.64313225440727,18.098851671423127,17.860812167183045,16.32260818321709,14.026464122623972,11.466563799849654,8.987213138676527,6.86870472847285,5.610493138239901,5.855952153050772,7.349765679246052,9.218720175830958,10.884805845903655,12.074712398773132,12.683461352212563,12.697366882581905,12.159400316212581,11.168337696881634,9.892775504237086,8.568747660298367,7.453605329863583,6.739725179909177,0,Mammalian
21.7,21.99228734064402,22.685964463622728,23.297996747287208,23.212299221765797,21.885163293443775,19.041181321389466,14.840944533510779,10.11511071797435,7.155425266683901,8.751296162989016,12.306354774560862,15.211866975531843,16.777036053116355,17.046100758043966,16.346266650875865,15.045597362683877,13.49382721122573,12.210606653611569,12.043613059575282,13.544526087239465,16.12969748550943,18.623055948693647,20.04828491235489,19.873211495959087,18.036496192760417,14.889523874717117,11.061857508130954,7.275581147236567,4.166170331589279,2.193318427021972,1.5307084697227857,0,Mammalian
21.7,21.99228734064402,22.685964463622728,23.297996747287208,23.212299221765797,21.885163293443775,19.041181321389466,14.840944533510779,10.11511071797435,7.155425266683901,8.751296162989016,12.306354774560862,15.211866975531843,16.777036053116355,17.046100758043966,16.346266650875865,15.045597362683877,13.49382721122573,12.210606653611569,12.043613059575282,13.544526087239465,16.12969748550943,18.623055948693647,20.04828491235489,19.873211495959087,18.036496192760417,14.889523874717117,11.061857508130954,7.275581147236567,4.166170331589279,2.193318427021972,1.5307084697227857,1,Yeast
21.7,21.99228734064402,22.685964463622728,23.297996747287208,23.212299221765797,21.885163293443775,19.041181321389466,14.840944533510779,10.11511071797435,7.155425266683901,8.751296162989016,12.306354774560862,15.211866975531843,16.777036053116355,17.046100758043966,16.346266650875865,15.045597362683877,13.49382721122573,12.210606653611569,12.043613059575282,13.544526087239465,16.12969748550943,18.623055948693647,20.04828491235489,19.873211495959087,18.036496192760417,14.889523874717117,11.061857508130954,7.275581147236567,4.166170331589279,2.193318427021972,1.5307084697227857,0,E_coli
32.7,32.26673829138918,30.743615410855753,27.65594005706283,22.68789897898403,16.0340448601503,8.795513664806935,5.791309869391871,10.879691487385994,16.250053265140565,19.62516499936233,20.65464126580834,19.61788735230397,17.140216235320594,13.948342197442635,10.657753274445547,7.692203845452875,5.439669483263094,4.513275158476072,5.075284292784779,6.203296000457379,7.231280968480389,8.114911758059051,9.096594767157866,10.300112287703504,11.519053772583614,12.375719236178275,12.594420200216053,12.153882280260774,11.289302876114139,10.372358816706889,9.72518409369378,1,Yeast
32.7,32.26673829138918,30.743615410855753,27.65594005706283,22.68789897898403,16.0340448601503,8.795513664806935,5.791309869391871,10.879691487385994,16.250053265140565,19.62516499936233,20.65464126580834,19.61788735230397,17.140216235320594,13.948342197442635,10.657753274445547,7.692203845452875,5.439669483263094,4.513275158476072,5.075284292784779,6.203296000457379,7.231280968480389,8.114911758059051,9.096594767157866,10.300112287703504,11.519053772583614,12.375719236178275,12.594420200216053,12.153882280260774,11.289302876114139,10.372358816706889,9.72518409369378,0,E_coli
32.7,32.26673829138918,30.743615410855753,27.65594005706283,22.68789897898403,16.0340448601503,8.795513664806935,5.791309869391871,10.879691487385994,16.250053265140565,19.62516499936233,20.65464126580834,19.61788735230397,17.140216235320594,13.948342197442635,10.657753274445547,7.692203845452875,5.439669483263094,4.513275158476072,5.075284292784779,6.203296000457379,7.231280968480389,8.114911758059051,9.096594767157866,10.300112287703504,11.519053772583614,12.375719236178275,12.594420200216053,12.153882280260774,11.289302876114139,10.372358816706889,9.72518409369378,0,Mammalian
27.299999999999997,27.151971689933816,26.525180982079974,25.0120473474481,22.278172697874513,18.323986615880692,13.679585003445759,9.744693376914912,8.958097182991208,11.3722161121097,14.262932770860559,16.16452327252895,16.71186096622272,16.0468052318911,14.541322235763031,12.599904356370201,10.536128321162382,8.614544973171043,7.3023296099760415,7.353849848331531,8.911206144863296,11.139995667342323,13.173487111337112,14.463719923907782,14.753050357810245,14.0360516705753,12.51259715645272,10.515780726944104,8.423011892017641,6.569893309305145,5.185803352042364,4.36573560540209,0,E_coli
27.299999999999997,27.151971689933816,26.525180982079974,25.0120473474481,22.278172697874513,18.323986615880692,13.679585003445759,9.744693376914912,8.958097182991208,11.3722161121097,14.262932770860559,16.16452327252895,16.71186096622272,16.0468052318911,14.541322235763031,12.599904356370201,10.536128321162382,8.614544973171043,7.3023296099760415,7.353849848331531,8.911206144863296,11.139995667342323,13.173487111337112,14.463719923907782,14.753050357810245,14.0360516705753,12.51259715645272,10.515780726944104,8.423011892017641,6.569893309305145,5.185803352042364,4.36573560540209,0,Mammalian
27.299999999999997,27.151971689933816,26.525180982079974,25.0120473474481,22.278172697874513,18.323986615880692,13.679585003445759,9.744693376914912,8.958097182991208,11.3722161121097,14.262932770860559,16.16452327252895,16.71186096622272,16.0468052318911,14.541322235763031,12.599904356370201,10.536128321162382,8.614544973171043,7.3023296099760415,7.353849848331531,8.911206144863296,11.139995667342323,13.173487111337112,14.463719923907782,14.753050357810245,14.0360516705753,12.51259715645272,10.515780726944104,8.423011892017641,6.569893309305145,5.185803352042364,4.36573560540209,1,Yeast
33.6,33.12800233715691,31.481804251509452,28.173198346915875,22.879715695377318,15.800240908196153,8.04587242553742,5.382623911147186,11.418890072193092,17.09357734422889,20.520796189635224,21.443832167263153,20.2021625584138,17.478697176871172,14.050288834720417,10.570212424726122,7.496665925596526,5.27477714403209,4.532908390501762,5.168018107816406,6.10978141901416,6.781844238447005,7.319401013915352,8.206268543700197,9.652406410795708,11.29770959243989,12.58016890910268,13.126146279849886,12.891152340811031,12.13119269970888,11.256318488975909,10.62241962562647,0,E_coli
33.6,33.12800233715691,31.481804251509452,28.173198346915875,22.879715695377318,15.800240908196153,8.04587242553742,5.382623911147186,11.418890072193092,17.09357734422889,20.520796189635224,21.443832167263153,20.2021625584138,17.478697176871172,14.050288834720417,10.570212424726122,7.496665925596526,5.27477714403209,4.532908390501762,5.168018107816406,6.10978141901416,6.781844238447005,7.319401013915352,8.206268543700197,9.652406410795708,11.29770959243989,12.58016890910268,13.126146279849886,12.891152340811031,12.13119269970888,11.256318488975909,10.62241962562647,1,Yeast
33.6,33.12800233715691,31.481804251509452,28.173198346915875,22.879715695377318,15.800240908196153,8.04587242553742,5.382623911147186,11.418890072193092,17.09357734422889,20.520796189635224,21.443832167263153,20.2021625584138,17.478697176871172,14.050288834720417,10.570212424726122,7.496665925596526,5.27477714403209,4.532908390501762,5.168018107816406,6.10978141901416,6.781844238447005,7.319401013915352,8.206268543700197,9.652406410795708,11.29770959243989,12.58016890910268,13.126146279849886,12.891152340811031,12.13119269970888,11.256318488975909,10.62241962562647,0,Mammalian
38.7,37.896939216231175,35.23483894179287,30.217518788671494,22.641082431582564,12.98585877785509,2.9511814068509903,8.404308236021748,16.497152405265382,21.63419574743492,23.36902996933283,22.039925952033524,18.538410137296385,13.986617489630406,9.401894520484802,5.479334956944407,2.5942243542145715,1.0457277220091823,0.672016574811222,0.5389682121175484,2.5557149232702803,5.671790553034828,9.226660295442509,12.481270883922104,14.75208332804037,15.61156908954202,15.007699070701015,13.2577804676832,10.92231921977396,8.608729247553143,6.782003604159958,5.667263308682097,0,Mammalian
38.7,37.896939216231175,35.23483894179287,30.217518788671494,22.641082431582564,12.98585877785509,2.9511814068509903,8.404308236021748,16.497152405265382,21.63419574743492,23.36902996933283,22.039925952033524,18.538410137296385,13.986617489630406,9.401894520484802,5.479334956944407,2.5942243542145715,1.0457277220091823,0.672016574811222,0.5389682121175484,2.5557149232702803,5.671790553034828,9.226660295442509,12.481270883922104,14.75208332804037,15.61156908954202,15.007699070701015,13.2577804676832,10.92231921977396,8.608729247553143,6.782003604159958,5.667263308682097,0,E_coli
38.7,37.896939216231175,35.23483894179287,30.217518788671494,22.641082431582564,12.98585877785509,2.9511814068509903,8.404308236021748,16.497152405265382,21.63419574743492,23.36902996933283,22.039925952033524,18.538410137296385,13.986617489630406,9.401894520484802,5.479334956944407,2.5942243542145715,1.0457277220091823,0.672016574811222,0.5389682121175484,2.5557149232702803,5.671790553034828,9.226660295442509,12.481270883922104,14.75208332804037,15.61156908954202,15.007699070701015,13.2577804676832,10.92231921977396,8.608729247553143,6.782003604159958,5.667263308682097,1,Yeast
24.7,24.451318875644795,23.561582253322616,21.771060122650162,19.07440566573713,16.055645531491017,13.9670085407004,13.889779277501187,15.235821311794332,16.426311657439225,16.404043473275436,14.885864620457301,12.13450777022171,8.697694072097331,5.181696226214553,2.235205664764112,1.9209372712298554,3.62527225941957,4.807182740660954,4.9528233290024035,3.8496766373406786,2.126755102376634,4.056262177683721,8.507278351884388,13.2200510193824,17.297565802821364,20.153778851864807,21.56044705362886,21.68826317299837,21.02386255735532,20.155764071945995,19.521120128579074,1,Yeast
24.7,24.451318875644795,23.561582253322616,21.771060122650162,19.07440566573713,16.055645531491017,13.9670085407004,13.889779277501187,15.235821311794332,16.426311657439225,16.404043473275436,14.885864620457301,12.13450777022171,8.697694072097331,5.181696226214553,2.235205664764112,1.9209372712298554,3.62527225941957,4.807182740660954,4.9528233290024035,3.8496766373406786,2.126755102376634,4.056262177683721,8.507278351884388,13.2200510193824,17.297565802821364,20.153778851864807,21.56044705362886,21.68826317299837,21.02386255735532,20.155764071945995,19.521120128579074,0,Mammalian
24.7,24.451318875644795,23.561582253322616,21.771060122650162,19.07440566573713,16.055645531491017,13.9670085407004,13.889779277501187,15.235821311794332,16.426311657439225,16.404043473275436,14.885864620457301,12.13450777022171,8.697694072097331,5.181696226214553,2.235205664764112,1.9209372712298554,3.62527225941957,4.807182740660954,4.9528233290024035,3.8496766373406786,2.126755102376634,4.056262177683721,8.507278351884388,13.2200510193824,17.297565802821364,20.153778851864807,21.56044705362886,21.68826317299837,21.02386255735532,20.155764071945995,19.521120128579074,0,E_coli
33.9,33.42205264625985,31.760493143681277,28.432859758991818,23.12336932597391,16.04041841754594,8.32066029963083,5.57898628355111,11.456022945848156,17.11188971118988,20.55290212784298,21.504252110858452,20.30161185798395,17.626503140772428,14.253082129808275,10.827715705761188,7.792945527847607,5.553428080165707,4.675835399075953,5.149082090093834,6.0101906483101315,6.665902663461412,7.231124391841401,8.169819835060588,9.661238961137466,11.326964756622768,12.604048518252823,13.121410022841841,12.835573822519173,12.004797841059613,11.049475809854636,10.348699246968126,1,Yeast
33.9,33.42205264625985,31.760493143681277,28.432859758991818,23.12336932597391,16.04041841754594,8.32066029963083,5.57898628355111,11.456022945848156,17.11188971118988,20.55290212784298,21.504252110858452,20.30161185798395,17.626503140772428,14.253082129808275,10.827715705761188,7.792945527847607,5.553428080165707,4.675835399075953,5.149082090093834,6.0101906483101315,6.665902663461412,7.231124391841401,8.169819835060588,9.661238961137466,11.326964756622768,12.604048518252823,13.121410022841841,12.835573822519173,12.004797841059613,11.049475809854636,10.348699246968126,0,Mammalian
33.9,33.42205264625985,31.760493143681277,28.432859758991818,23.12336932597391,16.04041841754594,8.32066029963083,5.57898628355111,11.456022945848156,17.11188971118988,20.55290212784298,21.504252110858452,20.30161185798395,17.626503140772428,14.253082129808275,10.827715705761188,7.792945527847607,5.553428080165707,4.675835399075953,5.149082090093834,6.0101906483101315,6.665902663461412,7.231124391841401,8.169819835060588,9.661238961137466,11.326964756622768,12.604048518252823,13.121410022841841,12.835573822519173,12.004797841059613,11.049475809854636,10.348699246968126,0,E_coli
17.299999999999997,17.42384923229336,17.73803143677259,18.094074261048302,18.305202993014074,18.196392210088764,17.635756474382628,16.5485688816756,14.920446614084135,12.79517012010709,10.271868090961181,7.511467326808648,4.79884613916156,2.9462757398704356,3.5942660952176966,5.640163222764717,7.684399781375249,9.353291430526284,10.52078664952482,11.143561304125067,11.22777943862315,10.816835300017662,9.982650121666762,8.817252638043264,7.4243028518686724,5.910975942638438,4.380790511676615,2.927906081953236,1.6332752354805715,0.5635481913618092,0.24643619736465167,0.7340879068280037,1,Yeast
17.299999999999997,17.42384923229336,17.73803143677259,18.094074261048302,18.305202993014074,18.196392210088764,17.635756474382628,16.5485688816756,14.920446614084135,12.79517012010709,10.271868090961181,7.511467326808648,4.79884613916156,2.9462757398704356,3.5942660952176966,5.640163222764717,7.684399781375249,9.353291430526284,10.52078664952482,11.143561304125067,11.22777943862315,10.816835300017662,9.982650121666762,8.817252638043264,7.4243028518686724,5.910975942638438,4.380790511676615,2.927906081953236,1.6332752354805715,0.5635481913618092,0.24643619736465167,0.7340879068280037,0,Mammalian
17.299999999999997,17.42384923229336,17.73803143677259,18.094074261048302,18.305202993014074,18.196392210088764,17.635756474382628,16.5485688816756,14.920446614084135,12.79517012010709,10.271868090961181,7.511467326808648,4.79884613916156,2.9462757398704356,3.5942660952176966,5.640163222764717,7.684399781375249,9.353291430526284,10.52078664952482,11.143561304125067,11.22777943862315,10.816835300017662,9.982650121666762,8.817252638043264,7.4243028518686724,5.910975942638438,4.380790511676615,2.927906081953236,1.6332752354805715,0.5635481913618092,0.24643619736465167,0.7340879068280037,0,E_coli
10.0,9.756155877349345,8.993149674941863,7.67281872846748,5.956698622932853,4.772554092949557,5.88657405285103,8.789337244630664,11.795187308214784,13.802064156267827,14.06125957373136,12.154843231819738,8.125842343079825,3.303302786553023,6.453449778668131,13.344789456748517,19.492049661336285,23.733517462309955,25.423459861604382,24.40279805794715,21.00344145984351,15.969445117163763,10.31071570017179,5.177805975625261,2.305115260486745,2.9686435630702728,3.2887210408601892,2.533033889471731,2.695157615778276,5.000303909041123,7.612267358006801,9.512189487385491,0,Mammalian
10.0,9.756155877349345,8.993149674941863,7.67281872846748,5.956698622932853,4.772554092949557,5.88657405285103,8.789337244630664,11.795187308214784,13.802064156267827,14.06125957373136,12.154843231819738,8.125842343079825,3.303302786553023,6.453449778668131,13.344789456748517,19.492049661336285,23.733517462309955,25.423459861604382,24.40279805794715,21.00344145984351,15.969445117163763,10.31071570017179,5.177805975625261,2.305115260486745,2.9686435630702728,3.2887210408601892,2.533033889471731,2.695157615778276,5.000303909041123,7.612267358006801,9.512189487385491,1,Yeast
10.0,9.756155877349345,8.993149674941863,7.67281872846748,5.956698622932853,4.772554092949557,5.88657405285103,8.789337244630664,11.795187308214784,13.802064156267827,14.06125957373136,12.154843231819738,8.125842343079825,3.303302786553023,6.453449778668131,13.344789456748517,19.492049661336285,23.733517462309955,25.423459861604382,24.40279805794715,21.00344145984351,15.969445117163763,10.31071570017179,5.177805975625261,2.305115260486745,2.9686435630702728,3.2887210408601892,2.533033889471731,2.695157615778276,5.000303909041123,7.612267358006801,9.512189487385491,0,E_coli
12.899999999999999,12.098181713700606,9.420888093683352,4.710412985449108,3.1175982706956655,8.743715390320828,11.98099293630381,10.935163692576687,6.863048897832555,7.039407090304205,12.261586346718978,16.040295961053342,16.69405524777177,13.22477347383444,6.512252880218251,14.423528275586609,30.34419219554213,42.45754413906452,45.07941114953601,36.65902481451169,20.678073783843466,5.963888132984771,11.197758222661385,14.617173120788424,11.711471292111824,7.494356924851403,5.993029105299545,4.911636509738834,6.648786731188238,10.801075725214533,11.86453715125533,7.826163475559633,1,Yeast
12.899999999999999,12.098181713700606,9.420888093683352,4.710412985449108,3.1175982706956655,8.743715390320828,11.98099293630381,10.935163692576687,6.863048897832555,7.039407090304205,12.261586346718978,16.040295961053342,16.69405524777177,13.22477347383444,6.512252880218251,14.423528275586609,30.34419219554213,42.45754413906452,45.07941114953601,36.65902481451169,20.678073783843466,5.963888132984771,11.197758222661385,14.617173120788424,11.711471292111824,7.494356924851403,5.993029105299545,4.911636509738834,6.648786731188238,10.801075725214533,11.86453715125533,7.826163475559633,0,Mammalian
12.899999999999999,12.098181713700606,9.420888093683352,4.710412985449108,3.1175982706956655,8.743715390320828,11.98099293630381,10.935163692576687,6.863048897832555,7.039407090304205,12.261586346718978,16.040295961053342,16.69405524777177,13.22477347383444,6.512252880218251,14.423528275586609,30.34419219554213,42.45754413906452,45.07941114953601,36.65902481451169,20.678073783843466,5.963888132984771,11.197758222661385,14.617173120788424,11.711471292111824,7.494356924851403,5.993029105299545,4.911636509738834,6.648786731188238,10.801075725214533,11.86453715125533,7.826163475559633,0,E_coli
26.0,24.589049634909763,16.50271144173247,13.180091819811974,10.808790430268358,12.436283488454347,24.57732961223215,17.021743752722607,12.349266181991348,20.84247560458104,7.44238339475277,14.747824366619767,21.785670941465767,17.833893896973418,30.345892837995105,36.70487902251267,30.14962686336267,25.86470432077153,23.38462915345171,9.25410530382633,14.303524636670241,29.57707603326597,25.824163620581498,7.152888728581539,15.310637634217747,21.421004635501028,13.549087943842025,6.932379400209809,15.400122533047607,28.786014895550892,36.568388124390175,26.49828798426237,0,Mammalian
26.0,24.589049634909763,16.50271144173247,13.180091819811974,10.808790430268358,12.436283488454347,24.57732961223215,17.021743752722607,12.349266181991348,20.84247560458104,7.44238339475277,14.747824366619767,21.785670941465767,17.833893896973418,30.345892837995105,36.70487902251267,30.14962686336267,25.86470432077153,23.38462915345171,9.25410530382633,14.303524636670241,29.57707603326597,25.824163620581498,7.152888728581539,15.310637634217747,21.421004635501028,13.549087943842025,6.932379400209809,15.400122533047607,28.786014895550892,36.568388124390175,26.49828798426237,0,E_coli
26.0,24.589049634909763,16.50271144173247,13.180091819811974,10.808790430268358,12.436283488454347,24.57732961223215,17.021743752722607,12.349266181991348,20.84247560458104,7.44238339475277,14.747824366619767,21.785670941465767,17.833893896973418,30.345892837995105,36.70487902251267,30.14962686336267,25.86470432077153,23.38462915345171,9.25410530382633,14.303524636670241,29.57707603326597,25.824163620581498,7.152888728581539,15.310637634217747,21.421004635501028,13.549087943842025,6.932379400209809,15.400122533047607,28.786014895550892,36.568388124390175,26.49828798426237,1,Yeast
4.099999999999998,6.06079670542816,8.97451678873088,10.63218440227867,10.393457017887252,8.360813897682116,5.612551921884035,5.386687824122654,8.568016321016543,11.862882737094742,13.755838757521662,13.774894354277425,12.050435961651107,9.187676443611723,6.118301792805005,3.9188180819680567,3.4655446902326914,4.897962680495108,8.16911371214947,12.911748798404552,18.229312301264446,22.9921761194954,26.131660818061423,26.887508594106393,24.980974687205343,20.68635537707349,14.828117529103364,8.952617157632341,6.616284257379259,9.633753841343694,13.35924425905261,15.84841020713394,0,Mammalian
4.099999999999998,6.06079670542816,8.97451678873088,10.63218440227867,10.393457017887252,8.360813897682116,5.612551921884035,5.386687824122654,8.568016321016543,11.862882737094742,13.755838757521662,13.774894354277425,12.050435961651107,9.187676443611723,6.118301792805005,3.9188180819680567,3.4655446902326914,4.897962680495108,8.16911371214947,12.911748798404552,18.229312301264446,22.9921761194954,26.131660818061423,26.887508594106393,24.980974687205343,20.68635537707349,14.828117529103364,8.952617157632341,6.616284257379259,9.633753841343694,13.35924425905261,15.84841020713394,0,E_coli
4.099999999999998,6.06079670542816,8.97451678873088,10.63218440227867,10.393457017887252,8.360813897682116,5.612551921884035,5.386687824122654,8.568016321016543,11.862882737094742,13.755838757521662,13.774894354277425,12.050435961651107,9.187676443611723,6.118301792805005,3.9188180819680567,3.4655446902326914,4.897962680495108,8.16911371214947,12.911748798404552,18.229312301264446,22.9921761194954,26.131660818061423,26.887508594106393,24.980974687205343,20.68635537707349,14.828117529103364,8.952617157632341,6.616284257379259,9.633753841343694,13.35924425905261,15.84841020713394,1,Yeast
33.8,33.39964468504153,32.08168527454237,29.58872731878923,25.730675741350094,20.569874545316388,14.500523575546254,8.235348404283135,3.0579477060617593,3.567732564538729,6.120468399012845,7.1781113580666185,6.956610332346207,6.567553166623259,7.2696552420746094,8.847712791665092,10.068763578513503,10.013467271247757,8.313452708487931,5.152739122851134,2.3234037995306687,5.534600737118306,10.07029932507857,13.779674100250652,16.046462408487166,16.664298485095998,15.821342277336937,14.111459891886923,12.479571040773727,11.856232721713114,12.364180900031684,13.216187208691107,0,E_coli
33.8,33.39964468504153,32.08168527454237,29.58872731878923,25.730675741350094,20.569874545316388,14.500523575546254,8.235348404283135,3.0579477060617593,3.567732564538729,6.120468399012845,7.1781113580666185,6.956610332346207,6.567553166623259,7.2696552420746094,8.847712791665092,10.068763578513503,10.013467271247757,8.313452708487931,5.152739122851134,2.3234037995306687,5.534600737118306,10.07029932507857,13.779674100250652,16.046462408487166,16.664298485095998,15.821342277336937,14.111459891886923,12.479571040773727,11.856232721713114,12.364180900031684,13.216187208691107,1,Yeast
33.8,33.39964468504153,32.08168527454237,29.58872731878923,25.730675741350094,20.569874545316388,14.500523575546254,8.235348404283135,3.0579477060617593,3.567732564538729,6.120468399012845,7.1781113580666185,6.956610332346207,6.567553166623259,7.2696552420746094,8.847712791665092,10.068763578513503,10.013467271247757,8.313452708487931,5.152739122851134,2.3234037995306687,5.534600737118306,10.07029932507857,13.779674100250652,16.046462408487166,16.664298485095998,15.821342277336937,14.111459891886923,12.479571040773727,11.856232721713114,12.364180900031684,13.216187208691107,0,Mammalian
16.700000000000003,16.551480052493773,16.02726619800198,14.923945015226467,13.000192764960959,10.10138031669818,6.377258383044676,3.5687929143870867,6.540721376372027,11.649365031599269,16.321452856068177,19.612858660209934,20.905738705491984,19.879004184612647,16.559030117293414,11.330472260405555,4.904079934095691,2.1847882430586534,8.304484061215097,13.15952700800601,16.076822232995987,16.83789283118119,15.650636313210326,13.207958883393681,10.816605931468063,10.236384439279526,11.925762331619818,14.442648484341374,16.545720417684958,17.7749543819485,18.196025177338807,18.168927819027314,1,Yeast
16.700000000000003,16.551480052493773,16.02726619800198,14.923945015226467,13.000192764960959,10.10138031669818,6.377258383044676,3.5687929143870867,6.540721376372027,11.649365031599269,16.321452856068177,19.612858660209934,20.905738705491984,19.879004184612647,16.559030117293414,11.330472260405555,4.904079934095691,2.1847882430586534,8.304484061215097,13.15952700800601,16.076822232995987,16.83789283118119,15.650636313210326,13.207958883393681,10.816605931468063,10.236384439279526,11.925762331619818,14.442648484341374,16.545720417684958,17.7749543819485,18.196025177338807,18.168927819027314,0,Mammalian
16.700000000000003,16.551480052493773,16.02726619800198,14.923945015226467,13.000192764960959,10.10138031669818,6.377258383044676,3.5687929143870867,6.540721376372027,11.649365031599269,16.321452856068177,19.612858660209934,20.905738705491984,19.879004184612647,16.559030117293414,11.330472260405555,4.904079934095691,2.1847882430586534,8.304484061215097,13.15952700800601,16.076822232995987,16.83789283118119,15.650636313210326,13.207958883393681,10.816605931468063,10.236384439279526,11.925762331619818,14.442648484341374,16.545720417684958,17.7749543819485,18.196025177338807,18.168927819027314,0,E_coli
3.900000000000004,4.090207547893524,4.520414157006866,4.882093949003439,4.968083263147117,5.360391539022004,7.436574302657921,10.806234858418662,13.559955899621977,14.292508836108691,13.676213355817394,15.147110864114184,19.86907717008088,24.204108423249973,25.088825670034563,22.262374362159527,18.37416664776936,16.77227004870781,16.541262698249284,14.297065361297983,9.273120334860781,3.421701805314979,2.1974435067126024,5.619685545776902,11.013972761919613,17.914548646464677,22.88071668059318,22.654894276029747,16.456827165495778,10.109399517922116,17.475866439169614,27.49153729001769,1,Yeast
3.900000000000004,4.090207547893524,4.520414157006866,4.882093949003439,4.968083263147117,5.360391539022004,7.436574302657921,10.806234858418662,13.559955899621977,14.292508836108691,13.676213355817394,15.147110864114184,19.86907717008088,24.204108423249973,25.088825670034563,22.262374362159527,18.37416664776936,16.77227004870781,16.541262698249284,14.297065361297983,9.273120334860781,3.421701805314979,2.1974435067126024,5.619685545776902,11.013972761919613,17.914548646464677,22.88071668059318,22.654894276029747,16.456827165495778,10.109399517922116,17.475866439169614,27.49153729001769,0,E_coli
3.900000000000004,4.090207547893524,4.520414157006866,4.882093949003439,4.968083263147117,5.360391539022004,7.436574302657921,10.806234858418662,13.559955899621977,14.292508836108691,13.676213355817394,15.147110864114184,19.86907717008088,24.204108423249973,25.088825670034563,22.262374362159527,18.37416664776936,16.77227004870781,16.541262698249284,14.297065361297983,9.273120334860781,3.421701805314979,2.1974435067126024,5.619685545776902,11.013972761919613,17.914548646464677,22.88071668059318,22.654894276029747,16.456827165495778,10.109399517922116,17.475866439169614,27.49153729001769,0,Mammalian
0.1999999999999975,0.556884836566368,0.6928070027290881,3.648762899783999,7.045839760055756,8.542474993635574,7.130823052183485,6.914887302921821,12.14099610776005,17.294427994317328,20.060361976471217,22.46905574224527,26.222706904867874,28.110522347514046,23.960547752035414,14.056526779555956,11.963277142990547,22.91338019551775,29.029416032193026,25.716322517417993,14.506021389625104,1.9243740782172511,11.378147370281814,16.34369064254641,15.120721329068772,11.164808343312258,8.733874878374547,8.955208739473695,12.204143890529602,18.458211403318206,24.996311862146747,29.47130457684807,0,E_coli
0.1999999999999975,0.556884836566368,0.6928070027290881,3.648762899783999,7.045839760055756,8.542474993635574,7.130823052183485,6.914887302921821,12.14099610776005,17.294427994317328,20.060361976471217,22.46905574224527,26.222706904867874,28.110522347514046,23.960547752035414,14.056526779555956,11.963277142990547,22.91338019551775,29.029416032193026,25.716322517417993,14.506021389625104,1.9243740782172511,11.378147370281814,16.34369064254641,15.120721329068772,11.164808343312258,8.733874878374547,8.955208739473695,12.204143890529602,18.458211403318206,24.996311862146747,29.47130457684807,2,Mammalian
0.1999999999999975,0.556884836566368,0.6928070027290881,3.648762899783999,7.045839760055756,8.542474993635574,7.130823052183485,6.914887302921821,12.14099610776005,17.294427994317328,20.060361976471217,22.46905574224527,26.222706904867874,28.110522347514046,23.960547752035414,14.056526779555956,11.963277142990547,22.91338019551775,29.029416032193026,25.716322517417993,14.506021389625104,1.9243740782172511,11.378147370281814,16.34369064254641,15.120721329068772,11.164808343312258,8.733874878374547,8.955208739473695,12.204143890529602,18.458211403318206,24.996311862146747,29.47130457684807,1,Yeast
5.0,4.692092351105916,5.366796204940095,5.442274525407575,3.3383775849515533,5.02550668211947,6.793152198231753,7.108062369728652,13.748147043648807,20.572202534762514,21.156330293258225,19.734084719079984,25.67841817103538,30.821487986733125,26.05879905888354,13.826295935106094,12.425779653607254,20.63949354056933,23.965404549336757,23.2734095285158,18.024120558799442,7.30050703367074,11.19723359603172,21.6958748786467,23.49613697751634,18.64149037742886,13.109463756091923,4.858028502802807,10.133368315402178,26.527822309201753,34.247665124031954,28.577015522549782,0,E_coli
5.0,4.692092351105916,5.366796204940095,5.442274525407575,3.3383775849515533,5.02550668211947,6.793152198231753,7.108062369728652,13.748147043648807,20.572202534762514,21.156330293258225,19.734084719079984,25.67841817103538,30.821487986733125,26.05879905888354,13.826295935106094,12.425779653607254,20.63949354056933,23.965404549336757,23.2734095285158,18.024120558799442,7.30050703367074,11.19723359603172,21.6958748786467,23.49613697751634,18.64149037742886,13.109463756091923,4.858028502802807,10.133368315402178,26.527822309201753,34.247665124031954,28.577015522549782,2,Mammalian
5.0,4.692092351105916,5.366796204940095,5.442274525407575,3.3383775849515533,5.02550668211947,6.793152198231753,7.108062369728652,13.748147043648807,20.572202534762514,21.156330293258225,19.734084719079984,25.67841817103538,30.821487986733125,26.05879905888354,13.826295935106094,12.425779653607254,20.63949354056933,23.965404549336757,23.2734095285158,18.024120558799442,7.30050703367074,11.19723359603172,21.6958748786467,23.49613697751634,18.64149037742886,13.109463756091923,4.858028502802807,10.133368315402178,26.527822309201753,34.247665124031954,28.577015522549782,1,Yeast
37.199999999999996,29.35269864367792,12.963266835794645,12.061739592722885,14.518846420805447,12.0346972306316,24.408976824060506,34.648065033087185,31.44969230551005,20.973468331433114,24.28259250830256,31.938221812721316,28.75051197740784,16.942613710800547,7.970958303252725,9.48524158287523,9.98498873309329,10.624768331710507,10.820083712300297,7.330362321422048,2.1918714126854457,2.2300450307803126,3.827403745423108,11.741730173500173,21.118637595468652,26.605331921292382,25.746003826890526,19.82084441504532,13.489509233335555,12.892448916531002,16.33876201320259,18.9659372958012,0,E_coli
37.199999999999996,29.35269864367792,12.963266835794645,12.061739592722885,14.518846420805447,12.0346972306316,24.408976824060506,34.648065033087185,31.44969230551005,20.973468331433114,24.28259250830256,31.938221812721316,28.75051197740784,16.942613710800547,7.970958303252725,9.48524158287523,9.98498873309329,10.624768331710507,10.820083712300297,7.330362321422048,2.1918714126854457,2.2300450307803126,3.827403745423108,11.741730173500173,21.118637595468652,26.605331921292382,25.746003826890526,19.82084441504532,13.489509233335555,12.892448916531002,16.33876201320259,18.9659372958012,1,Yeast
37.199999999999996,29.35269864367792,12.963266835794645,12.061739592722885,14.518846420805447,12.0346972306316,24.408976824060506,34.648065033087185,31.44969230551005,20.973468331433114,24.28259250830256,31.938221812721316,28.75051197740784,16.942613710800547,7.970958303252725,9.48524158287523,9.98498873309329,10.624768331710507,10.820083712300297,7.330362321422048,2.1918714126854457,2.2300450307803126,3.827403745423108,11.741730173500173,21.118637595468652,26.605331921292382,25.746003826890526,19.82084441504532,13.489509233335555,12.892448916531002,16.33876201320259,18.9659372958012,2,Mammalian
40.9,31.7103305291368,10.458515161374649,12.299408619911059,20.718116596916133,17.542844352866712,18.67532080974806,24.34704047003272,20.095181338750468,8.491867855670627,15.3690913688615,21.523857310762672,15.02348180289359,4.393683702758997,16.57949916815427,24.127050640662834,25.083261350948757,24.831922490629346,24.617622141478982,21.419651110159478,15.8657865775311,12.001791280760266,11.525147173207964,13.359933001926075,16.102288252379996,17.349038532353724,16.676337512512863,16.434975950072637,17.697781088909068,18.57901251159819,17.990178459511267,16.72149888552585,1,Yeast
40.9,31.7103305291368,10.458515161374649,12.299408619911059,20.718116596916133,17.542844352866712,18.67532080974806,24.34704047003272,20.095181338750468,8.491867855670627,15.3690913688615,21.523857310762672,15.02348180289359,4.393683702758997,16.57949916815427,24.127050640662834,25.083261350948757,24.831922490629346,24.617622141478982,21.419651110159478,15.8657865775311,12.001791280760266,11.525147173207964,13.359933001926075,16.102288252379996,17.349038532353724,16.676337512512863,16.434975950072637,17.697781088909068,18.57901251159819,17.990178459511267,16.72149888552585,2,Mammalian
40.9,31.7103305291368,10.458515161374649,12.299408619911059,20.718116596916133,17.542844352866712,18.67532080974806,24.34704047003272,20.095181338750468,8.491867855670627,15.3690913688615,21.523857310762672,15.02348180289359,4.393683702758997,16.57949916815427,24.127050640662834,25.083261350948757,24.831922490629346,24.617622141478982,21.419651110159478,15.8657865775311,12.001791280760266,11.525147173207964,13.359933001926075,16.102288252379996,17.349038532353724,16.676337512512863,16.434975950072637,17.697781088909068,18.57901251159819,17.990178459511267,16.72149888552585,0,E_coli
31.099999999999998,24.161389388141835,13.270926522454197,18.110818031921617,18.068293145076247,7.751236168568011,19.545032911026016,31.78742698018943,29.53841566157415,17.452223242320375,18.254318152900957,25.843536602324463,22.840596042490027,12.481598156735835,10.565650218747752,15.0970631817503,15.590060936378663,15.384097932103176,15.016525223282466,11.619820735632105,6.4367841060019915,4.062451307038851,7.540889766667071,15.491611190701725,23.641108269369926,27.148801062094954,23.72615148694553,14.941557286564434,7.9832177485084035,13.676493432219507,20.741499206525248,24.723774601278276,1,Yeast
4.2,4.4969854706287595,5.27212219808517,6.312004638626964,7.452768148242404,8.593180380063323,9.670243009700846,10.642099277724327,11.479449481140453,12.161472737410918,12.673859264096052,13.007814238780329,13.159504333622744,13.129694717417244,12.923451980850261,12.549850002018317,12.021647141718976,11.354920157004681,10.56865004954696,9.684261129514992,8.725118553048723,7.715992350014575,6.68249799529952,5.650525263049386,4.645668908773441,3.6926776290262744,2.814944409759552,2.034080072070695,1.3696710762634676,0.8395239393503572,0.46125107840112173,0.2533275189226935,2,Mammalian
4.2,4.4969854706287595,5.27212219808517,6.312004638626964,7.452768148242404,8.593180380063323,9.670243009700846,10.642099277724327,11.479449481140453,12.161472737410918,12.673859264096052,13.007814238780329,13.159504333622744,13.129694717417244,12.923451980850261,12.549850002018317,12.021647141718976,11.354920157004681,10.56865004954696,9.684261129514992,8.725118553048723,7.715992350014575,6.68249799529952,5.650525263049386,4.645668908773441,3.6926776290262744,2.814944409759552,2.034080072070695,1.3696710762634676,0.8395239393503572,0.46125107840112173,0.2533275189226935,1,Yeast
4.2,4.4969854706287595,5.27212219808517,6.312004638626964,7.452768148242404,8.593180380063323,9.670243009700846,10.642099277724327,11.479449481140453,12.161472737410918,12.673859264096052,13.007814238780329,13.159504333622744,13.129694717417244,12.923451980850261,12.549850002018317,12.021647141718976,11.354920157004681,10.56865004954696,9.684261129514992,8.725118553048723,7.715992350014575,6.68249799529952,5.650525263049386,4.645668908773441,3.6926776290262744,2.814944409759552,2.034080072070695,1.3696710762634676,0.8395239393503572,0.46125107840112173,0.2533275189226935,0,E_coli
8.700000000000003,6.304677340202664,1.4050049280599242,7.233814297156177,11.859081751514635,12.020403250192588,7.572136580656869,1.1718539264256573,8.522406595409969,16.694047052843533,24.507581568664808,31.016444377634272,33.6886607649919,29.875912739586433,19.024190538136793,5.296601333198231,14.094325099131211,24.43541900856183,26.568064425727925,20.472161764130252,9.892277422597177,4.765742747066416,9.631783233201315,10.93856442085221,11.316739186820232,14.501348146355186,17.253136826132053,16.642915952538754,14.614347856355474,16.656105660851857,22.410785413672397,27.303099671957376,2,Mammalian
8.700000000000003,6.304677340202664,1.4050049280599242,7.233814297156177,11.859081751514635,12.020403250192588,7.572136580656869,1.1718539264256573,8.522406595409969,16.694047052843533,24.507581568664808,31.016444377634272,33.6886607649919,29.875912739586433,19.024190538136793,5.296601333198231,14.094325099131211,24.43541900856183,26.568064425727925,20.472161764130252,9.892277422597177,4.765742747066416,9.631783233201315,10.93856442085221,11.316739186820232,14.501348146355186,17.253136826132053,16.642915952538754,14.614347856355474,16.656105660851857,22.410785413672397,27.303099671957376,0,E_coli
8.700000000000003,6.304677340202664,1.4050049280599242,7.233814297156177,11.859081751514635,12.020403250192588,7.572136580656869,1.1718539264256573,8.522406595409969,16.694047052843533,24.507581568664808,31.016444377634272,33.6886607649919,29.875912739586433,19.024190538136793,5.296601333198231,14.094325099131211,24.43541900856183,26.568064425727925,20.472161764130252,9.892277422597177,4.765742747066416,9.631783233201315,10.93856442085221,11.316739186820232,14.501348146355186,17.253136826132053,16.642915952538754,14.614347856355474,16.656105660851857,22.410785413672397,27.303099671957376,1,Yeast
8.700000000000003,6.304677340202664,1.4050049280599242,7.233814297156177,11.859081751514635,12.020403250192588,7.572136580656869,1.1718539264256573,8.522406595409969,16.694047052843533,24.507581568664808,31.016444377634272,33.6886607649919,29.875912739586433,19.024190538136793,5.296601333198231,14.094325099131211,24.43541900856183,26.568064425727925,20.472161764130252,9.892277422597177,4.765742747066416,9.631783233201315,10.93856442085221,11.316739186820232,14.501348146355186,17.253136826132053,16.642915952538754,14.614347856355474,16.656105660851857,22.410785413672397,27.303099671957376,1,Yeast
8.700000000000003,6.304677340202664,1.4050049280599242,7.233814297156177,11.859081751514635,12.020403250192588,7.572136580656869,1.1718539264256573,8.522406595409969,16.694047052843533,24.507581568664808,31.016444377634272,33.6886607649919,29.875912739586433,19.024190538136793,5.296601333198231,14.094325099131211,24.43541900856183,26.568064425727925,20.472161764130252,9.892277422597177,4.765742747066416,9.631783233201315,10.93856442085221,11.316739186820232,14.501348146355186,17.253136826132053,16.642915952538754,14.614347856355474,16.656105660851857,22.410785413672397,27.303099671957376,2,Mammalian
8.700000000000003,6.304677340202664,1.4050049280599242,7.233814297156177,11.859081751514635,12.020403250192588,7.572136580656869,1.1718539264256573,8.522406595409969,16.694047052843533,24.507581568664808,31.016444377634272,33.6886607649919,29.875912739586433,19.024190538136793,5.296601333198231,14.094325099131211,24.43541900856183,26.568064425727925,20.472161764130252,9.892277422597177,4.765742747066416,9.631783233201315,10.93856442085221,11.316739186820232,14.501348146355186,17.253136826132053,16.642915952538754,14.614347856355474,16.656105660851857,22.410785413672397,27.303099671957376,0,E_coli
5.200000000000003,5.833183901317218,4.8061994085325175,3.998688431696442,9.967001613794633,13.825247844799547,11.070857248723836,2.5508075750979518,10.72101683728532,20.092888190617643,24.925151732199396,27.868595835209895,31.06292111059701,30.599525814554298,22.16097015797656,8.675434132633496,15.880806024884254,27.724078485582538,29.7300262923115,21.749597643605526,9.450005047846789,7.056014511235436,11.550486348018175,11.522412580404673,11.084213908737263,12.951188078791066,13.969573060450607,13.975562307180285,16.076417993542957,20.110254529070538,23.459062430100566,25.152904849037565,1,Yeast
5.200000000000003,5.833183901317218,4.8061994085325175,3.998688431696442,9.967001613794633,13.825247844799547,11.070857248723836,2.5508075750979518,10.72101683728532,20.092888190617643,24.925151732199396,27.868595835209895,31.06292111059701,30.599525814554298,22.16097015797656,8.675434132633496,15.880806024884254,27.724078485582538,29.7300262923115,21.749597643605526,9.450005047846789,7.056014511235436,11.550486348018175,11.522412580404673,11.084213908737263,12.951188078791066,13.969573060450607,13.975562307180285,16.076417993542957,20.110254529070538,23.459062430100566,25.152904849037565,2,Mammalian
5.200000000000003,5.833183901317218,4.8061994085325175,3.998688431696442,9.967001613794633,13.825247844799547,11.070857248723836,2.5508075750979518,10.72101683728532,20.092888190617643,24.925151732199396,27.868595835209895,31.06292111059701,30.599525814554298,22.16097015797656,8.675434132633496,15.880806024884254,27.724078485582538,29.7300262923115,21.749597643605526,9.450005047846789,7.056014511235436,11.550486348018175,11.522412580404673,11.084213908737263,12.951188078791066,13.969573060450607,13.975562307180285,16.076417993542957,20.110254529070538,23.459062430100566,25.152904849037565,0,E_coli
7.600000000000001,5.711633374064774,2.641980481630014,6.355609432197058,10.337147889096345,11.681497289685476,9.20926876265246,2.1970334106314784,8.322275611243446,19.130606987969337,26.686826482508415,29.87917603456117,30.28652513454874,28.20069419716987,20.858996948650926,8.282486726590644,14.01855912710005,27.279999515072824,31.17364736143427,24.123601249391772,11.741979217018152,9.291491664748776,13.935209291649093,13.789270403353422,13.019206145172696,13.949837426625555,12.796967555224292,11.69673325798874,16.581787987440077,22.487060999403894,24.841419447245652,24.073499173878776,0,E_coli
7.600000000000001,5.711633374064774,2.641980481630014,6.355609432197058,10.337147889096345,11.681497289685476,9.20926876265246,2.1970334106314784,8.322275611243446,19.130606987969337,26.686826482508415,29.87917603456117,30.28652513454874,28.20069419716987,20.858996948650926,8.282486726590644,14.01855912710005,27.279999515072824,31.17364736143427,24.123601249391772,11.741979217018152,9.291491664748776,13.935209291649093,13.789270403353422,13.019206145172696,13.949837426625555,12.796967555224292,11.69673325798874,16.581787987440077,22.487060999403894,24.841419447245652,24.073499173878776,2,Mammalian
7.600000000000001,5.711633374064774,2.641980481630014,6.355609432197058,10.337147889096345,11.681497289685476,9.20926876265246,2.1970334106314784,8.322275611243446,19.130606987969337,26.686826482508415,29.87917603456117,30.28652513454874,28.20069419716987,20.858996948650926,8.282486726590644,14.01855912710005,27.279999515072824,31.17364736143427,24.123601249391772,11.741979217018152,9.291491664748776,13.935209291649093,13.789270403353422,13.019206145172696,13.949837426625555,12.796967555224292,11.69673325798874,16.581787987440077,22.487060999403894,24.841419447245652,24.073499173878776,1,Yeast
12.8,12.82661700759741,12.901936787545123,13.01301913417846,13.140281012634714,13.25989635436568,13.34629597255096,13.374373667327722,13.321211693767005,13.167307341078464,12.897374929528933,12.500827258659273,11.972036789034938,11.310464775399087,10.520743486019574,9.612817910683878,8.602325267042628,7.511578243126785,6.371998171444272,5.230095535741818,4.162129524021953,3.3058559833595997,2.8854454853603992,3.0649821328165143,3.707468005235549,4.5556592187945375,5.441351678695458,6.2750125687465035,7.005713943364406,7.6013696308609555,8.040623292673118,8.30950180539318,1,Yeast
12.8,12.82661700759741,12.901936787545123,13.01301913417846,13.140281012634714,13.25989635436568,13.34629597255096,13.374373667327722,13.321211693767005,13.167307341078464,12.897374929528933,12.500827258659273,11.972036789034938,11.310464775399087,10.520743486019574,9.612817910683878,8.602325267042628,7.511578243126785,6.371998171444272,5.230095535741818,4.162129524021953,3.3058559833595997,2.8854454853603992,3.0649821328165143,3.707468005235549,4.5556592187945375,5.441351678695458,6.2750125687465035,7.005713943364406,7.6013696308609555,8.040623292673118,8.30950180539318,0,E_coli
12.8,12.82661700759741,12.901936787545123,13.01301913417846,13.140281012634714,13.25989635436568,13.34629597255096,13.374373667327722,13.321211693767005,13.167307341078464,12.897374929528933,12.500827258659273,11.972036789034938,11.310464775399087,10.520743486019574,9.612817910683878,8.602325267042628,7.511578243126785,6.371998171444272,5.230095535741818,4.162129524021953,3.3058559833595997,2.8854454853603992,3.0649821328165143,3.707468005235549,4.5556592187945375,5.441351678695458,6.2750125687465035,7.005713943364406,7.6013696308609555,8.040623292673118,8.30950180539318,2,Mammalian
19.200000000000003,13.4006070541226,1.5882801470031105,12.162671384661152,13.713950305915509,4.464030558091082,6.955552418238596,10.19471521802832,7.000209449808478,12.609678342871348,12.021147870466582,17.84340698447729,39.10706878238353,47.29276489143747,30.842119988653714,3.1284564392383625,30.042636369000643,36.37499197127276,21.708064036960675,7.590793468918586,14.835726306738259,13.182601840189783,12.928190551754687,17.53882689829655,17.273015592501846,15.419442970784974,16.43693679311849,17.80952278653523,17.39614794166679,14.465941942030605,9.765359639941487,5.6085586694963006,1,Yeast
19.200000000000003,13.4006070541226,1.5882801470031105,12.162671384661152,13.713950305915509,4.464030558091082,6.955552418238596,10.19471521802832,7.000209449808478,12.609678342871348,12.021147870466582,17.84340698447729,39.10706878238353,47.29276489143747,30.842119988653714,3.1284564392383625,30.042636369000643,36.37499197127276,21.708064036960675,7.590793468918586,14.835726306738259,13.182601840189783,12.928190551754687,17.53882689829655,17.273015592501846,15.419442970784974,16.43693679311849,17.80952278653523,17.39614794166679,14.465941942030605,9.765359639941487,5.6085586694963006,0,E_coli
19.200000000000003,13.4006070541226,1.5882801470031105,12.162671384661152,13.713950305915509,4.464030558091082,6.955552418238596,10.19471521802832,7.000209449808478,12.609678342871348,12.021147870466582,17.84340698447729,39.10706878238353,47.29276489143747,30.842119988653714,3.1284564392383625,30.042636369000643,36.37499197127276,21.708064036960675,7.590793468918586,14.835726306738259,13.182601840189783,12.928190551754687,17.53882689829655,17.273015592501846,15.419442970784974,16.43693679311849,17.80952278653523,17.39614794166679,14.465941942030605,9.765359639941487,5.6085586694963006,2,Mammalian
29.6,24.9152198477461,13.454383375664749,3.455500617913291,12.96275368359884,21.98784654572139,25.720106473679543,20.848262285825065,8.194819618561368,7.962792866075209,18.599581226522627,23.16693666266023,24.666711257340108,23.68401923251171,16.990154636512788,8.869876876709649,15.100331122197288,19.896098956602593,16.091257864817447,9.975716560439482,11.465092723530974,13.128960935946626,12.140186156797348,11.249944236341353,11.218062730224045,14.058558269458983,15.686410974752812,10.476587850911985,13.193635644741471,28.254097856777594,35.05295601979959,27.82838222948048,0,E_coli
29.6,24.9152198477461,13.454383375664749,3.455500617913291,12.96275368359884,21.98784654572139,25.720106473679543,20.848262285825065,8.194819618561368,7.962792866075209,18.599581226522627,23.16693666266023,24.666711257340108,23.68401923251171,16.990154636512788,8.869876876709649,15.100331122197288,19.896098956602593,16.091257864817447,9.975716560439482,11.465092723530974,13.128960935946626,12.140186156797348,11.249944236341353,11.218062730224045,14.058558269458983,15.686410974752812,10.476587850911985,13.193635644741471,28.254097856777594,35.05295601979959,27.82838222948048,1,Yeast
29.6,24.9152198477461,13.454383375664749,3.455500617913291,12.96275368359884,21.98784654572139,25.720106473679543,20.848262285825065,8.194819618561368,7.962792866075209,18.599581226522627,23.16693666266023,24.666711257340108,23.68401923251171,16.990154636512788,8.869876876709649,15.100331122197288,19.896098956602593,16.091257864817447,9.975716560439482,11.465092723530974,13.128960935946626,12.140186156797348,11.249944236341353,11.218062730224045,14.058558269458983,15.686410974752812,10.476587850911985,13.193635644741471,28.254097856777594,35.05295601979959,27.82838222948048,2,Mammalian
25.8,22.63815118027882,14.713247120986889,6.652864702922315,9.741694624619855,18.465759812850155,24.529501385038387,22.88297329830541,11.88150717684757,8.40985341216821,21.642762560134706,26.393241978786477,23.309868197851475,19.962034808002556,16.20309940234873,9.399419406585803,15.595512174981623,23.13991129310766,19.18142633526332,7.182509914638,11.76907574298443,16.924245870799048,13.12626496210145,7.7902292243728315,8.093811661171745,12.98414564070184,17.835160018690548,14.11163919775413,9.61448316839448,26.84293008457166,37.3448180940634,31.591881348581246,0,E_coli
25.8,22.63815118027882,14.713247120986889,6.652864702922315,9.741694624619855,18.465759812850155,24.529501385038387,22.88297329830541,11.88150717684757,8.40985341216821,21.642762560134706,26.393241978786477,23.309868197851475,19.962034808002556,16.20309940234873,9.399419406585803,15.595512174981623,23.13991129310766,19.18142633526332,7.182509914638,11.76907574298443,16.924245870799048,13.12626496210145,7.7902292243728315,8.093811661171745,12.98414564070184,17.835160018690548,14.11163919775413,9.61448316839448,26.84293008457166,37.3448180940634,31.591881348581246,2,Mammalian
25.8,22.63815118027882,14.713247120986889,6.652864702922315,9.741694624619855,18.465759812850155,24.529501385038387,22.88297329830541,11.88150717684757,8.40985341216821,21.642762560134706,26.393241978786477,23.309868197851475,19.962034808002556,16.20309940234873,9.399419406585803,15.595512174981623,23.13991129310766,19.18142633526332,7.182509914638,11.76907574298443,16.924245870799048,13.12626496210145,7.7902292243728315,8.093811661171745,12.98414564070184,17.835160018690548,14.11163919775413,9.61448316839448,26.84293008457166,37.3448180940634,31.591881348581246,1,Yeast
20.400000000000006,20.87292374619985,21.22763223498973,19.406559899730404,14.40937167002008,8.764460519230969,10.54356919304453,15.222376481346924,15.311683305101289,9.562055852782537,2.6896307170056137,10.79015432937889,17.13029485427502,18.77402774183203,16.71933294861597,13.000661517676987,9.53414914924242,11.556587537641366,20.05600350577876,28.512412339694404,32.14296866723534,28.69787230342242,18.96600454910731,6.859311420706774,8.32780609550213,15.965542930501297,18.352808196153312,14.957048509374626,7.43455254456845,9.123576150421428,20.946417279850273,30.562172849372786,1,Yeast
20.400000000000006,20.87292374619985,21.22763223498973,19.406559899730404,14.40937167002008,8.764460519230969,10.54356919304453,15.222376481346924,15.311683305101289,9.562055852782537,2.6896307170056137,10.79015432937889,17.13029485427502,18.77402774183203,16.71933294861597,13.000661517676987,9.53414914924242,11.556587537641366,20.05600350577876,28.512412339694404,32.14296866723534,28.69787230342242,18.96600454910731,6.859311420706774,8.32780609550213,15.965542930501297,18.352808196153312,14.957048509374626,7.43455254456845,9.123576150421428,20.946417279850273,30.562172849372786,0,Mammalian
9.9,9.256130798681783,7.7131404367261185,6.515605414463472,7.043350767099084,8.65249989506394,9.807988244256865,9.7305297111228,8.412584212377482,6.600376600473465,5.806616492986387,6.692533655483452,7.721491284975811,7.475813255025134,5.3840168930359456,1.9021847022223521,4.825971404805462,11.098889782718874,17.43563381359231,22.893984954631044,26.753245930656185,28.5563543928448,28.15585283435098,25.711921954203657,21.643669440962572,16.54561315383545,11.088177467629663,5.940927425904098,2.0672722320670958,2.964952969333835,5.144447816605542,6.469142882726837,2,Yeast
9.9,9.256130798681783,7.7131404367261185,6.515605414463472,7.043350767099084,8.65249989506394,9.807988244256865,9.7305297111228,8.412584212377482,6.600376600473465,5.806616492986387,6.692533655483452,7.721491284975811,7.475813255025134,5.3840168930359456,1.9021847022223521,4.825971404805462,11.098889782718874,17.43563381359231,22.893984954631044,26.753245930656185,28.5563543928448,28.15585283435098,25.711921954203657,21.643669440962572,16.54561315383545,11.088177467629663,5.940927425904098,2.0672722320670958,2.964952969333835,5.144447816605542,6.469142882726837,0,Mammalian
11.799999999999999,11.063918728921966,8.739269426979899,7.140952782037297,10.984345242616241,15.983913609899014,18.496064316887193,19.901114673527598,23.873907349297195,29.1282706388799,30.79488255408411,26.290790050212827,17.073767461190084,8.761449794301047,8.643499084687779,9.205662793085805,5.300943312279427,2.1100281242988173,9.025065995295018,14.861492824004408,18.943134010373207,20.524494771114945,18.510346341469944,13.879723530385002,13.16345501292018,19.026075280053334,23.99967947350419,24.791349116405087,22.40241723871026,19.073732030787063,14.967182566864608,8.626704507743746,2,Yeast
11.799999999999999,11.063918728921966,8.739269426979899,7.140952782037297,10.984345242616241,15.983913609899014,18.496064316887193,19.901114673527598,23.873907349297195,29.1282706388799,30.79488255408411,26.290790050212827,17.073767461190084,8.761449794301047,8.643499084687779,9.205662793085805,5.300943312279427,2.1100281242988173,9.025065995295018,14.861492824004408,18.943134010373207,20.524494771114945,18.510346341469944,13.879723530385002,13.16345501292018,19.026075280053334,23.99967947350419,24.791349116405087,22.40241723871026,19.073732030787063,14.967182566864608,8.626704507743746,0,Mammalian
22.299999999999997,21.90294090987762,20.731752982669416,18.84590328199523,16.343301741857886,13.360829315427365,10.084201613095038,6.803038054598073,4.21316376723772,4.08588858801774,6.2488604188446075,8.78310242381739,11.016435743397743,12.730009445502445,13.831452611576742,14.292345208102974,14.132586458253142,13.414546127331858,12.239866128467044,10.748300216260656,9.120428089102003,7.5856853361899645,6.422155491182902,5.8814850559537355,5.992432817348498,6.503487024002158,7.11015112683585,7.618261533469383,7.9493662110694485,8.105408840333363,8.137155840302114,8.115231228235976,2,Yeast
22.299999999999997,21.90294090987762,20.731752982669416,18.84590328199523,16.343301741857886,13.360829315427365,10.084201613095038,6.803038054598073,4.21316376723772,4.08588858801774,6.2488604188446075,8.78310242381739,11.016435743397743,12.730009445502445,13.831452611576742,14.292345208102974,14.132586458253142,13.414546127331858,12.239866128467044,10.748300216260656,9.120428089102003,7.5856853361899645,6.422155491182902,5.8814850559537355,5.992432817348498,6.503487024002158,7.11015112683585,7.618261533469383,7.9493662110694485,8.105408840333363,8.137155840302114,8.115231228235976,0,Mammalian
17.900000000000002,17.650605898809822,17.086732219463432,16.61569235566041,16.477750290812672,16.413720870195814,15.774985800868755,13.922842022743785,10.530487998666583,5.732951536146649,1.8879679847467246,7.133400150781226,12.88185939628946,17.404857606557652,20.040731693064238,20.480816885933336,18.797074240423694,15.43135959389098,11.138923132102525,6.968319146642387,4.5343185887101125,5.075688328381839,6.728542333252272,8.487072932625274,10.59475448087114,13.119404601296532,15.565399056701516,17.171683743475086,17.26792977701525,15.484938678550815,11.861176875432754,6.954702102346445,0,Mammalian
17.900000000000002,17.650605898809822,17.086732219463432,16.61569235566041,16.477750290812672,16.413720870195814,15.774985800868755,13.922842022743785,10.530487998666583,5.732951536146649,1.8879679847467246,7.133400150781226,12.88185939628946,17.404857606557652,20.040731693064238,20.480816885933336,18.797074240423694,15.43135959389098,11.138923132102525,6.968319146642387,4.5343185887101125,5.075688328381839,6.728542333252272,8.487072932625274,10.59475448087114,13.119404601296532,15.565399056701516,17.171683743475086,17.26792977701525,15.484938678550815,11.861176875432754,6.954702102346445,2,Yeast
5.6,4.847455258883829,2.906449352120973,1.753749339645971,3.8818145560180137,5.85899633406448,6.522688056293712,5.672042735102661,3.9641248542459993,3.8103063826713193,6.021742375088957,7.9643282994786135,8.206713559314723,6.2276767426702335,2.76538350674463,5.425123380165991,11.963277142990544,18.232415814065334,22.90035613146164,25.146400127643545,24.75676797761008,22.243679916253527,18.85653114695424,16.282007397117606,15.48307831601808,15.552687742021915,14.88841991239913,12.75541707386651,9.68110570187241,7.652981076936549,8.602222979019468,10.680795179027704,2,Yeast
5.6,4.847455258883829,2.906449352120973,1.753749339645971,3.8818145560180137,5.85899633406448,6.522688056293712,5.672042735102661,3.9641248542459993,3.8103063826713193,6.021742375088957,7.9643282994786135,8.206713559314723,6.2276767426702335,2.76538350674463,5.425123380165991,11.963277142990544,18.232415814065334,22.90035613146164,25.146400127643545,24.75676797761008,22.243679916253527,18.85653114695424,16.282007397117606,15.48307831601808,15.552687742021915,14.88841991239913,12.75541707386651,9.68110570187241,7.652981076936549,8.602222979019468,10.680795179027704,0,Mammalian
10.6,14.575105858289138,20.785209511867766,24.48159007219204,24.391350617449618,20.877482605543058,15.315350153310812,9.528700710905897,5.266745506448076,4.0121444820424905,5.558932242221674,8.163230634254074,10.42324600102094,11.00564741951376,9.160195434864017,5.686726027317055,6.008327554319919,11.202320725545498,15.716837207054327,17.50006180954352,16.041027238813477,11.979726286341188,6.9954973015613335,4.3677511115225665,5.897575075427953,7.40725250860247,8.197934538055742,9.560924691197052,11.925745384775109,14.340821652585452,15.952495797563545,16.648146227641273,0,Mammalian
10.6,14.575105858289138,20.785209511867766,24.48159007219204,24.391350617449618,20.877482605543058,15.315350153310812,9.528700710905897,5.266745506448076,4.0121444820424905,5.558932242221674,8.163230634254074,10.42324600102094,11.00564741951376,9.160195434864017,5.686726027317055,6.008327554319919,11.202320725545498,15.716837207054327,17.50006180954352,16.041027238813477,11.979726286341188,6.9954973015613335,4.3677511115225665,5.897575075427953,7.40725250860247,8.197934538055742,9.560924691197052,11.925745384775109,14.340821652585452,15.952495797563545,16.648146227641273,2,Yeast
11.699999999999998,11.414057896214633,10.39229418707888,8.32041974070117,5.102552119860087,1.8931830499795865,4.9194475268922275,9.374401612570516,12.94968696782709,15.030923485082717,15.42538920002113,14.302272880068992,12.059020507250368,9.111719495537821,5.709834312070988,1.9047607948549208,2.3086792761230397,6.782594066890179,11.182791373678707,15.051466283932191,17.960096129842135,19.623685340772063,19.929671077372458,18.881583596216128,16.513194949351544,12.854057841534734,7.998588076474465,2.4723320326360083,4.8019718113141785,10.970994693092358,16.274839303026322,19.842271431680818,2,Yeast
11.699999999999998,11.414057896214633,10.39229418707888,8.32041974070117,5.102552119860087,1.8931830499795865,4.9194475268922275,9.374401612570516,12.94968696782709,15.030923485082717,15.42538920002113,14.302272880068992,12.059020507250368,9.111719495537821,5.709834312070988,1.9047607948549208,2.3086792761230397,6.782594066890179,11.182791373678707,15.051466283932191,17.960096129842135,19.623685340772063,19.929671077372458,18.881583596216128,16.513194949351544,12.854057841534734,7.998588076474465,2.4723320326360083,4.8019718113141785,10.970994693092358,16.274839303026322,19.842271431680818,0,Mammalian
36.7,29.61345799096196,11.638862626927244,22.199122319238164,43.71723580192481,38.19786836492901,6.491388005757,22.076060738530053,14.571704084560427,26.720057562902575,45.17307114868885,33.47090144740448,33.80314015930715,16.88767250552821,18.829816365805645,23.310020538275882,12.701574705523724,9.048030701235094,18.35058143257282,8.658000946157559,26.091580798019272,33.912801761460386,14.893110604023931,0.8625032578407479,16.705850474369903,10.500042775406977,26.200144156312383,25.458830585992594,12.168008081422906,23.835841972175807,27.174883273843847,13.567572293950528,0,Mammalian
36.7,29.61345799096196,11.638862626927244,22.199122319238164,43.71723580192481,38.19786836492901,6.491388005757,22.076060738530053,14.571704084560427,26.720057562902575,45.17307114868885,33.47090144740448,33.80314015930715,16.88767250552821,18.829816365805645,23.310020538275882,12.701574705523724,9.048030701235094,18.35058143257282,8.658000946157559,26.091580798019272,33.912801761460386,14.893110604023931,0.8625032578407479,16.705850474369903,10.500042775406977,26.200144156312383,25.458830585992594,12.168008081422906,23.835841972175807,27.174883273843847,13.567572293950528,0,Yeast
36.7,29.61345799096196,11.638862626927244,22.199122319238164,43.71723580192481,38.19786836492901,6.491388005757,22.076060738530053,14.571704084560427,26.720057562902575,45.17307114868885,33.47090144740448,33.80314015930715,16.88767250552821,18.829816365805645,23.310020538275882,12.701574705523724,9.048030701235094,18.35058143257282,8.658000946157559,26.091580798019272,33.912801761460386,14.893110604023931,0.8625032578407479,16.705850474369903,10.500042775406977,26.200144156312383,25.458830585992594,12.168008081422906,23.835841972175807,27.174883273843847,13.567572293950528,0,E_coli
19.7,18.561712919423314,15.879263176834943,13.89478455539513,14.564294626192941,16.0942259999313,15.556021567786711,12.49667489043444,10.701502912853869,14.400989247743057,19.154831496553296,20.86422700966328,18.81102843588781,14.61836609891513,10.818410129822107,8.184420991894248,5.028916384272062,1.2567301660851498,4.4214322255062655,6.73863482600044,5.696035049558163,3.9892652239940514,8.72481393813126,14.08273016932552,15.980545529054384,13.236723511994999,7.897610631114644,8.982206872711647,15.399406350241966,18.888704244718333,17.081859725584067,10.284007664504117,0,Yeast
19.7,18.561712919423314,15.879263176834943,13.89478455539513,14.564294626192941,16.0942259999313,15.556021567786711,12.49667489043444,10.701502912853869,14.400989247743057,19.154831496553296,20.86422700966328,18.81102843588781,14.61836609891513,10.818410129822107,8.184420991894248,5.028916384272062,1.2567301660851498,4.4214322255062655,6.73863482600044,5.696035049558163,3.9892652239940514,8.72481393813126,14.08273016932552,15.980545529054384,13.236723511994999,7.897610631114644,8.982206872711647,15.399406350241966,18.888704244718333,17.081859725584067,10.284007664504117,0,E_coli
19.7,18.561712919423314,15.879263176834943,13.89478455539513,14.564294626192941,16.0942259999313,15.556021567786711,12.49667489043444,10.701502912853869,14.400989247743057,19.154831496553296,20.86422700966328,18.81102843588781,14.61836609891513,10.818410129822107,8.184420991894248,5.028916384272062,1.2567301660851498,4.4214322255062655,6.73863482600044,5.696035049558163,3.9892652239940514,8.72481393813126,14.08273016932552,15.980545529054384,13.236723511994999,7.897610631114644,8.982206872711647,15.399406350241966,18.888704244718333,17.081859725584067,10.284007664504117,0,Mammalian
25.5,24.19331853412301,20.870145127743598,17.358608641559325,15.833336517339985,15.882628575456657,14.831454330785062,11.801562190416396,10.252163538640415,13.953827978572924,18.50150453851738,20.14920146821682,18.527337113778657,15.691740643821365,14.05919911734945,13.12316916306056,10.705606008068855,6.526481427323585,2.942203836301366,2.837348243362198,1.5912859123721008,3.2307701015851373,9.213927293310567,14.02116389237614,15.110034506147626,11.555431501913311,5.977940030611819,9.70409418054732,17.042037535052966,20.582898568795187,18.458858799512697,11.166457969413429,0,Yeast
25.5,24.19331853412301,20.870145127743598,17.358608641559325,15.833336517339985,15.882628575456657,14.831454330785062,11.801562190416396,10.252163538640415,13.953827978572924,18.50150453851738,20.14920146821682,18.527337113778657,15.691740643821365,14.05919911734945,13.12316916306056,10.705606008068855,6.526481427323585,2.942203836301366,2.837348243362198,1.5912859123721008,3.2307701015851373,9.213927293310567,14.02116389237614,15.110034506147626,11.555431501913311,5.977940030611819,9.70409418054732,17.042037535052966,20.582898568795187,18.458858799512697,11.166457969413429,0,E_coli
25.5,24.19331853412301,20.870145127743598,17.358608641559325,15.833336517339985,15.882628575456657,14.831454330785062,11.801562190416396,10.252163538640415,13.953827978572924,18.50150453851738,20.14920146821682,18.527337113778657,15.691740643821365,14.05919911734945,13.12316916306056,10.705606008068855,6.526481427323585,2.942203836301366,2.837348243362198,1.5912859123721008,3.2307701015851373,9.213927293310567,14.02116389237614,15.110034506147626,11.555431501913311,5.977940030611819,9.70409418054732,17.042037535052966,20.582898568795187,18.458858799512697,11.166457969413429,0,Mammalian
20.3,19.79821754445089,18.353184949201026,16.145173295347444,13.475727176012645,10.779806818068007,8.63798769541233,7.622965985124661,7.742686540995591,8.29933571457267,8.594795116953295,8.26353694146279,7.210759591886883,5.553242991992235,3.7238433215525397,3.093325955580584,4.750789408087881,7.209704988067829,9.582498028540163,11.541486535348023,12.931943942421029,13.697504443715133,13.859669184492132,13.503174840318508,12.75895000099482,11.783865432167795,10.738147079463664,9.761924947417413,8.954024182219168,8.359538002011659,7.974067816222762,7.765196171054484,0,E_coli
20.3,19.79821754445089,18.353184949201026,16.145173295347444,13.475727176012645,10.779806818068007,8.63798769541233,7.622965985124661,7.742686540995591,8.29933571457267,8.594795116953295,8.26353694146279,7.210759591886883,5.553242991992235,3.7238433215525397,3.093325955580584,4.750789408087881,7.209704988067829,9.582498028540163,11.541486535348023,12.931943942421029,13.697504443715133,13.859669184492132,13.503174840318508,12.75895000099482,11.783865432167795,10.738147079463664,9.761924947417413,8.954024182219168,8.359538002011659,7.974067816222762,7.765196171054484,0,Yeast
20.3,19.79821754445089,18.353184949201026,16.145173295347444,13.475727176012645,10.779806818068007,8.63798769541233,7.622965985124661,7.742686540995591,8.29933571457267,8.594795116953295,8.26353694146279,7.210759591886883,5.553242991992235,3.7238433215525397,3.093325955580584,4.750789408087881,7.209704988067829,9.582498028540163,11.541486535348023,12.931943942421029,13.697504443715133,13.859669184492132,13.503174840318508,12.75895000099482,11.783865432167795,10.738147079463664,9.761924947417413,8.954024182219168,8.359538002011659,7.974067816222762,7.765196171054484,0,Mammalian
18.699999999999996,17.35638925975199,13.879861505515263,9.808178595317743,7.106933527034163,6.24499305429898,5.7530889310168165,6.071842325929749,8.512952397074312,11.330006862528174,12.198855666957874,9.792352139696385,4.020605131448472,4.247376278890506,12.641056464438362,19.033512468106725,21.374049686477292,18.570245042126494,10.803040218794333,0.9106856365012596,13.143740677400912,24.374333763679772,32.06735345621561,34.907989099266565,32.743696209883616,26.523802810017898,17.971154527237815,9.12023382264566,2.3766176016609584,4.286471738383677,6.54673915186228,7.006449877575874,0,Mammalian
18.699999999999996,17.35638925975199,13.879861505515263,9.808178595317743,7.106933527034163,6.24499305429898,5.7530889310168165,6.071842325929749,8.512952397074312,11.330006862528174,12.198855666957874,9.792352139696385,4.020605131448472,4.247376278890506,12.641056464438362,19.033512468106725,21.374049686477292,18.570245042126494,10.803040218794333,0.9106856365012596,13.143740677400912,24.374333763679772,32.06735345621561,34.907989099266565,32.743696209883616,26.523802810017898,17.971154527237815,9.12023382264566,2.3766176016609584,4.286471738383677,6.54673915186228,7.006449877575874,0,Yeast
18.699999999999996,17.35638925975199,13.879861505515263,9.808178595317743,7.106933527034163,6.24499305429898,5.7530889310168165,6.071842325929749,8.512952397074312,11.330006862528174,12.198855666957874,9.792352139696385,4.020605131448472,4.247376278890506,12.641056464438362,19.033512468106725,21.374049686477292,18.570245042126494,10.803040218794333,0.9106856365012596,13.143740677400912,24.374333763679772,32.06735345621561,34.907989099266565,32.743696209883616,26.523802810017898,17.971154527237815,9.12023382264566,2.3766176016609584,4.286471738383677,6.54673915186228,7.006449877575874,0,E_coli
20.299999999999997,19.481543520443378,17.19964471440389,13.970014772803268,10.677257512126872,8.647247323000032,8.94890691007801,10.849499607684383,13.013496487680902,14.707135309016179,15.539874996136751,15.240939021565833,13.679475655242323,11.05757372583898,8.384971762524632,8.097156882355796,11.047624178980744,14.790914233963566,17.485064067490327,18.192492857366616,16.530637368056503,12.598065155955464,6.976574438256663,2.281933815029845,7.436995977215317,13.261867893766917,17.537450765410252,19.685164667423585,19.519378730461092,17.19365905919589,13.17617489156768,8.384540300991798,0,E_coli
20.299999999999997,19.481543520443378,17.19964471440389,13.970014772803268,10.677257512126872,8.647247323000032,8.94890691007801,10.849499607684383,13.013496487680902,14.707135309016179,15.539874996136751,15.240939021565833,13.679475655242323,11.05757372583898,8.384971762524632,8.097156882355796,11.047624178980744,14.790914233963566,17.485064067490327,18.192492857366616,16.530637368056503,12.598065155955464,6.976574438256663,2.281933815029845,7.436995977215317,13.261867893766917,17.537450765410252,19.685164667423585,19.519378730461092,17.19365905919589,13.17617489156768,8.384540300991798,0,Yeast
20.299999999999997,19.481543520443378,17.19964471440389,13.970014772803268,10.677257512126872,8.647247323000032,8.94890691007801,10.849499607684383,13.013496487680902,14.707135309016179,15.539874996136751,15.240939021565833,13.679475655242323,11.05757372583898,8.384971762524632,8.097156882355796,11.047624178980744,14.790914233963566,17.485064067490327,18.192492857366616,16.530637368056503,12.598065155955464,6.976574438256663,2.281933815029845,7.436995977215317,13.261867893766917,17.537450765410252,19.685164667423585,19.519378730461092,17.19365905919589,13.17617489156768,8.384540300991798,0,Mammalian
4.000000000000002,7.295465308499259,15.201769281971258,16.411773160649304,14.22113664420214,21.35383265522248,34.438144095443405,39.39952004246644,25.639189928690495,3.147127441765661,10.389549847157415,15.739163028225478,18.609259901966393,25.574769247611,35.37502699861726,26.932076827431885,20.04894012161241,26.880216194693496,29.53760189693863,29.788929799053978,9.751584544971504,26.619802535636435,33.20938514613719,14.76543015481883,5.701924219115495,15.137148143012935,36.902869709427115,34.706575286840305,13.87808766762445,20.852494468115996,20.30640737260682,10.858451418775953,0,Mammalian
4.000000000000002,7.295465308499259,15.201769281971258,16.411773160649304,14.22113664420214,21.35383265522248,34.438144095443405,39.39952004246644,25.639189928690495,3.147127441765661,10.389549847157415,15.739163028225478,18.609259901966393,25.574769247611,35.37502699861726,26.932076827431885,20.04894012161241,26.880216194693496,29.53760189693863,29.788929799053978,9.751584544971504,26.619802535636435,33.20938514613719,14.76543015481883,5.701924219115495,15.137148143012935,36.902869709427115,34.706575286840305,13.87808766762445,20.852494468115996,20.30640737260682,10.858451418775953,0,Yeast
4.000000000000002,7.295465308499259,15.201769281971258,16.411773160649304,14.22113664420214,21.35383265522248,34.438144095443405,39.39952004246644,25.639189928690495,3.147127441765661,10.389549847157415,15.739163028225478,18.609259901966393,25.574769247611,35.37502699861726,26.932076827431885,20.04894012161241,26.880216194693496,29.53760189693863,29.788929799053978,9.751584544971504,26.619802535636435,33.20938514613719,14.76543015481883,5.701924219115495,15.137148143012935,36.902869709427115,34.706575286840305,13.87808766762445,20.852494468115996,20.30640737260682,10.858451418775953,0,E_coli
18.1,17.528713421780125,15.891932667428653,13.431762323828872,10.609449305282434,8.26568468114439,7.64561362011576,9.064895217345454,11.323187144384082,13.394195972174844,14.793668816073815,15.347272206240456,15.078606370132158,14.171466845845867,12.952900829740745,11.859161470151026,11.31591799192624,11.5026496248316,12.222487626791043,13.080672707847615,13.72698953159878,13.949609341802718,13.671142284060434,12.919928532552738,11.80023020509579,10.464806327400114,9.089279641081522,7.845752806405974,6.87058758568942,6.2261982392749395,5.8801744862866725,5.735853102338898,0,E_coli
18.1,17.528713421780125,15.891932667428653,13.431762323828872,10.609449305282434,8.26568468114439,7.64561362011576,9.064895217345454,11.323187144384082,13.394195972174844,14.793668816073815,15.347272206240456,15.078606370132158,14.171466845845867,12.952900829740745,11.859161470151026,11.31591799192624,11.5026496248316,12.222487626791043,13.080672707847615,13.72698953159878,13.949609341802718,13.671142284060434,12.919928532552738,11.80023020509579,10.464806327400114,9.089279641081522,7.845752806405974,6.87058758568942,6.2261982392749395,5.8801744862866725,5.735853102338898,0,Yeast
18.1,17.528713421780125,15.891932667428653,13.431762323828872,10.609449305282434,8.26568468114439,7.64561362011576,9.064895217345454,11.323187144384082,13.394195972174844,14.793668816073815,15.347272206240456,15.078606370132158,14.171466845845867,12.952900829740745,11.859161470151026,11.31591799192624,11.5026496248316,12.222487626791043,13.080672707847615,13.72698953159878,13.949609341802718,13.671142284060434,12.919928532552738,11.80023020509579,10.464806327400114,9.089279641081522,7.845752806405974,6.87058758568942,6.2261982392749395,5.8801744862866725,5.735853102338898,0,Mammalian
16.6,16.029167202053934,14.39517917644608,11.948482113843268,9.188876528934143,7.106102208751327,7.11254457936999,9.103119366078753,11.62800536002471,13.779101186088136,15.155934083412982,15.615057587864015,15.1855163862221,14.043659058025435,12.506736194623786,11.024648501409278,10.104454463255303,10.055251692053579,10.725062415112925,11.658048344151911,12.438105910885383,12.821262772989385,12.72119709890959,12.16867707453012,11.276058324930599,10.20660281261266,9.143744785870167,8.254215760754656,7.643177452433084,7.319546109552179,7.205959322346643,7.19395463081781,0,E_coli
16.6,16.029167202053934,14.39517917644608,11.948482113843268,9.188876528934143,7.106102208751327,7.11254457936999,9.103119366078753,11.62800536002471,13.779101186088136,15.155934083412982,15.615057587864015,15.1855163862221,14.043659058025435,12.506736194623786,11.024648501409278,10.104454463255303,10.055251692053579,10.725062415112925,11.658048344151911,12.438105910885383,12.821262772989385,12.72119709890959,12.16867707453012,11.276058324930599,10.20660281261266,9.143744785870167,8.254215760754656,7.643177452433084,7.319546109552179,7.205959322346643,7.19395463081781,0,Yeast
16.6,16.029167202053934,14.39517917644608,11.948482113843268,9.188876528934143,7.106102208751327,7.11254457936999,9.103119366078753,11.62800536002471,13.779101186088136,15.155934083412982,15.615057587864015,15.1855163862221,14.043659058025435,12.506736194623786,11.024648501409278,10.104454463255303,10.055251692053579,10.725062415112925,11.658048344151911,12.438105910885383,12.821262772989385,12.72119709890959,12.16867707453012,11.276058324930599,10.20660281261266,9.143744785870167,8.254215760754656,7.643177452433084,7.319546109552179,7.205959322346643,7.19395463081781,0,Mammalian
11.499999999999998,11.229755715127798,10.257600405713973,8.272573911682313,5.1790166150218315,2.083852530159224,4.802874980234762,9.179022589845475,12.763880543633853,14.911742418576782,15.403276819008978,14.37882646385794,12.212257239370935,9.306146647257263,5.90521636993278,2.0654090838130217,2.2561028345356964,6.829039284224021,11.328566328119743,15.249917890984646,18.130994190305596,19.685945726714902,19.84731432316978,18.695718229591446,16.329830172657804,12.78503697369819,8.094087544632204,2.669839309434275,4.602782820410369,10.839589598456502,16.289105396820027,19.989376936758102,0,Mammalian
11.499999999999998,11.229755715127798,10.257600405713973,8.272573911682313,5.1790166150218315,2.083852530159224,4.802874980234762,9.179022589845475,12.763880543633853,14.911742418576782,15.403276819008978,14.37882646385794,12.212257239370935,9.306146647257263,5.90521636993278,2.0654090838130217,2.2561028345356964,6.829039284224021,11.328566328119743,15.249917890984646,18.130994190305596,19.685945726714902,19.84731432316978,18.695718229591446,16.329830172657804,12.78503697369819,8.094087544632204,2.669839309434275,4.602782820410369,10.839589598456502,16.289105396820027,19.989376936758102,0,E_coli
11.499999999999998,11.229755715127798,10.257600405713973,8.272573911682313,5.1790166150218315,2.083852530159224,4.802874980234762,9.179022589845475,12.763880543633853,14.911742418576782,15.403276819008978,14.37882646385794,12.212257239370935,9.306146647257263,5.90521636993278,2.0654090838130217,2.2561028345356964,6.829039284224021,11.328566328119743,15.249917890984646,18.130994190305596,19.685945726714902,19.84731432316978,18.695718229591446,16.329830172657804,12.78503697369819,8.094087544632204,2.669839309434275,4.602782820410369,10.839589598456502,16.289105396820027,19.989376936758102,0,Yeast
39.3,37.265469956040036,31.681585932839326,23.974390279755234,16.120381158476498,10.112525808471062,6.856677859579281,4.818321361094933,2.159816029419903,1.7813217895231146,5.0153065532785925,7.11312437669799,7.358298350907204,5.934622830329996,4.280716770117181,4.975604953790582,7.116881339463233,8.679665725692953,9.299194530071244,9.536478519261536,10.06358814525153,10.85315427215661,11.38387260944649,11.489815281216611,11.706203258061977,12.713246761684298,14.3442253438405,15.642601849421164,15.675233661008857,13.955726840496078,10.486222885751655,5.667463470871712,0,Mammalian
39.3,37.265469956040036,31.681585932839326,23.974390279755234,16.120381158476498,10.112525808471062,6.856677859579281,4.818321361094933,2.159816029419903,1.7813217895231146,5.0153065532785925,7.11312437669799,7.358298350907204,5.934622830329996,4.280716770117181,4.975604953790582,7.116881339463233,8.679665725692953,9.299194530071244,9.536478519261536,10.06358814525153,10.85315427215661,11.38387260944649,11.489815281216611,11.706203258061977,12.713246761684298,14.3442253438405,15.642601849421164,15.675233661008857,13.955726840496078,10.486222885751655,5.667463470871712,0,Yeast
39.3,37.265469956040036,31.681585932839326,23.974390279755234,16.120381158476498,10.112525808471062,6.856677859579281,4.818321361094933,2.159816029419903,1.7813217895231146,5.0153065532785925,7.11312437669799,7.358298350907204,5.934622830329996,4.280716770117181,4.975604953790582,7.116881339463233,8.679665725692953,9.299194530071244,9.536478519261536,10.06358814525153,10.85315427215661,11.38387260944649,11.489815281216611,11.706203258061977,12.713246761684298,14.3442253438405,15.642601849421164,15.675233661008857,13.955726840496078,10.486222885751655,5.667463470871712,0,E_coli
20.7,18.79635458601669,13.338074254205596,5.591262860829991,1.7668517352019493,5.689096178155821,5.732212616457738,8.10046911766537,14.282744107256423,18.187720425654884,16.907950522292733,11.000756709381204,4.545337300160051,7.146982561169534,10.796950965606587,10.401448419508489,6.435060217278467,7.5139487702026875,15.438365051695266,21.41376041710915,22.795683864904625,20.397069837894197,17.21680433798002,15.505094067408256,14.944671985916319,14.167716750300249,11.274924682231767,4.806548964398771,5.281566141298844,14.180710798112976,19.037310183408685,18.933448610747767,0,Yeast
20.7,18.79635458601669,13.338074254205596,5.591262860829991,1.7668517352019493,5.689096178155821,5.732212616457738,8.10046911766537,14.282744107256423,18.187720425654884,16.907950522292733,11.000756709381204,4.545337300160051,7.146982561169534,10.796950965606587,10.401448419508489,6.435060217278467,7.5139487702026875,15.438365051695266,21.41376041710915,22.795683864904625,20.397069837894197,17.21680433798002,15.505094067408256,14.944671985916319,14.167716750300249,11.274924682231767,4.806548964398771,5.281566141298844,14.180710798112976,19.037310183408685,18.933448610747767,0,Mammalian
20.7,18.79635458601669,13.338074254205596,5.591262860829991,1.7668517352019493,5.689096178155821,5.732212616457738,8.10046911766537,14.282744107256423,18.187720425654884,16.907950522292733,11.000756709381204,4.545337300160051,7.146982561169534,10.796950965606587,10.401448419508489,6.435060217278467,7.5139487702026875,15.438365051695266,21.41376041710915,22.795683864904625,20.397069837894197,17.21680433798002,15.505094067408256,14.944671985916319,14.167716750300249,11.274924682231767,4.806548964398771,5.281566141298844,14.180710798112976,19.037310183408685,18.933448610747767,0,E_coli
68.4,65.86204915771202,56.7713580041609,39.671690122997795,17.584021898247897,8.333500070548224,19.635013546655312,20.91590903641224,12.823740606333741,4.966121993215182,10.72355995949973,12.658485240228092,8.652657003871079,2.943297230402828,3.6108544001037948,4.517065015541745,4.123105625617662,4.494058546857471,3.4530541591997457,0.21480756750508492,4.2643062267539085,6.347213177441016,4.7579281336623955,0.34866821120227326,4.506847774383673,6.822509056618303,5.7256723133768945,3.555644976071869,5.2220104423265035,7.008819656519995,6.345183928830608,3.635152673660897,0,Mammalian
68.4,65.86204915771202,56.7713580041609,39.671690122997795,17.584021898247897,8.333500070548224,19.635013546655312,20.91590903641224,12.823740606333741,4.966121993215182,10.72355995949973,12.658485240228092,8.652657003871079,2.943297230402828,3.6108544001037948,4.517065015541745,4.123105625617662,4.494058546857471,3.4530541591997457,0.21480756750508492,4.2643062267539085,6.347213177441016,4.7579281336623955,0.34866821120227326,4.506847774383673,6.822509056618303,5.7256723133768945,3.555644976071869,5.2220104423265035,7.008819656519995,6.345183928830608,3.635152673660897,0,E_coli
68.4,65.86204915771202,56.7713580041609,39.671690122997795,17.584021898247897,8.333500070548224,19.635013546655312,20.91590903641224,12.823740606333741,4.966121993215182,10.72355995949973,12.658485240228092,8.652657003871079,2.943297230402828,3.6108544001037948,4.517065015541745,4.123105625617662,4.494058546857471,3.4530541591997457,0.21480756750508492,4.2643062267539085,6.347213177441016,4.7579281336623955,0.34866821120227326,4.506847774383673,6.822509056618303,5.7256723133768945,3.555644976071869,5.2220104423265035,7.008819656519995,6.345183928830608,3.635152673660897,0,Yeast
21.7,22.640253758881776,24.89625710416887,27.29383494854156,28.76184696489222,28.58317065728522,26.426840559509078,22.344643066364444,16.744169965792462,10.31669900928572,3.913933379127894,1.638659479708237,5.636550705792941,7.783946164127561,8.214273147292575,7.621447152118752,7.18679344353238,7.729521317475545,8.685632803179503,8.981191579864326,8.004726561480723,5.7677660129004025,3.23216275544913,3.8952799214201486,6.963675190346954,9.562747093888568,10.897631153068984,10.784529606484808,9.42283439231903,7.287650876648108,4.983960713439019,3.1047235753327924,0,E_coli
21.7,22.640253758881776,24.89625710416887,27.29383494854156,28.76184696489222,28.58317065728522,26.426840559509078,22.344643066364444,16.744169965792462,10.31669900928572,3.913933379127894,1.638659479708237,5.636550705792941,7.783946164127561,8.214273147292575,7.621447152118752,7.18679344353238,7.729521317475545,8.685632803179503,8.981191579864326,8.004726561480723,5.7677660129004025,3.23216275544913,3.8952799214201486,6.963675190346954,9.562747093888568,10.897631153068984,10.784529606484808,9.42283439231903,7.287650876648108,4.983960713439019,3.1047235753327924,0,Mammalian
21.7,22.640253758881776,24.89625710416887,27.29383494854156,28.76184696489222,28.58317065728522,26.426840559509078,22.344643066364444,16.744169965792462,10.31669900928572,3.913933379127894,1.638659479708237,5.636550705792941,7.783946164127561,8.214273147292575,7.621447152118752,7.18679344353238,7.729521317475545,8.685632803179503,8.981191579864326,8.004726561480723,5.7677660129004025,3.23216275544913,3.8952799214201486,6.963675190346954,9.562747093888568,10.897631153068984,10.784529606484808,9.42283439231903,7.287650876648108,4.983960713439019,3.1047235753327924,0,Yeast
49.0,48.01271741551514,43.58448066089566,33.49301212900881,18.219219855315956,7.284997741532321,18.817301178555308,27.35505177872338,27.722214244579792,21.130003326448406,11.536646134873047,5.268292588094527,6.964021952497391,7.853844073860203,6.8611236800088635,6.2806425044689105,7.0710678118654755,9.155365879021343,12.157919620316463,14.423180270630143,14.270353281714879,11.489368703234305,8.153819183184407,7.955704340637687,9.863003466369515,10.77875287199251,10.635726689176776,10.536049743195772,10.541320758038086,9.845154509402006,8.332739088012111,6.814775666544085,0,E_coli
49.0,48.01271741551514,43.58448066089566,33.49301212900881,18.219219855315956,7.284997741532321,18.817301178555308,27.35505177872338,27.722214244579792,21.130003326448406,11.536646134873047,5.268292588094527,6.964021952497391,7.853844073860203,6.8611236800088635,6.2806425044689105,7.0710678118654755,9.155365879021343,12.157919620316463,14.423180270630143,14.270353281714879,11.489368703234305,8.153819183184407,7.955704340637687,9.863003466369515,10.77875287199251,10.635726689176776,10.536049743195772,10.541320758038086,9.845154509402006,8.332739088012111,6.814775666544085,0,Mammalian
49.0,48.01271741551514,43.58448066089566,33.49301212900881,18.219219855315956,7.284997741532321,18.817301178555308,27.35505177872338,27.722214244579792,21.130003326448406,11.536646134873047,5.268292588094527,6.964021952497391,7.853844073860203,6.8611236800088635,6.2806425044689105,7.0710678118654755,9.155365879021343,12.157919620316463,14.423180270630143,14.270353281714879,11.489368703234305,8.153819183184407,7.955704340637687,9.863003466369515,10.77875287199251,10.635726689176776,10.536049743195772,10.541320758038086,9.845154509402006,8.332739088012111,6.814775666544085,0,Yeast
54.400000000000006,52.72877377560893,46.14143228524491,32.568525682821836,13.532342572626455,9.512409535844068,24.088618280687918,30.008966429056105,26.31695950225784,16.55437695873502,6.16756962922455,0.35969359462930994,1.9613163783860206,3.9055808187954844,8.0479025587377,11.016676308365513,12.44025723206719,13.698436686189467,14.704381054928994,13.796194821084528,10.45830828795383,6.1348159553573325,3.0369180564380858,3.0909683318511214,6.765917717244321,11.659721184107092,15.217382972851073,15.705823778055164,13.034290556646058,8.626159101931954,4.419118377539212,1.714999868536789,0,Mammalian
54.400000000000006,52.72877377560893,46.14143228524491,32.568525682821836,13.532342572626455,9.512409535844068,24.088618280687918,30.008966429056105,26.31695950225784,16.55437695873502,6.16756962922455,0.35969359462930994,1.9613163783860206,3.9055808187954844,8.0479025587377,11.016676308365513,12.44025723206719,13.698436686189467,14.704381054928994,13.796194821084528,10.45830828795383,6.1348159553573325,3.0369180564380858,3.0909683318511214,6.765917717244321,11.659721184107092,15.217382972851073,15.705823778055164,13.034290556646058,8.626159101931954,4.419118377539212,1.714999868536789,0,E_coli
54.400000000000006,52.72877377560893,46.14143228524491,32.568525682821836,13.532342572626455,9.512409535844068,24.088618280687918,30.008966429056105,26.31695950225784,16.55437695873502,6.16756962922455,0.35969359462930994,1.9613163783860206,3.9055808187954844,8.0479025587377,11.016676308365513,12.44025723206719,13.698436686189467,14.704381054928994,13.796194821084528,10.45830828795383,6.1348159553573325,3.0369180564380858,3.0909683318511214,6.765917717244321,11.659721184107092,15.217382972851073,15.705823778055164,13.034290556646058,8.626159101931954,4.419118377539212,1.714999868536789,0,Yeast
59.8,57.318252498124565,48.25662847685894,30.94586232500619,8.344042822109449,14.671177905235247,28.178180453964362,29.99231095988108,22.14563940484162,11.38609684318252,6.219286763171057,5.18317844177423,3.705569641916974,8.730781566338747,13.22385688297784,14.277255881166486,13.157507362718825,11.800986173927797,10.170980861274536,8.60268239820632,8.841952120434255,9.337651187201752,8.249717424238538,8.471618040398257,11.82922885697652,14.173808748712844,13.34693742494008,10.563452561470552,8.703193994830594,8.380831427740851,7.787850008874644,6.724808876323318,0,E_coli
59.8,57.318252498124565,48.25662847685894,30.94586232500619,8.344042822109449,14.671177905235247,28.178180453964362,29.99231095988108,22.14563940484162,11.38609684318252,6.219286763171057,5.18317844177423,3.705569641916974,8.730781566338747,13.22385688297784,14.277255881166486,13.157507362718825,11.800986173927797,10.170980861274536,8.60268239820632,8.841952120434255,9.337651187201752,8.249717424238538,8.471618040398257,11.82922885697652,14.173808748712844,13.34693742494008,10.563452561470552,8.703193994830594,8.380831427740851,7.787850008874644,6.724808876323318,0,Mammalian
59.8,57.318252498124565,48.25662847685894,30.94586232500619,8.344042822109449,14.671177905235247,28.178180453964362,29.99231095988108,22.14563940484162,11.38609684318252,6.219286763171057,5.18317844177423,3.705569641916974,8.730781566338747,13.22385688297784,14.277255881166486,13.157507362718825,11.800986173927797,10.170980861274536,8.60268239820632,8.841952120434255,9.337651187201752,8.249717424238538,8.471618040398257,11.82922885697652,14.173808748712844,13.34693742494008,10.563452561470552,8.703193994830594,8.380831427740851,7.787850008874644,6.724808876323318,0,Yeast
64.9,61.518693900622196,49.80362938031508,28.76639480999416,3.251078399595566,19.65209400579425,30.241980889696315,27.436618983635327,17.047417271751478,10.85928639492376,11.295850257323018,8.67365217380878,7.84324223719335,12.327971410183498,14.042882598033522,11.84102252727708,8.523496934944017,6.973731412971401,8.880958811725497,12.368154270833553,13.719687771864049,11.430807145641147,7.672450015949836,6.814744321022269,7.8285097153155165,9.26635019150018,12.19232497652046,14.386198119185483,13.527904785699574,9.874993634200045,5.483757901434422,2.3011367168746655,0,E_coli
64.9,61.518693900622196,49.80362938031508,28.76639480999416,3.251078399595566,19.65209400579425,30.241980889696315,27.436618983635327,17.047417271751478,10.85928639492376,11.295850257323018,8.67365217380878,7.84324223719335,12.327971410183498,14.042882598033522,11.84102252727708,8.523496934944017,6.973731412971401,8.880958811725497,12.368154270833553,13.719687771864049,11.430807145641147,7.672450015949836,6.814744321022269,7.8285097153155165,9.26635019150018,12.19232497652046,14.386198119185483,13.527904785699574,9.874993634200045,5.483757901434422,2.3011367168746655,0,Mammalian
64.9,61.518693900622196,49.80362938031508,28.76639480999416,3.251078399595566,19.65209400579425,30.241980889696315,27.436618983635327,17.047417271751478,10.85928639492376,11.295850257323018,8.67365217380878,7.84324223719335,12.327971410183498,14.042882598033522,11.84102252727708,8.523496934944017,6.973731412971401,8.880958811725497,12.368154270833553,13.719687771864049,11.430807145641147,7.672450015949836,6.814744321022269,7.8285097153155165,9.26635019150018,12.19232497652046,14.386198119185483,13.527904785699574,9.874993634200045,5.483757901434422,2.3011367168746655,0,Yeast
44.9,44.966494715721566,43.41010823484782,37.17370057624527,25.18108951841113,9.6787174266208,7.632263335044317,17.764248220820747,20.503101156469874,15.742402109518343,8.740849680106365,11.86101551543826,18.265243459046985,20.549175966130182,18.8247541950736,15.069705304095285,10.404326023342406,5.511429433361903,6.894725462699861,12.51518943374782,15.494509614133154,14.284132932404052,10.275318973299399,6.883398485490731,5.377996185157035,2.498807981555476,3.9000121750549335,10.501803744360746,15.3079647198784,16.35703267142002,13.501397024513942,8.115713041318216,0,Yeast
44.9,44.966494715721566,43.41010823484782,37.17370057624527,25.18108951841113,9.6787174266208,7.632263335044317,17.764248220820747,20.503101156469874,15.742402109518343,8.740849680106365,11.86101551543826,18.265243459046985,20.549175966130182,18.8247541950736,15.069705304095285,10.404326023342406,5.511429433361903,6.894725462699861,12.51518943374782,15.494509614133154,14.284132932404052,10.275318973299399,6.883398485490731,5.377996185157035,2.498807981555476,3.9000121750549335,10.501803744360746,15.3079647198784,16.35703267142002,13.501397024513942,8.115713041318216,0,E_coli
44.9,44.966494715721566,43.41010823484782,37.17370057624527,25.18108951841113,9.6787174266208,7.632263335044317,17.764248220820747,20.503101156469874,15.742402109518343,8.740849680106365,11.86101551543826,18.265243459046985,20.549175966130182,18.8247541950736,15.069705304095285,10.404326023342406,5.511429433361903,6.894725462699861,12.51518943374782,15.494509614133154,14.284132932404052,10.275318973299399,6.883398485490731,5.377996185157035,2.498807981555476,3.9000121750549335,10.501803744360746,15.3079647198784,16.35703267142002,13.501397024513942,8.115713041318216,0,Mammalian
41.4,41.73182101222749,41.71990212870577,39.398834627613546,33.53511142397135,24.39408183244977,13.793174326689126,6.495842331772285,9.887180177131825,13.914255738763746,14.369857793927128,11.54182808163171,6.887911679724815,2.4486757424648005,2.327465654469363,3.5365313129315123,3.405877273185282,3.479038558971632,4.6534751730999195,5.455745938058845,4.798689343311013,2.632050486532006,1.45642567083179,4.362478385669532,6.6002778839175775,7.221988213864597,6.1337847341350695,3.929156360334256,2.359142865646317,3.6211091838069973,5.311202960566426,6.300855373865913,0,Mammalian
41.4,41.73182101222749,41.71990212870577,39.398834627613546,33.53511142397135,24.39408183244977,13.793174326689126,6.495842331772285,9.887180177131825,13.914255738763746,14.369857793927128,11.54182808163171,6.887911679724815,2.4486757424648005,2.327465654469363,3.5365313129315123,3.405877273185282,3.479038558971632,4.6534751730999195,5.455745938058845,4.798689343311013,2.632050486532006,1.45642567083179,4.362478385669532,6.6002778839175775,7.221988213864597,6.1337847341350695,3.929156360334256,2.359142865646317,3.6211091838069973,5.311202960566426,6.300855373865913,0,Yeast
41.4,41.73182101222749,41.71990212870577,39.398834627613546,33.53511142397135,24.39408183244977,13.793174326689126,6.495842331772285,9.887180177131825,13.914255738763746,14.369857793927128,11.54182808163171,6.887911679724815,2.4486757424648005,2.327465654469363,3.5365313129315123,3.405877273185282,3.479038558971632,4.6534751730999195,5.455745938058845,4.798689343311013,2.632050486532006,1.45642567083179,4.362478385669532,6.6002778839175775,7.221988213864597,6.1337847341350695,3.929156360334256,2.359142865646317,3.6211091838069973,5.311202960566426,6.300855373865913,0,E_coli
46.8,46.797834336912636,45.64132235304517,41.19677289934011,32.45740370042789,20.475671461632274,8.839410694853914,8.632739974491,14.39082900645037,15.927947691547994,12.889050155469443,6.9985023693569985,0.6397304396106573,4.117777503485708,6.245684176825573,6.078639310210919,5.110772935672258,4.669648285567572,4.072431791925292,2.221755023947292,1.6734191127468339,5.057014213926898,7.674665663542315,8.382026781120707,6.978828018163699,4.288984117201614,2.881815399278034,4.435517750431737,5.580981854940851,5.296210912633082,3.9253374305542015,2.221295467298907,0,Mammalian
46.8,46.797834336912636,45.64132235304517,41.19677289934011,32.45740370042789,20.475671461632274,8.839410694853914,8.632739974491,14.39082900645037,15.927947691547994,12.889050155469443,6.9985023693569985,0.6397304396106573,4.117777503485708,6.245684176825573,6.078639310210919,5.110772935672258,4.669648285567572,4.072431791925292,2.221755023947292,1.6734191127468339,5.057014213926898,7.674665663542315,8.382026781120707,6.978828018163699,4.288984117201614,2.881815399278034,4.435517750431737,5.580981854940851,5.296210912633082,3.9253374305542015,2.221295467298907,0,E_coli
46.8,46.797834336912636,45.64132235304517,41.19677289934011,32.45740370042789,20.475671461632274,8.839410694853914,8.632739974491,14.39082900645037,15.927947691547994,12.889050155469443,6.9985023693569985,0.6397304396106573,4.117777503485708,6.245684176825573,6.078639310210919,5.110772935672258,4.669648285567572,4.072431791925292,2.221755023947292,1.6734191127468339,5.057014213926898,7.674665663542315,8.382026781120707,6.978828018163699,4.288984117201614,2.881815399278034,4.435517750431737,5.580981854940851,5.296210912633082,3.9253374305542015,2.221295467298907,0,Yeast
51.2,50.29497881285042,45.9267626407798,35.442927024980676,18.764847153710175,2.2419504559646892,17.37988773975517,25.685925974971347,24.10490264655677,15.756001416124066,11.040346555284856,16.00707512414984,18.932396488240553,17.368590010895968,14.322146905512993,11.733422310592228,8.07217442824423,2.6905932734651925,3.008512434848558,6.626153302974229,9.710333731840294,13.975745806230224,17.242587635092626,16.45171204911615,11.611790060107895,8.785926177985457,12.938467535999497,16.01725961973059,14.871257288011542,10.800723783626706,6.454216748955257,3.532067894526522,0,E_coli
51.2,50.29497881285042,45.9267626407798,35.442927024980676,18.764847153710175,2.2419504559646892,17.37988773975517,25.685925974971347,24.10490264655677,15.756001416124066,11.040346555284856,16.00707512414984,18.932396488240553,17.368590010895968,14.322146905512993,11.733422310592228,8.07217442824423,2.6905932734651925,3.008512434848558,6.626153302974229,9.710333731840294,13.975745806230224,17.242587635092626,16.45171204911615,11.611790060107895,8.785926177985457,12.938467535999497,16.01725961973059,14.871257288011542,10.800723783626706,6.454216748955257,3.532067894526522,0,Mammalian
51.2,50.29497881285042,45.9267626407798,35.442927024980676,18.764847153710175,2.2419504559646892,17.37988773975517,25.685925974971347,24.10490264655677,15.756001416124066,11.040346555284856,16.00707512414984,18.932396488240553,17.368590010895968,14.322146905512993,11.733422310592228,8.07217442824423,2.6905932734651925,3.008512434848558,6.626153302974229,9.710333731840294,13.975745806230224,17.242587635092626,16.45171204911615,11.611790060107895,8.785926177985457,12.938467535999497,16.01725961973059,14.871257288011542,10.800723783626706,6.454216748955257,3.532067894526522,0,Yeast
20.1,20.14981540375955,18.36159235338423,12.175610925028396,8.662785384215011,19.06215488191005,26.29019254654827,23.370664354006532,13.674552475729127,15.598493873747246,23.112932939553723,21.72651082233678,14.89707906184939,15.937598337432753,20.051820259014317,19.24967357360682,17.990275150758535,18.168299529516165,13.629004243790499,3.169501132511592,8.403359676863058,13.73796562970816,11.820261365470435,12.558146829488228,19.669941906079192,21.892439902162923,15.35083411999517,3.927995023449296,12.692388701631828,22.738758218297498,27.263860580272468,27.6120207132237,0,Mammalian
20.1,20.14981540375955,18.36159235338423,12.175610925028396,8.662785384215011,19.06215488191005,26.29019254654827,23.370664354006532,13.674552475729127,15.598493873747246,23.112932939553723,21.72651082233678,14.89707906184939,15.937598337432753,20.051820259014317,19.24967357360682,17.990275150758535,18.168299529516165,13.629004243790499,3.169501132511592,8.403359676863058,13.73796562970816,11.820261365470435,12.558146829488228,19.669941906079192,21.892439902162923,15.35083411999517,3.927995023449296,12.692388701631828,22.738758218297498,27.263860580272468,27.6120207132237,0,Yeast
20.1,20.14981540375955,18.36159235338423,12.175610925028396,8.662785384215011,19.06215488191005,26.29019254654827,23.370664354006532,13.674552475729127,15.598493873747246,23.112932939553723,21.72651082233678,14.89707906184939,15.937598337432753,20.051820259014317,19.24967357360682,17.990275150758535,18.168299529516165,13.629004243790499,3.169501132511592,8.403359676863058,13.73796562970816,11.820261365470435,12.558146829488228,19.669941906079192,21.892439902162923,15.35083411999517,3.927995023449296,12.692388701631828,22.738758218297498,27.263860580272468,27.6120207132237,0,E_coli
21.1,19.26837108282034,14.172095687260166,6.908280412264362,0.9987574864258624,7.972932149441759,12.77473260643576,14.810974337673118,14.307321859375804,12.320196273574735,10.466374768969363,9.807410353102139,9.5672476439243,8.307211527701558,5.507491326622384,2.7637085609719483,5.7140178508646615,10.21369048150908,13.629516065396276,15.236256415987619,14.946665366147185,13.211751835653123,10.904548835383537,9.088718524711089,8.454616562105416,8.728361460762283,9.224774377217363,9.605575736200707,9.840094025747394,9.959131842281971,9.97552471588057,9.929687173333864,0,Yeast
21.1,19.26837108282034,14.172095687260166,6.908280412264362,0.9987574864258624,7.972932149441759,12.77473260643576,14.810974337673118,14.307321859375804,12.320196273574735,10.466374768969363,9.807410353102139,9.5672476439243,8.307211527701558,5.507491326622384,2.7637085609719483,5.7140178508646615,10.21369048150908,13.629516065396276,15.236256415987619,14.946665366147185,13.211751835653123,10.904548835383537,9.088718524711089,8.454616562105416,8.728361460762283,9.224774377217363,9.605575736200707,9.840094025747394,9.959131842281971,9.97552471588057,9.929687173333864,0,E_coli
21.1,19.26837108282034,14.172095687260166,6.908280412264362,0.9987574864258624,7.972932149441759,12.77473260643576,14.810974337673118,14.307321859375804,12.320196273574735,10.466374768969363,9.807410353102139,9.5672476439243,8.307211527701558,5.507491326622384,2.7637085609719483,5.7140178508646615,10.21369048150908,13.629516065396276,15.236256415987619,14.946665366147185,13.211751835653123,10.904548835383537,9.088718524711089,8.454616562105416,8.728361460762283,9.224774377217363,9.605575736200707,9.840094025747394,9.959131842281971,9.97552471588057,9.929687173333864,0,Mammalian
15.8,15.193096594793795,13.202742850287944,9.585933276677633,4.62138230630673,2.9322167800930856,8.059204872018173,12.184365855182914,14.1233256782769,14.065091692181683,13.323018077627296,13.399209317754545,14.05563149159282,13.534048661602224,10.49497830338325,4.847849680480059,3.1400636936215167,10.597665041079434,16.698794072466107,20.043538746906172,20.239896863392737,17.907627911940477,14.483756675568698,11.577220605178141,9.733019664283242,7.99880084847658,5.651282505163962,4.31202279104907,6.704373491290921,10.247156120556065,13.055400909579848,14.685966426150987,0,Yeast
15.8,15.193096594793795,13.202742850287944,9.585933276677633,4.62138230630673,2.9322167800930856,8.059204872018173,12.184365855182914,14.1233256782769,14.065091692181683,13.323018077627296,13.399209317754545,14.05563149159282,13.534048661602224,10.49497830338325,4.847849680480059,3.1400636936215167,10.597665041079434,16.698794072466107,20.043538746906172,20.239896863392737,17.907627911940477,14.483756675568698,11.577220605178141,9.733019664283242,7.99880084847658,5.651282505163962,4.31202279104907,6.704373491290921,10.247156120556065,13.055400909579848,14.685966426150987,0,Mammalian
15.8,15.193096594793795,13.202742850287944,9.585933276677633,4.62138230630673,2.9322167800930856,8.059204872018173,12.184365855182914,14.1233256782769,14.065091692181683,13.323018077627296,13.399209317754545,14.05563149159282,13.534048661602224,10.49497830338325,4.847849680480059,3.1400636936215167,10.597665041079434,16.698794072466107,20.043538746906172,20.239896863392737,17.907627911940477,14.483756675568698,11.577220605178141,9.733019664283242,7.99880084847658,5.651282505163962,4.31202279104907,6.704373491290921,10.247156120556065,13.055400909579848,14.685966426150987,0,E_coli
16.9,16.086765785797756,13.479992874843221,8.924430015122994,3.0515283990890953,4.434670627185581,9.892644832972563,13.214608953245929,13.886492913995895,12.609195618814251,10.989191014637179,10.429346431657807,10.653272652517492,10.411644011723263,8.870024593258027,5.713395967242163,1.9416487838947607,6.2422049127767565,12.614481340473164,17.86961760708635,20.695246526359355,20.71898832216664,18.816119850885435,16.67981388714518,15.195568911677572,13.280504055932736,9.40892676857305,3.330292820775757,4.240604607115212,11.29359573495915,16.771592237866134,20.041982176718726,0,Yeast
16.9,16.086765785797756,13.479992874843221,8.924430015122994,3.0515283990890953,4.434670627185581,9.892644832972563,13.214608953245929,13.886492913995895,12.609195618814251,10.989191014637179,10.429346431657807,10.653272652517492,10.411644011723263,8.870024593258027,5.713395967242163,1.9416487838947607,6.2422049127767565,12.614481340473164,17.86961760708635,20.695246526359355,20.71898832216664,18.816119850885435,16.67981388714518,15.195568911677572,13.280504055932736,9.40892676857305,3.330292820775757,4.240604607115212,11.29359573495915,16.771592237866134,20.041982176718726,0,Mammalian
16.9,16.086765785797756,13.479992874843221,8.924430015122994,3.0515283990890953,4.434670627185581,9.892644832972563,13.214608953245929,13.886492913995895,12.609195618814251,10.989191014637179,10.429346431657807,10.653272652517492,10.411644011723263,8.870024593258027,5.713395967242163,1.9416487838947607,6.2422049127767565,12.614481340473164,17.86961760708635,20.695246526359355,20.71898832216664,18.816119850885435,16.67981388714518,15.195568911677572,13.280504055932736,9.40892676857305,3.330292820775757,4.240604607115212,11.29359573495915,16.771592237866134,20.041982176718726,0,E_coli
26.0,24.978390203889003,22.055540334251543,17.63423923320628,12.312690653771968,6.788300755568426,1.747370347065524,2.2403172825241047,4.804173569058692,5.819238061093169,5.409544720691761,3.9093881552745366,1.7909111486074303,0.42780739029735493,2.2769512885926977,3.4144363212728956,3.6769552621700483,3.0946646935818403,1.8686456302980148,0.31728358471324747,1.196648571911,2.343197085080884,2.891461893633561,2.7522946254231697,1.989953848298467,0.8015983412469316,0.5300589998161377,1.7003808211266773,2.449146446755171,2.615792291145124,2.172281119320974,1.2271096230295888,0,Yeast
26.0,24.978390203889003,22.055540334251543,17.63423923320628,12.312690653771968,6.788300755568426,1.747370347065524,2.2403172825241047,4.804173569058692,5.819238061093169,5.409544720691761,3.9093881552745366,1.7909111486074303,0.42780739029735493,2.2769512885926977,3.4144363212728956,3.6769552621700483,3.0946646935818403,1.8686456302980148,0.31728358471324747,1.196648571911,2.343197085080884,2.891461893633561,2.7522946254231697,1.989953848298467,0.8015983412469316,0.5300589998161377,1.7003808211266773,2.449146446755171,2.615792291145124,2.172281119320974,1.2271096230295888,0,Mammalian
26.0,24.978390203889003,22.055540334251543,17.63423923320628,12.312690653771968,6.788300755568426,1.747370347065524,2.2403172825241047,4.804173569058692,5.819238061093169,5.409544720691761,3.9093881552745366,1.7909111486074303,0.42780739029735493,2.2769512885926977,3.4144363212728956,3.6769552621700483,3.0946646935818403,1.8686456302980148,0.31728358471324747,1.196648571911,2.343197085080884,2.891461893633561,2.7522946254231697,1.989953848298467,0.8015983412469316,0.5300589998161377,1.7003808211266773,2.449146446755171,2.615792291145124,2.172281119320974,1.2271096230295888,0,E_coli
19.7,19.331356169575518,18.25010119724095,16.528353153948316,14.280094898730884,11.652392849518531,8.814142050315489,5.943306802776863,3.21403173599764,0.7922480718630367,1.2464293737248138,2.7368326885086116,3.6700745767268836,4.040041806306041,3.88770478535897,3.2942353926909926,2.3769728648009423,1.3066638789492993,0.6662281848856424,1.4346142631791743,2.3659150797434574,3.073618194869655,3.465678853410217,3.509557448058159,3.21403173599764,2.6233604961622206,1.8108627259484713,0.8708805404169274,0.10903265540986998,0.9794958548348429,1.6860776387809895,2.14236896837503,0,Yeast
19.7,19.331356169575518,18.25010119724095,16.528353153948316,14.280094898730884,11.652392849518531,8.814142050315489,5.943306802776863,3.21403173599764,0.7922480718630367,1.2464293737248138,2.7368326885086116,3.6700745767268836,4.040041806306041,3.88770478535897,3.2942353926909926,2.3769728648009423,1.3066638789492993,0.6662281848856424,1.4346142631791743,2.3659150797434574,3.073618194869655,3.465678853410217,3.509557448058159,3.21403173599764,2.6233604961622206,1.8108627259484713,0.8708805404169274,0.10903265540986998,0.9794958548348429,1.6860776387809895,2.14236896837503,0,E_coli
19.7,19.331356169575518,18.25010119724095,16.528353153948316,14.280094898730884,11.652392849518531,8.814142050315489,5.943306802776863,3.21403173599764,0.7922480718630367,1.2464293737248138,2.7368326885086116,3.6700745767268836,4.040041806306041,3.88770478535897,3.2942353926909926,2.3769728648009423,1.3066638789492993,0.6662281848856424,1.4346142631791743,2.3659150797434574,3.073618194869655,3.465678853410217,3.509557448058159,3.21403173599764,2.6233604961622206,1.8108627259484713,0.8708805404169274,0.10903265540986998,0.9794958548348429,1.6860776387809895,2.14236896837503,0,Mammalian
28.5,27.532615785809394,24.801112979383124,20.800340073699655,16.30480928286285,12.295751364402038,9.711200520618185,8.67017280943889,8.101596504026515,6.911823821361385,4.713247630546858,1.7428336378785196,2.0930488223223147,5.342029146022039,7.95619956029722,9.46887392208167,9.702061636580133,8.801647824164943,7.371979935600744,6.677008588116771,7.852086859342526,10.261821246158844,12.728404487947865,14.56759829886692,15.478505550793505,15.406349531548253,14.46461319723948,12.870890685464781,10.888391654885723,8.782978438384232,6.816022361804866,5.3036223005041485,0,Yeast
28.5,27.532615785809394,24.801112979383124,20.800340073699655,16.30480928286285,12.295751364402038,9.711200520618185,8.67017280943889,8.101596504026515,6.911823821361385,4.713247630546858,1.7428336378785196,2.0930488223223147,5.342029146022039,7.95619956029722,9.46887392208167,9.702061636580133,8.801647824164943,7.371979935600744,6.677008588116771,7.852086859342526,10.261821246158844,12.728404487947865,14.56759829886692,15.478505550793505,15.406349531548253,14.46461319723948,12.870890685464781,10.888391654885723,8.782978438384232,6.816022361804866,5.3036223005041485,0,Mammalian
28.5,27.532615785809394,24.801112979383124,20.800340073699655,16.30480928286285,12.295751364402038,9.711200520618185,8.67017280943889,8.101596504026515,6.911823821361385,4.713247630546858,1.7428336378785196,2.0930488223223147,5.342029146022039,7.95619956029722,9.46887392208167,9.702061636580133,8.801647824164943,7.371979935600744,6.677008588116771,7.852086859342526,10.261821246158844,12.728404487947865,14.56759829886692,15.478505550793505,15.406349531548253,14.46461319723948,12.870890685464781,10.888391654885723,8.782978438384232,6.816022361804866,5.3036223005041485,0,E_coli
20.0,19.33076631916977,17.444541155746993,14.701447002121633,11.719819346627721,9.481668021798328,9.169959457900573,10.860285072051033,13.348470408585326,15.543311744097805,16.722077839816347,16.404719541801374,14.38539711238723,10.923197318435307,7.427853382192761,7.8538257014196535,12.399999999999999,17.25308513561695,20.573759138419284,21.486116212142278,19.656761482509754,15.240157676377121,8.828378356194179,1.5585411715724096,6.460521476717022,13.091060488300947,17.97568762795778,20.579479826931475,20.748925572690567,18.701977979645946,15.03508427225988,10.916249357773228,0,E_coli
20.0,19.33076631916977,17.444541155746993,14.701447002121633,11.719819346627721,9.481668021798328,9.169959457900573,10.860285072051033,13.348470408585326,15.543311744097805,16.722077839816347,16.404719541801374,14.38539711238723,10.923197318435307,7.427853382192761,7.8538257014196535,12.399999999999999,17.25308513561695,20.573759138419284,21.486116212142278,19.656761482509754,15.240157676377121,8.828378356194179,1.5585411715724096,6.460521476717022,13.091060488300947,17.97568762795778,20.579479826931475,20.748925572690567,18.701977979645946,15.03508427225988,10.916249357773228,0,Yeast
20.0,19.33076631916977,17.444541155746993,14.701447002121633,11.719819346627721,9.481668021798328,9.169959457900573,10.860285072051033,13.348470408585326,15.543311744097805,16.722077839816347,16.404719541801374,14.38539711238723,10.923197318435307,7.427853382192761,7.8538257014196535,12.399999999999999,17.25308513561695,20.573759138419284,21.486116212142278,19.656761482509754,15.240157676377121,8.828378356194179,1.5585411715724096,6.460521476717022,13.091060488300947,17.97568762795778,20.579479826931475,20.748925572690567,18.701977979645946,15.03508427225988,10.916249357773228,0,Mammalian
19.4,19.03671578684496,17.970697898877436,16.271622776252528,14.049674467745906,11.447139814447866,8.627617984588415,5.763721465702231,3.024264068711928,0.5619666058441533,1.4973400143006264,3.06316685661833,4.085828992223146,4.558526980765111,4.515942632573851,4.029535534150489,3.1999999999999997,2.147573718526984,1.001059944557075,0.11347947805558892,1.0833903304591956,1.8185521535909452,2.258212198865585,2.374985658768759,2.175735931288072,1.6993262696848577,1.0115098308466253,0.19747488857951934,0.6472358059819541,1.4265752735430053,2.053695321746508,2.4596065341674906,0,E_coli
19.4,19.03671578684496,17.970697898877436,16.271622776252528,14.049674467745906,11.447139814447866,8.627617984588415,5.763721465702231,3.024264068711928,0.5619666058441533,1.4973400143006264,3.06316685661833,4.085828992223146,4.558526980765111,4.515942632573851,4.029535534150489,3.1999999999999997,2.147573718526984,1.001059944557075,0.11347947805558892,1.0833903304591956,1.8185521535909452,2.258212198865585,2.374985658768759,2.175735931288072,1.6993262696848577,1.0115098308466253,0.19747488857951934,0.6472358059819541,1.4265752735430053,2.053695321746508,2.4596065341674906,0,Mammalian
19.4,19.03671578684496,17.970697898877436,16.271622776252528,14.049674467745906,11.447139814447866,8.627617984588415,5.763721465702231,3.024264068711928,0.5619666058441533,1.4973400143006264,3.06316685661833,4.085828992223146,4.558526980765111,4.515942632573851,4.029535534150489,3.1999999999999997,2.147573718526984,1.001059944557075,0.11347947805558892,1.0833903304591956,1.8185521535909452,2.258212198865585,2.374985658768759,2.175735931288072,1.6993262696848577,1.0115098308466253,0.19747488857951934,0.6472358059819541,1.4265752735430053,2.053695321746508,2.4596065341674906,0,Yeast
12.6,11.203275851915684,7.601024783958775,4.763007068783906,7.584018259540142,12.514110486251578,18.806704501419706,26.96882465911957,34.61259438178335,37.664274036669994,33.26480473484505,21.70700519077712,6.629248613505287,6.592604681388833,13.482033773014118,13.03195568865439,10.044899203078147,13.035265192726705,17.318646550776467,17.043599871688468,12.130546900892679,5.740542703371143,4.77620456765378,9.536097619373777,14.732559525151746,18.48511376981647,18.45949393941489,13.968041611949753,8.056398807441386,8.158767942408707,10.647030309141051,9.895931235288092,0,Mammalian
16.799999999999997,15.977296970120085,13.79492196156882,11.151082889727153,9.527673873919182,9.881145966139648,11.136038645853633,11.687761523174798,10.707784736629417,8.095664026560383,4.4687734684241045,3.1873601660814397,6.80000648859704,10.377640761554025,12.501525075617373,12.735563845705094,11.217842929904128,8.973251479616968,8.568723641018014,11.69187955855407,16.323506487384154,20.550827678993585,23.396858190903753,24.416680669754967,23.55214100743298,21.05368660050104,17.391636926418183,13.153313162423695,8.946869746654603,5.349858042489406,2.974167581382354,2.317544204701698,0,Mammalian
11.699999999999998,15.199148128631508,18.48430841859485,13.262286510242246,15.815248816569945,25.24354034512919,20.682151732014372,9.932589183688897,15.75708416139284,21.727696778792275,17.881277333095987,18.940282577024938,29.70481781163915,23.50742596301373,30.02008206130331,42.72224253825837,26.633249895572263,10.017561053486448,19.255979219914085,6.29530109734467,18.269004004099934,23.38621025306738,15.915418269196092,4.421278006098562,14.246904882492302,17.475406030832847,20.64375708317642,34.60191304866889,31.34621502423362,13.593410377372305,4.571165614950027,4.71178506415771,0,Mammalian
15.500000000000002,14.885622409327226,12.346286939931714,7.639340527141632,2.8692170007471463,0.7710175159242245,4.092626206443008,9.756361446332075,12.355588731451153,7.660657839341615,5.036703393974443,17.104614827066566,22.842116363286003,20.132769076973553,19.29295853798408,26.396957572578895,29.920728600754366,27.74825030818056,26.00743677461694,23.49279116250941,14.33041466874999,7.805902353360566,17.310324432037156,19.610451741564315,14.054160490731464,13.55768596717482,17.065036106176514,13.976680611933183,9.990221682745606,15.288864685994428,17.690206965176316,11.75967620636786,0,Mammalian
11.200000000000001,10.728542031235387,9.367629093312946,7.27221599772306,4.685161751103313,1.9473513311823942,1.154082967461341,3.303109275447012,4.950782297066212,5.817293746934517,5.870335794591889,5.300718824495565,4.703554410332937,5.1359806619385875,6.977404559251653,9.537307084834822,12.149074038789953,14.381322943882273,15.952356571038514,16.697296960946336,16.56079459862447,15.591740807523795,13.932883825148426,11.805493332797855,9.493669187782762,7.335684323204948,5.714726554488808,4.946146857536117,4.962450759172003,5.3291935517383395,5.694696611969956,5.924722364231389,0,Mammalian
1.5000000000000009,12.022885246229645,20.765223960081773,24.64204134304219,23.92749995961214,20.46310818082059,16.394657509796236,13.674706388292138,14.291825682841562,17.225870665528465,18.53582662273275,15.771085505090092,11.377139216472692,14.875083408179572,22.844412065729465,26.529347829174487,23.09826833336214,15.329831960286128,14.624819660329589,22.115402899851265,25.683918957592645,21.54158201880051,11.044506078856916,1.7280584984774434,12.168965389517318,17.16170128412797,16.1578702781592,10.958662498563003,4.491297798139597,0.865685240105921,3.526104260849836,4.179121400917869,0,Mammalian
0.9000000000000004,1.2179035530653894,2.0423240584907965,3.223469804377002,4.619780515345446,6.064813888316238,7.39524767434549,8.490783159885835,9.315128736716023,9.950023777467957,10.599729053259667,11.525415938626324,12.902584335666893,14.703379826320477,16.710763015785215,18.61911946301286,20.12585401914662,20.986844246409902,21.04738660047915,20.25932403665722,18.68864097013554,16.515613183956408,14.029685101485336,11.617478625831238,9.71639730653329,8.647887469297599,8.343973679916678,8.361291111236174,8.255643169396865,7.8208570971331435,7.111183036241859,6.405414177924741,0,Mammalian
74.80000000000001,51.48335846394652,12.54081491278183,7.452436660484195,13.797480686992316,22.813309043983807,7.948713364244823,11.713690481443644,19.119229527548,23.249179753498293,26.857722759351322,23.530813662858385,17.38070231448225,15.507827563205451,20.710025726949013,10.94629905417652,22.38928315065045,25.406244663553995,25.330012275070974,33.585627210686006,29.365292337667896,26.625902157884923,12.439708372346628,16.292103715200877,4.63627676837101,38.40747558982214,35.3963633092452,19.51212252879221,44.79933391994493,16.015914807936095,19.73942952526744,16.314413234270855,0,Mammalian
59.2,36.949837922151616,6.634604244106278,8.184247603473066,15.554497042392944,29.6685543584503,25.655372220974677,17.806584573640663,1.4926465212952829,8.96875779316205,5.278670213670523,5.064260807730129,12.466848185243526,15.170137354083884,5.860168067601072,16.881800347872357,3.959797974644668,13.454257886486277,20.244445957754625,46.17408315099554,49.521341164173194,39.054484874677236,28.39496698334454,7.166086810393384,36.22722741754419,43.516990585058515,9.77324771337149,38.38268786883601,29.290819165496977,8.860522804800473,19.994745828179695,13.763710672720396,0,Mammalian
1.6,2.501225136515709,11.238432835588393,19.73871260579727,22.653278372247236,18.707917173243857,14.316733115994008,18.646066202952262,23.675813543713286,22.837419631295845,17.57093856481769,13.636129640975357,13.037000472073279,10.98238435140389,6.012003847709538,2.1208117852142685,5.546169849544819,9.212179478567624,13.119857243579325,16.01540973474311,16.122551856737683,13.882932708624828,12.228193619167904,12.853845960042689,14.41859400369268,17.172875974172598,21.635130898423604,25.6804848689311,26.726184151641274,23.779302649800037,17.491382040885565,9.29396518674695,0,Mammalian
5.1999999999999975,7.499418680162955,11.24928571302479,14.125113959875623,15.631630693340094,16.043005681053728,16.021558444610317,16.083455614532422,16.116318525192625,15.53232612516769,13.934061846800784,11.827478639405756,11.20383194871086,13.862264071631447,18.426673596510934,22.71015293243916,25.352711886502398,25.71412610239754,23.735227113535924,19.816971886753752,14.643605780294662,8.95940916596459,3.3765909849948406,2.114102483747858,6.874901977085427,11.2687756766148,15.04815559728204,17.846730937331714,19.27721663735184,19.16749942991225,17.792512382425365,16.0316948381072,0,Mammalian
7.9,7.459208104569313,6.18887672612042,4.241554824594383,1.877945210002432,0.9981624575405462,3.3138396749497256,5.314084469321617,6.635903706140378,7.083343518750574,6.55906435014299,5.0762055449658146,2.8082623945534944,1.3751060768405388,4.313556935986015,7.923378370586945,11.43372205364465,14.524037812552063,16.952945183784063,18.555859112210147,19.253762542786287,19.055232821566324,18.049395203830365,16.390393916161205,14.275320732047756,11.918370576220711,9.524417059978578,7.265222427684898,5.261141706660769,3.570552159118335,2.188751910896135,1.061506569942758,0,Mammalian
2.5,7.236766189808618,12.320176246448446,14.794625651302159,14.394258262794594,13.262152158511018,15.066293219044029,18.916685037838718,20.78184862084166,18.464301108022614,12.58064186832749,8.124992829947335,11.2033222254392,13.78405995079179,10.896672762051129,6.1657854097888505,15.23450031999737,26.693995379589758,32.76946284886732,30.841145576735308,22.27307046229611,12.98136143806623,11.826636464793495,13.244807271964044,9.390142059650723,2.6870360058605116,10.481551997820821,18.068143245908505,21.255616489731413,20.2426999599727,16.95877592974192,13.7799961221154,0,Mammalian
2.6000000000000014,7.290295826481104,12.375334813107749,14.854173196045306,14.44860531781508,13.289536120136175,15.053364204898772,18.883081994375317,20.74291129963604,18.42268946216491,12.5243981860253,8.027792784711485,11.115941321280534,13.708460620828237,10.833798516719542,6.201089968259179,15.33101431738944,26.79216582699661,32.865796577256866,30.932021420881778,22.348462409972942,13.001176370989361,11.752160979861223,13.146391996690978,9.291481626491635,2.686871077231531,10.58017515562573,18.168138032371523,21.3555585462399,20.342643433754702,17.05876887343414,13.879994598826306,0,Mammalian
8.2,9.204594030120836,11.026996893823586,12.063624593639164,12.451085441916536,14.616634554322314,19.601552524962496,24.684225828881488,26.841191553387954,24.914408541295195,20.61350379722466,18.696818397168222,21.20740704979978,22.977180747188367,19.506157602022412,10.337308774891746,5.65685424949238,16.318640541508362,22.646159612383478,21.588690788439468,15.864756876827558,15.132337053237078,21.055304891359192,23.85153482982271,20.023746802093136,11.084899538896652,1.779131790595204,7.369518643077161,10.568152477200044,9.555584749516326,6.260833469727509,3.0807305573190105,0,Mammalian
6.3,6.292214121170283,6.085152961893625,5.314381609639104,3.7656837747824508,1.8737393683789305,2.8748053695688243,5.84188642613597,8.532516872162253,10.186699042608907,10.32186685076607,8.741026996853885,5.699940084944993,3.280765248694793,6.64402015669477,11.876484241008646,16.61715980545412,20.003018204844825,21.54630767458494,21.101277444140823,18.888835668106676,15.5133174706885,12.010359560980032,9.857555761864589,10.01479684398373,11.45590233488012,12.675860911986467,12.981490928597275,12.293990232615226,10.870332143071293,9.150568689322908,7.6914346435987,0,Mammalian
4.899999999999999,5.840934192240509,7.162949002376191,7.224557105266913,5.727897804214881,4.1654200390121385,5.809894468849671,9.001598620527957,11.155976012663656,11.249281007754213,9.129325876919594,5.3513272816988104,1.2341982127766966,3.3911451640644312,6.166879987941149,8.016264291295853,10.29417310909429,14.113626724740975,18.798146238392132,22.74821276476879,24.510503504637125,23.22244861150959,18.78673588532277,11.87235341688584,3.9804772584293397,5.369605945218974,12.019179447169808,16.670987770906635,18.91409948861485,19.08205080475428,17.98638002182222,16.673831962785044,0,Mammalian
1.0000000000000018,6.336534823776024,11.194795810252108,13.550232189916146,13.188514766798072,12.221013040232238,14.257775597660228,18.23440848930644,20.183133321131827,17.99790788865886,12.27674832504661,7.859634272490797,10.835626584682196,13.343980161143351,10.39416237706852,5.24056788956848,14.436758638974332,25.69329297744898,31.511704562626868,29.425410727195803,20.97968732488615,12.687127040431976,13.078476972751838,14.692564842305337,10.539503277736495,2.1785528485653445,9.598781133373787,17.569789663348743,21.045308135384698,20.24909184531051,17.120296060542685,14.042248650666952,0,Mammalian
1.4000000000000004,6.949458593617419,11.69924948362386,13.293775509088155,12.019675787169229,10.464664425287978,12.052177499319596,15.279600866002871,16.690353249841692,14.757233124210693,9.836024031050602,4.405658936636781,5.485079442041523,8.293384502600057,7.489645443567109,3.0273941000655684,6.791170738539858,16.09769386953153,24.259934458440586,28.98594030415725,29.01658497092516,24.322227698301983,16.030597700956537,6.097137656734792,4.088044568678141,11.574902929102992,16.235384692650282,17.85692221814622,17.068072360724035,14.896951121245989,12.41604698521159,10.512873985716691,0,Mammalian
6.800000000000001,11.366853530788681,16.862021920343874,18.675989091231145,17.080341133832306,15.421322599044338,16.9981880828403,19.57597593006896,19.383093332623964,15.18681672195787,8.448639471447818,5.079261876722697,8.54582900573506,9.493591849977678,5.671929757955866,2.6951889217014267,12.106196760337246,20.75166561869074,26.156742945208723,27.238937641871537,24.365054604958363,19.041625679647858,13.216772393121754,8.55069584132115,6.3667647089230694,7.606899496338251,10.870200304656102,14.219740423981955,16.481955813981873,17.205921423555548,16.663852912933436,15.677260208670727,0,Mammalian
0.5000000000000018,5.715506277855834,10.603222515995155,13.573513546032137,13.992760643098752,13.553368001403827,15.978923425103785,20.547091361439243,22.857320600615672,20.3439386002227,13.968137855535472,9.908841563273427,12.973838862959246,14.498774947565725,10.341364792766596,5.971528715524334,15.18453160291749,24.917124433033152,29.536228462792824,27.96712980375049,22.08795091819988,15.85328418346302,12.622643630161809,10.909497807427321,7.858937266620105,5.7891987198618535,9.645785589058217,14.550434821770343,17.503273378945664,18.13486097615778,17.19743800315056,15.888706747318759,0,Mammalian
1.9000000000000004,6.937219527739711,12.001405283789392,14.44672520353693,14.078690378449544,13.11267087202548,15.157496370559347,19.128044753913855,21.023948477620454,18.72324720068351,12.929213015536526,8.709524524408584,11.731841008990365,14.243974358737262,11.285176080918788,5.9847528996849855,14.656397920362286,26.105264355512823,32.191930042749696,30.297097687836732,21.824872100175337,12.87814782189416,12.281106803266772,13.83577618047999,9.982664494530537,2.765046177472573,9.890393725167467,17.468175780626197,20.655975928977856,19.643051200082212,16.35882007917697,13.18000574726445,0,Mammalian
1.9000000000000004,6.937219527739711,12.001405283789392,14.44672520353693,14.078690378449544,13.11267087202548,15.157496370559347,19.128044753913855,21.023948477620454,18.72324720068351,12.929213015536526,8.709524524408584,11.731841008990365,14.243974358737262,11.285176080918788,5.9847528996849855,14.656397920362286,26.105264355512823,32.191930042749696,30.297097687836732,21.824872100175337,12.87814782189416,12.281106803266772,13.83577618047999,9.982664494530537,2.765046177472573,9.890393725167467,17.468175780626197,20.655975928977856,19.643051200082212,16.35882007917697,13.18000574726445,0,Mammalian
4.300000000000001,5.687006381916281,7.938572657655697,8.98833753630375,8.214828450574739,7.627006839121292,10.461146548911856,14.309764846947004,15.598454985146027,12.841316027092835,7.079358420282185,6.01421272074124,11.508950328629428,13.7648851919723,10.96263077623478,10.339072822689234,20.69033590834136,31.921669488173094,37.251999159789854,33.91528689880387,22.978953544390258,9.287445806825133,7.374710578075999,12.977812003455796,12.52949328889134,8.963311313897368,10.488611993739323,15.005061614434673,16.66578380591572,14.737286743850094,10.848875923147903,7.214439245164679,0,Mammalian
10.900000000000002,14.069652095485264,19.23449426889163,22.198969675367078,21.957369995169408,20.21572858529781,20.5235941964847,23.51039474892015,25.597703970453303,23.87158461864545,18.066461683295643,10.717082658238851,7.532987645236987,8.438328644038927,5.7380993453449545,3.9864923288067997,14.960280746028799,25.021874288901174,29.208641908119915,25.17193044962484,14.219267586276098,5.327212315415456,14.435458105424628,19.88938193362526,18.04487604393667,11.332631855530872,7.107996121580842,10.508212228666952,12.624596205099754,11.186547986789524,7.689126603997383,4.330526798975346,0,Mammalian
3.1000000000000005,7.664356516867226,12.837367367117587,15.402144456060556,15.056728264021485,13.93365027704204,15.681798129019342,19.53039438396916,21.472724127418388,19.24679180019887,13.380416573292297,8.467338614321179,10.839314310138356,13.265472105005928,10.26667475378319,4.878583924931583,14.375326083258077,25.782540782197103,31.662863844613867,29.506762878029267,20.746406419486078,11.754049995073396,12.212282062194953,14.466854438371932,10.973701223734153,3.793400710639555,9.063868792201383,16.426052873048015,19.53639731237449,18.485887766183797,15.180663715929523,11.987132251394405,0,Mammalian
2.5,7.2851690300808505,12.411924300931412,14.92001881620573,14.563560498532476,13.51607834101629,15.410199362481237,19.320952369139377,21.241048597489897,18.97734149371436,13.143060847381674,8.568303234913232,11.278449099370848,13.75033737224391,10.771253633568161,5.426686299339991,14.504137340772804,25.93746553016375,31.9228547182097,29.898521567517076,21.284013032220983,12.3143083973328,12.232036164920663,14.14211051889673,10.472719535969276,3.264610950407135,9.467143326291046,16.94450321034855,20.09502626927203,19.06380742340043,15.76933012589664,12.583399602459263,0,Mammalian
3.6,6.538765589564033,10.320583034535554,12.206745857501842,12.222751924351563,13.013537746833583,16.987279283398276,21.751836540960873,23.839753981851363,21.734328770354658,16.799539979897087,14.128292519795714,16.801825854589993,18.830923846552803,15.48873730188246,7.014547608499988,9.484724561103501,20.738683815669706,26.943671815268914,25.427568700099762,18.130066388540406,13.226124447860675,16.876252986750835,19.279005297497616,15.4410533994544,6.715223561101084,4.579881636071726,11.968626012533713,15.16059616555064,14.147658790831771,10.85945210726762,7.680164054996991,0,Mammalian
2.8000000000000007,7.400247964825851,12.48732356121378,14.974561352173126,14.558751492415883,13.346383446994734,15.029469016953273,18.817290218767454,20.666268249361035,18.340818690631995,12.413563151976643,7.833604151947307,10.941827845493457,13.55821007081506,10.709743990225427,6.275884873402612,15.524174696260024,26.988547023742036,33.058529355769856,31.11394103251641,22.49982179114105,13.043016197079979,11.60436137617887,12.949634290165829,9.094248547596,2.6976848525000774,10.777497594762732,18.36812777559476,21.555444271658065,20.542532031852655,17.25875500612223,14.079991617160548,0,Mammalian
5.799999999999999,7.586015535111436,10.413775315779247,11.919033289612466,12.116522658627625,13.610884453419668,18.13931757105634,23.086500636160963,25.215171108787292,23.195893421936816,18.579250288162253,16.31103253501666,18.897286987371103,20.790114186016236,17.3740984462066,8.455679896055843,7.547184905645283,18.613873270772142,24.874844467726152,23.5575911050999,16.928940110899763,13.98226871953883,18.850486654106437,21.464402678825767,17.631651821499283,8.77574648222997,2.679083221003977,9.768948051756432,12.96354156476799,11.950688883361446,8.65992969630247,5.480316348274558,0,Mammalian
3.700000000000001,7.9386601580975285,13.017402608013688,15.536637547213521,15.077299733824882,13.635606507609577,14.954604028177982,18.54504586801854,20.342145342108257,17.99531257709544,11.943556884576115,6.963827293775856,10.170108147930573,12.898810608592449,10.18145537214586,6.676540617574314,16.395426191471817,27.872899272129228,33.926867914019184,31.93525520241689,23.190060782093678,13.267021207189806,10.959782004431407,12.065544081463539,8.208356892858847,2.920535355591684,11.666577080335127,19.26808425501342,22.454955219697077,21.442056433801625,18.158696383270865,14.979979184922074,0,Mammalian
2.8000000000000007,7.077707815240195,11.814237317257527,13.97660862004637,13.312749193441588,12.225474131470557,14.658042227856678,19.13302894979067,21.413504519922252,19.410460333297795,13.820198679483045,9.256185565383694,11.34364745663637,13.458500415293438,10.38697438024708,5.932263177055548,15.524174696260024,26.988537495179934,32.981028922680565,30.968468657890078,22.439214702045728,13.656755414581278,13.177704920267507,14.714880802181968,10.872985982482883,3.3755474682013453,9.405034735355693,17.152926759696854,20.64398253359953,19.976173921837805,16.99951799916734,14.01759227973951,0,Mammalian
2.8000000000000025,6.8886447465358245,11.499910202456075,13.643021041885023,12.94531382382032,11.568429547824854,13.58670197454186,17.888567824561402,20.183133321131827,18.28322033544346,12.672027110908285,7.591214142982112,9.625860106306542,11.854848196927113,8.919107309340422,5.779459987820583,16.199382704288457,27.457916581730164,33.16048934660741,30.904512214543914,22.25176174927451,13.569641285805723,13.278595439543231,14.694271123483135,10.539503277736495,2.4546682609626025,9.937020321124036,18.11139945657766,21.897505937209985,21.453529967444556,18.642406633247447,15.773328962290616,0,Mammalian
2.8000000000000007,5.0945687741436565,7.900245013714379,8.854444686822719,7.715353603724159,7.057574161344328,10.213672411711919,14.098284753867187,15.274872956195514,12.467590232321662,6.695851385544323,5.536602868583321,11.108208799701654,13.54059008185069,11.010191795650385,10.042509782393427,19.817668884104407,30.87312170928984,36.30096024659634,33.20808299858666,22.480233808432494,8.657952436085647,6.95615501642007,13.14226616178633,13.14831761755423,9.942684211632992,11.041154953741797,15.168049904110642,16.758284636260953,14.887384979960073,11.104655117798231,7.613945934406335,0,Mammalian
16.8,18.871433418555224,21.71411079526342,20.936122454555452,15.048748714737096,5.794695128797566,7.872699175641102,15.97434931639056,18.70052726489242,14.651780357634578,6.017494461870543,8.712905472811181,17.847448549080912,22.205432600211022,20.776748068577483,16.375756604205783,15.311433636338567,19.288558603760862,22.986414532338166,23.771913021745814,21.813920945981486,18.32391725568427,15.050748759661891,14.1392392894497,15.424988817338422,15.746097742029285,12.752585464386227,6.722882357226477,5.487858905901132,12.452792535992177,17.888146154693555,20.53456263457171,2,Mammalian
18.3,17.957215450679453,16.996747427395935,15.634080790279516,14.254122394916482,13.374119796279063,13.409311465267189,14.31594126047281,15.583742081236743,16.58475498652844,16.823942662069943,16.011409790690777,14.068751187493236,11.117489749025275,7.453371237509666,3.5049451988309372,0.3605551275463994,3.3027129619068707,5.224281301305242,5.779493926489354,4.995780832614481,3.6263957273471723,4.403517932312237,7.939064862313519,12.178956554052208,16.06274242391843,18.916183465196305,20.270762160156227,19.88699093999969,17.805441716010467,14.42626324561149,10.74238840946594,2,Mammalian
8.499999999999998,11.842724328712688,17.472877970360255,21.72159638843443,23.265002080039782,21.68721888098838,17.309833973141117,11.435939369734333,7.882099656032618,11.126252622718836,16.077859899838018,19.072890546386418,19.103905419619508,16.244272580061146,11.31290323009582,5.761097231802639,3.080584360149872,5.579580087779519,7.1734044141298625,6.7437267121835704,4.839686835810367,3.350252021548703,4.954875792312112,7.909462194495941,10.987834409580923,14.155297719321768,17.298527465287936,19.858580538914772,21.04656521300473,20.2822443546423,17.608556083042064,14.11071292387775,2,Mammalian
7.600000000000001,10.95910956221152,17.308487369810543,23.25102050613267,26.57091258316756,25.47315463467018,19.202459759510695,8.681248050559834,5.150385411550623,16.244230419616176,23.36357491723705,24.314477452131456,19.287059562492633,10.59319103447075,2.630053994645063,5.190906920355729,6.041522986797287,3.717567331731736,6.917386021106499,12.094885932607758,13.560185984352955,9.74552661972809,3.441096109345354,10.128869294477147,17.870465302069967,20.887293701351375,18.70440727597554,14.778222931214948,15.402509341022549,19.324979358366583,20.932313868301005,19.303021742297656,2,Mammalian
12.600000000000001,10.7926803405499,12.493385589159022,21.62446238277884,29.025875489405617,29.33389488662902,21.54770248327455,8.214281995086806,6.26690904303097,17.787878484160156,24.162089932620656,24.912439524958433,20.357623126274582,11.503574182426172,1.019013268365822,7.714527687842618,10.690182411914218,9.364659395230941,12.92032452218922,19.633668858360156,20.828029890057877,14.769650249867277,11.90661247435962,19.989200608097832,23.193228560215086,15.981298976699957,6.615338033454715,19.40731161584848,29.03754300248126,28.374296719502905,19.4787564436129,8.871840620329515,2,Mammalian
12.100000000000001,12.358517895543683,13.06056456879888,14.026215508429168,15.04630700605201,15.936116132231117,16.55764214931365,16.82667730960099,16.714856132695566,16.248128295000065,15.498897235865677,14.568051095013157,13.554996449252569,12.520355941847722,11.456577763747754,10.286714938835425,8.9,7.2162797269863965,5.2905780986958,3.6318113073717537,3.840945106700881,6.144612189128239,9.079432749800098,11.940700426743291,14.355263301775047,16.055155129578306,16.85076625526778,16.641547367285742,15.43365988441144,13.363781067082659,10.750930701505311,8.249167400791256,2,Mammalian
66.10000000000001,48.423511284662204,21.165019726639514,5.634349873891279,3.0977858570067434,13.955953433212013,17.404977417869496,5.980813683439339,23.614803620385,28.948495300989823,27.078542192901303,21.116868151958176,18.568368759855577,10.620776596146747,10.584249276879714,16.82348850739087,29.195376346264148,42.8807535075146,12.342778687855725,38.769361800547685,35.24302010418815,19.852898382892946,43.89059053957441,13.117199177490548,37.13382622314393,27.595703571508015,5.518378649579073,13.947400587971774,27.712613343348536,15.012976559156744,12.329407708258131,12.424471732169534,2,Mammalian
17.7,18.85475049695885,20.796780556468924,19.912375765981245,13.216191099750151,1.359657122304842,12.607956093113225,21.38056184556237,20.937234999149883,11.210586119509658,4.534932884233764,16.433571041686108,20.91823339491004,16.056531760016487,5.833710277138716,8.050976932550833,13.77134706555608,12.63134797537137,7.296854002706094,8.236031884931823,13.171875827452615,14.024837503464328,10.151985939765034,7.815672353613475,16.213950493028317,26.446152425205337,33.24229161302583,34.44128248731377,30.262542715990087,22.976832706844746,15.621098592437875,10.504708932048098,2,Mammalian
23.7,22.286034740781236,18.671398543540622,14.448299387405484,11.45756548846176,10.713771927504629,11.38256521764966,11.517599540478319,9.395259927968944,4.355063626081984,3.75547137689461,11.407208476539935,16.988859885962583,18.341345105693467,14.925488303068772,7.983788403924593,2.022374841615668,7.8476782388846384,11.889463399172845,12.708076265048657,10.791864370165385,6.812095768040878,1.2878016898693776,5.207068483469298,11.131446037505684,14.794141733951854,14.839041032773297,11.091740937397871,5.168993738504277,5.447488118447847,11.470283660898422,15.792863887364886,2,Mammalian
7.100000000000005,17.966337471162817,28.34990113292305,30.84743059469241,25.794729049163365,15.535815851063422,4.965103566209054,13.394195377529948,20.937016137436594,18.643403924430192,9.642875917516257,16.869301820370094,26.745554183375955,25.290255398734192,13.858949181966027,3.172517175745962,5.807753438292641,4.706590567058991,12.381478487586046,17.758297014049543,13.545392534766272,2.8891479331796965,7.815012349641047,8.19889845654687,2.102701895352682,14.240458856492042,21.458914441488375,19.124014667910135,11.587477110374238,11.529489197268996,15.355614197115598,14.963389206693751,2,Mammalian
60.2,41.909645608338415,13.216162084464324,14.785815046654239,9.84287687352946,23.343775670129457,21.65000211051253,17.122474323070193,14.970486070860435,10.963609264836922,20.746042449146287,14.851931569968155,15.878083193356648,17.38490040127102,2.470831830053793,12.986628369059787,9.610411021387172,2.5024543540795325,7.041408810803656,18.554093633403657,30.925480475828017,34.61007691110734,37.11380625400562,28.500446176953115,19.25316978583459,34.21943834318681,29.628500203599568,14.239845428661997,30.17381159708804,31.625757739467165,16.848830942304442,21.915318288779808,2,Mammalian
3.8000000000000016,5.470018547349411,8.738212567492964,12.279265714781282,15.547503851806987,18.102412274440095,19.576452985092622,19.740069660727702,18.544596003118397,16.137681995337054,12.903063070750981,9.667678293075712,8.191772432400015,9.915843680644997,13.3001011438162,16.50073626314887,18.560711193270585,19.028114650298065,17.812483252038035,15.132598475134628,11.431997395613303,7.2445320708002425,3.079856204182466,1.59499029557529,5.128153574253131,8.627008175360496,11.722780504092668,14.082747493618996,15.346642106353713,15.324194309118306,14.205306966571886,12.715813476710874,1,Mammalian
3.8000000000000016,5.470018547349411,8.738212567492964,12.279265714781282,15.547503851806987,18.102412274440095,19.576452985092622,19.740069660727702,18.544596003118397,16.137681995337054,12.903063070750981,9.667678293075712,8.191772432400015,9.915843680644997,13.3001011438162,16.50073626314887,18.560711193270585,19.028114650298065,17.812483252038035,15.132598475134628,11.431997395613303,7.2445320708002425,3.079856204182466,1.59499029557529,5.128153574253131,8.627008175360496,11.722780504092668,14.082747493618996,15.346642106353713,15.324194309118306,14.205306966571886,12.715813476710874,1,Yeast
3.8000000000000016,5.470018547349411,8.738212567492964,12.279265714781282,15.547503851806987,18.102412274440095,19.576452985092622,19.740069660727702,18.544596003118397,16.137681995337054,12.903063070750981,9.667678293075712,8.191772432400015,9.915843680644997,13.3001011438162,16.50073626314887,18.560711193270585,19.028114650298065,17.812483252038035,15.132598475134628,11.431997395613303,7.2445320708002425,3.079856204182466,1.59499029557529,5.128153574253131,8.627008175360496,11.722780504092668,14.082747493618996,15.346642106353713,15.324194309118306,14.205306966571886,12.715813476710874,0,E_coli
1.6,1.8267939584293373,2.2637717880003296,2.578879512793187,2.6021257546803906,2.2971296209279846,1.764041926092319,1.3429511629125455,1.5502381600117283,2.1472767414950265,2.6017354991940036,2.6475855715273697,2.2746553615870506,2.133103599321807,3.5068993904801555,6.151456926611874,9.453041838477178,13.020982687264633,16.502713427113566,19.554150886481562,21.86010368612725,23.164688918858126,23.30013459685783,22.208571406069037,19.953865832145,16.722849362331658,12.819558537166285,8.67088702734239,4.950833402024174,3.3167490407717537,4.664677765416127,6.21512360675172,1,Mammalian
1.6,1.8267939584293373,2.2637717880003296,2.578879512793187,2.6021257546803906,2.2971296209279846,1.764041926092319,1.3429511629125455,1.5502381600117283,2.1472767414950265,2.6017354991940036,2.6475855715273697,2.2746553615870506,2.133103599321807,3.5068993904801555,6.151456926611874,9.453041838477178,13.020982687264633,16.502713427113566,19.554150886481562,21.86010368612725,23.164688918858126,23.30013459685783,22.208571406069037,19.953865832145,16.722849362331658,12.819558537166285,8.67088702734239,4.950833402024174,3.3167490407717537,4.664677765416127,6.21512360675172,1,Yeast
1.6,1.8267939584293373,2.2637717880003296,2.578879512793187,2.6021257546803906,2.2971296209279846,1.764041926092319,1.3429511629125455,1.5502381600117283,2.1472767414950265,2.6017354991940036,2.6475855715273697,2.2746553615870506,2.133103599321807,3.5068993904801555,6.151456926611874,9.453041838477178,13.020982687264633,16.502713427113566,19.554150886481562,21.86010368612725,23.164688918858126,23.30013459685783,22.208571406069037,19.953865832145,16.722849362331658,12.819558537166285,8.67088702734239,4.950833402024174,3.3167490407717537,4.664677765416127,6.21512360675172,0,E_coli
7.7,7.418396279615793,6.77077261179454,6.232017777777804,6.1394115692048015,6.2981979006297255,6.264438828280016,5.814975347793704,5.048982768271358,4.286887425673632,3.9405580014729007,4.287827456364929,5.14503178482909,5.911390356302931,5.823025309524338,4.151495603673225,0.7280109889280518,5.6457122472129955,13.184459469928962,21.322967718406804,28.64074645341271,33.67037957351588,35.242524856974306,32.79861012229095,26.578332773251574,17.622865014767527,7.581288593127849,1.6662353075588192,8.346491245328167,11.359111159092675,10.410396570104128,6.150477440533002,1,Mammalian
7.7,7.418396279615793,6.77077261179454,6.232017777777804,6.1394115692048015,6.2981979006297255,6.264438828280016,5.814975347793704,5.048982768271358,4.286887425673632,3.9405580014729007,4.287827456364929,5.14503178482909,5.911390356302931,5.823025309524338,4.151495603673225,0.7280109889280518,5.6457122472129955,13.184459469928962,21.322967718406804,28.64074645341271,33.67037957351588,35.242524856974306,32.79861012229095,26.578332773251574,17.622865014767527,7.581288593127849,1.6662353075588192,8.346491245328167,11.359111159092675,10.410396570104128,6.150477440533002,1,Yeast
7.7,7.418396279615793,6.77077261179454,6.232017777777804,6.1394115692048015,6.2981979006297255,6.264438828280016,5.814975347793704,5.048982768271358,4.286887425673632,3.9405580014729007,4.287827456364929,5.14503178482909,5.911390356302931,5.823025309524338,4.151495603673225,0.7280109889280518,5.6457122472129955,13.184459469928962,21.322967718406804,28.64074645341271,33.67037957351588,35.242524856974306,32.79861012229095,26.578332773251574,17.622865014767527,7.581288593127849,1.6662353075588192,8.346491245328167,11.359111159092675,10.410396570104128,6.150477440533002,0,E_coli
23.499999999999996,24.742243246451075,24.55907084121691,22.092232232459,21.862675785876892,20.299111117528568,17.549863678020564,25.020873167732024,33.18824613984897,33.149749459782676,29.057447564255263,25.191564353663455,18.544265484650857,11.59688431871723,7.788760969778215,1.5341956684773002,13.603308421115798,19.930691087688164,14.434869751203486,8.650252234644505,15.394010134743853,14.05444578596783,7.466533213543534,8.409556062562476,4.996030240180703,7.339818666072402,14.493831489259923,12.224287191980432,4.542915042989758,2.881413394449297,5.891394886016279,16.60416552472783,1,Mammalian
23.499999999999996,24.742243246451075,24.55907084121691,22.092232232459,21.862675785876892,20.299111117528568,17.549863678020564,25.020873167732024,33.18824613984897,33.149749459782676,29.057447564255263,25.191564353663455,18.544265484650857,11.59688431871723,7.788760969778215,1.5341956684773002,13.603308421115798,19.930691087688164,14.434869751203486,8.650252234644505,15.394010134743853,14.05444578596783,7.466533213543534,8.409556062562476,4.996030240180703,7.339818666072402,14.493831489259923,12.224287191980432,4.542915042989758,2.881413394449297,5.891394886016279,16.60416552472783,0,E_coli
23.499999999999996,24.742243246451075,24.55907084121691,22.092232232459,21.862675785876892,20.299111117528568,17.549863678020564,25.020873167732024,33.18824613984897,33.149749459782676,29.057447564255263,25.191564353663455,18.544265484650857,11.59688431871723,7.788760969778215,1.5341956684773002,13.603308421115798,19.930691087688164,14.434869751203486,8.650252234644505,15.394010134743853,14.05444578596783,7.466533213543534,8.409556062562476,4.996030240180703,7.339818666072402,14.493831489259923,12.224287191980432,4.542915042989758,2.881413394449297,5.891394886016279,16.60416552472783,1,Yeast
29.399999999999995,25.092665493689342,18.97745169759228,18.41619882933491,22.119157375936126,23.797610663171376,21.771378478250515,28.692518260274124,33.30135703334664,30.54640792472527,29.854743694108112,25.962040317513964,18.21111490152373,11.376216435322426,7.507981212533604,1.8128244726802767,13.885243966167824,23.881131292199434,13.140559932363853,11.279024499274396,19.564942945002876,7.013181595875415,13.982359058766951,10.883120528627567,6.975644754255633,13.910869200718576,4.165946246364661,13.795595213440215,14.21798785274673,12.083119527568076,9.871783779122614,23.3429928133953,1,Yeast
29.399999999999995,25.092665493689342,18.97745169759228,18.41619882933491,22.119157375936126,23.797610663171376,21.771378478250515,28.692518260274124,33.30135703334664,30.54640792472527,29.854743694108112,25.962040317513964,18.21111490152373,11.376216435322426,7.507981212533604,1.8128244726802767,13.885243966167824,23.881131292199434,13.140559932363853,11.279024499274396,19.564942945002876,7.013181595875415,13.982359058766951,10.883120528627567,6.975644754255633,13.910869200718576,4.165946246364661,13.795595213440215,14.21798785274673,12.083119527568076,9.871783779122614,23.3429928133953,0,E_coli
29.399999999999995,25.092665493689342,18.97745169759228,18.41619882933491,22.119157375936126,23.797610663171376,21.771378478250515,28.692518260274124,33.30135703334664,30.54640792472527,29.854743694108112,25.962040317513964,18.21111490152373,11.376216435322426,7.507981212533604,1.8128244726802767,13.885243966167824,23.881131292199434,13.140559932363853,11.279024499274396,19.564942945002876,7.013181595875415,13.982359058766951,10.883120528627567,6.975644754255633,13.910869200718576,4.165946246364661,13.795595213440215,14.21798785274673,12.083119527568076,9.871783779122614,23.3429928133953,1,Mammalian
30.3,25.17955979668454,18.0792160308948,18.145571432407728,22.610281965529396,24.680592925844394,22.620358222049394,29.20540172755919,32.72761201312737,30.03583884741202,30.74771134808827,25.690129702084583,17.682021918615984,12.26604997771184,6.659669592628202,2.4679946339994823,13.004999038831182,24.087879336677915,14.005004347488741,10.831229897465015,20.38450313638655,6.9987426703701505,14.147946909525007,11.78285830760277,7.247303768864735,14.801022368116339,3.7597772845003807,13.890080636430111,14.931620213208186,12.86541594230264,10.570142649420806,23.95237646165295,0,E_coli
30.3,25.17955979668454,18.0792160308948,18.145571432407728,22.610281965529396,24.680592925844394,22.620358222049394,29.20540172755919,32.72761201312737,30.03583884741202,30.74771134808827,25.690129702084583,17.682021918615984,12.26604997771184,6.659669592628202,2.4679946339994823,13.004999038831182,24.087879336677915,14.005004347488741,10.831229897465015,20.38450313638655,6.9987426703701505,14.147946909525007,11.78285830760277,7.247303768864735,14.801022368116339,3.7597772845003807,13.890080636430111,14.931620213208186,12.86541594230264,10.570142649420806,23.95237646165295,1,Mammalian
30.3,25.17955979668454,18.0792160308948,18.145571432407728,22.610281965529396,24.680592925844394,22.620358222049394,29.20540172755919,32.72761201312737,30.03583884741202,30.74771134808827,25.690129702084583,17.682021918615984,12.26604997771184,6.659669592628202,2.4679946339994823,13.004999038831182,24.087879336677915,14.005004347488741,10.831229897465015,20.38450313638655,6.9987426703701505,14.147946909525007,11.78285830760277,7.247303768864735,14.801022368116339,3.7597772845003807,13.890080636430111,14.931620213208186,12.86541594230264,10.570142649420806,23.95237646165295,1,Yeast
30.3,25.35204282459441,18.17283570034815,17.7097656183747,21.935791713428294,24.154659540877937,22.386695917266252,29.52451493672703,33.99369408262977,29.93412639328176,29.418193376284854,26.831530559738518,18.110318077777467,10.732200704001967,8.405854457703093,1.2791341824487283,14.767870530310049,23.88266535713408,12.245511498388987,12.104299143948161,19.274900229046025,6.332036606604981,14.758822092519422,10.766351534246361,7.851672599935748,14.243851637497583,3.2833449918542583,14.585067316261116,15.112764213972866,12.981910007769354,10.730315096775058,24.068403238446447,1,Mammalian
30.3,25.35204282459441,18.17283570034815,17.7097656183747,21.935791713428294,24.154659540877937,22.386695917266252,29.52451493672703,33.99369408262977,29.93412639328176,29.418193376284854,26.831530559738518,18.110318077777467,10.732200704001967,8.405854457703093,1.2791341824487283,14.767870530310049,23.88266535713408,12.245511498388987,12.104299143948161,19.274900229046025,6.332036606604981,14.758822092519422,10.766351534246361,7.851672599935748,14.243851637497583,3.2833449918542583,14.585067316261116,15.112764213972866,12.981910007769354,10.730315096775058,24.068403238446447,0,E_coli
30.3,25.35204282459441,18.17283570034815,17.7097656183747,21.935791713428294,24.154659540877937,22.386695917266252,29.52451493672703,33.99369408262977,29.93412639328176,29.418193376284854,26.831530559738518,18.110318077777467,10.732200704001967,8.405854457703093,1.2791341824487283,14.767870530310049,23.88266535713408,12.245511498388987,12.104299143948161,19.274900229046025,6.332036606604981,14.758822092519422,10.766351534246361,7.851672599935748,14.243851637497583,3.2833449918542583,14.585067316261116,15.112764213972866,12.981910007769354,10.730315096775058,24.068403238446447,1,Yeast
31.2,25.469262209788223,17.276082356594387,17.466773093983665,22.456451158180496,25.04302288479907,23.226531951696636,30.02845175034233,33.4318328124976,29.407557783183687,30.31379531613497,26.551576884667288,17.545577820826185,11.61339023935193,7.559306946846239,1.688779750931794,13.885243966167826,24.056398973031833,13.111891490232852,11.630400871455898,20.07777979584127,6.244385212270943,14.894996451985612,11.661548631880406,8.093982628916908,15.124858247755192,2.8602654767365805,14.705104732398071,15.822239373214362,13.762053555800097,11.441684647205733,24.692062110671,1,Mammalian
31.2,25.469262209788223,17.276082356594387,17.466773093983665,22.456451158180496,25.04302288479907,23.226531951696636,30.02845175034233,33.4318328124976,29.407557783183687,30.31379531613497,26.551576884667288,17.545577820826185,11.61339023935193,7.559306946846239,1.688779750931794,13.885243966167826,24.056398973031833,13.111891490232852,11.630400871455898,20.07777979584127,6.244385212270943,14.894996451985612,11.661548631880406,8.093982628916908,15.124858247755192,2.8602654767365805,14.705104732398071,15.822239373214362,13.762053555800097,11.441684647205733,24.692062110671,0,E_coli
31.2,25.469262209788223,17.276082356594387,17.466773093983665,22.456451158180496,25.04302288479907,23.226531951696636,30.02845175034233,33.4318328124976,29.407557783183687,30.31379531613497,26.551576884667288,17.545577820826185,11.61339023935193,7.559306946846239,1.688779750931794,13.885243966167826,24.056398973031833,13.111891490232852,11.630400871455898,20.07777979584127,6.244385212270943,14.894996451985612,11.661548631880406,8.093982628916908,15.124858247755192,2.8602654767365805,14.705104732398071,15.822239373214362,13.762053555800097,11.441684647205733,24.692062110671,1,Yeast
25.6,24.396219845369863,22.317782553123795,21.187985491310243,23.048457500834278,23.090432205667963,20.62045550486417,27.174406005682528,31.027605630186084,30.170185907296805,32.960609554589915,26.016072431545858,13.984932850634353,16.531016059028442,8.175212390703301,7.364844324057312,11.81185844818672,15.321773356668686,20.192476317023385,7.0393859971913075,16.243205958751673,21.33521731555128,4.09193753659843,14.006628083597572,11.121496700428638,10.836929653612936,22.622576863113895,15.558142370344799,6.602160265932529,8.56560155555256,12.509855326729301,15.834600406643773,0,E_coli
25.6,24.396219845369863,22.317782553123795,21.187985491310243,23.048457500834278,23.090432205667963,20.62045550486417,27.174406005682528,31.027605630186084,30.170185907296805,32.960609554589915,26.016072431545858,13.984932850634353,16.531016059028442,8.175212390703301,7.364844324057312,11.81185844818672,15.321773356668686,20.192476317023385,7.0393859971913075,16.243205958751673,21.33521731555128,4.09193753659843,14.006628083597572,11.121496700428638,10.836929653612936,22.622576863113895,15.558142370344799,6.602160265932529,8.56560155555256,12.509855326729301,15.834600406643773,1,Mammalian
25.6,24.396219845369863,22.317782553123795,21.187985491310243,23.048457500834278,23.090432205667963,20.62045550486417,27.174406005682528,31.027605630186084,30.170185907296805,32.960609554589915,26.016072431545858,13.984932850634353,16.531016059028442,8.175212390703301,7.364844324057312,11.81185844818672,15.321773356668686,20.192476317023385,7.0393859971913075,16.243205958751673,21.33521731555128,4.09193753659843,14.006628083597572,11.121496700428638,10.836929653612936,22.622576863113895,15.558142370344799,6.602160265932529,8.56560155555256,12.509855326729301,15.834600406643773,1,Yeast
17.400000000000002,25.520519194439583,30.4100291679736,27.31635042822142,24.188039414592694,18.382605751714237,13.21221574120355,19.279292207710338,31.43265210590909,38.29254805106967,30.14562419469115,20.209095086949823,22.148681289891808,13.399643330089548,4.490995770259999,4.996652198898475,10.720074626605918,23.10140556586112,16.665189245396654,6.557245225921996,18.791546042642175,13.597722294401962,6.554912753088475,10.742170261113632,3.1350249742049607,9.411562358685872,14.572731280062616,10.768560567675912,3.4946335607852377,1.957439294457668,5.538941177557709,16.21879814043109,1,Yeast
17.400000000000002,25.520519194439583,30.4100291679736,27.31635042822142,24.188039414592694,18.382605751714237,13.21221574120355,19.279292207710338,31.43265210590909,38.29254805106967,30.14562419469115,20.209095086949823,22.148681289891808,13.399643330089548,4.490995770259999,4.996652198898475,10.720074626605918,23.10140556586112,16.665189245396654,6.557245225921996,18.791546042642175,13.597722294401962,6.554912753088475,10.742170261113632,3.1350249742049607,9.411562358685872,14.572731280062616,10.768560567675912,3.4946335607852377,1.957439294457668,5.538941177557709,16.21879814043109,1,Mammalian
17.400000000000002,25.520519194439583,30.4100291679736,27.31635042822142,24.188039414592694,18.382605751714237,13.21221574120355,19.279292207710338,31.43265210590909,38.29254805106967,30.14562419469115,20.209095086949823,22.148681289891808,13.399643330089548,4.490995770259999,4.996652198898475,10.720074626605918,23.10140556586112,16.665189245396654,6.557245225921996,18.791546042642175,13.597722294401962,6.554912753088475,10.742170261113632,3.1350249742049607,9.411562358685872,14.572731280062616,10.768560567675912,3.4946335607852377,1.957439294457668,5.538941177557709,16.21879814043109,0,E_coli
17.1,25.610547052718264,30.707171053211958,27.560988440591537,24.28128159208977,18.25724457966425,12.959277330256421,18.995345757704488,31.487889780412136,38.59033032042708,30.080051851686314,20.028404063627693,22.44785611046187,13.36680637602768,4.583861353975562,5.142520647446067,10.796758772891057,23.391472181921703,16.598860146831754,6.731094260459974,18.945673940766792,13.325136658763407,6.817349677826935,10.723266232184582,2.8657978254959375,9.490605675832441,14.28146474429797,10.672333640515424,3.6897912162875044,1.9589529939047763,5.350403968599326,16.31103786273685,1,Mammalian
17.1,25.610547052718264,30.707171053211958,27.560988440591537,24.28128159208977,18.25724457966425,12.959277330256421,18.995345757704488,31.487889780412136,38.59033032042708,30.080051851686314,20.028404063627693,22.44785611046187,13.36680637602768,4.583861353975562,5.142520647446067,10.796758772891057,23.391472181921703,16.598860146831754,6.731094260459974,18.945673940766792,13.325136658763407,6.817349677826935,10.723266232184582,2.8657978254959375,9.490605675832441,14.28146474429797,10.672333640515424,3.6897912162875044,1.9589529939047763,5.350403968599326,16.31103786273685,0,E_coli
17.1,25.610547052718264,30.707171053211958,27.560988440591537,24.28128159208977,18.25724457966425,12.959277330256421,18.995345757704488,31.487889780412136,38.59033032042708,30.080051851686314,20.028404063627693,22.44785611046187,13.36680637602768,4.583861353975562,5.142520647446067,10.796758772891057,23.391472181921703,16.598860146831754,6.731094260459974,18.945673940766792,13.325136658763407,6.817349677826935,10.723266232184582,2.8657978254959375,9.490605675832441,14.28146474429797,10.672333640515424,3.6897912162875044,1.9589529939047763,5.350403968599326,16.31103786273685,1,Yeast
4.300000000000001,4.970956694876241,6.36384261163075,7.274873160120713,6.887198930230857,7.268903187549489,12.93274580995895,21.517851736114856,28.7543971100376,31.37102079934399,27.937447921685266,19.5410223614939,9.577784727965811,4.893344519103732,8.34362260044974,10.790095199678142,11.940268003692381,11.903712679286963,11.116238587692909,12.438976654627057,15.53594544892467,15.5795774426251,9.757257376072154,4.81722764393994,15.894799364517372,24.30367927085067,25.20731206278618,19.540293616502826,14.955498306917384,17.608835002767442,18.47011492334732,12.0012097358776,0,E_coli
4.300000000000001,4.970956694876241,6.36384261163075,7.274873160120713,6.887198930230857,7.268903187549489,12.93274580995895,21.517851736114856,28.7543971100376,31.37102079934399,27.937447921685266,19.5410223614939,9.577784727965811,4.893344519103732,8.34362260044974,10.790095199678142,11.940268003692381,11.903712679286963,11.116238587692909,12.438976654627057,15.53594544892467,15.5795774426251,9.757257376072154,4.81722764393994,15.894799364517372,24.30367927085067,25.20731206278618,19.540293616502826,14.955498306917384,17.608835002767442,18.47011492334732,12.0012097358776,1,Mammalian
4.300000000000001,4.970956694876241,6.36384261163075,7.274873160120713,6.887198930230857,7.268903187549489,12.93274580995895,21.517851736114856,28.7543971100376,31.37102079934399,27.937447921685266,19.5410223614939,9.577784727965811,4.893344519103732,8.34362260044974,10.790095199678142,11.940268003692381,11.903712679286963,11.116238587692909,12.438976654627057,15.53594544892467,15.5795774426251,9.757257376072154,4.81722764393994,15.894799364517372,24.30367927085067,25.20731206278618,19.540293616502826,14.955498306917384,17.608835002767442,18.47011492334732,12.0012097358776,1,Yeast
34.8,34.16986504873696,32.276037876533024,29.132467973767145,24.82844384833097,19.586608788084767,13.790181996616749,7.9742052550143905,2.9346314042030914,2.644322958477728,5.360258781496337,6.950077807694334,7.477915831151487,7.562444826706138,7.909050706624365,8.661079133863577,9.261749294814669,9.013703539634905,7.484029449741564,4.631700096096905,1.4534783288966555,4.564735382743759,9.075229001864875,12.926903946503034,15.512186774322476,16.536493705189013,16.079541673477575,14.655060471508268,13.18774247700939,12.653592405888567,13.243891555665938,14.179371487598404,0,E_coli
34.8,34.16986504873696,32.276037876533024,29.132467973767145,24.82844384833097,19.586608788084767,13.790181996616749,7.9742052550143905,2.9346314042030914,2.644322958477728,5.360258781496337,6.950077807694334,7.477915831151487,7.562444826706138,7.909050706624365,8.661079133863577,9.261749294814669,9.013703539634905,7.484029449741564,4.631700096096905,1.4534783288966555,4.564735382743759,9.075229001864875,12.926903946503034,15.512186774322476,16.536493705189013,16.079541673477575,14.655060471508268,13.18774247700939,12.653592405888567,13.243891555665938,14.179371487598404,1,Yeast
34.8,34.16986504873696,32.276037876533024,29.132467973767145,24.82844384833097,19.586608788084767,13.790181996616749,7.9742052550143905,2.9346314042030914,2.644322958477728,5.360258781496337,6.950077807694334,7.477915831151487,7.562444826706138,7.909050706624365,8.661079133863577,9.261749294814669,9.013703539634905,7.484029449741564,4.631700096096905,1.4534783288966555,4.564735382743759,9.075229001864875,12.926903946503034,15.512186774322476,16.536493705189013,16.079541673477575,14.655060471508268,13.18774247700939,12.653592405888567,13.243891555665938,14.179371487598404,1,Mammalian
30.200000000000003,30.006444054795583,29.396417988819433,28.290257040642466,26.581160112753363,24.167762953906728,20.989273044071755,17.056513230667385,12.473626114435216,7.4492079318341835,2.3474719073325345,2.928576030294551,7.292664988613814,10.77513723092575,13.035885082055769,13.886523164741279,13.285330255586421,11.348920634917981,8.350916306173621,4.732021960013544,1.6820515846580526,3.6903179671979234,6.617437941550493,8.661866622998977,9.531455899141529,9.175355254997257,7.729776067472525,5.505565268459869,3.044612765289743,1.8956162404252161,3.3012688717335688,4.687721433334348,1,Mammalian
30.200000000000003,30.006444054795583,29.396417988819433,28.290257040642466,26.581160112753363,24.167762953906728,20.989273044071755,17.056513230667385,12.473626114435216,7.4492079318341835,2.3474719073325345,2.928576030294551,7.292664988613814,10.77513723092575,13.035885082055769,13.886523164741279,13.285330255586421,11.348920634917981,8.350916306173621,4.732021960013544,1.6820515846580526,3.6903179671979234,6.617437941550493,8.661866622998977,9.531455899141529,9.175355254997257,7.729776067472525,5.505565268459869,3.044612765289743,1.8956162404252161,3.3012688717335688,4.687721433334348,0,E_coli
30.200000000000003,30.006444054795583,29.396417988819433,28.290257040642466,26.581160112753363,24.167762953906728,20.989273044071755,17.056513230667385,12.473626114435216,7.4492079318341835,2.3474719073325345,2.928576030294551,7.292664988613814,10.77513723092575,13.035885082055769,13.886523164741279,13.285330255586421,11.348920634917981,8.350916306173621,4.732021960013544,1.6820515846580526,3.6903179671979234,6.617437941550493,8.661866622998977,9.531455899141529,9.175355254997257,7.729776067472525,5.505565268459869,3.044612765289743,1.8956162404252161,3.3012688717335688,4.687721433334348,1,Yeast
19.0,17.62281059273917,14.064153655336746,9.910635597180177,7.166575899695011,6.233247278869372,5.560953249737556,5.779799101619812,8.432259436353496,11.484604368707167,12.481777498435559,10.07998052586457,4.2324441872751155,4.327080331740562,12.844172468711553,19.32514835395474,21.65363710788559,18.73528859086321,10.786520752847549,0.8688771083885682,13.421674947225021,24.664928206794173,32.26016977980157,34.93266476487889,32.5928980116532,26.253291290114248,17.673430334016665,8.87467598421058,2.103627268920037,4.074084731459084,6.284116568164299,6.712688786838064,1,Mammalian
19.0,17.62281059273917,14.064153655336746,9.910635597180177,7.166575899695011,6.233247278869372,5.560953249737556,5.779799101619812,8.432259436353496,11.484604368707167,12.481777498435559,10.07998052586457,4.2324441872751155,4.327080331740562,12.844172468711553,19.32514835395474,21.65363710788559,18.73528859086321,10.786520752847549,0.8688771083885682,13.421674947225021,24.664928206794173,32.26016977980157,34.93266476487889,32.5928980116532,26.253291290114248,17.673430334016665,8.87467598421058,2.103627268920037,4.074084731459084,6.284116568164299,6.712688786838064,0,E_coli
19.0,17.62281059273917,14.064153655336746,9.910635597180177,7.166575899695011,6.233247278869372,5.560953249737556,5.779799101619812,8.432259436353496,11.484604368707167,12.481777498435559,10.07998052586457,4.2324441872751155,4.327080331740562,12.844172468711553,19.32514835395474,21.65363710788559,18.73528859086321,10.786520752847549,0.8688771083885682,13.421674947225021,24.664928206794173,32.26016977980157,34.93266476487889,32.5928980116532,26.253291290114248,17.673430334016665,8.87467598421058,2.103627268920037,4.074084731459084,6.284116568164299,6.712688786838064,1,Yeast
9.8,9.9924772031696,10.53531209824554,11.333046898670217,12.250981681241742,13.142971549719123,13.878528648779541,14.363638208364877,14.551950817903599,14.447133147231773,14.101883299685007,13.620459845448249,13.163528256753322,12.933342272288145,13.101825105776738,13.689112739962212,14.494136745594751,15.151850716062915,15.256109633867347,14.466592114216883,12.582078522207114,9.59364936820317,5.769019396897057,2.5639715841469037,5.1420547831888,9.42467101576483,13.074686747443746,15.519024215468185,16.50473482793803,16.072668393926435,14.618303880106426,12.957344613082023,1,Yeast
9.8,9.9924772031696,10.53531209824554,11.333046898670217,12.250981681241742,13.142971549719123,13.878528648779541,14.363638208364877,14.551950817903599,14.447133147231773,14.101883299685007,13.620459845448249,13.163528256753322,12.933342272288145,13.101825105776738,13.689112739962212,14.494136745594751,15.151850716062915,15.256109633867347,14.466592114216883,12.582078522207114,9.59364936820317,5.769019396897057,2.5639715841469037,5.1420547831888,9.42467101576483,13.074686747443746,15.519024215468185,16.50473482793803,16.072668393926435,14.618303880106426,12.957344613082023,1,Mammalian
9.8,9.9924772031696,10.53531209824554,11.333046898670217,12.250981681241742,13.142971549719123,13.878528648779541,14.363638208364877,14.551950817903599,14.447133147231773,14.101883299685007,13.620459845448249,13.163528256753322,12.933342272288145,13.101825105776738,13.689112739962212,14.494136745594751,15.151850716062915,15.256109633867347,14.466592114216883,12.582078522207114,9.59364936820317,5.769019396897057,2.5639715841469037,5.1420547831888,9.42467101576483,13.074686747443746,15.519024215468185,16.50473482793803,16.072668393926435,14.618303880106426,12.957344613082023,0,E_coli
9.8,11.742473021121153,14.167909624376623,14.6845116112371,14.745168628753989,15.017208329566543,13.186902147725366,8.568895913194364,7.798539951810771,12.70462287943396,14.509739841389734,12.422360050533257,13.824752490039199,20.53039314073833,24.480609324812335,21.94525216731349,14.649232061783989,9.394822434369633,9.716934265873647,7.435265041591386,6.458370615365719,16.573119822638493,25.55872390714859,27.752851273465417,21.87379195795761,11.742928512590776,12.656679866801575,22.67348805346351,28.6995761239316,28.603823482130075,23.44364393397606,15.901140158336208,1,Mammalian
9.8,11.742473021121153,14.167909624376623,14.6845116112371,14.745168628753989,15.017208329566543,13.186902147725366,8.568895913194364,7.798539951810771,12.70462287943396,14.509739841389734,12.422360050533257,13.824752490039199,20.53039314073833,24.480609324812335,21.94525216731349,14.649232061783989,9.394822434369633,9.716934265873647,7.435265041591386,6.458370615365719,16.573119822638493,25.55872390714859,27.752851273465417,21.87379195795761,11.742928512590776,12.656679866801575,22.67348805346351,28.6995761239316,28.603823482130075,23.44364393397606,15.901140158336208,1,Yeast
9.8,11.742473021121153,14.167909624376623,14.6845116112371,14.745168628753989,15.017208329566543,13.186902147725366,8.568895913194364,7.798539951810771,12.70462287943396,14.509739841389734,12.422360050533257,13.824752490039199,20.53039314073833,24.480609324812335,21.94525216731349,14.649232061783989,9.394822434369633,9.716934265873647,7.435265041591386,6.458370615365719,16.573119822638493,25.55872390714859,27.752851273465417,21.87379195795761,11.742928512590776,12.656679866801575,22.67348805346351,28.6995761239316,28.603823482130075,23.44364393397606,15.901140158336208,0,E_coli
25.8,25.581747576916158,24.82783420212333,23.311811977001774,20.846135253921496,17.45159287862846,13.464493421906417,9.552681072753257,6.5636111016066385,4.854011024087977,3.5219450517117323,2.2609133528586893,4.7244054534738575,9.603075511173337,14.725481332747174,18.77075347085199,20.669300907384365,19.780686867166352,16.058060903038637,10.084351182098365,2.9605768069871035,3.9840955838565795,9.38865558075944,12.329789937963675,12.43860962112993,10.019996131704831,6.020335613126499,2.5314582703912647,4.170566275259029,6.527824602174662,7.401996610405104,7.127472167996469,1,Yeast
25.8,25.581747576916158,24.82783420212333,23.311811977001774,20.846135253921496,17.45159287862846,13.464493421906417,9.552681072753257,6.5636111016066385,4.854011024087977,3.5219450517117323,2.2609133528586893,4.7244054534738575,9.603075511173337,14.725481332747174,18.77075347085199,20.669300907384365,19.780686867166352,16.058060903038637,10.084351182098365,2.9605768069871035,3.9840955838565795,9.38865558075944,12.329789937963675,12.43860962112993,10.019996131704831,6.020335613126499,2.5314582703912647,4.170566275259029,6.527824602174662,7.401996610405104,7.127472167996469,1,Mammalian
25.8,25.581747576916158,24.82783420212333,23.311811977001774,20.846135253921496,17.45159287862846,13.464493421906417,9.552681072753257,6.5636111016066385,4.854011024087977,3.5219450517117323,2.2609133528586893,4.7244054534738575,9.603075511173337,14.725481332747174,18.77075347085199,20.669300907384365,19.780686867166352,16.058060903038637,10.084351182098365,2.9605768069871035,3.9840955838565795,9.38865558075944,12.329789937963675,12.43860962112993,10.019996131704831,6.020335613126499,2.5314582703912647,4.170566275259029,6.527824602174662,7.401996610405104,7.127472167996469,0,E_coli
41.1,30.700862248112973,13.981843119763736,15.038990833029517,40.6633199510502,35.757448456222114,11.60565531678584,7.492176242294231,5.85567696750723,10.057370494538162,44.314422745179094,54.94172654778895,28.414672560275644,27.319631714677794,28.410944467523873,17.636171858315357,11.253888216967502,33.9179143248705,21.800309993855326,5.711921034743776,13.018819104291032,23.950168005335296,16.925401977867523,9.540079732163944,24.455082237690494,12.439950226152177,13.323633146664664,23.949733278660716,16.741897830908815,17.323328190382345,4.598374788945838,12.024255763552087,1,Yeast
41.1,30.700862248112973,13.981843119763736,15.038990833029517,40.6633199510502,35.757448456222114,11.60565531678584,7.492176242294231,5.85567696750723,10.057370494538162,44.314422745179094,54.94172654778895,28.414672560275644,27.319631714677794,28.410944467523873,17.636171858315357,11.253888216967502,33.9179143248705,21.800309993855326,5.711921034743776,13.018819104291032,23.950168005335296,16.925401977867523,9.540079732163944,24.455082237690494,12.439950226152177,13.323633146664664,23.949733278660716,16.741897830908815,17.323328190382345,4.598374788945838,12.024255763552087,0,E_coli
41.1,30.700862248112973,13.981843119763736,15.038990833029517,40.6633199510502,35.757448456222114,11.60565531678584,7.492176242294231,5.85567696750723,10.057370494538162,44.314422745179094,54.94172654778895,28.414672560275644,27.319631714677794,28.410944467523873,17.636171858315357,11.253888216967502,33.9179143248705,21.800309993855326,5.711921034743776,13.018819104291032,23.950168005335296,16.925401977867523,9.540079732163944,24.455082237690494,12.439950226152177,13.323633146664664,23.949733278660716,16.741897830908815,17.323328190382345,4.598374788945838,12.024255763552087,1,Mammalian
41.400000000000006,30.98406702205628,14.2096615488274,15.148871973180443,40.701227704674125,35.79190986803514,11.81113792571799,7.713886175014646,5.59212246930585,10.142492093949105,44.44359162474844,54.94754023473227,28.158439148345845,27.292161541878073,28.6902289037571,17.862836644185123,11.33225485064645,34.106730605289854,22.080425859291434,5.626741166303024,12.892199931354765,23.894795442685446,16.761964484542684,9.746313381989063,24.75415452582222,12.705765376015844,13.199630505703619,23.89460403666307,16.57418320736043,17.048501914294455,4.368244900897348,12.314541102251509,0,E_coli
41.400000000000006,30.98406702205628,14.2096615488274,15.148871973180443,40.701227704674125,35.79190986803514,11.81113792571799,7.713886175014646,5.59212246930585,10.142492093949105,44.44359162474844,54.94754023473227,28.158439148345845,27.292161541878073,28.6902289037571,17.862836644185123,11.33225485064645,34.106730605289854,22.080425859291434,5.626741166303024,12.892199931354765,23.894795442685446,16.761964484542684,9.746313381989063,24.75415452582222,12.705765376015844,13.199630505703619,23.89460403666307,16.57418320736043,17.048501914294455,4.368244900897348,12.314541102251509,1,Yeast
41.400000000000006,30.98406702205628,14.2096615488274,15.148871973180443,40.701227704674125,35.79190986803514,11.81113792571799,7.713886175014646,5.59212246930585,10.142492093949105,44.44359162474844,54.94754023473227,28.158439148345845,27.292161541878073,28.6902289037571,17.862836644185123,11.33225485064645,34.106730605289854,22.080425859291434,5.626741166303024,12.892199931354765,23.894795442685446,16.761964484542684,9.746313381989063,24.75415452582222,12.705765376015844,13.199630505703619,23.89460403666307,16.57418320736043,17.048501914294455,4.368244900897348,12.314541102251509,1,Mammalian
32.50000000000001,22.76601790433467,9.376513223913305,14.409084315289277,40.517004277490095,35.83925155799396,8.561225417014361,6.002313388607522,14.047053016513276,11.331370426264648,41.37210690221314,55.469083983010144,36.048347598141945,29.426312688225355,20.653352927715986,12.526444156511472,12.34706442843804,29.304703486230313,14.122029855625362,11.698420699895982,18.441262496825544,26.946188912644743,22.82195337266081,7.316512942499041,15.896549988952485,6.299297289448537,18.663937672273104,26.93959086959368,22.73782833395838,25.44466778976535,12.523511888217556,4.311277201073892,1,Mammalian
32.50000000000001,22.76601790433467,9.376513223913305,14.409084315289277,40.517004277490095,35.83925155799396,8.561225417014361,6.002313388607522,14.047053016513276,11.331370426264648,41.37210690221314,55.469083983010144,36.048347598141945,29.426312688225355,20.653352927715986,12.526444156511472,12.34706442843804,29.304703486230313,14.122029855625362,11.698420699895982,18.441262496825544,26.946188912644743,22.82195337266081,7.316512942499041,15.896549988952485,6.299297289448537,18.663937672273104,26.93959086959368,22.73782833395838,25.44466778976535,12.523511888217556,4.311277201073892,0,E_coli
32.50000000000001,22.76601790433467,9.376513223913305,14.409084315289277,40.517004277490095,35.83925155799396,8.561225417014361,6.002313388607522,14.047053016513276,11.331370426264648,41.37210690221314,55.469083983010144,36.048347598141945,29.426312688225355,20.653352927715986,12.526444156511472,12.34706442843804,29.304703486230313,14.122029855625362,11.698420699895982,18.441262496825544,26.946188912644743,22.82195337266081,7.316512942499041,15.896549988952485,6.299297289448537,18.663937672273104,26.93959086959368,22.73782833395838,25.44466778976535,12.523511888217556,4.311277201073892,1,Yeast
32.800000000000004,23.03477887174422,9.443598071961793,14.344991724953404,40.49138158730085,35.801643036868334,8.540862041341445,5.85141872459501,13.752911670357497,11.178524068437584,41.44823280668448,55.42831532447776,35.77467600300358,29.31292689288384,20.91287775917145,12.641130422830411,12.20901306412603,29.43551947644951,14.372314272331066,11.43360053164249,18.210967318530745,26.800891751580455,22.587071014466947,7.235251542389509,16.19436385250574,6.419132223445247,18.436203912267178,26.794475814447683,22.500249850948762,25.156009955108708,12.23171544914815,4.5268429392045055,0,E_coli
32.800000000000004,23.03477887174422,9.443598071961793,14.344991724953404,40.49138158730085,35.801643036868334,8.540862041341445,5.85141872459501,13.752911670357497,11.178524068437584,41.44823280668448,55.42831532447776,35.77467600300358,29.31292689288384,20.91287775917145,12.641130422830411,12.20901306412603,29.43551947644951,14.372314272331066,11.43360053164249,18.210967318530745,26.800891751580455,22.587071014466947,7.235251542389509,16.19436385250574,6.419132223445247,18.436203912267178,26.794475814447683,22.500249850948762,25.156009955108708,12.23171544914815,4.5268429392045055,1,Yeast
32.800000000000004,23.03477887174422,9.443598071961793,14.344991724953404,40.49138158730085,35.801643036868334,8.540862041341445,5.85141872459501,13.752911670357497,11.178524068437584,41.44823280668448,55.42831532447776,35.77467600300358,29.31292689288384,20.91287775917145,12.641130422830411,12.20901306412603,29.43551947644951,14.372314272331066,11.43360053164249,18.210967318530745,26.800891751580455,22.587071014466947,7.235251542389509,16.19436385250574,6.419132223445247,18.436203912267178,26.794475814447683,22.500249850948762,25.156009955108708,12.23171544914815,4.5268429392045055,1,Mammalian
36.0,27.076715961642538,14.131692372603005,8.144253275231948,35.24139768927607,36.95691015514628,14.064606383252814,5.756041377202679,9.933253034984169,5.685961860732267,29.12728149370142,58.597103994833226,48.78278332633485,23.322753054448906,16.03444893149772,20.071571216735336,9.884331034521256,20.168369431094902,31.221235918519938,14.556248078073006,2.3550733835069826,12.829620805119319,27.82646263550422,18.379524556605745,8.607582944298468,26.631394810005556,20.094817874121443,5.404931573237045,12.611802773610519,11.904963001951632,20.550930337603845,13.098917332907456,1,Yeast
36.0,27.076715961642538,14.131692372603005,8.144253275231948,35.24139768927607,36.95691015514628,14.064606383252814,5.756041377202679,9.933253034984169,5.685961860732267,29.12728149370142,58.597103994833226,48.78278332633485,23.322753054448906,16.03444893149772,20.071571216735336,9.884331034521256,20.168369431094902,31.221235918519938,14.556248078073006,2.3550733835069826,12.829620805119319,27.82646263550422,18.379524556605745,8.607582944298468,26.631394810005556,20.094817874121443,5.404931573237045,12.611802773610519,11.904963001951632,20.550930337603845,13.098917332907456,1,Mammalian
36.0,27.076715961642538,14.131692372603005,8.144253275231948,35.24139768927607,36.95691015514628,14.064606383252814,5.756041377202679,9.933253034984169,5.685961860732267,29.12728149370142,58.597103994833226,48.78278332633485,23.322753054448906,16.03444893149772,20.071571216735336,9.884331034521256,20.168369431094902,31.221235918519938,14.556248078073006,2.3550733835069826,12.829620805119319,27.82646263550422,18.379524556605745,8.607582944298468,26.631394810005556,20.094817874121443,5.404931573237045,12.611802773610519,11.904963001951632,20.550930337603845,13.098917332907456,0,E_coli
33.1,23.304302266315997,9.519668526335355,14.286912345669649,40.467966715349824,35.76651137644699,8.53100628164823,5.712305678622693,13.45902895370153,11.031719945686241,41.526386503837294,55.38914154872993,35.50142985406777,29.202182925765893,21.173472204230016,12.76183973915269,12.076837334335508,29.568800572241653,14.624469489254253,11.170559312881164,17.982727792978622,26.658178865855177,22.35374685105925,7.165638012455246,16.49225695965909,6.550524457117348,18.21056451499776,26.651947623409217,22.26417861421523,24.867620609771542,11.94032560877351,4.751578988920612,1,Mammalian
33.1,23.304302266315997,9.519668526335355,14.286912345669649,40.467966715349824,35.76651137644699,8.53100628164823,5.712305678622693,13.45902895370153,11.031719945686241,41.526386503837294,55.38914154872993,35.50142985406777,29.202182925765893,21.173472204230016,12.76183973915269,12.076837334335508,29.568800572241653,14.624469489254253,11.170559312881164,17.982727792978622,26.658178865855177,22.35374685105925,7.165638012455246,16.49225695965909,6.550524457117348,18.21056451499776,26.651947623409217,22.26417861421523,24.867620609771542,11.94032560877351,4.751578988920612,1,Yeast
33.1,23.304302266315997,9.519668526335355,14.286912345669649,40.467966715349824,35.76651137644699,8.53100628164823,5.712305678622693,13.45902895370153,11.031719945686241,41.526386503837294,55.38914154872993,35.50142985406777,29.202182925765893,21.173472204230016,12.76183973915269,12.076837334335508,29.568800572241653,14.624469489254253,11.170559312881164,17.982727792978622,26.658178865855177,22.35374685105925,7.165638012455246,16.49225695965909,6.550524457117348,18.21056451499776,26.651947623409217,22.26417861421523,24.867620609771542,11.94032560877351,4.751578988920612,0,E_coli
7.099999999999999,9.39203002936827,13.14468390866043,15.515225843033715,15.637090605277649,13.76716601579541,11.31093865473079,10.733616368083402,12.841269266875102,15.419990571960641,16.5259800272588,15.360988714885032,11.959204055550003,6.942527828938394,1.2884957810789353,3.934178913160562,7.803204469959761,9.774050377080602,9.821397184119869,8.594621826192773,7.681236679405069,8.961167195192347,12.141525285293614,15.856258944381096,19.34429641045673,22.24543661740398,24.273685949659388,25.093031322132337,24.37821648183099,21.99659707348453,18.251120677009183,14.239965387696898,1,Mammalian
7.099999999999999,9.39203002936827,13.14468390866043,15.515225843033715,15.637090605277649,13.76716601579541,11.31093865473079,10.733616368083402,12.841269266875102,15.419990571960641,16.5259800272588,15.360988714885032,11.959204055550003,6.942527828938394,1.2884957810789353,3.934178913160562,7.803204469959761,9.774050377080602,9.821397184119869,8.594621826192773,7.681236679405069,8.961167195192347,12.141525285293614,15.856258944381096,19.34429641045673,22.24543661740398,24.273685949659388,25.093031322132337,24.37821648183099,21.99659707348453,18.251120677009183,14.239965387696898,0,E_coli
7.099999999999999,9.39203002936827,13.14468390866043,15.515225843033715,15.637090605277649,13.76716601579541,11.31093865473079,10.733616368083402,12.841269266875102,15.419990571960641,16.5259800272588,15.360988714885032,11.959204055550003,6.942527828938394,1.2884957810789353,3.934178913160562,7.803204469959761,9.774050377080602,9.821397184119869,8.594621826192773,7.681236679405069,8.961167195192347,12.141525285293614,15.856258944381096,19.34429641045673,22.24543661740398,24.273685949659388,25.093031322132337,24.37821648183099,21.99659707348453,18.251120677009183,14.239965387696898,1,Yeast
1.1000000000000005,5.3626792802227685,9.30827474804881,11.061368591599004,10.127292115128,6.742865809570358,3.227939408078361,7.199688602490623,13.1843006533976,17.939300982252007,20.44667515330304,20.340483757303733,17.849200471628702,13.727320811691976,9.13582611519382,5.562624747503526,4.272001872658766,3.972971393397713,2.6251807087230983,0.6857950120383873,4.465383385358758,9.061493012859767,13.589151514812567,17.593177198071206,20.836367636438453,23.202871582863356,24.550354242478743,24.624538599040832,23.1115630834489,19.79779541701037,14.751612748566705,8.545811853856057,0,E_coli
1.1000000000000005,5.3626792802227685,9.30827474804881,11.061368591599004,10.127292115128,6.742865809570358,3.227939408078361,7.199688602490623,13.1843006533976,17.939300982252007,20.44667515330304,20.340483757303733,17.849200471628702,13.727320811691976,9.13582611519382,5.562624747503526,4.272001872658766,3.972971393397713,2.6251807087230983,0.6857950120383873,4.465383385358758,9.061493012859767,13.589151514812567,17.593177198071206,20.836367636438453,23.202871582863356,24.550354242478743,24.624538599040832,23.1115630834489,19.79779541701037,14.751612748566705,8.545811853856057,1,Yeast
1.1000000000000005,5.3626792802227685,9.30827474804881,11.061368591599004,10.127292115128,6.742865809570358,3.227939408078361,7.199688602490623,13.1843006533976,17.939300982252007,20.44667515330304,20.340483757303733,17.849200471628702,13.727320811691976,9.13582611519382,5.562624747503526,4.272001872658766,3.972971393397713,2.6251807087230983,0.6857950120383873,4.465383385358758,9.061493012859767,13.589151514812567,17.593177198071206,20.836367636438453,23.202871582863356,24.550354242478743,24.624538599040832,23.1115630834489,19.79779541701037,14.751612748566705,8.545811853856057,1,Mammalian
3.3999999999999995,2.9137038649297335,1.824482453284895,2.5087444448964025,5.367078943816234,8.811944301066111,12.280340186591,15.387497702893267,17.826065492646933,19.377969079837957,19.931933930812257,19.491988730028297,18.173303108714773,16.184553059950048,13.797024841531758,11.300473786441016,8.945389874119519,6.877014493235089,5.091732429570163,3.4881794016718377,2.156438200548627,2.200433044568124,3.918220921586109,6.0950786265869805,8.204351836181967,9.93402023026377,11.040693969158026,11.355845605355025,10.8090375157475,9.451662605525298,7.494631834443269,5.433302958055894,0,E_coli
3.3999999999999995,2.9137038649297335,1.824482453284895,2.5087444448964025,5.367078943816234,8.811944301066111,12.280340186591,15.387497702893267,17.826065492646933,19.377969079837957,19.931933930812257,19.491988730028297,18.173303108714773,16.184553059950048,13.797024841531758,11.300473786441016,8.945389874119519,6.877014493235089,5.091732429570163,3.4881794016718377,2.156438200548627,2.200433044568124,3.918220921586109,6.0950786265869805,8.204351836181967,9.93402023026377,11.040693969158026,11.355845605355025,10.8090375157475,9.451662605525298,7.494631834443269,5.433302958055894,1,Mammalian
3.3999999999999995,2.9137038649297335,1.824482453284895,2.5087444448964025,5.367078943816234,8.811944301066111,12.280340186591,15.387497702893267,17.826065492646933,19.377969079837957,19.931933930812257,19.491988730028297,18.173303108714773,16.184553059950048,13.797024841531758,11.300473786441016,8.945389874119519,6.877014493235089,5.091732429570163,3.4881794016718377,2.156438200548627,2.200433044568124,3.918220921586109,6.0950786265869805,8.204351836181967,9.93402023026377,11.040693969158026,11.355845605355025,10.8090375157475,9.451662605525298,7.494631834443269,5.433302958055894,1,Yeast
7.5,9.167530614523937,10.57524255797768,8.022791984884016,2.6097751852942688,11.778589921139538,23.555982894031832,32.364903153005564,35.47620907648793,32.35573303225832,24.76317573493969,15.804506623397799,8.672525824442813,6.45330405154959,8.261164425142734,9.308110447782852,7.236711960552249,1.6157487168015605,6.487261429658026,14.25465081722114,19.28043932161967,20.100763274334092,16.60608566442373,9.599268685874268,1.8489428226192774,10.061650556952852,17.62145590465828,20.079498670463284,15.858153387829772,7.473266006505976,11.72415687572222,21.800503908603645,0,E_coli
7.5,9.167530614523937,10.57524255797768,8.022791984884016,2.6097751852942688,11.778589921139538,23.555982894031832,32.364903153005564,35.47620907648793,32.35573303225832,24.76317573493969,15.804506623397799,8.672525824442813,6.45330405154959,8.261164425142734,9.308110447782852,7.236711960552249,1.6157487168015605,6.487261429658026,14.25465081722114,19.28043932161967,20.100763274334092,16.60608566442373,9.599268685874268,1.8489428226192774,10.061650556952852,17.62145590465828,20.079498670463284,15.858153387829772,7.473266006505976,11.72415687572222,21.800503908603645,1,Yeast
7.5,9.167530614523937,10.57524255797768,8.022791984884016,2.6097751852942688,11.778589921139538,23.555982894031832,32.364903153005564,35.47620907648793,32.35573303225832,24.76317573493969,15.804506623397799,8.672525824442813,6.45330405154959,8.261164425142734,9.308110447782852,7.236711960552249,1.6157487168015605,6.487261429658026,14.25465081722114,19.28043932161967,20.100763274334092,16.60608566442373,9.599268685874268,1.8489428226192774,10.061650556952852,17.62145590465828,20.079498670463284,15.858153387829772,7.473266006505976,11.72415687572222,21.800503908603645,1,Mammalian
1.1000000000000014,2.1233001782877294,3.107252714367296,3.3082000594062495,4.054206137294536,6.708055635715227,9.984920175614974,12.349515418453622,13.214144389502122,13.424249883459701,14.672036203691789,17.173520822592963,19.389690478834112,20.113301313154707,19.262656906823747,17.537941899527105,16.11241757155021,16.478233462232332,18.819567902455642,20.84780706377747,19.86263449654922,15.00594451990382,9.853518992078556,13.024581934829495,18.70311172113853,19.500717129885786,14.312891721349045,9.560918101607458,16.57706447438225,24.5374724500213,26.85890746463366,23.90431443062005,1,Yeast
1.1000000000000014,2.1233001782877294,3.107252714367296,3.3082000594062495,4.054206137294536,6.708055635715227,9.984920175614974,12.349515418453622,13.214144389502122,13.424249883459701,14.672036203691789,17.173520822592963,19.389690478834112,20.113301313154707,19.262656906823747,17.537941899527105,16.11241757155021,16.478233462232332,18.819567902455642,20.84780706377747,19.86263449654922,15.00594451990382,9.853518992078556,13.024581934829495,18.70311172113853,19.500717129885786,14.312891721349045,9.560918101607458,16.57706447438225,24.5374724500213,26.85890746463366,23.90431443062005,1,Mammalian
1.1000000000000014,2.1233001782877294,3.107252714367296,3.3082000594062495,4.054206137294536,6.708055635715227,9.984920175614974,12.349515418453622,13.214144389502122,13.424249883459701,14.672036203691789,17.173520822592963,19.389690478834112,20.113301313154707,19.262656906823747,17.537941899527105,16.11241757155021,16.478233462232332,18.819567902455642,20.84780706377747,19.86263449654922,15.00594451990382,9.853518992078556,13.024581934829495,18.70311172113853,19.500717129885786,14.312891721349045,9.560918101607458,16.57706447438225,24.5374724500213,26.85890746463366,23.90431443062005,0,E_coli
2.1,2.0878621720304986,2.061719235922642,2.0522797460920224,2.1070063016886142,2.27559665731314,2.5872595436271744,3.0400397686203067,3.610697199227271,4.269182448288422,4.986237058930278,5.735363896673752,6.492746882836903,7.236854762513508,7.948205218072067,8.609330664887048,9.204890004774635,9.721868634040586,10.149824793896512,10.481154941432303,10.711361303024855,10.83931157287826,10.86748420331311,10.80219227028284,10.653772371113075,10.436708369226132,10.169627089367655,9.875048630362484,9.578700402252794,9.308140097987097,9.090456768328098,8.949051755113356,1,Yeast
2.1,2.0878621720304986,2.061719235922642,2.0522797460920224,2.1070063016886142,2.27559665731314,2.5872595436271744,3.0400397686203067,3.610697199227271,4.269182448288422,4.986237058930278,5.735363896673752,6.492746882836903,7.236854762513508,7.948205218072067,8.609330664887048,9.204890004774635,9.721868634040586,10.149824793896512,10.481154941432303,10.711361303024855,10.83931157287826,10.86748420331311,10.80219227028284,10.653772371113075,10.436708369226132,10.169627089367655,9.875048630362484,9.578700402252794,9.308140097987097,9.090456768328098,8.949051755113356,1,Mammalian
2.1,2.0878621720304986,2.061719235922642,2.0522797460920224,2.1070063016886142,2.27559665731314,2.5872595436271744,3.0400397686203067,3.610697199227271,4.269182448288422,4.986237058930278,5.735363896673752,6.492746882836903,7.236854762513508,7.948205218072067,8.609330664887048,9.204890004774635,9.721868634040586,10.149824793896512,10.481154941432303,10.711361303024855,10.83931157287826,10.86748420331311,10.80219227028284,10.653772371113075,10.436708369226132,10.169627089367655,9.875048630362484,9.578700402252794,9.308140097987097,9.090456768328098,8.949051755113356,0,E_coli
1.1999999999999997,1.0229033277802608,1.132619377607745,3.3383059805214956,7.09088765384301,11.318360229678122,14.514862609427869,15.372376473728233,13.776217622288096,11.473458988762658,10.917450042519762,11.544901400225546,11.246137194090531,10.217903437573995,10.501728335620092,12.963761831878,16.55294535724685,19.43723415372429,18.924126175610652,12.679201601793169,2.646571049175928,15.149428201449421,27.335785123730737,31.303828682682187,24.259757377668866,8.067687750089762,12.16053805759751,27.957256802594536,34.328987345593724,30.117273416359662,19.134067461398047,8.015948028555826,0,E_coli
1.1999999999999997,1.0229033277802608,1.132619377607745,3.3383059805214956,7.09088765384301,11.318360229678122,14.514862609427869,15.372376473728233,13.776217622288096,11.473458988762658,10.917450042519762,11.544901400225546,11.246137194090531,10.217903437573995,10.501728335620092,12.963761831878,16.55294535724685,19.43723415372429,18.924126175610652,12.679201601793169,2.646571049175928,15.149428201449421,27.335785123730737,31.303828682682187,24.259757377668866,8.067687750089762,12.16053805759751,27.957256802594536,34.328987345593724,30.117273416359662,19.134067461398047,8.015948028555826,2,Yeast
1.1999999999999997,1.0229033277802608,1.132619377607745,3.3383059805214956,7.09088765384301,11.318360229678122,14.514862609427869,15.372376473728233,13.776217622288096,11.473458988762658,10.917450042519762,11.544901400225546,11.246137194090531,10.217903437573995,10.501728335620092,12.963761831878,16.55294535724685,19.43723415372429,18.924126175610652,12.679201601793169,2.646571049175928,15.149428201449421,27.335785123730737,31.303828682682187,24.259757377668866,8.067687750089762,12.16053805759751,27.957256802594536,34.328987345593724,30.117273416359662,19.134067461398047,8.015948028555826,1,Mammalian
19.1,19.02330540821896,18.732776369987384,18.076950642974314,16.884545243692607,15.042577800361409,12.56562812077637,9.683296022569875,7.071246271356548,6.2641168936096845,8.08996445141546,11.024042774850988,13.815504136240943,15.888234503210725,16.959563614881127,16.919664837742225,15.800316452527145,13.762610113484778,11.093559073821648,8.235094950574842,5.921233584171493,5.248151855005621,6.3110422925078025,7.844578451558093,9.040878064094557,9.628662991604886,9.580429029390261,8.996029486882867,8.048786878585268,6.9491553856376305,5.9188536424424685,5.174496263621051,1,Mammalian
19.1,19.02330540821896,18.732776369987384,18.076950642974314,16.884545243692607,15.042577800361409,12.56562812077637,9.683296022569875,7.071246271356548,6.2641168936096845,8.08996445141546,11.024042774850988,13.815504136240943,15.888234503210725,16.959563614881127,16.919664837742225,15.800316452527145,13.762610113484778,11.093559073821648,8.235094950574842,5.921233584171493,5.248151855005621,6.3110422925078025,7.844578451558093,9.040878064094557,9.628662991604886,9.580429029390261,8.996029486882867,8.048786878585268,6.9491553856376305,5.9188536424424685,5.174496263621051,0,E_coli
19.1,19.02330540821896,18.732776369987384,18.076950642974314,16.884545243692607,15.042577800361409,12.56562812077637,9.683296022569875,7.071246271356548,6.2641168936096845,8.08996445141546,11.024042774850988,13.815504136240943,15.888234503210725,16.959563614881127,16.919664837742225,15.800316452527145,13.762610113484778,11.093559073821648,8.235094950574842,5.921233584171493,5.248151855005621,6.3110422925078025,7.844578451558093,9.040878064094557,9.628662991604886,9.580429029390261,8.996029486882867,8.048786878585268,6.9491553856376305,5.9188536424424685,5.174496263621051,2,Yeast
15.899999999999999,15.992765865451304,16.21317207385986,16.40297989646265,16.34330174185789,15.806071943414056,14.609603744982051,12.679476329525958,10.135792950271973,7.506382138876652,6.253384308002167,7.846597396465789,11.016435743397745,14.208756370547848,16.649665791322803,17.93421243815624,17.88994130789702,16.561515790834605,14.225336400349947,11.435061121639649,9.120428089102,8.42383548427474,9.459598601432987,11.041886908219977,12.167403226211292,12.390839146982819,11.633820039149374,10.051728659721203,7.949366211069451,5.706245765477326,3.702211953013635,2.261189923314773,0,E_coli
15.899999999999999,15.992765865451304,16.21317207385986,16.40297989646265,16.34330174185789,15.806071943414056,14.609603744982051,12.679476329525958,10.135792950271973,7.506382138876652,6.253384308002167,7.846597396465789,11.016435743397745,14.208756370547848,16.649665791322803,17.93421243815624,17.88994130789702,16.561515790834605,14.225336400349947,11.435061121639649,9.120428089102,8.42383548427474,9.459598601432987,11.041886908219977,12.167403226211292,12.390839146982819,11.633820039149374,10.051728659721203,7.949366211069451,5.706245765477326,3.702211953013635,2.261189923314773,1,Mammalian
15.899999999999999,15.992765865451304,16.21317207385986,16.40297989646265,16.34330174185789,15.806071943414056,14.609603744982051,12.679476329525958,10.135792950271973,7.506382138876652,6.253384308002167,7.846597396465789,11.016435743397745,14.208756370547848,16.649665791322803,17.93421243815624,17.88994130789702,16.561515790834605,14.225336400349947,11.435061121639649,9.120428089102,8.42383548427474,9.459598601432987,11.041886908219977,12.167403226211292,12.390839146982819,11.633820039149374,10.051728659721203,7.949366211069451,5.706245765477326,3.702211953013635,2.261189923314773,2,Yeast
14.700000000000001,14.67542868995216,14.707429202199295,15.057315910057232,15.901550011656587,16.983404875873607,17.554298466967005,16.69825025088626,13.730007687122265,8.474368479747454,1.5718113181232451,6.821660036616048,14.39379960366546,20.212037088848955,23.231080726662977,23.01270041897091,19.840614909825753,14.663207125460897,8.866572372744299,3.9591327228587527,1.5117936946933799,1.949446926943757,3.9712672413212955,7.843106562619465,12.396244952063649,16.24862313853224,18.330119531997877,18.145866715269882,15.903261301412046,12.464984630303476,9.123819257634878,7.070751269613824,1,Mammalian
14.700000000000001,14.67542868995216,14.707429202199295,15.057315910057232,15.901550011656587,16.983404875873607,17.554298466967005,16.69825025088626,13.730007687122265,8.474368479747454,1.5718113181232451,6.821660036616048,14.39379960366546,20.212037088848955,23.231080726662977,23.01270041897091,19.840614909825753,14.663207125460897,8.866572372744299,3.9591327228587527,1.5117936946933799,1.949446926943757,3.9712672413212955,7.843106562619465,12.396244952063649,16.24862313853224,18.330119531997877,18.145866715269882,15.903261301412046,12.464984630303476,9.123819257634878,7.070751269613824,2,Yeast
14.700000000000001,14.67542868995216,14.707429202199295,15.057315910057232,15.901550011656587,16.983404875873607,17.554298466967005,16.69825025088626,13.730007687122265,8.474368479747454,1.5718113181232451,6.821660036616048,14.39379960366546,20.212037088848955,23.231080726662977,23.01270041897091,19.840614909825753,14.663207125460897,8.866572372744299,3.9591327228587527,1.5117936946933799,1.949446926943757,3.9712672413212955,7.843106562619465,12.396244952063649,16.24862313853224,18.330119531997877,18.145866715269882,15.903261301412046,12.464984630303476,9.123819257634878,7.070751269613824,0,E_coli
20.1,19.11119458128175,16.32742716782815,12.306411172216391,8.114301813258326,5.937657106882906,7.379593664574852,9.74553945221214,11.149366191229069,11.163181387996415,10.00713915971869,8.399090830475918,7.489475769624624,8.051476287370294,9.443481311566208,10.613400041247385,10.989540481748998,10.441314643326365,9.128738549189015,7.390618701508403,5.66313088781264,4.441079871185335,4.173844656088597,4.876277601434967,6.153993299791463,7.636008444849487,9.00987180362203,9.98383224569438,10.336092459293342,9.995434789910906,9.118218540419303,8.14208084102534,0,E_coli
20.1,19.11119458128175,16.32742716782815,12.306411172216391,8.114301813258326,5.937657106882906,7.379593664574852,9.74553945221214,11.149366191229069,11.163181387996415,10.00713915971869,8.399090830475918,7.489475769624624,8.051476287370294,9.443481311566208,10.613400041247385,10.989540481748998,10.441314643326365,9.128738549189015,7.390618701508403,5.66313088781264,4.441079871185335,4.173844656088597,4.876277601434967,6.153993299791463,7.636008444849487,9.00987180362203,9.98383224569438,10.336092459293342,9.995434789910906,9.118218540419303,8.14208084102534,1,Mammalian
20.1,19.11119458128175,16.32742716782815,12.306411172216391,8.114301813258326,5.937657106882906,7.379593664574852,9.74553945221214,11.149366191229069,11.163181387996415,10.00713915971869,8.399090830475918,7.489475769624624,8.051476287370294,9.443481311566208,10.613400041247385,10.989540481748998,10.441314643326365,9.128738549189015,7.390618701508403,5.66313088781264,4.441079871185335,4.173844656088597,4.876277601434967,6.153993299791463,7.636008444849487,9.00987180362203,9.98383224569438,10.336092459293342,9.995434789910906,9.118218540419303,8.14208084102534,2,Yeast
36.4,31.33584509160023,11.746250113446262,30.109708367659728,43.226583243684786,25.936290900457944,8.122352616460653,6.622071533781764,20.19127597085302,37.4616688675233,37.92525727973832,12.29881774345051,37.06435962028806,16.090372813347916,14.965396323047905,16.23542554668415,28.504385627478445,11.958161159567155,14.165370813607495,4.525383032287394,27.344429101599825,29.630735527958183,10.377891716823724,4.781177600507974,9.219130906373636,11.853305326882692,23.36333268286521,28.697595085689695,13.60801029255674,22.48363439696266,30.192069961873106,24.837010317340972,0,E_coli
36.4,31.33584509160023,11.746250113446262,30.109708367659728,43.226583243684786,25.936290900457944,8.122352616460653,6.622071533781764,20.19127597085302,37.4616688675233,37.92525727973832,12.29881774345051,37.06435962028806,16.090372813347916,14.965396323047905,16.23542554668415,28.504385627478445,11.958161159567155,14.165370813607495,4.525383032287394,27.344429101599825,29.630735527958183,10.377891716823724,4.781177600507974,9.219130906373636,11.853305326882692,23.36333268286521,28.697595085689695,13.60801029255674,22.48363439696266,30.192069961873106,24.837010317340972,1,Mammalian
36.4,31.33584509160023,11.746250113446262,30.109708367659728,43.226583243684786,25.936290900457944,8.122352616460653,6.622071533781764,20.19127597085302,37.4616688675233,37.92525727973832,12.29881774345051,37.06435962028806,16.090372813347916,14.965396323047905,16.23542554668415,28.504385627478445,11.958161159567155,14.165370813607495,4.525383032287394,27.344429101599825,29.630735527958183,10.377891716823724,4.781177600507974,9.219130906373636,11.853305326882692,23.36333268286521,28.697595085689695,13.60801029255674,22.48363439696266,30.192069961873106,24.837010317340972,2,Yeast
44.7,39.017224077048496,13.978729375918613,25.477216782083786,43.71883235671756,29.625043315319495,12.593508119387764,8.786317075793585,11.996363088132046,35.44105810426203,42.285505581958496,11.249868316333462,31.688266118096788,15.510519263524916,15.404678906439596,20.037002881808615,34.038360712584264,15.903515030818257,19.940064276129696,12.509035156677765,19.063848103536436,24.795496551571066,12.817459477150926,7.600355910647132,15.837527353021462,18.848977959528163,21.117447556224597,21.42537611417715,6.033836530698782,21.498703089101404,22.738305602549,24.543318964941154,0,E_coli
44.7,39.017224077048496,13.978729375918613,25.477216782083786,43.71883235671756,29.625043315319495,12.593508119387764,8.786317075793585,11.996363088132046,35.44105810426203,42.285505581958496,11.249868316333462,31.688266118096788,15.510519263524916,15.404678906439596,20.037002881808615,34.038360712584264,15.903515030818257,19.940064276129696,12.509035156677765,19.063848103536436,24.795496551571066,12.817459477150926,7.600355910647132,15.837527353021462,18.848977959528163,21.117447556224597,21.42537611417715,6.033836530698782,21.498703089101404,22.738305602549,24.543318964941154,2,Yeast
44.7,39.017224077048496,13.978729375918613,25.477216782083786,43.71883235671756,29.625043315319495,12.593508119387764,8.786317075793585,11.996363088132046,35.44105810426203,42.285505581958496,11.249868316333462,31.688266118096788,15.510519263524916,15.404678906439596,20.037002881808615,34.038360712584264,15.903515030818257,19.940064276129696,12.509035156677765,19.063848103536436,24.795496551571066,12.817459477150926,7.600355910647132,15.837527353021462,18.848977959528163,21.117447556224597,21.42537611417715,6.033836530698782,21.498703089101404,22.738305602549,24.543318964941154,1,Mammalian
41.9,36.395566534628806,12.674018149019064,26.843212484042226,43.37623948644108,28.16208010350121,10.580635704221,7.109823939798753,14.747780520413722,35.92162129339933,40.67775552388554,10.93126401890939,33.36821058421153,15.21044906934342,14.744610496084297,18.427250264509638,32.03825837963106,14.157645889229359,17.769798200617725,9.75692055581398,21.855650541540445,26.233467397357458,11.39288381322351,5.5308205530798595,13.397125427557421,16.35319580327372,21.54640028480729,23.803620706044228,8.437707616923355,21.48041128864323,25.193752876561078,24.328315621657538,2,Yeast
41.9,36.395566534628806,12.674018149019064,26.843212484042226,43.37623948644108,28.16208010350121,10.580635704221,7.109823939798753,14.747780520413722,35.92162129339933,40.67775552388554,10.93126401890939,33.36821058421153,15.21044906934342,14.744610496084297,18.427250264509638,32.03825837963106,14.157645889229359,17.769798200617725,9.75692055581398,21.855650541540445,26.233467397357458,11.39288381322351,5.5308205530798595,13.397125427557421,16.35319580327372,21.54640028480729,23.803620706044228,8.437707616923355,21.48041128864323,25.193752876561078,24.328315621657538,1,Mammalian
41.9,36.395566534628806,12.674018149019064,26.843212484042226,43.37623948644108,28.16208010350121,10.580635704221,7.109823939798753,14.747780520413722,35.92162129339933,40.67775552388554,10.93126401890939,33.36821058421153,15.21044906934342,14.744610496084297,18.427250264509638,32.03825837963106,14.157645889229359,17.769798200617725,9.75692055581398,21.855650541540445,26.233467397357458,11.39288381322351,5.5308205530798595,13.397125427557421,16.35319580327372,21.54640028480729,23.803620706044228,8.437707616923355,21.48041128864323,25.193752876561078,24.328315621657538,0,E_coli
33.9,29.088855542963362,12.152203643910761,31.798688259753863,43.38947214458817,25.25784341184616,8.06683746126314,7.797909510664828,22.67460905527845,38.40242862550543,36.87793533887968,13.627218821602776,38.88570744330716,17.07100878923882,15.714474220482028,15.781482017502885,27.1154937259125,11.699911450584974,12.974433055186458,2.5526807969146987,29.840694519258925,31.372706360789824,10.846956740654136,6.272629345814706,7.8766810390090365,10.139385358168433,24.554740698799492,30.989396464610767,16.03085818837546,23.3572661567584,32.51761969553248,25.46066234788715,1,Mammalian
33.9,29.088855542963362,12.152203643910761,31.798688259753863,43.38947214458817,25.25784341184616,8.06683746126314,7.797909510664828,22.67460905527845,38.40242862550543,36.87793533887968,13.627218821602776,38.88570744330716,17.07100878923882,15.714474220482028,15.781482017502885,27.1154937259125,11.699911450584974,12.974433055186458,2.5526807969146987,29.840694519258925,31.372706360789824,10.846956740654136,6.272629345814706,7.8766810390090365,10.139385358168433,24.554740698799492,30.989396464610767,16.03085818837546,23.3572661567584,32.51761969553248,25.46066234788715,2,Yeast
33.9,29.088855542963362,12.152203643910761,31.798688259753863,43.38947214458817,25.25784341184616,8.06683746126314,7.797909510664828,22.67460905527845,38.40242862550543,36.87793533887968,13.627218821602776,38.88570744330716,17.07100878923882,15.714474220482028,15.781482017502885,27.1154937259125,11.699911450584974,12.974433055186458,2.5526807969146987,29.840694519258925,31.372706360789824,10.846956740654136,6.272629345814706,7.8766810390090365,10.139385358168433,24.554740698799492,30.989396464610767,16.03085818837546,23.3572661567584,32.51761969553248,25.46066234788715,0,E_coli
40.4,35.00247221116484,12.184077028931231,27.663970768794826,43.26619267306472,27.463853273758154,9.664916174785176,6.536278242068035,16.228591823243192,36.26547683878767,39.87071581418558,11.052449412064375,34.32836103246042,15.260055936232218,14.601113191582973,17.68737491836977,31.017736861350794,13.370606676767599,16.68450292278988,8.295767073012527,23.352066471589257,27.091595404695905,10.852248707531194,4.741487929732245,12.15371578713951,15.060238575191633,21.920341039184798,25.11347838194452,9.81229799327207,21.620289292747508,26.537254666856825,24.345182036711826,0,E_coli
40.4,35.00247221116484,12.184077028931231,27.663970768794826,43.26619267306472,27.463853273758154,9.664916174785176,6.536278242068035,16.228591823243192,36.26547683878767,39.87071581418558,11.052449412064375,34.32836103246042,15.260055936232218,14.601113191582973,17.68737491836977,31.017736861350794,13.370606676767599,16.68450292278988,8.295767073012527,23.352066471589257,27.091595404695905,10.852248707531194,4.741487929732245,12.15371578713951,15.060238575191633,21.920341039184798,25.11347838194452,9.81229799327207,21.620289292747508,26.537254666856825,24.345182036711826,1,Mammalian
40.4,35.00247221116484,12.184077028931231,27.663970768794826,43.26619267306472,27.463853273758154,9.664916174785176,6.536278242068035,16.228591823243192,36.26547683878767,39.87071581418558,11.052449412064375,34.32836103246042,15.260055936232218,14.601113191582973,17.68737491836977,31.017736861350794,13.370606676767599,16.68450292278988,8.295767073012527,23.352066471589257,27.091595404695905,10.852248707531194,4.741487929732245,12.15371578713951,15.060238575191633,21.920341039184798,25.11347838194452,9.81229799327207,21.620289292747508,26.537254666856825,24.345182036711826,2,Yeast
44.0,38.35944664425059,13.61033946065614,25.79701427174914,43.616588185830786,29.24103422444086,12.060878825407924,8.310651294033478,12.68222390104734,35.54113347585946,41.871803583755884,11.105079293454338,32.093597906382556,15.388359109759094,15.194044353896974,19.609487536443236,33.52760057027643,15.437975159741642,19.382364523576754,11.818897795326201,19.76158125086443,25.133467525418848,12.417523947297509,7.035733897325442,15.215820612891822,18.216743145637643,21.190842002518636,22.010637108106817,6.605612380133116,21.459908973882474,23.34489670693556,24.459714115415917,1,Mammalian
44.0,38.35944664425059,13.61033946065614,25.79701427174914,43.616588185830786,29.24103422444086,12.060878825407924,8.310651294033478,12.68222390104734,35.54113347585946,41.871803583755884,11.105079293454338,32.093597906382556,15.388359109759094,15.194044353896974,19.609487536443236,33.52760057027643,15.437975159741642,19.382364523576754,11.818897795326201,19.76158125086443,25.133467525418848,12.417523947297509,7.035733897325442,15.215820612891822,18.216743145637643,21.190842002518636,22.010637108106817,6.605612380133116,21.459908973882474,23.34489670693556,24.459714115415917,0,E_coli
44.0,38.35944664425059,13.61033946065614,25.79701427174914,43.616588185830786,29.24103422444086,12.060878825407924,8.310651294033478,12.68222390104734,35.54113347585946,41.871803583755884,11.105079293454338,32.093597906382556,15.388359109759094,15.194044353896974,19.609487536443236,33.52760057027643,15.437975159741642,19.382364523576754,11.818897795326201,19.76158125086443,25.133467525418848,12.417523947297509,7.035733897325442,15.215820612891822,18.216743145637643,21.190842002518636,22.010637108106817,6.605612380133116,21.459908973882474,23.34489670693556,24.459714115415917,2,Yeast
38.5,33.25124164721194,11.81037662059366,28.782328377997963,43.20122812965476,26.67445430429797,8.739997606513526,6.266510980969204,18.108821003288654,36.78431631473421,38.907496458008914,11.488741051543391,35.59815027562972,15.53202924515471,14.639621998290975,16.895487320967586,29.783384629689085,12.56143933735969,15.409998595753766,6.470543868394359,25.24813727451986,28.255563453784987,10.440198076962684,4.321022417345554,10.67382789213184,13.484196862484339,22.52886445413532,26.801263979330397,11.598152836129193,21.94387020865583,28.261636662353823,24.498729663486483,2,Yeast
38.5,33.25124164721194,11.81037662059366,28.782328377997963,43.20122812965476,26.67445430429797,8.739997606513526,6.266510980969204,18.108821003288654,36.78431631473421,38.907496458008914,11.488741051543391,35.59815027562972,15.53202924515471,14.639621998290975,16.895487320967586,29.783384629689085,12.56143933735969,15.409998595753766,6.470543868394359,25.24813727451986,28.255563453784987,10.440198076962684,4.321022417345554,10.67382789213184,13.484196862484339,22.52886445413532,26.801263979330397,11.598152836129193,21.94387020865583,28.261636662353823,24.498729663486483,1,Mammalian
38.5,33.25124164721194,11.81037662059366,28.782328377997963,43.20122812965476,26.67445430429797,8.739997606513526,6.266510980969204,18.108821003288654,36.78431631473421,38.907496458008914,11.488741051543391,35.59815027562972,15.53202924515471,14.639621998290975,16.895487320967586,29.783384629689085,12.56143933735969,15.409998595753766,6.470543868394359,25.24813727451986,28.255563453784987,10.440198076962684,4.321022417345554,10.67382789213184,13.484196862484339,22.52886445413532,26.801263979330397,11.598152836129193,21.94387020865583,28.261636662353823,24.498729663486483,0,E_coli
44.9,39.20542906719735,14.088603267575346,25.388651244145535,43.75005827550121,29.73687599568965,12.74866057219583,8.927649346235684,11.800707847583194,35.4149545863031,42.405087245658436,11.298863798666876,31.574351781580038,15.551034316706977,15.470152008848563,20.16194915990662,34.185523251809386,16.03965603012715,20.101042478211486,12.706415448034056,18.86452662524997,24.701727711258773,12.936413750518565,7.765726778320149,16.016344598440323,19.0304878302488,21.100696508672236,21.25943280689451,5.875571943948704,21.513958008317037,22.565987270856553,24.570816961584466,2,Yeast
44.9,39.20542906719735,14.088603267575346,25.388651244145535,43.75005827550121,29.73687599568965,12.74866057219583,8.927649346235684,11.800707847583194,35.4149545863031,42.405087245658436,11.298863798666876,31.574351781580038,15.551034316706977,15.470152008848563,20.16194915990662,34.185523251809386,16.03965603012715,20.101042478211486,12.706415448034056,18.86452662524997,24.701727711258773,12.936413750518565,7.765726778320149,16.016344598440323,19.0304878302488,21.100696508672236,21.25943280689451,5.875571943948704,21.513958008317037,22.565987270856553,24.570816961584466,1,Mammalian
44.9,39.20542906719735,14.088603267575346,25.388651244145535,43.75005827550121,29.73687599568965,12.74866057219583,8.927649346235684,11.800707847583194,35.4149545863031,42.405087245658436,11.298863798666876,31.574351781580038,15.551034316706977,15.470152008848563,20.16194915990662,34.185523251809386,16.03965603012715,20.101042478211486,12.706415448034056,18.86452662524997,24.701727711258773,12.936413750518565,7.765726778320149,16.016344598440323,19.0304878302488,21.100696508672236,21.25943280689451,5.875571943948704,21.513958008317037,22.565987270856553,24.570816961584466,0,E_coli
44.8,39.11131193799087,14.03341756302264,25.43277596879806,43.73433377647661,29.680843867868543,12.670927218205971,8.856700587852238,11.898517408616684,35.427867617876664,42.34522054868617,11.273949181091519,31.63120215861458,15.530468057073739,15.437126277053416,20.099324347005624,34.11187476524854,15.971417531018599,20.02046542974271,12.607714981094686,18.964185578472314,24.748454508919764,12.876685679417118,7.682835491015912,15.926872997448237,18.939686338163394,21.1088368277481,21.342331467119696,5.954390352828418,21.506099410364573,22.652089563474835,24.556868203972254,2,Yeast
44.8,39.11131193799087,14.03341756302264,25.43277596879806,43.73433377647661,29.680843867868543,12.670927218205971,8.856700587852238,11.898517408616684,35.427867617876664,42.34522054868617,11.273949181091519,31.63120215861458,15.530468057073739,15.437126277053416,20.099324347005624,34.11187476524854,15.971417531018599,20.02046542974271,12.607714981094686,18.964185578472314,24.748454508919764,12.876685679417118,7.682835491015912,15.926872997448237,18.939686338163394,21.1088368277481,21.342331467119696,5.954390352828418,21.506099410364573,22.652089563474835,24.556868203972254,0,E_coli
44.8,39.11131193799087,14.03341756302264,25.43277596879806,43.73433377647661,29.680843867868543,12.670927218205971,8.856700587852238,11.898517408616684,35.427867617876664,42.34522054868617,11.273949181091519,31.63120215861458,15.530468057073739,15.437126277053416,20.099324347005624,34.11187476524854,15.971417531018599,20.02046542974271,12.607714981094686,18.964185578472314,24.748454508919764,12.876685679417118,7.682835491015912,15.926872997448237,18.939686338163394,21.1088368277481,21.342331467119696,5.954390352828418,21.506099410364573,22.652089563474835,24.556868203972254,1,Mammalian
34.8,29.893143666890005,11.94752925085011,31.178105165340497,43.31428317683891,25.475917359055824,7.99733799275269,7.298177214540565,21.780169844090537,38.04751455664472,37.23903333618989,13.109638814199325,38.22118401118517,16.681499132594816,15.402315390060247,15.901175024302562,27.597463651574937,11.73232357564024,13.36157802393006,3.1784945638791013,28.94196469923868,30.7335462722776,10.61283987802138,5.65427624294394,8.298445731736114,10.720861516900207,24.102757086289213,30.160537637895715,15.155746270235385,23.01531182352215,31.677360526316757,25.209378388705435,1,Mammalian
34.8,29.893143666890005,11.94752925085011,31.178105165340497,43.31428317683891,25.475917359055824,7.99733799275269,7.298177214540565,21.780169844090537,38.04751455664472,37.23903333618989,13.109638814199325,38.22118401118517,16.681499132594816,15.402315390060247,15.901175024302562,27.597463651574937,11.73232357564024,13.36157802393006,3.1784945638791013,28.94196469923868,30.7335462722776,10.61283987802138,5.65427624294394,8.298445731736114,10.720861516900207,24.102757086289213,30.160537637895715,15.155746270235385,23.01531182352215,31.677360526316757,25.209378388705435,0,E_coli
34.8,29.893143666890005,11.94752925085011,31.178105165340497,43.31428317683891,25.475917359055824,7.99733799275269,7.298177214540565,21.780169844090537,38.04751455664472,37.23903333618989,13.109638814199325,38.22118401118517,16.681499132594816,15.402315390060247,15.901175024302562,27.597463651574937,11.73232357564024,13.36157802393006,3.1784945638791013,28.94196469923868,30.7335462722776,10.61283987802138,5.65427624294394,8.298445731736114,10.720861516900207,24.102757086289213,30.160537637895715,15.155746270235385,23.01531182352215,31.677360526316757,25.209378388705435,2,Yeast
36.0,30.973721124138546,11.776529947132431,30.372429338371944,43.24297522110679,25.812670930693006,8.061563915405948,6.762005709299707,20.588338170132076,37.60260385584349,37.74851329197249,12.487247329762079,37.35049922492,16.225386783743698,15.059885297476324,16.1376461666446,28.271894170713075,11.881921892501916,13.95156763728166,4.171933078902183,27.743786373390154,29.90222537811207,10.4141043750156,4.965627291045862,8.971083066847756,11.559837944165446,23.540172266316244,29.06197654029027,13.993842193753869,22.6071118534788,30.562306995963887,24.920995181051833,2,Yeast
36.0,30.973721124138546,11.776529947132431,30.372429338371944,43.24297522110679,25.812670930693006,8.061563915405948,6.762005709299707,20.588338170132076,37.60260385584349,37.74851329197249,12.487247329762079,37.35049922492,16.225386783743698,15.059885297476324,16.1376461666446,28.271894170713075,11.881921892501916,13.95156763728166,4.171933078902183,27.743786373390154,29.90222537811207,10.4141043750156,4.965627291045862,8.971083066847756,11.559837944165446,23.540172266316244,29.06197654029027,13.993842193753869,22.6071118534788,30.562306995963887,24.920995181051833,1,Mammalian
36.0,30.973721124138546,11.776529947132431,30.372429338371944,43.24297522110679,25.812670930693006,8.061563915405948,6.762005709299707,20.588338170132076,37.60260385584349,37.74851329197249,12.487247329762079,37.35049922492,16.225386783743698,15.059885297476324,16.1376461666446,28.271894170713075,11.881921892501916,13.95156763728166,4.171933078902183,27.743786373390154,29.90222537811207,10.4141043750156,4.965627291045862,8.971083066847756,11.559837944165446,23.540172266316244,29.06197654029027,13.993842193753869,22.6071118534788,30.562306995963887,24.920995181051833,0,E_coli
39.3,33.98665393561129,11.932328531519907,28.301282214789314,43.21841387430112,26.99334959996533,9.092588008359442,6.312161297562781,17.31661951929436,36.55472010484225,39.304745878713135,11.268110532531356,35.05655753876723,15.389534575588154,14.593300384709059,17.20779851047736,30.294719011735364,12.87419353371293,15.931448089230598,7.2343672771686585,24.449717318472615,27.755570194461104,10.574113153877924,4.40404864178886,11.281608414760449,14.138088724439005,22.25490824599347,26.087060344879635,10.841485081274605,21.78802557405087,27.532763504034545,24.416181448047507,0,E_coli
39.3,33.98665393561129,11.932328531519907,28.301282214789314,43.21841387430112,26.99334959996533,9.092588008359442,6.312161297562781,17.31661951929436,36.55472010484225,39.304745878713135,11.268110532531356,35.05655753876723,15.389534575588154,14.593300384709059,17.20779851047736,30.294719011735364,12.87419353371293,15.931448089230598,7.2343672771686585,24.449717318472615,27.755570194461104,10.574113153877924,4.40404864178886,11.281608414760449,14.138088724439005,22.25490824599347,26.087060344879635,10.841485081274605,21.78802557405087,27.532763504034545,24.416181448047507,2,Yeast
39.3,33.98665393561129,11.932328531519907,28.301282214789314,43.21841387430112,26.99334959996533,9.092588008359442,6.312161297562781,17.31661951929436,36.55472010484225,39.304745878713135,11.268110532531356,35.05655753876723,15.389534575588154,14.593300384709059,17.20779851047736,30.294719011735364,12.87419353371293,15.931448089230598,7.2343672771686585,24.449717318472615,27.755570194461104,10.574113153877924,4.40404864178886,11.281608414760449,14.138088724439005,22.25490824599347,26.087060344879635,10.841485081274605,21.78802557405087,27.532763504034545,24.416181448047507,1,Mammalian
36.9,31.789777000882548,11.727491607012475,29.7856027398208,43.211291812565086,26.098614753360856,8.22510553768537,6.477709404637099,19.695115415641325,37.290785139770776,38.150933733127616,12.077784685179925,36.7096779637353,15.934122144334687,14.861586877646548,16.370577762698414,28.800173610587834,12.071435556366556,14.443756219339233,4.977115033481764,26.84525942494424,29.295515776877785,10.354200581243234,4.58938071150388,9.543711477437245,12.228638089275465,23.15010407542975,28.243473897424085,13.12691319753564,22.338401965494505,29.730358022844463,24.740724168177028,0,E_coli
36.9,31.789777000882548,11.727491607012475,29.7856027398208,43.211291812565086,26.098614753360856,8.22510553768537,6.477709404637099,19.695115415641325,37.290785139770776,38.150933733127616,12.077784685179925,36.7096779637353,15.934122144334687,14.861586877646548,16.370577762698414,28.800173610587834,12.071435556366556,14.443756219339233,4.977115033481764,26.84525942494424,29.295515776877785,10.354200581243234,4.58938071150388,9.543711477437245,12.228638089275465,23.15010407542975,28.243473897424085,13.12691319753564,22.338401965494505,29.730358022844463,24.740724168177028,1,Mammalian
36.9,31.789777000882548,11.727491607012475,29.7856027398208,43.211291812565086,26.098614753360856,8.22510553768537,6.477709404637099,19.695115415641325,37.290785139770776,38.150933733127616,12.077784685179925,36.7096779637353,15.934122144334687,14.861586877646548,16.370577762698414,28.800173610587834,12.071435556366556,14.443756219339233,4.977115033481764,26.84525942494424,29.295515776877785,10.354200581243234,4.58938071150388,9.543711477437245,12.228638089275465,23.15010407542975,28.243473897424085,13.12691319753564,22.338401965494505,29.730358022844463,24.740724168177028,2,Yeast
36.3,31.245227487930872,11.75255113558984,30.175105956197367,43.2303348435531,25.904862176798854,8.105347753806601,6.655077298727831,20.290530701543744,37.49655224070404,37.88075261579836,12.344979744156017,37.13569729565095,16.123301988889107,14.988073646159725,16.210110670855954,28.44591359053177,11.937890546638233,14.111160746007522,4.436279420347139,27.44426666450375,29.698335586135208,10.385512498091686,4.824842798899697,9.156110738174306,11.7793505212754,23.40702700301,28.788601787578123,13.704392103543634,22.51390100273911,30.28455825442838,24.85742970082142,1,Mammalian
39.5,35.418366608081556,16.165849860656646,21.976932621899486,40.14847458137476,29.568118699278713,13.303935085928781,7.929662117424097,16.003469231945058,27.215285561674442,40.98057431547269,18.804908071565073,33.34336167292917,35.65252901037462,7.591880892705015,4.561233377045247,20.86935552430885,25.004677169236118,11.235615485711069,25.900569879953956,11.044194000348188,20.641800660864842,18.66678443533924,10.237022343350901,17.854662487490145,25.809226397965674,21.062860073078188,8.664335609547088,10.150172413295047,5.649966089567823,29.458691617939472,34.060146609242324,1,Mammalian
39.5,35.418366608081556,16.165849860656646,21.976932621899486,40.14847458137476,29.568118699278713,13.303935085928781,7.929662117424097,16.003469231945058,27.215285561674442,40.98057431547269,18.804908071565073,33.34336167292917,35.65252901037462,7.591880892705015,4.561233377045247,20.86935552430885,25.004677169236118,11.235615485711069,25.900569879953956,11.044194000348188,20.641800660864842,18.66678443533924,10.237022343350901,17.854662487490145,25.809226397965674,21.062860073078188,8.664335609547088,10.150172413295047,5.649966089567823,29.458691617939472,34.060146609242324,0,E_coli
39.5,35.418366608081556,16.165849860656646,21.976932621899486,40.14847458137476,29.568118699278713,13.303935085928781,7.929662117424097,16.003469231945058,27.215285561674442,40.98057431547269,18.804908071565073,33.34336167292917,35.65252901037462,7.591880892705015,4.561233377045247,20.86935552430885,25.004677169236118,11.235615485711069,25.900569879953956,11.044194000348188,20.641800660864842,18.66678443533924,10.237022343350901,17.854662487490145,25.809226397965674,21.062860073078188,8.664335609547088,10.150172413295047,5.649966089567823,29.458691617939472,34.060146609242324,2,Yeast
45.8,40.05376623780813,14.6067157098362,25.00602484716186,43.901576660151406,30.251371959815717,13.461496749208376,9.589521404515686,10.922207118148172,35.31127083455032,42.95061016175643,11.559665227321307,31.07250157739751,15.763493919429488,15.792790207103167,20.738765305856468,34.85426803133297,16.66823488245797,20.83381297067146,13.595574352696927,17.96776658505484,24.295668626136955,13.495432578005952,8.528274932075249,16.82692460517588,19.85168011228166,21.04868170519183,20.520205180186576,5.199093807623243,21.605394817034377,21.796407060784787,24.714216105543326,2,Yeast
45.8,40.05376623780813,14.6067157098362,25.00602484716186,43.901576660151406,30.251371959815717,13.461496749208376,9.589521404515686,10.922207118148172,35.31127083455032,42.95061016175643,11.559665227321307,31.07250157739751,15.763493919429488,15.792790207103167,20.738765305856468,34.85426803133297,16.66823488245797,20.83381297067146,13.595574352696927,17.96776658505484,24.295668626136955,13.495432578005952,8.528274932075249,16.82692460517588,19.85168011228166,21.04868170519183,20.520205180186576,5.199093807623243,21.605394817034377,21.796407060784787,24.714216105543326,0,E_coli
45.8,40.05376623780813,14.6067157098362,25.00602484716186,43.901576660151406,30.251371959815717,13.461496749208376,9.589521404515686,10.922207118148172,35.31127083455032,42.95061016175643,11.559665227321307,31.07250157739751,15.763493919429488,15.792790207103167,20.738765305856468,34.85426803133297,16.66823488245797,20.83381297067146,13.595574352696927,17.96776658505484,24.295668626136955,13.495432578005952,8.528274932075249,16.82692460517588,19.85168011228166,21.04868170519183,20.520205180186576,5.199093807623243,21.605394817034377,21.796407060784787,24.714216105543326,1,Mammalian
36.6,31.51725053473409,11.736194391437158,29.979485903215203,43.21977319929141,26.000188234350237,8.159933312111082,6.560136164096231,19.992788792283605,37.392606797871125,38.01489947013413,12.208427576579817,36.922083296012495,16.026183505992506,14.921948869778099,16.287779226247416,28.622019495486338,12.001099680758951,14.275274976745006,4.704904311030446,27.144757563339454,29.496087717017655,10.36552795386314,4.699017096650007,9.34710630661378,12.002347441678852,23.27698683058944,28.515762401505437,13.415405566424454,22.424316497199488,30.007237933808387,24.79733094202981,1,Mammalian
36.6,31.51725053473409,11.736194391437158,29.979485903215203,43.21977319929141,26.000188234350237,8.159933312111082,6.560136164096231,19.992788792283605,37.392606797871125,38.01489947013413,12.208427576579817,36.922083296012495,16.026183505992506,14.921948869778099,16.287779226247416,28.622019495486338,12.001099680758951,14.275274976745006,4.704904311030446,27.144757563339454,29.496087717017655,10.36552795386314,4.699017096650007,9.34710630661378,12.002347441678852,23.27698683058944,28.515762401505437,13.415405566424454,22.424316497199488,30.007237933808387,24.79733094202981,2,Yeast
36.6,31.51725053473409,11.736194391437158,29.979485903215203,43.21977319929141,26.000188234350237,8.159933312111082,6.560136164096231,19.992788792283605,37.392606797871125,38.01489947013413,12.208427576579817,36.922083296012495,16.026183505992506,14.921948869778099,16.287779226247416,28.622019495486338,12.001099680758951,14.275274976745006,4.704904311030446,27.144757563339454,29.496087717017655,10.36552795386314,4.699017096650007,9.34710630661378,12.002347441678852,23.27698683058944,28.515762401505437,13.415405566424454,22.424316497199488,30.007237933808387,24.79733094202981,0,E_coli
36.3,31.245227487930872,11.75255113558984,30.175105956197367,43.2303348435531,25.904862176798854,8.105347753806601,6.655077298727831,20.290530701543744,37.49655224070404,37.88075261579836,12.344979744156017,37.13569729565095,16.123301988889107,14.988073646159725,16.210110670855954,28.44591359053177,11.937890546638233,14.111160746007522,4.436279420347139,27.44426666450375,29.698335586135208,10.385512498091686,4.824842798899697,9.156110738174306,11.7793505212754,23.40702700301,28.788601787578123,13.704392103543634,22.51390100273911,30.28455825442838,24.85742970082142,0,E_coli
36.3,31.245227487930872,11.75255113558984,30.175105956197367,43.2303348435531,25.904862176798854,8.105347753806601,6.655077298727831,20.290530701543744,37.49655224070404,37.88075261579836,12.344979744156017,37.13569729565095,16.123301988889107,14.988073646159725,16.210110670855954,28.44591359053177,11.937890546638233,14.111160746007522,4.436279420347139,27.44426666450375,29.698335586135208,10.385512498091686,4.824842798899697,9.156110738174306,11.7793505212754,23.40702700301,28.788601787578123,13.704392103543634,22.51390100273911,30.28455825442838,24.85742970082142,1,Mammalian
36.3,31.245227487930872,11.75255113558984,30.175105956197367,43.2303348435531,25.904862176798854,8.105347753806601,6.655077298727831,20.290530701543744,37.49655224070404,37.88075261579836,12.344979744156017,37.13569729565095,16.123301988889107,14.988073646159725,16.210110670855954,28.44591359053177,11.937890546638233,14.111160746007522,4.436279420347139,27.44426666450375,29.698335586135208,10.385512498091686,4.824842798899697,9.156110738174306,11.7793505212754,23.40702700301,28.788601787578123,13.704392103543634,22.51390100273911,30.28455825442838,24.85742970082142,2,Yeast
