p_0,p_1,p_2,p_3,p_4,p_5,p_6,p_7,p_8,p_9,p_10,p_11,p_12,p_13,p_14,p_15,p_16,p_17,p_18,p_19,p_20,p_21,p_22,p_23,p_24,p_25,p_26,p_27,p_28,p_29,p_30,p_31,target,experimental_characteristics
2473.71,2113.234415583183,1220.1383436972535,245.28087559150205,383.4171175467088,467.9890808050287,157.14000636441247,239.44999648000487,423.645589009338,334.0027817628829,102.6626318537175,94.3339972371794,127.17594168709941,68.72628694227703,86.53588159183784,128.74893709500572,213.22459731466262,300.9135038326043,304.6229930589455,222.05665988756076,121.17957406415543,43.51368236371806,63.308134203791326,143.75557465601298,169.99342667565443,156.702814799399,170.94766445286803,162.36776918698268,93.61842264107327,137.9802944076782,207.93042422661708,156.2394887613192,1,Mammalian
1641.81,1519.5985752541928,1184.0721479755493,719.0720027807793,235.90140658950642,159.60048066211252,395.90179671484844,453.77001043767945,365.50587632415437,199.86599241943742,52.497659216146495,98.12262031586106,118.2835354176635,64.25828378355288,32.17808382646361,119.51731074263274,164.9332049649191,153.37684186901856,96.67616474516308,36.10951375327273,61.11227588117609,85.6996881262965,75.53008481510493,52.70291897703814,59.41906573240538,74.3721770720589,64.050972169886,26.502935407508602,25.087976299689025,67.49994802336363,88.04645175523716,87.0198164040559,1,Mammalian
1330.4299999999998,1265.9222070073986,1082.8352635924932,810.5065633458997,491.7062498181822,175.46854754967657,103.06032118187207,292.8436522786999,388.914853499726,391.14471027892137,318.92623802727775,207.78285365341694,121.74048983727201,146.16437822017548,202.34101918991976,221.648476157962,195.59154097250723,136.47451592450756,72.7978628491208,67.5576757805715,104.98355883938993,122.85881552347247,110.3274788102376,72.66568155319597,22.430161107014776,28.85355325389861,64.97621050333605,81.1981126365342,76.84308295049605,57.50231334014456,32.665030568198546,12.550668218782718,1,Mammalian
1729.73,1595.9347023759753,1229.70338748982,725.6624331722674,210.65852387822713,212.6792463146395,444.8379213848266,482.1215615721503,364.3850796243695,173.28340851607896,54.69006066860888,135.80745148302162,139.69508039519997,73.13054452761715,95.03002777028134,187.53759803764513,229.70405068261203,203.88612838466688,133.74284684895028,88.51247231498996,114.82414945424895,127.84548211514709,96.15947810197271,41.91645945904222,52.32461320585106,82.49934228782065,72.81042106056859,30.553530768580185,53.726450961638314,108.99415027729654,138.69623878465157,141.80311433154526,1,Mammalian
1669.77,1546.5687050467207,1208.1632584073002,738.6768488153922,250.14399933335807,154.3062645310366,396.94097486574543,461.8382042820419,380.37232875972126,221.26725383691513,75.75708031221474,82.96220898797615,96.10556183669833,40.56410651802383,54.78670696255964,141.15201881827318,184.1479679496898,169.97915189920667,112.47379970001091,59.71444589313408,80.82210398564594,106.52638773350573,100.23048619479361,75.50533273268667,61.68677097973642,59.3678625681337,40.91442577173659,0.6477798881111353,52.31222121931885,94.95594760145865,115.11880129683706,114.38788965013053,1,Mammalian
1769.0,1630.031779450876,1249.9428344243156,728.0219358056712,201.20261306241605,247.52934627758594,479.44466894154965,509.18727761645204,376.9782981204705,166.68496116182698,42.553007395721124,152.4284029612283,161.0596509753974,92.48554767402626,97.93167890845778,191.14154796869363,236.8636485406742,212.2803538451195,140.8429767309617,92.15608042309599,116.20096449866588,128.3498393889173,94.77640821311697,39.353962725965005,57.323408361625425,89.2421182843989,79.04767606599331,38.644890149639885,62.9682679936383,119.67077381258359,150.9733499096273,154.7486783763486,1,Mammalian
1683.79,1558.5145285584897,1214.514122479624,737.6369655033867,242.57615589133255,168.3115956033832,410.796785616275,471.6372315838184,382.57102660848636,213.87492374260233,61.0846473220127,93.25528781622238,111.40067151748366,54.94708449347154,53.61735594841506,145.6135418962073,195.2049233497967,185.15591010335,128.88446627239094,75.62953693386291,93.50900130090733,121.99811429857758,117.13277985437915,85.4508302332928,53.22566861701958,41.96055906168581,31.700575755344957,17.51788698725114,48.2594949636294,82.303340892489,98.462138721331,96.6141666043182,1,Mammalian
1727.8,1594.1736117979458,1228.4139382240544,725.038943517634,210.57174497702846,211.31797014023718,443.11311256268584,480.19346288838625,362.61971532022255,172.2413292966307,56.608893827942325,136.63460748066487,139.76380008022264,73.3745581848,96.89518888393424,189.38780478063987,231.34654741318275,205.22193076002372,134.97136786861944,90.28716295430111,116.75070896860251,129.7182622111839,97.6811246767668,41.88658751322371,50.52863011284458,81.53833219198029,72.50433247921089,29.92564586526886,51.85808673479506,107.10237995302968,136.76749201437013,139.87488532534445,1,Mammalian
1667.84,1544.8250951817515,1206.94083233332,738.1999420989141,250.42457807455872,152.91148650320045,395.15413773076034,459.9128419687713,378.73897952990274,220.46552903344858,76.95384596445732,83.920934174709,95.70225547515821,39.46921644216437,56.6976055485426,143.0409120822351,185.73602127751096,171.07527742471297,113.1879772441197,61.02465269826345,82.67207665546626,108.19810331563605,101.2022368025989,75.00901645063338,59.80803110492669,57.900353892105116,40.53800297970232,1.5899382740400283,51.015095164269844,93.22102729456843,113.21484878365312,112.45796326419892,1,Mammalian
1711.85,1580.3510321387585,1220.3628475105468,724.6853555411215,216.59336474156288,196.1383898545339,427.28761745624485,467.5239691500417,357.18757188466617,177.87356526155043,67.93490652616924,127.88036445481653,125.48097608668824,59.28681613338592,97.23468637835896,187.0495426879056,223.41470967686976,192.97069334551554,121.2083895628394,81.01536488997672,110.71911994135472,119.6324373033908,82.7247383889702,31.13890107157036,65.49726628750543,96.56866025469174,84.03926104656155,42.77080592171856,65.26771230610261,121.37012201770823,152.33220009409055,155.8032047293897,1,Mammalian
1701.8600000000001,1571.583053908779,1216.2175093214596,730.8890825081377,240.838009718251,143.61578832885832,340.174822852018,344.06004126292527,203.03520028685776,44.43896029104764,187.57628529427558,267.8477683866329,235.9064913930412,121.94801949336764,82.64636748993878,189.82777130788796,237.9518547941999,201.46495493494928,102.6787938540399,28.477789093794385,106.6116214259426,129.24420672222243,85.19592833936565,29.542564160981748,113.58286245942026,179.64024161867476,190.80261694150082,144.54961364710672,59.6510399784289,43.419840952311944,124.98450907520389,178.2414380460915,1,Mammalian
1552.65,1449.4086620161743,1164.1250741855226,763.3707576775208,337.5975532536499,23.248423953456957,253.08152179439466,325.5972323999813,258.52966957229063,110.45712448001119,102.86768323943797,226.88392327359375,273.8476857702011,227.33097739577886,110.93171504868458,57.769444565263186,176.8780305747438,246.08664052767634,242.12031964583238,174.6202828125136,80.0401726273529,70.19121623501036,129.04598340356785,147.55993144014894,119.46681610741221,65.99717244993172,46.13661051056362,79.28328234778662,97.74234804442627,96.94863615782762,95.44384041254897,103.51924232718912,1,Mammalian
883.94,862.8430317829396,801.4764102130174,705.4342602146005,583.4822832010159,446.880472572126,308.9403330174243,186.51114530591258,110.93431801417168,119.70329238588839,158.437821419333,180.12612136660238,175.86215782806678,147.80355034670774,102.89709639532619,54.03822682606485,44.11438994251195,83.21503812370973,119.02001677947489,138.7774535005424,139.25054109377857,120.86183063874776,86.75143920475138,42.0982509511045,6.677595879553426,52.808342267241166,90.0857772289999,113.66707376052763,120.70182699394223,110.72265573404113,85.85738260166778,51.557694844595794,1,Mammalian
1837.1999999999998,1724.1067191626753,1409.7301515341665,962.3730632980557,477.27676212850173,93.80233641669669,287.8325517997161,429.59688015766113,421.7680348086713,305.74766837687844,148.95698567432748,71.35151225683454,129.5055709626505,140.98970874813907,93.92004328642159,33.61714385780934,73.72586655984448,108.41897003137571,97.09979780448518,47.499097645902296,29.898820078558405,80.80731711853026,98.88949353769202,72.9488635856989,29.969885112081762,88.40796973601664,159.69141869950315,200.97476848819892,201.2013458694586,165.30567480617916,109.79110344531905,53.6975262157792,1,Mammalian
2007.19,1815.3035251077454,1303.6380262390105,638.7980787304598,26.549034145819345,374.63918982625677,491.06519483207126,368.3814481523755,135.13003028480523,115.78472147798364,204.0308649045272,153.93973398283947,29.39163498982082,153.22707775159148,235.8951809841351,214.7256678174018,114.50316371175077,62.24217642887576,137.17509166794832,157.79276670364075,119.05135714593608,79.30399556720344,93.79730106948786,101.18806058007748,77.68583085239935,65.62723120455185,88.06814123266285,97.12634123346584,80.44451591165196,63.1405635639518,72.56761647431547,88.83718912238396,1,Mammalian
2671.2400000000002,2217.617651143062,1123.5448029558179,104.05709518609177,618.046963080892,554.1034175297964,142.44259104823615,288.0127323983319,307.48227775290184,72.51588387209333,233.69311085453793,278.1409382846197,134.9504984157979,160.85897716624325,162.16178432445994,59.55916210311474,306.4771551029539,437.3959939283867,371.19521058686115,197.12047480274606,66.18711347599393,87.61905752586402,171.31927167582182,204.0954418962614,143.6339669712124,114.33348754138903,177.8275775544644,179.51632090373388,151.10633478954531,157.56330403770852,140.60862669561206,79.90242105425517,1,Mammalian
2599.11,2166.4671138072445,1123.9624816021771,70.13300707215727,512.0376734398499,457.56151902582536,74.79162262699596,222.29914458576613,172.3388876791402,135.97996608261693,378.7792024357227,350.4513524817615,82.45258033187825,223.5433277724105,294.6692402964936,105.63644343906957,197.0190135494542,387.52825052928074,376.575214256946,233.12410393070664,91.43429567574222,15.277161424672197,96.87993916282038,132.02435887713878,78.32042641301635,23.007025033282677,82.2758440936282,66.9218463609351,57.02803301186052,67.8223119793692,20.18098695718956,86.36873400969058,1,Mammalian
2786.3900000000003,2311.3567218043886,1159.1918430916953,37.62432696677645,702.09444558371,668.8970729392761,216.2832818096378,206.97400711882145,298.41762193614085,105.53288176656541,125.50410551155575,164.35321833593855,21.461617649485987,125.76897004116196,102.90116949214335,160.77384516557092,392.4352890605023,461.58975821471785,310.19458561655534,84.80757072783798,153.21703908666657,148.3553161370193,59.845948623452244,166.45279324271138,229.43852230603852,199.52793209106244,110.31567829545291,95.96595436077565,213.64145052373385,272.7007517593322,232.68131671015556,141.0795822138317,1,Mammalian
3347.97,2393.0298147184503,490.13663670024584,792.7400239158687,597.060748762463,176.23894547190335,321.7460062865773,178.5592518564363,402.16326555311673,167.20870070871726,281.9722799494291,223.63308777913608,124.70224226467367,257.33130008793233,56.784124984590065,268.16663970136017,306.97304523361646,258.03158442061437,233.9549325869977,121.56607871599577,30.912772024926838,68.46922590261705,26.847777117946407,93.81773870834486,158.73948103623528,93.5435126332696,62.42335057999406,46.208704929997616,46.93215941233285,103.49459027701685,144.5272077398229,135.9620042553997,1,Mammalian
3333.9,2381.7023242695363,490.88935014929433,793.5621376844575,587.5812860682486,183.7870502677383,335.49395976511795,164.97623299203875,394.6153625025821,176.46997617939508,281.51921886653497,213.0613960165243,137.5277910641796,270.8298258685721,54.043228772121836,258.4741091348701,299.2562717805593,247.05034293744055,221.74301665139438,111.07761524985345,40.85766667514271,82.49943752011356,40.65175472980886,86.25803163238056,157.98672120452306,104.34419129449175,65.57865163450316,33.46744101992898,60.99252102719811,107.88899420295236,132.2348575728524,123.08653688885838,1,Mammalian
3336.92,2383.4991709738383,491.10331256778943,796.5753237075998,589.6005144983782,186.28922693932577,338.4482858714447,165.82111096013722,396.20545990969384,178.69380245616475,281.51356160449586,215.11415276953662,134.75396829162753,270.0150066802293,53.9173594945992,256.2528323352397,300.87383568532505,248.99047226607286,219.1508873280002,108.99494398152616,38.50685617801915,82.34781813731541,43.63681210356088,83.62001915712382,158.0430559618104,106.20200644820166,66.62478241072448,35.06651966096841,57.97419564075182,105.09070600583038,129.64354336032022,121.83771062730742,1,Mammalian
1511.58,1426.098536997962,1186.3084523763143,838.5629253585771,449.69877631749046,114.38605263824586,225.05164679347376,377.2689724521194,405.266377932378,324.20676150606573,174.05946835633026,8.197675796528255,136.91571009772255,217.08580157794458,223.19784479150084,163.13412597824689,61.083893130677254,51.458073886855495,143.23423976215224,194.09678679826618,197.61566558604306,162.42602078701898,110.25028626123546,75.12232434921233,78.45704377282492,87.7615733461047,83.62960740189504,75.75929738883534,82.09820717880041,100.05107197811722,115.26877529009626,122.50692475964752,1,Mammalian
3120.6099999999997,2595.8579895836874,1328.5506544390246,57.933039175235834,674.4332098046514,600.3741235408896,97.37766818863672,341.4166722485778,357.52305398979513,59.83348106351869,284.31669897374195,323.98644228758855,95.40996173624802,207.19972263673407,261.99555499206093,46.19770222445426,310.1878858047167,523.8039434649435,489.62011357068104,279.2987327541969,66.14726556225537,43.06582027913572,79.97804892294465,109.05938936551694,83.22969701861281,23.90425237018897,106.93647764976278,192.8269586269999,247.34522832009367,226.11505081161602,118.23204811824208,40.384897361403596,1,Mammalian
2963.2999999999997,2465.377205093559,1265.4573278857124,100.05247146213325,631.9557931171457,566.6656818218324,121.05521662013376,258.6825048304909,226.10543163935213,98.50555388293549,368.83307087547365,344.1251261993565,99.34157661642097,279.5927622158152,305.00908466812393,21.28169467145859,378.1845798019797,625.3241360701218,589.6283881930891,357.8330361526852,151.8263855444813,106.42899162846503,45.61357965850053,50.20042683230216,79.89292949430674,43.16148207054672,62.79967565418626,152.64879969227582,209.99853369378891,181.78920623640462,83.74282448766947,130.3922043182652,1,Mammalian
3092.47,2566.0702940006054,1291.9736461934326,32.47819024606769,744.6235214531832,693.7279010025766,197.71551437439163,247.5321576587205,296.52855056622735,34.75375815039584,246.21616478925225,268.92766496959183,57.82704873331981,181.26476492783326,176.04961485171827,110.81663742800211,447.2819840995163,619.0492371542426,517.7531766911703,251.37340607025604,83.63376027003916,111.9607469228643,91.51658245667545,162.9302141148682,204.28977091154704,168.46877477751937,113.71045273634735,149.9775873489749,236.42892690309426,267.91663111499713,212.44327413334938,114.66586606693791,1,Mammalian
3007.3599999999997,2501.2489332790287,1280.2980667500922,112.98875897992066,668.380941298866,610.3165346497149,154.98841502810868,250.04738237149647,243.96703131348048,70.36335565798296,325.3471471433542,311.1121614546382,108.0853953742048,272.9337028860008,274.2649818096008,23.9963487441306,411.3333684494852,636.3139039243067,572.2387606932884,317.75447188417576,127.5222626567117,127.5776426599222,62.03085397091518,73.53018221868132,120.91857273424658,78.82169498969814,33.68664192058369,157.8184981226509,237.46471136182774,217.4204691298366,125.14922434307505,151.51180543954564,1,Mammalian
3003.58,2436.5608238465984,1125.737917560396,134.07348643465207,565.7344596698829,309.7957782227595,151.95516522008816,284.042922785331,61.25727111210551,295.2199855826664,339.40508928885953,120.29338225153697,216.9750100512397,272.51887185495644,144.7770801505303,180.7404168742093,290.7019783214418,341.4143912245995,301.6589336408154,182.01289772702017,176.91177831899273,162.88161923127333,30.27600863364478,169.64057856220919,187.8339328659707,89.1456331939652,160.7884512346949,212.27652134081822,246.5056462787449,279.664291723995,198.1281993131638,63.35547556517511,1,Mammalian
2742.97,2202.71520958569,940.7334264901858,255.76909558451717,706.7251781381458,381.64405828851744,264.78494916042763,599.5880516521235,439.07369426959565,75.08576860127664,267.7278755781402,173.96445255672035,135.60864557257767,352.60651675485803,317.2351921590733,174.51892885344427,183.28901903823905,132.92590775697332,82.59599619513965,106.36671252525099,68.36009518677231,254.5633683054445,338.86657519470305,214.79494515804305,107.20669195740389,257.5279155617986,249.74971781186187,156.13075424127035,188.65903322563847,168.38910001521464,92.17471973158243,240.12678266800236,1,Mammalian
3571.88,2443.4148066230364,290.3321381914103,770.8840120810866,220.1774147951958,565.6898890771905,332.86145475450616,471.3523456965987,667.2284358695468,126.66444173722962,384.7949104826316,204.0900046428999,243.10069293676793,331.66911790511193,240.75868821711154,241.4493897486765,181.84632853043786,126.46380580497735,116.66293187327324,141.48578592565002,169.32790431308516,293.6965339984058,202.06764739777873,159.71903326428983,70.00140546501937,263.9315688008172,336.2351925552549,114.32784497858914,227.69559488208427,214.29772472841918,141.65059080620347,229.11166377861008,1,Mammalian
2669.0699999999997,2329.1391840698952,1465.5629035179013,468.33118662784847,318.2417291403382,564.8247250273989,385.76167961419776,132.2564363952017,337.8642380782145,374.81003316985056,205.28417852990245,125.36895445246837,247.13435886862285,242.48342832866845,153.38328347058015,107.70947701479788,113.40637768661874,160.06377389091898,234.70834246284107,245.02353671415943,162.99826199718552,93.73132453646235,163.2301579177321,186.39610852613123,134.19852468573416,98.6699562975809,130.75191618659113,127.08245340918347,68.81224808316642,36.38499866293822,100.90475661995158,143.16645848974363,1,Mammalian
1512.7199999999998,1427.4508821846368,1188.5604924791066,842.9239881189338,457.0192516101056,110.52129151185204,187.69574844860443,334.56229342813015,358.1049243572849,278.45159539089485,139.2231247055541,41.59705391006753,143.50043141427204,199.60986806653713,187.7944880697453,121.06380994151142,28.323163665099244,59.79785545005212,111.3165858467878,112.91814802881626,66.00930269535534,15.53387007767183,100.32327520264839,167.32936328020654,196.32686813338424,180.95404148372901,128.77399663072296,58.725937163605224,20.114397811759943,57.92759518218327,67.78004344764307,47.03070966025674,0,Mammalian
1898.1299999999999,1730.702758631041,1281.8186351171653,691.7830136055754,137.76491453680137,242.9950406854068,368.06101819310425,269.9125623674884,64.03446006653888,186.5987467591735,298.66956368244587,266.90918076874607,120.89775268008762,63.97570349821776,194.15521077940917,220.76773793927958,144.57606337150006,42.51474137823177,119.44044802629368,157.9142029199202,108.73505999495981,63.64872505437843,165.54386934249635,233.18301710068584,213.66295824027816,114.42079744623923,23.19590191714997,129.87787899516002,171.67354381926376,144.40977182457377,106.04041608087923,130.73522358604333,0,Mammalian
1066.17,1038.2822288207851,957.0611106357355,829.5879443522265,666.8771148049047,482.80364023117113,292.8821526862278,114.26296706864733,60.9529110820088,179.8065226518892,264.47763661844385,306.73123970969687,307.64713991711454,272.6563359716951,210.54870356146006,132.75171666540714,56.17336468469734,52.91804296627164,109.46975038817823,151.64146460171543,170.50760556785272,165.26307129341274,138.83151550698886,96.90709306211245,47.551610179138294,17.773220765257847,54.26183086997009,85.52817414041522,101.22940231880747,100.10514629099335,84.59849210539006,61.94805301488397,0,Mammalian
1655.7,1541.8549751872133,1227.027422309006,784.0190112914156,311.9592472638792,91.0970607673209,350.02685282515165,435.72183489568556,364.43307903879776,190.7447924696648,12.351754976179295,173.84934271913255,249.10996934463816,226.03626697600225,126.7234893596118,19.002285200080145,123.26390063599315,183.19353676128344,175.7456056582103,120.51265990398595,93.3088603279557,144.98485202650778,185.72633250664637,177.02504058262755,121.39080237934563,48.701614570181896,61.12931689643851,105.55783067686468,112.80930725771412,85.57683176874662,50.75804485796706,50.459540783918214,0,Mammalian
2866.24,2392.978236429121,1246.5677623844456,113.54240126787734,618.0880037614388,582.5199288222092,139.93666142213888,288.1030889264089,372.1646484236105,197.81711103595217,179.81554260959564,200.93602563913345,52.59315351866023,141.7739761540929,181.24707401282575,124.07340174110676,226.49403789062535,282.87442094217386,200.3680747918369,87.45615492847422,60.29058890729999,59.26028461938823,152.93323315231763,184.6821471196532,111.56535153769875,44.58810722506543,94.49021497589041,161.89182085943781,273.0776400556684,323.5381657823459,259.4726618495095,143.07192133145105,0,Mammalian
3331.8,2641.58439619563,1087.1813553791376,247.88021837853245,609.7743245591108,202.4333938170356,402.4341736348649,429.46665769831344,112.862977925182,313.7147013360332,263.9908000558842,53.41837314619743,154.63098515225371,90.5148000269795,280.64727940912013,307.44168878323813,92.5047458242008,186.69222182110752,242.13154144777374,110.16342463830537,61.10560377276542,84.56217635111676,53.42480488208622,94.55238422101715,199.00886868142288,232.2291701155307,117.97895603114374,75.23622020318989,112.21693600740225,80.4686579847744,228.2728351034261,216.2941908772453,0,Mammalian
2042.2,1890.765341474497,1477.0387677574276,910.5645689000132,343.1113561005794,190.90860707934453,421.4291735120992,458.8971913041549,337.0173310958132,172.06612431689905,162.97263892724462,218.76106253889643,185.78184621153372,85.67934787293342,116.69490569039567,215.07778343569143,238.0368786553881,171.72672584261807,67.69877748244471,138.86186626027236,240.7311745551623,275.5342909280408,239.02700681335446,163.06797738105467,104.94825268223882,96.55795503346748,86.149969961667,64.20709320545146,89.84733568864121,133.09451431410005,144.45745262312914,119.16998726983898,0,Mammalian
3026.4300000000003,2504.45723640302,1271.7805652410493,85.284389326546,476.6675783299557,308.687076592096,159.66441442294862,393.0678030750953,225.2323006306112,176.70106811463498,367.4175560201307,243.95473278425374,93.09369103399939,283.1992954782757,256.59597131943303,149.93207059672758,189.59975659267087,174.14044823227735,125.31545686532762,104.47170816958676,30.94889999134922,75.49184471629107,97.98127214196884,147.11419337029352,235.71596669008647,211.03066949080062,86.57057478815943,104.76736814732612,90.950681405074,80.62182647327194,200.81307983766555,174.78322344199591,0,Mammalian
4011.5699999999997,2821.719225473475,506.7232844476876,741.5329838672055,359.0349615367125,439.68838278119705,364.1702037232581,184.96547222778503,248.86606868370913,247.79336663968644,335.3120494832263,75.11396596011909,356.4948916958258,161.1259336104405,174.6506464208634,226.90902412861126,278.51375280226284,298.5939053983065,201.69763849684864,86.0096576236188,160.6462129957936,179.04767046042463,175.41048739918276,342.45860677130116,178.15974758041006,136.0892659973428,122.77672512589749,122.24580804640766,60.63655695389468,190.53177694926615,238.60399199799036,25.380671559397886,0,Mammalian
2599.05,2283.195216157302,1474.031808309491,515.5433990079191,218.8715441480772,502.155869293629,356.95915225592904,96.36442863386023,332.8557436915019,381.5512314298697,185.75021196104584,136.35261949693256,346.4017674977429,365.5841745710688,214.41141352576562,52.759168859399324,105.32018087717073,46.9891178715111,127.47504704225985,295.8162884695464,354.4744945781205,271.0695096276062,116.22008894337807,128.40352539501598,197.32220171987026,174.75424162255845,104.72979560265662,77.98189043475745,78.48034996266256,44.59378965879573,13.551200665728015,54.5508135235849,0,Mammalian
2550.97,2236.167286857855,1430.0317163753805,476.0907683271534,251.7897828976402,529.8148557917053,382.2355912359675,133.3446880533137,342.51051178569656,390.8620029561791,193.81209964814795,113.43549265245002,327.39798770560606,347.0684292311273,195.4804930371957,39.375043053559224,115.33060868650598,57.66690241172703,112.25332696719377,279.0993068324987,335.597434999306,251.03048621113493,108.73680000997862,159.70845854806964,233.4946550058485,213.7635016270056,145.78061053422437,109.30093352053017,101.6266583951559,73.31903608136398,33.97276446714193,18.442844754147956,0,Mammalian
2550.0299999999997,2235.235812892649,1429.1255718489265,475.2287459342423,252.62947906773846,530.602972933358,383.0349931872364,134.09543162499676,342.44325330725957,390.7733745995895,193.7339708524164,113.04490326812014,327.03399056620947,346.58606074937995,194.8219914260963,38.80433717427767,115.86404662361815,58.371541951863854,111.48698344564215,278.26750081384284,334.73157751949566,250.17321184990485,108.26847226222255,160.37599087594646,234.28930078930205,214.6045629001843,146.7032707432916,110.18630984709493,102.40084927193485,74.16639110424678,34.89921009813609,18.231045796915236,0,Mammalian
2542.95,2227.868712388786,1420.9097922751978,465.6117884878821,263.62382010084906,543.3975770928606,395.81168771214226,117.78693815559471,313.21525804714315,359.33708747090475,160.4459821489455,153.11447419177,370.19992575022195,392.84277697922516,243.25249287815387,55.208564762838776,61.52198712655489,5.957695952095744,170.84543162635708,339.08759944876107,397.2639409713132,315.61792604859056,170.86311576347322,154.38170448032258,204.296594994781,174.6104866998289,90.0857436478264,36.00636455219219,43.08177867621513,21.393022418869727,44.15232907971954,83.485533946273,0,Mammalian
2585.0299999999997,2269.9230959934694,1462.8938169719293,507.51213029023586,221.90750945778504,501.6112831368071,353.7366999233591,108.15670478562512,346.6623932695263,395.5696156042959,199.63051547627873,131.39636515663796,342.07148843362006,365.7490926779318,220.72020500082016,66.02396491277031,100.12281108718415,39.43203191701744,141.44139617177234,309.65688831248144,367.2169888400448,282.44831870553605,129.22167999275547,137.6839961382192,205.53063833074685,183.93584876027472,112.54266000283111,78.0863350682937,76.13596229313241,45.16106214229715,5.856136612037605,42.58739426382484,0,Mammalian
2585.0299999999997,2269.9230959934694,1462.8938169719293,507.51213029023586,221.90750945778504,501.6112831368071,353.7366999233591,108.15670478562512,346.6623932695263,395.5696156042959,199.63051547627873,131.39636515663796,342.07148843362006,365.7490926779318,220.72020500082016,66.02396491277031,100.12281108718415,39.43203191701744,141.44139617177234,309.65688831248144,367.2169888400448,282.44831870553605,129.22167999275547,137.6839961382192,205.53063833074685,183.93584876027472,112.54266000283111,78.0863350682937,76.13596229313241,45.16106214229715,5.856136612037605,42.58739426382484,0,Mammalian
2600.05,2284.9341809231278,1477.880881699192,522.4749966158336,207.05297250007283,486.7083746881111,338.7187905524042,108.53043089409041,359.0410384133809,408.77380842223835,213.8835960988938,126.16301488415071,332.74500725255797,356.7826408464903,214.11090140245793,75.39772433839342,114.4962222084204,54.35859907768062,132.61115788753534,299.88328876892814,357.0811552116692,271.2081679399562,114.43594910090448,134.43881108726487,208.04087419312876,189.429382901154,123.07603967669583,93.10633099843831,89.78250007701455,58.83698975835937,14.434336485297665,28.825282561806983,0,Mammalian
2601.0699999999997,2282.6872597363754,1467.1444539083373,501.4484962174081,235.83901142598967,517.423328770235,363.1042253885877,92.1437966649775,349.75124244980793,408.8735172000088,215.18442381816868,115.47805490077377,334.80989256876023,368.72988660446873,231.17581485645616,72.34325723143304,96.35939653194164,49.79895056198608,134.85069678391548,294.65719585139067,352.2695971336694,276.40287570121603,141.32760888674719,141.33419521291606,193.0410241498311,168.39265931776004,109.66398086886787,93.5547210620248,87.41614417823241,47.93020488450139,21.874256231823992,57.905903186342634,0,Mammalian
2585.0299999999997,2269.9230959934694,1462.8938169719293,507.51213029023586,221.90750945778504,501.6112831368071,353.7366999233591,108.15670478562512,346.6623932695263,395.5696156042959,199.63051547627873,131.39636515663796,342.07148843362006,365.7490926779318,220.72020500082016,66.02396491277031,100.12281108718415,39.43203191701744,141.44139617177234,309.65688831248144,367.2169888400448,282.44831870553605,129.22167999275547,137.6839961382192,205.53063833074685,183.93584876027472,112.54266000283111,78.0863350682937,76.13596229313241,45.16106214229715,5.856136612037605,42.58739426382484,0,Mammalian
2890.3999999999996,2450.736785943124,1370.2668142131856,214.5375006631433,480.2888745682668,506.2707076863351,79.3953328858364,375.3044657296467,504.14749742864876,261.54303091645704,130.15122270707215,374.87209667838863,338.50295854831865,131.31576875937722,150.63541034788074,178.0688543414377,127.53105660975297,209.69907790527367,217.21775065372387,143.03132496932963,266.9368346154356,362.956491530726,275.6986806835949,56.27072686889274,171.1958388408743,262.7028851556387,206.2371370560961,75.15535122869775,32.92223481895963,68.11831510687517,46.49460321737105,16.068207502003613,0,Mammalian
2558.95,2243.8588591417115,1436.8726381615363,481.5397855964624,247.7476113222742,527.5037504195121,379.81346264250607,112.37948298293975,325.6970057574993,372.9690741181103,175.1868582034672,143.7960997977444,359.1835229940028,382.22155883323666,234.050103683946,55.9397221370091,75.76380996227674,13.997476565473823,158.9950921216881,327.5720071434234,385.5741123249601,302.7450627152944,155.00196151763325,146.84046954906586,203.74522581056831,177.03915704657217,97.09971569094763,52.006347719721994,54.195053266356595,25.33474169163019,28.35419538954619,67.76460539272138,0,Mammalian
2571.01,2255.9115246070824,1448.9051749716161,493.5485920510657,235.79198016653567,515.5281200318093,367.75490256995687,109.67872873683379,335.3027060808175,383.36517860281475,186.43506555814872,137.58744050592313,351.1334340136052,374.4686336908942,227.61181916977515,59.404638125290134,86.90391533181904,25.59806612017409,150.57105820497816,319.1477708070698,376.972214505783,293.2457152824662,143.06705507486646,142.0856018737201,204.15910632367326,179.79154645978605,103.71290660854918,64.06634058914932,63.95591839355642,33.45271643437233,16.702325192348,56.01949790881265,0,Mammalian
2641.13,2323.0832718427837,1507.750470207726,541.1161676439834,215.05571863358577,506.1243898002713,369.6678805666346,66.39308385036257,291.5384094099248,339.47688261346246,144.25184238374374,157.9104622920923,362.3575160010064,368.3075811719054,200.23376902642107,20.373219474240308,129.0652598494264,80.80144199066393,85.66139780109401,254.39275568862087,316.8774020528051,238.6111085826456,79.30853861124902,106.94100359973329,177.12042806726467,151.70688977928168,90.74158813266612,91.61298224993602,98.01944780928605,64.78020585381886,54.70427944315413,93.9385562784728,0,Mammalian
2627.11,2309.784931840357,1496.469212860115,532.3629868959773,215.4233711392551,504.4158374345624,364.9441535578077,75.09918819345384,305.2811650924469,353.4948503339686,158.04389357661293,149.7623411742871,356.569439066294,366.86668048028065,204.10485957961254,28.474179809323417,120.04230462632732,68.52632903149379,99.56772974127288,268.171331246129,329.28333440681547,249.10582415686767,91.11012349237242,112.80900899147545,183.02599498376767,158.51942688702295,93.55016221459485,85.02538330020282,89.80761867946754,55.384721071344686,40.783505071667406,80.5135022824204,0,Mammalian
2599.0099999999998,2280.4141736561314,1464.6327404175859,498.71962941191725,241.40084062196073,533.1053142932891,401.56351671204027,133.08277350942177,293.9601401494372,349.7450672741933,192.2741211937463,80.99611841269996,224.57456926683514,226.80814666711296,171.15851934352634,220.11453542530072,240.76244495352668,157.41392711574275,118.90283657511961,212.60265644449458,248.90447902425072,229.55293182446016,198.74916566424773,123.58003266224226,30.652592114260894,203.7891655244487,301.15170609678427,254.89571466930752,101.83305999179527,149.56275924396604,241.7766602366483,187.5253253837367,0,Mammalian
2599.0099999999998,2280.4141736561314,1464.6327404175859,498.71962941191725,241.40084062196073,533.1053142932891,401.56351671204027,133.08277350942177,293.9601401494372,349.7450672741933,192.2741211937463,80.99611841269996,224.57456926683514,226.80814666711296,171.15851934352634,220.11453542530072,240.76244495352668,157.41392711574275,118.90283657511961,212.60265644449458,248.90447902425072,229.55293182446016,198.74916566424773,123.58003266224226,30.652592114260894,203.7891655244487,301.15170609678427,254.89571466930752,101.83305999179527,149.56275924396604,241.7766602366483,187.5253253837367,1,Yeast
1578.63,1471.7550654470783,1175.9145790029236,759.0872655918315,317.6135515454541,121.35029194191142,349.5401388912125,441.0064013592268,386.8401612286624,234.45096580822798,55.272008558647684,107.823224188895,181.40885168040828,166.18851851712444,79.15932854019046,42.07609173805155,147.8680983173856,203.9918780609021,194.0180139842045,128.0885387690968,58.441233983375106,106.46972679681068,164.67747621914756,174.80866652885135,136.3786811073583,82.94254595894091,100.50371093638805,161.63080146179544,200.29342819268743,201.27145681779467,168.7908241907141,119.81932811414744,0,Mammalian
1578.63,1471.7550654470783,1175.9145790029236,759.0872655918315,317.6135515454541,121.35029194191142,349.5401388912125,441.0064013592268,386.8401612286624,234.45096580822798,55.272008558647684,107.823224188895,181.40885168040828,166.18851851712444,79.15932854019046,42.07609173805155,147.8680983173856,203.9918780609021,194.0180139842045,128.0885387690968,58.441233983375106,106.46972679681068,164.67747621914756,174.80866652885135,136.3786811073583,82.94254595894091,100.50371093638805,161.63080146179544,200.29342819268743,201.27145681779467,168.7908241907141,119.81932811414744,1,Yeast
1594.63,1485.949422527348,1185.1981126252983,761.8442830417864,315.4050772590845,137.07799880327823,365.43322252141337,454.74980499107124,395.19422856440667,234.8065680149423,43.599758014581106,118.26850647389122,196.84643212808854,181.62507932705154,90.33923815878151,37.32259256114634,151.73138930359798,215.2943361401997,209.64033833674407,142.47744225577875,54.936687648413205,92.68342928549724,159.88908363938953,178.26124457257475,145.25252737692216,91.15546978868338,100.54573617345328,163.40230026738314,207.9581076752082,214.30984185492002,184.50767048921725,135.75347657377225,0,Mammalian
1594.63,1485.949422527348,1185.1981126252983,761.8442830417864,315.4050772590845,137.07799880327823,365.43322252141337,454.74980499107124,395.19422856440667,234.8065680149423,43.599758014581106,118.26850647389122,196.84643212808854,181.62507932705154,90.33923815878151,37.32259256114634,151.73138930359798,215.2943361401997,209.64033833674407,142.47744225577875,54.936687648413205,92.68342928549724,159.88908363938953,178.26124457257475,145.25252737692216,91.15546978868338,100.54573617345328,163.40230026738314,207.9581076752082,214.30984185492002,184.50767048921725,135.75347657377225,1,Yeast
1689.75,1557.613099542472,1196.5528555435735,701.8802125432388,205.0120347349654,219.5151140148388,430.74335734023424,450.3898390362647,317.69801330867705,113.92014782250529,72.07107422806185,173.95150013444749,168.4021348106324,82.42934777105945,83.94795748723206,184.03284566303697,225.6700522887341,189.79136750852973,98.83393727603328,49.20499689774621,114.43536063011862,133.13158301692977,86.5897067117541,24.379472249203282,118.55806400122943,196.34075802980743,223.18451083882624,195.55660725558334,133.51014059802972,87.54393179001369,112.88919145268677,154.0597137076114,1,Yeast
1689.75,1557.613099542472,1196.5528555435735,701.8802125432388,205.0120347349654,219.5151140148388,430.74335734023424,450.3898390362647,317.69801330867705,113.92014782250529,72.07107422806185,173.95150013444749,168.4021348106324,82.42934777105945,83.94795748723206,184.03284566303697,225.6700522887341,189.79136750852973,98.83393727603328,49.20499689774621,114.43536063011862,133.13158301692977,86.5897067117541,24.379472249203282,118.55806400122943,196.34075802980743,223.18451083882624,195.55660725558334,133.51014059802972,87.54393179001369,112.88919145268677,154.0597137076114,0,Mammalian
1715.7800000000002,1580.0629536555648,1209.427296547954,702.5476475237421,199.38188612777498,245.50751130488496,455.5773758888694,468.4005307010453,323.9777905259651,108.14183670874228,94.62368831001685,199.96477780844288,190.3865170275229,86.8831405848539,69.4471704437243,191.85419147521537,246.852766644411,215.81932178758032,117.88565765865317,23.441174884995746,107.12984234383404,142.2068506926009,106.32050103119431,27.046398641412566,101.68753731856165,190.01431538269662,229.9637887594752,213.1122530136878,156.3908670531786,109.07986404636097,131.36481610057754,177.1461963611915,1,Yeast
1715.7800000000002,1580.0629536555648,1209.427296547954,702.5476475237421,199.38188612777498,245.50751130488496,455.5773758888694,468.4005307010453,323.9777905259651,108.14183670874228,94.62368831001685,199.96477780844288,190.3865170275229,86.8831405848539,69.4471704437243,191.85419147521537,246.852766644411,215.81932178758032,117.88565765865317,23.441174884995746,107.12984234383404,142.2068506926009,106.32050103119431,27.046398641412566,101.68753731856165,190.01431538269662,229.9637887594752,213.1122530136878,156.3908670531786,109.07986404636097,131.36481610057754,177.1461963611915,0,Mammalian
1683.7200000000003,1550.3864538895843,1186.2236200332695,688.0697770924947,193.49982898340957,244.6836184932743,452.94033356994976,467.9008523438677,328.5694343696273,117.48440029536376,74.99988901212528,180.54294140131907,174.58196545792984,79.12320925150512,66.73995399909867,178.1799999116705,224.67220566861408,190.20463931265272,97.52653616926811,53.170615019946474,126.97066989125585,152.15864222039124,109.75965185209235,25.768093107250355,95.61132777042236,177.68476021775643,210.380954288859,188.56396314698887,132.785454427822,98.77823965248074,133.414708071172,178.61912290828846,1,Yeast
1683.7200000000003,1550.3864538895843,1186.2236200332695,688.0697770924947,193.49982898340957,244.6836184932743,452.94033356994976,467.9008523438677,328.5694343696273,117.48440029536376,74.99988901212528,180.54294140131907,174.58196545792984,79.12320925150512,66.73995399909867,178.1799999116705,224.67220566861408,190.20463931265272,97.52653616926811,53.170615019946474,126.97066989125585,152.15864222039124,109.75965185209235,25.768093107250355,95.61132777042236,177.68476021775643,210.380954288859,188.56396314698887,132.785454427822,98.77823965248074,133.414708071172,178.61912290828846,0,Mammalian
1421.46,1352.2516023499438,1156.1428306509372,865.4493335079455,527.0730901813699,193.89343445621537,90.52076779336322,281.4902425205252,368.604188448522,354.0216790261379,259.04384973166003,117.23758839767432,33.84756486257478,159.41562308968068,236.46150183821285,255.57287536432366,222.18944574394163,153.7602569695775,76.0256534386635,36.400115891837544,62.257446610561374,73.71934968214643,69.35623903573233,80.64204445636568,115.12330024024864,146.16686147331993,154.7429800839219,135.5271392916969,98.8604263649932,81.30355398626284,111.56289902089408,149.1544393305948,0,Mammalian
1421.46,1352.2516023499438,1156.1428306509372,865.4493335079455,527.0730901813699,193.89343445621537,90.52076779336322,281.4902425205252,368.604188448522,354.0216790261379,259.04384973166003,117.23758839767432,33.84756486257478,159.41562308968068,236.46150183821285,255.57287536432366,222.18944574394163,153.7602569695775,76.0256534386635,36.400115891837544,62.257446610561374,73.71934968214643,69.35623903573233,80.64204445636568,115.12330024024864,146.16686147331993,154.7429800839219,135.5271392916969,98.8604263649932,81.30355398626284,111.56289902089408,149.1544393305948,1,Yeast
4638.969999999999,2630.6533229872352,358.82620615427294,592.2586181396113,555.3008792444305,247.57645053512434,442.2882302852615,63.9793692533157,420.2045072268095,109.57972774735116,201.83490601684858,211.4263744638538,149.9996117657411,258.4182783655762,91.42178952052859,297.7139225316507,118.65509892120079,309.25623614668365,48.3466015840612,230.64636447862637,177.29206709907783,144.12030267366805,148.9882348245244,77.44866626950112,66.17786266021481,92.2138192549039,154.1249011451644,75.32113510430068,93.14430806133778,75.26076757941091,47.294374805409646,212.1062152486661,1,Yeast
4638.969999999999,2630.6533229872352,358.82620615427294,592.2586181396113,555.3008792444305,247.57645053512434,442.2882302852615,63.9793692533157,420.2045072268095,109.57972774735116,201.83490601684858,211.4263744638538,149.9996117657411,258.4182783655762,91.42178952052859,297.7139225316507,118.65509892120079,309.25623614668365,48.3466015840612,230.64636447862637,177.29206709907783,144.12030267366805,148.9882348245244,77.44866626950112,66.17786266021481,92.2138192549039,154.1249011451644,75.32113510430068,93.14430806133778,75.26076757941091,47.294374805409646,212.1062152486661,0,Mammalian
5188.55,2492.523267113269,806.5523965940085,348.6424333185396,579.4153695748672,332.67829540851005,294.8657003370743,364.9635014396417,93.74151167564486,282.01972506944935,380.7999402884418,73.14277042557774,347.1887342142786,246.25138200220638,251.8712596529561,373.5167237665223,99.33793283534737,385.06941968912355,85.84368152640556,220.1826796251005,208.1386567551367,164.06660197587422,117.41158789488773,34.31169859768779,25.29457627170142,53.12026703815155,162.92274060554217,36.756547124241905,142.48979577244987,52.22731419031862,36.65068504016557,231.09746623289948,1,Yeast
5188.55,2492.523267113269,806.5523965940085,348.6424333185396,579.4153695748672,332.67829540851005,294.8657003370743,364.9635014396417,93.74151167564486,282.01972506944935,380.7999402884418,73.14277042557774,347.1887342142786,246.25138200220638,251.8712596529561,373.5167237665223,99.33793283534737,385.06941968912355,85.84368152640556,220.1826796251005,208.1386567551367,164.06660197587422,117.41158789488773,34.31169859768779,25.29457627170142,53.12026703815155,162.92274060554217,36.756547124241905,142.48979577244987,52.22731419031862,36.65068504016557,231.09746623289948,0,Mammalian
2003.19,1846.9864039079675,1420.8701470111205,839.9015598024278,270.43337075314605,266.96467258551525,495.44659458907927,505.4969404886636,338.0971214297059,93.06791451984459,141.79629801241785,264.1474281573053,261.2820466956556,165.46790421644877,103.90749964553582,182.32929620984356,227.52146470168486,191.71648834224936,94.32832196763097,22.711896394198916,104.70400886669839,132.91494157457268,115.64377911772948,101.36226902326989,117.1667046602691,120.28862376227785,101.95798810553538,128.0369189572951,200.6870792673586,249.25066726094465,235.876374649266,161.9972583193021,1,Yeast
2003.19,1846.9864039079675,1420.8701470111205,839.9015598024278,270.43337075314605,266.96467258551525,495.44659458907927,505.4969404886636,338.0971214297059,93.06791451984459,141.79629801241785,264.1474281573053,261.2820466956556,165.46790421644877,103.90749964553582,182.32929620984356,227.52146470168486,191.71648834224936,94.32832196763097,22.711896394198916,104.70400886669839,132.91494157457268,115.64377911772948,101.36226902326989,117.1667046602691,120.28862376227785,101.95798810553538,128.0369189572951,200.6870792673586,249.25066726094465,235.876374649266,161.9972583193021,0,Mammalian
4375.78,2705.3580799863857,127.73355252448606,926.2575655006417,186.03891743264535,484.47259904544546,142.556397153591,336.72676506404224,170.58360145992023,305.86128550889487,179.47626997053985,154.40816710129283,244.40008535038675,273.93849685146563,81.06612947678852,132.33795377121336,170.6320356791185,161.46051864996596,62.60358337058628,133.18828937083538,240.46708574409212,93.97386754774867,188.0399959139933,47.86693964131694,202.48377839462356,130.5597566388927,238.2634809696609,165.08634638592628,37.59988503913835,145.78779378538306,198.55469896535774,131.63131970890487,0,Mammalian
1245.28,1207.9863504814132,1100.406119408638,934.8773842534157,730.1758149298955,509.1731526335508,296.4542008411757,120.00269062082127,74.71384770424906,142.67215404164315,170.1065724717955,148.3401725971602,87.28779895782372,2.505933865606619,88.30886384279363,168.1934212802221,223.41014703902772,245.30686021076127,231.31757884583723,184.9952666781164,115.12690139945249,34.44956981261031,46.1554639890673,109.79060451282074,149.00839896202584,158.3027317360379,137.61211257625996,91.97680709044191,30.56602065566109,35.154005644302536,92.86947762040973,132.25700299689694,0,Mammalian
3504.91,2707.287670001711,961.6304963896513,417.4445002386245,643.6173211156487,183.44094505926822,482.1716791146746,353.0221272097504,121.4550112823157,282.84732432424204,103.01948838988056,213.9626316691773,124.22103515072035,207.11237889192978,377.5815693824176,203.4218413966034,137.37818640526595,243.62577904487827,111.5941300398476,97.10280754193377,78.17848718118466,106.56470292891639,160.00251354221217,221.1539324749343,303.05073046342005,194.09144312272335,59.97799714897015,186.86970758635945,112.74496763962735,139.08581368368573,179.3229885055117,98.17065394261176,0,Mammalian
4490.049999999999,2866.845066740164,57.13152200916514,834.7773525127903,166.75228258656404,724.1583581362896,166.538300977242,385.59119885395063,156.23518235830232,239.42772924752373,104.472188836027,186.66308499638376,201.8752150992088,303.89222177933357,158.37021447174243,347.9272562534222,183.4892871532287,365.2583442057755,160.67187377185851,131.30804533741656,132.35674787023126,237.57102673215465,144.9287960561084,418.11373839984327,199.2572568150731,177.87713285561668,36.593899475498645,206.36486844991612,58.55603021068728,246.6450292536431,167.2127937750506,87.81078902778606,0,Mammalian
1370.46,1314.534760586912,1154.6418825024116,913.1402643454745,623.2332419707782,323.73087858748084,56.59067478811597,163.89559843165543,296.4563324157026,344.13532025325446,314.2566106600897,227.14240029165518,116.46111782813865,78.11574593602059,155.08794647299518,212.77407819862083,224.0012473179558,188.52726158716706,117.50565820430042,29.88860222083966,58.7913034280178,123.44528123174821,154.9372789654357,149.29643635128755,114.0388625453203,77.20511292395491,94.30984867942949,144.1229474787058,180.98784262499106,189.0357355617346,167.16880849117544,128.09003899698268,0,Mammalian
3173.2599999999998,2555.820638138094,1127.4373109165058,187.13657201030935,674.0195843597508,351.1920655842584,262.028302961363,483.4872853998232,256.74262096486416,108.50200706927848,250.9857297123275,160.04157785155783,209.396074457763,226.02620931905628,149.87030568043497,168.36895476567796,117.79822494418154,112.60703727852353,150.59713297673915,58.35275245868751,185.14994486784568,258.6527088432819,165.79242608484523,26.35267566384026,17.966651888765565,58.1796955957757,118.33433099826611,61.316788329003366,130.92148875040124,218.41311131789178,161.81004683223418,156.88656675047875,0,Mammalian
312.32,311.945055573253,310.821134669839,308.9509724645303,306.33912108054733,302.9919399002491,298.91758212976754,294.1259777573496,288.62881310109077,282.43950721269624,275.57318549736186,268.04665103701046,259.8783542820995,251.08836203297568,241.69832700841476,231.73145986726243,221.212506427643,210.1677342214721,198.62493479252146,186.61345195777642,174.16425286386283,161.31007057168847,148.0856692419512,134.52832700011294,120.67872326079528,106.58262151159131,92.29423109649747,77.88344082976685,63.453044809510594,49.185796864756085,35.49884846799704,23.669142430601184,0,Mammalian
2645.8199999999997,2345.234237594097,1574.3082140128129,658.3272051026017,92.88906096983024,366.9319959956141,281.74430787271973,162.10777760755965,351.9876167596164,400.85015552458543,264.52130320040635,87.62419028237706,106.592211201128,104.58184156803378,128.11553332044693,198.22938941459154,164.99257013574888,32.632974167939636,194.33584845227074,306.6779875219662,268.89519301314533,114.51394295858834,101.04565559759182,181.81403826515486,134.35062057127033,61.28196842595474,170.39293848180233,210.1020042236281,148.4918194306359,95.75443715105419,139.71362480091878,139.4587664115755,0,Mammalian
4627.08,2949.71150974694,175.0640099235409,1034.3100112625293,81.83759830252488,640.8249373337057,91.08116483683345,399.2012181112929,97.87823532060654,243.7682660683378,48.62681156852505,282.8253538290059,82.1465311533199,180.18678058395759,64.62447517656886,199.4190883512047,54.36103935724545,184.04978788761912,31.670950754252825,160.57919629669277,224.89846377547417,350.60046981337683,82.23245584332747,273.998733543962,118.9648899908033,253.89308420276257,222.71261030817553,78.56749296013412,47.82600040755026,96.1968433503992,9.535928916673017,139.8709779164451,0,Mammalian
2604.96,2277.7008741890622,1440.7151592451382,453.6136611902274,296.8829665494505,574.1078632722798,408.87538199640323,127.91560876196554,345.9757198789387,399.3938762754638,203.72374085896092,119.19085960873781,318.1712583386831,324.2859444366019,163.0919616689364,31.154119410141213,113.66107249186052,37.86088686802024,158.63454843503206,321.62896735723615,354.03869898836064,235.9825884989073,93.44680552251974,201.4973572317124,267.2059730886459,219.4008014094064,116.9009879921839,62.773887458891856,67.61357673282708,52.737007212618494,44.16919010873246,40.66320140794244,0,Mammalian
2342.7,2045.6529503758888,1284.1727641774332,392.0294249601764,369.749759283727,643.5985588292893,520.9739323568192,217.83773216257578,244.56927050157125,345.03563548170786,254.3507783658485,71.20606241834327,81.61071644815046,96.99206378925805,78.66592964062072,157.0879914015791,174.60906104781625,104.05281622822838,141.10348494174644,246.52861045630559,264.070170987371,202.21287142907286,157.54125491120706,154.7514411193011,104.57319506608427,6.105838645637892,87.43552744740877,108.4947133653172,79.68359972507642,117.40845950383012,159.81238089183452,130.55113806238535,1,Yeast
2342.7,2045.6529503758888,1284.1727641774332,392.0294249601764,369.749759283727,643.5985588292893,520.9739323568192,217.83773216257578,244.56927050157125,345.03563548170786,254.3507783658485,71.20606241834327,81.61071644815046,96.99206378925805,78.66592964062072,157.0879914015791,174.60906104781625,104.05281622822838,141.10348494174644,246.52861045630559,264.070170987371,202.21287142907286,157.54125491120706,154.7514411193011,104.57319506608427,6.105838645637892,87.43552744740877,108.4947133653172,79.68359972507642,117.40845950383012,159.81238089183452,130.55113806238535,0,Mammalian
2342.7,2045.6529503758888,1284.1727641774332,392.0294249601764,369.749759283727,643.5985588292893,520.9739323568192,217.83773216257578,244.56927050157125,345.03563548170786,254.3507783658485,71.20606241834327,81.61071644815046,96.99206378925805,78.66592964062072,157.0879914015791,174.60906104781625,104.05281622822838,141.10348494174644,246.52861045630559,264.070170987371,202.21287142907286,157.54125491120706,154.7514411193011,104.57319506608427,6.105838645637892,87.43552744740877,108.4947133653172,79.68359972507642,117.40845950383012,159.81238089183452,130.55113806238535,0,E_coli
2950.38,2402.461502139402,1101.3807326644815,198.9507432755502,796.8534434493599,620.617459146229,79.65439778391709,333.4367827589049,330.5270513680275,120.71331422037599,151.5027377984811,96.23190835936248,186.02603523691985,299.2128384916194,232.11683972801555,190.58731862128505,250.84303657865408,181.11064512933206,122.09588575335157,188.13261509856468,132.68936461102058,34.8897081595812,125.52738266081916,155.99680717689736,208.4648898830625,246.83866169546295,197.9871952268378,101.36204180156662,39.76044763396996,93.28665436514235,150.21953133335754,130.3490103690223,1,Yeast
2950.38,2402.461502139402,1101.3807326644815,198.9507432755502,796.8534434493599,620.617459146229,79.65439778391709,333.4367827589049,330.5270513680275,120.71331422037599,151.5027377984811,96.23190835936248,186.02603523691985,299.2128384916194,232.11683972801555,190.58731862128505,250.84303657865408,181.11064512933206,122.09588575335157,188.13261509856468,132.68936461102058,34.8897081595812,125.52738266081916,155.99680717689736,208.4648898830625,246.83866169546295,197.9871952268378,101.36204180156662,39.76044763396996,93.28665436514235,150.21953133335754,130.3490103690223,0,Mammalian
2950.38,2402.461502139402,1101.3807326644815,198.9507432755502,796.8534434493599,620.617459146229,79.65439778391709,333.4367827589049,330.5270513680275,120.71331422037599,151.5027377984811,96.23190835936248,186.02603523691985,299.2128384916194,232.11683972801555,190.58731862128505,250.84303657865408,181.11064512933206,122.09588575335157,188.13261509856468,132.68936461102058,34.8897081595812,125.52738266081916,155.99680717689736,208.4648898830625,246.83866169546295,197.9871952268378,101.36204180156662,39.76044763396996,93.28665436514235,150.21953133335754,130.3490103690223,0,E_coli
1935.27,1801.7130373365997,1433.175709935302,917.0430053955969,371.62548156594835,86.21769153231605,371.64731784349175,452.3769369419867,352.73654353431243,142.6281931403165,101.30607021938233,276.4810047937518,347.2527237607891,304.0094555487373,178.91372295052443,32.624971822151394,94.6861367888669,141.01215792173141,109.23472342320913,50.33460208935484,118.52675772752389,190.6337433634469,199.8517001141765,137.05080493567198,28.60877235160747,103.07216415212012,187.4250043551403,200.92390439755593,135.56733896551538,34.61703990674591,144.17019515307132,255.19677167180618,0,E_coli
1935.27,1801.7130373365997,1433.175709935302,917.0430053955969,371.62548156594835,86.21769153231605,371.64731784349175,452.3769369419867,352.73654353431243,142.6281931403165,101.30607021938233,276.4810047937518,347.2527237607891,304.0094555487373,178.91372295052443,32.624971822151394,94.6861367888669,141.01215792173141,109.23472342320913,50.33460208935484,118.52675772752389,190.6337433634469,199.8517001141765,137.05080493567198,28.60877235160747,103.07216415212012,187.4250043551403,200.92390439755593,135.56733896551538,34.61703990674591,144.17019515307132,255.19677167180618,0,Mammalian
1935.27,1801.7130373365997,1433.175709935302,917.0430053955969,371.62548156594835,86.21769153231605,371.64731784349175,452.3769369419867,352.73654353431243,142.6281931403165,101.30607021938233,276.4810047937518,347.2527237607891,304.0094555487373,178.91372295052443,32.624971822151394,94.6861367888669,141.01215792173141,109.23472342320913,50.33460208935484,118.52675772752389,190.6337433634469,199.8517001141765,137.05080493567198,28.60877235160747,103.07216415212012,187.4250043551403,200.92390439755593,135.56733896551538,34.61703990674591,144.17019515307132,255.19677167180618,1,Yeast
2186.41,1921.9760023346753,1236.1262453631862,401.41572185531703,279.5194580613621,584.3334016581182,494.37424526211805,157.69989810215415,207.8100465795716,391.73434622653997,337.5964559680896,123.28629956787881,143.91814187020134,259.7340668102189,213.53986588851615,60.32568870434807,100.64029858858731,146.04834116360934,59.0411202799835,106.36104007928029,248.01607954630666,284.0895765188621,197.67741782167724,43.85275446972521,87.98113400380927,125.65896405235704,56.70468512607358,72.96047515737247,188.5978899462853,235.4198953626342,202.95721574783897,120.745896033865,1,Yeast
2186.41,1921.9760023346753,1236.1262453631862,401.41572185531703,279.5194580613621,584.3334016581182,494.37424526211805,157.69989810215415,207.8100465795716,391.73434622653997,337.5964559680896,123.28629956787881,143.91814187020134,259.7340668102189,213.53986588851615,60.32568870434807,100.64029858858731,146.04834116360934,59.0411202799835,106.36104007928029,248.01607954630666,284.0895765188621,197.67741782167724,43.85275446972521,87.98113400380927,125.65896405235704,56.70468512607358,72.96047515737247,188.5978899462853,235.4198953626342,202.95721574783897,120.745896033865,0,E_coli
2186.41,1921.9760023346753,1236.1262453631862,401.41572185531703,279.5194580613621,584.3334016581182,494.37424526211805,157.69989810215415,207.8100465795716,391.73434622653997,337.5964559680896,123.28629956787881,143.91814187020134,259.7340668102189,213.53986588851615,60.32568870434807,100.64029858858731,146.04834116360934,59.0411202799835,106.36104007928029,248.01607954630666,284.0895765188621,197.67741782167724,43.85275446972521,87.98113400380927,125.65896405235704,56.70468512607358,72.96047515737247,188.5978899462853,235.4198953626342,202.95721574783897,120.745896033865,0,Mammalian
4767.09,2678.632881555219,400.70442986497847,566.3084422471134,632.5172263294444,364.18595619568947,425.6457055952962,148.33807486860968,268.84811554641914,129.03442109637624,190.45539231866513,277.4999677493004,269.42323957680657,239.4646888369813,21.58104113385967,223.8663656318794,180.8541580943056,354.1494889537466,122.31760938088327,323.45748329468836,229.29785200688633,254.64893850409197,30.930043805276377,71.57430117418782,186.80487083354993,111.07469873308199,218.16843590974528,50.088513642088856,112.64554956798514,164.10919307536764,106.31707197544452,198.6779215480331,0,Mammalian
4767.09,2678.632881555219,400.70442986497847,566.3084422471134,632.5172263294444,364.18595619568947,425.6457055952962,148.33807486860968,268.84811554641914,129.03442109637624,190.45539231866513,277.4999677493004,269.42323957680657,239.4646888369813,21.58104113385967,223.8663656318794,180.8541580943056,354.1494889537466,122.31760938088327,323.45748329468836,229.29785200688633,254.64893850409197,30.930043805276377,71.57430117418782,186.80487083354993,111.07469873308199,218.16843590974528,50.088513642088856,112.64554956798514,164.10919307536764,106.31707197544452,198.6779215480331,1,Yeast
4767.09,2678.632881555219,400.70442986497847,566.3084422471134,632.5172263294444,364.18595619568947,425.6457055952962,148.33807486860968,268.84811554641914,129.03442109637624,190.45539231866513,277.4999677493004,269.42323957680657,239.4646888369813,21.58104113385967,223.8663656318794,180.8541580943056,354.1494889537466,122.31760938088327,323.45748329468836,229.29785200688633,254.64893850409197,30.930043805276377,71.57430117418782,186.80487083354993,111.07469873308199,218.16843590974528,50.088513642088856,112.64554956798514,164.10919307536764,106.31707197544452,198.6779215480331,0,E_coli
2182.41,1979.8625583144133,1435.2059484696738,714.8480552171472,59.38796590275753,455.46442695938674,627.4808034621527,516.9511643409782,234.73354676529422,78.85512714507786,274.458284640098,307.759685888156,198.44748657085407,73.89146032386175,166.0492399593117,211.3410140419832,146.25464949874245,8.70361299456593,132.8559041730816,212.4372579459314,203.57655739474563,130.72281320503154,81.54628045672038,107.31947602938314,97.96481114658184,37.10903368020346,76.93205242543061,141.54141099708428,142.4270362640023,78.09615051439978,68.79011298684748,157.695486095217,0,Mammalian
2182.41,1979.8625583144133,1435.2059484696738,714.8480552171472,59.38796590275753,455.46442695938674,627.4808034621527,516.9511643409782,234.73354676529422,78.85512714507786,274.458284640098,307.759685888156,198.44748657085407,73.89146032386175,166.0492399593117,211.3410140419832,146.25464949874245,8.70361299456593,132.8559041730816,212.4372579459314,203.57655739474563,130.72281320503154,81.54628045672038,107.31947602938314,97.96481114658184,37.10903368020346,76.93205242543061,141.54141099708428,142.4270362640023,78.09615051439978,68.79011298684748,157.695486095217,1,Yeast
2182.41,1979.8625583144133,1435.2059484696738,714.8480552171472,59.38796590275753,455.46442695938674,627.4808034621527,516.9511643409782,234.73354676529422,78.85512714507786,274.458284640098,307.759685888156,198.44748657085407,73.89146032386175,166.0492399593117,211.3410140419832,146.25464949874245,8.70361299456593,132.8559041730816,212.4372579459314,203.57655739474563,130.72281320503154,81.54628045672038,107.31947602938314,97.96481114658184,37.10903368020346,76.93205242543061,141.54141099708428,142.4270362640023,78.09615051439978,68.79011298684748,157.695486095217,0,E_coli
2264.67,1968.7847541359413,1216.808322144323,348.82697954747465,323.4275648348274,532.3981162162858,370.5717973230452,205.07094166456267,359.3794437871493,360.6997583951376,201.3446593095917,247.86686241044654,361.00459808615426,296.0901394732751,144.25648184241106,224.12250498980328,287.73122475671624,190.07619119122003,55.430799471375764,194.42003973706957,240.41013034469418,167.87740097865517,81.89993304922288,83.65739845466514,48.38064471706815,86.52504856255443,166.09513265246983,155.38862027405256,50.007208413536674,96.76443824260195,170.31871109392281,129.31528447790166,1,Yeast
2264.67,1968.7847541359413,1216.808322144323,348.82697954747465,323.4275648348274,532.3981162162858,370.5717973230452,205.07094166456267,359.3794437871493,360.6997583951376,201.3446593095917,247.86686241044654,361.00459808615426,296.0901394732751,144.25648184241106,224.12250498980328,287.73122475671624,190.07619119122003,55.430799471375764,194.42003973706957,240.41013034469418,167.87740097865517,81.89993304922288,83.65739845466514,48.38064471706815,86.52504856255443,166.09513265246983,155.38862027405256,50.007208413536674,96.76443824260195,170.31871109392281,129.31528447790166,0,Mammalian
2264.67,1968.7847541359413,1216.808322144323,348.82697954747465,323.4275648348274,532.3981162162858,370.5717973230452,205.07094166456267,359.3794437871493,360.6997583951376,201.3446593095917,247.86686241044654,361.00459808615426,296.0901394732751,144.25648184241106,224.12250498980328,287.73122475671624,190.07619119122003,55.430799471375764,194.42003973706957,240.41013034469418,167.87740097865517,81.89993304922288,83.65739845466514,48.38064471706815,86.52504856255443,166.09513265246983,155.38862027405256,50.007208413536674,96.76443824260195,170.31871109392281,129.31528447790166,0,E_coli
953.99,930.6373839705672,862.5972388918605,755.7196958054857,619.1006065226793,464.175957136994,303.60250765023403,150.10694245790762,18.944378170863448,95.01891460857968,169.59732323453875,208.8269681040439,213.85455327633454,189.67878077459906,145.27189189843887,96.84033122517698,80.60475482252893,115.83858220212129,163.2174314568938,200.93939742721122,222.21517485639686,225.9652113570197,214.71812460200547,193.7740190559273,170.30136797958883,151.5415176913432,141.4492627204998,138.0661084823531,135.86180887126068,130.6032281777888,121.84966677178319,112.95235422638457,2,Yeast
953.99,930.6373839705672,862.5972388918605,755.7196958054857,619.1006065226793,464.175957136994,303.60250765023403,150.10694245790762,18.944378170863448,95.01891460857968,169.59732323453875,208.8269681040439,213.85455327633454,189.67878077459906,145.27189189843887,96.84033122517698,80.60475482252893,115.83858220212129,163.2174314568938,200.93939742721122,222.21517485639686,225.9652113570197,214.71812460200547,193.7740190559273,170.30136797958883,151.5415176913432,141.4492627204998,138.0661084823531,135.86180887126068,130.6032281777888,121.84966677178319,112.95235422638457,1,Mammalian
757.77,742.599920521336,698.0990868861022,627.2189400876979,534.6288983364764,426.3633156274127,309.3685416508788,190.98933412247868,78.46596971377653,22.501610015479137,104.6742810367603,165.59134330699356,202.71636516737624,215.65199107288123,205.78128897085466,176.07179060246787,130.78524266904122,75.20110731254773,18.01220596215928,49.3650930442926,104.11045168902274,150.24044567466575,184.45214214077927,205.20802407578762,212.43820983259275,207.41738875178137,192.55534957412453,171.0958927267777,146.74541289580483,123.25548107400564,103.98030280284277,91.45323149664945,1,Mammalian
757.77,742.599920521336,698.0990868861022,627.2189400876979,534.6288983364764,426.3633156274127,309.3685416508788,190.98933412247868,78.46596971377653,22.501610015479137,104.6742810367603,165.59134330699356,202.71636516737624,215.65199107288123,205.78128897085466,176.07179060246787,130.78524266904122,75.20110731254773,18.01220596215928,49.3650930442926,104.11045168902274,150.24044567466575,184.45214214077927,205.20802407578762,212.43820983259275,207.41738875178137,192.55534957412453,171.0958927267777,146.74541289580483,123.25548107400564,103.98030280284277,91.45323149664945,2,Yeast
903.9200000000001,878.6434295527877,805.2078451789666,690.5383454381738,545.3495802543281,383.01190628995107,218.20491060074016,66.40454162586252,68.22835655060263,163.07251345571635,220.3912892724088,238.21192416704199,219.78427425466532,172.277120543031,105.87030393923226,34.13521646038672,43.430176145164324,97.55293142706455,130.4864518823262,136.51122434099065,115.06630692430173,71.45510490509973,38.96793251803802,93.11441460032725,167.08029136437324,233.16116705004305,280.38859350909667,301.5324185777233,292.88722935215276,254.63768809875336,191.18597267856674,112.85502404013344,2,Yeast
903.9200000000001,878.6434295527877,805.2078451789666,690.5383454381738,545.3495802543281,383.01190628995107,218.20491060074016,66.40454162586252,68.22835655060263,163.07251345571635,220.3912892724088,238.21192416704199,219.78427425466532,172.277120543031,105.87030393923226,34.13521646038672,43.430176145164324,97.55293142706455,130.4864518823262,136.51122434099065,115.06630692430173,71.45510490509973,38.96793251803802,93.11441460032725,167.08029136437324,233.16116705004305,280.38859350909667,301.5324185777233,292.88722935215276,254.63768809875336,191.18597267856674,112.85502404013344,1,Mammalian
1251.3,1190.4417368846273,1018.4138371145036,764.7671801077548,472.417803040691,191.9503414412891,84.37576062362756,224.10198900539726,289.86484198093086,273.3956922071204,195.96239373556872,91.56934511690996,45.44605591405769,107.91843869404583,138.66053119151056,127.51691363241912,93.28195967066725,79.64948994927428,101.68595084367092,112.42246741525355,85.0582157045032,16.718357768810176,83.662479396776,191.90265122497576,284.2430864302068,338.38102405299753,340.60183263989563,289.40290923457763,196.26166032424507,84.39805935265349,40.9866962386421,110.87862239779521,1,Mammalian
1251.3,1190.4417368846273,1018.4138371145036,764.7671801077548,472.417803040691,191.9503414412891,84.37576062362756,224.10198900539726,289.86484198093086,273.3956922071204,195.96239373556872,91.56934511690996,45.44605591405769,107.91843869404583,138.66053119151056,127.51691363241912,93.28195967066725,79.64948994927428,101.68595084367092,112.42246741525355,85.0582157045032,16.718357768810176,83.662479396776,191.90265122497576,284.2430864302068,338.38102405299753,340.60183263989563,289.40290923457763,196.26166032424507,84.39805935265349,40.9866962386421,110.87862239779521,2,Yeast
1220.48,1188.4366936333922,1095.1785154134327,949.0235208042374,762.8777112658064,552.912206052554,336.9346499151105,132.79339441087873,47.42428045900159,183.89483126458651,274.65138751751203,315.8927226947672,310.19856428795737,265.0113364819013,192.013725917643,108.33644350618881,60.15065918175793,107.74298313379363,164.9851954707583,199.312045708651,204.4193920928194,180.7650466021999,133.49778456034278,73.04520578011281,39.050024621579446,87.92601802589333,141.33276196563236,177.15420686881245,189.66988718280288,178.2507593083684,147.22327888436237,108.11993211822154,1,Mammalian
1220.48,1188.4366936333922,1095.1785154134327,949.0235208042374,762.8777112658064,552.912206052554,336.9346499151105,132.79339441087873,47.42428045900159,183.89483126458651,274.65138751751203,315.8927226947672,310.19856428795737,265.0113364819013,192.013725917643,108.33644350618881,60.15065918175793,107.74298313379363,164.9851954707583,199.312045708651,204.4193920928194,180.7650466021999,133.49778456034278,73.04520578011281,39.050024621579446,87.92601802589333,141.33276196563236,177.15420686881245,189.66988718280288,178.2507593083684,147.22327888436237,108.11993211822154,2,Yeast
1784.1699999999998,1685.6233872929183,1409.468534383168,1009.6284160564833,562.0179930064445,147.56062194604448,168.36571271178437,342.28277835061675,369.758342277913,277.31265508256865,118.26644036298791,83.69410734657743,211.74852241097238,273.6766555742307,254.25887679928164,171.36254470422182,82.85647409828634,122.7224345833585,194.22716615132765,216.979035300745,183.27022108540336,108.03696057627354,18.621481069284776,59.146708842031366,100.90322549794796,101.83544054930766,76.72991268125033,72.2210918928192,105.15490505480646,129.30271223408306,122.50163627883238,87.75743960458365,2,Yeast
1784.1699999999998,1685.6233872929183,1409.468534383168,1009.6284160564833,562.0179930064445,147.56062194604448,168.36571271178437,342.28277835061675,369.758342277913,277.31265508256865,118.26644036298791,83.69410734657743,211.74852241097238,273.6766555742307,254.25887679928164,171.36254470422182,82.85647409828634,122.7224345833585,194.22716615132765,216.979035300745,183.27022108540336,108.03696057627354,18.621481069284776,59.146708842031366,100.90322549794796,101.83544054930766,76.72991268125033,72.2210918928192,105.15490505480646,129.30271223408306,122.50163627883238,87.75743960458365,1,Mammalian
934.15,916.8068997856076,865.939604100927,784.9435975264872,679.1838028447573,555.579153241609,422.07122995125803,287.0259579498011,158.65197142522376,45.129593690693866,53.004311824541155,123.21274784840473,168.00619237596473,186.8207945899958,181.6269063674248,156.2816890587118,116.21390837589104,68.52773014031074,28.631036306124088,46.90151844124267,83.06895921340221,108.8108210588836,119.36935955248485,113.49424979549384,92.25038624791766,59.7291002436155,32.99955237054309,58.4131164658075,105.54628980625625,150.91289963111223,187.51884708417532,211.16434702864458,2,Mammalian
1067.25,1040.848970625678,963.9852052997888,843.4367921346991,689.7282435243908,516.066554465078,337.0457902630464,167.44700896463914,28.92367922143079,102.4107930779762,179.79694381397343,217.4670699236547,216.61188265279716,182.72630241512184,124.34328750499331,51.90929666856059,24.062429220675142,92.23162784922444,144.81354533621453,175.87131869374406,182.90767330814563,166.99170811932296,132.89900335748683,90.29569951032947,61.44072411923361,76.62118574392693,111.12129130052779,138.18355985444393,149.3942951500166,143.30552469062908,123.2991309382751,98.59432684589285,2,Mammalian
1172.34,1136.5922406322718,1033.2772376118805,873.6755821336719,674.9826463645343,458.1669467322306,245.6223498076076,63.27398318443541,101.89293908340402,198.2590081758813,242.92617527254907,237.40046921147413,190.65724758067367,116.16147880218122,30.038502161460272,55.12020268012544,122.39928512863136,164.8111786089281,178.25435952780396,163.97763479242332,127.81679271646662,78.91891359263589,28.454443334606353,18.634854289977156,44.90589899941561,52.34006492706254,41.921936703936176,33.83407298612023,63.475416905819976,109.06375664418587,151.46345186327525,180.84867253549052,2,Mammalian
1287.4699999999998,1238.6733970308119,1099.0022344349316,887.535854679519,632.701632476246,368.06921319698023,130.55444200448477,90.74354651017418,210.12143398919955,264.54773032455836,252.7784163475503,189.41986314846685,96.16342541408186,8.901658543371823,88.1522827283351,140.8503991782997,155.22282209778302,133.38315355987913,87.50454231964417,50.385564782649226,75.17964904328879,112.46846593182073,127.68295910715477,114.970252211455,82.26718166026149,63.10241788372708,96.1434510802004,142.11355379192568,171.21369993155244,172.86144129246705,146.6566994719044,103.33878191012582,2,Mammalian
1420.5700000000002,1353.4883059618323,1163.6422981188614,883.0045183847365,558.0479282948028,242.58376370142346,70.87462812371622,223.5293277528975,301.6615997120065,286.73043419375847,200.2491128629737,76.17818520329975,48.80712245550333,141.42879241133528,181.75974111936836,164.13184680597973,97.88207445697091,3.8213896239953895,92.63360040898819,166.52211929698635,201.28404608623944,191.85774529089923,146.53692682849,89.1827823600537,70.39106093243079,97.23854263095143,109.51194579199786,88.37244146347798,46.835991658602666,68.97607502459897,136.69271122694295,189.68641297258506,2,Mammalian
1525.66,1441.2706930970703,1204.8257095076895,862.6912597845559,480.7731022959338,137.933512553359,166.41961819006704,309.81963208633294,333.81425595923673,255.74663269303883,117.08627569455106,32.44073848449469,148.04596725480167,200.80821578284068,183.01798446792952,107.92439934799066,14.419549230125101,101.31801328447835,171.04275219433293,193.271032853992,167.76652081080726,109.12681001914854,41.713152488299386,20.58971909506233,39.83941413200265,24.184708743566766,22.241567473429573,81.33066759642936,132.75886932092592,158.90025979539595,152.67759856521843,123.57133286559691,2,Mammalian
1656.83,1546.9917860398527,1243.3957732940307,816.8104709042077,365.1791029168755,81.36407638422962,293.8511152215939,378.70728362830346,317.92439754010616,162.73757926226617,17.534178308730542,157.63696849535742,217.0081501193076,187.51797039648812,92.55558983811831,25.601669539575752,119.40495006489472,158.1856191867875,134.2503071355252,72.8068065270176,73.1540168570429,130.95001020304312,154.14047580773172,131.46634750918398,95.21210032742978,109.79487534995135,146.28066624086347,145.60008935359807,92.24738366100998,28.3544122823942,120.47647012688074,203.79988331592764,2,Mammalian
1803.96,1661.688286920457,1274.1354438386852,746.7189939376996,221.9392888292986,209.79244377958804,412.5479159978872,409.1728526306417,249.45483950261305,28.409628830677455,163.51578016097787,250.70191270719465,218.03659623373105,97.6531086039176,56.55934149852315,160.7250779824169,183.2086570006996,116.66906286447514,13.38524476920005,137.42356397997187,220.05319013209905,229.46609175117229,173.57482674277907,100.08354682344375,90.01729971914064,103.7722953553622,68.48910759877799,14.233033860373428,109.46600700418531,175.4374803389474,183.24035137328067,134.45916343073586,2,Mammalian
1936.08,1760.9367990563696,1290.2519982077147,668.5693617285767,91.30550768609628,340.3822474194696,486.26302161863043,391.2761593188137,153.13222624353526,104.32163737230074,258.32753377987865,266.7968158458278,150.385232078708,38.72535562580555,162.95214780404953,203.62210486920068,139.78395043780952,29.69333396547978,133.6809332848335,210.2704310300672,204.70814781880668,132.07035940490545,41.474608982477754,37.94646534644989,43.798105960175405,33.56756115346268,93.32906691303083,137.4574467776827,124.60623281124799,63.335758637498394,94.78657235896598,183.4985903932657,2,Mammalian
2067.25,1855.249351939105,1293.8896296333155,576.5695962233854,78.43483956436772,454.1431216488097,518.6460197614329,328.04877648368256,39.29059279270598,210.64880962706738,291.8869277542241,207.3727851925733,34.414212774288686,132.7440013812723,195.68389291423975,141.29526445438395,15.252557162653002,106.95322628922986,157.58250644456763,124.1377556822909,79.78143644828339,129.04642314181658,159.01888159709918,128.95249870079584,96.7803942851948,122.39042480537897,121.96545017266911,52.79789921071388,61.93200061265903,161.41675571243866,194.395224981344,147.23268704663772,2,Mammalian
4505.869999999999,2660.9398680258496,229.7082924804965,689.1204390314786,428.0513200904246,337.8900700722776,375.3221221063661,184.8680037097016,386.70906803471354,194.32271967627455,166.7020393654954,78.34057840341704,204.25680439231843,126.27267368425336,130.77967935911164,189.57996095006632,112.29251310750841,283.96371025031686,179.84789275672784,166.16077494816133,226.58659061751948,276.89085318437833,26.205229047711043,195.86702383712003,67.04188317554382,160.11513801131895,35.01310074404517,67.75614031872661,88.55840660610158,62.57719013033409,116.61214164567191,85.11127727891007,2,Mammalian
2615.09,2201.0072758200904,1195.41422739373,153.34204973781124,456.86905510352915,459.83252590959404,136.20488335921365,268.829756597927,335.2000161449825,200.24986265576402,146.51927073182608,147.04289928849258,107.98474125032381,162.41353535102886,119.12614474240117,62.613534597827574,272.4914716096635,398.50433872390624,414.53924538474473,340.8341414900244,184.0058092851221,72.16211349025495,187.0920426870197,157.72212971716561,39.66133856041042,231.34743281439336,303.5704772229356,211.94807455639275,102.93179438461384,143.82164974591944,130.317103230792,120.00880643075791,0,E_coli
2615.09,2201.0072758200904,1195.41422739373,153.34204973781124,456.86905510352915,459.83252590959404,136.20488335921365,268.829756597927,335.2000161449825,200.24986265576402,146.51927073182608,147.04289928849258,107.98474125032381,162.41353535102886,119.12614474240117,62.613534597827574,272.4914716096635,398.50433872390624,414.53924538474473,340.8341414900244,184.0058092851221,72.16211349025495,187.0920426870197,157.72212971716561,39.66133856041042,231.34743281439336,303.5704772229356,211.94807455639275,102.93179438461384,143.82164974591944,130.317103230792,120.00880643075791,0,Mammalian
2615.09,2201.0072758200904,1195.41422739373,153.34204973781124,456.86905510352915,459.83252590959404,136.20488335921365,268.829756597927,335.2000161449825,200.24986265576402,146.51927073182608,147.04289928849258,107.98474125032381,162.41353535102886,119.12614474240117,62.613534597827574,272.4914716096635,398.50433872390624,414.53924538474473,340.8341414900244,184.0058092851221,72.16211349025495,187.0920426870197,157.72212971716561,39.66133856041042,231.34743281439336,303.5704772229356,211.94807455639275,102.93179438461384,143.82164974591944,130.317103230792,120.00880643075791,1,Yeast
425.44,424.1021035763146,420.1013190718706,413.4762376505971,404.2907687852722,392.6335311877437,378.6170094291682,362.376485730681,344.06875944050336,323.8706702072846,301.97744527649235,278.60089763711835,253.96751199510666,228.31647443338778,201.89774049635705,174.97032519004063,147.8012239462177,120.66602317043903,93.85445354421009,67.69338650979554,42.65436225351546,20.19694722142491,13.891463296535212,31.37355339766431,50.65159007447869,68.5898047538394,84.63805032417265,98.54097089926591,110.12661852056844,119.26601956739604,125.86228683151181,129.8471851726772,0,Mammalian
425.44,424.1021035763146,420.1013190718706,413.4762376505971,404.2907687852722,392.6335311877437,378.6170094291682,362.376485730681,344.06875944050336,323.8706702072846,301.97744527649235,278.60089763711835,253.96751199510666,228.31647443338778,201.89774049635705,174.97032519004063,147.8012239462177,120.66602317043903,93.85445354421009,67.69338650979554,42.65436225351546,20.19694722142491,13.891463296535212,31.37355339766431,50.65159007447869,68.5898047538394,84.63805032417265,98.54097089926591,110.12661852056844,119.26601956739604,125.86228683151181,129.8471851726772,1,Yeast
425.44,424.1021035763146,420.1013190718706,413.4762376505971,404.2907687852722,392.6335311877437,378.6170094291682,362.376485730681,344.06875944050336,323.8706702072846,301.97744527649235,278.60089763711835,253.96751199510666,228.31647443338778,201.89774049635705,174.97032519004063,147.8012239462177,120.66602317043903,93.85445354421009,67.69338650979554,42.65436225351546,20.19694722142491,13.891463296535212,31.37355339766431,50.65159007447869,68.5898047538394,84.63805032417265,98.54097089926591,110.12661852056844,119.26601956739604,125.86228683151181,129.8471851726772,0,E_coli
2426.8,2148.200281671075,1426.549017701459,560.5940562068974,278.50336549648125,570.8580334971737,493.8792872254941,165.47254279972094,199.90426622738383,375.8479557188658,311.8054290693878,85.26283701574519,171.80939085486173,293.18991939381664,247.70836295364518,97.76094779199205,86.14416405073536,143.4104610438778,116.06347613845394,133.8702921925864,194.97306134142107,187.95769936442042,153.80886493018636,212.55312068482317,262.91191518090466,205.62771470402802,50.88208629854384,130.6653951920621,237.93114040068227,228.01747635055037,129.41075279811264,64.02985237714763,0,E_coli
2426.8,2148.200281671075,1426.549017701459,560.5940562068974,278.50336549648125,570.8580334971737,493.8792872254941,165.47254279972094,199.90426622738383,375.8479557188658,311.8054290693878,85.26283701574519,171.80939085486173,293.18991939381664,247.70836295364518,97.76094779199205,86.14416405073536,143.4104610438778,116.06347613845394,133.8702921925864,194.97306134142107,187.95769936442042,153.80886493018636,212.55312068482317,262.91191518090466,205.62771470402802,50.88208629854384,130.6653951920621,237.93114040068227,228.01747635055037,129.41075279811264,64.02985237714763,1,Yeast
2426.8,2148.200281671075,1426.549017701459,560.5940562068974,278.50336549648125,570.8580334971737,493.8792872254941,165.47254279972094,199.90426622738383,375.8479557188658,311.8054290693878,85.26283701574519,171.80939085486173,293.18991939381664,247.70836295364518,97.76094779199205,86.14416405073536,143.4104610438778,116.06347613845394,133.8702921925864,194.97306134142107,187.95769936442042,153.80886493018636,212.55312068482317,262.91191518090466,205.62771470402802,50.88208629854384,130.6653951920621,237.93114040068227,228.01747635055037,129.41075279811264,64.02985237714763,0,Mammalian
1780.93,1629.0352966992632,1221.227248316214,683.2498881239862,174.10074372665306,189.40984023195506,323.8630556293368,263.28178438809516,94.9797833170551,80.86050539559501,161.99899625447748,128.532662431192,18.42187135414717,128.4320666130477,209.1532393538582,198.40624729957645,111.55138053829724,69.34953838680887,144.2129504615668,164.86691547315627,119.05652468629107,83.88820268107304,120.50809060612114,119.46093725636719,65.31319132491737,148.2015476213562,284.89736874969515,357.4445287533125,322.6045709832087,189.248738663778,51.927125338338506,165.42791983987627,1,Yeast
1780.93,1629.0352966992632,1221.227248316214,683.2498881239862,174.10074372665306,189.40984023195506,323.8630556293368,263.28178438809516,94.9797833170551,80.86050539559501,161.99899625447748,128.532662431192,18.42187135414717,128.4320666130477,209.1532393538582,198.40624729957645,111.55138053829724,69.34953838680887,144.2129504615668,164.86691547315627,119.05652468629107,83.88820268107304,120.50809060612114,119.46093725636719,65.31319132491737,148.2015476213562,284.89736874969515,357.4445287533125,322.6045709832087,189.248738663778,51.927125338338506,165.42791983987627,0,E_coli
1780.93,1629.0352966992632,1221.227248316214,683.2498881239862,174.10074372665306,189.40984023195506,323.8630556293368,263.28178438809516,94.9797833170551,80.86050539559501,161.99899625447748,128.532662431192,18.42187135414717,128.4320666130477,209.1532393538582,198.40624729957645,111.55138053829724,69.34953838680887,144.2129504615668,164.86691547315627,119.05652468629107,83.88820268107304,120.50809060612114,119.46093725636719,65.31319132491737,148.2015476213562,284.89736874969515,357.4445287533125,322.6045709832087,189.248738663778,51.927125338338506,165.42791983987627,0,Mammalian
1472.56,1376.624969767498,1111.4265488892224,738.7455667339117,344.15415576363375,69.42491212800644,232.43185634045594,303.103874405286,245.66820289651227,105.78024223473277,62.026288427411714,183.85623411857583,231.26071418986015,193.91650601426846,96.91990997189502,74.01242882423178,174.41130811962856,233.8361301160987,227.81714922934975,166.6384526345404,98.80875668561823,124.44987798875317,193.36326481495047,237.1994483800361,249.3440773020248,242.75321447733413,230.25646073656713,212.1941834844892,181.5018014931493,137.30156343024174,90.31516928770485,58.179822034535135,1,Yeast
1472.56,1376.624969767498,1111.4265488892224,738.7455667339117,344.15415576363375,69.42491212800644,232.43185634045594,303.103874405286,245.66820289651227,105.78024223473277,62.026288427411714,183.85623411857583,231.26071418986015,193.91650601426846,96.91990997189502,74.01242882423178,174.41130811962856,233.8361301160987,227.81714922934975,166.6384526345404,98.80875668561823,124.44987798875317,193.36326481495047,237.1994483800361,249.3440773020248,242.75321447733413,230.25646073656713,212.1941834844892,181.5018014931493,137.30156343024174,90.31516928770485,58.179822034535135,0,Mammalian
1472.56,1376.624969767498,1111.4265488892224,738.7455667339117,344.15415576363375,69.42491212800644,232.43185634045594,303.103874405286,245.66820289651227,105.78024223473277,62.026288427411714,183.85623411857583,231.26071418986015,193.91650601426846,96.91990997189502,74.01242882423178,174.41130811962856,233.8361301160987,227.81714922934975,166.6384526345404,98.80875668561823,124.44987798875317,193.36326481495047,237.1994483800361,249.3440773020248,242.75321447733413,230.25646073656713,212.1941834844892,181.5018014931493,137.30156343024174,90.31516928770485,58.179822034535135,0,E_coli
1795.21,1671.5361459352846,1329.028853593024,845.5261404550616,327.5860881175935,123.62341497053005,417.2471118740356,526.6220831875175,465.25471858387124,289.12197897543155,75.8744743227847,103.60613582128678,194.05339071592223,182.84941168269447,89.79327463645046,42.475520460287335,160.24192116921213,225.54119849473315,220.88877082482463,155.50173609500158,59.950196082242435,41.52900741771802,97.26981842999274,111.53130752484483,100.43913298830674,105.64075314980839,130.5877566217877,137.0959929578416,105.10618066111313,39.244782349078264,38.95294973266961,101.38475426114499,0,Mammalian
1795.21,1671.5361459352846,1329.028853593024,845.5261404550616,327.5860881175935,123.62341497053005,417.2471118740356,526.6220831875175,465.25471858387124,289.12197897543155,75.8744743227847,103.60613582128678,194.05339071592223,182.84941168269447,89.79327463645046,42.475520460287335,160.24192116921213,225.54119849473315,220.88877082482463,155.50173609500158,59.950196082242435,41.52900741771802,97.26981842999274,111.53130752484483,100.43913298830674,105.64075314980839,130.5877566217877,137.0959929578416,105.10618066111313,39.244782349078264,38.95294973266961,101.38475426114499,1,Yeast
1795.21,1671.5361459352846,1329.028853593024,845.5261404550616,327.5860881175935,123.62341497053005,417.2471118740356,526.6220831875175,465.25471858387124,289.12197897543155,75.8744743227847,103.60613582128678,194.05339071592223,182.84941168269447,89.79327463645046,42.475520460287335,160.24192116921213,225.54119849473315,220.88877082482463,155.50173609500158,59.950196082242435,41.52900741771802,97.26981842999274,111.53130752484483,100.43913298830674,105.64075314980839,130.5877566217877,137.0959929578416,105.10618066111313,39.244782349078264,38.95294973266961,101.38475426114499,0,E_coli
1795.21,1667.1214406221022,1313.5162125575405,817.8122004900414,293.06310850355163,148.8248368883293,426.4133290385569,508.20466914012064,416.88998106035564,217.96046303705987,10.157155683388657,169.62353394029736,230.9161894842348,181.52020121466023,68.20452823751026,134.01908553684345,255.94233041839712,307.8763640190468,274.0441548724417,176.53430985078677,86.84812743508034,125.65709058746482,171.21845581426595,154.67034842003577,84.56492589422888,47.08551829099252,119.02411864147992,156.91652276528663,136.50024113288794,67.1235180503565,23.779878753222835,96.85756082979879,0,Mammalian
1795.21,1667.1214406221022,1313.5162125575405,817.8122004900414,293.06310850355163,148.8248368883293,426.4133290385569,508.20466914012064,416.88998106035564,217.96046303705987,10.157155683388657,169.62353394029736,230.9161894842348,181.52020121466023,68.20452823751026,134.01908553684345,255.94233041839712,307.8763640190468,274.0441548724417,176.53430985078677,86.84812743508034,125.65709058746482,171.21845581426595,154.67034842003577,84.56492589422888,47.08551829099252,119.02411864147992,156.91652276528663,136.50024113288794,67.1235180503565,23.779878753222835,96.85756082979879,0,E_coli
1795.21,1667.1214406221022,1313.5162125575405,817.8122004900414,293.06310850355163,148.8248368883293,426.4133290385569,508.20466914012064,416.88998106035564,217.96046303705987,10.157155683388657,169.62353394029736,230.9161894842348,181.52020121466023,68.20452823751026,134.01908553684345,255.94233041839712,307.8763640190468,274.0441548724417,176.53430985078677,86.84812743508034,125.65709058746482,171.21845581426595,154.67034842003577,84.56492589422888,47.08551829099252,119.02411864147992,156.91652276528663,136.50024113288794,67.1235180503565,23.779878753222835,96.85756082979879,1,Yeast
1811.25,1687.7022562938296,1345.5638154490991,862.6262022614507,345.1411501233569,102.38024321208454,395.8473763704709,503.8207043437338,440.86174013969395,263.3959809385487,55.3269181075375,138.5827210902824,230.41971272508758,221.89319972309093,132.5938960135776,27.669660953107975,117.42693941340727,178.73795001875752,171.2461746111921,104.14039485706942,26.143162509548773,97.55153006176828,155.50759498760516,166.92060531158143,141.82405254751743,111.05909403832055,99.88539914344926,88.57632336811835,50.14164270557788,30.93122452489261,106.2887476052719,169.26483856264034,0,E_coli
1811.25,1687.7022562938296,1345.5638154490991,862.6262022614507,345.1411501233569,102.38024321208454,395.8473763704709,503.8207043437338,440.86174013969395,263.3959809385487,55.3269181075375,138.5827210902824,230.41971272508758,221.89319972309093,132.5938960135776,27.669660953107975,117.42693941340727,178.73795001875752,171.2461746111921,104.14039485706942,26.143162509548773,97.55153006176828,155.50759498760516,166.92060531158143,141.82405254751743,111.05909403832055,99.88539914344926,88.57632336811835,50.14164270557788,30.93122452489261,106.2887476052719,169.26483856264034,1,Yeast
1811.25,1687.7022562938296,1345.5638154490991,862.6262022614507,345.1411501233569,102.38024321208454,395.8473763704709,503.8207043437338,440.86174013969395,263.3959809385487,55.3269181075375,138.5827210902824,230.41971272508758,221.89319972309093,132.5938960135776,27.669660953107975,117.42693941340727,178.73795001875752,171.2461746111921,104.14039485706942,26.143162509548773,97.55153006176828,155.50759498760516,166.92060531158143,141.82405254751743,111.05909403832055,99.88539914344926,88.57632336811835,50.14164270557788,30.93122452489261,106.2887476052719,169.26483856264034,0,Mammalian
1825.27,1697.6655065480368,1345.1301988605392,850.0707007694124,324.28916531363524,121.81477404095592,406.2904275054446,497.70033128147605,416.96937237934634,227.21426772500135,16.164233298377347,156.81233436229175,226.25532598436718,190.61596050952164,80.40651955872521,66.47885101617443,170.46542904647853,208.78584811216925,169.9995527769003,80.20383740585919,73.55663365818044,153.88314314578085,183.9597568796257,148.37788560602425,71.9253049877027,75.80803501540308,143.69759172216104,165.05815552155022,130.18984126562924,96.42466640427881,161.0883926385494,242.51641177983714,0,E_coli
1825.27,1697.6655065480368,1345.1301988605392,850.0707007694124,324.28916531363524,121.81477404095592,406.2904275054446,497.70033128147605,416.96937237934634,227.21426772500135,16.164233298377347,156.81233436229175,226.25532598436718,190.61596050952164,80.40651955872521,66.47885101617443,170.46542904647853,208.78584811216925,169.9995527769003,80.20383740585919,73.55663365818044,153.88314314578085,183.9597568796257,148.37788560602425,71.9253049877027,75.80803501540308,143.69759172216104,165.05815552155022,130.18984126562924,96.42466640427881,161.0883926385494,242.51641177983714,1,Yeast
1825.27,1697.6655065480368,1345.1301988605392,850.0707007694124,324.28916531363524,121.81477404095592,406.2904275054446,497.70033128147605,416.96937237934634,227.21426772500135,16.164233298377347,156.81233436229175,226.25532598436718,190.61596050952164,80.40651955872521,66.47885101617443,170.46542904647853,208.78584811216925,169.9995527769003,80.20383740585919,73.55663365818044,153.88314314578085,183.9597568796257,148.37788560602425,71.9253049877027,75.80803501540308,143.69759172216104,165.05815552155022,130.18984126562924,96.42466640427881,161.0883926385494,242.51641177983714,0,Mammalian
1909.31,1775.9496428156167,1407.3317578165706,889.4287719138472,342.28562945596104,162.30745372608015,452.42782933716063,554.2170405464201,476.1464801015544,281.7286485553888,63.87517577857513,134.64867444612534,215.249267535779,189.8124132031158,89.24577754606223,75.2565564493968,175.10289118115674,215.26201299718605,178.99035714620848,98.18743074971742,106.36685042329158,190.39856697033935,230.520418657033,202.9893667704516,120.45511565267819,28.15446299159649,80.48633535418024,116.57066442503731,91.91571696002954,24.98144227958628,84.79830094851188,161.59881154887847,1,Yeast
1909.31,1775.9496428156167,1407.3317578165706,889.4287719138472,342.28562945596104,162.30745372608015,452.42782933716063,554.2170405464201,476.1464801015544,281.7286485553888,63.87517577857513,134.64867444612534,215.249267535779,189.8124132031158,89.24577754606223,75.2565564493968,175.10289118115674,215.26201299718605,178.99035714620848,98.18743074971742,106.36685042329158,190.39856697033935,230.520418657033,202.9893667704516,120.45511565267819,28.15446299159649,80.48633535418024,116.57066442503731,91.91571696002954,24.98144227958628,84.79830094851188,161.59881154887847,0,Mammalian
1909.31,1775.9496428156167,1407.3317578165706,889.4287719138472,342.28562945596104,162.30745372608015,452.42782933716063,554.2170405464201,476.1464801015544,281.7286485553888,63.87517577857513,134.64867444612534,215.249267535779,189.8124132031158,89.24577754606223,75.2565564493968,175.10289118115674,215.26201299718605,178.99035714620848,98.18743074971742,106.36685042329158,190.39856697033935,230.520418657033,202.9893667704516,120.45511565267819,28.15446299159649,80.48633535418024,116.57066442503731,91.91571696002954,24.98144227958628,84.79830094851188,161.59881154887847,0,E_coli
1851.31,1723.5948337057148,1370.7331741180358,875.1585529236801,348.8336009910971,100.27754482870549,384.7822252541966,477.49014822171245,398.31285511179846,210.267182669719,10.092010988657645,169.3232517794292,236.53248289920504,198.18883654258994,83.14762245945161,56.55994735962625,165.96691748658833,206.58468127252948,168.6505185050989,73.6899018887634,52.302056159492636,137.59837199148228,166.79123899549674,128.46766876103808,46.14690079179197,79.1950724130748,155.7563491842848,178.47730485281141,140.06591974713396,86.35026072084162,136.20479575022568,216.54311050767652,1,Yeast
1851.31,1723.5948337057148,1370.7331741180358,875.1585529236801,348.8336009910971,100.27754482870549,384.7822252541966,477.49014822171245,398.31285511179846,210.267182669719,10.092010988657645,169.3232517794292,236.53248289920504,198.18883654258994,83.14762245945161,56.55994735962625,165.96691748658833,206.58468127252948,168.6505185050989,73.6899018887634,52.302056159492636,137.59837199148228,166.79123899549674,128.46766876103808,46.14690079179197,79.1950724130748,155.7563491842848,178.47730485281141,140.06591974713396,86.35026072084162,136.20479575022568,216.54311050767652,0,Mammalian
1851.31,1723.5948337057148,1370.7331741180358,875.1585529236801,348.8336009910971,100.27754482870549,384.7822252541966,477.49014822171245,398.31285511179846,210.267182669719,10.092010988657645,169.3232517794292,236.53248289920504,198.18883654258994,83.14762245945161,56.55994735962625,165.96691748658833,206.58468127252948,168.6505185050989,73.6899018887634,52.302056159492636,137.59837199148228,166.79123899549674,128.46766876103808,46.14690079179197,79.1950724130748,155.7563491842848,178.47730485281141,140.06591974713396,86.35026072084162,136.20479575022568,216.54311050767652,0,E_coli
1935.35,1801.9156454190058,1433.1002855898732,914.9917341138382,368.1343683402818,149.431309020515,432.9208608587547,535.0879124489865,457.96657297010944,264.2193849503842,40.876318638875894,141.7223113555131,221.91518092331305,193.61077866783384,85.20098338246187,59.37210729059215,168.26852854886445,210.96289300909498,174.4327303731881,84.55961532680536,82.44265286685518,171.40477576625983,211.82081524087266,183.15980814171937,98.4579110179244,13.747699219895685,99.16236303229896,137.72411991426512,113.8402771902377,40.33311831924024,58.75880567055457,135.58305703379656,0,E_coli
1935.35,1801.9156454190058,1433.1002855898732,914.9917341138382,368.1343683402818,149.431309020515,432.9208608587547,535.0879124489865,457.96657297010944,264.2193849503842,40.876318638875894,141.7223113555131,221.91518092331305,193.61077866783384,85.20098338246187,59.37210729059215,168.26852854886445,210.96289300909498,174.4327303731881,84.55961532680536,82.44265286685518,171.40477576625983,211.82081524087266,183.15980814171937,98.4579110179244,13.747699219895685,99.16236303229896,137.72411991426512,113.8402771902377,40.33311831924024,58.75880567055457,135.58305703379656,1,Yeast
1935.35,1801.9156454190058,1433.1002855898732,914.9917341138382,368.1343683402818,149.431309020515,432.9208608587547,535.0879124489865,457.96657297010944,264.2193849503842,40.876318638875894,141.7223113555131,221.91518092331305,193.61077866783384,85.20098338246187,59.37210729059215,168.26852854886445,210.96289300909498,174.4327303731881,84.55961532680536,82.44265286685518,171.40477576625983,211.82081524087266,183.15980814171937,98.4579110179244,13.747699219895685,99.16236303229896,137.72411991426512,113.8402771902377,40.33311831924024,58.75880567055457,135.58305703379656,0,Mammalian
1823.27,1699.6648540103001,1357.3688336955267,874.2465372988057,357.00504587382994,97.31741539047627,387.7500412480662,496.1795007911514,433.8954035314721,256.7325901753042,41.77563408212994,137.0104589311389,228.92030859238093,218.9113824262588,127.04825090669769,12.473595211675356,121.44184822374872,185.57738844114505,179.9588619690684,113.66641589853289,17.388785261052593,77.28217505092108,133.7784887213054,142.2960773097806,114.02546818259981,84.92891962413094,86.01863964603356,85.21161600103201,50.98623423767091,16.662975480378478,94.79103939951526,157.42065565717888,0,Mammalian
1823.27,1699.6648540103001,1357.3688336955267,874.2465372988057,357.00504587382994,97.31741539047627,387.7500412480662,496.1795007911514,433.8954035314721,256.7325901753042,41.77563408212994,137.0104589311389,228.92030859238093,218.9113824262588,127.04825090669769,12.473595211675356,121.44184822374872,185.57738844114505,179.9588619690684,113.66641589853289,17.388785261052593,77.28217505092108,133.7784887213054,142.2960773097806,114.02546818259981,84.92891962413094,86.01863964603356,85.21161600103201,50.98623423767091,16.662975480378478,94.79103939951526,157.42065565717888,1,Yeast
1823.27,1699.6648540103001,1357.3688336955267,874.2465372988057,357.00504587382994,97.31741539047627,387.7500412480662,496.1795007911514,433.8954035314721,256.7325901753042,41.77563408212994,137.0104589311389,228.92030859238093,218.9113824262588,127.04825090669769,12.473595211675356,121.44184822374872,185.57738844114505,179.9588619690684,113.66641589853289,17.388785261052593,77.28217505092108,133.7784887213054,142.2960773097806,114.02546818259981,84.92891962413094,86.01863964603356,85.21161600103201,50.98623423767091,16.662975480378478,94.79103939951526,157.42065565717888,0,E_coli
1823.27,1697.2511520713065,1349.0927509940911,860.156142957592,340.84395205511436,101.41322694051127,382.86856601034094,475.24617421488387,398.98884829354876,217.0341836715028,35.17465889142322,157.59469068074154,220.28758325779805,181.45317448955782,69.52935993757322,64.41517948697921,165.96691748658833,198.46969702395035,153.49122961750246,52.6843696867091,65.94655881748852,152.42002076070594,177.3523239698462,132.66080546110234,38.43545677350003,75.15476369776947,155.67781186039844,178.18476554303774,139.57576863489285,96.9259917841421,159.35170774825045,243.36972446341096,1,Yeast
1823.27,1697.2511520713065,1349.0927509940911,860.156142957592,340.84395205511436,101.41322694051127,382.86856601034094,475.24617421488387,398.98884829354876,217.0341836715028,35.17465889142322,157.59469068074154,220.28758325779805,181.45317448955782,69.52935993757322,64.41517948697921,165.96691748658833,198.46969702395035,153.49122961750246,52.6843696867091,65.94655881748852,152.42002076070594,177.3523239698462,132.66080546110234,38.43545677350003,75.15476369776947,155.67781186039844,178.18476554303774,139.57576863489285,96.9259917841421,159.35170774825045,243.36972446341096,0,E_coli
1823.27,1697.2511520713065,1349.0927509940911,860.156142957592,340.84395205511436,101.41322694051127,382.86856601034094,475.24617421488387,398.98884829354876,217.0341836715028,35.17465889142322,157.59469068074154,220.28758325779805,181.45317448955782,69.52935993757322,64.41517948697921,165.96691748658833,198.46969702395035,153.49122961750246,52.6843696867091,65.94655881748852,152.42002076070594,177.3523239698462,132.66080546110234,38.43545677350003,75.15476369776947,155.67781186039844,178.18476554303774,139.57576863489285,96.9259917841421,159.35170774825045,243.36972446341096,0,Mammalian
1837.29,1708.2503560197727,1351.9505757780598,852.2734715061505,323.12697341389423,125.19643011982797,405.59448215271533,489.4866034802522,398.38273505690813,197.57352375957464,29.431665172679438,199.19316088772587,266.6739754119131,223.01735958523085,104.92388964749985,89.75455525717666,201.76378292448828,251.26486695741838,216.7302652705496,118.90896724537465,59.88165182298812,147.87547786561322,200.14369742207478,184.6777072221121,113.34920647528779,33.08614998447143,77.24107047471088,109.28757058888405,83.35955653272882,17.90443144866191,89.75813220507689,165.94431021877736,1,Yeast
1837.29,1708.2503560197727,1351.9505757780598,852.2734715061505,323.12697341389423,125.19643011982797,405.59448215271533,489.4866034802522,398.38273505690813,197.57352375957464,29.431665172679438,199.19316088772587,266.6739754119131,223.01735958523085,104.92388964749985,89.75455525717666,201.76378292448828,251.26486695741838,216.7302652705496,118.90896724537465,59.88165182298812,147.87547786561322,200.14369742207478,184.6777072221121,113.34920647528779,33.08614998447143,77.24107047471088,109.28757058888405,83.35955653272882,17.90443144866191,89.75813220507689,165.94431021877736,0,Mammalian
1837.29,1708.2503560197727,1351.9505757780598,852.2734715061505,323.12697341389423,125.19643011982797,405.59448215271533,489.4866034802522,398.38273505690813,197.57352375957464,29.431665172679438,199.19316088772587,266.6739754119131,223.01735958523085,104.92388964749985,89.75455525717666,201.76378292448828,251.26486695741838,216.7302652705496,118.90896724537465,59.88165182298812,147.87547786561322,200.14369742207478,184.6777072221121,113.34920647528779,33.08614998447143,77.24107047471088,109.28757058888405,83.35955653272882,17.90443144866191,89.75813220507689,165.94431021877736,0,E_coli
1921.33,1787.9997917084097,1419.5185907340835,902.0953840804475,357.2376570150321,163.3147901348239,445.6782282647592,546.6197162015685,468.29750104950546,273.1775340632167,46.12054481502285,134.09918625259732,215.93618132957025,188.91655341746662,80.7951262539497,56.89199094181522,166.16996268880854,207.23105538067753,168.21875959235382,73.04104135542624,79.14419154789853,174.9317676707293,217.90023522122576,190.90513918904338,107.33764628865538,1.308747343059468,87.14530009450934,125.03187169890927,100.4434853409753,26.344645295788332,71.87892746739921,149.46176887041275,0,Mammalian
1921.33,1787.9997917084097,1419.5185907340835,902.0953840804475,357.2376570150321,163.3147901348239,445.6782282647592,546.6197162015685,468.29750104950546,273.1775340632167,46.12054481502285,134.09918625259732,215.93618132957025,188.91655341746662,80.7951262539497,56.89199094181522,166.16996268880854,207.23105538067753,168.21875959235382,73.04104135542624,79.14419154789853,174.9317676707293,217.90023522122576,190.90513918904338,107.33764628865538,1.308747343059468,87.14530009450934,125.03187169890927,100.4434853409753,26.344645295788332,71.87892746739921,149.46176887041275,1,Yeast
1921.33,1787.9997917084097,1419.5185907340835,902.0953840804475,357.2376570150321,163.3147901348239,445.6782282647592,546.6197162015685,468.29750104950546,273.1775340632167,46.12054481502285,134.09918625259732,215.93618132957025,188.91655341746662,80.7951262539497,56.89199094181522,166.16996268880854,207.23105538067753,168.21875959235382,73.04104135542624,79.14419154789853,174.9317676707293,217.90023522122576,190.90513918904338,107.33764628865538,1.308747343059468,87.14530009450934,125.03187169890927,100.4434853409753,26.344645295788332,71.87892746739921,149.46176887041275,0,E_coli
1921.33,1788.2351475457306,1420.4636270268302,904.264534632121,361.50201857827483,162.69506788822747,440.38087998432223,539.0130083444437,458.6396298479022,261.64697849706647,32.91613199472228,148.51417209165373,231.28561242964068,204.78284446176218,97.12830979471629,45.70709372166965,154.52808967951432,198.12358123164992,163.8811117478935,82.03828203938255,96.4319298809692,182.30239915435482,219.62218756548944,188.1689951638435,101.55035466693012,26.548108517046465,106.34548238510023,146.77335190689863,125.1068509167684,54.05327499093955,47.81334172015288,122.03826148560107,0,Mammalian
1921.33,1788.2351475457306,1420.4636270268302,904.264534632121,361.50201857827483,162.69506788822747,440.38087998432223,539.0130083444437,458.6396298479022,261.64697849706647,32.91613199472228,148.51417209165373,231.28561242964068,204.78284446176218,97.12830979471629,45.70709372166965,154.52808967951432,198.12358123164992,163.8811117478935,82.03828203938255,96.4319298809692,182.30239915435482,219.62218756548944,188.1689951638435,101.55035466693012,26.548108517046465,106.34548238510023,146.77335190689863,125.1068509167684,54.05327499093955,47.81334172015288,122.03826148560107,0,E_coli
1921.33,1788.2351475457306,1420.4636270268302,904.264534632121,361.50201857827483,162.69506788822747,440.38087998432223,539.0130083444437,458.6396298479022,261.64697849706647,32.91613199472228,148.51417209165373,231.28561242964068,204.78284446176218,97.12830979471629,45.70709372166965,154.52808967951432,198.12358123164992,163.8811117478935,82.03828203938255,96.4319298809692,182.30239915435482,219.62218756548944,188.1689951638435,101.55035466693012,26.548108517046465,106.34548238510023,146.77335190689863,125.1068509167684,54.05327499093955,47.81334172015288,122.03826148560107,1,Yeast
1709.0900000000001,1591.4949856166834,1265.7988490323207,805.8583666739019,312.30729693743956,115.1986363527936,400.01897654853065,511.65874570146747,465.34018353760706,314.98217445359546,136.27963010911827,57.972810422426726,108.73240998714815,92.87499198389374,52.94400393244924,128.5042559460359,208.42756271664263,233.21175850927094,191.48243839907525,107.41484923853287,87.33236139976167,162.17343915225098,205.799739858022,190.07521991868998,123.902312267311,45.24404157379309,70.59811111001221,112.77520666381643,109.66711790850592,67.38679551691641,31.584651672192226,67.61545356405901,0,E_coli
1709.0900000000001,1591.4949856166834,1265.7988490323207,805.8583666739019,312.30729693743956,115.1986363527936,400.01897654853065,511.65874570146747,465.34018353760706,314.98217445359546,136.27963010911827,57.972810422426726,108.73240998714815,92.87499198389374,52.94400393244924,128.5042559460359,208.42756271664263,233.21175850927094,191.48243839907525,107.41484923853287,87.33236139976167,162.17343915225098,205.799739858022,190.07521991868998,123.902312267311,45.24404157379309,70.59811111001221,112.77520666381643,109.66711790850592,67.38679551691641,31.584651672192226,67.61545356405901,1,Yeast
1709.0900000000001,1591.4949856166834,1265.7988490323207,805.8583666739019,312.30729693743956,115.1986363527936,400.01897654853065,511.65874570146747,465.34018353760706,314.98217445359546,136.27963010911827,57.972810422426726,108.73240998714815,92.87499198389374,52.94400393244924,128.5042559460359,208.42756271664263,233.21175850927094,191.48243839907525,107.41484923853287,87.33236139976167,162.17343915225098,205.799739858022,190.07521991868998,123.902312267311,45.24404157379309,70.59811111001221,112.77520666381643,109.66711790850592,67.38679551691641,31.584651672192226,67.61545356405901,0,Mammalian
1570.92,1459.0519995886943,1150.3960530293605,719.0778440597359,274.74959835726895,184.78717564943682,404.8630661436647,473.8389525220012,391.3491335000105,211.1897855158217,15.10887888557628,155.11142370240287,226.32897550446572,198.94398073493304,96.56687950364554,36.71982025281055,147.84624716238147,201.78237850272197,184.69684523971586,109.55620690912781,12.617987642429098,82.11184186044595,129.2827736910869,125.48977151353019,91.0812851731405,87.24055490958231,123.29098122851737,138.12707519455165,108.48880973387934,40.984760097017734,42.47361701002261,108.06924432982353,0,E_coli
1570.92,1459.0519995886943,1150.3960530293605,719.0778440597359,274.74959835726895,184.78717564943682,404.8630661436647,473.8389525220012,391.3491335000105,211.1897855158217,15.10887888557628,155.11142370240287,226.32897550446572,198.94398073493304,96.56687950364554,36.71982025281055,147.84624716238147,201.78237850272197,184.69684523971586,109.55620690912781,12.617987642429098,82.11184186044595,129.2827736910869,125.48977151353019,91.0812851731405,87.24055490958231,123.29098122851737,138.12707519455165,108.48880973387934,40.984760097017734,42.47361701002261,108.06924432982353,0,Mammalian
1570.92,1459.0519995886943,1150.3960530293605,719.0778440597359,274.74959835726895,184.78717564943682,404.8630661436647,473.8389525220012,391.3491335000105,211.1897855158217,15.10887888557628,155.11142370240287,226.32897550446572,198.94398073493304,96.56687950364554,36.71982025281055,147.84624716238147,201.78237850272197,184.69684523971586,109.55620690912781,12.617987642429098,82.11184186044595,129.2827736910869,125.48977151353019,91.0812851731405,87.24055490958231,123.29098122851737,138.12707519455165,108.48880973387934,40.984760097017734,42.47361701002261,108.06924432982353,1,Yeast
1628.96,1514.0582084203133,1196.332992662265,749.4906796946345,276.1297537786326,151.89259839653818,408.5473880336752,498.68124816327264,432.5312163848736,264.101633805697,68.016004524862,97.07143050921388,172.7387267736683,156.73991704013773,76.76317663379812,70.26174861099429,153.62198019814736,187.88724609180056,154.81057843263645,70.33564103849587,53.542744982258775,138.81830309925402,179.700407753356,160.5329704923994,92.35277826152148,29.386507316694004,92.76529576600316,135.23915505430946,129.03465662576272,82.11247297344717,29.759280909466717,55.30448908025289,1,Yeast
1628.96,1514.0582084203133,1196.332992662265,749.4906796946345,276.1297537786326,151.89259839653818,408.5473880336752,498.68124816327264,432.5312163848736,264.101633805697,68.016004524862,97.07143050921388,172.7387267736683,156.73991704013773,76.76317663379812,70.26174861099429,153.62198019814736,187.88724609180056,154.81057843263645,70.33564103849587,53.542744982258775,138.81830309925402,179.700407753356,160.5329704923994,92.35277826152148,29.386507316694004,92.76529576600316,135.23915505430946,129.03465662576272,82.11247297344717,29.759280909466717,55.30448908025289,0,Mammalian
1628.96,1514.0582084203133,1196.332992662265,749.4906796946345,276.1297537786326,151.89259839653818,408.5473880336752,498.68124816327264,432.5312163848736,264.101633805697,68.016004524862,97.07143050921388,172.7387267736683,156.73991704013773,76.76317663379812,70.26174861099429,153.62198019814736,187.88724609180056,154.81057843263645,70.33564103849587,53.542744982258775,138.81830309925402,179.700407753356,160.5329704923994,92.35277826152148,29.386507316694004,92.76529576600316,135.23915505430946,129.03465662576272,82.11247297344717,29.759280909466717,55.30448908025289,0,E_coli
1647.02,1531.2198904001837,1210.838979370664,759.6106227725181,279.03151288237905,144.91237791170528,411.36097676227587,507.51845186159005,446.1111527417306,280.9793223004657,85.84295979997334,79.01143466724645,156.7112707880959,145.8450509751298,78.73280426981249,86.18383176183447,159.73690494059278,187.0592913165073,148.94097612190112,64.23440032347041,71.30010400719206,156.66272908351903,196.24981273141083,173.96566269553784,99.87980876756002,11.7641966760438,89.03680168542267,139.34971479648405,139.79567230466904,98.44876940881743,44.43207398668844,41.8401239618487,1,Yeast
1647.02,1531.2198904001837,1210.838979370664,759.6106227725181,279.03151288237905,144.91237791170528,411.36097676227587,507.51845186159005,446.1111527417306,280.9793223004657,85.84295979997334,79.01143466724645,156.7112707880959,145.8450509751298,78.73280426981249,86.18383176183447,159.73690494059278,187.0592913165073,148.94097612190112,64.23440032347041,71.30010400719206,156.66272908351903,196.24981273141083,173.96566269553784,99.87980876756002,11.7641966760438,89.03680168542267,139.34971479648405,139.79567230466904,98.44876940881743,44.43207398668844,41.8401239618487,0,Mammalian
1647.02,1531.2198904001837,1210.838979370664,759.6106227725181,279.03151288237905,144.91237791170528,411.36097676227587,507.51845186159005,446.1111527417306,280.9793223004657,85.84295979997334,79.01143466724645,156.7112707880959,145.8450509751298,78.73280426981249,86.18383176183447,159.73690494059278,187.0592913165073,148.94097612190112,64.23440032347041,71.30010400719206,156.66272908351903,196.24981273141083,173.96566269553784,99.87980876756002,11.7641966760438,89.03680168542267,139.34971479648405,139.79567230466904,98.44876940881743,44.43207398668844,41.8401239618487,0,E_coli
1556.9,1445.8004057464366,1139.4652614161234,712.2460683267802,276.2498271608098,194.5040270477167,405.2165691862544,468.71920392763235,382.0583636047181,198.83808810235533,13.274555109650155,169.13142275870845,239.5852024623805,210.27382834852315,105.66270997168749,38.62420226607133,149.8272138164492,207.44716309047874,193.8406456989326,121.3142336944843,22.703539765146463,68.74854589645726,118.15788068056021,119.73636031999123,96.1755790192345,101.24755974735584,133.4319433820843,142.40811102008934,107.70920590560145,38.30269598465407,55.101126887449226,121.53830432834734,0,Mammalian
1556.9,1445.8004057464366,1139.4652614161234,712.2460683267802,276.2498271608098,194.5040270477167,405.2165691862544,468.71920392763235,382.0583636047181,198.83808810235533,13.274555109650155,169.13142275870845,239.5852024623805,210.27382834852315,105.66270997168749,38.62420226607133,149.8272138164492,207.44716309047874,193.8406456989326,121.3142336944843,22.703539765146463,68.74854589645726,118.15788068056021,119.73636031999123,96.1755790192345,101.24755974735584,133.4319433820843,142.40811102008934,107.70920590560145,38.30269598465407,55.101126887449226,121.53830432834734,0,E_coli
1556.9,1445.8004057464366,1139.4652614161234,712.2460683267802,276.2498271608098,194.5040270477167,405.2165691862544,468.71920392763235,382.0583636047181,198.83808810235533,13.274555109650155,169.13142275870845,239.5852024623805,210.27382834852315,105.66270997168749,38.62420226607133,149.8272138164492,207.44716309047874,193.8406456989326,121.3142336944843,22.703539765146463,68.74854589645726,118.15788068056021,119.73636031999123,96.1755790192345,101.24755974735584,133.4319433820843,142.40811102008934,107.70920590560145,38.30269598465407,55.101126887449226,121.53830432834734,1,Yeast
1661.0400000000002,1538.3581929746456,1200.0702938471245,727.2731223600435,232.5704540741458,200.1009864875861,452.929367802801,520.4128571913046,422.2753841625143,222.2534423145404,4.780710522979322,160.91074827881135,223.07656227643082,177.83292492239661,56.76084808399465,87.92852734354001,197.22629642114157,233.8563200366513,189.41475988552097,93.83147002776563,86.03678529802005,171.0091371300564,205.2140460993093,167.3863730650506,72.21731600108788,44.39889672916261,139.9107108972685,181.21674845478327,156.45706513372204,79.85349279922808,35.26126396478667,108.6520884085694,1,Yeast
1661.0400000000002,1538.3581929746456,1200.0702938471245,727.2731223600435,232.5704540741458,200.1009864875861,452.929367802801,520.4128571913046,422.2753841625143,222.2534423145404,4.780710522979322,160.91074827881135,223.07656227643082,177.83292492239661,56.76084808399465,87.92852734354001,197.22629642114157,233.8563200366513,189.41475988552097,93.83147002776563,86.03678529802005,171.0091371300564,205.2140460993093,167.3863730650506,72.21731600108788,44.39889672916261,139.9107108972685,181.21674845478327,156.45706513372204,79.85349279922808,35.26126396478667,108.6520884085694,0,E_coli
1661.0400000000002,1538.3581929746456,1200.0702938471245,727.2731223600435,232.5704540741458,200.1009864875861,452.929367802801,520.4128571913046,422.2753841625143,222.2534423145404,4.780710522979322,160.91074827881135,223.07656227643082,177.83292492239661,56.76084808399465,87.92852734354001,197.22629642114157,233.8563200366513,189.41475988552097,93.83147002776563,86.03678529802005,171.0091371300564,205.2140460993093,167.3863730650506,72.21731600108788,44.39889672916261,139.9107108972685,181.21674845478327,156.45706513372204,79.85349279922808,35.26126396478667,108.6520884085694,0,Mammalian
1600.9500000000003,1487.4835254215764,1174.0300907233266,734.3981849859332,273.933535053275,166.05711904488743,405.7382725792206,485.9860602186459,412.15044062801206,238.26852232601263,40.775219966555795,125.08142643559538,198.2887768579256,175.9849158640401,81.90238374237472,48.61926566474406,148.0482100533471,192.54482663804436,167.3974624428898,86.66553229861277,26.814111497883363,111.2803224921691,154.70321383541014,141.74815408798804,87.03640899149917,57.259797221595576,104.62850151838852,133.5270783958973,115.98993391662488,58.805308212415056,22.08369265537338,79.86002609973238,0,Mammalian
1600.9500000000003,1487.4835254215764,1174.0300907233266,734.3981849859332,273.933535053275,166.05711904488743,405.7382725792206,485.9860602186459,412.15044062801206,238.26852232601263,40.775219966555795,125.08142643559538,198.2887768579256,175.9849158640401,81.90238374237472,48.61926566474406,148.0482100533471,192.54482663804436,167.3974624428898,86.66553229861277,26.814111497883363,111.2803224921691,154.70321383541014,141.74815408798804,87.03640899149917,57.259797221595576,104.62850151838852,133.5270783958973,115.98993391662488,58.805308212415056,22.08369265537338,79.86002609973238,0,E_coli
1600.9500000000003,1487.4835254215764,1174.0300907233266,734.3981849859332,273.933535053275,166.05711904488743,405.7382725792206,485.9860602186459,412.15044062801206,238.26852232601263,40.775219966555795,125.08142643559538,198.2887768579256,175.9849158640401,81.90238374237472,48.61926566474406,148.0482100533471,192.54482663804436,167.3974624428898,86.66553229861277,26.814111497883363,111.2803224921691,154.70321383541014,141.74815408798804,87.03640899149917,57.259797221595576,104.62850151838852,133.5270783958973,115.98993391662488,58.805308212415056,22.08369265537338,79.86002609973238,1,Yeast
1711.06,1590.6175373820458,1256.9559496610616,785.5812317955043,279.7340667335532,159.57835338452205,450.3629423681652,561.4154525772934,506.21578936143004,337.9382214481796,130.6292994839494,58.4751861806374,158.13797518346482,174.44148484659007,131.09004671992133,99.3280423117155,126.19519008266514,139.74300178866972,101.98923141584704,20.42951419526498,75.65743165051188,149.65687243656157,174.1919674940493,140.35219476905863,61.473527645518686,41.64456518787972,120.01525646620419,156.66621522357886,139.9551419192235,80.10385739318276,14.12475385828899,64.91751233595433,0,Mammalian
1711.06,1590.6175373820458,1256.9559496610616,785.5812317955043,279.7340667335532,159.57835338452205,450.3629423681652,561.4154525772934,506.21578936143004,337.9382214481796,130.6292994839494,58.4751861806374,158.13797518346482,174.44148484659007,131.09004671992133,99.3280423117155,126.19519008266514,139.74300178866972,101.98923141584704,20.42951419526498,75.65743165051188,149.65687243656157,174.1919674940493,140.35219476905863,61.473527645518686,41.64456518787972,120.01525646620419,156.66621522357886,139.9551419192235,80.10385739318276,14.12475385828899,64.91751233595433,0,E_coli
1711.06,1590.6175373820458,1256.9559496610616,785.5812317955043,279.7340667335532,159.57835338452205,450.3629423681652,561.4154525772934,506.21578936143004,337.9382214481796,130.6292994839494,58.4751861806374,158.13797518346482,174.44148484659007,131.09004671992133,99.3280423117155,126.19519008266514,139.74300178866972,101.98923141584704,20.42951419526498,75.65743165051188,149.65687243656157,174.1919674940493,140.35219476905863,61.473527645518686,41.64456518787972,120.01525646620419,156.66621522357886,139.9551419192235,80.10385739318276,14.12475385828899,64.91751233595433,1,Yeast
1677.04,1559.3099685094926,1233.3534619215502,773.4404305748608,280.87860384869083,144.60989106432876,424.7146669176722,529.0332906117214,472.3502126178525,308.08811733928576,108.7574120674827,57.72910708502628,145.89630626385795,147.5956219371889,97.4989376485279,98.03577062748528,154.36344126767833,173.76025877699152,132.42153186441396,49.37166145478482,81.05785409274871,164.7236256475177,199.85421574046538,172.9410334549348,94.78498952824505,7.62457734720246,96.44287458543774,146.73581536229597,145.87583627335766,102.448929356238,45.25710596219289,39.47080822542734,0,E_coli
1677.04,1559.3099685094926,1233.3534619215502,773.4404305748608,280.87860384869083,144.60989106432876,424.7146669176722,529.0332906117214,472.3502126178525,308.08811733928576,108.7574120674827,57.72910708502628,145.89630626385795,147.5956219371889,97.4989376485279,98.03577062748528,154.36344126767833,173.76025877699152,132.42153186441396,49.37166145478482,81.05785409274871,164.7236256475177,199.85421574046538,172.9410334549348,94.78498952824505,7.62457734720246,96.44287458543774,146.73581536229597,145.87583627335766,102.448929356238,45.25710596219289,39.47080822542734,0,Mammalian
1677.04,1559.3099685094926,1233.3534619215502,773.4404305748608,280.87860384869083,144.60989106432876,424.7146669176722,529.0332906117214,472.3502126178525,308.08811733928576,108.7574120674827,57.72910708502628,145.89630626385795,147.5956219371889,97.4989376485279,98.03577062748528,154.36344126767833,173.76025877699152,132.42153186441396,49.37166145478482,81.05785409274871,164.7236256475177,199.85421574046538,172.9410334549348,94.78498952824505,7.62457734720246,96.44287458543774,146.73581536229597,145.87583627335766,102.448929356238,45.25710596219289,39.47080822542734,1,Yeast
1620.94,1509.8144678751473,1202.231036963322,768.5925835808944,306.1917597053953,115.8941269186896,373.14285884758095,476.5556228290287,433.0504817330001,293.2691477053911,127.74066429801339,52.906664497808904,102.34690668405398,101.97542497272163,94.44109738831779,142.51557860648998,190.00099473423813,187.92864664315994,128.10191088584827,54.23051438142653,117.62364145870959,194.7723786744897,216.45022828488982,172.62552075886478,79.07580837915354,37.368000347639985,127.75917608029683,171.57370342831663,156.76471781211458,94.58189901029472,17.004943164859412,57.5175691211723,0,E_coli
1620.94,1509.8144678751473,1202.231036963322,768.5925835808944,306.1917597053953,115.8941269186896,373.14285884758095,476.5556228290287,433.0504817330001,293.2691477053911,127.74066429801339,52.906664497808904,102.34690668405398,101.97542497272163,94.44109738831779,142.51557860648998,190.00099473423813,187.92864664315994,128.10191088584827,54.23051438142653,117.62364145870959,194.7723786744897,216.45022828488982,172.62552075886478,79.07580837915354,37.368000347639985,127.75917608029683,171.57370342831663,156.76471781211458,94.58189901029472,17.004943164859412,57.5175691211723,0,Mammalian
1620.94,1509.8144678751473,1202.231036963322,768.5925835808944,306.1917597053953,115.8941269186896,373.14285884758095,476.5556228290287,433.0504817330001,293.2691477053911,127.74066429801339,52.906664497808904,102.34690668405398,101.97542497272163,94.44109738831779,142.51557860648998,190.00099473423813,187.92864664315994,128.10191088584827,54.23051438142653,117.62364145870959,194.7723786744897,216.45022828488982,172.62552075886478,79.07580837915354,37.368000347639985,127.75917608029683,171.57370342831663,156.76471781211458,94.58189901029472,17.004943164859412,57.5175691211723,1,Yeast
1697.04,1576.2513991719177,1241.9517013927543,770.6842025874029,266.76534499541384,165.4486798211636,448.02658130995474,547.7495375924651,480.6139544119577,302.58516812625356,90.01863058034266,86.63910374388908,176.2355138835225,168.3830975757605,89.80415513060026,67.65814173906274,153.63344687925212,194.4343181189542,166.03867678853265,85.69231071080263,71.65662163040082,160.4297490383801,212.87769812126615,203.5017620861544,137.39936689992678,39.16610811442326,60.2417887445611,129.23269111712477,153.89530120249339,136.36725056108594,93.03269134468998,44.38584136090145,0,E_coli
1697.04,1576.2513991719177,1241.9517013927543,770.6842025874029,266.76534499541384,165.4486798211636,448.02658130995474,547.7495375924651,480.6139544119577,302.58516812625356,90.01863058034266,86.63910374388908,176.2355138835225,168.3830975757605,89.80415513060026,67.65814173906274,153.63344687925212,194.4343181189542,166.03867678853265,85.69231071080263,71.65662163040082,160.4297490383801,212.87769812126615,203.5017620861544,137.39936689992678,39.16610811442326,60.2417887445611,129.23269111712477,153.89530120249339,136.36725056108594,93.03269134468998,44.38584136090145,1,Yeast
1697.04,1576.2513991719177,1241.9517013927543,770.6842025874029,266.76534499541384,165.4486798211636,448.02658130995474,547.7495375924651,480.6139544119577,302.58516812625356,90.01863058034266,86.63910374388908,176.2355138835225,168.3830975757605,89.80415513060026,67.65814173906274,153.63344687925212,194.4343181189542,166.03867678853265,85.69231071080263,71.65662163040082,160.4297490383801,212.87769812126615,203.5017620861544,137.39936689992678,39.16610811442326,60.2417887445611,129.23269111712477,153.89530120249339,136.36725056108594,93.03269134468998,44.38584136090145,0,Mammalian
1606.92,1497.6750323733431,1195.297844040392,769.0285394581197,314.9263328094276,110.11999063520533,359.402677533029,463.6095430015664,425.1941365784921,293.6794328058605,138.18283177484878,56.52769732097741,89.14113976533922,91.40461397022236,101.68578282000735,156.43751260186087,199.1638139823597,190.05888089145,124.97116706223292,58.25293003157808,129.235193338352,203.58565995001535,219.99262545041628,170.06910927687534,72.04467377447556,51.327347223339935,141.1538117369508,181.78963122305757,161.25410167602158,91.82228778559163,3.374547690074447,69.41387127400047,1,Yeast
1606.92,1497.6750323733431,1195.297844040392,769.0285394581197,314.9263328094276,110.11999063520533,359.402677533029,463.6095430015664,425.1941365784921,293.6794328058605,138.18283177484878,56.52769732097741,89.14113976533922,91.40461397022236,101.68578282000735,156.43751260186087,199.1638139823597,190.05888089145,124.97116706223292,58.25293003157808,129.235193338352,203.58565995001535,219.99262545041628,170.06910927687534,72.04467377447556,51.327347223339935,141.1538117369508,181.78963122305757,161.25410167602158,91.82228778559163,3.374547690074447,69.41387127400047,0,E_coli
1606.92,1497.6750323733431,1195.297844040392,769.0285394581197,314.9263328094276,110.11999063520533,359.402677533029,463.6095430015664,425.1941365784921,293.6794328058605,138.18283177484878,56.52769732097741,89.14113976533922,91.40461397022236,101.68578282000735,156.43751260186087,199.1638139823597,190.05888089145,124.97116706223292,58.25293003157808,129.235193338352,203.58565995001535,219.99262545041628,170.06910927687534,72.04467377447556,51.327347223339935,141.1538117369508,181.78963122305757,161.25410167602158,91.82228778559163,3.374547690074447,69.41387127400047,0,Mammalian
1634.96,1523.4648923104448,1214.2794511807806,776.5540197353434,305.4836300299161,114.21167791151369,388.95189347691326,502.2428363041118,462.0931767691238,315.77259439724077,129.70209473097006,35.189567059682595,128.68216108195097,145.24866278881916,111.48596399842218,102.60918724509305,142.42914308525476,160.4213787868254,126.50905349445816,48.95917253280105,60.483586765218234,144.46847394472016,187.94320922655055,176.4499377266242,116.01311298047035,29.957577598962576,60.987104992762355,120.8708828717903,141.81461749424315,125.59788436207927,86.59834160496474,42.91573623216823,0,Mammalian
1634.96,1523.4648923104448,1214.2794511807806,776.5540197353434,305.4836300299161,114.21167791151369,388.95189347691326,502.2428363041118,462.0931767691238,315.77259439724077,129.70209473097006,35.189567059682595,128.68216108195097,145.24866278881916,111.48596399842218,102.60918724509305,142.42914308525476,160.4213787868254,126.50905349445816,48.95917253280105,60.483586765218234,144.46847394472016,187.94320922655055,176.4499377266242,116.01311298047035,29.957577598962576,60.987104992762355,120.8708828717903,141.81461749424315,125.59788436207927,86.59834160496474,42.91573623216823,0,E_coli
1634.96,1523.4648923104448,1214.2794511807806,776.5540197353434,305.4836300299161,114.21167791151369,388.95189347691326,502.2428363041118,462.0931767691238,315.77259439724077,129.70209473097006,35.189567059682595,128.68216108195097,145.24866278881916,111.48596399842218,102.60918724509305,142.42914308525476,160.4213787868254,126.50905349445816,48.95917253280105,60.483586765218234,144.46847394472016,187.94320922655055,176.4499377266242,116.01311298047035,29.957577598962576,60.987104992762355,120.8708828717903,141.81461749424315,125.59788436207927,86.59834160496474,42.91573623216823,1,Yeast
1711.0600000000002,1586.157296888593,1241.3213452123966,757.8095342587867,245.74768776840298,186.4816150604904,458.91034368179595,541.473740255373,456.0345255970643,265.7822001894579,53.925832015103886,110.92261739358455,175.21584964213466,137.04382220324376,37.443666779865175,115.05385132283386,210.25540373555208,235.00224634127594,183.33563708759414,101.22925758089865,134.10598945324057,220.52765156022406,253.1017602463095,211.43157809050922,112.35288097534728,47.225896364883155,136.5180949150119,188.405409141455,175.08275866982368,107.23524876355349,16.260766777156785,59.87998100880256,1,Yeast
1711.0600000000002,1586.157296888593,1241.3213452123966,757.8095342587867,245.74768776840298,186.4816150604904,458.91034368179595,541.473740255373,456.0345255970643,265.7822001894579,53.925832015103886,110.92261739358455,175.21584964213466,137.04382220324376,37.443666779865175,115.05385132283386,210.25540373555208,235.00224634127594,183.33563708759414,101.22925758089865,134.10598945324057,220.52765156022406,253.1017602463095,211.43157809050922,112.35288097534728,47.225896364883155,136.5180949150119,188.405409141455,175.08275866982368,107.23524876355349,16.260766777156785,59.87998100880256,0,E_coli
1711.0600000000002,1586.157296888593,1241.3213452123966,757.8095342587867,245.74768776840298,186.4816150604904,458.91034368179595,541.473740255373,456.0345255970643,265.7822001894579,53.925832015103886,110.92261739358455,175.21584964213466,137.04382220324376,37.443666779865175,115.05385132283386,210.25540373555208,235.00224634127594,183.33563708759414,101.22925758089865,134.10598945324057,220.52765156022406,253.1017602463095,211.43157809050922,112.35288097534728,47.225896364883155,136.5180949150119,188.405409141455,175.08275866982368,107.23524876355349,16.260766777156785,59.87998100880256,0,Mammalian
1620.94,1512.0492485982913,1209.7538413316936,780.7677484429099,317.25408962194604,101.509823227854,376.32347280533514,495.95143454075014,464.56258368145967,326.0855925307805,143.69978175345952,21.52145241787114,123.35832059747314,150.95484901881525,125.39592410015288,106.26896281783542,130.9293565248068,146.85138689314175,118.42375804198916,47.05529486302488,47.7746941246642,130.4611886063134,176.89466172692045,172.91118584183707,121.96933484776737,43.765169953143676,47.271458984742374,109.65968176594816,139.40083916108986,133.5139650780465,100.47707545109499,52.76334706185999,0,Mammalian
1620.94,1512.0492485982913,1209.7538413316936,780.7677484429099,317.25408962194604,101.509823227854,376.32347280533514,495.95143454075014,464.56258368145967,326.0855925307805,143.69978175345952,21.52145241787114,123.35832059747314,150.95484901881525,125.39592410015288,106.26896281783542,130.9293565248068,146.85138689314175,118.42375804198916,47.05529486302488,47.7746941246642,130.4611886063134,176.89466172692045,172.91118584183707,121.96933484776737,43.765169953143676,47.271458984742374,109.65968176594816,139.40083916108986,133.5139650780465,100.47707545109499,52.76334706185999,1,Yeast
1620.94,1512.0492485982913,1209.7538413316936,780.7677484429099,317.25408962194604,101.509823227854,376.32347280533514,495.95143454075014,464.56258368145967,326.0855925307805,143.69978175345952,21.52145241787114,123.35832059747314,150.95484901881525,125.39592410015288,106.26896281783542,130.9293565248068,146.85138689314175,118.42375804198916,47.05529486302488,47.7746941246642,130.4611886063134,176.89466172692045,172.91118584183707,121.96933484776737,43.765169953143676,47.271458984742374,109.65968176594816,139.40083916108986,133.5139650780465,100.47707545109499,52.76334706185999,0,E_coli
1677.04,1557.9834538870753,1228.723569314341,765.3110989278538,271.4419870954383,153.7175775315128,427.37654069572767,522.9317707841114,457.18995753772447,286.7143693776443,87.73186620231006,76.97725332636655,151.48323569605512,135.5908320085107,70.00039198998446,102.93153716801517,179.11428307089292,201.52102071794292,155.91380984207743,72.84468921267424,100.73948362882946,186.52178495970824,223.11851960282928,192.88841114476693,107.54198959780179,14.24399532571047,102.64863158603832,157.25049698067414,156.5548382610073,109.4492557199447,45.465890429767455,37.073888266494286,1,Yeast
1677.04,1557.9834538870753,1228.723569314341,765.3110989278538,271.4419870954383,153.7175775315128,427.37654069572767,522.9317707841114,457.18995753772447,286.7143693776443,87.73186620231006,76.97725332636655,151.48323569605512,135.5908320085107,70.00039198998446,102.93153716801517,179.11428307089292,201.52102071794292,155.91380984207743,72.84468921267424,100.73948362882946,186.52178495970824,223.11851960282928,192.88841114476693,107.54198959780179,14.24399532571047,102.64863158603832,157.25049698067414,156.5548382610073,109.4492557199447,45.465890429767455,37.073888266494286,0,E_coli
1677.04,1557.9834538870753,1228.723569314341,765.3110989278538,271.4419870954383,153.7175775315128,427.37654069572767,522.9317707841114,457.18995753772447,286.7143693776443,87.73186620231006,76.97725332636655,151.48323569605512,135.5908320085107,70.00039198998446,102.93153716801517,179.11428307089292,201.52102071794292,155.91380984207743,72.84468921267424,100.73948362882946,186.52178495970824,223.11851960282928,192.88841114476693,107.54198959780179,14.24399532571047,102.64863158603832,157.25049698067414,156.5548382610073,109.4492557199447,45.465890429767455,37.073888266494286,0,Mammalian
1664.9900000000002,1548.0605132433445,1224.4570144277282,768.3119644295969,280.96769111539885,142.25392785435733,416.3010636036479,516.7418698878482,458.2046978565304,294.71446931370207,99.74098074173519,64.97241695675277,144.06951529664022,137.1120151090363,81.81816034473353,101.06466647872267,168.35144460324653,189.7078389410258,146.86443425071533,64.11995239642205,89.03964713077777,174.47811262154937,212.7897526459462,187.364584572177,108.37764835151972,6.3186292800901995,90.6789861325376,146.52129026306537,151.2882630949922,112.71294945899596,57.10363784169801,33.8588797979915,0,E_coli
1664.9900000000002,1548.0605132433445,1224.4570144277282,768.3119644295969,280.96769111539885,142.25392785435733,416.3010636036479,516.7418698878482,458.2046978565304,294.71446931370207,99.74098074173519,64.97241695675277,144.06951529664022,137.1120151090363,81.81816034473353,101.06466647872267,168.35144460324653,189.7078389410258,146.86443425071533,64.11995239642205,89.03964713077777,174.47811262154937,212.7897526459462,187.364584572177,108.37764835151972,6.3186292800901995,90.6789861325376,146.52129026306537,151.2882630949922,112.71294945899596,57.10363784169801,33.8588797979915,0,Mammalian
1664.9900000000002,1548.0605132433445,1224.4570144277282,768.3119644295969,280.96769111539885,142.25392785435733,416.3010636036479,516.7418698878482,458.2046978565304,294.71446931370207,99.74098074173519,64.97241695675277,144.06951529664022,137.1120151090363,81.81816034473353,101.06466647872267,168.35144460324653,189.7078389410258,146.86443425071533,64.11995239642205,89.03964713077777,174.47811262154937,212.7897526459462,187.364584572177,108.37764835151972,6.3186292800901995,90.6789861325376,146.52129026306537,151.2882630949922,112.71294945899596,57.10363784169801,33.8588797979915,1,Yeast
1663.02,1546.4411309422944,1223.7693645640363,768.8194107745006,282.54333884187605,140.389128078151,414.4955549605312,515.7496219093482,458.4005063408622,296.0484566610779,101.70521641356648,63.01144034219825,142.91754327882347,137.45960470303032,83.75648805331616,100.89313799783623,166.60863963192296,187.779417540301,145.42640321549388,62.79829413320668,87.13597128926001,172.50923115361525,211.11850236979416,186.5200086303167,108.64084216555545,6.3954552823508,88.72419188493173,144.78698518676322,150.50150300481286,113.35945788632473,59.021978237318436,33.71587709103485,0,E_coli
1663.02,1546.4411309422944,1223.7693645640363,768.8194107745006,282.54333884187605,140.389128078151,414.4955549605312,515.7496219093482,458.4005063408622,296.0484566610779,101.70521641356648,63.01144034219825,142.91754327882347,137.45960470303032,83.75648805331616,100.89313799783623,166.60863963192296,187.779417540301,145.42640321549388,62.79829413320668,87.13597128926001,172.50923115361525,211.11850236979416,186.5200086303167,108.64084216555545,6.3954552823508,88.72419188493173,144.78698518676322,150.50150300481286,113.35945788632473,59.021978237318436,33.71587709103485,1,Yeast
1663.02,1546.4411309422944,1223.7693645640363,768.8194107745006,282.54333884187605,140.389128078151,414.4955549605312,515.7496219093482,458.4005063408622,296.0484566610779,101.70521641356648,63.01144034219825,142.91754327882347,137.45960470303032,83.75648805331616,100.89313799783623,166.60863963192296,187.779417540301,145.42640321549388,62.79829413320668,87.13597128926001,172.50923115361525,211.11850236979416,186.5200086303167,108.64084216555545,6.3954552823508,88.72419188493173,144.78698518676322,150.50150300481286,113.35945788632473,59.021978237318436,33.71587709103485,0,Mammalian
1752.1100000000001,1615.359307169367,1241.0370055022215,725.7310453357119,197.425630066372,228.77894652603007,468.5629660127939,509.1182675511708,393.3803429677255,207.1809223247018,84.26901906912092,127.33335133782978,121.88223452576574,49.87894167471248,97.48210405880491,189.97298612045685,222.72799846449473,182.06807276056216,89.19674928612649,41.31205359681942,116.29023443050377,149.320359885559,134.83694411379915,102.55180371026894,90.23444999884863,86.24608697262458,62.202817674821794,55.7019126501077,106.75640344260741,147.50567520473635,144.96345181086764,96.96300435079922,0,Mammalian
1752.1100000000001,1615.359307169367,1241.0370055022215,725.7310453357119,197.425630066372,228.77894652603007,468.5629660127939,509.1182675511708,393.3803429677255,207.1809223247018,84.26901906912092,127.33335133782978,121.88223452576574,49.87894167471248,97.48210405880491,189.97298612045685,222.72799846449473,182.06807276056216,89.19674928612649,41.31205359681942,116.29023443050377,149.320359885559,134.83694411379915,102.55180371026894,90.23444999884863,86.24608697262458,62.202817674821794,55.7019126501077,106.75640344260741,147.50567520473635,144.96345181086764,96.96300435079922,0,E_coli
1752.1100000000001,1615.359307169367,1241.0370055022215,725.7310453357119,197.425630066372,228.77894652603007,468.5629660127939,509.1182675511708,393.3803429677255,207.1809223247018,84.26901906912092,127.33335133782978,121.88223452576574,49.87894167471248,97.48210405880491,189.97298612045685,222.72799846449473,182.06807276056216,89.19674928612649,41.31205359681942,116.29023443050377,149.320359885559,134.83694411379915,102.55180371026894,90.23444999884863,86.24608697262458,62.202817674821794,55.7019126501077,106.75640344260741,147.50567520473635,144.96345181086764,96.96300435079922,1,Yeast
1646.98,1532.4467938937653,1215.4326100244448,768.4612400990167,291.0671340183903,129.99429172934134,398.71483856547786,500.7544627970078,448.44102190225954,294.2833262820108,110.46866841994668,55.73396904993967,127.33738869348412,123.44597080072519,85.57582087449359,116.72003312760145,174.7012501386295,186.72118100860803,137.5676222003061,56.06910916078371,97.74742291131447,180.16268290182288,212.1846027504245,180.19405008151784,96.27910819724737,11.827716348325234,103.3219368979373,154.1940294411309,151.54731752572073,104.61511777994254,42.99145507550169,39.32953458974949,1,Yeast
1646.98,1532.4467938937653,1215.4326100244448,768.4612400990167,291.0671340183903,129.99429172934134,398.71483856547786,500.7544627970078,448.44102190225954,294.2833262820108,110.46866841994668,55.73396904993967,127.33738869348412,123.44597080072519,85.57582087449359,116.72003312760145,174.7012501386295,186.72118100860803,137.5676222003061,56.06910916078371,97.74742291131447,180.16268290182288,212.1846027504245,180.19405008151784,96.27910819724737,11.827716348325234,103.3219368979373,154.1940294411309,151.54731752572073,104.61511777994254,42.99145507550169,39.32953458974949,0,Mammalian
1646.98,1532.4467938937653,1215.4326100244448,768.4612400990167,291.0671340183903,129.99429172934134,398.71483856547786,500.7544627970078,448.44102190225954,294.2833262820108,110.46866841994668,55.73396904993967,127.33738869348412,123.44597080072519,85.57582087449359,116.72003312760145,174.7012501386295,186.72118100860803,137.5676222003061,56.06910916078371,97.74742291131447,180.16268290182288,212.1846027504245,180.19405008151784,96.27910819724737,11.827716348325234,103.3219368979373,154.1940294411309,151.54731752572073,104.61511777994254,42.99145507550169,39.32953458974949,0,E_coli
1705.1,1588.5151006854567,1265.8216947040569,810.8140820800959,324.2456475265043,98.84782265829497,372.4247356242014,473.7600641340795,416.559831346893,254.57323771180992,63.09870094584486,104.96753144176778,184.54798934458603,177.2170433291848,112.20771469017923,81.8567806358537,130.9293565248069,149.56059905943698,108.39259842557564,50.133113327601876,125.37583529228411,213.69468504556616,252.7057984053648,228.2103354187464,150.4109587372146,48.045936077634536,49.399061573528456,105.34107004124823,112.52290972842172,80.20650599074355,48.73068221624691,67.71365089820796,1,Yeast
1705.1,1588.5151006854567,1265.8216947040569,810.8140820800959,324.2456475265043,98.84782265829497,372.4247356242014,473.7600641340795,416.559831346893,254.57323771180992,63.09870094584486,104.96753144176778,184.54798934458603,177.2170433291848,112.20771469017923,81.8567806358537,130.9293565248069,149.56059905943698,108.39259842557564,50.133113327601876,125.37583529228411,213.69468504556616,252.7057984053648,228.2103354187464,150.4109587372146,48.045936077634536,49.399061573528456,105.34107004124823,112.52290972842172,80.20650599074355,48.73068221624691,67.71365089820796,0,Mammalian
1705.1,1588.5151006854567,1265.8216947040569,810.8140820800959,324.2456475265043,98.84782265829497,372.4247356242014,473.7600641340795,416.559831346893,254.57323771180992,63.09870094584486,104.96753144176778,184.54798934458603,177.2170433291848,112.20771469017923,81.8567806358537,130.9293565248069,149.56059905943698,108.39259842557564,50.133113327601876,125.37583529228411,213.69468504556616,252.7057984053648,228.2103354187464,150.4109587372146,48.045936077634536,49.399061573528456,105.34107004124823,112.52290972842172,80.20650599074355,48.73068221624691,67.71365089820796,0,E_coli
989.23,970.194989914935,914.3828993958622,825.571288088001,709.7271195285318,574.5428242583389,428.8449599990458,281.9380860233485,143.0439995004189,24.989551390496132,84.693008507916,158.46197453692324,203.74825016317462,220.1951510718417,210.09434862956178,177.78476643745216,129.1853045048081,71.30473450767022,13.789783848400281,46.09180091191891,90.34129479978164,119.33184611383182,129.85179567754778,120.87775146939055,93.45556808946247,50.77473397021748,13.141421649429754,67.13614732469337,127.25328921122905,181.73180558844572,224.9906536223102,252.76192823342876,1,Yeast
989.23,970.194989914935,914.3828993958622,825.571288088001,709.7271195285318,574.5428242583389,428.8449599990458,281.9380860233485,143.0439995004189,24.989551390496132,84.693008507916,158.46197453692324,203.74825016317462,220.1951510718417,210.09434862956178,177.78476643745216,129.1853045048081,71.30473450767022,13.789783848400281,46.09180091191891,90.34129479978164,119.33184611383182,129.85179567754778,120.87775146939055,93.45556808946247,50.77473397021748,13.141421649429754,67.13614732469337,127.25328921122905,181.73180558844572,224.9906536223102,252.76192823342876,0,Mammalian
989.23,970.194989914935,914.3828993958622,825.571288088001,709.7271195285318,574.5428242583389,428.8449599990458,281.9380860233485,143.0439995004189,24.989551390496132,84.693008507916,158.46197453692324,203.74825016317462,220.1951510718417,210.09434862956178,177.78476643745216,129.1853045048081,71.30473450767022,13.789783848400281,46.09180091191891,90.34129479978164,119.33184611383182,129.85179567754778,120.87775146939055,93.45556808946247,50.77473397021748,13.141421649429754,67.13614732469337,127.25328921122905,181.73180558844572,224.9906536223102,252.76192823342876,0,E_coli
1770.08,1666.8488032030912,1378.2939481914411,962.8018751226458,502.2213646182922,83.59087097911595,225.89338427584212,380.87508378385814,380.30655317250074,256.0558906694129,64.47080273106295,129.80881525342565,270.7834803435273,324.6732805642457,286.8339868867376,182.3881839551717,82.48107298041158,135.93793964403147,205.83820060617083,214.91250458202887,161.70656285870646,72.74315341663329,58.00508903998087,124.53394910294475,148.15163183054,116.7252705691337,49.42612735202252,73.99358053513602,153.1669286184524,198.57175429650482,196.32232077068207,158.8302794706292,0,Mammalian
1770.08,1666.8488032030912,1378.2939481914411,962.8018751226458,502.2213646182922,83.59087097911595,225.89338427584212,380.87508378385814,380.30655317250074,256.0558906694129,64.47080273106295,129.80881525342565,270.7834803435273,324.6732805642457,286.8339868867376,182.3881839551717,82.48107298041158,135.93793964403147,205.83820060617083,214.91250458202887,161.70656285870646,72.74315341663329,58.00508903998087,124.53394910294475,148.15163183054,116.7252705691337,49.42612735202252,73.99358053513602,153.1669286184524,198.57175429650482,196.32232077068207,158.8302794706292,1,Yeast
1770.08,1666.8488032030912,1378.2939481914411,962.8018751226458,502.2213646182922,83.59087097911595,225.89338427584212,380.87508378385814,380.30655317250074,256.0558906694129,64.47080273106295,129.80881525342565,270.7834803435273,324.6732805642457,286.8339868867376,182.3881839551717,82.48107298041158,135.93793964403147,205.83820060617083,214.91250458202887,161.70656285870646,72.74315341663329,58.00508903998087,124.53394910294475,148.15163183054,116.7252705691337,49.42612735202252,73.99358053513602,153.1669286184524,198.57175429650482,196.32232077068207,158.8302794706292,0,E_coli
2811.1899999999996,2390.3094483568048,1353.1163003048844,238.31345138424768,462.26264830440584,522.7241334369374,145.6051161042643,271.941058489798,410.5369368245082,222.18255624344317,106.68672649595031,292.7630875678462,246.57842382494488,132.85879473709088,221.52283169138911,213.67733116844218,129.3561567920136,208.9531094820681,231.62637299981978,109.48336552669491,61.88349903953675,144.63788424260517,89.85865529805092,76.7935293715476,167.99021787815425,149.9884322321517,73.82535440946774,142.41400532752877,190.58137011058207,159.11839577056543,99.0604012094788,55.656842255882395,1,Yeast
2811.1899999999996,2390.3094483568048,1353.1163003048844,238.31345138424768,462.26264830440584,522.7241334369374,145.6051161042643,271.941058489798,410.5369368245082,222.18255624344317,106.68672649595031,292.7630875678462,246.57842382494488,132.85879473709088,221.52283169138911,213.67733116844218,129.3561567920136,208.9531094820681,231.62637299981978,109.48336552669491,61.88349903953675,144.63788424260517,89.85865529805092,76.7935293715476,167.99021787815425,149.9884322321517,73.82535440946774,142.41400532752877,190.58137011058207,159.11839577056543,99.0604012094788,55.656842255882395,0,Mammalian
2811.1899999999996,2390.3094483568048,1353.1163003048844,238.31345138424768,462.26264830440584,522.7241334369374,145.6051161042643,271.941058489798,410.5369368245082,222.18255624344317,106.68672649595031,292.7630875678462,246.57842382494488,132.85879473709088,221.52283169138911,213.67733116844218,129.3561567920136,208.9531094820681,231.62637299981978,109.48336552669491,61.88349903953675,144.63788424260517,89.85865529805092,76.7935293715476,167.99021787815425,149.9884322321517,73.82535440946774,142.41400532752877,190.58137011058207,159.11839577056543,99.0604012094788,55.656842255882395,0,E_coli
3790.55,2716.9259927304674,581.2866530999819,674.9795792674903,394.1447160137918,373.7033541185517,422.02566348124026,228.4318771136406,340.05553539144233,65.61377421997452,362.76648227837967,182.33656208666756,341.5487810817976,296.38914639210986,126.29725752418436,373.3774278949968,380.27243194846494,361.17763633500476,155.67654828836098,171.04944877730972,177.66170090218995,169.88751273769944,136.4324538949769,150.4013279844153,218.3300424807349,81.56764961692643,333.8037068470376,263.4086603968097,170.3618590309655,295.5227195205857,183.10854349449073,93.03912019506636,0,Mammalian
3790.55,2716.9259927304674,581.2866530999819,674.9795792674903,394.1447160137918,373.7033541185517,422.02566348124026,228.4318771136406,340.05553539144233,65.61377421997452,362.76648227837967,182.33656208666756,341.5487810817976,296.38914639210986,126.29725752418436,373.3774278949968,380.27243194846494,361.17763633500476,155.67654828836098,171.04944877730972,177.66170090218995,169.88751273769944,136.4324538949769,150.4013279844153,218.3300424807349,81.56764961692643,333.8037068470376,263.4086603968097,170.3618590309655,295.5227195205857,183.10854349449073,93.03912019506636,0,E_coli
3790.55,2716.9259927304674,581.2866530999819,674.9795792674903,394.1447160137918,373.7033541185517,422.02566348124026,228.4318771136406,340.05553539144233,65.61377421997452,362.76648227837967,182.33656208666756,341.5487810817976,296.38914639210986,126.29725752418436,373.3774278949968,380.27243194846494,361.17763633500476,155.67654828836098,171.04944877730972,177.66170090218995,169.88751273769944,136.4324538949769,150.4013279844153,218.3300424807349,81.56764961692643,333.8037068470376,263.4086603968097,170.3618590309655,295.5227195205857,183.10854349449073,93.03912019506636,1,Yeast
1890.05,1716.2550397285245,1249.8930912737449,636.5859146173183,94.66032700131439,358.9258141603111,492.1487862183138,390.48806215403937,162.46982226593417,136.02142313506252,262.7711962448841,249.9280984390288,112.2382091687666,75.90014410371958,218.01440726948923,254.97795181371944,178.47315456392874,59.7493201615596,149.28681138556178,233.85056370420693,227.60495796746386,148.66960375455452,85.16306509523022,121.99021769693078,131.6897393606494,71.65584701144395,37.52336346404521,142.48597130139527,206.27354266415608,209.36846598912464,160.86307824118717,85.78078547437546,0,Mammalian
1890.05,1716.2550397285245,1249.8930912737449,636.5859146173183,94.66032700131439,358.9258141603111,492.1487862183138,390.48806215403937,162.46982226593417,136.02142313506252,262.7711962448841,249.9280984390288,112.2382091687666,75.90014410371958,218.01440726948923,254.97795181371944,178.47315456392874,59.7493201615596,149.28681138556178,233.85056370420693,227.60495796746386,148.66960375455452,85.16306509523022,121.99021769693078,131.6897393606494,71.65584701144395,37.52336346404521,142.48597130139527,206.27354266415608,209.36846598912464,160.86307824118717,85.78078547437546,0,E_coli
1890.05,1716.2550397285245,1249.8930912737449,636.5859146173183,94.66032700131439,358.9258141603111,492.1487862183138,390.48806215403937,162.46982226593417,136.02142313506252,262.7711962448841,249.9280984390288,112.2382091687666,75.90014410371958,218.01440726948923,254.97795181371944,178.47315456392874,59.7493201615596,149.28681138556178,233.85056370420693,227.60495796746386,148.66960375455452,85.16306509523022,121.99021769693078,131.6897393606494,71.65584701144395,37.52336346404521,142.48597130139527,206.27354266415608,209.36846598912464,160.86307824118717,85.78078547437546,1,Yeast
1616.9399999999998,1538.4860225216023,1316.1410042114865,986.5102488521838,603.2294342376964,231.52226256737526,135.75925658432647,341.82391780458164,445.93135816443163,438.25128881435944,341.62082180213076,194.5722004131341,56.362973296058236,113.8263141437065,186.7148350426217,199.1215035248425,155.39334606089145,78.40265437748681,49.401716048170236,113.84637912616493,154.61756943503144,152.96529877712183,113.94180780735083,68.59106484867566,91.2263087361608,147.89048427616217,184.70468126402642,187.97573687026258,159.79123671997698,113.34884294211585,71.09134810465444,57.04625176805549,0,E_coli
1616.9399999999998,1538.4860225216023,1316.1410042114865,986.5102488521838,603.2294342376964,231.52226256737526,135.75925658432647,341.82391780458164,445.93135816443163,438.25128881435944,341.62082180213076,194.5722004131341,56.362973296058236,113.8263141437065,186.7148350426217,199.1215035248425,155.39334606089145,78.40265437748681,49.401716048170236,113.84637912616493,154.61756943503144,152.96529877712183,113.94180780735083,68.59106484867566,91.2263087361608,147.89048427616217,184.70468126402642,187.97573687026258,159.79123671997698,113.34884294211585,71.09134810465444,57.04625176805549,1,Yeast
1616.9399999999998,1538.4860225216023,1316.1410042114865,986.5102488521838,603.2294342376964,231.52226256737526,135.75925658432647,341.82391780458164,445.93135816443163,438.25128881435944,341.62082180213076,194.5722004131341,56.362973296058236,113.8263141437065,186.7148350426217,199.1215035248425,155.39334606089145,78.40265437748681,49.401716048170236,113.84637912616493,154.61756943503144,152.96529877712183,113.94180780735083,68.59106484867566,91.2263087361608,147.89048427616217,184.70468126402642,187.97573687026258,159.79123671997698,113.34884294211585,71.09134810465444,57.04625176805549,0,Mammalian
1806.05,1686.9984791701197,1358.5316742994146,899.3568785401659,421.40157019685824,137.9978045994504,305.9265972677943,371.725403216793,280.505873110374,87.87355154782816,128.39616269571198,291.1554562397741,353.34762118764996,306.5817200576187,190.9131624118792,143.75939571858464,243.10041649491268,319.7299538732598,317.97171046724327,242.00202122056857,126.82798344702243,58.05779113765108,112.03727941645806,136.12012690521283,106.8132096259014,45.55060953680849,47.15496764900674,96.46522669267287,113.94620770966087,97.05256960644213,60.47966618463258,25.916476268744116,1,Yeast
1806.05,1686.9984791701197,1358.5316742994146,899.3568785401659,421.40157019685824,137.9978045994504,305.9265972677943,371.725403216793,280.505873110374,87.87355154782816,128.39616269571198,291.1554562397741,353.34762118764996,306.5817200576187,190.9131624118792,143.75939571858464,243.10041649491268,319.7299538732598,317.97171046724327,242.00202122056857,126.82798344702243,58.05779113765108,112.03727941645806,136.12012690521283,106.8132096259014,45.55060953680849,47.15496764900674,96.46522669267287,113.94620770966087,97.05256960644213,60.47966618463258,25.916476268744116,0,Mammalian
1806.05,1686.9984791701197,1358.5316742994146,899.3568785401659,421.40157019685824,137.9978045994504,305.9265972677943,371.725403216793,280.505873110374,87.87355154782816,128.39616269571198,291.1554562397741,353.34762118764996,306.5817200576187,190.9131624118792,143.75939571858464,243.10041649491268,319.7299538732598,317.97171046724327,242.00202122056857,126.82798344702243,58.05779113765108,112.03727941645806,136.12012690521283,106.8132096259014,45.55060953680849,47.15496764900674,96.46522669267287,113.94620770966087,97.05256960644213,60.47966618463258,25.916476268744116,0,E_coli
2602.14,2275.3287278781513,1439.4552537703364,453.56491313941547,296.1457504755897,573.3662509296927,408.78469716441964,128.8054714305602,345.56869342993576,398.7624668815348,202.98252738545193,118.40980982302175,318.09748897129606,324.57628921370434,163.5605920707023,31.07354888997006,114.20230908348555,38.41103061517265,156.10070304341352,319.250240797225,352.49310194041556,235.62620554035325,93.51312712715676,200.72687437259196,266.86297630268433,220.0777743342217,118.82164577897218,65.02855242243699,68.98563814178868,54.15393504309651,44.740282894658755,40.195042580215386,1,Yeast
2602.14,2275.3287278781513,1439.4552537703364,453.56491313941547,296.1457504755897,573.3662509296927,408.78469716441964,128.8054714305602,345.56869342993576,398.7624668815348,202.98252738545193,118.40980982302175,318.09748897129606,324.57628921370434,163.5605920707023,31.07354888997006,114.20230908348555,38.41103061517265,156.10070304341352,319.250240797225,352.49310194041556,235.62620554035325,93.51312712715676,200.72687437259196,266.86297630268433,220.0777743342217,118.82164577897218,65.02855242243699,68.98563814178868,54.15393504309651,44.740282894658755,40.195042580215386,0,E_coli
2602.14,2275.3287278781513,1439.4552537703364,453.56491313941547,296.1457504755897,573.3662509296927,408.78469716441964,128.8054714305602,345.56869342993576,398.7624668815348,202.98252738545193,118.40980982302175,318.09748897129606,324.57628921370434,163.5605920707023,31.07354888997006,114.20230908348555,38.41103061517265,156.10070304341352,319.250240797225,352.49310194041556,235.62620554035325,93.51312712715676,200.72687437259196,266.86297630268433,220.0777743342217,118.82164577897218,65.02855242243699,68.98563814178868,54.15393504309651,44.740282894658755,40.195042580215386,0,Mammalian
2564.99,2259.593390753076,1472.87403966562,527.7676115839979,224.6179680236603,556.8249220381022,475.75214969514565,176.70941098168012,168.5748722852938,275.92086826280956,197.9891658564414,43.64157698905765,70.92255066608625,37.47275027227755,109.21348101940576,251.3341956734388,298.9660765036729,229.09626988540427,117.41503808514209,105.4401843422606,127.44206991211048,164.4557139046234,241.52340857015045,270.9624025214667,215.46405322929593,159.27370711466475,204.07881817085757,224.57998572909258,156.27221974636157,40.38390206750865,66.39577264198488,103.29044052081002,0,E_coli
2564.99,2259.593390753076,1472.87403966562,527.7676115839979,224.6179680236603,556.8249220381022,475.75214969514565,176.70941098168012,168.5748722852938,275.92086826280956,197.9891658564414,43.64157698905765,70.92255066608625,37.47275027227755,109.21348101940576,251.3341956734388,298.9660765036729,229.09626988540427,117.41503808514209,105.4401843422606,127.44206991211048,164.4557139046234,241.52340857015045,270.9624025214667,215.46405322929593,159.27370711466475,204.07881817085757,224.57998572909258,156.27221974636157,40.38390206750865,66.39577264198488,103.29044052081002,2,Mammalian
2564.99,2259.593390753076,1472.87403966562,527.7676115839979,224.6179680236603,556.8249220381022,475.75214969514565,176.70941098168012,168.5748722852938,275.92086826280956,197.9891658564414,43.64157698905765,70.92255066608625,37.47275027227755,109.21348101940576,251.3341956734388,298.9660765036729,229.09626988540427,117.41503808514209,105.4401843422606,127.44206991211048,164.4557139046234,241.52340857015045,270.9624025214667,215.46405322929593,159.27370711466475,204.07881817085757,224.57998572909258,156.27221974636157,40.38390206750865,66.39577264198488,103.29044052081002,1,Yeast
3154.67,2587.612003287266,1249.3117615818712,47.4805220433821,622.9552752374354,401.28165969865694,173.69239252930697,499.2696592647887,373.2768231608882,64.6749590348367,276.47635334365737,248.9795184491561,139.95866131883716,155.56735149627693,66.56589691028991,220.5296402696614,313.9459764035845,212.50997485896158,52.1083838708025,19.840169462425006,123.80744220166956,310.1770661705526,343.16308557827034,164.3088044666833,161.40492275923611,322.29671965498153,282.6005490573711,115.34370959269398,78.46080187692799,105.92265219977973,59.03074843007648,19.096317461829496,0,E_coli
3154.67,2587.612003287266,1249.3117615818712,47.4805220433821,622.9552752374354,401.28165969865694,173.69239252930697,499.2696592647887,373.2768231608882,64.6749590348367,276.47635334365737,248.9795184491561,139.95866131883716,155.56735149627693,66.56589691028991,220.5296402696614,313.9459764035845,212.50997485896158,52.1083838708025,19.840169462425006,123.80744220166956,310.1770661705526,343.16308557827034,164.3088044666833,161.40492275923611,322.29671965498153,282.6005490573711,115.34370959269398,78.46080187692799,105.92265219977973,59.03074843007648,19.096317461829496,2,Mammalian
3154.67,2587.612003287266,1249.3117615818712,47.4805220433821,622.9552752374354,401.28165969865694,173.69239252930697,499.2696592647887,373.2768231608882,64.6749590348367,276.47635334365737,248.9795184491561,139.95866131883716,155.56735149627693,66.56589691028991,220.5296402696614,313.9459764035845,212.50997485896158,52.1083838708025,19.840169462425006,123.80744220166956,310.1770661705526,343.16308557827034,164.3088044666833,161.40492275923611,322.29671965498153,282.6005490573711,115.34370959269398,78.46080187692799,105.92265219977973,59.03074843007648,19.096317461829496,1,Yeast
2588.95,2179.6072433107074,1176.8008593790935,130.9323715223894,535.4488329953684,557.5737291882052,179.70753669288908,221.81500968695647,324.5409185861482,129.1280718161135,145.4698407978821,250.00657451836528,106.46863725334339,154.8009472015026,315.99360589770674,261.3484103580129,56.74914360587297,126.4114986084379,150.10225407335076,101.29881622009367,201.52851405614726,220.8716754426318,110.17041825765078,124.59656539892937,183.64014148126518,104.47015041482142,114.66866674980535,219.89274908174784,188.95134968460883,86.28339547245038,178.46353969161325,259.5977170094295,0,E_coli
2588.95,2179.6072433107074,1176.8008593790935,130.9323715223894,535.4488329953684,557.5737291882052,179.70753669288908,221.81500968695647,324.5409185861482,129.1280718161135,145.4698407978821,250.00657451836528,106.46863725334339,154.8009472015026,315.99360589770674,261.3484103580129,56.74914360587297,126.4114986084379,150.10225407335076,101.29881622009367,201.52851405614726,220.8716754426318,110.17041825765078,124.59656539892937,183.64014148126518,104.47015041482142,114.66866674980535,219.89274908174784,188.95134968460883,86.28339547245038,178.46353969161325,259.5977170094295,1,Yeast
2588.95,2179.6072433107074,1176.8008593790935,130.9323715223894,535.4488329953684,557.5737291882052,179.70753669288908,221.81500968695647,324.5409185861482,129.1280718161135,145.4698407978821,250.00657451836528,106.46863725334339,154.8009472015026,315.99360589770674,261.3484103580129,56.74914360587297,126.4114986084379,150.10225407335076,101.29881622009367,201.52851405614726,220.8716754426318,110.17041825765078,124.59656539892937,183.64014148126518,104.47015041482142,114.66866674980535,219.89274908174784,188.95134968460883,86.28339547245038,178.46353969161325,259.5977170094295,2,Mammalian
2603.0199999999995,2195.955795693951,1199.2714196357078,155.11883308037025,495.7968962024581,512.4121772159262,130.7753449419234,253.12861304924292,345.7054059126123,147.19646685823486,196.33116297971358,315.492271033247,190.01494342143297,60.095658172952135,220.39521751986473,183.6677634222699,90.85152943126492,190.4817758727619,162.64767685819896,15.15838289914986,200.98074693232087,251.28621159078955,142.00214792169422,54.26706022521086,117.68159891332166,81.11684958042709,170.96880241083224,266.3179917336377,226.47728529608673,115.66750590938045,175.60780147288955,248.41951430272744,1,Yeast
2603.0199999999995,2195.955795693951,1199.2714196357078,155.11883308037025,495.7968962024581,512.4121772159262,130.7753449419234,253.12861304924292,345.7054059126123,147.19646685823486,196.33116297971358,315.492271033247,190.01494342143297,60.095658172952135,220.39521751986473,183.6677634222699,90.85152943126492,190.4817758727619,162.64767685819896,15.15838289914986,200.98074693232087,251.28621159078955,142.00214792169422,54.26706022521086,117.68159891332166,81.11684958042709,170.96880241083224,266.3179917336377,226.47728529608673,115.66750590938045,175.60780147288955,248.41951430272744,2,Mammalian
2603.0199999999995,2195.955795693951,1199.2714196357078,155.11883308037025,495.7968962024581,512.4121772159262,130.7753449419234,253.12861304924292,345.7054059126123,147.19646685823486,196.33116297971358,315.492271033247,190.01494342143297,60.095658172952135,220.39521751986473,183.6677634222699,90.85152943126492,190.4817758727619,162.64767685819896,15.15838289914986,200.98074693232087,251.28621159078955,142.00214792169422,54.26706022521086,117.68159891332166,81.11684958042709,170.96880241083224,266.3179917336377,226.47728529608673,115.66750590938045,175.60780147288955,248.41951430272744,0,E_coli
2646.0499999999997,2235.430593088586,1229.4574292536104,187.98163976957903,509.13494684011863,539.2253898706567,168.91018535060203,210.38357895323023,304.13680748578696,106.27484473041528,194.437206402425,302.74473592112395,162.17087049448526,98.76320269741235,263.37057694209585,217.86130368628582,60.281583423131714,162.08045159144407,159.14542604963248,44.955852637469505,177.21238037102745,214.10531712052233,100.23722701628105,71.7810287477541,131.01666967356996,49.252758427860506,155.2094324763151,271.8921588465028,242.0370486359572,114.65205271765653,136.3081049075398,206.1787927705088,1,Yeast
564.58,561.6315027107065,552.841972607445,538.3781038711361,518.5137761916338,493.62423101998803,464.17810155166484,430.7274775740946,393.8962366553402,354.3669264177601,312.866547689903,270.1516894531967,226.99367420820084,184.1649143229196,142.42941183331547,102.54723740492369,65.34035506484489,32.21572702224025,14.03492988286142,32.6625506321898,54.51367551795414,72.76118793661517,86.71255185284728,96.25317201029198,101.48307616918295,102.66142606570747,100.2011313691682,94.6842794003399,86.90060385565017,77.92034003231417,69.2008432861051,62.628956529391665,2,Mammalian
564.58,561.6315027107065,552.841972607445,538.3781038711361,518.5137761916338,493.62423101998803,464.17810155166484,430.7274775740946,393.8962366553402,354.3669264177601,312.866547689903,270.1516894531967,226.99367420820084,184.1649143229196,142.42941183331547,102.54723740492369,65.34035506484489,32.21572702224025,14.03492988286142,32.6625506321898,54.51367551795414,72.76118793661517,86.71255185284728,96.25317201029198,101.48307616918295,102.66142606570747,100.2011313691682,94.6842794003399,86.90060385565017,77.92034003231417,69.2008432861051,62.628956529391665,1,Yeast
564.58,561.6315027107065,552.841972607445,538.3781038711361,518.5137761916338,493.62423101998803,464.17810155166484,430.7274775740946,393.8962366553402,354.3669264177601,312.866547689903,270.1516894531967,226.99367420820084,184.1649143229196,142.42941183331547,102.54723740492369,65.34035506484489,32.21572702224025,14.03492988286142,32.6625506321898,54.51367551795414,72.76118793661517,86.71255185284728,96.25317201029198,101.48307616918295,102.66142606570747,100.2011313691682,94.6842794003399,86.90060385565017,77.92034003231417,69.2008432861051,62.628956529391665,0,E_coli
2461.91,2190.30549039043,1480.8137547251945,601.2392180005259,151.72423393643095,539.0726235975079,540.6921947879885,281.10137329153207,46.2149191722894,212.77578105777735,192.72577912624342,88.78294904364843,213.98492691229333,302.5788523738933,262.571040995155,149.63192771091877,85.82753695638719,57.8728936718565,46.8851810781619,197.98938223995418,310.464023822251,320.63734044347694,227.39506488950516,90.12563606862851,36.938433181427186,90.18981653611033,147.56183426274444,213.50387596749087,223.4312006028711,143.09008431068077,67.33078145323144,182.27718681117187,2,Mammalian
2461.91,2190.30549039043,1480.8137547251945,601.2392180005259,151.72423393643095,539.0726235975079,540.6921947879885,281.10137329153207,46.2149191722894,212.77578105777735,192.72577912624342,88.78294904364843,213.98492691229333,302.5788523738933,262.571040995155,149.63192771091877,85.82753695638719,57.8728936718565,46.8851810781619,197.98938223995418,310.464023822251,320.63734044347694,227.39506488950516,90.12563606862851,36.938433181427186,90.18981653611033,147.56183426274444,213.50387596749087,223.4312006028711,143.09008431068077,67.33078145323144,182.27718681117187,0,E_coli
2461.91,2190.30549039043,1480.8137547251945,601.2392180005259,151.72423393643095,539.0726235975079,540.6921947879885,281.10137329153207,46.2149191722894,212.77578105777735,192.72577912624342,88.78294904364843,213.98492691229333,302.5788523738933,262.571040995155,149.63192771091877,85.82753695638719,57.8728936718565,46.8851810781619,197.98938223995418,310.464023822251,320.63734044347694,227.39506488950516,90.12563606862851,36.938433181427186,90.18981653611033,147.56183426274444,213.50387596749087,223.4312006028711,143.09008431068077,67.33078145323144,182.27718681117187,1,Yeast
2581.0299999999997,2269.362115246064,1467.399261499456,507.1300778027751,256.65618767820183,584.1659151978314,490.51490484956224,168.13082477178236,129.56279335130802,233.62913831357386,141.31581315543895,112.3582292002451,222.2409752610704,215.45610771422608,156.38516643437268,193.30108883801012,202.7459368273506,119.33164790781696,165.45460717382215,296.32555874799306,322.5501250726013,232.26316528656457,117.09986784332845,122.54922191503991,147.55726881115095,143.97844052803703,148.33267628540668,134.3196340163874,107.56207257741562,145.14476722146335,183.28612605657466,158.19622166551025,1,Yeast
2581.0299999999997,2269.362115246064,1467.399261499456,507.1300778027751,256.65618767820183,584.1659151978314,490.51490484956224,168.13082477178236,129.56279335130802,233.62913831357386,141.31581315543895,112.3582292002451,222.2409752610704,215.45610771422608,156.38516643437268,193.30108883801012,202.7459368273506,119.33164790781696,165.45460717382215,296.32555874799306,322.5501250726013,232.26316528656457,117.09986784332845,122.54922191503991,147.55726881115095,143.97844052803703,148.33267628540668,134.3196340163874,107.56207257741562,145.14476722146335,183.28612605657466,158.19622166551025,2,Mammalian
2581.0299999999997,2269.362115246064,1467.399261499456,507.1300778027751,256.65618767820183,584.1659151978314,490.51490484956224,168.13082477178236,129.56279335130802,233.62913831357386,141.31581315543895,112.3582292002451,222.2409752610704,215.45610771422608,156.38516643437268,193.30108883801012,202.7459368273506,119.33164790781696,165.45460717382215,296.32555874799306,322.5501250726013,232.26316528656457,117.09986784332845,122.54922191503991,147.55726881115095,143.97844052803703,148.33267628540668,134.3196340163874,107.56207257741562,145.14476722146335,183.28612605657466,158.19622166551025,0,E_coli
2696.16,2340.5964877351403,1441.087282511267,405.5973287740882,349.1646720321784,594.6997355264408,405.2898765176434,64.61050095437609,205.50782964285287,211.0658249749908,68.36662474873106,135.54995349480924,157.1538947129989,114.52488378794281,229.24320945817482,296.0796616001608,220.38555488053208,110.64593955645977,187.386006611642,231.54936363669557,208.39472474781178,215.03443439891487,226.8008602866765,174.4498621310627,84.42566881869611,28.893253608962944,79.66634682397101,171.54723754644326,222.6135896087227,171.52533306946955,68.6779964579222,170.2758069295532,1,Yeast
2696.16,2340.5964877351403,1441.087282511267,405.5973287740882,349.1646720321784,594.6997355264408,405.2898765176434,64.61050095437609,205.50782964285287,211.0658249749908,68.36662474873106,135.54995349480924,157.1538947129989,114.52488378794281,229.24320945817482,296.0796616001608,220.38555488053208,110.64593955645977,187.386006611642,231.54936363669557,208.39472474781178,215.03443439891487,226.8008602866765,174.4498621310627,84.42566881869611,28.893253608962944,79.66634682397101,171.54723754644326,222.6135896087227,171.52533306946955,68.6779964579222,170.2758069295532,2,Mammalian
2696.16,2340.5964877351403,1441.087282511267,405.5973287740882,349.1646720321784,594.6997355264408,405.2898765176434,64.61050095437609,205.50782964285287,211.0658249749908,68.36662474873106,135.54995349480924,157.1538947129989,114.52488378794281,229.24320945817482,296.0796616001608,220.38555488053208,110.64593955645977,187.386006611642,231.54936363669557,208.39472474781178,215.03443439891487,226.8008602866765,174.4498621310627,84.42566881869611,28.893253608962944,79.66634682397101,171.54723754644326,222.6135896087227,171.52533306946955,68.6779964579222,170.2758069295532,0,E_coli
2980.4700000000003,2500.160033128346,1336.8364670159967,132.53490432788598,538.6169884234496,520.0053497578119,132.9088661586066,285.4511626458093,308.2337046200141,101.38877496309551,183.45065670146766,166.44208938699413,112.68387664983612,329.0577790793453,364.57531020302383,192.94479113950104,46.307879459115966,93.98741081433903,69.6233758202863,266.95400743112316,367.55267049366904,286.6271257709861,113.62699549873739,111.38319167354962,150.25731641494832,134.00767306255992,118.86183867129061,116.20338123374144,154.9128895146901,165.50584939075375,122.19271434822903,148.44009067216655,0,E_coli
2980.4700000000003,2500.160033128346,1336.8364670159967,132.53490432788598,538.6169884234496,520.0053497578119,132.9088661586066,285.4511626458093,308.2337046200141,101.38877496309551,183.45065670146766,166.44208938699413,112.68387664983612,329.0577790793453,364.57531020302383,192.94479113950104,46.307879459115966,93.98741081433903,69.6233758202863,266.95400743112316,367.55267049366904,286.6271257709861,113.62699549873739,111.38319167354962,150.25731641494832,134.00767306255992,118.86183867129061,116.20338123374144,154.9128895146901,165.50584939075375,122.19271434822903,148.44009067216655,2,Mammalian
2980.4700000000003,2500.160033128346,1336.8364670159967,132.53490432788598,538.6169884234496,520.0053497578119,132.9088661586066,285.4511626458093,308.2337046200141,101.38877496309551,183.45065670146766,166.44208938699413,112.68387664983612,329.0577790793453,364.57531020302383,192.94479113950104,46.307879459115966,93.98741081433903,69.6233758202863,266.95400743112316,367.55267049366904,286.6271257709861,113.62699549873739,111.38319167354962,150.25731641494832,134.00767306255992,118.86183867129061,116.20338123374144,154.9128895146901,165.50584939075375,122.19271434822903,148.44009067216655,1,Yeast
590.66,587.0001506440275,576.0943723460293,558.162501198423,533.5660764022192,502.80126477567063,466.4894028741867,425.365714272884,380.26716765584894,332.12130255228806,281.93994455224083,230.8275690837739,180.03295397675544,131.1458971894978,86.89058332989943,54.732374731774655,52.50449504566253,76.3399973743804,105.24355500305394,131.70321677921206,153.4803758085325,169.67868035732246,179.90018631401713,184.02442778920206,182.13528708901657,174.49132554069084,161.51220027027676,143.77562423115796,122.03243436405059,97.27487751876043,71.0060420678659,46.47750317077348,1,Yeast
590.66,587.0001506440275,576.0943723460293,558.162501198423,533.5660764022192,502.80126477567063,466.4894028741867,425.365714272884,380.26716765584894,332.12130255228806,281.93994455224083,230.8275690837739,180.03295397675544,131.1458971894978,86.89058332989943,54.732374731774655,52.50449504566253,76.3399973743804,105.24355500305394,131.70321677921206,153.4803758085325,169.67868035732246,179.90018631401713,184.02442778920206,182.13528708901657,174.49132554069084,161.51220027027676,143.77562423115796,122.03243436405059,97.27487751876043,71.0060420678659,46.47750317077348,0,E_coli
590.66,587.0001506440275,576.0943723460293,558.162501198423,533.5660764022192,502.80126477567063,466.4894028741867,425.365714272884,380.26716765584894,332.12130255228806,281.93994455224083,230.8275690837739,180.03295397675544,131.1458971894978,86.89058332989943,54.732374731774655,52.50449504566253,76.3399973743804,105.24355500305394,131.70321677921206,153.4803758085325,169.67868035732246,179.90018631401713,184.02442778920206,182.13528708901657,174.49132554069084,161.51220027027676,143.77562423115796,122.03243436405059,97.27487751876043,71.0060420678659,46.47750317077348,2,Mammalian
3151.65,2526.815371645266,1088.7659573871272,234.2048568080655,710.0167815199268,414.45162225496176,153.33882112629738,268.05021045318944,36.51625911718086,211.21972372378465,154.33392516458844,197.37563704983637,401.9307875758221,291.6664283624368,49.488903276093815,214.1288748838471,131.5981310657564,224.9235577609762,320.9730248894662,138.26641079373013,167.16440593253853,301.89195633052105,178.23028527499358,149.13867525902722,237.6649924159781,138.00710555719164,75.43953157040791,101.87264159839918,33.4764894812111,128.70939566008587,136.84418784460198,149.5120172461666,1,Yeast
3151.65,2526.815371645266,1088.7659573871272,234.2048568080655,710.0167815199268,414.45162225496176,153.33882112629738,268.05021045318944,36.51625911718086,211.21972372378465,154.33392516458844,197.37563704983637,401.9307875758221,291.6664283624368,49.488903276093815,214.1288748838471,131.5981310657564,224.9235577609762,320.9730248894662,138.26641079373013,167.16440593253853,301.89195633052105,178.23028527499358,149.13867525902722,237.6649924159781,138.00710555719164,75.43953157040791,101.87264159839918,33.4764894812111,128.70939566008587,136.84418784460198,149.5120172461666,0,E_coli
3151.65,2526.815371645266,1088.7659573871272,234.2048568080655,710.0167815199268,414.45162225496176,153.33882112629738,268.05021045318944,36.51625911718086,211.21972372378465,154.33392516458844,197.37563704983637,401.9307875758221,291.6664283624368,49.488903276093815,214.1288748838471,131.5981310657564,224.9235577609762,320.9730248894662,138.26641079373013,167.16440593253853,301.89195633052105,178.23028527499358,149.13867525902722,237.6649924159781,138.00710555719164,75.43953157040791,101.87264159839918,33.4764894812111,128.70939566008587,136.84418784460198,149.5120172461666,2,Mammalian
2716.04,2294.5245117117083,1257.6550752989667,162.53205843757812,552.6723395215973,606.2875751026374,241.1668874114659,231.45944058188047,361.363815706048,190.8463520959364,137.16508826630343,288.08495422173866,215.68690572047637,29.887283392113712,164.12915373683558,178.0507770449532,126.71848641772824,139.1687064485669,75.42552447107074,90.19341558654257,236.4982334593474,251.17549159447762,190.8151916212104,274.8399507951179,346.6195220964415,269.25520672162986,110.90381198309213,103.52857813253713,113.58117713361894,59.928477253555904,96.69808704408976,91.02757208907258,0,E_coli
2716.04,2294.5245117117083,1257.6550752989667,162.53205843757812,552.6723395215973,606.2875751026374,241.1668874114659,231.45944058188047,361.363815706048,190.8463520959364,137.16508826630343,288.08495422173866,215.68690572047637,29.887283392113712,164.12915373683558,178.0507770449532,126.71848641772824,139.1687064485669,75.42552447107074,90.19341558654257,236.4982334593474,251.17549159447762,190.8151916212104,274.8399507951179,346.6195220964415,269.25520672162986,110.90381198309213,103.52857813253713,113.58117713361894,59.928477253555904,96.69808704408976,91.02757208907258,1,Yeast
2716.04,2294.5245117117083,1257.6550752989667,162.53205843757812,552.6723395215973,606.2875751026374,241.1668874114659,231.45944058188047,361.363815706048,190.8463520959364,137.16508826630343,288.08495422173866,215.68690572047637,29.887283392113712,164.12915373683558,178.0507770449532,126.71848641772824,139.1687064485669,75.42552447107074,90.19341558654257,236.4982334593474,251.17549159447762,190.8151916212104,274.8399507951179,346.6195220964415,269.25520672162986,110.90381198309213,103.52857813253713,113.58117713361894,59.928477253555904,96.69808704408976,91.02757208907258,2,Mammalian
2837.19,2357.1113935246217,1198.4110595791615,84.09111298716176,637.8112042950132,565.7336285588875,125.71831013689454,349.1958325175283,386.6025412441859,135.05241839768826,217.62630950573958,287.9618404066344,123.38486308241787,105.4521886294718,200.85463847859185,139.26330514328743,91.8610434297368,80.3872241685527,46.54728199038873,190.91439011442597,243.23701308248238,169.313720638312,94.371336883531,163.2848833753654,244.4961073382102,289.56961709606117,231.95057635510324,62.96546739575018,117.74426145078245,181.07430150856527,89.1462003109443,70.2297160569439,0,E_coli
2837.19,2357.1113935246217,1198.4110595791615,84.09111298716176,637.8112042950132,565.7336285588875,125.71831013689454,349.1958325175283,386.6025412441859,135.05241839768826,217.62630950573958,287.9618404066344,123.38486308241787,105.4521886294718,200.85463847859185,139.26330514328743,91.8610434297368,80.3872241685527,46.54728199038873,190.91439011442597,243.23701308248238,169.313720638312,94.371336883531,163.2848833753654,244.4961073382102,289.56961709606117,231.95057635510324,62.96546739575018,117.74426145078245,181.07430150856527,89.1462003109443,70.2297160569439,2,Mammalian
2837.19,2357.1113935246217,1198.4110595791615,84.09111298716176,637.8112042950132,565.7336285588875,125.71831013689454,349.1958325175283,386.6025412441859,135.05241839768826,217.62630950573958,287.9618404066344,123.38486308241787,105.4521886294718,200.85463847859185,139.26330514328743,91.8610434297368,80.3872241685527,46.54728199038873,190.91439011442597,243.23701308248238,169.313720638312,94.371336883531,163.2848833753654,244.4961073382102,289.56961709606117,231.95057635510324,62.96546739575018,117.74426145078245,181.07430150856527,89.1462003109443,70.2297160569439,1,Yeast
2491.75,2170.602342011273,1358.514699942467,458.1054846573834,399.50012749116917,567.9500256095862,327.06946427084137,102.63652180603984,425.61060235457376,463.99239510825214,253.43292015234462,194.02991864569034,368.59831526973966,357.3577420082252,189.4747842779633,144.66006672493285,223.19546343956011,171.85302772820114,72.86466107928604,140.17886754196203,149.63201409730394,103.55490915716464,185.31467440050912,249.40333164331358,194.24665290134834,48.2697893310537,101.7937730335804,161.16577291409405,112.23033311914142,30.919697244935772,86.01862749957114,86.19295892817202,1,Yeast
2491.75,2170.602342011273,1358.514699942467,458.1054846573834,399.50012749116917,567.9500256095862,327.06946427084137,102.63652180603984,425.61060235457376,463.99239510825214,253.43292015234462,194.02991864569034,368.59831526973966,357.3577420082252,189.4747842779633,144.66006672493285,223.19546343956011,171.85302772820114,72.86466107928604,140.17886754196203,149.63201409730394,103.55490915716464,185.31467440050912,249.40333164331358,194.24665290134834,48.2697893310537,101.7937730335804,161.16577291409405,112.23033311914142,30.919697244935772,86.01862749957114,86.19295892817202,0,Mammalian
1815.0,1720.947923052568,1456.9960103520805,1073.5057400200585,641.411763407674,237.47125653145673,98.99220566372938,284.57723221635456,347.7649483897619,307.7784437068071,215.27210561093196,142.92389011537094,140.21413093257226,143.82802714885239,105.73522399464287,46.088856217382784,91.46935771065628,164.93410463139588,203.69960264961614,202.76985860488568,187.25381491447504,198.50843332747044,236.6752055352103,260.99006849371114,242.58036579959688,178.44422314455272,98.52750697223502,104.19237527552069,172.93150797080628,208.502984184307,188.2710634263245,119.21237367225346,2,Yeast
1815.0,1720.947923052568,1456.9960103520805,1073.5057400200585,641.411763407674,237.47125653145673,98.99220566372938,284.57723221635456,347.7649483897619,307.7784437068071,215.27210561093196,142.92389011537094,140.21413093257226,143.82802714885239,105.73522399464287,46.088856217382784,91.46935771065628,164.93410463139588,203.69960264961614,202.76985860488568,187.25381491447504,198.50843332747044,236.6752055352103,260.99006849371114,242.58036579959688,178.44422314455272,98.52750697223502,104.19237527552069,172.93150797080628,208.502984184307,188.2710634263245,119.21237367225346,0,Mammalian
2591.88,2288.8974144181875,1513.2321687797055,594.8865479976898,124.58501851966861,410.58036701763046,316.3552827906605,76.2548653170761,172.66464606051642,142.08912590316797,80.59225448349221,333.6185585069778,443.87226914172084,335.8237394747332,87.44669252296437,202.23665062880545,317.32086032909973,252.4543456062611,118.88314503967271,175.6309242763116,217.82355367426146,153.42883617151315,107.39723488695965,144.88562664870463,110.75808413292724,20.486249426883667,129.88118099958342,178.8674913585491,135.8830280504145,75.43244274195864,115.79690104246,146.98283379105584,2,Yeast
2591.88,2288.8974144181875,1513.2321687797055,594.8865479976898,124.58501851966861,410.58036701763046,316.3552827906605,76.2548653170761,172.66464606051642,142.08912590316797,80.59225448349221,333.6185585069778,443.87226914172084,335.8237394747332,87.44669252296437,202.23665062880545,317.32086032909973,252.4543456062611,118.88314503967271,175.6309242763116,217.82355367426146,153.42883617151315,107.39723488695965,144.88562664870463,110.75808413292724,20.486249426883667,129.88118099958342,178.8674913585491,135.8830280504145,75.43244274195864,115.79690104246,146.98283379105584,0,Mammalian
994.24,975.4467167951908,920.3193358969912,832.5200669528217,717.8443127585736,583.7908925895831,439.03370225910174,292.92493783467546,155.68165691002068,50.824733016534225,92.78482138143016,165.81838974511484,214.49773394081996,235.63755207183192,230.72790275168938,203.6425644951386,160.08992535447072,107.57819038488245,58.2596418311591,47.096230734923324,79.32879189016086,110.1733305581227,127.24414548328525,127.60423762935282,111.35011316451642,80.62367436252568,39.375100906557634,13.560280212522292,59.687991687374065,104.25227197097536,140.04492375785236,163.15651428155226,2,Yeast
994.24,975.4467167951908,920.3193358969912,832.5200669528217,717.8443127585736,583.7908925895831,439.03370225910174,292.92493783467546,155.68165691002068,50.824733016534225,92.78482138143016,165.81838974511484,214.49773394081996,235.63755207183192,230.72790275168938,203.6425644951386,160.08992535447072,107.57819038488245,58.2596418311591,47.096230734923324,79.32879189016086,110.1733305581227,127.24414548328525,127.60423762935282,111.35011316451642,80.62367436252568,39.375100906557634,13.560280212522292,59.687991687374065,104.25227197097536,140.04492375785236,163.15651428155226,0,Mammalian
1584.9099999999999,1512.7106595050748,1308.1771183271844,1005.1253901784847,652.5254708338418,305.37064510692977,36.3011757929283,197.21215890819647,293.2220955445468,288.72439856142114,206.59584660614482,82.24208924436677,45.47704148090477,142.72895412663752,188.21313432647332,177.0882555182701,123.9411170677431,80.02391657015903,120.8624366641747,178.4586473250474,202.5602023712546,182.31996475060367,125.57860267011019,64.97609564888631,85.89850571729797,140.0625578692167,165.62461428079828,151.14935342514084,102.5485320545031,46.706895362691775,68.3466067386463,116.32954635268328,0,Mammalian
1584.9099999999999,1512.7106595050748,1308.1771183271844,1005.1253901784847,652.5254708338418,305.37064510692977,36.3011757929283,197.21215890819647,293.2220955445468,288.72439856142114,206.59584660614482,82.24208924436677,45.47704148090477,142.72895412663752,188.21313432647332,177.0882555182701,123.9411170677431,80.02391657015903,120.8624366641747,178.4586473250474,202.5602023712546,182.31996475060367,125.57860267011019,64.97609564888631,85.89850571729797,140.0625578692167,165.62461428079828,151.14935342514084,102.5485320545031,46.706895362691775,68.3466067386463,116.32954635268328,2,Yeast
1885.13,1782.2740956277535,1493.868728295142,1075.7511812606476,606.7371931295925,172.88180926323363,171.93209471014515,359.9117724420513,399.11730535500016,316.0564890797958,170.9411383324546,109.41422300291119,202.12418633339774,253.33837911356747,223.40066212437486,124.20290884618585,33.18452199444797,157.03906935689534,255.23530489911636,295.3597059886617,274.571625363033,208.16471238890682,123.55489892075333,56.64981050695402,53.70564184667719,78.69577845043386,107.84157939332668,145.90001429098305,178.7734329194015,185.99651948840258,155.6948857802434,89.88050763717969,2,Yeast
1885.13,1782.2740956277535,1493.868728295142,1075.7511812606476,606.7371931295925,172.88180926323363,171.93209471014515,359.9117724420513,399.11730535500016,316.0564890797958,170.9411383324546,109.41422300291119,202.12418633339774,253.33837911356747,223.40066212437486,124.20290884618585,33.18452199444797,157.03906935689534,255.23530489911636,295.3597059886617,274.571625363033,208.16471238890682,123.55489892075333,56.64981050695402,53.70564184667719,78.69577845043386,107.84157939332668,145.90001429098305,178.7734329194015,185.99651948840258,155.6948857802434,89.88050763717969,0,Mammalian
2079.34,1903.0726226502034,1429.03183925139,802.048387843857,211.92177454466662,231.74704443019718,379.28326286857,286.6788763736048,58.984054929002724,218.89228365666136,376.78101154761373,383.684676386678,258.07470986937136,100.81617186531457,159.80635608207072,236.9075062456172,220.5627792715716,147.8159053698145,118.21535170053862,143.62119232917334,128.8590782294226,64.5367598710091,62.592188677715626,123.19171626371444,133.65266800229762,86.95865362826387,30.930338776385238,78.98211507356334,108.85002323170553,96.07713543808676,79.3196412530781,100.68549527409357,0,Mammalian
2079.34,1903.0726226502034,1429.03183925139,802.048387843857,211.92177454466662,231.74704443019718,379.28326286857,286.6788763736048,58.984054929002724,218.89228365666136,376.78101154761373,383.684676386678,258.07470986937136,100.81617186531457,159.80635608207072,236.9075062456172,220.5627792715716,147.8159053698145,118.21535170053862,143.62119232917334,128.8590782294226,64.5367598710091,62.592188677715626,123.19171626371444,133.65266800229762,86.95865362826387,30.930338776385238,78.98211507356334,108.85002323170553,96.07713543808676,79.3196412530781,100.68549527409357,2,Yeast
1767.02,1642.8766350700207,1300.6349360167678,822.7215846013878,324.47497956726835,141.43562038852602,380.61638631751765,445.82837447080493,343.7746450526184,138.07129590903457,89.27672089306652,259.18366594323027,326.4415673299228,284.08936803032645,163.76164891217692,35.38573989159366,106.34329504016702,150.71795088072412,128.2903114647926,115.29599080150508,195.84690615229292,281.97538791459135,311.2650201108944,265.99470784899756,160.68121177955527,49.015615001273915,109.80345141779158,175.72791385200605,182.0848464441214,140.39776659881727,94.21942701890131,95.00771347733715,2,Yeast
1767.02,1642.8766350700207,1300.6349360167678,822.7215846013878,324.47497956726835,141.43562038852602,380.61638631751765,445.82837447080493,343.7746450526184,138.07129590903457,89.27672089306652,259.18366594323027,326.4415673299228,284.08936803032645,163.76164891217692,35.38573989159366,106.34329504016702,150.71795088072412,128.2903114647926,115.29599080150508,195.84690615229292,281.97538791459135,311.2650201108944,265.99470784899756,160.68121177955527,49.015615001273915,109.80345141779158,175.72791385200605,182.0848464441214,140.39776659881727,94.21942701890131,95.00771347733715,0,Mammalian
4961.189999999999,2743.2787252370345,568.0836225270069,774.3861513004655,555.1652083244876,340.899956228424,504.2665553983599,162.64560280052203,367.9761083502372,46.33565862239309,312.3287973559676,62.74225288094397,150.40925942402447,272.30864348943487,286.88361923107874,243.9134104752357,248.71166458371016,51.00348065574847,162.35385163388503,46.71220985469531,120.23220263617402,62.34643689941734,176.0186127423132,88.97630658902645,141.380940311679,206.41785674865915,234.05733106530676,247.80957730503835,225.83934288515562,168.42439018050257,72.54676619131583,226.2872631645353,0,Mammalian
4961.189999999999,2743.2787252370345,568.0836225270069,774.3861513004655,555.1652083244876,340.899956228424,504.2665553983599,162.64560280052203,367.9761083502372,46.33565862239309,312.3287973559676,62.74225288094397,150.40925942402447,272.30864348943487,286.88361923107874,243.9134104752357,248.71166458371016,51.00348065574847,162.35385163388503,46.71220985469531,120.23220263617402,62.34643689941734,176.0186127423132,88.97630658902645,141.380940311679,206.41785674865915,234.05733106530676,247.80957730503835,225.83934288515562,168.42439018050257,72.54676619131583,226.2872631645353,0,Yeast
4961.189999999999,2743.2787252370345,568.0836225270069,774.3861513004655,555.1652083244876,340.899956228424,504.2665553983599,162.64560280052203,367.9761083502372,46.33565862239309,312.3287973559676,62.74225288094397,150.40925942402447,272.30864348943487,286.88361923107874,243.9134104752357,248.71166458371016,51.00348065574847,162.35385163388503,46.71220985469531,120.23220263617402,62.34643689941734,176.0186127423132,88.97630658902645,141.380940311679,206.41785674865915,234.05733106530676,247.80957730503835,225.83934288515562,168.42439018050257,72.54676619131583,226.2872631645353,0,E_coli
2265.57,2041.0212029856357,1449.7838193433347,705.6761595865812,130.63141735129005,359.56170124595883,395.10119707756195,193.65583862336823,141.355538256187,327.6781552819604,353.02220336661827,241.81576964341323,176.66280720056542,231.49428984891944,204.28695243740967,112.06549946129815,237.57511591073674,383.20329752565755,398.6602214010164,271.6976780302929,80.9627022800878,138.28400619706804,217.8962098872305,197.42945787821174,175.87198413705252,226.7863732438817,240.9676334014818,167.92119237980518,108.82017180796394,196.16976135023293,241.82868207536177,187.55047779688917,0,Yeast
2265.57,2041.0212029856357,1449.7838193433347,705.6761595865812,130.63141735129005,359.56170124595883,395.10119707756195,193.65583862336823,141.355538256187,327.6781552819604,353.02220336661827,241.81576964341323,176.66280720056542,231.49428984891944,204.28695243740967,112.06549946129815,237.57511591073674,383.20329752565755,398.6602214010164,271.6976780302929,80.9627022800878,138.28400619706804,217.8962098872305,197.42945787821174,175.87198413705252,226.7863732438817,240.9676334014818,167.92119237980518,108.82017180796394,196.16976135023293,241.82868207536177,187.55047779688917,0,E_coli
2265.57,2041.0212029856357,1449.7838193433347,705.6761595865812,130.63141735129005,359.56170124595883,395.10119707756195,193.65583862336823,141.355538256187,327.6781552819604,353.02220336661827,241.81576964341323,176.66280720056542,231.49428984891944,204.28695243740967,112.06549946129815,237.57511591073674,383.20329752565755,398.6602214010164,271.6976780302929,80.9627022800878,138.28400619706804,217.8962098872305,197.42945787821174,175.87198413705252,226.7863732438817,240.9676334014818,167.92119237980518,108.82017180796394,196.16976135023293,241.82868207536177,187.55047779688917,0,Mammalian
2238.41,2014.5167114198077,1425.2836283726297,684.9700890065905,132.8538038242695,374.5452937936164,404.6415356348934,197.08516027607573,141.151743713087,333.0185368874233,362.27056123912183,250.67008950732728,168.85663886300316,210.98406947772474,180.64581272359683,104.19098930428376,255.18214298810176,402.968807251132,417.1776909630196,287.1601985625064,86.08791587755854,123.5889253520941,208.01664362543823,192.07702897987258,175.1470703344906,226.39902625234566,237.95862927263224,159.2178753290698,90.202580124796,185.17389579136062,231.82711581946123,172.715307314243,0,Yeast
2238.41,2014.5167114198077,1425.2836283726297,684.9700890065905,132.8538038242695,374.5452937936164,404.6415356348934,197.08516027607573,141.151743713087,333.0185368874233,362.27056123912183,250.67008950732728,168.85663886300316,210.98406947772474,180.64581272359683,104.19098930428376,255.18214298810176,402.968807251132,417.1776909630196,287.1601985625064,86.08791587755854,123.5889253520941,208.01664362543823,192.07702897987258,175.1470703344906,226.39902625234566,237.95862927263224,159.2178753290698,90.202580124796,185.17389579136062,231.82711581946123,172.715307314243,0,E_coli
2238.41,2014.5167114198077,1425.2836283726297,684.9700890065905,132.8538038242695,374.5452937936164,404.6415356348934,197.08516027607573,141.151743713087,333.0185368874233,362.27056123912183,250.67008950732728,168.85663886300316,210.98406947772474,180.64581272359683,104.19098930428376,255.18214298810176,402.968807251132,417.1776909630196,287.1601985625064,86.08791587755854,123.5889253520941,208.01664362543823,192.07702897987258,175.1470703344906,226.39902625234566,237.95862927263224,159.2178753290698,90.202580124796,185.17389579136062,231.82711581946123,172.715307314243,0,Mammalian
1159.3,1127.743339550041,1035.9820809413088,892.4359728616598,710.1526715365197,505.458056021999,296.3647221702223,102.01297175895589,75.58227787359351,201.1010487585032,282.5974044246932,316.42134986269116,306.9168322650225,264.8695353756044,209.00540302720535,169.91375060903962,177.4004509577132,217.33505328822852,255.65447495638495,273.4457399830956,264.3974089176768,230.6206684457055,182.43033315720578,142.37552072823019,142.5937350357262,180.64468090437916,223.36824570509245,249.49137233338993,249.66992317771636,221.58310997876907,168.35306985291194,99.2462725050617,0,E_coli
1159.3,1127.743339550041,1035.9820809413088,892.4359728616598,710.1526715365197,505.458056021999,296.3647221702223,102.01297175895589,75.58227787359351,201.1010487585032,282.5974044246932,316.42134986269116,306.9168322650225,264.8695353756044,209.00540302720535,169.91375060903962,177.4004509577132,217.33505328822852,255.65447495638495,273.4457399830956,264.3974089176768,230.6206684457055,182.43033315720578,142.37552072823019,142.5937350357262,180.64468090437916,223.36824570509245,249.49137233338993,249.66992317771636,221.58310997876907,168.35306985291194,99.2462725050617,0,Yeast
1159.3,1127.743339550041,1035.9820809413088,892.4359728616598,710.1526715365197,505.458056021999,296.3647221702223,102.01297175895589,75.58227787359351,201.1010487585032,282.5974044246932,316.42134986269116,306.9168322650225,264.8695353756044,209.00540302720535,169.91375060903962,177.4004509577132,217.33505328822852,255.65447495638495,273.4457399830956,264.3974089176768,230.6206684457055,182.43033315720578,142.37552072823019,142.5937350357262,180.64468090437916,223.36824570509245,249.49137233338993,249.66992317771636,221.58310997876907,168.35306985291194,99.2462725050617,0,Mammalian
1500.57,1399.9533563708742,1122.1410779719151,732.7271932499162,322.15936423664147,68.92701359061955,260.4303278198685,324.9107645503572,254.73439943558802,103.85154205952755,89.47214799567332,211.6940959564335,253.42836563278988,202.2124939677132,82.76981715217745,75.5330713837023,197.90256921020506,261.76923936798397,249.13726251412584,170.84117197368366,74.36556459429937,114.37076707305435,204.4527495034097,259.07141250181166,275.9463881702211,270.71525041308007,257.964272902179,238.5509169502727,205.46310698007815,158.77901635680612,111.78373913415469,83.66928479489229,0,Mammalian
1500.57,1399.9533563708742,1122.1410779719151,732.7271932499162,322.15936423664147,68.92701359061955,260.4303278198685,324.9107645503572,254.73439943558802,103.85154205952755,89.47214799567332,211.6940959564335,253.42836563278988,202.2124939677132,82.76981715217745,75.5330713837023,197.90256921020506,261.76923936798397,249.13726251412584,170.84117197368366,74.36556459429937,114.37076707305435,204.4527495034097,259.07141250181166,275.9463881702211,270.71525041308007,257.964272902179,238.5509169502727,205.46310698007815,158.77901635680612,111.78373913415469,83.66928479489229,0,Yeast
1500.57,1399.9533563708742,1122.1410779719151,732.7271932499162,322.15936423664147,68.92701359061955,260.4303278198685,324.9107645503572,254.73439943558802,103.85154205952755,89.47214799567332,211.6940959564335,253.42836563278988,202.2124939677132,82.76981715217745,75.5330713837023,197.90256921020506,261.76923936798397,249.13726251412584,170.84117197368366,74.36556459429937,114.37076707305435,204.4527495034097,259.07141250181166,275.9463881702211,270.71525041308007,257.964272902179,238.5509169502727,205.46310698007815,158.77901635680612,111.78373913415469,83.66928479489229,0,E_coli
1378.45,1311.40573938227,1122.102954721578,843.6312370727834,523.7704990709497,217.00216178802742,68.69640226992287,214.90778649895424,276.83658990621996,248.25207593594476,155.27203900021073,41.66256973380348,86.39738456229739,155.12377499182855,169.31460587146015,135.69857863814008,110.21471997877602,169.88334537662138,256.375232982391,312.50507082523313,314.58076486281095,258.4292244548537,156.98976018210107,53.32736402215652,116.17456816831901,205.0248324366976,248.1372438085885,236.96699598312745,179.3220561506356,96.12283265332317,34.90343263706564,73.1930618589307,0,E_coli
1378.45,1311.40573938227,1122.102954721578,843.6312370727834,523.7704990709497,217.00216178802742,68.69640226992287,214.90778649895424,276.83658990621996,248.25207593594476,155.27203900021073,41.66256973380348,86.39738456229739,155.12377499182855,169.31460587146015,135.69857863814008,110.21471997877602,169.88334537662138,256.375232982391,312.50507082523313,314.58076486281095,258.4292244548537,156.98976018210107,53.32736402215652,116.17456816831901,205.0248324366976,248.1372438085885,236.96699598312745,179.3220561506356,96.12283265332317,34.90343263706564,73.1930618589307,0,Yeast
1378.45,1311.40573938227,1122.102954721578,843.6312370727834,523.7704990709497,217.00216178802742,68.69640226992287,214.90778649895424,276.83658990621996,248.25207593594476,155.27203900021073,41.66256973380348,86.39738456229739,155.12377499182855,169.31460587146015,135.69857863814008,110.21471997877602,169.88334537662138,256.375232982391,312.50507082523313,314.58076486281095,258.4292244548537,156.98976018210107,53.32736402215652,116.17456816831901,205.0248324366976,248.1372438085885,236.96699598312745,179.3220561506356,96.12283265332317,34.90343263706564,73.1930618589307,0,Mammalian
3950.4700000000003,2628.969977733668,96.21461264621809,1216.4085857305813,630.8806687914563,348.24641354621826,313.7528140886333,308.5859607780818,387.25350708433945,199.04994220592522,418.61833828818186,189.18307467140002,274.1497533201402,84.04402105624295,286.44457924079785,149.75667842731684,245.39349726510682,327.75416047107905,53.23956433648528,116.60997119566557,171.94786624476038,261.6799830855443,40.1481789957108,268.9249755036215,279.2942116315331,129.05810606344605,36.051146725049804,185.46756932582494,271.3320928191598,130.7067196802346,19.354471566122534,90.45238906807265,0,Mammalian
3950.4700000000003,2628.969977733668,96.21461264621809,1216.4085857305813,630.8806687914563,348.24641354621826,313.7528140886333,308.5859607780818,387.25350708433945,199.04994220592522,418.61833828818186,189.18307467140002,274.1497533201402,84.04402105624295,286.44457924079785,149.75667842731684,245.39349726510682,327.75416047107905,53.23956433648528,116.60997119566557,171.94786624476038,261.6799830855443,40.1481789957108,268.9249755036215,279.2942116315331,129.05810606344605,36.051146725049804,185.46756932582494,271.3320928191598,130.7067196802346,19.354471566122534,90.45238906807265,0,Yeast
3950.4700000000003,2628.969977733668,96.21461264621809,1216.4085857305813,630.8806687914563,348.24641354621826,313.7528140886333,308.5859607780818,387.25350708433945,199.04994220592522,418.61833828818186,189.18307467140002,274.1497533201402,84.04402105624295,286.44457924079785,149.75667842731684,245.39349726510682,327.75416047107905,53.23956433648528,116.60997119566557,171.94786624476038,261.6799830855443,40.1481789957108,268.9249755036215,279.2942116315331,129.05810606344605,36.051146725049804,185.46756932582494,271.3320928191598,130.7067196802346,19.354471566122534,90.45238906807265,0,E_coli
1025.04,998.3757123686531,920.8931226628716,799.863858069849,646.5814482172298,475.27182643491096,302.011945423793,145.69341307140388,63.576442277309404,128.6956587028209,186.70416247030192,207.05045737425496,190.72313424610385,146.26441111362232,92.49188778333264,80.45135568125735,131.1237011375137,188.52491149070354,228.4788729347682,242.26769042121504,227.24944163202926,185.2630178991182,121.84258619088536,45.28604818153399,34.516239473035625,107.36783887904203,164.1011117777889,197.70800723463208,204.21270911131708,183.14720512672173,137.5867238877648,73.75701120605778,0,E_coli
1025.04,998.3757123686531,920.8931226628716,799.863858069849,646.5814482172298,475.27182643491096,302.011945423793,145.69341307140388,63.576442277309404,128.6956587028209,186.70416247030192,207.05045737425496,190.72313424610385,146.26441111362232,92.49188778333264,80.45135568125735,131.1237011375137,188.52491149070354,228.4788729347682,242.26769042121504,227.24944163202926,185.2630178991182,121.84258619088536,45.28604818153399,34.516239473035625,107.36783887904203,164.1011117777889,197.70800723463208,204.21270911131708,183.14720512672173,137.5867238877648,73.75701120605778,0,Yeast
1025.04,998.3757123686531,920.8931226628716,799.863858069849,646.5814482172298,475.27182643491096,302.011945423793,145.69341307140388,63.576442277309404,128.6956587028209,186.70416247030192,207.05045737425496,190.72313424610385,146.26441111362232,92.49188778333264,80.45135568125735,131.1237011375137,188.52491149070354,228.4788729347682,242.26769042121504,227.24944163202926,185.2630178991182,121.84258619088536,45.28604818153399,34.516239473035625,107.36783887904203,164.1011117777889,197.70800723463208,204.21270911131708,183.14720512672173,137.5867238877648,73.75701120605778,0,Mammalian
998.01,971.3526306985989,893.8885764451941,772.8822509394323,619.6133187248062,448.2863802888715,274.98195948824093,119.44545065991859,66.07924893355559,149.5028043638282,209.9064543184369,231.1937111760741,215.72347352041606,172.47885022060248,119.31397440048038,95.69138683345801,130.62078280273784,182.1305140897168,220.04926561547168,233.27295836261382,218.4369911102568,177.19620935378612,115.36597977109082,44.63149915963605,49.33626516445271,117.05161882366312,171.94133591761855,204.25819500062667,209.68756841027928,187.71903481533292,141.55752760424969,78.20549325807772,0,E_coli
998.01,971.3526306985989,893.8885764451941,772.8822509394323,619.6133187248062,448.2863802888715,274.98195948824093,119.44545065991859,66.07924893355559,149.5028043638282,209.9064543184369,231.1937111760741,215.72347352041606,172.47885022060248,119.31397440048038,95.69138683345801,130.62078280273784,182.1305140897168,220.04926561547168,233.27295836261382,218.4369911102568,177.19620935378612,115.36597977109082,44.63149915963605,49.33626516445271,117.05161882366312,171.94133591761855,204.25819500062667,209.68756841027928,187.71903481533292,141.55752760424969,78.20549325807772,0,Yeast
998.01,971.3526306985989,893.8885764451941,772.8822509394323,619.6133187248062,448.2863802888715,274.98195948824093,119.44545065991859,66.07924893355559,149.5028043638282,209.9064543184369,231.1937111760741,215.72347352041606,172.47885022060248,119.31397440048038,95.69138683345801,130.62078280273784,182.1305140897168,220.04926561547168,233.27295836261382,218.4369911102568,177.19620935378612,115.36597977109082,44.63149915963605,49.33626516445271,117.05161882366312,171.94133591761855,204.25819500062667,209.68756841027928,187.71903481533292,141.55752760424969,78.20549325807772,0,Mammalian
1620.87,1522.03363469418,1246.2536450062664,850.8115962557232,416.71949171492713,68.25833076457513,273.8030331974018,405.8878984263518,391.16416317457526,261.1846154968963,74.33435917872053,122.83047581841869,255.6386687705129,306.08885403527484,271.9294426151561,177.49851450182572,63.24503854058437,28.334108660761263,64.70582883937001,34.7867615459667,50.08234879097614,159.63568729426746,255.12920602303697,301.5173937966662,278.63335200211463,187.63052835464336,51.302709188126684,96.00491095379591,210.1833956183784,261.10257195102906,234.9700503962579,141.55743449931634,0,Mammalian
1620.87,1522.03363469418,1246.2536450062664,850.8115962557232,416.71949171492713,68.25833076457513,273.8030331974018,405.8878984263518,391.16416317457526,261.1846154968963,74.33435917872053,122.83047581841869,255.6386687705129,306.08885403527484,271.9294426151561,177.49851450182572,63.24503854058437,28.334108660761263,64.70582883937001,34.7867615459667,50.08234879097614,159.63568729426746,255.12920602303697,301.5173937966662,278.63335200211463,187.63052835464336,51.302709188126684,96.00491095379591,210.1833956183784,261.10257195102906,234.9700503962579,141.55743449931634,0,E_coli
1620.87,1522.03363469418,1246.2536450062664,850.8115962557232,416.71949171492713,68.25833076457513,273.8030331974018,405.8878984263518,391.16416317457526,261.1846154968963,74.33435917872053,122.83047581841869,255.6386687705129,306.08885403527484,271.9294426151561,177.49851450182572,63.24503854058437,28.334108660761263,64.70582883937001,34.7867615459667,50.08234879097614,159.63568729426746,255.12920602303697,301.5173937966662,278.63335200211463,187.63052835464336,51.302709188126684,96.00491095379591,210.1833956183784,261.10257195102906,234.9700503962579,141.55743449931634,0,Yeast
1951.1599999999999,1785.957745409767,1337.8566476308654,733.8547708925068,143.26464919060123,306.5912611549429,498.65454937092414,442.6301280334599,213.603348491704,87.02191073931688,296.7432612629688,366.5284371738452,278.52581235226893,116.80839874481997,210.05081006145372,359.7870853443132,390.39053497747614,286.8308966166771,96.7474647301473,138.59909565932062,298.56900903047995,367.29276034258885,349.97569062546927,303.9630208856716,293.063758784896,302.4827874242278,277.85059337447564,208.88417605964005,137.12705565408982,118.99454031769203,117.27313703527082,76.16865120881104,0,Mammalian
1951.1599999999999,1785.957745409767,1337.8566476308654,733.8547708925068,143.26464919060123,306.5912611549429,498.65454937092414,442.6301280334599,213.603348491704,87.02191073931688,296.7432612629688,366.5284371738452,278.52581235226893,116.80839874481997,210.05081006145372,359.7870853443132,390.39053497747614,286.8308966166771,96.7474647301473,138.59909565932062,298.56900903047995,367.29276034258885,349.97569062546927,303.9630208856716,293.063758784896,302.4827874242278,277.85059337447564,208.88417605964005,137.12705565408982,118.99454031769203,117.27313703527082,76.16865120881104,0,Yeast
1951.1599999999999,1785.957745409767,1337.8566476308654,733.8547708925068,143.26464919060123,306.5912611549429,498.65454937092414,442.6301280334599,213.603348491704,87.02191073931688,296.7432612629688,366.5284371738452,278.52581235226893,116.80839874481997,210.05081006145372,359.7870853443132,390.39053497747614,286.8308966166771,96.7474647301473,138.59909565932062,298.56900903047995,367.29276034258885,349.97569062546927,303.9630208856716,293.063758784896,302.4827874242278,277.85059337447564,208.88417605964005,137.12705565408982,118.99454031769203,117.27313703527082,76.16865120881104,0,E_coli
2775.2,2382.9276350265814,1407.2678268098214,373.09928080860016,490.9661411529397,606.6076066832663,278.49217119914385,165.68357878046066,381.632166454803,266.7373073327438,53.14391357400643,298.12428519245753,311.1769298612272,99.75439336680846,171.12072399818103,306.7280913029038,247.30150221945686,106.58413138277594,108.76274558024309,77.14421993595494,142.80844958089025,292.2714836850115,312.9425116394133,191.01066454096866,133.69852776681384,199.03181672557977,130.7174255466572,55.84270097983133,226.65895722833207,265.51284574934664,160.77975219611383,48.612522384648834,0,Yeast
2775.2,2382.9276350265814,1407.2678268098214,373.09928080860016,490.9661411529397,606.6076066832663,278.49217119914385,165.68357878046066,381.632166454803,266.7373073327438,53.14391357400643,298.12428519245753,311.1769298612272,99.75439336680846,171.12072399818103,306.7280913029038,247.30150221945686,106.58413138277594,108.76274558024309,77.14421993595494,142.80844958089025,292.2714836850115,312.9425116394133,191.01066454096866,133.69852776681384,199.03181672557977,130.7174255466572,55.84270097983133,226.65895722833207,265.51284574934664,160.77975219611383,48.612522384648834,0,Mammalian
2775.2,2382.9276350265814,1407.2678268098214,373.09928080860016,490.9661411529397,606.6076066832663,278.49217119914385,165.68357878046066,381.632166454803,266.7373073327438,53.14391357400643,298.12428519245753,311.1769298612272,99.75439336680846,171.12072399818103,306.7280913029038,247.30150221945686,106.58413138277594,108.76274558024309,77.14421993595494,142.80844958089025,292.2714836850115,312.9425116394133,191.01066454096866,133.69852776681384,199.03181672557977,130.7174255466572,55.84270097983133,226.65895722833207,265.51284574934664,160.77975219611383,48.612522384648834,0,E_coli
2196.64,1902.2449342959571,1151.4717953470476,274.34214057144175,385.03152232547336,603.2449613348234,419.692960774071,157.7369933104597,358.9574782931022,425.78724609820324,267.9304073051376,127.33142205205053,245.33315996263784,234.10055863961978,68.18462629046957,138.52572101138074,252.06731799263457,217.59744776601622,78.22044804833932,79.30212343918909,153.35996595460688,154.75453763759657,162.67759944732796,189.84861057086115,175.48020280777263,129.04882264500395,104.53215908401982,76.72311302093074,7.843690513852947,88.71003642786668,134.2449486508808,98.41963486367919,0,Mammalian
2196.64,1902.2449342959571,1151.4717953470476,274.34214057144175,385.03152232547336,603.2449613348234,419.692960774071,157.7369933104597,358.9574782931022,425.78724609820324,267.9304073051376,127.33142205205053,245.33315996263784,234.10055863961978,68.18462629046957,138.52572101138074,252.06731799263457,217.59744776601622,78.22044804833932,79.30212343918909,153.35996595460688,154.75453763759657,162.67759944732796,189.84861057086115,175.48020280777263,129.04882264500395,104.53215908401982,76.72311302093074,7.843690513852947,88.71003642786668,134.2449486508808,98.41963486367919,0,E_coli
2196.64,1902.2449342959571,1151.4717953470476,274.34214057144175,385.03152232547336,603.2449613348234,419.692960774071,157.7369933104597,358.9574782931022,425.78724609820324,267.9304073051376,127.33142205205053,245.33315996263784,234.10055863961978,68.18462629046957,138.52572101138074,252.06731799263457,217.59744776601622,78.22044804833932,79.30212343918909,153.35996595460688,154.75453763759657,162.67759944732796,189.84861057086115,175.48020280777263,129.04882264500395,104.53215908401982,76.72311302093074,7.843690513852947,88.71003642786668,134.2449486508808,98.41963486367919,0,Yeast
1402.67,1329.0299330360142,1120.8860345532144,814.3079191449556,463.4267658015189,154.24450507802817,223.82446115287306,398.57320099366257,471.1962619900301,437.83829601115303,322.77781479942524,166.58936431394062,58.331785813376776,148.82362638571598,214.93951166050948,216.59297210652042,159.9811004462715,66.11804626571617,39.08724578735926,125.13135153504228,175.0467021198281,181.60586197371103,153.49072898729818,118.08417577883242,114.77383885983309,138.13408691319168,148.504985014808,126.96458588396001,74.095349243651,9.227302988021357,71.24773042773982,123.8696900535968,0,E_coli
1402.67,1329.0299330360142,1120.8860345532144,814.3079191449556,463.4267658015189,154.24450507802817,223.82446115287306,398.57320099366257,471.1962619900301,437.83829601115303,322.77781479942524,166.58936431394062,58.331785813376776,148.82362638571598,214.93951166050948,216.59297210652042,159.9811004462715,66.11804626571617,39.08724578735926,125.13135153504228,175.0467021198281,181.60586197371103,153.49072898729818,118.08417577883242,114.77383885983309,138.13408691319168,148.504985014808,126.96458588396001,74.095349243651,9.227302988021357,71.24773042773982,123.8696900535968,0,Mammalian
1402.67,1329.0299330360142,1120.8860345532144,814.3079191449556,463.4267658015189,154.24450507802817,223.82446115287306,398.57320099366257,471.1962619900301,437.83829601115303,322.77781479942524,166.58936431394062,58.331785813376776,148.82362638571598,214.93951166050948,216.59297210652042,159.9811004462715,66.11804626571617,39.08724578735926,125.13135153504228,175.0467021198281,181.60586197371103,153.49072898729818,118.08417577883242,114.77383885983309,138.13408691319168,148.504985014808,126.96458588396001,74.095349243651,9.227302988021357,71.24773042773982,123.8696900535968,0,Yeast
1960.3400000000001,1750.2526019431837,1195.2844092840865,491.4189039773171,153.28698885546765,501.76193584321646,536.5249330188423,327.13946267106655,164.44186717906013,343.5150387403172,417.8753317761267,312.6182001803469,97.93061814035659,114.67033082651197,228.11230027511067,213.65028930149248,112.18729785497104,53.680283915690325,98.61047012795194,85.63479448938614,86.53257822566327,161.41084964507417,204.22938161732142,178.85375084845452,118.14664751343707,112.09772795489602,138.2547948796873,116.80693731638434,46.4390911182687,35.327381540984454,85.97808375298415,91.72246564025286,0,E_coli
1960.3400000000001,1750.2526019431837,1195.2844092840865,491.4189039773171,153.28698885546765,501.76193584321646,536.5249330188423,327.13946267106655,164.44186717906013,343.5150387403172,417.8753317761267,312.6182001803469,97.93061814035659,114.67033082651197,228.11230027511067,213.65028930149248,112.18729785497104,53.680283915690325,98.61047012795194,85.63479448938614,86.53257822566327,161.41084964507417,204.22938161732142,178.85375084845452,118.14664751343707,112.09772795489602,138.2547948796873,116.80693731638434,46.4390911182687,35.327381540984454,85.97808375298415,91.72246564025286,0,Mammalian
1960.3400000000001,1750.2526019431837,1195.2844092840865,491.4189039773171,153.28698885546765,501.76193584321646,536.5249330188423,327.13946267106655,164.44186717906013,343.5150387403172,417.8753317761267,312.6182001803469,97.93061814035659,114.67033082651197,228.11230027511067,213.65028930149248,112.18729785497104,53.680283915690325,98.61047012795194,85.63479448938614,86.53257822566327,161.41084964507417,204.22938161732142,178.85375084845452,118.14664751343707,112.09772795489602,138.2547948796873,116.80693731638434,46.4390911182687,35.327381540984454,85.97808375298415,91.72246564025286,0,Yeast
2091.51,1835.9021914822654,1174.1172841427244,373.2099822998352,284.14715859991577,567.969738023623,478.7611242326427,197.9264375759609,274.67869012467423,430.13846752047857,377.59457828795763,183.85083083682133,100.01811621104274,175.29049277681167,139.98435192033685,106.14523157110611,174.09298808395468,167.85029283724023,57.204052298997404,115.32123245643938,217.572727938425,201.58081938519575,91.59633728631341,132.76957573880713,227.97815990000697,211.08376584614643,91.24709124123645,54.65103507104989,136.4803881391784,109.8984996340428,57.284633210926344,160.78071162341223,0,Mammalian
2091.51,1835.9021914822654,1174.1172841427244,373.2099822998352,284.14715859991577,567.969738023623,478.7611242326427,197.9264375759609,274.67869012467423,430.13846752047857,377.59457828795763,183.85083083682133,100.01811621104274,175.29049277681167,139.98435192033685,106.14523157110611,174.09298808395468,167.85029283724023,57.204052298997404,115.32123245643938,217.572727938425,201.58081938519575,91.59633728631341,132.76957573880713,227.97815990000697,211.08376584614643,91.24709124123645,54.65103507104989,136.4803881391784,109.8984996340428,57.284633210926344,160.78071162341223,0,E_coli
2091.51,1835.9021914822654,1174.1172841427244,373.2099822998352,284.14715859991577,567.969738023623,478.7611242326427,197.9264375759609,274.67869012467423,430.13846752047857,377.59457828795763,183.85083083682133,100.01811621104274,175.29049277681167,139.98435192033685,106.14523157110611,174.09298808395468,167.85029283724023,57.204052298997404,115.32123245643938,217.572727938425,201.58081938519575,91.59633728631341,132.76957573880713,227.97815990000697,211.08376584614643,91.24709124123645,54.65103507104989,136.4803881391784,109.8984996340428,57.284633210926344,160.78071162341223,0,Yeast
2222.6800000000003,1917.1962437653021,1141.7949252094406,247.07471234597688,410.0796432264666,600.6339283683099,382.2169305972439,156.57632896054244,400.143026079156,444.5235377427874,264.7748171468093,135.75032981239832,227.84881184182237,171.00947998433043,32.50494693191311,220.4605450674745,277.3817138890016,172.4530368533393,90.07680921789003,205.8936888756867,203.05215925305865,74.72206091104461,140.45195395846304,244.66977084698385,215.34770832357577,87.21267165444091,85.9276667108059,142.9315277996483,96.81777613741298,22.42198912608965,95.30120946046092,104.58609544992059,0,E_coli
2222.6800000000003,1917.1962437653021,1141.7949252094406,247.07471234597688,410.0796432264666,600.6339283683099,382.2169305972439,156.57632896054244,400.143026079156,444.5235377427874,264.7748171468093,135.75032981239832,227.84881184182237,171.00947998433043,32.50494693191311,220.4605450674745,277.3817138890016,172.4530368533393,90.07680921789003,205.8936888756867,203.05215925305865,74.72206091104461,140.45195395846304,244.66977084698385,215.34770832357577,87.21267165444091,85.9276667108059,142.9315277996483,96.81777613741298,22.42198912608965,95.30120946046092,104.58609544992059,0,Mammalian
2222.6800000000003,1917.1962437653021,1141.7949252094406,247.07471234597688,410.0796432264666,600.6339283683099,382.2169305972439,156.57632896054244,400.143026079156,444.5235377427874,264.7748171468093,135.75032981239832,227.84881184182237,171.00947998433043,32.50494693191311,220.4605450674745,277.3817138890016,172.4530368533393,90.07680921789003,205.8936888756867,203.05215925305865,74.72206091104461,140.45195395846304,244.66977084698385,215.34770832357577,87.21267165444091,85.9276667108059,142.9315277996483,96.81777613741298,22.42198912608965,95.30120946046092,104.58609544992059,0,Yeast
2311.77,1968.6876996450426,1110.9820985251652,158.15070376346134,485.0316635437044,595.5146414432957,297.136371799267,226.83709828349254,452.56113469980386,398.97071725057623,182.82898070678934,219.67149474665356,263.9554693769275,113.89565473147314,120.1144005252562,270.5097873202566,247.29488086088634,92.75933496351041,86.3935971735676,152.05071030329367,116.57762645352798,119.8989119597069,173.3572501916437,171.67301774626915,148.9437221208936,144.6687270089051,109.6655527819505,54.97786363501773,77.78755785146156,66.66802638556067,19.92615911796683,124.51888916849704,0,E_coli
2311.77,1968.6876996450426,1110.9820985251652,158.15070376346134,485.0316635437044,595.5146414432957,297.136371799267,226.83709828349254,452.56113469980386,398.97071725057623,182.82898070678934,219.67149474665356,263.9554693769275,113.89565473147314,120.1144005252562,270.5097873202566,247.29488086088634,92.75933496351041,86.3935971735676,152.05071030329367,116.57762645352798,119.8989119597069,173.3572501916437,171.67301774626915,148.9437221208936,144.6687270089051,109.6655527819505,54.97786363501773,77.78755785146156,66.66802638556067,19.92615911796683,124.51888916849704,0,Mammalian
2311.77,1968.6876996450426,1110.9820985251652,158.15070376346134,485.0316635437044,595.5146414432957,297.136371799267,226.83709828349254,452.56113469980386,398.97071725057623,182.82898070678934,219.67149474665356,263.9554693769275,113.89565473147314,120.1144005252562,270.5097873202566,247.29488086088634,92.75933496351041,86.3935971735676,152.05071030329367,116.57762645352798,119.8989119597069,173.3572501916437,171.67301774626915,148.9437221208936,144.6687270089051,109.6655527819505,54.97786363501773,77.78755785146156,66.66802638556067,19.92615911796683,124.51888916849704,0,Yeast
2131.5699999999997,1879.8298950338078,1226.62737545354,433.764979356435,251.63593065352904,548.5157757733407,487.81102645594336,213.8655977950776,190.22536252841618,329.5137756473932,276.84207342597574,120.81721515152257,204.60235292186394,303.1319197266599,267.28812722455615,148.2242916239293,74.06390551408964,63.656559113908735,35.36461588441339,137.10401920943232,200.92132256055842,159.91953301384888,34.21771903323461,144.74380143555032,238.4107943255351,212.94829458470244,83.69905796221623,77.57574090504997,179.9111662001148,178.13850707410526,90.67626715796456,19.174036731639706,0,Yeast
2131.5699999999997,1879.8298950338078,1226.62737545354,433.764979356435,251.63593065352904,548.5157757733407,487.81102645594336,213.8655977950776,190.22536252841618,329.5137756473932,276.84207342597574,120.81721515152257,204.60235292186394,303.1319197266599,267.28812722455615,148.2242916239293,74.06390551408964,63.656559113908735,35.36461588441339,137.10401920943232,200.92132256055842,159.91953301384888,34.21771903323461,144.74380143555032,238.4107943255351,212.94829458470244,83.69905796221623,77.57574090504997,179.9111662001148,178.13850707410526,90.67626715796456,19.174036731639706,0,E_coli
2131.5699999999997,1879.8298950338078,1226.62737545354,433.764979356435,251.63593065352904,548.5157757733407,487.81102645594336,213.8655977950776,190.22536252841618,329.5137756473932,276.84207342597574,120.81721515152257,204.60235292186394,303.1319197266599,267.28812722455615,148.2242916239293,74.06390551408964,63.656559113908735,35.36461588441339,137.10401920943232,200.92132256055842,159.91953301384888,34.21771903323461,144.74380143555032,238.4107943255351,212.94829458470244,83.69905796221623,77.57574090504997,179.9111662001148,178.13850707410526,90.67626715796456,19.174036731639706,0,Mammalian
1681.05,1565.6256781674665,1246.5927176215596,798.7802989258922,330.0322571787033,153.07641322357355,384.5650667626127,470.1548660612069,400.7376102746781,235.305595500964,110.27690295109583,200.73818532562944,268.7819778760291,242.50720094157657,136.344585316925,17.923048910392893,142.63687075928158,223.70899760975817,236.79560995251074,192.04468925820595,126.27767455973539,99.01261556777908,114.99178668847742,116.27396642654806,93.08916323257083,76.20148799030461,86.67739915879383,89.3732608796864,60.205193284015024,22.6049539188556,80.84633019197189,137.46031050302386,0,Mammalian
1681.05,1565.6256781674665,1246.5927176215596,798.7802989258922,330.0322571787033,153.07641322357355,384.5650667626127,470.1548660612069,400.7376102746781,235.305595500964,110.27690295109583,200.73818532562944,268.7819778760291,242.50720094157657,136.344585316925,17.923048910392893,142.63687075928158,223.70899760975817,236.79560995251074,192.04468925820595,126.27767455973539,99.01261556777908,114.99178668847742,116.27396642654806,93.08916323257083,76.20148799030461,86.67739915879383,89.3732608796864,60.205193284015024,22.6049539188556,80.84633019197189,137.46031050302386,0,Yeast
1681.05,1565.6256781674665,1246.5927176215596,798.7802989258922,330.0322571787033,153.07641322357355,384.5650667626127,470.1548660612069,400.7376102746781,235.305595500964,110.27690295109583,200.73818532562944,268.7819778760291,242.50720094157657,136.344585316925,17.923048910392893,142.63687075928158,223.70899760975817,236.79560995251074,192.04468925820595,126.27767455973539,99.01261556777908,114.99178668847742,116.27396642654806,93.08916323257083,76.20148799030461,86.67739915879383,89.3732608796864,60.205193284015024,22.6049539188556,80.84633019197189,137.46031050302386,0,E_coli
1812.22,1668.4562696140906,1276.503474175766,742.9821839963232,225.13638666475256,266.98074230646847,473.52945041834846,476.5662831217508,319.81612831298133,120.78735261710689,169.60700283584998,262.00985123343105,237.80948720157485,112.71631576808248,59.980956823586105,204.59474249707782,276.4178178048586,258.03985722326786,170.2173909325425,66.6560293556177,72.67198102944899,111.80797229773299,106.81557053481575,88.46515757541279,99.92872695523909,114.87491328479663,102.29643991918473,80.72691053304388,99.81600658070045,131.55082713667338,129.305300380779,83.11321218028444,0,Mammalian
1812.22,1668.4562696140906,1276.503474175766,742.9821839963232,225.13638666475256,266.98074230646847,473.52945041834846,476.5662831217508,319.81612831298133,120.78735261710689,169.60700283584998,262.00985123343105,237.80948720157485,112.71631576808248,59.980956823586105,204.59474249707782,276.4178178048586,258.03985722326786,170.2173909325425,66.6560293556177,72.67198102944899,111.80797229773299,106.81557053481575,88.46515757541279,99.92872695523909,114.87491328479663,102.29643991918473,80.72691053304388,99.81600658070045,131.55082713667338,129.305300380779,83.11321218028444,0,E_coli
1812.22,1668.4562696140906,1276.503474175766,742.9821839963232,225.13638666475256,266.98074230646847,473.52945041834846,476.5662831217508,319.81612831298133,120.78735261710689,169.60700283584998,262.00985123343105,237.80948720157485,112.71631576808248,59.980956823586105,204.59474249707782,276.4178178048586,258.03985722326786,170.2173909325425,66.6560293556177,72.67198102944899,111.80797229773299,106.81557053481575,88.46515757541279,99.92872695523909,114.87491328479663,102.29643991918473,80.72691053304388,99.81600658070045,131.55082713667338,129.305300380779,83.11321218028444,0,Yeast
2248.7200000000003,1951.588141329633,1194.5881976630387,317.43435876524046,372.30344884164555,594.2143525170546,419.39158731754566,131.85038846866482,302.70706691122274,359.80845536012697,213.73704001654556,160.62171361018972,286.27920531885394,274.35297126856466,132.8101283889647,26.892483910771954,102.46332807399915,116.14299387513141,179.8226833280514,222.92092075873424,158.57285195044548,47.16936847603554,171.78103284829427,227.6832402096492,151.2143103082657,20.382937922106812,143.282935391842,170.62197538783082,86.83727083990904,69.17664980024342,145.47203220373092,123.41844675571465,0,E_coli
2248.7200000000003,1951.588141329633,1194.5881976630387,317.43435876524046,372.30344884164555,594.2143525170546,419.39158731754566,131.85038846866482,302.70706691122274,359.80845536012697,213.73704001654556,160.62171361018972,286.27920531885394,274.35297126856466,132.8101283889647,26.892483910771954,102.46332807399915,116.14299387513141,179.8226833280514,222.92092075873424,158.57285195044548,47.16936847603554,171.78103284829427,227.6832402096492,151.2143103082657,20.382937922106812,143.282935391842,170.62197538783082,86.83727083990904,69.17664980024342,145.47203220373092,123.41844675571465,0,Mammalian
2248.7200000000003,1951.588141329633,1194.5881976630387,317.43435876524046,372.30344884164555,594.2143525170546,419.39158731754566,131.85038846866482,302.70706691122274,359.80845536012697,213.73704001654556,160.62171361018972,286.27920531885394,274.35297126856466,132.8101283889647,26.892483910771954,102.46332807399915,116.14299387513141,179.8226833280514,222.92092075873424,158.57285195044548,47.16936847603554,171.78103284829427,227.6832402096492,151.2143103082657,20.382937922106812,143.282935391842,170.62197538783082,86.83727083990904,69.17664980024342,145.47203220373092,123.41844675571465,0,Yeast
2712.04,2281.1846935609774,1225.2491584664867,113.683993791823,563.748691180332,569.9722185750175,154.72778451180267,339.68850323551436,477.8287166931869,271.6032385069809,61.2603350472281,250.06062338400548,185.98245724080869,77.68403242892474,221.02826541107802,210.69739703369024,130.3432836781396,205.51523925441978,220.53958269970073,132.83298578074331,85.32340804227188,36.65837865980151,136.3503446489827,323.9680817208968,393.0994544683854,286.3504956826324,81.18361206684091,93.58215008544337,120.07795980605874,34.88698226594829,69.36563648545774,78.06939345243632,0,Mammalian
2712.04,2281.1846935609774,1225.2491584664867,113.683993791823,563.748691180332,569.9722185750175,154.72778451180267,339.68850323551436,477.8287166931869,271.6032385069809,61.2603350472281,250.06062338400548,185.98245724080869,77.68403242892474,221.02826541107802,210.69739703369024,130.3432836781396,205.51523925441978,220.53958269970073,132.83298578074331,85.32340804227188,36.65837865980151,136.3503446489827,323.9680817208968,393.0994544683854,286.3504956826324,81.18361206684091,93.58215008544337,120.07795980605874,34.88698226594829,69.36563648545774,78.06939345243632,0,Yeast
2712.04,2281.1846935609774,1225.2491584664867,113.683993791823,563.748691180332,569.9722185750175,154.72778451180267,339.68850323551436,477.8287166931869,271.6032385069809,61.2603350472281,250.06062338400548,185.98245724080869,77.68403242892474,221.02826541107802,210.69739703369024,130.3432836781396,205.51523925441978,220.53958269970073,132.83298578074331,85.32340804227188,36.65837865980151,136.3503446489827,323.9680817208968,393.0994544683854,286.3504956826324,81.18361206684091,93.58215008544337,120.07795980605874,34.88698226594829,69.36563648545774,78.06939345243632,0,E_coli
1685.8899999999999,1593.1410119910208,1333.4984645723512,958.6134278999058,542.6224510396488,182.6890668906954,198.2735521985914,345.7579066517117,373.9942962564925,297.0482273248469,164.70687365517776,82.39043820958848,151.48155080345504,200.58599207176408,193.92583865939676,155.88035590476892,136.0751222670772,148.69812031932568,146.95213196126042,100.48399818804727,16.40507952127367,105.00737825110785,208.42125521084196,273.28682435498797,280.6546713803478,228.83656339780535,134.46854807054459,42.34445823404112,92.1958586911844,146.51021491991892,152.59239306367238,119.44661591164204,0,Yeast
1685.8899999999999,1593.1410119910208,1333.4984645723512,958.6134278999058,542.6224510396488,182.6890668906954,198.2735521985914,345.7579066517117,373.9942962564925,297.0482273248469,164.70687365517776,82.39043820958848,151.48155080345504,200.58599207176408,193.92583865939676,155.88035590476892,136.0751222670772,148.69812031932568,146.95213196126042,100.48399818804727,16.40507952127367,105.00737825110785,208.42125521084196,273.28682435498797,280.6546713803478,228.83656339780535,134.46854807054459,42.34445823404112,92.1958586911844,146.51021491991892,152.59239306367238,119.44661591164204,0,E_coli
1685.8899999999999,1593.1410119910208,1333.4984645723512,958.6134278999058,542.6224510396488,182.6890668906954,198.2735521985914,345.7579066517117,373.9942962564925,297.0482273248469,164.70687365517776,82.39043820958848,151.48155080345504,200.58599207176408,193.92583865939676,155.88035590476892,136.0751222670772,148.69812031932568,146.95213196126042,100.48399818804727,16.40507952127367,105.00737825110785,208.42125521084196,273.28682435498797,280.6546713803478,228.83656339780535,134.46854807054459,42.34445823404112,92.1958586911844,146.51021491991892,152.59239306367238,119.44661591164204,0,Mammalian
1835.1,1710.9481324631422,1368.9277241831048,892.3880602105634,400.1928723888031,150.63987410570084,344.3547735419154,412.5825793870104,325.9355066375176,156.0339516958325,113.94360486114667,225.1815121526328,252.16587584623906,175.77231481106358,46.73431728991986,147.05621115013537,261.27484570849913,292.8221410494569,235.66309334577673,135.3869118267436,144.21063001277545,241.94485190078908,291.1033811000974,261.86637352820986,170.50231292549876,85.06618437106229,129.54850880839626,184.8186993455005,182.32508258387477,125.69566028954225,44.76670875511008,31.314926880624345,0,Yeast
1835.1,1710.9481324631422,1368.9277241831048,892.3880602105634,400.1928723888031,150.63987410570084,344.3547735419154,412.5825793870104,325.9355066375176,156.0339516958325,113.94360486114667,225.1815121526328,252.16587584623906,175.77231481106358,46.73431728991986,147.05621115013537,261.27484570849913,292.8221410494569,235.66309334577673,135.3869118267436,144.21063001277545,241.94485190078908,291.1033811000974,261.86637352820986,170.50231292549876,85.06618437106229,129.54850880839626,184.8186993455005,182.32508258387477,125.69566028954225,44.76670875511008,31.314926880624345,0,Mammalian
1835.1,1710.9481324631422,1368.9277241831048,892.3880602105634,400.1928723888031,150.63987410570084,344.3547735419154,412.5825793870104,325.9355066375176,156.0339516958325,113.94360486114667,225.1815121526328,252.16587584623906,175.77231481106358,46.73431728991986,147.05621115013537,261.27484570849913,292.8221410494569,235.66309334577673,135.3869118267436,144.21063001277545,241.94485190078908,291.1033811000974,261.86637352820986,170.50231292549876,85.06618437106229,129.54850880839626,184.8186993455005,182.32508258387477,125.69566028954225,44.76670875511008,31.314926880624345,0,E_coli
2115.42,1918.441226756954,1391.8513559278629,707.0318933296538,153.81009184112747,409.34974727277466,525.2481909016253,378.37684211326575,88.42424845727282,206.23731330900188,360.0776430478054,333.44792914942076,161.9959029116211,68.35859248570274,237.01136062224592,291.104402700191,228.36011998595555,118.04762920868409,92.89547003948528,98.28645768309633,31.143052306466565,131.56731079464615,269.34655929207497,333.1791843393964,285.9136140248773,143.18337288593438,42.80316609212796,182.63152622517507,235.1439231209458,190.05761461375656,95.61137215636052,78.48130716017096,0,Yeast
2115.42,1918.441226756954,1391.8513559278629,707.0318933296538,153.81009184112747,409.34974727277466,525.2481909016253,378.37684211326575,88.42424845727282,206.23731330900188,360.0776430478054,333.44792914942076,161.9959029116211,68.35859248570274,237.01136062224592,291.104402700191,228.36011998595555,118.04762920868409,92.89547003948528,98.28645768309633,31.143052306466565,131.56731079464615,269.34655929207497,333.1791843393964,285.9136140248773,143.18337288593438,42.80316609212796,182.63152622517507,235.1439231209458,190.05761461375656,95.61137215636052,78.48130716017096,0,Mammalian
2115.42,1918.441226756954,1391.8513559278629,707.0318933296538,153.81009184112747,409.34974727277466,525.2481909016253,378.37684211326575,88.42424845727282,206.23731330900188,360.0776430478054,333.44792914942076,161.9959029116211,68.35859248570274,237.01136062224592,291.104402700191,228.36011998595555,118.04762920868409,92.89547003948528,98.28645768309633,31.143052306466565,131.56731079464615,269.34655929207497,333.1791843393964,285.9136140248773,143.18337288593438,42.80316609212796,182.63152622517507,235.1439231209458,190.05761461375656,95.61137215636052,78.48130716017096,0,E_coli
1741.9999999999998,1673.5521436605627,1477.7212023948534,1181.4940286248204,824.9502738027217,454.81615062308447,117.07381325339013,150.10125792911495,321.87962912693234,389.8889500932422,362.43949628634795,261.92900640339394,119.99104695669783,28.663095149922786,152.55573633571075,228.76723352528396,246.35600256539308,207.34253446998326,125.19925722996697,21.258000175787583,80.17545431803701,156.99420470041923,193.72794687344856,184.40373990335232,133.32690783599728,53.7070888635444,35.51395298768122,113.92551501548735,164.09281193259642,175.2580835067233,145.54283499450523,82.21634474298233,0,Yeast
1741.9999999999998,1673.5521436605627,1477.7212023948534,1181.4940286248204,824.9502738027217,454.81615062308447,117.07381325339013,150.10125792911495,321.87962912693234,389.8889500932422,362.43949628634795,261.92900640339394,119.99104695669783,28.663095149922786,152.55573633571075,228.76723352528396,246.35600256539308,207.34253446998326,125.19925722996697,21.258000175787583,80.17545431803701,156.99420470041923,193.72794687344856,184.40373990335232,133.32690783599728,53.7070888635444,35.51395298768122,113.92551501548735,164.09281193259642,175.2580835067233,145.54283499450523,82.21634474298233,0,Mammalian
1741.9999999999998,1673.5521436605627,1477.7212023948534,1181.4940286248204,824.9502738027217,454.81615062308447,117.07381325339013,150.10125792911495,321.87962912693234,389.8889500932422,362.43949628634795,261.92900640339394,119.99104695669783,28.663095149922786,152.55573633571075,228.76723352528396,246.35600256539308,207.34253446998326,125.19925722996697,21.258000175787583,80.17545431803701,156.99420470041923,193.72794687344856,184.40373990335232,133.32690783599728,53.7070888635444,35.51395298768122,113.92551501548735,164.09281193259642,175.2580835067233,145.54283499450523,82.21634474298233,0,E_coli
1316.51,1291.1730248551714,1216.8575143730636,1098.518541644039,943.9882788238348,763.3742774114764,568.2909920505643,371.00213362149645,183.663327041628,24.567216592477067,124.85017395889007,227.32608137088528,291.7739697939325,317.6814731388949,307.8727927661637,267.9892396582644,206.196917775218,133.7919928357018,73.30087753959907,81.1240171847945,132.9598866017839,177.69876873361991,202.77683960661588,204.69224499609658,183.663327041628,142.58892234067218,86.4884815602248,22.571298040932646,45.939352942157655,106.3954403850246,155.00820634171677,186.40384638778966,0,Yeast
1316.51,1291.1730248551714,1216.8575143730636,1098.518541644039,943.9882788238348,763.3742774114764,568.2909920505643,371.00213362149645,183.663327041628,24.567216592477067,124.85017395889007,227.32608137088528,291.7739697939325,317.6814731388949,307.8727927661637,267.9892396582644,206.196917775218,133.7919928357018,73.30087753959907,81.1240171847945,132.9598866017839,177.69876873361991,202.77683960661588,204.69224499609658,183.663327041628,142.58892234067218,86.4884815602248,22.571298040932646,45.939352942157655,106.3954403850246,155.00820634171677,186.40384638778966,0,E_coli
1316.51,1291.1730248551714,1216.8575143730636,1098.518541644039,943.9882788238348,763.3742774114764,568.2909920505643,371.00213362149645,183.663327041628,24.567216592477067,124.85017395889007,227.32608137088528,291.7739697939325,317.6814731388949,307.8727927661637,267.9892396582644,206.196917775218,133.7919928357018,73.30087753959907,81.1240171847945,132.9598866017839,177.69876873361991,202.77683960661588,204.69224499609658,183.663327041628,142.58892234067218,86.4884815602248,22.571298040932646,45.939352942157655,106.3954403850246,155.00820634171677,186.40384638778966,0,Mammalian
1527.69,1449.140269835723,1227.6690400246769,902.9784305764557,532.6627010530873,185.458639690867,132.9894700842795,295.1243900512977,342.2044691643985,277.3463665630594,136.04346831171583,79.17926691733938,233.08080512598048,345.6297654491174,381.2716307711394,335.97419614895404,229.31340671665933,117.88423704574794,148.60819304478764,247.1599038809821,305.3896701149669,307.0850556649665,267.0884224695661,225.67244197958203,227.38572752904312,261.03155837768486,280.5082878204057,260.44845051237274,200.0918403526883,116.21121274458372,45.14997361208513,60.5395481838232,0,Yeast
1527.69,1449.140269835723,1227.6690400246769,902.9784305764557,532.6627010530873,185.458639690867,132.9894700842795,295.1243900512977,342.2044691643985,277.3463665630594,136.04346831171583,79.17926691733938,233.08080512598048,345.6297654491174,381.2716307711394,335.97419614895404,229.31340671665933,117.88423704574794,148.60819304478764,247.1599038809821,305.3896701149669,307.0850556649665,267.0884224695661,225.67244197958203,227.38572752904312,261.03155837768486,280.5082878204057,260.44845051237274,200.0918403526883,116.21121274458372,45.14997361208513,60.5395481838232,0,Mammalian
1527.69,1449.140269835723,1227.6690400246769,902.9784305764557,532.6627010530873,185.458639690867,132.9894700842795,295.1243900512977,342.2044691643985,277.3463665630594,136.04346831171583,79.17926691733938,233.08080512598048,345.6297654491174,381.2716307711394,335.97419614895404,229.31340671665933,117.88423704574794,148.60819304478764,247.1599038809821,305.3896701149669,307.0850556649665,267.0884224695661,225.67244197958203,227.38572752904312,261.03155837768486,280.5082878204057,260.44845051237274,200.0918403526883,116.21121274458372,45.14997361208513,60.5395481838232,0,E_coli
1391.46,1325.1493591564472,1137.8856735277304,862.2688094003412,545.1628736316322,238.43856830779637,28.368302845655126,180.4619419565387,245.394489426834,221.2663137140721,135.66544353498153,43.96974677127693,98.50721362219579,156.44170992601443,160.1270435446287,114.36870544795616,84.1897404675891,161.89444875653172,256.94393759087455,316.2561154993805,319.633429836693,264.8989863980112,167.67367699778342,78.27666299508282,124.56514985718702,202.85569170158712,238.21035463558522,219.53876976961863,154.87721784989537,68.0919330192235,52.00973612547895,111.94456119775644,0,E_coli
1391.46,1325.1493591564472,1137.8856735277304,862.2688094003412,545.1628736316322,238.43856830779637,28.368302845655126,180.4619419565387,245.394489426834,221.2663137140721,135.66544353498153,43.96974677127693,98.50721362219579,156.44170992601443,160.1270435446287,114.36870544795616,84.1897404675891,161.89444875653172,256.94393759087455,316.2561154993805,319.633429836693,264.8989863980112,167.67367699778342,78.27666299508282,124.56514985718702,202.85569170158712,238.21035463558522,219.53876976961863,154.87721784989537,68.0919330192235,52.00973612547895,111.94456119775644,0,Yeast
1391.46,1325.1493591564472,1137.8856735277304,862.2688094003412,545.1628736316322,238.43856830779637,28.368302845655126,180.4619419565387,245.394489426834,221.2663137140721,135.66544353498153,43.96974677127693,98.50721362219579,156.44170992601443,160.1270435446287,114.36870544795616,84.1897404675891,161.89444875653172,256.94393759087455,316.2561154993805,319.633429836693,264.8989863980112,167.67367699778342,78.27666299508282,124.56514985718702,202.85569170158712,238.21035463558522,219.53876976961863,154.87721784989537,68.0919330192235,52.00973612547895,111.94456119775644,0,Mammalian
1339.56,1314.7422414592722,1241.9014957055288,1125.7523157758505,973.7521972552887,795.5356985356822,602.1877674954164,405.41518161658126,216.6829754136878,46.385105479050964,96.88479136113021,206.90554849775697,280.20007865352136,316.1800642200183,317.05648588709175,287.52831141274737,234.28000000000003,165.33403126547583,89.31613699332911,14.697350246668885,50.92212269535951,101.4268909300627,132.64773445614648,142.63390504665287,131.71702458631222,102.36580785771483,58.84928940956729,6.742959032012162,47.674241297126805,98.07490130916314,138.72887282510794,165.07989878104885,0,E_coli
1339.56,1314.7422414592722,1241.9014957055288,1125.7523157758505,973.7521972552887,795.5356985356822,602.1877674954164,405.41518161658126,216.6829754136878,46.385105479050964,96.88479136113021,206.90554849775697,280.20007865352136,316.1800642200183,317.05648588709175,287.52831141274737,234.28000000000003,165.33403126547583,89.31613699332911,14.697350246668885,50.92212269535951,101.4268909300627,132.64773445614648,142.63390504665287,131.71702458631222,102.36580785771483,58.84928940956729,6.742959032012162,47.674241297126805,98.07490130916314,138.72887282510794,165.07989878104885,0,Mammalian
1339.56,1314.7422414592722,1241.9014957055288,1125.7523157758505,973.7521972552887,795.5356985356822,602.1877674954164,405.41518161658126,216.6829754136878,46.385105479050964,96.88479136113021,206.90554849775697,280.20007865352136,316.1800642200183,317.05648588709175,287.52831141274737,234.28000000000003,165.33403126547583,89.31613699332911,14.697350246668885,50.92212269535951,101.4268909300627,132.64773445614648,142.63390504665287,131.71702458631222,102.36580785771483,58.84928940956729,6.742959032012162,47.674241297126805,98.07490130916314,138.72887282510794,165.07989878104885,0,Yeast
2664.8599999999997,2330.342489261651,1468.1373331585953,439.3489504828561,428.2775982744939,789.08010654152,689.7138000490871,319.8058663933583,84.56145086895764,262.8780303726349,239.07246220349722,116.46568059253647,79.77284893216203,66.78264286737564,117.79541289070494,227.0750326517893,249.34438233094397,153.51101046886285,45.2477605103887,144.40004283466268,167.40701884292235,131.42352976771068,163.43937602904492,197.12991476438808,138.1975102052742,11.117137533548224,131.93016622063138,190.022375070222,150.85924509821433,65.40342977069135,79.42565138989104,122.05599413433586,0,Mammalian
1134.15,1093.2587357295868,976.0098192027668,797.8273992451602,581.7317313403795,354.8147760392033,144.43273383258193,34.51723780151672,147.90017054758854,204.29418151003017,203.17460646938247,156.41053080532626,85.818523300191,57.90557719058306,119.5662851386259,177.6789253053325,209.3393305138812,211.85547983101284,191.23495020242376,160.2702187430392,135.9088926558417,129.83215187631043,136.48263692195997,142.85798415056317,143.470656762957,141.3017046125405,142.21665338791075,147.97006442023203,154.26273142714066,155.67724978990728,150.64562423328823,142.89081569684785,0,Mammalian
3804.0699999999997,2767.7359059962782,675.4420939424949,655.4099611431426,468.8911012279859,315.8332312389565,430.2916035857692,71.65771403937752,413.73639509741884,226.93303935083804,86.654487053021,49.0849332900774,176.7531576601425,171.1506572072215,66.61025529380122,161.41776825781008,111.61077770538111,262.04476204904597,194.57904118194955,30.084570668505368,21.041169113212916,101.23316257154013,158.84603480965274,171.15078561357885,163.0504890265358,68.27477846483235,150.8917074770545,136.83124366821673,265.2171601701607,277.4614370145137,110.52409126548143,87.26202256318184,0,Mammalian
2979.43,2485.598142095755,1296.6174897419526,106.40714497277555,556.8106297560446,466.0562223589534,56.92165807231011,415.95556293428865,405.3030519623847,123.28113242182927,300.9808198263241,371.2038972020782,187.29057895594553,119.05645646053975,206.1977245805374,125.51275137753515,51.376485866590784,48.246208727331286,79.88830540836368,228.5984252296639,252.21354347188893,118.66391336516975,70.64506698311355,154.59376702585948,91.46035135498074,51.27274190327586,132.7124311080838,137.4506257744474,140.17542764114347,113.02266239971564,86.9528930592409,235.6343741147717,0,Mammalian
1002.04,977.0935489468503,904.371125909018,790.0128130681851,643.5742049558161,477.096443820722,304.00077515375216,138.3650588560569,30.62224921142489,136.80633773916006,222.04239058552167,270.8061670567761,283.47418926722315,264.2467789428134,220.13157898707567,159.96338699915555,93.32599209223547,29.613740254358753,24.89580414356576,62.00875495590443,80.37584746352675,79.80736900011841,63.417503339257834,39.01712856221011,31.664065645987233,56.82826854544667,84.68134038261516,103.2493874102092,108.16570380346865,98.14580758032032,74.39145811825807,40.26443876921451,0,Mammalian
2434.74,2142.5417730130866,1396.3145748999013,534.1439459941545,298.98487673558844,519.9461568580415,396.5664087539713,130.83637976347092,239.88520742065737,287.2089133353326,137.90301278508795,89.67366185329504,215.37743994967428,167.4147189319259,42.46246306624456,232.0726991632915,330.92361324027644,282.61204311549847,143.26303318484037,48.4339663680754,59.83871852839434,60.180484020598065,148.186038007493,208.14566479856876,191.89775105703612,160.2888299342364,194.3038919427484,212.42074850828556,159.26849785506548,85.54082014306844,108.5796072172481,147.1176741813681,0,Mammalian
1028.1599999999999,1003.0768643520935,929.9430261227891,814.8978250863946,667.5076463476712,499.85985331814004,325.5232310285464,159.13790484260056,40.29466532501648,126.21718495466749,211.72906009926695,261.6398914233644,275.29745224963915,256.6391885998302,212.68853798885456,152.7908458874411,88.9625044611492,46.43623170392995,67.04857092055097,101.9470522059756,122.69792305935925,125.11693080060441,110.3403005526281,82.17421898438927,46.02312403938822,7.955721767158552,26.206028614472405,51.687261859730974,65.42710240542166,66.51915014501054,56.559692535362665,40.56049912916201,0,Mammalian
4962.45,2804.775319721286,454.31419106192374,773.9791601145596,485.82835303359843,322.6455355533948,451.4672863292195,120.64698650311813,369.19020052996024,14.950933505218407,270.07387116988707,147.71468570549646,298.19615447487035,182.19336037936614,74.12537792295053,197.5166430580813,20.05996261212876,246.0037833052387,114.64778601640651,43.95542370400075,176.63913400277184,155.40730693326523,165.2410218992784,37.01781650206318,201.38699568901603,44.460958089259194,171.64667168948637,139.54620802740328,97.24312615198757,145.21376433454535,79.75399911297019,157.55961985014042,0,Mammalian
4843.3,2727.137152862229,454.63296131183534,732.0939812882481,561.5784173999999,369.1729781802035,439.780749520886,168.63638792010184,280.93820734099006,123.71034126304768,329.5141280246014,66.82256161419423,170.2814319072381,203.23711794314005,112.12876640066808,192.94454377455315,18.35769593385848,244.62610086921262,127.63891248633146,77.31228495476688,257.00318339422637,175.2070787222304,116.27280015811334,81.53708600785366,187.400433446753,89.9814668127978,151.71747818864824,70.76524869912926,90.08537496933612,154.98993384531704,147.3437938703396,192.47337552370954,0,Mammalian
2769.1,2419.957288898368,1524.9573277923214,464.3039907908084,350.2528285524299,655.7577101547042,468.2436188318931,81.40186158128475,405.8948934859099,549.8797379449119,408.9402478746088,119.63075422928446,136.59333874961735,224.5609683744537,164.83893616410208,114.40488112252856,160.10552332758547,186.7892610512995,234.30445170478785,283.48218198046345,252.23375241378392,131.85893834039888,43.0092118936843,111.8394247750268,90.19501450779796,24.9154531210635,107.83812906056684,129.98508473684976,79.98251086029046,100.02833260266162,170.96365389337956,188.56610767866158,0,Mammalian
1394.4299999999998,1311.4838895573007,1079.0110934898826,742.291210333226,365.0481716503712,17.79520213925684,252.41162607418704,401.84337799875175,428.7495429355005,354.83677884494733,221.1155686522951,76.57734175965211,44.147298658396025,100.58981500853722,99.8284425801877,74.54660695417621,104.42529626484186,165.21171040709308,200.00325298614868,188.91948035277724,135.54056655989305,74.04329644520153,96.23838415305022,156.03307761165095,185.41553449643717,170.99099330368603,119.02423956601537,50.13213704824911,41.93273199435856,89.83778706838653,115.19900132483485,119.18157885349765,0,Mammalian
1216.31,1186.9583464748303,1101.3202757610557,966.411880797748,793.1695462926034,595.3985143239352,388.4605681193831,187.8481972758741,9.374564186303946,140.6309908848004,248.4916640989868,312.1688302641181,331.8527484846183,311.72678909724675,259.3377824124089,184.84492578157665,101.2022751720533,42.44015934708734,89.01756727018793,149.37896151464855,192.06965220319734,212.87954450948223,212.2734751867085,193.53419737945822,161.91527829799412,123.91593614754684,86.88245106499467,59.43993558366013,50.04515221011187,55.13369576324452,62.721747799969336,67.56695359022122,0,Mammalian
2575.81,2253.0343705171163,1428.8293003040212,471.5272635782608,335.45469429282133,584.6184460698388,405.2018807541596,58.154532747583254,328.57187699050337,392.4976020650546,197.84310953113783,144.32762517748483,356.5121191404041,371.26028890553425,207.04671045914182,96.32245681351465,199.19709661538732,173.25149289973686,36.32651396048516,126.01757701240929,178.2395910082563,101.31151754432354,69.3418390186678,206.29171791933487,260.76619077429785,235.50870995485766,216.84080672573964,245.30270490344816,250.8239525646179,202.31033996167344,124.45355924452163,52.901760419344534,0,Mammalian
2633.85,2310.917918255451,1486.0208429895092,523.9971841433561,280.85430843753835,526.5848222323555,347.17781970728817,70.10195815379988,381.6071735556691,444.90418847238504,245.10418798331585,86.99522909808331,300.0894738161537,315.2767534791263,149.2092721792836,108.78676240977593,237.31740623055856,213.42093291587577,70.73592014912415,85.67384990859782,139.0143960670469,62.76732341967409,96.14434356765024,233.00970943282914,279.6530738090562,235.9390839834786,184.43105509934713,193.43968307446258,195.4074983794897,148.56127741291533,81.72023585596313,54.44938711919507,0,Mammalian
2561.79,2239.05337737899,1415.0246124463447,459.0538766101328,348.8104297660389,598.6370912498916,419.21869230045917,63.41990090158684,316.0246852314836,380.08394690144826,187.3375861254463,158.25407315235896,370.2164268927396,384.8749046922886,221.03370483279596,98.33994301928733,191.49472708145245,165.14959575434779,37.94746022718192,137.67248852704566,189.17097962785743,113.14585262110396,68.89961414332221,201.82004938191915,257.960751519183,237.540779462012,226.21163072076024,258.22513604497277,264.3790986667457,215.6276735006188,136.4815383464226,61.390106735015905,0,Mammalian
1551.7199999999998,1492.9092440546078,1324.1792607174316,1067.4520879381637,755.525593987635,427.2253430668139,123.58436134881232,136.99268854145174,308.39211555927943,393.3665235265584,393.6332305957548,324.2473096140046,209.08992018895867,77.00242569109206,53.00839523831847,144.0920098421754,191.8942385794842,190.60935994862615,145.27099850279583,69.28361519668259,34.05723286515018,119.51893887673266,192.3908690857348,238.55980334028968,253.9550233030883,240.86258574533326,206.38499497650108,160.22643964916801,112.20640888369542,70.05592121565508,37.970594620519044,16.180432248424918,0,Mammalian
1820.0,1722.9161156816108,1450.4109072983624,1054.4126002132573,608.169915536932,189.77949221478787,134.93026538480606,325.8122883132904,375.75188851879165,310.36789499133766,185.69147058339377,118.64556155267461,185.4927194934864,233.18561723314954,212.57471807226776,131.08998957139363,18.635433990116724,90.19097122165832,158.90552243214472,168.571207154971,116.88495319041368,20.362180549406833,100.73423257613099,208.963774211192,282.5543096018208,307.9611781130739,285.5573812988994,227.64251566536413,153.21654404269336,81.46593298869769,26.889733650221633,13.173385489545492,0,Mammalian
2631.91,2308.0893010402156,1480.4936983228502,513.1930044150204,286.3418739912268,541.1367171002848,366.4555653565855,47.82145643466229,353.90551435538833,416.355774300135,218.69726430012278,116.66910931851227,326.91418997047595,338.79456004956637,172.2617679193135,113.79237740564507,236.3105323509724,213.77520073936267,71.1190263140831,81.24088513551008,136.38060091674956,62.3715343009018,92.6447247270891,225.520566354993,268.1227724547994,222.59249876209122,179.0120752398798,202.43497502962643,212.01703443055294,167.4032545857314,95.12219163349704,41.08247486882815,0,Mammalian
1937.15,1818.2351675903499,1488.2055142432237,1020.0892105229887,513.9773394517417,73.24287283328151,234.87305593283372,364.19881924498407,333.1222847137938,201.1686440544956,118.77682865437238,218.3050048637134,287.8962419364189,267.5831569442227,168.05496490023316,29.987314815617754,103.73400069408298,183.93318446869168,192.2117354550677,131.98032946308942,35.46945260634118,96.8876257341654,187.14848141406912,234.09059562508148,234.35620330399206,204.07813861903796,171.08418611443852,156.05564281668154,152.49830537026475,143.3930455810763,124.55360548512752,104.20398068194208,0,Mammalian
2068.3199999999997,1920.4525992957106,1515.874958247097,959.581630212569,391.0597433761932,85.68994183309499,325.91438318015776,362.2007546480638,233.91722348210794,97.2728336709734,228.7693238182865,330.21449560130145,315.82371142589244,201.11226497825493,40.606728973136285,102.63255109021038,176.50422884452377,165.25123142293387,88.16514539821188,27.099100674221265,97.00726909137492,119.11985836605766,94.09032188377694,109.6869817244273,196.02681897745916,271.7365528185757,298.66365350581924,270.2108250810857,201.65748524454568,119.77406328010125,52.5530548756234,30.405817698550162,0,Mammalian
2306.51,2091.8153507480192,1522.2970099963434,792.5096024420482,168.6946470431073,315.36709021610915,398.7911450577324,231.44485577970394,79.25912729182696,293.8386756927755,369.6881521099592,282.6097424546101,122.95291564870494,134.74457197108904,193.10265175573443,139.8467560405963,10.42752607285164,129.12577951888844,190.51723630641789,149.1680237667612,39.29292625762144,109.93425425452438,189.16310832539673,190.0748228120906,154.77805833172218,187.43741268414155,257.8733384393439,282.6765462358603,243.37993618742902,164.10463195643408,88.24243024276136,60.6170963377933,0,Mammalian
2617.8900000000003,2295.000152170715,1470.2875255305971,509.448429955388,295.73790939919263,542.5429329151626,363.1329289432108,61.816842789253315,366.8723674474325,430.34918343992,231.62022997392233,102.68142624962886,315.5462515389919,330.60056601870895,165.0993996922683,102.27393278147713,225.9916425445861,201.50868802196712,57.61032465413414,94.957255801905,148.57788265234385,70.76164191781072,85.74652923644094,224.4869391963668,273.36338636239515,234.39253583051496,192.14422081309934,207.37504985323602,210.50516114915698,163.04834269337348,91.81140179517301,47.40731438347556,0,Mammalian
2737.01,2365.653977793015,1431.9828911945517,390.6154511145829,414.81110982531885,589.8592326215595,310.26464621179764,159.82461446666974,425.9423582948476,384.3120403771944,112.50522535985561,221.37791915594306,353.25922261375956,262.3116802276472,48.380045555346776,128.80663250716572,162.48103920150197,83.03873320152218,93.40758136655555,120.94280608896923,48.805427242211806,76.0636784677643,150.33653414132894,146.36866573854982,170.61947840215575,266.61037326565514,311.17983285821947,258.44687464206504,143.11816752430397,45.282558485976665,63.700480091638404,77.03317257700417,0,Mammalian
2616.95,2294.094062716835,1469.4923668198048,508.95640546828946,296.59419096390786,543.0775074584138,363.4725834183302,62.57603587893896,367.24174025818303,430.90109331512457,232.39906027305153,102.3030435567212,314.7403739030606,329.7062411950677,164.20266471742758,102.76558915943642,226.64323704889145,202.05652189793358,58.06528937815842,94.8662405187787,148.67387206108032,71.09507233216145,85.26933841015016,223.78729317130683,272.490105530717,233.46088717997577,191.5866431243613,207.47002128551168,210.93060822979697,163.55732411106254,92.14774505269145,46.95808402435678,0,Mammalian
2643.87,2320.604605109844,1494.5756915424497,529.1813707275796,269.7736052339052,519.5838553336588,342.2138506657495,60.88015392787082,377.3453211836139,437.6731025595521,233.2374454328008,89.1132566627159,312.79081187631544,331.1519252831961,164.35760959488968,79.6614059628334,208.017950427361,182.75213356949317,41.155067743758856,119.34475086857002,173.6093536179002,96.56994139487743,59.81662872914288,198.85284735370064,249.7174907387053,217.50675155947582,192.65570512345417,222.87376212700892,230.82319004214332,183.58593361062756,107.83415548440355,44.081591534963245,0,Mammalian
2670.94,2347.2920815921143,1519.9424008077792,550.2945494137579,242.72353297133105,495.978724078407,321.20416999034,70.87105085611333,389.8034362939471,446.78614237535913,237.94765276233403,81.64406104927752,312.20213235640693,333.88296221281206,167.91320973296573,59.12174150535307,191.25766128445682,165.30156511638546,37.89995968829581,145.3437063701458,199.9486283539941,123.53763274848396,32.88307303223124,172.25356561385755,225.62632615329002,201.9763080152278,196.86889281111897,240.94989283366735,253.09788840166976,206.29486907319455,128.05213764899153,55.33730974309852,0,Mammalian
2601.83,2279.176554420973,1455.3025910432875,497.53731465751474,311.78951460061757,556.8682948242468,376.37996639050914,67.58350247238373,361.18194733797026,426.55092114763386,232.07406190177488,113.25765995744435,318.2999543579257,331.2798663657051,167.58295540872214,116.95414957091937,237.84356308296427,213.86047339966558,70.70194038015279,80.38233054374817,133.2859224591265,54.888866533635735,101.7883388085944,240.37026187717944,288.181618978643,245.62585430024853,193.57917435075777,198.89053181630743,198.60645134303516,151.19248445881166,84.42189537204713,55.77368346998876,0,Mammalian
2632.91,2309.980389564007,1485.0940598955608,523.1380217012072,281.7276455601278,527.5247077886642,348.11751922825727,69.53986813214392,380.73659665224017,444.04426294704064,244.30174971096255,87.91637146703403,300.9983797568607,316.1775392771109,150.1447461030261,108.348883643879,236.63554107529998,212.70463524657035,69.93019428750397,86.16642552887734,139.54523854992536,63.154487652378286,95.48940023329264,232.48603692042693,279.2612765309029,235.81834376480055,184.85607234163308,194.25180245702242,196.29292781181917,149.40620701900104,82.2630856674339,53.92931491888709,0,Mammalian
2617.8900000000003,2295.000152170715,1470.2875255305971,509.448429955388,295.73790939919263,542.5429329151626,363.1329289432108,61.816842789253315,366.8723674474325,430.34918343992,231.62022997392233,102.68142624962886,315.5462515389919,330.60056601870895,165.0993996922683,102.27393278147713,225.9916425445861,201.50868802196712,57.61032465413414,94.957255801905,148.57788265234385,70.76164191781072,85.74652923644094,224.4869391963668,273.36338636239515,234.39253583051496,192.14422081309934,207.37504985323602,210.50516114915698,163.04834269337348,91.81140179517301,47.40731438347556,0,Mammalian
2591.81,2268.9904429880394,1444.5886474193119,485.8652787303331,320.2821494300207,568.6200738513037,389.20580013312485,55.96187468270573,343.030465288643,406.7919529354645,210.33358892325953,128.45925841585355,340.903765812372,355.76140021097353,191.09028790607363,96.4890830833805,208.7918659814121,183.37200134712782,40.77423962025625,113.37299130929233,166.3314573614552,88.58868515999876,73.20094385529754,212.41295624343044,264.8397713408187,234.1957429082227,206.7901068395634,230.7119372109109,235.42099206197332,187.23763160618785,111.29799209319803,46.60210570424379,0,Mammalian
2603.87,2281.0177393620615,1456.4707236853528,496.7396510418696,308.9010389206932,556.5613626467475,377.14897413392737,57.28466639257519,354.01629075945044,417.6481001426571,220.04881940045004,116.52227416506065,329.1638274591458,344.1094320061108,179.068274518149,98.35020504826312,216.5249327444763,191.531034911242,47.53336121006981,104.45210199215438,157.83463417142138,79.78249899023753,78.17550937924017,217.6913459928143,268.50020647463253,233.925644374186,199.72792695001138,219.84378989211535,223.86637153028508,175.9848254223566,101.92120584241083,45.140660235807545,0,Mammalian
2617.8900000000003,2295.000152170715,1470.2875255305971,509.448429955388,295.73790939919263,542.5429329151626,363.1329289432108,61.816842789253315,366.8723674474325,430.34918343992,231.62022997392233,102.68142624962886,315.5462515389919,330.60056601870895,165.0993996922683,102.27393278147713,225.9916425445861,201.50868802196712,57.61032465413414,94.957255801905,148.57788265234385,70.76164191781072,85.74652923644094,224.4869391963668,273.36338636239515,234.39253583051496,192.14422081309934,207.37504985323602,210.50516114915698,163.04834269337348,91.81140179517301,47.40731438347556,0,Mammalian
2631.91,2308.0893010402156,1480.4936983228502,513.1930044150204,286.3418739912268,541.1367171002848,366.4555653565855,47.82145643466229,353.90551435538833,416.355774300135,218.69726430012278,116.66910931851227,326.91418997047595,338.79456004956637,172.2617679193135,113.79237740564507,236.3105323509724,213.77520073936267,71.1190263140831,81.24088513551008,136.38060091674956,62.3715343009018,92.6447247270891,225.520566354993,268.1227724547994,222.59249876209122,179.0120752398798,202.43497502962643,212.01703443055294,167.4032545857314,95.12219163349704,41.08247486882815,0,Mammalian
2740.25,2404.8644426066453,1546.9416433516656,546.2407630202706,326.09532417046506,595.407090429266,429.32358010381523,122.69037244389695,366.4623960034262,449.2921208360317,265.0803545360995,58.49146758810706,282.74767116350444,319.62517385514843,183.6175001010475,119.22311559726327,217.60820503832107,196.39884090317986,91.28626581513157,137.1125713423843,185.81965653131687,126.19093852418888,70.8562202761886,161.49299186478763,192.42428566952793,151.7231318151753,143.39423128203484,194.90171940414228,211.69106748362702,177.66354601402608,127.30248655734646,94.59274044412545,0,Mammalian
2551.82,2248.4875823745606,1474.9195915328287,587.967317650761,320.82718618674056,518.5849537844794,375.2367942118506,197.32905822538734,408.69859500858524,479.2946556622992,321.64149851983757,82.02394891235106,157.24238469977925,180.41085132626253,90.53980239234978,160.59251543613686,235.1021267449531,191.67273470897644,121.84699180163321,178.73050215021263,201.52234655645162,133.43303208750666,109.90716220984987,180.714744644224,179.51872559153387,90.00647626947897,44.33664120194132,124.96923189518141,134.99813960127946,85.28329341280535,21.433588726917232,22.85635794219004,2,Mammalian
1303.52,1254.054227218878,1112.468939664494,898.0959005372085,639.6749367151444,370.83839435174195,125.80804544769023,78.8814463350013,205.4893828221894,260.73548829240116,248.16079381892803,183.3678318504548,89.26116604270733,24.947386960555995,101.2145203824739,153.01869685620719,165.60441056928403,140.50780606546914,88.67183030618415,37.87521627287282,63.42529179765596,105.0660881328244,121.22967272732882,105.74493127972032,62.54058480183633,20.15719602150656,75.37983502465612,133.31525652266336,170.53940053710332,180.02051845525415,163.29244896664736,133.0325720908671,2,Mammalian
1656.8400000000001,1552.8906427777831,1265.0419293000982,858.7166428524094,423.024652080252,49.159699265500585,205.3397604095722,302.6738540055653,260.86962130487575,127.51092124910804,34.73785356700369,162.1164284737897,218.04844203527628,192.79327730489882,106.74871881953361,23.344780183599106,99.83743285962437,141.1617898945528,125.96888436160754,74.89173124211264,66.35254013177867,112.49233185462587,129.91821510691776,100.95560153143168,53.254989252188686,92.20368869769082,159.1110621491496,191.9893572077474,177.7266358102554,124.52321082384479,55.70973995150048,11.507793473646103,2,Mammalian
2026.1999999999998,1830.035468207608,1310.5527845547535,646.5771860946838,76.98508653159452,321.54574397961454,391.448372707286,233.45030984310492,32.16646902655431,213.34069646789325,261.26637382358217,162.1506595126773,15.21334189504159,160.24913379115276,208.14454153214777,143.41800612132545,15.186902251611356,102.57390775346369,144.75125638613204,102.93962011372524,66.88127652702751,131.8205309333014,156.55030302873686,114.63450796817514,94.70542682636369,159.07346411324164,186.412002517734,136.74135597786054,40.468198999001125,87.39681925209678,146.32141009990008,147.1576522227466,2,Mammalian
2436.62,2097.3293723534803,1245.0293925579265,283.6241169218153,390.22471373055953,554.4857105909887,310.26111974325937,114.76116980227899,314.62554380592945,263.52634196453937,38.75457914270735,196.16213627815193,247.0796359396803,116.17068955753182,78.61871920800913,188.51758874592565,146.42051359013877,4.365236591189243,118.99082264459405,137.58210143976373,87.9054861615202,132.24983626325468,161.47699181597432,112.9837641171087,117.02541597799653,165.62967601503192,125.0151125132886,34.76453686641242,135.16062370574028,179.3917240134072,130.00699562631198,45.406388369219606,2,Mammalian
1154.24,1113.5066433061393,996.1160784921451,815.990835659142,594.9479067962727,362.6152351807249,173.23859633746815,181.61820569148063,301.6692658483014,385.03006387900064,408.7192646348296,374.0903757893419,292.7287846069668,184.07825137821493,86.31658947352715,109.47467132458179,189.90545015875662,245.78064047309246,263.75426077732317,243.92066426910046,194.07942651259282,129.89686358515945,85.08431114551661,105.36630554714759,152.1011861970407,186.27481835211933,197.93094810158684,187.25122104174602,159.6302749036178,123.38970512373889,87.74607517595733,61.185832523849655,2,Mammalian
5068.539999999999,2769.1374359544448,647.5823220754687,836.1439081153378,576.93762074355,411.3935706774054,513.5153117775357,174.75583924284297,520.6360982367618,128.12573131319482,356.6333924576515,128.9030886337352,357.1252215354591,162.17808034897828,55.11221001333464,251.90697114481435,59.37240604860148,319.89362289556385,179.33095751029396,93.35276929498511,159.2084499855358,296.7648168901564,59.06241982283066,141.8596494217156,104.30447743410224,37.22269781138845,136.20058059892915,102.70973287570803,136.6676207710664,178.39916168405352,105.31093620600134,74.47642379076825,2,Mammalian
2673.96,2337.585943818727,1485.0952716069773,503.7540331517872,260.60897262186484,496.32324666366554,328.8896352313034,112.23488769123571,301.7981528958539,315.0426301380808,167.26429180377542,139.31919321407076,201.01926563757195,161.16727435800217,117.34299315137407,120.24213326072119,91.43569981139753,156.945169184067,241.37744706872013,219.5243811696945,88.36012707543371,74.94051772993382,172.6945309997916,175.34682464167236,154.02104956352827,177.1633615657291,167.17561699381955,85.45920539249097,35.09018915196382,114.34512028186504,134.33456452365948,109.55244792251463,2,Mammalian
2726.0,2436.4594807426015,1681.6425329730507,752.2564174499593,129.7193561727183,461.7092097086998,446.25201681714543,163.0583077534836,157.99472974522655,315.97887566473696,241.99131402630562,9.257765005382401,230.07799123329244,331.2481482150705,245.10496796469977,42.3469185802297,197.37569505894072,309.9938054300088,276.23361537507736,151.73772994753713,109.81066580678072,162.91828631562487,152.51033722263162,103.73455416746421,82.07451841304231,73.99785661504825,107.46630340043501,181.2493824544883,210.43639670755618,156.93998144373603,64.28884046206551,114.44265428989998,2,Mammalian
3203.51,2699.2444956552163,1500.3864324273407,319.11236001278763,317.3713289887264,277.29637045668477,189.01130787391156,304.37609949798923,144.531477824162,180.19708709578555,266.86785141645015,69.13699922758911,231.01323930840954,355.07106621403926,199.66348828570133,92.47997096160735,259.2593344510473,217.00993024241583,176.78928521272033,248.58679597727343,194.68723443256627,64.71386487738353,100.53571354807178,111.12773335116287,99.68396319350353,98.28256176471002,143.77082581384133,223.54965904659045,209.72967350655,86.68501670356922,52.29697495902592,83.51730170217276,2,Mammalian
4007.4399999999996,2704.2558869574223,235.62785233423847,953.5608314481617,381.8303916874533,417.1375825323967,267.23032654868877,233.1109878715448,143.27098662990895,308.83705683522624,339.25281176531075,72.82949208397535,253.70739199765035,127.91398495803307,171.32942355763333,58.11221271847587,232.8049075943201,104.07744212232909,95.93533994230866,129.18729592715798,226.7487211072686,138.49270571487796,127.90589402671816,128.63973606650998,93.79510003242403,69.77219696811491,123.46391812571375,195.6381724083639,140.81926539282412,87.0419724249081,116.73022853657866,229.54102333572726,2,Mammalian
1738.92,1631.236374923159,1330.6615201489708,899.4908171113427,427.20380677226893,96.84414507733742,341.70888361396334,487.02588818705965,471.19806243601886,326.4162377247552,112.80441310149638,104.37733132994896,260.96002626016485,324.89133603478905,291.05962145052763,183.90714930498214,56.30497313737041,96.71926087543939,164.5494204096905,164.01158415363682,98.04868907120598,8.832158523822423,116.94931788876497,193.73405041696634,217.2200947346761,191.16343623649595,157.31371591591252,179.63027982631527,234.7874177740238,260.9668055103592,231.97068882284745,155.4598207876427,1,Mammalian
1738.92,1631.236374923159,1330.6615201489708,899.4908171113427,427.20380677226893,96.84414507733742,341.70888361396334,487.02588818705965,471.19806243601886,326.4162377247552,112.80441310149638,104.37733132994896,260.96002626016485,324.89133603478905,291.05962145052763,183.90714930498214,56.30497313737041,96.71926087543939,164.5494204096905,164.01158415363682,98.04868907120598,8.832158523822423,116.94931788876497,193.73405041696634,217.2200947346761,191.16343623649595,157.31371591591252,179.63027982631527,234.7874177740238,260.9668055103592,231.97068882284745,155.4598207876427,1,Yeast
1738.92,1631.236374923159,1330.6615201489708,899.4908171113427,427.20380677226893,96.84414507733742,341.70888361396334,487.02588818705965,471.19806243601886,326.4162377247552,112.80441310149638,104.37733132994896,260.96002626016485,324.89133603478905,291.05962145052763,183.90714930498214,56.30497313737041,96.71926087543939,164.5494204096905,164.01158415363682,98.04868907120598,8.832158523822423,116.94931788876497,193.73405041696634,217.2200947346761,191.16343623649595,157.31371591591252,179.63027982631527,234.7874177740238,260.9668055103592,231.97068882284745,155.4598207876427,0,E_coli
1315.47,1281.6514678667158,1183.1750153661264,1028.6759145672472,831.5733548066873,608.7303720545057,378.8308610316281,161.0604158406933,41.904887721600126,184.66230876660927,284.8394557115197,332.7089395896219,329.91967081949565,283.19963097549,203.20896586121182,103.50785283985418,21.27554699649344,108.2835755564901,190.32729857979223,247.65458808687382,276.33891596345484,277.29211484535915,255.98534260488455,222.14509296927406,188.8892145810345,168.9024252874973,165.17967616674588,167.40375984750665,162.46850250448398,142.72030511859086,106.58447154821206,57.044701350431154,1,Mammalian
1315.47,1281.6514678667158,1183.1750153661264,1028.6759145672472,831.5733548066873,608.7303720545057,378.8308610316281,161.0604158406933,41.904887721600126,184.66230876660927,284.8394557115197,332.7089395896219,329.91967081949565,283.19963097549,203.20896586121182,103.50785283985418,21.27554699649344,108.2835755564901,190.32729857979223,247.65458808687382,276.33891596345484,277.29211484535915,255.98534260488455,222.14509296927406,188.8892145810345,168.9024252874973,165.17967616674588,167.40375984750665,162.46850250448398,142.72030511859086,106.58447154821206,57.044701350431154,1,Yeast
1315.47,1281.6514678667158,1183.1750153661264,1028.6759145672472,831.5733548066873,608.7303720545057,378.8308610316281,161.0604158406933,41.904887721600126,184.66230876660927,284.8394557115197,332.7089395896219,329.91967081949565,283.19963097549,203.20896586121182,103.50785283985418,21.27554699649344,108.2835755564901,190.32729857979223,247.65458808687382,276.33891596345484,277.29211484535915,255.98534260488455,222.14509296927406,188.8892145810345,168.9024252874973,165.17967616674588,167.40375984750665,162.46850250448398,142.72030511859086,106.58447154821206,57.044701350431154,0,E_coli
1768.96,1671.7399846999301,1400.2658658573805,1010.5422208078332,582.7923199323881,218.22435735892674,178.1918286261786,293.01950612890164,286.6723609406764,170.38398445134627,32.265104226922595,189.55426315023058,312.77966919269255,352.48529869297323,304.17597559394045,190.861769395773,72.10874149505034,123.71126975664255,208.24691886481997,243.01256063647185,238.13150552308088,230.94990726582273,248.7110122263674,271.66272700025775,265.56990694108873,217.1962132022661,141.76256207576182,96.80660994697396,131.11306740689767,164.16546752011985,152.55462897139662,96.36682350202764,1,Mammalian
1768.96,1671.7399846999301,1400.2658658573805,1010.5422208078332,582.7923199323881,218.22435735892674,178.1918286261786,293.01950612890164,286.6723609406764,170.38398445134627,32.265104226922595,189.55426315023058,312.77966919269255,352.48529869297323,304.17597559394045,190.861769395773,72.10874149505034,123.71126975664255,208.24691886481997,243.01256063647185,238.13150552308088,230.94990726582273,248.7110122263674,271.66272700025775,265.56990694108873,217.1962132022661,141.76256207576182,96.80660994697396,131.11306740689767,164.16546752011985,152.55462897139662,96.36682350202764,1,Yeast
1768.96,1671.7399846999301,1400.2658658573805,1010.5422208078332,582.7923199323881,218.22435735892674,178.1918286261786,293.01950612890164,286.6723609406764,170.38398445134627,32.265104226922595,189.55426315023058,312.77966919269255,352.48529869297323,304.17597559394045,190.861769395773,72.10874149505034,123.71126975664255,208.24691886481997,243.01256063647185,238.13150552308088,230.94990726582273,248.7110122263674,271.66272700025775,265.56990694108873,217.1962132022661,141.76256207576182,96.80660994697396,131.11306740689767,164.16546752011985,152.55462897139662,96.36682350202764,0,E_coli
3802.1499999999996,2822.8567795812846,764.4086086548291,694.2238178508508,667.9504343745185,167.09420027227057,556.6777433035895,193.32433193153065,361.45146399305133,363.68966988082326,43.99028258232684,265.8897657949681,64.99686520640934,262.58658148785867,222.8884348262031,72.57082018353276,207.25077394306626,40.07558917139048,167.33421104565397,128.31107663358364,283.1760163455503,321.57390651612286,66.98222606993559,252.34126590499272,188.7703254679609,182.12807464522527,347.580337204466,195.12521576377898,92.06935265818099,119.2562703795483,42.78780874428914,138.77763392022746,1,Mammalian
3802.1499999999996,2822.8567795812846,764.4086086548291,694.2238178508508,667.9504343745185,167.09420027227057,556.6777433035895,193.32433193153065,361.45146399305133,363.68966988082326,43.99028258232684,265.8897657949681,64.99686520640934,262.58658148785867,222.8884348262031,72.57082018353276,207.25077394306626,40.07558917139048,167.33421104565397,128.31107663358364,283.1760163455503,321.57390651612286,66.98222606993559,252.34126590499272,188.7703254679609,182.12807464522527,347.580337204466,195.12521576377898,92.06935265818099,119.2562703795483,42.78780874428914,138.77763392022746,0,E_coli
3802.1499999999996,2822.8567795812846,764.4086086548291,694.2238178508508,667.9504343745185,167.09420027227057,556.6777433035895,193.32433193153065,361.45146399305133,363.68966988082326,43.99028258232684,265.8897657949681,64.99686520640934,262.58658148785867,222.8884348262031,72.57082018353276,207.25077394306626,40.07558917139048,167.33421104565397,128.31107663358364,283.1760163455503,321.57390651612286,66.98222606993559,252.34126590499272,188.7703254679609,182.12807464522527,347.580337204466,195.12521576377898,92.06935265818099,119.2562703795483,42.78780874428914,138.77763392022746,1,Yeast
4197.59,2886.8021098648264,376.8599640147057,940.7550225735991,377.97286675647786,521.7015138461645,418.5432529231037,279.0301744209351,432.77281797368937,87.52237499151617,282.6465621854093,31.01213383785465,184.22047355422438,54.62124850094416,256.52474824661607,99.67260707136727,192.23786645715768,146.85108677016456,132.06721521131234,184.55542067497683,250.61424049951208,322.8015469577377,61.46846111647525,262.4315588261715,136.40844190559406,242.80828037095702,286.6698253016596,170.44192425231566,141.68474292668176,43.86284373393688,104.48315076115698,89.51501240538866,1,Yeast
4197.59,2886.8021098648264,376.8599640147057,940.7550225735991,377.97286675647786,521.7015138461645,418.5432529231037,279.0301744209351,432.77281797368937,87.52237499151617,282.6465621854093,31.01213383785465,184.22047355422438,54.62124850094416,256.52474824661607,99.67260707136727,192.23786645715768,146.85108677016456,132.06721521131234,184.55542067497683,250.61424049951208,322.8015469577377,61.46846111647525,262.4315588261715,136.40844190559406,242.80828037095702,286.6698253016596,170.44192425231566,141.68474292668176,43.86284373393688,104.48315076115698,89.51501240538866,0,E_coli
4197.59,2886.8021098648264,376.8599640147057,940.7550225735991,377.97286675647786,521.7015138461645,418.5432529231037,279.0301744209351,432.77281797368937,87.52237499151617,282.6465621854093,31.01213383785465,184.22047355422438,54.62124850094416,256.52474824661607,99.67260707136727,192.23786645715768,146.85108677016456,132.06721521131234,184.55542067497683,250.61424049951208,322.8015469577377,61.46846111647525,262.4315588261715,136.40844190559406,242.80828037095702,286.6698253016596,170.44192425231566,141.68474292668176,43.86284373393688,104.48315076115698,89.51501240538866,1,Mammalian
4197.59,2886.8021098648264,376.8599640147057,940.7550225735991,377.97286675647786,521.7015138461645,418.5432529231037,279.0301744209351,432.77281797368937,87.52237499151617,282.6465621854093,31.01213383785465,184.22047355422438,54.62124850094416,256.52474824661607,99.67260707136727,192.23786645715768,146.85108677016456,132.06721521131234,184.55542067497683,250.61424049951208,322.8015469577377,61.46846111647525,262.4315588261715,136.40844190559406,242.80828037095702,286.6698253016596,170.44192425231566,141.68474292668176,43.86284373393688,104.48315076115698,89.51501240538866,0,E_coli
4197.59,2886.8021098648264,376.8599640147057,940.7550225735991,377.97286675647786,521.7015138461645,418.5432529231037,279.0301744209351,432.77281797368937,87.52237499151617,282.6465621854093,31.01213383785465,184.22047355422438,54.62124850094416,256.52474824661607,99.67260707136727,192.23786645715768,146.85108677016456,132.06721521131234,184.55542067497683,250.61424049951208,322.8015469577377,61.46846111647525,262.4315588261715,136.40844190559406,242.80828037095702,286.6698253016596,170.44192425231566,141.68474292668176,43.86284373393688,104.48315076115698,89.51501240538866,1,Mammalian
4197.59,2886.8021098648264,376.8599640147057,940.7550225735991,377.97286675647786,521.7015138461645,418.5432529231037,279.0301744209351,432.77281797368937,87.52237499151617,282.6465621854093,31.01213383785465,184.22047355422438,54.62124850094416,256.52474824661607,99.67260707136727,192.23786645715768,146.85108677016456,132.06721521131234,184.55542067497683,250.61424049951208,322.8015469577377,61.46846111647525,262.4315588261715,136.40844190559406,242.80828037095702,286.6698253016596,170.44192425231566,141.68474292668176,43.86284373393688,104.48315076115698,89.51501240538866,1,Yeast
4197.59,2886.8021098648264,376.8599640147057,940.7550225735991,377.97286675647786,521.7015138461645,418.5432529231037,279.0301744209351,432.77281797368937,87.52237499151617,282.6465621854093,31.01213383785465,184.22047355422438,54.62124850094416,256.52474824661607,99.67260707136727,192.23786645715768,146.85108677016456,132.06721521131234,184.55542067497683,250.61424049951208,322.8015469577377,61.46846111647525,262.4315588261715,136.40844190559406,242.80828037095702,286.6698253016596,170.44192425231566,141.68474292668176,43.86284373393688,104.48315076115698,89.51501240538866,1,Mammalian
4197.59,2886.8021098648264,376.8599640147057,940.7550225735991,377.97286675647786,521.7015138461645,418.5432529231037,279.0301744209351,432.77281797368937,87.52237499151617,282.6465621854093,31.01213383785465,184.22047355422438,54.62124850094416,256.52474824661607,99.67260707136727,192.23786645715768,146.85108677016456,132.06721521131234,184.55542067497683,250.61424049951208,322.8015469577377,61.46846111647525,262.4315588261715,136.40844190559406,242.80828037095702,286.6698253016596,170.44192425231566,141.68474292668176,43.86284373393688,104.48315076115698,89.51501240538866,0,E_coli
4197.59,2886.8021098648264,376.8599640147057,940.7550225735991,377.97286675647786,521.7015138461645,418.5432529231037,279.0301744209351,432.77281797368937,87.52237499151617,282.6465621854093,31.01213383785465,184.22047355422438,54.62124850094416,256.52474824661607,99.67260707136727,192.23786645715768,146.85108677016456,132.06721521131234,184.55542067497683,250.61424049951208,322.8015469577377,61.46846111647525,262.4315588261715,136.40844190559406,242.80828037095702,286.6698253016596,170.44192425231566,141.68474292668176,43.86284373393688,104.48315076115698,89.51501240538866,1,Yeast
4197.59,2886.8021098648264,376.8599640147057,940.7550225735991,377.97286675647786,521.7015138461645,418.5432529231037,279.0301744209351,432.77281797368937,87.52237499151617,282.6465621854093,31.01213383785465,184.22047355422438,54.62124850094416,256.52474824661607,99.67260707136727,192.23786645715768,146.85108677016456,132.06721521131234,184.55542067497683,250.61424049951208,322.8015469577377,61.46846111647525,262.4315588261715,136.40844190559406,242.80828037095702,286.6698253016596,170.44192425231566,141.68474292668176,43.86284373393688,104.48315076115698,89.51501240538866,1,Mammalian
4197.59,2886.8021098648264,376.8599640147057,940.7550225735991,377.97286675647786,521.7015138461645,418.5432529231037,279.0301744209351,432.77281797368937,87.52237499151617,282.6465621854093,31.01213383785465,184.22047355422438,54.62124850094416,256.52474824661607,99.67260707136727,192.23786645715768,146.85108677016456,132.06721521131234,184.55542067497683,250.61424049951208,322.8015469577377,61.46846111647525,262.4315588261715,136.40844190559406,242.80828037095702,286.6698253016596,170.44192425231566,141.68474292668176,43.86284373393688,104.48315076115698,89.51501240538866,0,E_coli
4197.59,2886.8021098648264,376.8599640147057,940.7550225735991,377.97286675647786,521.7015138461645,418.5432529231037,279.0301744209351,432.77281797368937,87.52237499151617,282.6465621854093,31.01213383785465,184.22047355422438,54.62124850094416,256.52474824661607,99.67260707136727,192.23786645715768,146.85108677016456,132.06721521131234,184.55542067497683,250.61424049951208,322.8015469577377,61.46846111647525,262.4315588261715,136.40844190559406,242.80828037095702,286.6698253016596,170.44192425231566,141.68474292668176,43.86284373393688,104.48315076115698,89.51501240538866,1,Yeast
4056.45,2868.0952292486586,516.459658355969,865.2040647828243,491.8796524376918,411.7297147231865,494.2376162277463,154.55039648678198,455.352991966397,142.78574006166107,245.96826761208064,139.1384615702131,148.78094328172344,140.55645644040604,166.82498694958161,166.95877787681397,101.71616636503747,210.81990298148386,35.58195788217744,274.64954038316284,211.83629161511277,264.8474101012846,191.4620757887348,164.93353451335776,275.6189683371781,89.88138611740321,368.49705624159924,267.12028521363595,74.62914972537885,175.98905628333642,72.98525606415274,181.07128968748202,0,E_coli
4056.45,2868.0952292486586,516.459658355969,865.2040647828243,491.8796524376918,411.7297147231865,494.2376162277463,154.55039648678198,455.352991966397,142.78574006166107,245.96826761208064,139.1384615702131,148.78094328172344,140.55645644040604,166.82498694958161,166.95877787681397,101.71616636503747,210.81990298148386,35.58195788217744,274.64954038316284,211.83629161511277,264.8474101012846,191.4620757887348,164.93353451335776,275.6189683371781,89.88138611740321,368.49705624159924,267.12028521363595,74.62914972537885,175.98905628333642,72.98525606415274,181.07128968748202,1,Mammalian
4056.45,2868.0952292486586,516.459658355969,865.2040647828243,491.8796524376918,411.7297147231865,494.2376162277463,154.55039648678198,455.352991966397,142.78574006166107,245.96826761208064,139.1384615702131,148.78094328172344,140.55645644040604,166.82498694958161,166.95877787681397,101.71616636503747,210.81990298148386,35.58195788217744,274.64954038316284,211.83629161511277,264.8474101012846,191.4620757887348,164.93353451335776,275.6189683371781,89.88138611740321,368.49705624159924,267.12028521363595,74.62914972537885,175.98905628333642,72.98525606415274,181.07128968748202,1,Yeast
4111.48,2878.577959807585,462.27242206397034,903.1605048880851,454.9372853708661,464.7528260365044,482.60084684560326,201.06065943976816,476.68278837524565,88.31162067753984,293.9652531684109,123.23388886199865,200.41430522329415,117.04806321998974,210.26634892021917,203.31570792066364,141.39443836304176,258.9986757258355,82.81838775168544,324.6477228163646,169.86674756865006,297.0481176513192,231.21354960073265,180.48006677725803,328.63670651161385,45.41763302910004,418.69504316903067,301.7679330471864,120.44270966604812,227.11849051491188,127.4446484609473,229.35806402748406,1,Yeast
4111.48,2878.577959807585,462.27242206397034,903.1605048880851,454.9372853708661,464.7528260365044,482.60084684560326,201.06065943976816,476.68278837524565,88.31162067753984,293.9652531684109,123.23388886199865,200.41430522329415,117.04806321998974,210.26634892021917,203.31570792066364,141.39443836304176,258.9986757258355,82.81838775168544,324.6477228163646,169.86674756865006,297.0481176513192,231.21354960073265,180.48006677725803,328.63670651161385,45.41763302910004,418.69504316903067,301.7679330471864,120.44270966604812,227.11849051491188,127.4446484609473,229.35806402748406,1,Mammalian
4111.48,2878.577959807585,462.27242206397034,903.1605048880851,454.9372853708661,464.7528260365044,482.60084684560326,201.06065943976816,476.68278837524565,88.31162067753984,293.9652531684109,123.23388886199865,200.41430522329415,117.04806321998974,210.26634892021917,203.31570792066364,141.39443836304176,258.9986757258355,82.81838775168544,324.6477228163646,169.86674756865006,297.0481176513192,231.21354960073265,180.48006677725803,328.63670651161385,45.41763302910004,418.69504316903067,301.7679330471864,120.44270966604812,227.11849051491188,127.4446484609473,229.35806402748406,0,E_coli
4088.4299999999994,2874.063553947867,484.94631992837986,887.0441739940226,469.98044864690746,442.48379403847747,486.75224692311957,180.99847452397145,467.0784736628858,111.06209694402145,273.5389094650225,127.2687387522777,178.54022727637496,124.49773446206278,191.34592125243068,186.97966115348348,123.34834291550081,238.45776436364508,61.474616485650486,303.49350161664444,186.62183249696915,282.7044136446281,213.74014269220447,172.0076481934506,306.3431997625357,62.01175572466617,397.5133441427434,286.4798426518743,100.12971771270085,205.4571441628053,104.56095872873334,208.72670421199933,1,Mammalian
4088.4299999999994,2874.063553947867,484.94631992837986,887.0441739940226,469.98044864690746,442.48379403847747,486.75224692311957,180.99847452397145,467.0784736628858,111.06209694402145,273.5389094650225,127.2687387522777,178.54022727637496,124.49773446206278,191.34592125243068,186.97966115348348,123.34834291550081,238.45776436364508,61.474616485650486,303.49350161664444,186.62183249696915,282.7044136446281,213.74014269220447,172.0076481934506,306.3431997625357,62.01175572466617,397.5133441427434,286.4798426518743,100.12971771270085,205.4571441628053,104.56095872873334,208.72670421199933,0,E_coli
4088.4299999999994,2874.063553947867,484.94631992837986,887.0441739940226,469.98044864690746,442.48379403847747,486.75224692311957,180.99847452397145,467.0784736628858,111.06209694402145,273.5389094650225,127.2687387522777,178.54022727637496,124.49773446206278,191.34592125243068,186.97966115348348,123.34834291550081,238.45776436364508,61.474616485650486,303.49350161664444,186.62183249696915,282.7044136446281,213.74014269220447,172.0076481934506,306.3431997625357,62.01175572466617,397.5133441427434,286.4798426518743,100.12971771270085,205.4571441628053,104.56095872873334,208.72670421199933,1,Yeast
2737.9300000000003,2385.0787127479566,1488.1844221996776,458.43469435246215,384.4886323567545,631.990465778118,444.48913400652697,255.24279346692867,433.9132250791315,415.6879953575775,145.51960148378234,253.30268608574826,466.95144359996334,427.5973430538775,190.04155008807828,107.74028845271808,235.29709581718174,182.46347704950207,119.67531070844835,249.95741100019177,288.2198172006728,186.96354999573475,69.13513368024758,132.63894221790153,130.79244818194564,88.84667531071271,161.19746241344137,209.27861214930897,185.07219748291047,159.8090500946011,163.60042758433755,122.27025171460657,0,E_coli
2737.9300000000003,2385.0787127479566,1488.1844221996776,458.43469435246215,384.4886323567545,631.990465778118,444.48913400652697,255.24279346692867,433.9132250791315,415.6879953575775,145.51960148378234,253.30268608574826,466.95144359996334,427.5973430538775,190.04155008807828,107.74028845271808,235.29709581718174,182.46347704950207,119.67531070844835,249.95741100019177,288.2198172006728,186.96354999573475,69.13513368024758,132.63894221790153,130.79244818194564,88.84667531071271,161.19746241344137,209.27861214930897,185.07219748291047,159.8090500946011,163.60042758433755,122.27025171460657,1,Mammalian
2737.9300000000003,2385.0787127479566,1488.1844221996776,458.43469435246215,384.4886323567545,631.990465778118,444.48913400652697,255.24279346692867,433.9132250791315,415.6879953575775,145.51960148378234,253.30268608574826,466.95144359996334,427.5973430538775,190.04155008807828,107.74028845271808,235.29709581718174,182.46347704950207,119.67531070844835,249.95741100019177,288.2198172006728,186.96354999573475,69.13513368024758,132.63894221790153,130.79244818194564,88.84667531071271,161.19746241344137,209.27861214930897,185.07219748291047,159.8090500946011,163.60042758433755,122.27025171460657,1,Yeast
1470.75,1409.4190339489353,1234.086231834869,969.3266606002361,651.7123295627848,324.570302284217,55.810734006417874,218.123202442617,362.70274828761995,415.59842357757395,383.8172536533892,288.6559981234037,162.16320661778786,67.04281498020745,122.09923317331216,184.38348205759286,199.86456739502364,168.03165453981703,103.43244718023071,45.946313107010084,83.67806862705643,131.3194478457907,144.890814502829,119.31836387499024,69.20136837236214,73.71137520547742,149.01061778575263,218.71075626084058,257.2575097954002,253.88723224225959,208.90790686774292,136.4614876222113,0,E_coli
1470.75,1409.4190339489353,1234.086231834869,969.3266606002361,651.7123295627848,324.570302284217,55.810734006417874,218.123202442617,362.70274828761995,415.59842357757395,383.8172536533892,288.6559981234037,162.16320661778786,67.04281498020745,122.09923317331216,184.38348205759286,199.86456739502364,168.03165453981703,103.43244718023071,45.946313107010084,83.67806862705643,131.3194478457907,144.890814502829,119.31836387499024,69.20136837236214,73.71137520547742,149.01061778575263,218.71075626084058,257.2575097954002,253.88723224225959,208.90790686774292,136.4614876222113,1,Yeast
1470.75,1409.4190339489353,1234.086231834869,969.3266606002361,651.7123295627848,324.570302284217,55.810734006417874,218.123202442617,362.70274828761995,415.59842357757395,383.8172536533892,288.6559981234037,162.16320661778786,67.04281498020745,122.09923317331216,184.38348205759286,199.86456739502364,168.03165453981703,103.43244718023071,45.946313107010084,83.67806862705643,131.3194478457907,144.890814502829,119.31836387499024,69.20136837236214,73.71137520547742,149.01061778575263,218.71075626084058,257.2575097954002,253.88723224225959,208.90790686774292,136.4614876222113,1,Mammalian
1540.85,1457.7429914487495,1223.4551450994443,880.0489092768128,488.3974250274996,122.53340286150436,197.7148193281063,375.99856654081134,425.10959440976586,354.8388019530008,200.96049254385835,44.71837398344865,179.552014650979,296.87901040914,333.1230003513696,283.9769581800127,167.899189098697,38.85407960593964,142.87557052513554,248.77583098308438,291.75918146485026,263.92617553950276,176.77574754802336,60.12822930083966,77.99252874964597,167.34848634690408,206.19040540031168,184.3361722139185,109.8906515234259,9.092014923501791,102.51299024022683,180.6445246382277,1,Mammalian
1540.85,1457.7429914487495,1223.4551450994443,880.0489092768128,488.3974250274996,122.53340286150436,197.7148193281063,375.99856654081134,425.10959440976586,354.8388019530008,200.96049254385835,44.71837398344865,179.552014650979,296.87901040914,333.1230003513696,283.9769581800127,167.899189098697,38.85407960593964,142.87557052513554,248.77583098308438,291.75918146485026,263.92617553950276,176.77574754802336,60.12822930083966,77.99252874964597,167.34848634690408,206.19040540031168,184.3361722139185,109.8906515234259,9.092014923501791,102.51299024022683,180.6445246382277,0,E_coli
1540.85,1457.7429914487495,1223.4551450994443,880.0489092768128,488.3974250274996,122.53340286150436,197.7148193281063,375.99856654081134,425.10959440976586,354.8388019530008,200.96049254385835,44.71837398344865,179.552014650979,296.87901040914,333.1230003513696,283.9769581800127,167.899189098697,38.85407960593964,142.87557052513554,248.77583098308438,291.75918146485026,263.92617553950276,176.77574754802336,60.12822930083966,77.99252874964597,167.34848634690408,206.19040540031168,184.3361722139185,109.8906515234259,9.092014923501791,102.51299024022683,180.6445246382277,1,Yeast
1530.61,1425.1598813096589,1134.288530121495,727.4168457922127,299.688024254962,80.13037866816839,290.4604342984002,349.28270718303577,267.3929345074982,109.97884079195181,119.1991602421773,241.59370885654582,278.3754107849075,214.84451696523863,76.60132974160678,87.70948135500207,224.25262295010063,291.7431622265058,273.3475604634841,180.14342218131375,52.29099256737311,110.64782944738297,219.71811111078952,283.73033258120216,304.7571498348624,300.71373191466967,287.7452208872096,267.1919444212423,232.17038589107415,183.7784583854823,137.45053552649566,112.34798764807002,1,Mammalian
1530.61,1425.1598813096589,1134.288530121495,727.4168457922127,299.688024254962,80.13037866816839,290.4604342984002,349.28270718303577,267.3929345074982,109.97884079195181,119.1991602421773,241.59370885654582,278.3754107849075,214.84451696523863,76.60132974160678,87.70948135500207,224.25262295010063,291.7431622265058,273.3475604634841,180.14342218131375,52.29099256737311,110.64782944738297,219.71811111078952,283.73033258120216,304.7571498348624,300.71373191466967,287.7452208872096,267.1919444212423,232.17038589107415,183.7784583854823,137.45053552649566,112.34798764807002,0,E_coli
1530.61,1425.1598813096589,1134.288530121495,727.4168457922127,299.688024254962,80.13037866816839,290.4604342984002,349.28270718303577,267.3929345074982,109.97884079195181,119.1991602421773,241.59370885654582,278.3754107849075,214.84451696523863,76.60132974160678,87.70948135500207,224.25262295010063,291.7431622265058,273.3475604634841,180.14342218131375,52.29099256737311,110.64782944738297,219.71811111078952,283.73033258120216,304.7571498348624,300.71373191466967,287.7452208872096,267.1919444212423,232.17038589107415,183.7784583854823,137.45053552649566,112.34798764807002,1,Yeast
1401.58,1340.0571544408679,1164.4605706305279,900.2118767164501,584.9707814182651,262.5250117977272,29.657228632580875,243.43165312243318,369.13709186273724,397.5091778156645,338.6208385391556,215.97347809562842,63.05054070336936,95.7207157310753,215.99509807752273,284.0593300625192,290.2374986110513,238.75715168929614,146.62506574385083,56.61050675551809,106.9767818410506,186.51143563678684,229.08160843695802,226.56719855080607,186.22772460383308,132.2258329335344,113.6826731108962,147.9369153296031,182.88485325704087,187.35233254496984,153.86218169546947,88.65125730932235,1,Yeast
1401.58,1340.0571544408679,1164.4605706305279,900.2118767164501,584.9707814182651,262.5250117977272,29.657228632580875,243.43165312243318,369.13709186273724,397.5091778156645,338.6208385391556,215.97347809562842,63.05054070336936,95.7207157310753,215.99509807752273,284.0593300625192,290.2374986110513,238.75715168929614,146.62506574385083,56.61050675551809,106.9767818410506,186.51143563678684,229.08160843695802,226.56719855080607,186.22772460383308,132.2258329335344,113.6826731108962,147.9369153296031,182.88485325704087,187.35233254496984,153.86218169546947,88.65125730932235,1,Mammalian
1401.58,1340.0571544408679,1164.4605706305279,900.2118767164501,584.9707814182651,262.5250117977272,29.657228632580875,243.43165312243318,369.13709186273724,397.5091778156645,338.6208385391556,215.97347809562842,63.05054070336936,95.7207157310753,215.99509807752273,284.0593300625192,290.2374986110513,238.75715168929614,146.62506574385083,56.61050675551809,106.9767818410506,186.51143563678684,229.08160843695802,226.56719855080607,186.22772460383308,132.2258329335344,113.6826731108962,147.9369153296031,182.88485325704087,187.35233254496984,153.86218169546947,88.65125730932235,0,E_coli
2480.87,2167.7434464990533,1373.2855569226958,465.2191164211179,296.2455294559689,495.4855361042098,310.02604444375396,132.74979737285938,355.5200830527288,362.67123340296945,204.4810264464381,257.3909237725803,354.1464925483995,257.7869291550358,36.71697501336518,199.660509615161,266.2166397879741,198.72014503583594,236.51988346509668,348.6658181314246,330.47147882883047,171.7422048136649,41.80827499854534,151.43505479425883,139.240761080155,89.1439507930795,139.33183819163014,130.49703912793373,31.48486261213397,143.64325572211118,225.69202249260877,188.42960689478573,1,Mammalian
2480.87,2167.7434464990533,1373.2855569226958,465.2191164211179,296.2455294559689,495.4855361042098,310.02604444375396,132.74979737285938,355.5200830527288,362.67123340296945,204.4810264464381,257.3909237725803,354.1464925483995,257.7869291550358,36.71697501336518,199.660509615161,266.2166397879741,198.72014503583594,236.51988346509668,348.6658181314246,330.47147882883047,171.7422048136649,41.80827499854534,151.43505479425883,139.240761080155,89.1439507930795,139.33183819163014,130.49703912793373,31.48486261213397,143.64325572211118,225.69202249260877,188.42960689478573,1,Yeast
2480.87,2167.7434464990533,1373.2855569226958,465.2191164211179,296.2455294559689,495.4855361042098,310.02604444375396,132.74979737285938,355.5200830527288,362.67123340296945,204.4810264464381,257.3909237725803,354.1464925483995,257.7869291550358,36.71697501336518,199.660509615161,266.2166397879741,198.72014503583594,236.51988346509668,348.6658181314246,330.47147882883047,171.7422048136649,41.80827499854534,151.43505479425883,139.240761080155,89.1439507930795,139.33183819163014,130.49703912793373,31.48486261213397,143.64325572211118,225.69202249260877,188.42960689478573,0,E_coli
1882.2199999999998,1769.2765667211634,1453.9425263150083,1001.1593146794052,502.8187411948099,90.90840205541842,301.10371667968366,462.04381216844484,459.27625917547493,328.08730746927716,132.665583740714,68.2968596948314,191.94582553542355,221.86545575777924,156.67920486941492,59.95412089522394,164.59920109162135,288.703978388987,346.21211095918846,318.1689027399848,215.99338052431398,86.55533100305071,113.24376965790692,207.40035951507247,238.1283245600616,193.6325990874382,91.94083256738067,43.9958287404967,148.3521686139788,205.03084974127114,193.90470286277755,122.11482193045212,1,Yeast
1882.2199999999998,1769.2765667211634,1453.9425263150083,1001.1593146794052,502.8187411948099,90.90840205541842,301.10371667968366,462.04381216844484,459.27625917547493,328.08730746927716,132.665583740714,68.2968596948314,191.94582553542355,221.86545575777924,156.67920486941492,59.95412089522394,164.59920109162135,288.703978388987,346.21211095918846,318.1689027399848,215.99338052431398,86.55533100305071,113.24376965790692,207.40035951507247,238.1283245600616,193.6325990874382,91.94083256738067,43.9958287404967,148.3521686139788,205.03084974127114,193.90470286277755,122.11482193045212,1,Mammalian
1882.2199999999998,1769.2765667211634,1453.9425263150083,1001.1593146794052,502.8187411948099,90.90840205541842,301.10371667968366,462.04381216844484,459.27625917547493,328.08730746927716,132.665583740714,68.2968596948314,191.94582553542355,221.86545575777924,156.67920486941492,59.95412089522394,164.59920109162135,288.703978388987,346.21211095918846,318.1689027399848,215.99338052431398,86.55533100305071,113.24376965790692,207.40035951507247,238.1283245600616,193.6325990874382,91.94083256738067,43.9958287404967,148.3521686139788,205.03084974127114,193.90470286277755,122.11482193045212,0,E_coli
4827.1,2770.9130143327075,525.180469659615,1074.1291476600832,335.8414766973755,601.1489168298377,278.49317332107097,337.5377841618595,322.8368346295323,269.4950603938354,231.11632983310307,147.5420378311785,181.57952373977787,151.28954032734842,371.5135440056289,139.64305703728908,76.78243679383988,137.89731202079082,175.19843971955757,198.8125070447185,268.30329966123253,140.34443587117548,156.26671215635866,226.0947629932844,169.13155414169174,266.56346517170147,330.38405473876816,278.7370577420016,116.71121659487781,190.66212248000798,97.80426766028665,117.23657657185238,1,Yeast
4827.1,2770.9130143327075,525.180469659615,1074.1291476600832,335.8414766973755,601.1489168298377,278.49317332107097,337.5377841618595,322.8368346295323,269.4950603938354,231.11632983310307,147.5420378311785,181.57952373977787,151.28954032734842,371.5135440056289,139.64305703728908,76.78243679383988,137.89731202079082,175.19843971955757,198.8125070447185,268.30329966123253,140.34443587117548,156.26671215635866,226.0947629932844,169.13155414169174,266.56346517170147,330.38405473876816,278.7370577420016,116.71121659487781,190.66212248000798,97.80426766028665,117.23657657185238,0,E_coli
4827.1,2770.9130143327075,525.180469659615,1074.1291476600832,335.8414766973755,601.1489168298377,278.49317332107097,337.5377841618595,322.8368346295323,269.4950603938354,231.11632983310307,147.5420378311785,181.57952373977787,151.28954032734842,371.5135440056289,139.64305703728908,76.78243679383988,137.89731202079082,175.19843971955757,198.8125070447185,268.30329966123253,140.34443587117548,156.26671215635866,226.0947629932844,169.13155414169174,266.56346517170147,330.38405473876816,278.7370577420016,116.71121659487781,190.66212248000798,97.80426766028665,117.23657657185238,1,Mammalian
4869.18,2807.955129417321,497.9156953662885,1070.301767309612,337.4130737814979,571.7020296471978,312.853262760327,379.0361582262505,281.77045190591747,242.00351878457033,240.5763504644962,144.61992712276455,221.54194466005902,152.0553405139836,329.5926008509706,112.73720635783471,108.6403838358462,131.02130988091375,199.20968615677992,181.0123471721412,226.47478703790946,175.95318842989903,185.30437737574326,189.87542304936306,178.95780517411083,269.8539098057755,291.65739808186737,269.07958871311405,138.4900142020874,148.86692600388142,64.14324719267326,141.41747628955508,0,E_coli
4869.18,2807.955129417321,497.9156953662885,1070.301767309612,337.4130737814979,571.7020296471978,312.853262760327,379.0361582262505,281.77045190591747,242.00351878457033,240.5763504644962,144.61992712276455,221.54194466005902,152.0553405139836,329.5926008509706,112.73720635783471,108.6403838358462,131.02130988091375,199.20968615677992,181.0123471721412,226.47478703790946,175.95318842989903,185.30437737574326,189.87542304936306,178.95780517411083,269.8539098057755,291.65739808186737,269.07958871311405,138.4900142020874,148.86692600388142,64.14324719267326,141.41747628955508,1,Yeast
4869.18,2807.955129417321,497.9156953662885,1070.301767309612,337.4130737814979,571.7020296471978,312.853262760327,379.0361582262505,281.77045190591747,242.00351878457033,240.5763504644962,144.61992712276455,221.54194466005902,152.0553405139836,329.5926008509706,112.73720635783471,108.6403838358462,131.02130988091375,199.20968615677992,181.0123471721412,226.47478703790946,175.95318842989903,185.30437737574326,189.87542304936306,178.95780517411083,269.8539098057755,291.65739808186737,269.07958871311405,138.4900142020874,148.86692600388142,64.14324719267326,141.41747628955508,1,Mammalian
4853.139999999999,2793.818636729132,508.07001703683414,1071.56742011486,336.1942612966242,582.7437048143184,299.5236557557065,363.2020766767634,297.39066080711785,252.0081594879488,236.13215495514928,144.30060730528479,206.2097798059063,150.38150341072875,345.5674117690806,121.98521334319878,95.56859421378972,132.11258032544853,189.31460239001373,186.8820906083818,242.40865875437547,162.01432320358862,173.60684754197823,203.4155751038015,174.081663780841,267.82578464837934,306.3148599352728,272.03451602985405,129.0086056994709,164.78126825958702,75.99079642736758,131.13787957338198,1,Mammalian
4853.139999999999,2793.818636729132,508.07001703683414,1071.56742011486,336.1942612966242,582.7437048143184,299.5236557557065,363.2020766767634,297.39066080711785,252.0081594879488,236.13215495514928,144.30060730528479,206.2097798059063,150.38150341072875,345.5674117690806,121.98521334319878,95.56859421378972,132.11258032544853,189.31460239001373,186.8820906083818,242.40865875437547,162.01432320358862,173.60684754197823,203.4155751038015,174.081663780841,267.82578464837934,306.3148599352728,272.03451602985405,129.0086056994709,164.78126825958702,75.99079642736758,131.13787957338198,0,E_coli
4853.139999999999,2793.818636729132,508.07001703683414,1071.56742011486,336.1942612966242,582.7437048143184,299.5236557557065,363.2020766767634,297.39066080711785,252.0081594879488,236.13215495514928,144.30060730528479,206.2097798059063,150.38150341072875,345.5674117690806,121.98521334319878,95.56859421378972,132.11258032544853,189.31460239001373,186.8820906083818,242.40865875437547,162.01432320358862,173.60684754197823,203.4155751038015,174.081663780841,267.82578464837934,306.3148599352728,272.03451602985405,129.0086056994709,164.78126825958702,75.99079642736758,131.13787957338198,1,Yeast
4843.1,2784.9806044206816,514.5784461705532,1072.4809571100373,335.8191940852326,589.7718825736972,291.3192669215788,353.3004218743595,307.1899157998972,258.57993627236925,233.86778413928764,145.00607197542013,196.6703037709693,150.198444080601,355.5695944267385,128.4560705261224,87.88823925873137,133.77336996054774,183.56324912109147,191.15028681128888,252.38907103409898,153.49845743895546,166.6531437651562,212.0683422543778,171.72285820720566,267.0391792855788,315.5579270278868,274.3455155869685,123.76399686954245,174.75430718543245,84.11688328224231,125.3206571035494,0,E_coli
4843.1,2784.9806044206816,514.5784461705532,1072.4809571100373,335.8191940852326,589.7718825736972,291.3192669215788,353.3004218743595,307.1899157998972,258.57993627236925,233.86778413928764,145.00607197542013,196.6703037709693,150.198444080601,355.5695944267385,128.4560705261224,87.88823925873137,133.77336996054774,183.56324912109147,191.15028681128888,252.38907103409898,153.49845743895546,166.6531437651562,212.0683422543778,171.72285820720566,267.0391792855788,315.5579270278868,274.3455155869685,123.76399686954245,174.75430718543245,84.11688328224231,125.3206571035494,1,Yeast
4843.1,2784.9806044206816,514.5784461705532,1072.4809571100373,335.8191940852326,589.7718825736972,291.3192669215788,353.3004218743595,307.1899157998972,258.57993627236925,233.86778413928764,145.00607197542013,196.6703037709693,150.198444080601,355.5695944267385,128.4560705261224,87.88823925873137,133.77336996054774,183.56324912109147,191.15028681128888,252.38907103409898,153.49845743895546,166.6531437651562,212.0683422543778,171.72285820720566,267.0391792855788,315.5579270278868,274.3455155869685,123.76399686954245,174.75430718543245,84.11688328224231,125.3206571035494,1,Mammalian
4857.129999999999,2797.33321468216,505.51560224926897,1071.2302837361087,336.42640858618626,579.9752463119728,302.8148754408809,367.1391834127956,293.5008540278333,249.4606045402231,237.14409106142116,144.2135057710476,210.01382399847083,150.64011205940278,341.5930568858745,119.55057823693774,98.73850566015268,131.65950350659688,191.69837155490598,185.3096526784917,238.44372877489906,165.44608911154216,176.45287422567648,200.0128786871847,175.17010956476702,268.24211479253125,302.6556684579688,271.2138527177351,131.24802605472655,160.82019311244986,72.893967701406,133.58896016892874,1,Yeast
4857.129999999999,2797.33321468216,505.51560224926897,1071.2302837361087,336.42640858618626,579.9752463119728,302.8148754408809,367.1391834127956,293.5008540278333,249.4606045402231,237.14409106142116,144.2135057710476,210.01382399847083,150.64011205940278,341.5930568858745,119.55057823693774,98.73850566015268,131.65950350659688,191.69837155490598,185.3096526784917,238.44372877489906,165.44608911154216,176.45287422567648,200.0128786871847,175.17010956476702,268.24211479253125,302.6556684579688,271.2138527177351,131.24802605472655,160.82019311244986,72.893967701406,133.58896016892874,1,Mammalian
4857.129999999999,2797.33321468216,505.51560224926897,1071.2302837361087,336.42640858618626,579.9752463119728,302.8148754408809,367.1391834127956,293.5008540278333,249.4606045402231,237.14409106142116,144.2135057710476,210.01382399847083,150.64011205940278,341.5930568858745,119.55057823693774,98.73850566015268,131.65950350659688,191.69837155490598,185.3096526784917,238.44372877489906,165.44608911154216,176.45287422567648,200.0128786871847,175.17010956476702,268.24211479253125,302.6556684579688,271.2138527177351,131.24802605472655,160.82019311244986,72.893967701406,133.58896016892874,0,E_coli
4942.25,2872.6067702436135,455.95673914410685,1067.5710012688571,352.2767505665905,524.6766883756512,376.26280511971635,451.35214827297636,211.40982242293603,206.30533881701675,272.1018865287307,166.87262002183417,292.3501663613019,178.71266924732015,256.9223793500214,96.60375207341886,174.56892650182624,149.565177682468,252.4069024466187,171.57916851991155,154.16702843248072,242.75740529378484,244.89715926349317,135.29588939475047,215.35853450258853,290.3447516886731,227.2610433209383,267.6398419266821,192.98877216838807,77.03179932423625,55.33896113767953,198.17554248516248,1,Mammalian
4942.25,2872.6067702436135,455.95673914410685,1067.5710012688571,352.2767505665905,524.6766883756512,376.26280511971635,451.35214827297636,211.40982242293603,206.30533881701675,272.1018865287307,166.87262002183417,292.3501663613019,178.71266924732015,256.9223793500214,96.60375207341886,174.56892650182624,149.565177682468,252.4069024466187,171.57916851991155,154.16702843248072,242.75740529378484,244.89715926349317,135.29588939475047,215.35853450258853,290.3447516886731,227.2610433209383,267.6398419266821,192.98877216838807,77.03179932423625,55.33896113767953,198.17554248516248,1,Yeast
4942.25,2872.6067702436135,455.95673914410685,1067.5710012688571,352.2767505665905,524.6766883756512,376.26280511971635,451.35214827297636,211.40982242293603,206.30533881701675,272.1018865287307,166.87262002183417,292.3501663613019,178.71266924732015,256.9223793500214,96.60375207341886,174.56892650182624,149.565177682468,252.4069024466187,171.57916851991155,154.16702843248072,242.75740529378484,244.89715926349317,135.29588939475047,215.35853450258853,290.3447516886731,227.2610433209383,267.6398419266821,192.98877216838807,77.03179932423625,55.33896113767953,198.17554248516248,0,E_coli
1452.6100000000001,1378.6449785973539,1169.6926337562247,861.991349001733,507.94044967640303,167.3004486699021,123.19257683363344,299.84332541884254,364.2693572148528,321.860748914722,200.15166285546132,39.59518984360948,117.50263858658026,233.4300569252617,286.6972301167676,274.5264315155623,216.11914052207402,158.8519758010062,164.72322445145747,207.5285304133892,225.57634196417365,196.813486912128,126.307886366155,52.52912347360129,101.5613469499,174.88410664027566,211.5140754789895,202.20176712118806,154.75453031749066,95.77581554898747,82.67513466199918,116.21195748452395,1,Mammalian
1452.6100000000001,1378.6449785973539,1169.6926337562247,861.991349001733,507.94044967640303,167.3004486699021,123.19257683363344,299.84332541884254,364.2693572148528,321.860748914722,200.15166285546132,39.59518984360948,117.50263858658026,233.4300569252617,286.6972301167676,274.5264315155623,216.11914052207402,158.8519758010062,164.72322445145747,207.5285304133892,225.57634196417365,196.813486912128,126.307886366155,52.52912347360129,101.5613469499,174.88410664027566,211.5140754789895,202.20176712118806,154.75453031749066,95.77581554898747,82.67513466199918,116.21195748452395,0,E_coli
1452.6100000000001,1378.6449785973539,1169.6926337562247,861.991349001733,507.94044967640303,167.3004486699021,123.19257683363344,299.84332541884254,364.2693572148528,321.860748914722,200.15166285546132,39.59518984360948,117.50263858658026,233.4300569252617,286.6972301167676,274.5264315155623,216.11914052207402,158.8519758010062,164.72322445145747,207.5285304133892,225.57634196417365,196.813486912128,126.307886366155,52.52912347360129,101.5613469499,174.88410664027566,211.5140754789895,202.20176712118806,154.75453031749066,95.77581554898747,82.67513466199918,116.21195748452395,1,Yeast
1496.62,1422.3162053478611,1212.3354295453564,902.8613579877592,546.0723956356886,199.85605385911123,84.74679091142362,268.7154159774008,338.5632866699943,302.2200330752686,188.6882719263863,55.51539355906448,130.98351725726806,235.1209068383323,278.6375779209257,255.58835789530303,183.45898070140908,114.85755887046668,141.57195309251136,207.8976265763328,240.81139501660678,223.481073247359,163.8185211478956,94.22546489861489,93.89252855904606,145.7565431694603,173.4735199634223,159.31387797368401,111.42925002785672,71.80357883771894,106.53241011576684,157.06462792318464,0,E_coli
1496.62,1422.3162053478611,1212.3354295453564,902.8613579877592,546.0723956356886,199.85605385911123,84.74679091142362,268.7154159774008,338.5632866699943,302.2200330752686,188.6882719263863,55.51539355906448,130.98351725726806,235.1209068383323,278.6375779209257,255.58835789530303,183.45898070140908,114.85755887046668,141.57195309251136,207.8976265763328,240.81139501660678,223.481073247359,163.8185211478956,94.22546489861489,93.89252855904606,145.7565431694603,173.4735199634223,159.31387797368401,111.42925002785672,71.80357883771894,106.53241011576684,157.06462792318464,1,Yeast
1496.62,1422.3162053478611,1212.3354295453564,902.8613579877592,546.0723956356886,199.85605385911123,84.74679091142362,268.7154159774008,338.5632866699943,302.2200330752686,188.6882719263863,55.51539355906448,130.98351725726806,235.1209068383323,278.6375779209257,255.58835789530303,183.45898070140908,114.85755887046668,141.57195309251136,207.8976265763328,240.81139501660678,223.481073247359,163.8185211478956,94.22546489861489,93.89252855904606,145.7565431694603,173.4735199634223,159.31387797368401,111.42925002785672,71.80357883771894,106.53241011576684,157.06462792318464,1,Mammalian
1376.5500000000002,1320.2827616587683,1159.1236726904574,914.7954071140382,619.6903114536759,311.8351133617788,29.189666621334563,196.63003831688502,343.4348322347659,402.69514152608156,379.2038964261113,289.62726777343863,159.44188481761972,33.45243698204967,123.6801695893765,217.84635688582253,265.63521547415354,263.59481461095027,218.96956891470913,148.33847899553865,83.90925509060887,90.32698322324484,139.32577555491687,174.27112536361054,184.18340806890882,172.55649210961417,149.6859707058697,128.22709067814577,116.23016375446691,111.45876410635637,107.23851586947536,101.84704304763733,0,E_coli
1376.5500000000002,1320.2827616587683,1159.1236726904574,914.7954071140382,619.6903114536759,311.8351133617788,29.189666621334563,196.63003831688502,343.4348322347659,402.69514152608156,379.2038964261113,289.62726777343863,159.44188481761972,33.45243698204967,123.6801695893765,217.84635688582253,265.63521547415354,263.59481461095027,218.96956891470913,148.33847899553865,83.90925509060887,90.32698322324484,139.32577555491687,174.27112536361054,184.18340806890882,172.55649210961417,149.6859707058697,128.22709067814577,116.23016375446691,111.45876410635637,107.23851586947536,101.84704304763733,1,Mammalian
1376.5500000000002,1320.2827616587683,1159.1236726904574,914.7954071140382,619.6903114536759,311.8351133617788,29.189666621334563,196.63003831688502,343.4348322347659,402.69514152608156,379.2038964261113,289.62726777343863,159.44188481761972,33.45243698204967,123.6801695893765,217.84635688582253,265.63521547415354,263.59481461095027,218.96956891470913,148.33847899553865,83.90925509060887,90.32698322324484,139.32577555491687,174.27112536361054,184.18340806890882,172.55649210961417,149.6859707058697,128.22709067814577,116.23016375446691,111.45876410635637,107.23851586947536,101.84704304763733,1,Yeast
2764.05,2380.871293184452,1408.7261458057158,287.01388275828936,532.4736413766847,774.3515074626738,512.0413394443921,195.34881384286052,423.9209444425529,434.5002175979841,172.52717702842855,248.07050373748302,453.2914455695949,413.47276260464065,213.0567989864912,160.4305523937169,201.89572184669984,91.45191149843949,95.99756600948676,213.6896247860479,181.29386739741457,112.83062940673634,216.5835294442147,237.56020134833224,101.48475088866344,108.21638255312405,237.2110656140271,184.98107693164474,31.40830235096194,272.03070138015073,378.8981578994507,269.3844017685418,0,E_coli
2764.05,2380.871293184452,1408.7261458057158,287.01388275828936,532.4736413766847,774.3515074626738,512.0413394443921,195.34881384286052,423.9209444425529,434.5002175979841,172.52717702842855,248.07050373748302,453.2914455695949,413.47276260464065,213.0567989864912,160.4305523937169,201.89572184669984,91.45191149843949,95.99756600948676,213.6896247860479,181.29386739741457,112.83062940673634,216.5835294442147,237.56020134833224,101.48475088866344,108.21638255312405,237.2110656140271,184.98107693164474,31.40830235096194,272.03070138015073,378.8981578994507,269.3844017685418,1,Yeast
2764.05,2380.871293184452,1408.7261458057158,287.01388275828936,532.4736413766847,774.3515074626738,512.0413394443921,195.34881384286052,423.9209444425529,434.5002175979841,172.52717702842855,248.07050373748302,453.2914455695949,413.47276260464065,213.0567989864912,160.4305523937169,201.89572184669984,91.45191149843949,95.99756600948676,213.6896247860479,181.29386739741457,112.83062940673634,216.5835294442147,237.56020134833224,101.48475088866344,108.21638255312405,237.2110656140271,184.98107693164474,31.40830235096194,272.03070138015073,378.8981578994507,269.3844017685418,1,Mammalian
2638.08,2300.5226792638678,1443.7352500151155,451.38824934351226,270.42048161905166,494.1603541301317,273.183104598109,130.9779805539477,407.6368279936856,391.531697534058,122.84177870914836,205.6924680207269,388.55418151784806,343.07403985074984,159.56346767582542,145.88830433263297,202.5669612745375,153.1935282744333,151.98324361331294,186.68407956777583,144.22205247163276,190.37513636752587,298.19415285277046,272.0128368594503,98.62921303166927,201.96724591888005,359.8604687069609,323.8357915971353,110.43307623527039,148.04311675347205,284.82070911359193,218.47221799181318,1,Yeast
2638.08,2300.5226792638678,1443.7352500151155,451.38824934351226,270.42048161905166,494.1603541301317,273.183104598109,130.9779805539477,407.6368279936856,391.531697534058,122.84177870914836,205.6924680207269,388.55418151784806,343.07403985074984,159.56346767582542,145.88830433263297,202.5669612745375,153.1935282744333,151.98324361331294,186.68407956777583,144.22205247163276,190.37513636752587,298.19415285277046,272.0128368594503,98.62921303166927,201.96724591888005,359.8604687069609,323.8357915971353,110.43307623527039,148.04311675347205,284.82070911359193,218.47221799181318,1,Mammalian
2638.08,2300.5226792638678,1443.7352500151155,451.38824934351226,270.42048161905166,494.1603541301317,273.183104598109,130.9779805539477,407.6368279936856,391.531697534058,122.84177870914836,205.6924680207269,388.55418151784806,343.07403985074984,159.56346767582542,145.88830433263297,202.5669612745375,153.1935282744333,151.98324361331294,186.68407956777583,144.22205247163276,190.37513636752587,298.19415285277046,272.0128368594503,98.62921303166927,201.96724591888005,359.8604687069609,323.8357915971353,110.43307623527039,148.04311675347205,284.82070911359193,218.47221799181318,0,E_coli
699.8299999999999,695.0635139750613,680.8610217510386,657.5114114712977,625.4895287498166,585.4464546037934,538.1963896072308,484.700753558753,426.05056832762654,363.4492538419219,298.2009554598195,231.7197330362665,165.61929759199796,102.21669598961388,48.750140422951056,47.13414611961771,92.12529348664243,139.01807123634757,180.87524853481733,215.9622831794883,243.43214906154606,262.80002633039,273.8335608240592,276.5220135873707,271.06521102440723,257.8686995021172,237.54344474855296,210.9156966045822,179.06634885634674,143.46307500500333,106.42700849099516,73.00637287210024,1,Yeast
699.8299999999999,695.0635139750613,680.8610217510386,657.5114114712977,625.4895287498166,585.4464546037934,538.1963896072308,484.700753558753,426.05056832762654,363.4492538419219,298.2009554598195,231.7197330362665,165.61929759199796,102.21669598961388,48.750140422951056,47.13414611961771,92.12529348664243,139.01807123634757,180.87524853481733,215.9622831794883,243.43214906154606,262.80002633039,273.8335608240592,276.5220135873707,271.06521102440723,257.8686995021172,237.54344474855296,210.9156966045822,179.06634885634674,143.46307500500333,106.42700849099516,73.00637287210024,1,Mammalian
699.8299999999999,695.0635139750613,680.8610217510386,657.5114114712977,625.4895287498166,585.4464546037934,538.1963896072308,484.700753558753,426.05056832762654,363.4492538419219,298.2009554598195,231.7197330362665,165.61929759199796,102.21669598961388,48.750140422951056,47.13414611961771,92.12529348664243,139.01807123634757,180.87524853481733,215.9622831794883,243.43214906154606,262.80002633039,273.8335608240592,276.5220135873707,271.06521102440723,257.8686995021172,237.54344474855296,210.9156966045822,179.06634885634674,143.46307500500333,106.42700849099516,73.00637287210024,0,E_coli
2530.89,2222.3276422024114,1435.7908535314061,520.9393724534937,226.37617365664323,444.42500460853495,267.0082388013156,171.2913674560803,462.8392884080463,526.9815089938346,351.85851107265756,90.33846179774524,123.5232193127199,141.85206446747864,71.58561467167037,163.30538592386398,217.39614187008922,180.42730264444302,177.24098614989174,232.44143414707182,225.9051876496086,167.2916863483797,147.47684704122318,128.31641040283765,56.67027180041903,132.6281978571765,211.80711455241698,172.45058211851935,43.616630821214855,166.21408625968294,258.7957757111985,227.44628358994927,0,E_coli
2530.89,2222.3276422024114,1435.7908535314061,520.9393724534937,226.37617365664323,444.42500460853495,267.0082388013156,171.2913674560803,462.8392884080463,526.9815089938346,351.85851107265756,90.33846179774524,123.5232193127199,141.85206446747864,71.58561467167037,163.30538592386398,217.39614187008922,180.42730264444302,177.24098614989174,232.44143414707182,225.9051876496086,167.2916863483797,147.47684704122318,128.31641040283765,56.67027180041903,132.6281978571765,211.80711455241698,172.45058211851935,43.616630821214855,166.21408625968294,258.7957757111985,227.44628358994927,2,Yeast
2530.89,2222.3276422024114,1435.7908535314061,520.9393724534937,226.37617365664323,444.42500460853495,267.0082388013156,171.2913674560803,462.8392884080463,526.9815089938346,351.85851107265756,90.33846179774524,123.5232193127199,141.85206446747864,71.58561467167037,163.30538592386398,217.39614187008922,180.42730264444302,177.24098614989174,232.44143414707182,225.9051876496086,167.2916863483797,147.47684704122318,128.31641040283765,56.67027180041903,132.6281978571765,211.80711455241698,172.45058211851935,43.616630821214855,166.21408625968294,258.7957757111985,227.44628358994927,1,Mammalian
1175.43,1144.7398629191916,1055.389539682301,915.2596306779071,736.583771077292,534.706345712092,326.56656553772746,129.3700381471384,48.43180546110585,181.44523530110004,272.4595055088242,316.64773608587495,316.1412906787098,277.6748966171662,211.80481732079693,132.78852715530527,66.24107864459943,75.78940504793229,124.24202239227996,157.26439829496195,165.1115977698653,147.96801032228808,111.94808462432819,72.84620531798947,69.8773870417147,108.92392315616586,150.2110464492615,176.39926569988592,180.89197327531474,162.00585710901177,121.85790563235264,65.82761528060189,1,Mammalian
1175.43,1144.7398629191916,1055.389539682301,915.2596306779071,736.583771077292,534.706345712092,326.56656553772746,129.3700381471384,48.43180546110585,181.44523530110004,272.4595055088242,316.64773608587495,316.1412906787098,277.6748966171662,211.80481732079693,132.78852715530527,66.24107864459943,75.78940504793229,124.24202239227996,157.26439829496195,165.1115977698653,147.96801032228808,111.94808462432819,72.84620531798947,69.8773870417147,108.92392315616586,150.2110464492615,176.39926569988592,180.89197327531474,162.00585710901177,121.85790563235264,65.82761528060189,0,E_coli
1175.43,1144.7398629191916,1055.389539682301,915.2596306779071,736.583771077292,534.706345712092,326.56656553772746,129.3700381471384,48.43180546110585,181.44523530110004,272.4595055088242,316.64773608587495,316.1412906787098,277.6748966171662,211.80481732079693,132.78852715530527,66.24107864459943,75.78940504793229,124.24202239227996,157.26439829496195,165.1115977698653,147.96801032228808,111.94808462432819,72.84620531798947,69.8773870417147,108.92392315616586,150.2110464492615,176.39926569988592,180.89197327531474,162.00585710901177,121.85790563235264,65.82761528060189,2,Yeast
1356.62,1310.240677787771,1176.5549332245864,971.1866366585097,717.8443127585736,445.22487638860326,183.85951049916454,53.952757992518634,214.74201606158823,312.2749904288599,338.34883026713567,300.2836732030305,214.49773394081993,107.73670455421855,70.26824028267988,152.95300580246717,220.92217860595161,247.4270798240045,227.92890193819332,167.4571432220311,79.3287918901608,39.65314420019205,131.03512842760034,207.64952325778538,251.05075769215392,254.27807837233001,217.70560543048924,148.54250482876023,59.68799168737403,35.99566206716149,116.56349476439523,171.71858866884824,0,E_coli
1356.62,1310.240677787771,1176.5549332245864,971.1866366585097,717.8443127585736,445.22487638860326,183.85951049916454,53.952757992518634,214.74201606158823,312.2749904288599,338.34883026713567,300.2836732030305,214.49773394081993,107.73670455421855,70.26824028267988,152.95300580246717,220.92217860595161,247.4270798240045,227.92890193819332,167.4571432220311,79.3287918901608,39.65314420019205,131.03512842760034,207.64952325778538,251.05075769215392,254.27807837233001,217.70560543048924,148.54250482876023,59.68799168737403,35.99566206716149,116.56349476439523,171.71858866884824,1,Mammalian
1356.62,1310.240677787771,1176.5549332245864,971.1866366585097,717.8443127585736,445.22487638860326,183.85951049916454,53.952757992518634,214.74201606158823,312.2749904288599,338.34883026713567,300.2836732030305,214.49773394081993,107.73670455421855,70.26824028267988,152.95300580246717,220.92217860595161,247.4270798240045,227.92890193819332,167.4571432220311,79.3287918901608,39.65314420019205,131.03512842760034,207.64952325778538,251.05075769215392,254.27807837233001,217.70560543048924,148.54250482876023,59.68799168737403,35.99566206716149,116.56349476439523,171.71858866884824,2,Yeast
1766.1,1666.2140539226357,1386.76655870461,983.603612321541,535.16021589126,126.64532109362949,188.40965839015473,350.1154833448191,365.5084624945248,263.89649562046645,103.69335735665241,99.06356149359422,218.7261559156423,268.53514118976597,240.4327830883041,162.42623401120787,109.09850319779827,146.19580918906541,180.37672422814398,158.93044754220523,80.94712625249433,34.34367954418682,145.60090456061022,224.82078759065965,248.34138166018283,211.42254610313668,128.94003422525304,43.7538390371974,85.41193591676078,134.9010251724483,135.38592490449022,90.8770833536419,1,Mammalian
1766.1,1666.2140539226357,1386.76655870461,983.603612321541,535.16021589126,126.64532109362949,188.40965839015473,350.1154833448191,365.5084624945248,263.89649562046645,103.69335735665241,99.06356149359422,218.7261559156423,268.53514118976597,240.4327830883041,162.42623401120787,109.09850319779827,146.19580918906541,180.37672422814398,158.93044754220523,80.94712625249433,34.34367954418682,145.60090456061022,224.82078759065965,248.34138166018283,211.42254610313668,128.94003422525304,43.7538390371974,85.41193591676078,134.9010251724483,135.38592490449022,90.8770833536419,2,Yeast
1766.1,1666.2140539226357,1386.76655870461,983.603612321541,535.16021589126,126.64532109362949,188.40965839015473,350.1154833448191,365.5084624945248,263.89649562046645,103.69335735665241,99.06356149359422,218.7261559156423,268.53514118976597,240.4327830883041,162.42623401120787,109.09850319779827,146.19580918906541,180.37672422814398,158.93044754220523,80.94712625249433,34.34367954418682,145.60090456061022,224.82078759065965,248.34138166018283,211.42254610313668,128.94003422525304,43.7538390371974,85.41193591676078,134.9010251724483,135.38592490449022,90.8770833536419,0,E_coli
1784.04,1711.7448242256291,1505.1414001246817,1193.4438896249003,820.3219837041044,438.5350149834026,128.27138243627192,224.55255409779383,384.105379165547,441.6731809687714,401.1202825086939,288.7917490416484,152.92541704279677,124.59816950956615,223.1927718459492,297.0173850421797,312.30236182264133,268.7825734870933,181.6488673022949,78.75207866788902,56.470738593126335,121.40450496796565,151.22911476244292,134.3949780755267,84.48560881056214,77.33369291902548,155.44644188683893,234.45092974592134,281.7494027620944,284.5412568694275,243.71230579343256,177.73904671747172,0,E_coli
1784.04,1711.7448242256291,1505.1414001246817,1193.4438896249003,820.3219837041044,438.5350149834026,128.27138243627192,224.55255409779383,384.105379165547,441.6731809687714,401.1202825086939,288.7917490416484,152.92541704279677,124.59816950956615,223.1927718459492,297.0173850421797,312.30236182264133,268.7825734870933,181.6488673022949,78.75207866788902,56.470738593126335,121.40450496796565,151.22911476244292,134.3949780755267,84.48560881056214,77.33369291902548,155.44644188683893,234.45092974592134,281.7494027620944,284.5412568694275,243.71230579343256,177.73904671747172,1,Mammalian
1784.04,1711.7448242256291,1505.1414001246817,1193.4438896249003,820.3219837041044,438.5350149834026,128.27138243627192,224.55255409779383,384.105379165547,441.6731809687714,401.1202825086939,288.7917490416484,152.92541704279677,124.59816950956615,223.1927718459492,297.0173850421797,312.30236182264133,268.7825734870933,181.6488673022949,78.75207866788902,56.470738593126335,121.40450496796565,151.22911476244292,134.3949780755267,84.48560881056214,77.33369291902548,155.44644188683893,234.45092974592134,281.7494027620944,284.5412568694275,243.71230579343256,177.73904671747172,2,Yeast
5109.42,2794.951346655009,583.1682918911408,708.7367397081546,611.4318366629134,254.29864790889917,533.3849810249272,119.34452599230214,498.1481460766241,222.21340852661874,396.9966843749718,247.89834018264318,206.97536159419053,232.3254074660518,176.05879259043354,189.42225913158748,237.93964823038624,337.44948731300127,251.23373973341972,329.205981357192,233.2076734142728,220.65340713989053,203.34312615578096,92.83920943912031,205.0137287120606,61.16297105953488,264.2127018332347,131.0890999526901,324.88304029092143,57.71832511632932,237.41143180441372,64.14240448507812,0,E_coli
5109.42,2794.951346655009,583.1682918911408,708.7367397081546,611.4318366629134,254.29864790889917,533.3849810249272,119.34452599230214,498.1481460766241,222.21340852661874,396.9966843749718,247.89834018264318,206.97536159419053,232.3254074660518,176.05879259043354,189.42225913158748,237.93964823038624,337.44948731300127,251.23373973341972,329.205981357192,233.2076734142728,220.65340713989053,203.34312615578096,92.83920943912031,205.0137287120606,61.16297105953488,264.2127018332347,131.0890999526901,324.88304029092143,57.71832511632932,237.41143180441372,64.14240448507812,1,Mammalian
5109.42,2794.951346655009,583.1682918911408,708.7367397081546,611.4318366629134,254.29864790889917,533.3849810249272,119.34452599230214,498.1481460766241,222.21340852661874,396.9966843749718,247.89834018264318,206.97536159419053,232.3254074660518,176.05879259043354,189.42225913158748,237.93964823038624,337.44948731300127,251.23373973341972,329.205981357192,233.2076734142728,220.65340713989053,203.34312615578096,92.83920943912031,205.0137287120606,61.16297105953488,264.2127018332347,131.0890999526901,324.88304029092143,57.71832511632932,237.41143180441372,64.14240448507812,2,Yeast
5123.45,2805.736620963413,578.7045146571305,716.2396018352612,600.5091274023696,241.6771138297728,544.3226423319207,105.33701020746285,504.4792077106358,221.80994224407138,382.9897885827936,260.9903863031597,218.30525623726774,230.83311000882605,170.65899235963442,175.68431205546446,242.04501585448918,333.981392870258,253.51374398583883,342.5812702409835,220.66062642075576,209.50562372887688,212.2287754547956,95.74553154352975,215.2981876088351,49.655983532281994,251.75892882689223,128.1216335765255,319.40655371051054,54.83465447513308,250.5572776103875,67.18847646031114,0,E_coli
5123.45,2805.736620963413,578.7045146571305,716.2396018352612,600.5091274023696,241.6771138297728,544.3226423319207,105.33701020746285,504.4792077106358,221.80994224407138,382.9897885827936,260.9903863031597,218.30525623726774,230.83311000882605,170.65899235963442,175.68431205546446,242.04501585448918,333.981392870258,253.51374398583883,342.5812702409835,220.66062642075576,209.50562372887688,212.2287754547956,95.74553154352975,215.2981876088351,49.655983532281994,251.75892882689223,128.1216335765255,319.40655371051054,54.83465447513308,250.5572776103875,67.18847646031114,2,Yeast
5123.45,2805.736620963413,578.7045146571305,716.2396018352612,600.5091274023696,241.6771138297728,544.3226423319207,105.33701020746285,504.4792077106358,221.80994224407138,382.9897885827936,260.9903863031597,218.30525623726774,230.83311000882605,170.65899235963442,175.68431205546446,242.04501585448918,333.981392870258,253.51374398583883,342.5812702409835,220.66062642075576,209.50562372887688,212.2287754547956,95.74553154352975,215.2981876088351,49.655983532281994,251.75892882689223,128.1216335765255,319.40655371051054,54.83465447513308,250.5572776103875,67.18847646031114,1,Mammalian
5141.51,2819.6619133151366,573.4129281545974,726.182572819687,586.6435598672075,225.6751479092008,558.6055629749984,87.31658174411884,513.0787798935153,222.59512244320962,364.96214214522297,277.9777669061795,233.3219996391511,230.16030701357582,165.2091237837676,158.07579628060284,248.39859520536731,330.34173780716833,257.54641416061594,359.871903321802,204.79305091946847,195.7023674862975,224.4413078089389,102.23636290480263,229.12265148383239,37.46707161779841,235.9884630479614,126.50910340509593,313.14235236680173,56.2902320381352,267.61136498326863,74.8918498714117,2,Yeast
5141.51,2819.6619133151366,573.4129281545974,726.182572819687,586.6435598672075,225.6751479092008,558.6055629749984,87.31658174411884,513.0787798935153,222.59512244320962,364.96214214522297,277.9777669061795,233.3219996391511,230.16030701357582,165.2091237837676,158.07579628060284,248.39859520536731,330.34173780716833,257.54641416061594,359.871903321802,204.79305091946847,195.7023674862975,224.4413078089389,102.23636290480263,229.12265148383239,37.46707161779841,235.9884630479614,126.50910340509593,313.14235236680173,56.2902320381352,267.61136498326863,74.8918498714117,1,Mammalian
5141.51,2819.6619133151366,573.4129281545974,726.182572819687,586.6435598672075,225.6751479092008,558.6055629749984,87.31658174411884,513.0787798935153,222.59512244320962,364.96214214522297,277.9777669061795,233.3219996391511,230.16030701357582,165.2091237837676,158.07579628060284,248.39859520536731,330.34173780716833,257.54641416061594,359.871903321802,204.79305091946847,195.7023674862975,224.4413078089389,102.23636290480263,229.12265148383239,37.46707161779841,235.9884630479614,126.50910340509593,313.14235236680173,56.2902320381352,267.61136498326863,74.8918498714117,0,E_coli
5051.389999999999,2750.6529238283756,604.7464891793957,679.9031624126704,657.8627392834192,307.8011652307528,489.82246685222225,177.31929489902075,475.4768970948397,233.02665778298183,454.9462463128565,195.13752261837328,164.5932684928432,247.01318104531705,207.17635888627183,246.59385694200512,229.44847896641184,357.330585629925,250.08010368984583,274.57892978461115,286.56857423994046,269.6361741941823,173.94499577581513,102.63427122745567,168.3243064119475,114.87785168660493,317.124510509882,156.6764398940387,352.59715836552994,94.10364020875575,184.42748898513642,81.49390132192875,1,Mammalian
5051.389999999999,2750.6529238283756,604.7464891793957,679.9031624126704,657.8627392834192,307.8011652307528,489.82246685222225,177.31929489902075,475.4768970948397,233.02665778298183,454.9462463128565,195.13752261837328,164.5932684928432,247.01318104531705,207.17635888627183,246.59385694200512,229.44847896641184,357.330585629925,250.08010368984583,274.57892978461115,286.56857423994046,269.6361741941823,173.94499577581513,102.63427122745567,168.3243064119475,114.87785168660493,317.124510509882,156.6764398940387,352.59715836552994,94.10364020875575,184.42748898513642,81.49390132192875,2,Yeast
5051.389999999999,2750.6529238283756,604.7464891793957,679.9031624126704,657.8627392834192,307.8011652307528,489.82246685222225,177.31929489902075,475.4768970948397,233.02665778298183,454.9462463128565,195.13752261837328,164.5932684928432,247.01318104531705,207.17635888627183,246.59385694200512,229.44847896641184,357.330585629925,250.08010368984583,274.57892978461115,286.56857423994046,269.6361741941823,173.94499577581513,102.63427122745567,168.3243064119475,114.87785168660493,317.124510509882,156.6764398940387,352.59715836552994,94.10364020875575,184.42748898513642,81.49390132192875,0,E_coli
5131.48,2811.9224031037475,576.2878453127854,720.6215918844422,594.3162751901631,234.5252735331108,550.6458525582501,97.32279357499615,508.2415611464657,221.97805648931103,374.9737894736388,268.5261843062687,224.92688792347667,230.3594552886268,168.01811013447792,167.84320937479478,244.72585682759382,332.2468333283991,255.15687312362633,350.2596003202901,213.56244281540253,203.28593417927053,217.55838519294466,98.27534799718738,221.3696364079847,43.73795353289283,244.70784496182344,127.09070591495475,316.509401996004,54.75598205559432,258.12312493055526,70.1455340754796,0,E_coli
5131.48,2811.9224031037475,576.2878453127854,720.6215918844422,594.3162751901631,234.5252735331108,550.6458525582501,97.32279357499615,508.2415611464657,221.97805648931103,374.9737894736388,268.5261843062687,224.92688792347667,230.3594552886268,168.01811013447792,167.84320937479478,244.72585682759382,332.2468333283991,255.15687312362633,350.2596003202901,213.56244281540253,203.28593417927053,217.55838519294466,98.27534799718738,221.3696364079847,43.73795353289283,244.70784496182344,127.09070591495475,316.509401996004,54.75598205559432,258.12312493055526,70.1455340754796,1,Mammalian
5131.48,2811.9224031037475,576.2878453127854,720.6215918844422,594.3162751901631,234.5252735331108,550.6458525582501,97.32279357499615,508.2415611464657,221.97805648931103,374.9737894736388,268.5261843062687,224.92688792347667,230.3594552886268,168.01811013447792,167.84320937479478,244.72585682759382,332.2468333283991,255.15687312362633,350.2596003202901,213.56244281540253,203.28593417927053,217.55838519294466,98.27534799718738,221.3696364079847,43.73795353289283,244.70784496182344,127.09070591495475,316.509401996004,54.75598205559432,258.12312493055526,70.1455340754796,2,Yeast
5107.49,2793.46995406701,583.806050722817,707.7201668650306,612.9442879288599,256.04636708958475,531.8917281736376,121.27183973734734,497.3018944420662,222.3381339622727,398.9236331559105,246.10545521763999,205.44287459122182,232.5961667208939,176.8757938291962,191.3154003237253,237.4342235230632,337.9693551900098,250.9798485462775,327.37033333991144,234.94680056211416,222.21247581757035,202.16642490761922,92.59873285770992,203.63396962278188,62.826191218852465,265.93815442443963,131.60914778147884,325.67648622629287,58.368278054993304,235.6110375002657,63.95326377865604,1,Mammalian
5107.49,2793.46995406701,583.806050722817,707.7201668650306,612.9442879288599,256.04636708958475,531.8917281736376,121.27183973734734,497.3018944420662,222.3381339622727,398.9236331559105,246.10545521763999,205.44287459122182,232.5961667208939,176.8757938291962,191.3154003237253,237.4342235230632,337.9693551900098,250.9798485462775,327.37033333991144,234.94680056211416,222.21247581757035,202.16642490761922,92.59873285770992,203.63396962278188,62.826191218852465,265.93815442443963,131.60914778147884,325.67648622629287,58.368278054993304,235.6110375002657,63.95326377865604,0,E_coli
5107.49,2793.46995406701,583.806050722817,707.7201668650306,612.9442879288599,256.04636708958475,531.8917281736376,121.27183973734734,497.3018944420662,222.3381339622727,398.9236331559105,246.10545521763999,205.44287459122182,232.5961667208939,176.8757938291962,191.3154003237253,237.4342235230632,337.9693551900098,250.9798485462775,327.37033333991144,234.94680056211416,222.21247581757035,202.16642490761922,92.59873285770992,203.63396962278188,62.826191218852465,265.93815442443963,131.60914778147884,325.67648622629287,58.368278054993304,235.6110375002657,63.95326377865604,2,Yeast
5122.51,2805.0131180823755,578.9940343911815,715.730777868917,601.236910491459,242.51790987645865,543.5853874891922,106.27531838239507,504.04531079392876,221.8092619725913,383.9281878830424,260.1101717502928,217.53632332872667,230.90675172530146,170.99012717906493,176.60330946992298,241.74668994631534,334.1964688114215,253.33734276761686,341.6834941446306,221.49570820869747,210.2417293892565,211.61603249561324,95.48916538080184,214.5958724361953,50.38699313958333,252.5881573489638,128.27464357456734,319.7571658937962,54.920673734939776,249.6735074474113,66.89681720399462,2,Yeast
5122.51,2805.0131180823755,578.9940343911815,715.730777868917,601.236910491459,242.51790987645865,543.5853874891922,106.27531838239507,504.04531079392876,221.8092619725913,383.9281878830424,260.1101717502928,217.53632332872667,230.90675172530146,170.99012717906493,176.60330946992298,241.74668994631534,334.1964688114215,253.33734276761686,341.6834941446306,221.49570820869747,210.2417293892565,211.61603249561324,95.48916538080184,214.5958724361953,50.38699313958333,252.5881573489638,128.27464357456734,319.7571658937962,54.920673734939776,249.6735074474113,66.89681720399462,1,Mammalian
5122.51,2805.0131180823755,578.9940343911815,715.730777868917,601.236910491459,242.51790987645865,543.5853874891922,106.27531838239507,504.04531079392876,221.8092619725913,383.9281878830424,260.1101717502928,217.53632332872667,230.90675172530146,170.99012717906493,176.60330946992298,241.74668994631534,334.1964688114215,253.33734276761686,341.6834941446306,221.49570820869747,210.2417293892565,211.61603249561324,95.48916538080184,214.5958724361953,50.38699313958333,252.5881573489638,128.27464357456734,319.7571658937962,54.920673734939776,249.6735074474113,66.89681720399462,0,E_coli
5107.49,2793.46995406701,583.806050722817,707.7201668650306,612.9442879288599,256.04636708958475,531.8917281736376,121.27183973734734,497.3018944420662,222.3381339622727,398.9236331559105,246.10545521763999,205.44287459122182,232.5961667208939,176.8757938291962,191.3154003237253,237.4342235230632,337.9693551900098,250.9798485462775,327.37033333991144,234.94680056211416,222.21247581757035,202.16642490761922,92.59873285770992,203.63396962278188,62.826191218852465,265.93815442443963,131.60914778147884,325.67648622629287,58.368278054993304,235.6110375002657,63.95326377865604,2,Yeast
5107.49,2793.46995406701,583.806050722817,707.7201668650306,612.9442879288599,256.04636708958475,531.8917281736376,121.27183973734734,497.3018944420662,222.3381339622727,398.9236331559105,246.10545521763999,205.44287459122182,232.5961667208939,176.8757938291962,191.3154003237253,237.4342235230632,337.9693551900098,250.9798485462775,327.37033333991144,234.94680056211416,222.21247581757035,202.16642490761922,92.59873285770992,203.63396962278188,62.826191218852465,265.93815442443963,131.60914778147884,325.67648622629287,58.368278054993304,235.6110375002657,63.95326377865604,1,Mammalian
5107.49,2793.46995406701,583.806050722817,707.7201668650306,612.9442879288599,256.04636708958475,531.8917281736376,121.27183973734734,497.3018944420662,222.3381339622727,398.9236331559105,246.10545521763999,205.44287459122182,232.5961667208939,176.8757938291962,191.3154003237253,237.4342235230632,337.9693551900098,250.9798485462775,327.37033333991144,234.94680056211416,222.21247581757035,202.16642490761922,92.59873285770992,203.63396962278188,62.826191218852465,265.93815442443963,131.60914778147884,325.67648622629287,58.368278054993304,235.6110375002657,63.95326377865604,0,E_coli
5125.53,2807.3380195094633,578.0687931097546,717.3686055621007,598.9008143904778,239.81924742128479,545.9562287476199,103.2608632088009,505.44421001132616,221.8256068404455,380.9133586146771,262.9395662203561,220.01144799112583,230.6836901393307,169.9424573584246,173.65158506709716,242.71677836523773,333.5144045455579,253.91601271141596,344.5686391225152,218.81581123614015,207.8826377628865,213.5930887912991,96.34298992493846,216.85864512632727,48.06426391973545,249.92682749699185,127.80698392522756,318.6392167143597,54.70128013565309,252.51429770765853,67.87568112070137,2,Yeast
5125.53,2807.3380195094633,578.0687931097546,717.3686055621007,598.9008143904778,239.81924742128479,545.9562287476199,103.2608632088009,505.44421001132616,221.8256068404455,380.9133586146771,262.9395662203561,220.01144799112583,230.6836901393307,169.9424573584246,173.65158506709716,242.71677836523773,333.5144045455579,253.91601271141596,344.5686391225152,218.81581123614015,207.8826377628865,213.5930887912991,96.34298992493846,216.85864512632727,48.06426391973545,249.92682749699185,127.80698392522756,318.6392167143597,54.70128013565309,252.51429770765853,67.87568112070137,0,E_coli
5125.53,2807.3380195094633,578.0687931097546,717.3686055621007,598.9008143904778,239.81924742128479,545.9562287476199,103.2608632088009,505.44421001132616,221.8256068404455,380.9133586146771,262.9395662203561,220.01144799112583,230.6836901393307,169.9424573584246,173.65158506709716,242.71677836523773,333.5144045455579,253.91601271141596,344.5686391225152,218.81581123614015,207.8826377628865,213.5930887912991,96.34298992493846,216.85864512632727,48.06426391973545,249.92682749699185,127.80698392522756,318.6392167143597,54.70128013565309,252.51429770765853,67.87568112070137,1,Mammalian
5108.4400000000005,2794.1990685014616,583.4914173115875,708.220077533372,612.1995236803397,255.18576251120288,532.6263982138706,120.32315122531803,497.71768771850117,222.27465511335208,397.9751313558613,246.98770507899937,206.1963733864301,232.46092837263328,176.4714778431424,190.38345076116283,237.6811835211192,337.7121832953658,251.10299915897886,328.2737553971736,234.09037964400719,221.44432822299174,202.7441876651909,92.7121593244249,204.3120117177366,62.0055757328811,265.0884858903094,131.34987907408248,325.2847407518124,58.041242871559724,236.4969864698225,64.03916535370549,1,Mammalian
5108.4400000000005,2794.1990685014616,583.4914173115875,708.220077533372,612.1995236803397,255.18576251120288,532.6263982138706,120.32315122531803,497.71768771850117,222.27465511335208,397.9751313558613,246.98770507899937,206.1963733864301,232.46092837263328,176.4714778431424,190.38345076116283,237.6811835211192,337.7121832953658,251.10299915897886,328.2737553971736,234.09037964400719,221.44432822299174,202.7441876651909,92.7121593244249,204.3120117177366,62.0055757328811,265.0884858903094,131.34987907408248,325.2847407518124,58.041242871559724,236.4969864698225,64.03916535370549,0,E_coli
5108.4400000000005,2794.1990685014616,583.4914173115875,708.220077533372,612.1995236803397,255.18576251120288,532.6263982138706,120.32315122531803,497.71768771850117,222.27465511335208,397.9751313558613,246.98770507899937,206.1963733864301,232.46092837263328,176.4714778431424,190.38345076116283,237.6811835211192,337.7121832953658,251.10299915897886,328.2737553971736,234.09037964400719,221.44432822299174,202.7441876651909,92.7121593244249,204.3120117177366,62.0055757328811,265.0884858903094,131.34987907408248,325.2847407518124,58.041242871559724,236.4969864698225,64.03916535370549,2,Yeast
5091.45,2781.179566951518,589.3242755076744,699.4204552719624,625.6029928373604,270.66729770551353,519.5928240010334,137.29243469462153,490.5061842969343,224.0162875011579,414.93937217741893,231.2904092526645,192.98270437530877,235.44724328263771,184.30873842734522,207.0754022365411,233.80853213687462,342.68018831447415,249.43821414053042,312.15852210495683,249.50910231203537,235.38253987537655,192.85707761695917,92.15287846100767,192.533279633579,77.13137842454364,280.38138386620227,136.91093087926393,332.630958613855,65.74311774094706,220.73293732702908,64.6289552216102,2,Yeast
5091.45,2781.179566951518,589.3242755076744,699.4204552719624,625.6029928373604,270.66729770551353,519.5928240010334,137.29243469462153,490.5061842969343,224.0162875011579,414.93937217741893,231.2904092526645,192.98270437530877,235.44724328263771,184.30873842734522,207.0754022365411,233.80853213687462,342.68018831447415,249.43821414053042,312.15852210495683,249.50910231203537,235.38253987537655,192.85707761695917,92.15287846100767,192.533279633579,77.13137842454364,280.38138386620227,136.91093087926393,332.630958613855,65.74311774094706,220.73293732702908,64.6289552216102,1,Mammalian
5091.45,2781.179566951518,589.3242755076744,699.4204552719624,625.6029928373604,270.66729770551353,519.5928240010334,137.29243469462153,490.5061842969343,224.0162875011579,414.93937217741893,231.2904092526645,192.98270437530877,235.44724328263771,184.30873842734522,207.0754022365411,233.80853213687462,342.68018831447415,249.43821414053042,312.15852210495683,249.50910231203537,235.38253987537655,192.85707761695917,92.15287846100767,192.533279633579,77.13137842454364,280.38138386620227,136.91093087926393,332.630958613855,65.74311774094706,220.73293732702908,64.6289552216102,0,E_coli
5122.47,2804.9823335737747,579.0063850197156,715.7091451465216,601.2678930418674,242.55370458770312,543.554028820064,106.31524705285973,504.02687769664095,221.8093213890254,383.96811994186066,260.07272509348957,217.5036325937783,230.90996977598508,171.0043184160773,176.6424206458223,241.73406814100477,334.2056765554305,253.32991097758642,341.6452959446936,221.53126225202988,210.27308908587315,211.5900115985023,95.47844619530494,214.56602703917346,50.418253576406315,252.62346087737617,128.28130337928118,319.7721383274763,54.92468799409172,249.63590931878053,66.88467100262687,0,E_coli
5122.47,2804.9823335737747,579.0063850197156,715.7091451465216,601.2678930418674,242.55370458770312,543.554028820064,106.31524705285973,504.02687769664095,221.8093213890254,383.96811994186066,260.07272509348957,217.5036325937783,230.90996977598508,171.0043184160773,176.6424206458223,241.73406814100477,334.2056765554305,253.32991097758642,341.6452959446936,221.53126225202988,210.27308908587315,211.5900115985023,95.47844619530494,214.56602703917346,50.418253576406315,252.62346087737617,128.28130337928118,319.7721383274763,54.92468799409172,249.63590931878053,66.88467100262687,2,Yeast
5122.47,2804.9823335737747,579.0063850197156,715.7091451465216,601.2678930418674,242.55370458770312,543.554028820064,106.31524705285973,504.02687769664095,221.8093213890254,383.96811994186066,260.07272509348957,217.5036325937783,230.90996977598508,171.0043184160773,176.6424206458223,241.73406814100477,334.2056765554305,253.32991097758642,341.6452959446936,221.53126225202988,210.27308908587315,211.5900115985023,95.47844619530494,214.56602703917346,50.418253576406315,252.62346087737617,128.28130337928118,319.7721383274763,54.92468799409172,249.63590931878053,66.88467100262687,1,Mammalian
5150.52,2826.6266318026073,570.9682773468969,731.2592755724353,579.8124894192717,217.81225287022153,565.8119373782195,78.33313884179606,517.5512788246111,223.53203762149906,355.9695094523738,286.50170857200254,240.96997953077673,230.35392817034833,163.17096493437384,149.33136419172715,251.99275426091108,328.8818762904637,260.00431218213674,368.52566664460215,197.0180482372324,189.08441628321722,230.82096830767819,106.47668775887537,236.23341462843425,33.434870138284055,228.24761092273374,126.66336793894114,310.3630370181921,59.103191475007094,276.1673475824195,79.99204155893699,0,E_coli
5150.52,2826.6266318026073,570.9682773468969,731.2592755724353,579.8124894192717,217.81225287022153,565.8119373782195,78.33313884179606,517.5512788246111,223.53203762149906,355.9695094523738,286.50170857200254,240.96997953077673,230.35392817034833,163.17096493437384,149.33136419172715,251.99275426091108,328.8818762904637,260.00431218213674,368.52566664460215,197.0180482372324,189.08441628321722,230.82096830767819,106.47668775887537,236.23341462843425,33.434870138284055,228.24761092273374,126.66336793894114,310.3630370181921,59.103191475007094,276.1673475824195,79.99204155893699,1,Mammalian
5150.52,2826.6266318026073,570.9682773468969,731.2592755724353,579.8124894192717,217.81225287022153,565.8119373782195,78.33313884179606,517.5512788246111,223.53203762149906,355.9695094523738,286.50170857200254,240.96997953077673,230.35392817034833,163.17096493437384,149.33136419172715,251.99275426091108,328.8818762904637,260.00431218213674,368.52566664460215,197.0180482372324,189.08441628321722,230.82096830767819,106.47668775887537,236.23341462843425,33.434870138284055,228.24761092273374,126.66336793894114,310.3630370181921,59.103191475007094,276.1673475824195,79.99204155893699,2,Yeast
5081.41,2773.506071593697,592.9730152303091,694.3634541724289,633.6044606343339,279.89816619395526,511.99988769045945,147.3224373298196,486.47337703098975,225.6413033613844,424.96511762274565,222.10376290959076,185.463590063827,237.76566767110643,189.5045652312879,216.96102608275388,232.075013950231,345.9748107904605,248.99474064263012,302.6804310760561,258.7131198122007,243.80118206822263,187.4936659023342,93.2868505112158,185.95217998201704,86.39612008252455,289.50747684822755,141.05867407909756,337.29933629040755,71.81169970974537,211.50665805549818,67.03079510482738,1,Mammalian
5095.4400000000005,2784.2332741014434,587.9155507457159,701.4599396367948,622.4395337254028,267.01507047268643,522.6332608696898,133.30682569140438,492.15656201325686,223.4924802581166,410.9552303476451,234.9606681467405,196.0335870026779,234.63883277319388,182.35628003527574,203.1509573858045,234.613224264959,341.44402674119976,249.72634357826243,315.93485296016496,245.8694996864482,232.07269565686977,195.0911077669413,92.00306451186358,195.23046193484052,73.50603129704909,276.7721535578922,135.4340791561126,330.84201417973236,63.6112717399643,224.41895466718591,64.08751991078888,1,Mammalian
5095.4400000000005,2784.2332741014434,587.9155507457159,701.4599396367948,622.4395337254028,267.01507047268643,522.6332608696898,133.30682569140438,492.15656201325686,223.4924802581166,410.9552303476451,234.9606681467405,196.0335870026779,234.63883277319388,182.35628003527574,203.1509573858045,234.613224264959,341.44402674119976,249.72634357826243,315.93485296016496,245.8694996864482,232.07269565686977,195.0911077669413,92.00306451186358,195.23046193484052,73.50603129704909,276.7721535578922,135.4340791561126,330.84201417973236,63.6112717399643,224.41895466718591,64.08751991078888,0,E_coli
5095.4400000000005,2784.2332741014434,587.9155507457159,701.4599396367948,622.4395337254028,267.01507047268643,522.6332608696898,133.30682569140438,492.15656201325686,223.4924802581166,410.9552303476451,234.9606681467405,196.0335870026779,234.63883277319388,182.35628003527574,203.1509573858045,234.613224264959,341.44402674119976,249.72634357826243,315.93485296016496,245.8694996864482,232.07269565686977,195.0911077669413,92.00306451186358,195.23046193484052,73.50603129704909,276.7721535578922,135.4340791561126,330.84201417973236,63.6112717399643,224.41895466718591,64.08751991078888,2,Yeast
5093.47,2782.7252578303364,588.6081275645136,700.4508777552483,624.0002578762467,268.8171003291764,521.1304917567285,135.27462534970562,491.33835715937704,223.74236249527394,412.9223238288369,233.14722234700122,194.52301321567083,235.02985472864935,183.31202084654808,205.08827438244293,234.2077703663991,342.04910354046876,249.57615356479062,314.06968840521284,247.66514738906096,233.70422420895238,193.98104890407305,92.05545165765267,193.8931978794625,75.29138016617482,278.5528562166454,136.15064033169224,331.7204851507191,64.64184766074465,222.597731243524,64.32448963058874,2,Yeast
5093.47,2782.7252578303364,588.6081275645136,700.4508777552483,624.0002578762467,268.8171003291764,521.1304917567285,135.27462534970562,491.33835715937704,223.74236249527394,412.9223238288369,233.14722234700122,194.52301321567083,235.02985472864935,183.31202084654808,205.08827438244293,234.2077703663991,342.04910354046876,249.57615356479062,314.06968840521284,247.66514738906096,233.70422420895238,193.98104890407305,92.05545165765267,193.8931978794625,75.29138016617482,278.5528562166454,136.15064033169224,331.7204851507191,64.64184766074465,222.597731243524,64.32448963058874,0,E_coli
5093.47,2782.7252578303364,588.6081275645136,700.4508777552483,624.0002578762467,268.8171003291764,521.1304917567285,135.27462534970562,491.33835715937704,223.74236249527394,412.9223238288369,233.14722234700122,194.52301321567083,235.02985472864935,183.31202084654808,205.08827438244293,234.2077703663991,342.04910354046876,249.57615356479062,314.06968840521284,247.66514738906096,233.70422420895238,193.98104890407305,92.05545165765267,193.8931978794625,75.29138016617482,278.5528562166454,136.15064033169224,331.7204851507191,64.64184766074465,222.597731243524,64.32448963058874,1,Mammalian
5180.5599999999995,2849.930345726695,563.7822194220842,748.7202380819416,557.4847181331237,192.32527062906948,590.1966771036305,48.45298967871098,533.2923885152973,229.20126703231693,325.9943428672562,315.1166211656356,267.0833741160512,233.52361307084618,159.89484449982635,120.45992097277181,265.8377223044162,325.7724991298082,270.21571990133214,397.492339819834,171.96875836094674,168.6290616008615,253.24874394359205,124.34242635817523,260.7908341020621,36.57555591272856,203.19637201601617,131.70757300347574,302.85409171185313,75.81872778753764,304.88267535068434,101.02226646106935,1,Mammalian
5180.5599999999995,2849.930345726695,563.7822194220842,748.7202380819416,557.4847181331237,192.32527062906948,590.1966771036305,48.45298967871098,533.2923885152973,229.20126703231693,325.9943428672562,315.1166211656356,267.0833741160512,233.52361307084618,159.89484449982635,120.45992097277181,265.8377223044162,325.7724991298082,270.21571990133214,397.492339819834,171.96875836094674,168.6290616008615,253.24874394359205,124.34242635817523,260.7908341020621,36.57555591272856,203.19637201601617,131.70757300347574,302.85409171185313,75.81872778753764,304.88267535068434,101.02226646106935,2,Yeast
5180.5599999999995,2849.930345726695,563.7822194220842,748.7202380819416,557.4847181331237,192.32527062906948,590.1966771036305,48.45298967871098,533.2923885152973,229.20126703231693,325.9943428672562,315.1166211656356,267.0833741160512,233.52361307084618,159.89484449982635,120.45992097277181,265.8377223044162,325.7724991298082,270.21571990133214,397.492339819834,171.96875836094674,168.6290616008615,253.24874394359205,124.34242635817523,260.7908341020621,36.57555591272856,203.19637201601617,131.70757300347574,302.85409171185313,75.81872778753764,304.88267535068434,101.02226646106935,0,E_coli
5157.51,2832.037839911969,569.1627297757462,735.2497168031873,574.5542968744697,211.7751473492147,571.4379345891665,71.36835429665238,521.1019396110752,224.50542363552353,348.9936002093465,293.1346500490006,246.96660881993273,230.74649960088252,161.91777199450144,142.57017575648464,254.96560964177095,327.9154058558655,262.10870513022206,375.2508476993008,191.06091610485205,184.09011322627597,235.88857755947183,110.16224762119919,241.83720212898453,31.747992646107434,222.3081051253143,127.2232221035401,308.37095973557683,62.10355161712338,282.824543735977,84.40026027905668,0,E_coli
5157.51,2832.037839911969,569.1627297757462,735.2497168031873,574.5542968744697,211.7751473492147,571.4379345891665,71.36835429665238,521.1019396110752,224.50542363552353,348.9936002093465,293.1346500490006,246.96660881993273,230.74649960088252,161.91777199450144,142.57017575648464,254.96560964177095,327.9154058558655,262.10870513022206,375.2508476993008,191.06091610485205,184.09011322627597,235.88857755947183,110.16224762119919,241.83720212898453,31.747992646107434,222.3081051253143,127.2232221035401,308.37095973557683,62.10355161712338,282.824543735977,84.40026027905668,1,Mammalian
5157.51,2832.037839911969,569.1627297757462,735.2497168031873,574.5542968744697,211.7751473492147,571.4379345891665,71.36835429665238,521.1019396110752,224.50542363552353,348.9936002093465,293.1346500490006,246.96660881993273,230.74649960088252,161.91777199450144,142.57017575648464,254.96560964177095,327.9154058558655,262.10870513022206,375.2508476993008,191.06091610485205,184.09011322627597,235.88857755947183,110.16224762119919,241.83720212898453,31.747992646107434,222.3081051253143,127.2232221035401,308.37095973557683,62.10355161712338,282.824543735977,84.40026027905668,2,Yeast
