p_0,p_1,p_2,p_3,p_4,p_5,p_6,p_7,p_8,p_9,p_10,p_11,p_12,p_13,p_14,p_15,p_16,p_17,p_18,p_19,p_20,p_21,p_22,p_23,p_24,p_25,p_26,p_27,p_28,p_29,p_30,p_31,target,experimental_characteristics
1.0,1.0190335809940412,1.0734248622877274,1.156313441673541,1.259280126749765,1.3743578624073118,1.4948689358167222,1.615493533248506,1.7320508075688772,1.841244319484043,1.9404553240747853,2.0275947489671604,2.1010029896154583,2.159383991930359,2.2017627176929335,2.227458318534033,2.23606797749979,2.227458318534033,2.201762717692934,2.1593839919303583,2.1010029896154587,2.027594748967161,1.940455324074785,1.8412443194840429,1.7320508075688772,1.6154935332485065,1.4948689358167224,1.3743578624073116,1.2592801267497653,1.156313441673541,1.0734248622877274,1.0190335809940412,1,Mammalian
2.0,1.9975909124103448,1.9903694533443936,1.9783530199295618,1.9615705608064609,1.940062506389088,1.9138806714644176,1.8830881303660416,1.8477590650225735,1.8079785862468867,1.7638425286967099,1.7154572200005442,1.6629392246050905,1.6064150629612897,1.5460209067254738,1.4819022507099184,1.4142135623730951,1.3431179096940367,1.2687865683272912,1.1913986089848667,1.1111404660392044,1.0282054883864435,0.9427934736519953,0.8551101868605643,0.7653668647301797,0.6737797067844402,0.5805693545089247,0.4859603598065278,0.39018064403225655,0.29346094891072344,0.19603428065912118,0.09813534865483603,1,Mammalian
2.0,1.9975909124103448,1.9903694533443936,1.9783530199295618,1.9615705608064609,1.940062506389088,1.9138806714644176,1.8830881303660416,1.8477590650225735,1.8079785862468867,1.7638425286967099,1.7154572200005442,1.6629392246050905,1.6064150629612897,1.5460209067254738,1.4819022507099184,1.4142135623730951,1.3431179096940367,1.2687865683272912,1.1913986089848667,1.1111404660392044,1.0282054883864435,0.9427934736519953,0.8551101868605643,0.7653668647301797,0.6737797067844402,0.5805693545089247,0.4859603598065278,0.39018064403225655,0.29346094891072344,0.19603428065912118,0.09813534865483603,1,Mammalian
5.0,4.951940014150855,4.809329625829034,4.576819896069508,4.261972627395669,3.8749829947359147,3.4283060893352704,2.9362015507577306,2.414213562373095,1.8786059242950344,1.3457736013090251,0.8316530076127909,0.3511533023570845,0.08236987009616582,0.457578420990317,0.7655362801473398,1.0,1.1576048414655822,1.23793970905483,1.2435085791140152,1.1795804271032744,1.0539339396911998,0.8765073307693841,0.6589672123595476,0.41421356237309515,0.15584026269321744,0.10242764012508923,0.34729793734249426,0.5664544973505214,0.7490585531406727,0.8861885042161123,0.9712011074620673,1,Mammalian
3.0,2.990369453344394,2.9615705608064613,2.913880671464418,2.8477590650225735,2.76384252869671,2.6629392246050902,2.5460209067254738,2.414213562373095,2.2687865683272905,2.1111404660392044,1.9427934736519952,1.76536686473018,1.5805693545089246,1.3901806440322566,1.196034280659121,1.0,0.8039657193408789,0.6098193559677434,0.4194306454910752,0.2346331352698204,0.05720652634800475,0.11114046603920442,0.26878656832729086,0.41421356237309503,0.546020906725474,0.6629392246050906,0.76384252869671,0.8477590650225735,0.9138806714644179,0.961570560806461,0.9903694533443936,1,Mammalian
1.0,1.1591582885572262,1.5281655816720492,1.9651671982146923,2.398034786697577,2.791029002852918,3.1233133744338897,3.3815983176221946,3.5576472913278483,3.6473549187188836,3.6503427894917766,3.5697105183420916,3.4118126299488667,3.1860246204861173,2.904511615193232,2.5820570803372993,2.23606797749979,1.886956339041207,1.5591354278915466,1.2823384254580044,1.0899365591022208,1.005077846127655,1.0169357764440896,1.0829042039842802,1.1589416510366775,1.2165318163678986,1.2420172947138142,1.2323189127071763,1.192057900037627,1.1320360879364562,1.0680658688496654,1.018672081884555,1,Mammalian
3.0,2.990369453344394,2.9615705608064613,2.913880671464418,2.8477590650225735,2.76384252869671,2.6629392246050902,2.5460209067254738,2.414213562373095,2.2687865683272905,2.1111404660392044,1.9427934736519952,1.76536686473018,1.5805693545089246,1.3901806440322566,1.196034280659121,1.0,0.8039657193408789,0.6098193559677434,0.4194306454910752,0.2346331352698204,0.05720652634800475,0.11114046603920442,0.26878656832729086,0.41421356237309503,0.546020906725474,0.6629392246050906,0.76384252869671,0.8477590650225735,0.9138806714644179,0.961570560806461,0.9903694533443936,1,Mammalian
4.0,3.9759439323399066,3.904250124808811,3.7863316061764487,3.6245097854115516,3.4219647570990066,3.1826672397917086,2.9112936187524854,2.613125929752753,2.2939389460534145,1.9598768093558312,1.6173218713457083,1.2727585805728339,0.9326353561768497,0.6032274330734786,0.29050364172505155,0.0,0.26329715326725295,0.495055960369419,0.6916895213811751,0.8504300947672563,0.9693854240239012,1.0475759796923985,1.0849523195285238,1.082392200292394,1.041677513216104,0.9654515522165492,0.857157549887509,0.720959822006948,0.5616492379498408,0.3845350738498034,0.19532560025588747,1,Mammalian
2.0,1.9975909124103448,1.9903694533443936,1.9783530199295618,1.9615705608064609,1.940062506389088,1.9138806714644176,1.8830881303660416,1.8477590650225735,1.8079785862468867,1.7638425286967099,1.7154572200005442,1.6629392246050905,1.6064150629612897,1.5460209067254738,1.4819022507099184,1.4142135623730951,1.3431179096940367,1.2687865683272912,1.1913986089848667,1.1111404660392044,1.0282054883864435,0.9427934736519953,0.8551101868605643,0.7653668647301797,0.6737797067844402,0.5805693545089247,0.4859603598065278,0.39018064403225655,0.29346094891072344,0.19603428065912118,0.09813534865483603,1,Mammalian
3.0,2.990369453344394,2.9615705608064613,2.913880671464418,2.8477590650225735,2.76384252869671,2.6629392246050902,2.5460209067254738,2.414213562373095,2.2687865683272905,2.1111404660392044,1.9427934736519952,1.76536686473018,1.5805693545089246,1.3901806440322566,1.196034280659121,1.0,0.8039657193408789,0.6098193559677434,0.4194306454910752,0.2346331352698204,0.05720652634800475,0.11114046603920442,0.26878656832729086,0.41421356237309503,0.546020906725474,0.6629392246050906,0.76384252869671,0.8477590650225735,0.9138806714644179,0.961570560806461,0.9903694533443936,1,Mammalian
1.0,1.0,1.0,1.0,1.0,1.0,1.0,1.0,1.0,1.0,1.0,1.0,1.0,1.0,1.0,1.0,1.0,1.0,1.0,1.0,1.0,1.0,1.0,1.0,1.0,1.0,1.0,1.0,1.0,1.0,1.0,1.0,1,Mammalian
1.0,1.0,1.0,1.0,1.0,1.0,1.0,1.0,1.0,1.0,1.0,1.0,1.0,1.0,1.0,1.0,1.0,1.0,1.0,1.0,1.0,1.0,1.0,1.0,1.0,1.0,1.0,1.0,1.0,1.0,1.0,1.0,1,Mammalian
1.0,1.0,1.0,1.0,1.0,1.0,1.0,1.0,1.0,1.0,1.0,1.0,1.0,1.0,1.0,1.0,1.0,1.0,1.0,1.0,1.0,1.0,1.0,1.0,1.0,1.0,1.0,1.0,1.0,1.0,1.0,1.0,1,Mammalian
0.0,0.09813534865483603,0.19603428065912118,0.29346094891072344,0.39018064403225655,0.4859603598065278,0.5805693545089247,0.6737797067844402,0.7653668647301797,0.8551101868605643,0.9427934736519953,1.0282054883864435,1.1111404660392044,1.1913986089848667,1.2687865683272912,1.3431179096940367,1.4142135623730951,1.4819022507099184,1.5460209067254738,1.6064150629612897,1.6629392246050905,1.7154572200005442,1.7638425286967099,1.8079785862468867,1.8477590650225735,1.8830881303660416,1.9138806714644176,1.940062506389088,1.9615705608064609,1.9783530199295618,1.9903694533443936,1.9975909124103448,1,Mammalian
2.0,2.0190316445959873,2.0733140949217925,2.1552480374975698,2.2544161550814863,2.359620360998267,2.460308896995934,2.5473151317372316,2.613125929752753,2.6519104617282996,2.659456904491153,2.633089995992615,2.5715998774600903,2.475194994588184,2.345489524613457,2.18554424232685,2.0,1.7953819551371109,1.580721003190803,1.368725589285742,1.1776561765843405,1.0328780533071709,0.9629584483010337,0.9835501527507374,1.082392200292394,1.2293028998674538,1.395306465032916,1.5595485731333958,1.708100640977459,1.8316402203661268,1.9238941404865886,1.9807855053286372,1,Mammalian
12.0,11.322530375342465,9.425693602210282,6.684264356424501,3.6245097854115516,0.8029063197409694,1.318303935242269,2.468075556239791,2.613125929752753,1.94470753612511,0.8118075550156939,0.37947730141429664,1.2727585805728339,1.6464435546704392,1.456319850121501,0.8272843791445853,0.0,0.7498068550114576,1.1951708136574886,1.2210857617274034,0.8504300947672563,0.22744994132359225,0.4339201784048733,0.9197781639975736,1.082392200292394,0.8830915546591237,0.39990312674225087,0.20111756335030379,0.720959822006948,0.9915169542776048,0.9283497904963349,0.5562402487596789,1,Mammalian
10.0,9.395044480110023,7.719638683686036,5.372944927906479,3.0137007482980778,1.8875101559724383,2.500957975045935,2.939868936172729,2.613125929752753,1.7742727226156945,1.4659087972301184,2.3486542300083864,3.2577792942052954,3.645355640253546,3.419840980380946,2.7427616313436967,2.0,1.737900823613665,2.0101428253217817,2.291590513936607,2.3209640389819155,2.107302303766925,1.7570379998891164,1.3751003150714436,1.082392200292394,1.133894618490594,1.6025019735553692,2.1904092008102407,2.630134559239813,2.765240356412261,2.571442704204562,2.2022771481338315,1,Mammalian
12.0,11.322530375342465,9.425693602210282,6.684264356424501,3.6245097854115516,0.8029063197409694,1.318303935242269,2.468075556239791,2.613125929752753,1.94470753612511,0.8118075550156939,0.37947730141429664,1.2727585805728339,1.6464435546704392,1.456319850121501,0.8272843791445853,0.0,0.7498068550114576,1.1951708136574886,1.2210857617274034,0.8504300947672563,0.22744994132359225,0.4339201784048733,0.9197781639975736,1.082392200292394,0.8830915546591237,0.39990312674225087,0.20111756335030379,0.720959822006948,0.9915169542776048,0.9283497904963349,0.5562402487596789,1,Mammalian
6.0,5.916006438728995,5.668092653505521,5.268233856886368,4.735650251450756,4.095744463883446,3.37870152045083,2.6178326698417616,1.8477590650225735,1.1025403370685478,0.4138559026303573,0.19065671490117844,0.688811980233627,1.064955556233495,1.310653238390939,1.4249535782754927,1.4142135623730951,1.2915026416536965,1.0756253148783437,0.7898248700360108,0.4602494507349998,0.11427523716333716,0.22121058863489246,0.5214627434327659,0.7653668647301797,0.9366755067134579,1.0249179011278444,1.0259305804785328,0.9419794025981427,0.7814686717441959,0.5582583998021915,0.2906347595506404,1,Mammalian
5.0,4.951940014150855,4.809329625829034,4.576819896069508,4.261972627395669,3.8749829947359147,3.4283060893352704,2.9362015507577306,2.414213562373095,1.8786059242950344,1.3457736013090251,0.8316530076127909,0.3511533023570845,0.08236987009616582,0.457578420990317,0.7655362801473398,1.0,1.1576048414655822,1.23793970905483,1.2435085791140152,1.1795804271032744,1.0539339396911998,0.8765073307693841,0.6589672123595476,0.41421356237309515,0.15584026269321744,0.10242764012508923,0.34729793734249426,0.5664544973505214,0.7490585531406727,0.8861885042161123,0.9712011074620673,1,Mammalian
4.0,3.9759439323399066,3.904250124808811,3.7863316061764487,3.6245097854115516,3.4219647570990066,3.1826672397917086,2.9112936187524854,2.613125929752753,2.2939389460534145,1.9598768093558312,1.6173218713457083,1.2727585805728339,0.9326353561768497,0.6032274330734786,0.29050364172505155,0.0,0.26329715326725295,0.495055960369419,0.6916895213811751,0.8504300947672563,0.9693854240239012,1.0475759796923985,1.0849523195285238,1.082392200292394,1.041677513216104,0.9654515522165492,0.857157549887509,0.720959822006948,0.5616492379498408,0.3845350738498034,0.19532560025588747,1,Mammalian
0.0,0.0,0.0,0.0,0.0,0.0,0.0,0.0,0.0,0.0,0.0,0.0,0.0,0.0,0.0,0.0,0.0,0.0,0.0,0.0,0.0,0.0,0.0,0.0,0.0,0.0,0.0,0.0,0.0,0.0,0.0,0.0,1,Mammalian
16.0,14.410847689013677,10.202297237378326,4.819086040655195,0.0,2.9101418126699197,3.444894196476668,2.098925729185755,0.0,1.6538378142414754,2.121355371980695,1.3754191923176873,0.0,1.187019652119686,1.5763092469025004,1.0529332921301406,0.0,0.954323108488164,1.29364356671998,0.8803537734302072,0.0,0.8243945380186434,1.1338880696327154,0.7822070311733098,0.0,0.7510076345169224,1.0449972298793777,0.7289525763813036,0.0,0.714843886872853,1.0048385723763111,0.7079595494688493,1,Mammalian
13.0,12.140361503939646,9.762989743576604,6.4168269657538435,2.8477590650225735,0.2019410568670786,2.1854177428991157,2.8793721254204607,2.414213562373095,1.2024245578939694,0.2079291871842992,1.3062738186719693,1.7653668647301795,1.5175261852851905,0.7430670352184847,0.21849232058678658,1.0,1.3350091201911698,1.1408917699778,0.5323096169704986,0.23463313526982066,0.8638526414021843,1.1284280886542988,0.9488260718627182,0.41421356237309515,0.2580656486385823,0.8077937824318621,1.0296528621277934,0.8477590650225736,0.34057607514781674,0.2916892406750925,0.8041761969286038,1,Mammalian
13.0,12.140361503939646,9.762989743576604,6.4168269657538435,2.8477590650225735,0.2019410568670786,2.1854177428991157,2.8793721254204607,2.414213562373095,1.2024245578939694,0.2079291871842992,1.3062738186719693,1.7653668647301795,1.5175261852851905,0.7430670352184847,0.21849232058678658,1.0,1.3350091201911698,1.1408917699778,0.5323096169704986,0.23463313526982066,0.8638526414021843,1.1284280886542988,0.9488260718627182,0.41421356237309515,0.2580656486385823,0.8077937824318621,1.0296528621277934,0.8477590650225736,0.34057607514781674,0.2916892406750925,0.8041761969286038,1,Mammalian
12.0,11.322530375342465,9.425693602210282,6.684264356424501,3.6245097854115516,0.8029063197409694,1.318303935242269,2.468075556239791,2.613125929752753,1.94470753612511,0.8118075550156939,0.37947730141429664,1.2727585805728339,1.6464435546704392,1.456319850121501,0.8272843791445853,0.0,0.7498068550114576,1.1951708136574886,1.2210857617274034,0.8504300947672563,0.22744994132359225,0.4339201784048733,0.9197781639975736,1.082392200292394,0.8830915546591237,0.39990312674225087,0.20111756335030379,0.720959822006948,0.9915169542776048,0.9283497904963349,0.5562402487596789,1,Mammalian
9.0,8.713579750637846,7.88648241280722,6.610973329126979,5.027339492125848,3.3056504106648554,1.6239118829299184,0.1456490120831617,1.0,1.7329956694242492,2.0300105218705307,1.9240833104617825,1.496605762665489,0.86302391209146,0.1545053246564264,0.5016534303663088,1.0,1.2707235780659158,1.2874143193574692,1.0678791923416384,0.6681786379192987,0.17106864892301468,0.32915033233601804,0.742883748685411,1.0,1.0608058540637957,0.9216052782157493,0.6141032080468066,0.19891236737965823,0.2456388495435611,0.637462841984117,0.9050795010202224,1,Mammalian
0.0,0.09813534865483603,0.19603428065912118,0.29346094891072344,0.39018064403225655,0.4859603598065278,0.5805693545089247,0.6737797067844402,0.7653668647301797,0.8551101868605643,0.9427934736519953,1.0282054883864435,1.1111404660392044,1.1913986089848667,1.2687865683272912,1.3431179096940367,1.4142135623730951,1.4819022507099184,1.5460209067254738,1.6064150629612897,1.6629392246050905,1.7154572200005442,1.7638425286967099,1.8079785862468867,1.8477590650225735,1.8830881303660416,1.9138806714644176,1.940062506389088,1.9615705608064609,1.9783530199295618,1.9903694533443936,1.9975909124103448,1,Mammalian
1.0,1.0190335809940412,1.0734248622877274,1.156313441673541,1.2592801267497653,1.3743578624073116,1.4948689358167224,1.6154935332485065,1.7320508075688772,1.8412443194840429,1.940455324074785,2.027594748967161,2.1010029896154587,2.1593839919303583,2.201762717692934,2.227458318534033,2.23606797749979,2.227458318534033,2.2017627176929335,2.159383991930359,2.1010029896154583,2.0275947489671604,1.9404553240747853,1.841244319484043,1.7320508075688772,1.615493533248506,1.4948689358167222,1.3743578624073118,1.259280126749765,1.156313441673541,1.0734248622877274,1.0190335809940412,1,Mammalian
0.0,0.09813534865483603,0.19603428065912118,0.29346094891072344,0.39018064403225655,0.4859603598065278,0.5805693545089247,0.6737797067844402,0.7653668647301797,0.8551101868605643,0.9427934736519953,1.0282054883864435,1.1111404660392044,1.1913986089848667,1.2687865683272912,1.3431179096940367,1.4142135623730951,1.4819022507099184,1.5460209067254738,1.6064150629612897,1.6629392246050905,1.7154572200005442,1.7638425286967099,1.8079785862468867,1.8477590650225735,1.8830881303660416,1.9138806714644176,1.940062506389088,1.9615705608064609,1.9783530199295618,1.9903694533443936,1.9975909124103448,1,Mammalian
1.0,1.0,1.0,1.0,1.0,1.0,1.0,1.0,1.0,1.0,1.0,1.0,1.0,1.0,1.0,1.0,1.0,1.0,1.0,1.0,1.0,1.0,1.0,1.0,1.0,1.0,1.0,1.0,1.0,1.0,1.0,1.0,0,Mammalian
1.0,1.0,1.0,1.0,1.0,1.0,1.0,1.0,1.0,1.0,1.0,1.0,1.0,1.0,1.0,1.0,1.0,1.0,1.0,1.0,1.0,1.0,1.0,1.0,1.0,1.0,1.0,1.0,1.0,1.0,1.0,1.0,0,Mammalian
1.0,1.0190335809940412,1.0734248622877274,1.156313441673541,1.259280126749765,1.3743578624073118,1.4948689358167222,1.615493533248506,1.7320508075688772,1.841244319484043,1.9404553240747853,2.0275947489671604,2.1010029896154583,2.159383991930359,2.2017627176929335,2.227458318534033,2.23606797749979,2.227458318534033,2.201762717692934,2.1593839919303583,2.1010029896154587,2.027594748967161,1.940455324074785,1.8412443194840429,1.7320508075688772,1.6154935332485065,1.4948689358167224,1.3743578624073116,1.2592801267497653,1.156313441673541,1.0734248622877274,1.0190335809940412,0,Mammalian
3.0,2.990369453344394,2.9615705608064613,2.913880671464418,2.8477590650225735,2.76384252869671,2.6629392246050902,2.5460209067254738,2.414213562373095,2.2687865683272905,2.1111404660392044,1.9427934736519952,1.76536686473018,1.5805693545089246,1.3901806440322566,1.196034280659121,1.0,0.8039657193408789,0.6098193559677434,0.4194306454910752,0.2346331352698204,0.05720652634800475,0.11114046603920442,0.26878656832729086,0.41421356237309503,0.546020906725474,0.6629392246050906,0.76384252869671,0.8477590650225735,0.9138806714644179,0.961570560806461,0.9903694533443936,0,Mammalian
1.0,1.018672081884555,1.0680658688496651,1.1320360879364564,1.192057900037627,1.2323189127071765,1.2420172947138137,1.2165318163678984,1.1589416510366775,1.0829042039842804,1.0169357764440903,1.0050778461276548,1.0899365591022208,1.2823384254580041,1.5591354278915466,1.8869563390412072,2.23606797749979,2.5820570803372993,2.904511615193232,3.186024620486118,3.4118126299488667,3.5697105183420916,3.6503427894917766,3.647354918718883,3.5576472913278483,3.3815983176221946,3.1233133744338892,2.791029002852918,2.398034786697577,1.9651671982146919,1.528165581672049,1.1591582885572262,0,Mammalian
5.0,5.4552720840366655,6.377417331737655,7.066565317944847,7.11360228339643,6.410622037852328,5.092717670365598,3.5239860311792253,2.414213562373095,2.558208930114409,3.27489461214811,3.684889834426131,3.548152943448935,2.921672698420405,2.0185595005943893,1.1933197911599525,1.0,1.3109837546882588,1.5087259582444332,1.465247109287514,1.269496284622892,1.0592214400118218,0.8904883532507842,0.6903322695690689,0.41421356237309503,0.44601779220202326,0.9431162454870511,1.4534982719359266,1.7876387853479865,1.8473127419704274,1.623134606809951,1.2319859868167504,0,Mammalian
1.0,1.0,1.0,1.0,1.0,1.0,1.0,1.0,1.0,1.0,1.0,1.0,1.0,1.0,1.0,1.0,1.0,1.0,1.0,1.0,1.0,1.0,1.0,1.0,1.0,1.0,1.0,1.0,1.0,1.0,1.0,1.0,0,Mammalian
4.0,4.457325621596903,5.418739145481774,6.2707802743201615,6.658931206954103,6.450371645702259,5.673731665319934,4.491028571834099,3.2004125807650623,2.304718657835608,2.311572629025458,2.8237023640614773,3.199724364339569,3.205095657260802,2.8319645846239827,2.181830657028055,1.4142135623730951,0.7361746712084165,0.509285313135616,0.7210961824407164,0.8894949374642904,0.9737316042660441,1.068953134056214,1.2105414665831082,1.3256542961423674,1.31902052064866,1.150104416076044,0.885982987055726,0.7932199754985386,1.0947170290350265,1.535536106538474,1.875153764786963,0,Mammalian
6.0,5.709074287446974,5.04504487725931,4.573371976101539,4.757963100000616,5.311269398074069,5.6106406058356475,5.322800335700634,4.5260668769074295,3.7226677275491826,3.631449230591721,4.231741839697321,4.78548276020079,4.806278060728791,4.19532617269422,3.1306781510464297,2.0,1.3813074267438972,1.4386345969485408,1.4471408182214243,1.0484058144731088,0.29508738005766166,0.6000606357892365,1.3889800271114112,1.8747582846226951,1.9698416334351858,1.7243015139931896,1.3400379925090793,1.1669563569527885,1.3746793893136002,1.696198982315803,1.9228403178096898,0,Mammalian
5.0,4.951940014150855,4.809329625829034,4.576819896069508,4.261972627395669,3.8749829947359147,3.4283060893352704,2.9362015507577306,2.414213562373095,1.8786059242950344,1.3457736013090251,0.8316530076127909,0.3511533023570845,0.08236987009616582,0.457578420990317,0.7655362801473398,1.0,1.1576048414655822,1.23793970905483,1.2435085791140152,1.1795804271032744,1.0539339396911998,0.8765073307693841,0.6589672123595476,0.41421356237309515,0.15584026269321744,0.10242764012508923,0.34729793734249426,0.5664544973505214,0.7490585531406727,0.8861885042161123,0.9712011074620673,0,Mammalian
4.0,3.9196442164500938,3.6829441179845435,3.302943422148068,2.801385204684028,2.2097787611365076,1.5756779160158918,0.9969095403114137,0.7653668647301797,1.1085380259948276,1.6466096758244835,2.1657508765263223,2.6010318846046814,2.9250045522337573,3.1257649507511487,3.2021518592732825,3.1622776601683795,3.022790057255541,2.8082819876479723,2.550650079554723,2.2879320652654482,2.0610811924581594,1.9057340648655074,1.8385067812856162,1.8477590650225735,1.9013508640821113,1.9647862111403969,2.013804947831165,2.037704820374489,2.0376536037829216,2.0230612628626536,2.0068446568032177,0,Mammalian
6.0,5.916006438728995,5.668092653505521,5.268233856886368,4.735650251450756,4.095744463883446,3.37870152045083,2.6178326698417616,1.8477590650225735,1.1025403370685478,0.4138559026303573,0.19065671490117844,0.688811980233627,1.064955556233495,1.310653238390939,1.4249535782754927,1.4142135623730951,1.2915026416536965,1.0756253148783437,0.7898248700360108,0.4602494507349998,0.11427523716333716,0.22121058863489246,0.5214627434327659,0.7653668647301797,0.9366755067134579,1.0249179011278444,1.0259305804785328,0.9419794025981427,0.7814686717441959,0.5582583998021915,0.2906347595506404,0,Mammalian
5.0,4.951940014150855,4.809329625829034,4.576819896069508,4.261972627395669,3.8749829947359147,3.4283060893352704,2.9362015507577306,2.414213562373095,1.8786059242950344,1.3457736013090251,0.8316530076127909,0.3511533023570845,0.08236987009616582,0.457578420990317,0.7655362801473398,1.0,1.1576048414655822,1.23793970905483,1.2435085791140152,1.1795804271032744,1.0539339396911998,0.8765073307693841,0.6589672123595476,0.41421356237309515,0.15584026269321744,0.10242764012508923,0.34729793734249426,0.5664544973505214,0.7490585531406727,0.8861885042161123,0.9712011074620673,0,Mammalian
5.0,4.951940014150855,4.809329625829034,4.576819896069508,4.261972627395669,3.8749829947359147,3.4283060893352704,2.9362015507577306,2.414213562373095,1.8786059242950344,1.3457736013090251,0.8316530076127909,0.3511533023570845,0.08236987009616582,0.457578420990317,0.7655362801473398,1.0,1.1576048414655822,1.23793970905483,1.2435085791140152,1.1795804271032744,1.0539339396911998,0.8765073307693841,0.6589672123595476,0.41421356237309515,0.15584026269321744,0.10242764012508923,0.34729793734249426,0.5664544973505214,0.7490585531406727,0.8861885042161123,0.9712011074620673,0,Mammalian
5.0,4.951940014150855,4.809329625829034,4.576819896069508,4.261972627395669,3.8749829947359147,3.4283060893352704,2.9362015507577306,2.414213562373095,1.8786059242950344,1.3457736013090251,0.8316530076127909,0.3511533023570845,0.08236987009616582,0.457578420990317,0.7655362801473398,1.0,1.1576048414655822,1.23793970905483,1.2435085791140152,1.1795804271032744,1.0539339396911998,0.8765073307693841,0.6589672123595476,0.41421356237309515,0.15584026269321744,0.10242764012508923,0.34729793734249426,0.5664544973505214,0.7490585531406727,0.8861885042161123,0.9712011074620673,0,Mammalian
6.0,5.916006438728995,5.668092653505521,5.268233856886368,4.735650251450756,4.095744463883446,3.37870152045083,2.6178326698417616,1.8477590650225735,1.1025403370685478,0.4138559026303573,0.19065671490117844,0.688811980233627,1.064955556233495,1.310653238390939,1.4249535782754927,1.4142135623730951,1.2915026416536965,1.0756253148783437,0.7898248700360108,0.4602494507349998,0.11427523716333716,0.22121058863489246,0.5214627434327659,0.7653668647301797,0.9366755067134579,1.0249179011278444,1.0259305804785328,0.9419794025981427,0.7814686717441959,0.5582583998021915,0.2906347595506404,0,Mammalian
5.0,4.951940014150855,4.809329625829034,4.576819896069508,4.261972627395669,3.8749829947359147,3.4283060893352704,2.9362015507577306,2.414213562373095,1.8786059242950344,1.3457736013090251,0.8316530076127909,0.3511533023570845,0.08236987009616582,0.457578420990317,0.7655362801473398,1.0,1.1576048414655822,1.23793970905483,1.2435085791140152,1.1795804271032744,1.0539339396911998,0.8765073307693841,0.6589672123595476,0.41421356237309515,0.15584026269321744,0.10242764012508923,0.34729793734249426,0.5664544973505214,0.7490585531406727,0.8861885042161123,0.9712011074620673,0,Mammalian
5.0,4.951940014150855,4.809329625829034,4.576819896069508,4.261972627395669,3.8749829947359147,3.4283060893352704,2.9362015507577306,2.414213562373095,1.8786059242950344,1.3457736013090251,0.8316530076127909,0.3511533023570845,0.08236987009616582,0.457578420990317,0.7655362801473398,1.0,1.1576048414655822,1.23793970905483,1.2435085791140152,1.1795804271032744,1.0539339396911998,0.8765073307693841,0.6589672123595476,0.41421356237309515,0.15584026269321744,0.10242764012508923,0.34729793734249426,0.5664544973505214,0.7490585531406727,0.8861885042161123,0.9712011074620673,0,Mammalian
6.0,5.916006438728995,5.668092653505521,5.268233856886368,4.735650251450756,4.095744463883446,3.37870152045083,2.6178326698417616,1.8477590650225735,1.1025403370685478,0.4138559026303573,0.19065671490117844,0.688811980233627,1.064955556233495,1.310653238390939,1.4249535782754927,1.4142135623730951,1.2915026416536965,1.0756253148783437,0.7898248700360108,0.4602494507349998,0.11427523716333716,0.22121058863489246,0.5214627434327659,0.7653668647301797,0.9366755067134579,1.0249179011278444,1.0259305804785328,0.9419794025981427,0.7814686717441959,0.5582583998021915,0.2906347595506404,0,Mammalian
5.0,4.951940014150855,4.809329625829034,4.576819896069508,4.261972627395669,3.8749829947359147,3.4283060893352704,2.9362015507577306,2.414213562373095,1.8786059242950344,1.3457736013090251,0.8316530076127909,0.3511533023570845,0.08236987009616582,0.457578420990317,0.7655362801473398,1.0,1.1576048414655822,1.23793970905483,1.2435085791140152,1.1795804271032744,1.0539339396911998,0.8765073307693841,0.6589672123595476,0.41421356237309515,0.15584026269321744,0.10242764012508923,0.34729793734249426,0.5664544973505214,0.7490585531406727,0.8861885042161123,0.9712011074620673,0,Mammalian
5.0,4.951940014150855,4.809329625829034,4.576819896069508,4.261972627395669,3.8749829947359147,3.4283060893352704,2.9362015507577306,2.414213562373095,1.8786059242950344,1.3457736013090251,0.8316530076127909,0.3511533023570845,0.08236987009616582,0.457578420990317,0.7655362801473398,1.0,1.1576048414655822,1.23793970905483,1.2435085791140152,1.1795804271032744,1.0539339396911998,0.8765073307693841,0.6589672123595476,0.41421356237309515,0.15584026269321744,0.10242764012508923,0.34729793734249426,0.5664544973505214,0.7490585531406727,0.8861885042161123,0.9712011074620673,0,Mammalian
5.0,4.951940014150855,4.809329625829034,4.576819896069508,4.261972627395669,3.8749829947359147,3.4283060893352704,2.9362015507577306,2.414213562373095,1.8786059242950344,1.3457736013090251,0.8316530076127909,0.3511533023570845,0.08236987009616582,0.457578420990317,0.7655362801473398,1.0,1.1576048414655822,1.23793970905483,1.2435085791140152,1.1795804271032744,1.0539339396911998,0.8765073307693841,0.6589672123595476,0.41421356237309515,0.15584026269321744,0.10242764012508923,0.34729793734249426,0.5664544973505214,0.7490585531406727,0.8861885042161123,0.9712011074620673,0,Mammalian
5.0,4.951940014150855,4.809329625829034,4.576819896069508,4.261972627395669,3.8749829947359147,3.4283060893352704,2.9362015507577306,2.414213562373095,1.8786059242950344,1.3457736013090251,0.8316530076127909,0.3511533023570845,0.08236987009616582,0.457578420990317,0.7655362801473398,1.0,1.1576048414655822,1.23793970905483,1.2435085791140152,1.1795804271032744,1.0539339396911998,0.8765073307693841,0.6589672123595476,0.41421356237309515,0.15584026269321744,0.10242764012508923,0.34729793734249426,0.5664544973505214,0.7490585531406727,0.8861885042161123,0.9712011074620673,0,Mammalian
4.0,4.005532127497395,4.016469665145053,4.017495830896605,3.9877861087669024,3.9058755363622555,3.7537902605299935,3.51987374859573,3.200412580765062,2.8004866082039337,2.3347240658841324,1.8294653500970968,1.3312232492708356,0.9377842258466099,0.8372240509011475,1.0684563127257576,1.4142135623730951,1.7355456964801113,1.976871171448048,2.1139545518607803,2.137987467481608,2.051461593264005,1.867510663225446,1.611382071745059,1.3256542961423672,1.082225193790862,0.9851528505114742,1.09027435015398,1.3245437705935241,1.5847662752433744,1.805272192512774,1.9498704107740166,0,Mammalian
4.0,4.005532127497395,4.016469665145053,4.017495830896605,3.9877861087669024,3.9058755363622555,3.7537902605299935,3.51987374859573,3.200412580765062,2.8004866082039337,2.3347240658841324,1.8294653500970968,1.3312232492708356,0.9377842258466099,0.8372240509011475,1.0684563127257576,1.4142135623730951,1.7355456964801113,1.976871171448048,2.1139545518607803,2.137987467481608,2.051461593264005,1.867510663225446,1.611382071745059,1.3256542961423672,1.082225193790862,0.9851528505114742,1.09027435015398,1.3245437705935241,1.5847662752433744,1.805272192512774,1.9498704107740166,1,Yeast
2.0,1.9975909124103448,1.9903694533443936,1.9783530199295618,1.9615705608064609,1.940062506389088,1.9138806714644176,1.8830881303660416,1.8477590650225735,1.8079785862468867,1.7638425286967099,1.7154572200005442,1.6629392246050905,1.6064150629612897,1.5460209067254738,1.4819022507099184,1.4142135623730951,1.3431179096940367,1.2687865683272912,1.1913986089848667,1.1111404660392044,1.0282054883864435,0.9427934736519953,0.8551101868605643,0.7653668647301797,0.6737797067844402,0.5805693545089247,0.4859603598065278,0.39018064403225655,0.29346094891072344,0.19603428065912118,0.09813534865483603,0,Mammalian
2.0,1.9975909124103448,1.9903694533443936,1.9783530199295618,1.9615705608064609,1.940062506389088,1.9138806714644176,1.8830881303660416,1.8477590650225735,1.8079785862468867,1.7638425286967099,1.7154572200005442,1.6629392246050905,1.6064150629612897,1.5460209067254738,1.4819022507099184,1.4142135623730951,1.3431179096940367,1.2687865683272912,1.1913986089848667,1.1111404660392044,1.0282054883864435,0.9427934736519953,0.8551101868605643,0.7653668647301797,0.6737797067844402,0.5805693545089247,0.4859603598065278,0.39018064403225655,0.29346094891072344,0.19603428065912118,0.09813534865483603,1,Yeast
2.0,1.9975909124103448,1.9903694533443936,1.9783530199295618,1.9615705608064609,1.940062506389088,1.9138806714644176,1.8830881303660416,1.8477590650225735,1.8079785862468867,1.7638425286967099,1.7154572200005442,1.6629392246050905,1.6064150629612897,1.5460209067254738,1.4819022507099184,1.4142135623730951,1.3431179096940367,1.2687865683272912,1.1913986089848667,1.1111404660392044,1.0282054883864435,0.9427934736519953,0.8551101868605643,0.7653668647301797,0.6737797067844402,0.5805693545089247,0.4859603598065278,0.39018064403225655,0.29346094891072344,0.19603428065912118,0.09813534865483603,0,Mammalian
2.0,1.9975909124103448,1.9903694533443936,1.9783530199295618,1.9615705608064609,1.940062506389088,1.9138806714644176,1.8830881303660416,1.8477590650225735,1.8079785862468867,1.7638425286967099,1.7154572200005442,1.6629392246050905,1.6064150629612897,1.5460209067254738,1.4819022507099184,1.4142135623730951,1.3431179096940367,1.2687865683272912,1.1913986089848667,1.1111404660392044,1.0282054883864435,0.9427934736519953,0.8551101868605643,0.7653668647301797,0.6737797067844402,0.5805693545089247,0.4859603598065278,0.39018064403225655,0.29346094891072344,0.19603428065912118,0.09813534865483603,1,Yeast
2.0,1.9975909124103448,1.9903694533443936,1.9783530199295618,1.9615705608064609,1.940062506389088,1.9138806714644176,1.8830881303660416,1.8477590650225735,1.8079785862468867,1.7638425286967099,1.7154572200005442,1.6629392246050905,1.6064150629612897,1.5460209067254738,1.4819022507099184,1.4142135623730951,1.3431179096940367,1.2687865683272912,1.1913986089848667,1.1111404660392044,1.0282054883864435,0.9427934736519953,0.8551101868605643,0.7653668647301797,0.6737797067844402,0.5805693545089247,0.4859603598065278,0.39018064403225655,0.29346094891072344,0.19603428065912118,0.09813534865483603,1,Yeast
2.0,1.9975909124103448,1.9903694533443936,1.9783530199295618,1.9615705608064609,1.940062506389088,1.9138806714644176,1.8830881303660416,1.8477590650225735,1.8079785862468867,1.7638425286967099,1.7154572200005442,1.6629392246050905,1.6064150629612897,1.5460209067254738,1.4819022507099184,1.4142135623730951,1.3431179096940367,1.2687865683272912,1.1913986089848667,1.1111404660392044,1.0282054883864435,0.9427934736519953,0.8551101868605643,0.7653668647301797,0.6737797067844402,0.5805693545089247,0.4859603598065278,0.39018064403225655,0.29346094891072344,0.19603428065912118,0.09813534865483603,0,Mammalian
2.0,1.9975909124103448,1.9903694533443936,1.9783530199295618,1.9615705608064609,1.940062506389088,1.9138806714644176,1.8830881303660416,1.8477590650225735,1.8079785862468867,1.7638425286967099,1.7154572200005442,1.6629392246050905,1.6064150629612897,1.5460209067254738,1.4819022507099184,1.4142135623730951,1.3431179096940367,1.2687865683272912,1.1913986089848667,1.1111404660392044,1.0282054883864435,0.9427934736519953,0.8551101868605643,0.7653668647301797,0.6737797067844402,0.5805693545089247,0.4859603598065278,0.39018064403225655,0.29346094891072344,0.19603428065912118,0.09813534865483603,1,Yeast
2.0,1.9975909124103448,1.9903694533443936,1.9783530199295618,1.9615705608064609,1.940062506389088,1.9138806714644176,1.8830881303660416,1.8477590650225735,1.8079785862468867,1.7638425286967099,1.7154572200005442,1.6629392246050905,1.6064150629612897,1.5460209067254738,1.4819022507099184,1.4142135623730951,1.3431179096940367,1.2687865683272912,1.1913986089848667,1.1111404660392044,1.0282054883864435,0.9427934736519953,0.8551101868605643,0.7653668647301797,0.6737797067844402,0.5805693545089247,0.4859603598065278,0.39018064403225655,0.29346094891072344,0.19603428065912118,0.09813534865483603,0,Mammalian
2.0,1.9975909124103448,1.9903694533443936,1.9783530199295618,1.9615705608064609,1.940062506389088,1.9138806714644176,1.8830881303660416,1.8477590650225735,1.8079785862468867,1.7638425286967099,1.7154572200005442,1.6629392246050905,1.6064150629612897,1.5460209067254738,1.4819022507099184,1.4142135623730951,1.3431179096940367,1.2687865683272912,1.1913986089848667,1.1111404660392044,1.0282054883864435,0.9427934736519953,0.8551101868605643,0.7653668647301797,0.6737797067844402,0.5805693545089247,0.4859603598065278,0.39018064403225655,0.29346094891072344,0.19603428065912118,0.09813534865483603,1,Yeast
2.0,1.9975909124103448,1.9903694533443936,1.9783530199295618,1.9615705608064609,1.940062506389088,1.9138806714644176,1.8830881303660416,1.8477590650225735,1.8079785862468867,1.7638425286967099,1.7154572200005442,1.6629392246050905,1.6064150629612897,1.5460209067254738,1.4819022507099184,1.4142135623730951,1.3431179096940367,1.2687865683272912,1.1913986089848667,1.1111404660392044,1.0282054883864435,0.9427934736519953,0.8551101868605643,0.7653668647301797,0.6737797067844402,0.5805693545089247,0.4859603598065278,0.39018064403225655,0.29346094891072344,0.19603428065912118,0.09813534865483603,0,Mammalian
2.0,1.9975909124103448,1.9903694533443936,1.9783530199295618,1.9615705608064609,1.940062506389088,1.9138806714644176,1.8830881303660416,1.8477590650225735,1.8079785862468867,1.7638425286967099,1.7154572200005442,1.6629392246050905,1.6064150629612897,1.5460209067254738,1.4819022507099184,1.4142135623730951,1.3431179096940367,1.2687865683272912,1.1913986089848667,1.1111404660392044,1.0282054883864435,0.9427934736519953,0.8551101868605643,0.7653668647301797,0.6737797067844402,0.5805693545089247,0.4859603598065278,0.39018064403225655,0.29346094891072344,0.19603428065912118,0.09813534865483603,0,Mammalian
2.0,1.9975909124103448,1.9903694533443936,1.9783530199295618,1.9615705608064609,1.940062506389088,1.9138806714644176,1.8830881303660416,1.8477590650225735,1.8079785862468867,1.7638425286967099,1.7154572200005442,1.6629392246050905,1.6064150629612897,1.5460209067254738,1.4819022507099184,1.4142135623730951,1.3431179096940367,1.2687865683272912,1.1913986089848667,1.1111404660392044,1.0282054883864435,0.9427934736519953,0.8551101868605643,0.7653668647301797,0.6737797067844402,0.5805693545089247,0.4859603598065278,0.39018064403225655,0.29346094891072344,0.19603428065912118,0.09813534865483603,1,Yeast
4.0,3.7784560820713406,3.1589143618658415,2.2811742838530593,1.4348860826466199,1.2349123895880205,1.759389341203259,2.3107974692498483,2.632286494311462,2.7198495762561112,2.6782911283985777,2.638702581024991,2.653348202111449,2.646831720390565,2.486602103451206,2.0780479569080716,1.4142135623730951,0.666631971536057,0.8768805332138269,1.811368953745548,2.702385810512548,3.4138181386324535,3.9271036938325348,4.293335762143547,4.590323279668381,4.8592153576815065,5.061903876455327,5.097158101640514,4.857772759127315,4.287952113327191,3.428621015072333,2.4856620081969396,1,Yeast
4.0,3.7784560820713406,3.1589143618658415,2.2811742838530593,1.4348860826466199,1.2349123895880205,1.759389341203259,2.3107974692498483,2.632286494311462,2.7198495762561112,2.6782911283985777,2.638702581024991,2.653348202111449,2.646831720390565,2.486602103451206,2.0780479569080716,1.4142135623730951,0.666631971536057,0.8768805332138269,1.811368953745548,2.702385810512548,3.4138181386324535,3.9271036938325348,4.293335762143547,4.590323279668381,4.8592153576815065,5.061903876455327,5.097158101640514,4.857772759127315,4.287952113327191,3.428621015072333,2.4856620081969396,0,Mammalian
4.0,3.7357391295555216,3.008546066359899,2.0062333385327804,1.062424964342421,0.8891222801819818,1.3709057467489054,1.7323586989752227,1.8747582846226947,1.893964202828504,1.9212685239724017,2.0662721897526573,2.379446130334774,2.803765454104093,3.166583800890084,3.24011123835429,2.8284271247461903,1.8569334628900511,0.6773299447158515,1.7892967090047691,3.5610927906111196,4.969201363705521,5.659446290941613,5.472521885278518,4.526066876907429,3.38575503420385,3.2249050175580303,4.271652913766045,5.341170980659053,5.736928128962119,5.335037183049628,4.483049233880567,1,Yeast
4.0,3.7357391295555216,3.008546066359899,2.0062333385327804,1.062424964342421,0.8891222801819818,1.3709057467489054,1.7323586989752227,1.8747582846226947,1.893964202828504,1.9212685239724017,2.0662721897526573,2.379446130334774,2.803765454104093,3.166583800890084,3.24011123835429,2.8284271247461903,1.8569334628900511,0.6773299447158515,1.7892967090047691,3.5610927906111196,4.969201363705521,5.659446290941613,5.472521885278518,4.526066876907429,3.38575503420385,3.2249050175580303,4.271652913766045,5.341170980659053,5.736928128962119,5.335037183049628,4.483049233880567,0,Mammalian
3.0,3.0157172285333176,3.0588701548549593,3.118546729296155,3.179580427103275,3.2255530360176694,3.2412125626551327,3.214028861492345,3.1350322366358836,2.9991918174143013,2.8055529989150667,2.557305876502646,2.2619726273956684,1.932053989846707,1.5869431812981978,1.2580695272874263,1.0,0.8936452388127646,0.9786041510947204,1.1876679677615631,1.4335455026494783,1.6639229102897117,1.851098529404771,1.9799003218181805,2.0424428695201757,2.0361478078970303,1.9630848116913069,1.829978763094251,1.6488466976429157,1.4386837793434926,1.2289851020401172,1.0644588245184028,1,Yeast
3.0,3.0157172285333176,3.0588701548549593,3.118546729296155,3.179580427103275,3.2255530360176694,3.2412125626551327,3.214028861492345,3.1350322366358836,2.9991918174143013,2.8055529989150667,2.557305876502646,2.2619726273956684,1.932053989846707,1.5869431812981978,1.2580695272874263,1.0,0.8936452388127646,0.9786041510947204,1.1876679677615631,1.4335455026494783,1.6639229102897117,1.851098529404771,1.9799003218181805,2.0424428695201757,2.0361478078970303,1.9630848116913069,1.829978763094251,1.6488466976429157,1.4386837793434926,1.2289851020401172,1.0644588245184028,0,Mammalian
4.0,3.880867943704223,3.53957175701811,3.024189121157039,2.415619092368499,1.8342188351150368,1.4469995910339692,1.3812140607137053,1.5307337294603593,1.6880420446239033,1.7485044238373435,1.7133166926026953,1.6654573367380185,1.734328357019609,1.9944339100729207,2.395050012241667,2.8284271247461903,3.2037065157191273,3.467309241811471,3.604456290487882,3.63679142370105,3.614491099843651,3.5976009061347036,3.6263637511399693,3.695518130045147,3.753964267076441,3.7291007204884568,3.5546647190570924,3.188225901749245,2.61806802040654,1.86317787044601,0.9689499489287134,0,Mammalian
2.0,1.9975909124103448,1.9903694533443936,1.9783530199295618,1.9615705608064609,1.940062506389088,1.9138806714644176,1.8830881303660416,1.8477590650225735,1.8079785862468867,1.7638425286967099,1.7154572200005442,1.6629392246050905,1.6064150629612897,1.5460209067254738,1.4819022507099184,1.4142135623730951,1.3431179096940367,1.2687865683272912,1.1913986089848667,1.1111404660392044,1.0282054883864435,0.9427934736519953,0.8551101868605643,0.7653668647301797,0.6737797067844402,0.5805693545089247,0.4859603598065278,0.39018064403225655,0.29346094891072344,0.19603428065912118,0.09813534865483603,0,Mammalian
3.0,3.5231768640808663,4.808432587198365,6.316076929782286,7.479284372330117,7.800610491541173,6.991969747587013,5.07645725084646,2.414213562373095,0.8710238195683602,3.184935316994646,4.762161316876449,5.161789253190896,4.414274628428871,2.8429900658562666,0.9887427439089453,1.0,2.1682709269750036,2.7012837251307373,2.6522603904638467,2.283373837529022,1.8637541753524014,1.462452586407822,0.9644486367658135,0.41421356237309515,0.7655296642333259,1.4640652331375286,1.9327418067690139,2.0499855856930917,1.8489548592403726,1.4784252693898514,1.1377054580937034,0,Mammalian
5.0,4.952779710308196,4.824237233035768,4.8681296811056525,5.525054624855586,6.563301054272464,7.079708615927764,6.324801101464374,4.1815405503520555,1.882596938444662,3.5929347110920293,5.9522614135305965,6.801776848164645,5.825457756375561,3.454034102260716,0.9038526735764622,2.23606797749979,3.471201577130298,3.3383667906146512,2.1826530046946373,1.1801211621116734,1.7667738480247384,2.2145280382558057,1.7977522366329064,0.7174389352143009,0.7614543601869015,1.837966306043684,2.407330466181312,2.4118285890314657,2.0296404181986465,1.5290461772451092,1.1417756114532962,0,Mammalian
1.0,1.0644588245184028,1.228985102040117,1.4386837793434923,1.6488466976429157,1.829978763094251,1.9630848116913069,2.03614780789703,2.0424428695201757,1.9799003218181803,1.851098529404771,1.6639229102897122,1.4335455026494783,1.1876679677615627,0.9786041510947202,0.8936452388127648,1.0,1.2580695272874263,1.5869431812981976,1.9320539898467068,2.2619726273956684,2.5573058765026464,2.8055529989150667,2.9991918174143013,3.1350322366358836,3.2140288614923445,3.2412125626551336,3.2255530360176694,3.179580427103275,3.118546729296155,3.058870154854959,3.015717228533318,0,Mammalian
4.0,3.828136998781061,3.3321259256164706,2.572176263081729,1.6654573367380185,0.9377427274683413,1.2205515114065086,2.0583990215959895,2.8284271247461903,3.3684975438938327,3.6150151263845895,3.549336852436399,3.1882259017492447,2.578073178891275,1.7877574293790728,0.8997346321840709,0.0,0.8321288662234888,1.5334339420688832,2.0645833385916155,2.415619092368499,2.6084340679813813,2.694667778628784,2.745371301811288,2.8284271247461903,2.9797909624443255,3.190718603517664,3.423290551211102,3.6367914237010495,3.8045950630691636,3.9178362057193756,3.980377652963313,0,Mammalian
1.0,1.0,1.0,1.0,1.0,1.0,1.0,1.0,1.0,1.0,1.0,1.0,1.0,1.0,1.0,1.0,1.0,1.0,1.0,1.0,1.0,1.0,1.0,1.0,1.0,1.0,1.0,1.0,1.0,1.0,1.0,1.0,0,Mammalian
2.0,1.959300398869871,1.8403313105766859,1.6522766843925938,1.409771802240575,1.1319399624636102,0.841128383796248,0.5614216930688745,0.31702533556221446,0.1306196174554923,0.021787341312114995,0.005613982408493399,0.09154930783088619,0.2826038573353852,0.5749337089130514,0.9578436396942406,1.4142135623730951,1.9213274842688832,2.4520597425150763,2.9763513906960717,3.462891670877922,3.8809065876573525,4.20194949532368,4.401587756210942,4.460884994775327,4.367589946714546,4.116959714578792,3.712166399866607,3.164260334676551,2.491689045465324,1.7193971088200413,0.8775566573720873,0,Mammalian
3.0,2.9500059647304706,2.9492018431181046,3.1024712839003206,3.1411926087553046,2.8565826510697363,2.5979872137895366,2.930068712272216,3.4392480464116266,3.345399899093062,2.4841909790322383,2.0874079504971172,3.655018584659529,5.593652192132584,6.973745614531384,7.648100864342461,7.810249675906654,7.596664380405351,6.860933268883081,5.382069065751011,3.2090019313309597,0.7655704129540248,1.3140178675148724,2.47316683859838,2.4842650573668283,1.5495867293361363,0.3126989999880992,1.0510443984940707,1.5735484565810685,1.4034975531038287,0.9227725983282041,0.8608468961248474,0,Mammalian
2.0,2.0376918695845148,2.140697107727379,2.28063471666693,2.415619092368499,2.4968897547344016,2.4766242149281563,2.3167870177715555,2.0,1.5494747293099924,1.0985608897080719,1.070992969253474,1.6654573367380185,2.489065818199777,3.3058808340242223,3.994540527234755,4.47213595499958,4.683238343071553,4.602228794805264,4.237576327794171,3.6367914237010495,2.8965127691449735,2.1924280879750317,1.8232532778283,2.0,2.474934532916513,2.9221647882535113,3.1789612254399526,3.1882259017492447,2.961273108945363,2.5732793131428626,2.177339882304381,0,Mammalian
0.0,0.09813534865483603,0.19603428065912118,0.29346094891072344,0.39018064403225655,0.4859603598065278,0.5805693545089247,0.6737797067844402,0.7653668647301797,0.8551101868605643,0.9427934736519953,1.0282054883864435,1.1111404660392044,1.1913986089848667,1.2687865683272912,1.3431179096940367,1.4142135623730951,1.4819022507099184,1.5460209067254738,1.6064150629612897,1.6629392246050905,1.7154572200005442,1.7638425286967099,1.8079785862468867,1.8477590650225735,1.8830881303660416,1.9138806714644176,1.940062506389088,1.9615705608064609,1.9783530199295618,1.9903694533443936,1.9975909124103448,1,Yeast
0.0,0.09813534865483603,0.19603428065912118,0.29346094891072344,0.39018064403225655,0.4859603598065278,0.5805693545089247,0.6737797067844402,0.7653668647301797,0.8551101868605643,0.9427934736519953,1.0282054883864435,1.1111404660392044,1.1913986089848667,1.2687865683272912,1.3431179096940367,1.4142135623730951,1.4819022507099184,1.5460209067254738,1.6064150629612897,1.6629392246050905,1.7154572200005442,1.7638425286967099,1.8079785862468867,1.8477590650225735,1.8830881303660416,1.9138806714644176,1.940062506389088,1.9615705608064609,1.9783530199295618,1.9903694533443936,1.9975909124103448,0,Mammalian
0.0,0.09813534865483603,0.19603428065912118,0.29346094891072344,0.39018064403225655,0.4859603598065278,0.5805693545089247,0.6737797067844402,0.7653668647301797,0.8551101868605643,0.9427934736519953,1.0282054883864435,1.1111404660392044,1.1913986089848667,1.2687865683272912,1.3431179096940367,1.4142135623730951,1.4819022507099184,1.5460209067254738,1.6064150629612897,1.6629392246050905,1.7154572200005442,1.7638425286967099,1.8079785862468867,1.8477590650225735,1.8830881303660416,1.9138806714644176,1.940062506389088,1.9615705608064609,1.9783530199295618,1.9903694533443936,1.9975909124103448,0,E_coli
3.0,2.990369453344394,2.9615705608064613,2.913880671464418,2.8477590650225735,2.76384252869671,2.6629392246050902,2.5460209067254738,2.414213562373095,2.2687865683272905,2.1111404660392044,1.9427934736519952,1.76536686473018,1.5805693545089246,1.3901806440322566,1.196034280659121,1.0,0.8039657193408789,0.6098193559677434,0.4194306454910752,0.2346331352698204,0.05720652634800475,0.11114046603920442,0.26878656832729086,0.41421356237309503,0.546020906725474,0.6629392246050906,0.76384252869671,0.8477590650225735,0.9138806714644179,0.961570560806461,0.9903694533443936,1,Yeast
3.0,2.990369453344394,2.9615705608064613,2.913880671464418,2.8477590650225735,2.76384252869671,2.6629392246050902,2.5460209067254738,2.414213562373095,2.2687865683272905,2.1111404660392044,1.9427934736519952,1.76536686473018,1.5805693545089246,1.3901806440322566,1.196034280659121,1.0,0.8039657193408789,0.6098193559677434,0.4194306454910752,0.2346331352698204,0.05720652634800475,0.11114046603920442,0.26878656832729086,0.41421356237309503,0.546020906725474,0.6629392246050906,0.76384252869671,0.8477590650225735,0.9138806714644179,0.961570560806461,0.9903694533443936,0,Mammalian
3.0,2.990369453344394,2.9615705608064613,2.913880671464418,2.8477590650225735,2.76384252869671,2.6629392246050902,2.5460209067254738,2.414213562373095,2.2687865683272905,2.1111404660392044,1.9427934736519952,1.76536686473018,1.5805693545089246,1.3901806440322566,1.196034280659121,1.0,0.8039657193408789,0.6098193559677434,0.4194306454910752,0.2346331352698204,0.05720652634800475,0.11114046603920442,0.26878656832729086,0.41421356237309503,0.546020906725474,0.6629392246050906,0.76384252869671,0.8477590650225735,0.9138806714644179,0.961570560806461,0.9903694533443936,0,E_coli
4.0,3.948573638051903,3.798837767198792,3.564348463556981,3.2674433720829446,2.9387304801068037,2.6157067399130836,2.3387406973996865,2.1414449415352483,2.0356849945551847,2.0022529360209815,1.999732396236177,1.9841723060218306,1.9232887073753808,1.801793904017048,1.6233044317654253,1.4142135623730951,1.2323150890031682,1.16726280989189,1.2842132415070224,1.5511950265919598,1.8858707482981698,2.220251274354919,2.509036473791051,2.722905353179411,2.8444708693279765,2.866975010301622,2.7943559239023315,2.642095391866769,2.438683441687205,2.227076082803278,2.0627768827741404,0,E_coli
4.0,3.948573638051903,3.798837767198792,3.564348463556981,3.2674433720829446,2.9387304801068037,2.6157067399130836,2.3387406973996865,2.1414449415352483,2.0356849945551847,2.0022529360209815,1.999732396236177,1.9841723060218306,1.9232887073753808,1.801793904017048,1.6233044317654253,1.4142135623730951,1.2323150890031682,1.16726280989189,1.2842132415070224,1.5511950265919598,1.8858707482981698,2.220251274354919,2.509036473791051,2.722905353179411,2.8444708693279765,2.866975010301622,2.7943559239023315,2.642095391866769,2.438683441687205,2.227076082803278,2.0627768827741404,0,Mammalian
4.0,3.948573638051903,3.798837767198792,3.564348463556981,3.2674433720829446,2.9387304801068037,2.6157067399130836,2.3387406973996865,2.1414449415352483,2.0356849945551847,2.0022529360209815,1.999732396236177,1.9841723060218306,1.9232887073753808,1.801793904017048,1.6233044317654253,1.4142135623730951,1.2323150890031682,1.16726280989189,1.2842132415070224,1.5511950265919598,1.8858707482981698,2.220251274354919,2.509036473791051,2.722905353179411,2.8444708693279765,2.866975010301622,2.7943559239023315,2.642095391866769,2.438683441687205,2.227076082803278,2.0627768827741404,1,Yeast
1.0,1.0,1.0,1.0,1.0,1.0,1.0,1.0,1.0,1.0,1.0,1.0,1.0,1.0,1.0,1.0,1.0,1.0,1.0,1.0,1.0,1.0,1.0,1.0,1.0,1.0,1.0,1.0,1.0,1.0,1.0,1.0,1,Yeast
1.0,1.0,1.0,1.0,1.0,1.0,1.0,1.0,1.0,1.0,1.0,1.0,1.0,1.0,1.0,1.0,1.0,1.0,1.0,1.0,1.0,1.0,1.0,1.0,1.0,1.0,1.0,1.0,1.0,1.0,1.0,1.0,0,E_coli
1.0,1.0,1.0,1.0,1.0,1.0,1.0,1.0,1.0,1.0,1.0,1.0,1.0,1.0,1.0,1.0,1.0,1.0,1.0,1.0,1.0,1.0,1.0,1.0,1.0,1.0,1.0,1.0,1.0,1.0,1.0,1.0,0,Mammalian
5.0,4.768000867787186,4.110604908960204,3.1504822197076425,2.1452681103397504,1.6742762565623552,2.1718961848692793,2.980885994439009,3.6055512754639896,3.8758445994401067,3.7512813504827687,3.267723108024663,2.517212203180057,1.6354927063148519,0.8245481825983633,0.6056545227895659,1.0,1.2925903371434586,1.369089131587767,1.3299355976205547,1.4166116174410763,1.811240077784693,2.420667737615065,3.0631635548346354,3.6055512754639896,3.9695172093170004,4.124072883113536,4.0795596938944305,3.880035951412267,3.593407155982396,3.30027093998082,3.081294944261361,0,Mammalian
5.0,4.768000867787186,4.110604908960204,3.1504822197076425,2.1452681103397504,1.6742762565623552,2.1718961848692793,2.980885994439009,3.6055512754639896,3.8758445994401067,3.7512813504827687,3.267723108024663,2.517212203180057,1.6354927063148519,0.8245481825983633,0.6056545227895659,1.0,1.2925903371434586,1.369089131587767,1.3299355976205547,1.4166116174410763,1.811240077784693,2.420667737615065,3.0631635548346354,3.6055512754639896,3.9695172093170004,4.124072883113536,4.0795596938944305,3.880035951412267,3.593407155982396,3.30027093998082,3.081294944261361,1,Yeast
5.0,4.768000867787186,4.110604908960204,3.1504822197076425,2.1452681103397504,1.6742762565623552,2.1718961848692793,2.980885994439009,3.6055512754639896,3.8758445994401067,3.7512813504827687,3.267723108024663,2.517212203180057,1.6354927063148519,0.8245481825983633,0.6056545227895659,1.0,1.2925903371434586,1.369089131587767,1.3299355976205547,1.4166116174410763,1.811240077784693,2.420667737615065,3.0631635548346354,3.6055512754639896,3.9695172093170004,4.124072883113536,4.0795596938944305,3.880035951412267,3.593407155982396,3.30027093998082,3.081294944261361,0,E_coli
0.0,0.3915962975655595,0.7766036351680459,1.1485711357712878,1.5013211100714607,1.8290782695005647,2.1265902612343983,2.389236926784984,2.613125929752753,2.7951726932496523,2.933162926996389,3.025796400796788,3.072711026845665,3.0744867393509088,3.032629097024001,2.9495329726553265,2.8284271247461903,2.673300859694785,2.488814380377469,2.28019476974573,2.053119868637347,1.81359256865538,1.5678082480375888,1.322018226440359,1.082392200292394,0.8548826419795981,0.6450941031371268,0.45816025567916985,0.29863133620137045,0.1703744336826751,0.07648878187997601,0.019237892480782906,0,Mammalian
0.0,0.3915962975655595,0.7766036351680459,1.1485711357712878,1.5013211100714607,1.8290782695005647,2.1265902612343983,2.389236926784984,2.613125929752753,2.7951726932496523,2.933162926996389,3.025796400796788,3.072711026845665,3.0744867393509088,3.032629097024001,2.9495329726553265,2.8284271247461903,2.673300859694785,2.488814380377469,2.28019476974573,2.053119868637347,1.81359256865538,1.5678082480375888,1.322018226440359,1.082392200292394,0.8548826419795981,0.6450941031371268,0.45816025567916985,0.29863133620137045,0.1703744336826751,0.07648878187997601,0.019237892480782906,1,Yeast
0.0,0.3915962975655595,0.7766036351680459,1.1485711357712878,1.5013211100714607,1.8290782695005647,2.1265902612343983,2.389236926784984,2.613125929752753,2.7951726932496523,2.933162926996389,3.025796400796788,3.072711026845665,3.0744867393509088,3.032629097024001,2.9495329726553265,2.8284271247461903,2.673300859694785,2.488814380377469,2.28019476974573,2.053119868637347,1.81359256865538,1.5678082480375888,1.322018226440359,1.082392200292394,0.8548826419795981,0.6450941031371268,0.45816025567916985,0.29863133620137045,0.1703744336826751,0.07648878187997601,0.019237892480782906,0,E_coli
1.0,1.0,1.0,1.0,1.0,1.0,1.0,1.0,1.0,1.0,1.0,1.0,1.0,1.0,1.0,1.0,1.0,1.0,1.0,1.0,1.0,1.0,1.0,1.0,1.0,1.0,1.0,1.0,1.0,1.0,1.0,1.0,1,Yeast
1.0,1.0,1.0,1.0,1.0,1.0,1.0,1.0,1.0,1.0,1.0,1.0,1.0,1.0,1.0,1.0,1.0,1.0,1.0,1.0,1.0,1.0,1.0,1.0,1.0,1.0,1.0,1.0,1.0,1.0,1.0,1.0,0,Mammalian
1.0,1.0,1.0,1.0,1.0,1.0,1.0,1.0,1.0,1.0,1.0,1.0,1.0,1.0,1.0,1.0,1.0,1.0,1.0,1.0,1.0,1.0,1.0,1.0,1.0,1.0,1.0,1.0,1.0,1.0,1.0,1.0,0,E_coli
0.0,0.0,0.0,0.0,0.0,0.0,0.0,0.0,0.0,0.0,0.0,0.0,0.0,0.0,0.0,0.0,0.0,0.0,0.0,0.0,0.0,0.0,0.0,0.0,0.0,0.0,0.0,0.0,0.0,0.0,0.0,0.0,2,Yeast
0.0,0.0,0.0,0.0,0.0,0.0,0.0,0.0,0.0,0.0,0.0,0.0,0.0,0.0,0.0,0.0,0.0,0.0,0.0,0.0,0.0,0.0,0.0,0.0,0.0,0.0,0.0,0.0,0.0,0.0,0.0,0.0,1,Mammalian
0.0,0.0,0.0,0.0,0.0,0.0,0.0,0.0,0.0,0.0,0.0,0.0,0.0,0.0,0.0,0.0,0.0,0.0,0.0,0.0,0.0,0.0,0.0,0.0,0.0,0.0,0.0,0.0,0.0,0.0,0.0,0.0,1,Mammalian
0.0,0.0,0.0,0.0,0.0,0.0,0.0,0.0,0.0,0.0,0.0,0.0,0.0,0.0,0.0,0.0,0.0,0.0,0.0,0.0,0.0,0.0,0.0,0.0,0.0,0.0,0.0,0.0,0.0,0.0,0.0,0.0,2,Yeast
0.0,0.0,0.0,0.0,0.0,0.0,0.0,0.0,0.0,0.0,0.0,0.0,0.0,0.0,0.0,0.0,0.0,0.0,0.0,0.0,0.0,0.0,0.0,0.0,0.0,0.0,0.0,0.0,0.0,0.0,0.0,0.0,2,Yeast
0.0,0.0,0.0,0.0,0.0,0.0,0.0,0.0,0.0,0.0,0.0,0.0,0.0,0.0,0.0,0.0,0.0,0.0,0.0,0.0,0.0,0.0,0.0,0.0,0.0,0.0,0.0,0.0,0.0,0.0,0.0,0.0,1,Mammalian
0.0,0.0,0.0,0.0,0.0,0.0,0.0,0.0,0.0,0.0,0.0,0.0,0.0,0.0,0.0,0.0,0.0,0.0,0.0,0.0,0.0,0.0,0.0,0.0,0.0,0.0,0.0,0.0,0.0,0.0,0.0,0.0,1,Mammalian
0.0,0.0,0.0,0.0,0.0,0.0,0.0,0.0,0.0,0.0,0.0,0.0,0.0,0.0,0.0,0.0,0.0,0.0,0.0,0.0,0.0,0.0,0.0,0.0,0.0,0.0,0.0,0.0,0.0,0.0,0.0,0.0,2,Yeast
3.0,2.990369453344394,2.9615705608064613,2.913880671464418,2.8477590650225735,2.76384252869671,2.6629392246050902,2.5460209067254738,2.414213562373095,2.2687865683272905,2.1111404660392044,1.9427934736519952,1.76536686473018,1.5805693545089246,1.3901806440322566,1.196034280659121,1.0,0.8039657193408789,0.6098193559677434,0.4194306454910752,0.2346331352698204,0.05720652634800475,0.11114046603920442,0.26878656832729086,0.41421356237309503,0.546020906725474,0.6629392246050906,0.76384252869671,0.8477590650225735,0.9138806714644179,0.961570560806461,0.9903694533443936,1,Mammalian
3.0,2.990369453344394,2.9615705608064613,2.913880671464418,2.8477590650225735,2.76384252869671,2.6629392246050902,2.5460209067254738,2.414213562373095,2.2687865683272905,2.1111404660392044,1.9427934736519952,1.76536686473018,1.5805693545089246,1.3901806440322566,1.196034280659121,1.0,0.8039657193408789,0.6098193559677434,0.4194306454910752,0.2346331352698204,0.05720652634800475,0.11114046603920442,0.26878656832729086,0.41421356237309503,0.546020906725474,0.6629392246050906,0.76384252869671,0.8477590650225735,0.9138806714644179,0.961570560806461,0.9903694533443936,2,Yeast
3.0,2.990369453344394,2.9615705608064613,2.913880671464418,2.8477590650225735,2.76384252869671,2.6629392246050902,2.5460209067254738,2.414213562373095,2.2687865683272905,2.1111404660392044,1.9427934736519952,1.76536686473018,1.5805693545089246,1.3901806440322566,1.196034280659121,1.0,0.8039657193408789,0.6098193559677434,0.4194306454910752,0.2346331352698204,0.05720652634800475,0.11114046603920442,0.26878656832729086,0.41421356237309503,0.546020906725474,0.6629392246050906,0.76384252869671,0.8477590650225735,0.9138806714644179,0.961570560806461,0.9903694533443936,2,Yeast
3.0,2.990369453344394,2.9615705608064613,2.913880671464418,2.8477590650225735,2.76384252869671,2.6629392246050902,2.5460209067254738,2.414213562373095,2.2687865683272905,2.1111404660392044,1.9427934736519952,1.76536686473018,1.5805693545089246,1.3901806440322566,1.196034280659121,1.0,0.8039657193408789,0.6098193559677434,0.4194306454910752,0.2346331352698204,0.05720652634800475,0.11114046603920442,0.26878656832729086,0.41421356237309503,0.546020906725474,0.6629392246050906,0.76384252869671,0.8477590650225735,0.9138806714644179,0.961570560806461,0.9903694533443936,1,Mammalian
0.0,0.0,0.0,0.0,0.0,0.0,0.0,0.0,0.0,0.0,0.0,0.0,0.0,0.0,0.0,0.0,0.0,0.0,0.0,0.0,0.0,0.0,0.0,0.0,0.0,0.0,0.0,0.0,0.0,0.0,0.0,0.0,2,Mammalian
1.0,1.0,1.0,1.0,1.0,1.0,1.0,1.0,1.0,1.0,1.0,1.0,1.0,1.0,1.0,1.0,1.0,1.0,1.0,1.0,1.0,1.0,1.0,1.0,1.0,1.0,1.0,1.0,1.0,1.0,1.0,1.0,2,Mammalian
1.0,1.0,1.0,1.0,1.0,1.0,1.0,1.0,1.0,1.0,1.0,1.0,1.0,1.0,1.0,1.0,1.0,1.0,1.0,1.0,1.0,1.0,1.0,1.0,1.0,1.0,1.0,1.0,1.0,1.0,1.0,1.0,2,Mammalian
1.0,1.0,1.0,1.0,1.0,1.0,1.0,1.0,1.0,1.0,1.0,1.0,1.0,1.0,1.0,1.0,1.0,1.0,1.0,1.0,1.0,1.0,1.0,1.0,1.0,1.0,1.0,1.0,1.0,1.0,1.0,1.0,2,Mammalian
2.0,1.9975909124103448,1.9903694533443936,1.9783530199295618,1.9615705608064609,1.940062506389088,1.9138806714644176,1.8830881303660416,1.8477590650225735,1.8079785862468867,1.7638425286967099,1.7154572200005442,1.6629392246050905,1.6064150629612897,1.5460209067254738,1.4819022507099184,1.4142135623730951,1.3431179096940367,1.2687865683272912,1.1913986089848667,1.1111404660392044,1.0282054883864435,0.9427934736519953,0.8551101868605643,0.7653668647301797,0.6737797067844402,0.5805693545089247,0.4859603598065278,0.39018064403225655,0.29346094891072344,0.19603428065912118,0.09813534865483603,2,Mammalian
2.0,1.9975909124103448,1.9903694533443936,1.9783530199295618,1.9615705608064609,1.940062506389088,1.9138806714644176,1.8830881303660416,1.8477590650225735,1.8079785862468867,1.7638425286967099,1.7154572200005442,1.6629392246050905,1.6064150629612897,1.5460209067254738,1.4819022507099184,1.4142135623730951,1.3431179096940367,1.2687865683272912,1.1913986089848667,1.1111404660392044,1.0282054883864435,0.9427934736519953,0.8551101868605643,0.7653668647301797,0.6737797067844402,0.5805693545089247,0.4859603598065278,0.39018064403225655,0.29346094891072344,0.19603428065912118,0.09813534865483603,2,Mammalian
2.0,1.9975909124103448,1.9903694533443936,1.9783530199295618,1.9615705608064609,1.940062506389088,1.9138806714644176,1.8830881303660416,1.8477590650225735,1.8079785862468867,1.7638425286967099,1.7154572200005442,1.6629392246050905,1.6064150629612897,1.5460209067254738,1.4819022507099184,1.4142135623730951,1.3431179096940367,1.2687865683272912,1.1913986089848667,1.1111404660392044,1.0282054883864435,0.9427934736519953,0.8551101868605643,0.7653668647301797,0.6737797067844402,0.5805693545089247,0.4859603598065278,0.39018064403225655,0.29346094891072344,0.19603428065912118,0.09813534865483603,2,Mammalian
3.0,2.990369453344394,2.9615705608064613,2.913880671464418,2.8477590650225735,2.76384252869671,2.6629392246050902,2.5460209067254738,2.414213562373095,2.2687865683272905,2.1111404660392044,1.9427934736519952,1.76536686473018,1.5805693545089246,1.3901806440322566,1.196034280659121,1.0,0.8039657193408789,0.6098193559677434,0.4194306454910752,0.2346331352698204,0.05720652634800475,0.11114046603920442,0.26878656832729086,0.41421356237309503,0.546020906725474,0.6629392246050906,0.76384252869671,0.8477590650225735,0.9138806714644179,0.961570560806461,0.9903694533443936,2,Mammalian
3.0,2.990369453344394,2.9615705608064613,2.913880671464418,2.8477590650225735,2.76384252869671,2.6629392246050902,2.5460209067254738,2.414213562373095,2.2687865683272905,2.1111404660392044,1.9427934736519952,1.76536686473018,1.5805693545089246,1.3901806440322566,1.196034280659121,1.0,0.8039657193408789,0.6098193559677434,0.4194306454910752,0.2346331352698204,0.05720652634800475,0.11114046603920442,0.26878656832729086,0.41421356237309503,0.546020906725474,0.6629392246050906,0.76384252869671,0.8477590650225735,0.9138806714644179,0.961570560806461,0.9903694533443936,2,Mammalian
3.0,2.990369453344394,2.9615705608064613,2.913880671464418,2.8477590650225735,2.76384252869671,2.6629392246050902,2.5460209067254738,2.414213562373095,2.2687865683272905,2.1111404660392044,1.9427934736519952,1.76536686473018,1.5805693545089246,1.3901806440322566,1.196034280659121,1.0,0.8039657193408789,0.6098193559677434,0.4194306454910752,0.2346331352698204,0.05720652634800475,0.11114046603920442,0.26878656832729086,0.41421356237309503,0.546020906725474,0.6629392246050906,0.76384252869671,0.8477590650225735,0.9138806714644179,0.961570560806461,0.9903694533443936,2,Mammalian
3.0,2.9848757610192953,2.9151418795395094,2.736039564152016,2.402862488885807,1.9259863606712402,1.4431915296514177,1.3389482903617853,1.8284271247461903,2.5408253538927066,3.170912505675865,3.56117911810416,3.628330800875905,3.345995862929454,2.741929552162094,1.8992198327677943,1.0,0.7874002801669757,1.5579291854023671,2.3572203798964457,2.9724090565423884,3.373132717892959,3.5970161810421963,3.7219910223331887,3.8284271247461903,3.953781586914269,4.071957874647502,4.116901407998543,4.028182202868374,3.7891025401572787,3.449604695746191,3.132984361166083,2,Mammalian
9.0,8.713579750637846,7.88648241280722,6.610973329126979,5.027339492125848,3.3056504106648554,1.6239118829299184,0.1456490120831617,1.0,1.7329956694242492,2.0300105218705307,1.9240833104617825,1.496605762665489,0.86302391209146,0.1545053246564264,0.5016534303663088,1.0,1.2707235780659158,1.2874143193574692,1.0678791923416384,0.6681786379192987,0.17106864892301468,0.32915033233601804,0.742883748685411,1.0,1.0608058540637957,0.9216052782157493,0.6141032080468066,0.19891236737965823,0.2456388495435611,0.637462841984117,0.9050795010202224,0,E_coli
9.0,8.713579750637846,7.88648241280722,6.610973329126979,5.027339492125848,3.3056504106648554,1.6239118829299184,0.1456490120831617,1.0,1.7329956694242492,2.0300105218705307,1.9240833104617825,1.496605762665489,0.86302391209146,0.1545053246564264,0.5016534303663088,1.0,1.2707235780659158,1.2874143193574692,1.0678791923416384,0.6681786379192987,0.17106864892301468,0.32915033233601804,0.742883748685411,1.0,1.0608058540637957,0.9216052782157493,0.6141032080468066,0.19891236737965823,0.2456388495435611,0.637462841984117,0.9050795010202224,0,Mammalian
9.0,8.713579750637846,7.88648241280722,6.610973329126979,5.027339492125848,3.3056504106648554,1.6239118829299184,0.1456490120831617,1.0,1.7329956694242492,2.0300105218705307,1.9240833104617825,1.496605762665489,0.86302391209146,0.1545053246564264,0.5016534303663088,1.0,1.2707235780659158,1.2874143193574692,1.0678791923416384,0.6681786379192987,0.17106864892301468,0.32915033233601804,0.742883748685411,1.0,1.0608058540637957,0.9216052782157493,0.6141032080468066,0.19891236737965823,0.2456388495435611,0.637462841984117,0.9050795010202224,1,Yeast
0.0,0.09813534865483603,0.19603428065912118,0.29346094891072344,0.39018064403225655,0.4859603598065278,0.5805693545089247,0.6737797067844402,0.7653668647301797,0.8551101868605643,0.9427934736519953,1.0282054883864435,1.1111404660392044,1.1913986089848667,1.2687865683272912,1.3431179096940367,1.4142135623730951,1.4819022507099184,1.5460209067254738,1.6064150629612897,1.6629392246050905,1.7154572200005442,1.7638425286967099,1.8079785862468867,1.8477590650225735,1.8830881303660416,1.9138806714644176,1.940062506389088,1.9615705608064609,1.9783530199295618,1.9903694533443936,1.9975909124103448,0,Mammalian
0.0,0.09813534865483603,0.19603428065912118,0.29346094891072344,0.39018064403225655,0.4859603598065278,0.5805693545089247,0.6737797067844402,0.7653668647301797,0.8551101868605643,0.9427934736519953,1.0282054883864435,1.1111404660392044,1.1913986089848667,1.2687865683272912,1.3431179096940367,1.4142135623730951,1.4819022507099184,1.5460209067254738,1.6064150629612897,1.6629392246050905,1.7154572200005442,1.7638425286967099,1.8079785862468867,1.8477590650225735,1.8830881303660416,1.9138806714644176,1.940062506389088,1.9615705608064609,1.9783530199295618,1.9903694533443936,1.9975909124103448,1,Yeast
0.0,0.09813534865483603,0.19603428065912118,0.29346094891072344,0.39018064403225655,0.4859603598065278,0.5805693545089247,0.6737797067844402,0.7653668647301797,0.8551101868605643,0.9427934736519953,1.0282054883864435,1.1111404660392044,1.1913986089848667,1.2687865683272912,1.3431179096940367,1.4142135623730951,1.4819022507099184,1.5460209067254738,1.6064150629612897,1.6629392246050905,1.7154572200005442,1.7638425286967099,1.8079785862468867,1.8477590650225735,1.8830881303660416,1.9138806714644176,1.940062506389088,1.9615705608064609,1.9783530199295618,1.9903694533443936,1.9975909124103448,0,E_coli
6.0,5.916006438728995,5.668092653505521,5.268233856886368,4.735650251450756,4.095744463883446,3.37870152045083,2.6178326698417616,1.8477590650225735,1.1025403370685478,0.4138559026303573,0.19065671490117844,0.688811980233627,1.064955556233495,1.310653238390939,1.4249535782754927,1.4142135623730951,1.2915026416536965,1.0756253148783437,0.7898248700360108,0.4602494507349998,0.11427523716333716,0.22121058863489246,0.5214627434327659,0.7653668647301797,0.9366755067134579,1.0249179011278444,1.0259305804785328,0.9419794025981427,0.7814686717441959,0.5582583998021915,0.2906347595506404,0,E_coli
6.0,5.916006438728995,5.668092653505521,5.268233856886368,4.735650251450756,4.095744463883446,3.37870152045083,2.6178326698417616,1.8477590650225735,1.1025403370685478,0.4138559026303573,0.19065671490117844,0.688811980233627,1.064955556233495,1.310653238390939,1.4249535782754927,1.4142135623730951,1.2915026416536965,1.0756253148783437,0.7898248700360108,0.4602494507349998,0.11427523716333716,0.22121058863489246,0.5214627434327659,0.7653668647301797,0.9366755067134579,1.0249179011278444,1.0259305804785328,0.9419794025981427,0.7814686717441959,0.5582583998021915,0.2906347595506404,1,Yeast
6.0,5.916006438728995,5.668092653505521,5.268233856886368,4.735650251450756,4.095744463883446,3.37870152045083,2.6178326698417616,1.8477590650225735,1.1025403370685478,0.4138559026303573,0.19065671490117844,0.688811980233627,1.064955556233495,1.310653238390939,1.4249535782754927,1.4142135623730951,1.2915026416536965,1.0756253148783437,0.7898248700360108,0.4602494507349998,0.11427523716333716,0.22121058863489246,0.5214627434327659,0.7653668647301797,0.9366755067134579,1.0249179011278444,1.0259305804785328,0.9419794025981427,0.7814686717441959,0.5582583998021915,0.2906347595506404,0,Mammalian
1.0,1.0190335809940412,1.0734248622877274,1.156313441673541,1.2592801267497653,1.3743578624073116,1.4948689358167224,1.6154935332485065,1.7320508075688772,1.8412443194840429,1.940455324074785,2.027594748967161,2.1010029896154587,2.1593839919303583,2.201762717692934,2.227458318534033,2.23606797749979,2.227458318534033,2.2017627176929335,2.159383991930359,2.1010029896154583,2.0275947489671604,1.9404553240747853,1.841244319484043,1.7320508075688772,1.615493533248506,1.4948689358167222,1.3743578624073118,1.259280126749765,1.156313441673541,1.0734248622877274,1.0190335809940412,1,Yeast
1.0,1.0190335809940412,1.0734248622877274,1.156313441673541,1.2592801267497653,1.3743578624073116,1.4948689358167224,1.6154935332485065,1.7320508075688772,1.8412443194840429,1.940455324074785,2.027594748967161,2.1010029896154587,2.1593839919303583,2.201762717692934,2.227458318534033,2.23606797749979,2.227458318534033,2.2017627176929335,2.159383991930359,2.1010029896154583,2.0275947489671604,1.9404553240747853,1.841244319484043,1.7320508075688772,1.615493533248506,1.4948689358167222,1.3743578624073118,1.259280126749765,1.156313441673541,1.0734248622877274,1.0190335809940412,0,E_coli
1.0,1.0190335809940412,1.0734248622877274,1.156313441673541,1.2592801267497653,1.3743578624073116,1.4948689358167224,1.6154935332485065,1.7320508075688772,1.8412443194840429,1.940455324074785,2.027594748967161,2.1010029896154587,2.1593839919303583,2.201762717692934,2.227458318534033,2.23606797749979,2.227458318534033,2.2017627176929335,2.159383991930359,2.1010029896154583,2.0275947489671604,1.9404553240747853,1.841244319484043,1.7320508075688772,1.615493533248506,1.4948689358167222,1.3743578624073118,1.259280126749765,1.156313441673541,1.0734248622877274,1.0190335809940412,0,Mammalian
1.0,1.0,1.0,1.0,1.0,1.0,1.0,1.0,1.0,1.0,1.0,1.0,1.0,1.0,1.0,1.0,1.0,1.0,1.0,1.0,1.0,1.0,1.0,1.0,1.0,1.0,1.0,1.0,1.0,1.0,1.0,1.0,1,Yeast
1.0,1.0,1.0,1.0,1.0,1.0,1.0,1.0,1.0,1.0,1.0,1.0,1.0,1.0,1.0,1.0,1.0,1.0,1.0,1.0,1.0,1.0,1.0,1.0,1.0,1.0,1.0,1.0,1.0,1.0,1.0,1.0,0,Mammalian
1.0,1.0,1.0,1.0,1.0,1.0,1.0,1.0,1.0,1.0,1.0,1.0,1.0,1.0,1.0,1.0,1.0,1.0,1.0,1.0,1.0,1.0,1.0,1.0,1.0,1.0,1.0,1.0,1.0,1.0,1.0,1.0,0,E_coli
4.0,3.9759439323399066,3.904250124808811,3.7863316061764487,3.6245097854115516,3.4219647570990066,3.1826672397917086,2.9112936187524854,2.613125929752753,2.2939389460534145,1.9598768093558312,1.6173218713457083,1.2727585805728339,0.9326353561768497,0.6032274330734786,0.29050364172505155,0.0,0.26329715326725295,0.495055960369419,0.6916895213811751,0.8504300947672563,0.9693854240239012,1.0475759796923985,1.0849523195285238,1.082392200292394,1.041677513216104,0.9654515522165492,0.857157549887509,0.720959822006948,0.5616492379498408,0.3845350738498034,0.19532560025588747,0,Mammalian
4.0,3.9759439323399066,3.904250124808811,3.7863316061764487,3.6245097854115516,3.4219647570990066,3.1826672397917086,2.9112936187524854,2.613125929752753,2.2939389460534145,1.9598768093558312,1.6173218713457083,1.2727585805728339,0.9326353561768497,0.6032274330734786,0.29050364172505155,0.0,0.26329715326725295,0.495055960369419,0.6916895213811751,0.8504300947672563,0.9693854240239012,1.0475759796923985,1.0849523195285238,1.082392200292394,1.041677513216104,0.9654515522165492,0.857157549887509,0.720959822006948,0.5616492379498408,0.3845350738498034,0.19532560025588747,1,Yeast
4.0,3.9759439323399066,3.904250124808811,3.7863316061764487,3.6245097854115516,3.4219647570990066,3.1826672397917086,2.9112936187524854,2.613125929752753,2.2939389460534145,1.9598768093558312,1.6173218713457083,1.2727585805728339,0.9326353561768497,0.6032274330734786,0.29050364172505155,0.0,0.26329715326725295,0.495055960369419,0.6916895213811751,0.8504300947672563,0.9693854240239012,1.0475759796923985,1.0849523195285238,1.082392200292394,1.041677513216104,0.9654515522165492,0.857157549887509,0.720959822006948,0.5616492379498408,0.3845350738498034,0.19532560025588747,0,E_coli
4.0,3.9759439323399066,3.904250124808811,3.7863316061764487,3.6245097854115516,3.4219647570990066,3.1826672397917086,2.9112936187524854,2.613125929752753,2.2939389460534145,1.9598768093558312,1.6173218713457083,1.2727585805728339,0.9326353561768497,0.6032274330734786,0.29050364172505155,0.0,0.26329715326725295,0.495055960369419,0.6916895213811751,0.8504300947672563,0.9693854240239012,1.0475759796923985,1.0849523195285238,1.082392200292394,1.041677513216104,0.9654515522165492,0.857157549887509,0.720959822006948,0.5616492379498408,0.3845350738498034,0.19532560025588747,0,Mammalian
4.0,3.9759439323399066,3.904250124808811,3.7863316061764487,3.6245097854115516,3.4219647570990066,3.1826672397917086,2.9112936187524854,2.613125929752753,2.2939389460534145,1.9598768093558312,1.6173218713457083,1.2727585805728339,0.9326353561768497,0.6032274330734786,0.29050364172505155,0.0,0.26329715326725295,0.495055960369419,0.6916895213811751,0.8504300947672563,0.9693854240239012,1.0475759796923985,1.0849523195285238,1.082392200292394,1.041677513216104,0.9654515522165492,0.857157549887509,0.720959822006948,0.5616492379498408,0.3845350738498034,0.19532560025588747,0,E_coli
4.0,3.9759439323399066,3.904250124808811,3.7863316061764487,3.6245097854115516,3.4219647570990066,3.1826672397917086,2.9112936187524854,2.613125929752753,2.2939389460534145,1.9598768093558312,1.6173218713457083,1.2727585805728339,0.9326353561768497,0.6032274330734786,0.29050364172505155,0.0,0.26329715326725295,0.495055960369419,0.6916895213811751,0.8504300947672563,0.9693854240239012,1.0475759796923985,1.0849523195285238,1.082392200292394,1.041677513216104,0.9654515522165492,0.857157549887509,0.720959822006948,0.5616492379498408,0.3845350738498034,0.19532560025588747,1,Yeast
4.0,3.9759439323399066,3.904250124808811,3.7863316061764487,3.6245097854115516,3.4219647570990066,3.1826672397917086,2.9112936187524854,2.613125929752753,2.2939389460534145,1.9598768093558312,1.6173218713457083,1.2727585805728339,0.9326353561768497,0.6032274330734786,0.29050364172505155,0.0,0.26329715326725295,0.495055960369419,0.6916895213811751,0.8504300947672563,0.9693854240239012,1.0475759796923985,1.0849523195285238,1.082392200292394,1.041677513216104,0.9654515522165492,0.857157549887509,0.720959822006948,0.5616492379498408,0.3845350738498034,0.19532560025588747,0,E_coli
4.0,3.9759439323399066,3.904250124808811,3.7863316061764487,3.6245097854115516,3.4219647570990066,3.1826672397917086,2.9112936187524854,2.613125929752753,2.2939389460534145,1.9598768093558312,1.6173218713457083,1.2727585805728339,0.9326353561768497,0.6032274330734786,0.29050364172505155,0.0,0.26329715326725295,0.495055960369419,0.6916895213811751,0.8504300947672563,0.9693854240239012,1.0475759796923985,1.0849523195285238,1.082392200292394,1.041677513216104,0.9654515522165492,0.857157549887509,0.720959822006948,0.5616492379498408,0.3845350738498034,0.19532560025588747,1,Yeast
4.0,3.9759439323399066,3.904250124808811,3.7863316061764487,3.6245097854115516,3.4219647570990066,3.1826672397917086,2.9112936187524854,2.613125929752753,2.2939389460534145,1.9598768093558312,1.6173218713457083,1.2727585805728339,0.9326353561768497,0.6032274330734786,0.29050364172505155,0.0,0.26329715326725295,0.495055960369419,0.6916895213811751,0.8504300947672563,0.9693854240239012,1.0475759796923985,1.0849523195285238,1.082392200292394,1.041677513216104,0.9654515522165492,0.857157549887509,0.720959822006948,0.5616492379498408,0.3845350738498034,0.19532560025588747,0,Mammalian
4.0,3.9759439323399066,3.904250124808811,3.7863316061764487,3.6245097854115516,3.4219647570990066,3.1826672397917086,2.9112936187524854,2.613125929752753,2.2939389460534145,1.9598768093558312,1.6173218713457083,1.2727585805728339,0.9326353561768497,0.6032274330734786,0.29050364172505155,0.0,0.26329715326725295,0.495055960369419,0.6916895213811751,0.8504300947672563,0.9693854240239012,1.0475759796923985,1.0849523195285238,1.082392200292394,1.041677513216104,0.9654515522165492,0.857157549887509,0.720959822006948,0.5616492379498408,0.3845350738498034,0.19532560025588747,0,E_coli
4.0,3.9759439323399066,3.904250124808811,3.7863316061764487,3.6245097854115516,3.4219647570990066,3.1826672397917086,2.9112936187524854,2.613125929752753,2.2939389460534145,1.9598768093558312,1.6173218713457083,1.2727585805728339,0.9326353561768497,0.6032274330734786,0.29050364172505155,0.0,0.26329715326725295,0.495055960369419,0.6916895213811751,0.8504300947672563,0.9693854240239012,1.0475759796923985,1.0849523195285238,1.082392200292394,1.041677513216104,0.9654515522165492,0.857157549887509,0.720959822006948,0.5616492379498408,0.3845350738498034,0.19532560025588747,1,Yeast
4.0,3.9759439323399066,3.904250124808811,3.7863316061764487,3.6245097854115516,3.4219647570990066,3.1826672397917086,2.9112936187524854,2.613125929752753,2.2939389460534145,1.9598768093558312,1.6173218713457083,1.2727585805728339,0.9326353561768497,0.6032274330734786,0.29050364172505155,0.0,0.26329715326725295,0.495055960369419,0.6916895213811751,0.8504300947672563,0.9693854240239012,1.0475759796923985,1.0849523195285238,1.082392200292394,1.041677513216104,0.9654515522165492,0.857157549887509,0.720959822006948,0.5616492379498408,0.3845350738498034,0.19532560025588747,0,Mammalian
4.0,3.9759439323399066,3.904250124808811,3.7863316061764487,3.6245097854115516,3.4219647570990066,3.1826672397917086,2.9112936187524854,2.613125929752753,2.2939389460534145,1.9598768093558312,1.6173218713457083,1.2727585805728339,0.9326353561768497,0.6032274330734786,0.29050364172505155,0.0,0.26329715326725295,0.495055960369419,0.6916895213811751,0.8504300947672563,0.9693854240239012,1.0475759796923985,1.0849523195285238,1.082392200292394,1.041677513216104,0.9654515522165492,0.857157549887509,0.720959822006948,0.5616492379498408,0.3845350738498034,0.19532560025588747,1,Yeast
4.0,3.9759439323399066,3.904250124808811,3.7863316061764487,3.6245097854115516,3.4219647570990066,3.1826672397917086,2.9112936187524854,2.613125929752753,2.2939389460534145,1.9598768093558312,1.6173218713457083,1.2727585805728339,0.9326353561768497,0.6032274330734786,0.29050364172505155,0.0,0.26329715326725295,0.495055960369419,0.6916895213811751,0.8504300947672563,0.9693854240239012,1.0475759796923985,1.0849523195285238,1.082392200292394,1.041677513216104,0.9654515522165492,0.857157549887509,0.720959822006948,0.5616492379498408,0.3845350738498034,0.19532560025588747,0,Mammalian
4.0,3.9759439323399066,3.904250124808811,3.7863316061764487,3.6245097854115516,3.4219647570990066,3.1826672397917086,2.9112936187524854,2.613125929752753,2.2939389460534145,1.9598768093558312,1.6173218713457083,1.2727585805728339,0.9326353561768497,0.6032274330734786,0.29050364172505155,0.0,0.26329715326725295,0.495055960369419,0.6916895213811751,0.8504300947672563,0.9693854240239012,1.0475759796923985,1.0849523195285238,1.082392200292394,1.041677513216104,0.9654515522165492,0.857157549887509,0.720959822006948,0.5616492379498408,0.3845350738498034,0.19532560025588747,0,E_coli
4.0,3.9759439323399066,3.904250124808811,3.7863316061764487,3.6245097854115516,3.4219647570990066,3.1826672397917086,2.9112936187524854,2.613125929752753,2.2939389460534145,1.9598768093558312,1.6173218713457083,1.2727585805728339,0.9326353561768497,0.6032274330734786,0.29050364172505155,0.0,0.26329715326725295,0.495055960369419,0.6916895213811751,0.8504300947672563,0.9693854240239012,1.0475759796923985,1.0849523195285238,1.082392200292394,1.041677513216104,0.9654515522165492,0.857157549887509,0.720959822006948,0.5616492379498408,0.3845350738498034,0.19532560025588747,1,Yeast
4.0,3.9759439323399066,3.904250124808811,3.7863316061764487,3.6245097854115516,3.4219647570990066,3.1826672397917086,2.9112936187524854,2.613125929752753,2.2939389460534145,1.9598768093558312,1.6173218713457083,1.2727585805728339,0.9326353561768497,0.6032274330734786,0.29050364172505155,0.0,0.26329715326725295,0.495055960369419,0.6916895213811751,0.8504300947672563,0.9693854240239012,1.0475759796923985,1.0849523195285238,1.082392200292394,1.041677513216104,0.9654515522165492,0.857157549887509,0.720959822006948,0.5616492379498408,0.3845350738498034,0.19532560025588747,0,Mammalian
4.0,3.9759439323399066,3.904250124808811,3.7863316061764487,3.6245097854115516,3.4219647570990066,3.1826672397917086,2.9112936187524854,2.613125929752753,2.2939389460534145,1.9598768093558312,1.6173218713457083,1.2727585805728339,0.9326353561768497,0.6032274330734786,0.29050364172505155,0.0,0.26329715326725295,0.495055960369419,0.6916895213811751,0.8504300947672563,0.9693854240239012,1.0475759796923985,1.0849523195285238,1.082392200292394,1.041677513216104,0.9654515522165492,0.857157549887509,0.720959822006948,0.5616492379498408,0.3845350738498034,0.19532560025588747,0,E_coli
4.0,3.9759439323399066,3.904250124808811,3.7863316061764487,3.6245097854115516,3.4219647570990066,3.1826672397917086,2.9112936187524854,2.613125929752753,2.2939389460534145,1.9598768093558312,1.6173218713457083,1.2727585805728339,0.9326353561768497,0.6032274330734786,0.29050364172505155,0.0,0.26329715326725295,0.495055960369419,0.6916895213811751,0.8504300947672563,0.9693854240239012,1.0475759796923985,1.0849523195285238,1.082392200292394,1.041677513216104,0.9654515522165492,0.857157549887509,0.720959822006948,0.5616492379498408,0.3845350738498034,0.19532560025588747,0,E_coli
4.0,3.9759439323399066,3.904250124808811,3.7863316061764487,3.6245097854115516,3.4219647570990066,3.1826672397917086,2.9112936187524854,2.613125929752753,2.2939389460534145,1.9598768093558312,1.6173218713457083,1.2727585805728339,0.9326353561768497,0.6032274330734786,0.29050364172505155,0.0,0.26329715326725295,0.495055960369419,0.6916895213811751,0.8504300947672563,0.9693854240239012,1.0475759796923985,1.0849523195285238,1.082392200292394,1.041677513216104,0.9654515522165492,0.857157549887509,0.720959822006948,0.5616492379498408,0.3845350738498034,0.19532560025588747,1,Yeast
4.0,3.9759439323399066,3.904250124808811,3.7863316061764487,3.6245097854115516,3.4219647570990066,3.1826672397917086,2.9112936187524854,2.613125929752753,2.2939389460534145,1.9598768093558312,1.6173218713457083,1.2727585805728339,0.9326353561768497,0.6032274330734786,0.29050364172505155,0.0,0.26329715326725295,0.495055960369419,0.6916895213811751,0.8504300947672563,0.9693854240239012,1.0475759796923985,1.0849523195285238,1.082392200292394,1.041677513216104,0.9654515522165492,0.857157549887509,0.720959822006948,0.5616492379498408,0.3845350738498034,0.19532560025588747,0,Mammalian
4.0,3.9759439323399066,3.904250124808811,3.7863316061764487,3.6245097854115516,3.4219647570990066,3.1826672397917086,2.9112936187524854,2.613125929752753,2.2939389460534145,1.9598768093558312,1.6173218713457083,1.2727585805728339,0.9326353561768497,0.6032274330734786,0.29050364172505155,0.0,0.26329715326725295,0.495055960369419,0.6916895213811751,0.8504300947672563,0.9693854240239012,1.0475759796923985,1.0849523195285238,1.082392200292394,1.041677513216104,0.9654515522165492,0.857157549887509,0.720959822006948,0.5616492379498408,0.3845350738498034,0.19532560025588747,0,Mammalian
4.0,3.9759439323399066,3.904250124808811,3.7863316061764487,3.6245097854115516,3.4219647570990066,3.1826672397917086,2.9112936187524854,2.613125929752753,2.2939389460534145,1.9598768093558312,1.6173218713457083,1.2727585805728339,0.9326353561768497,0.6032274330734786,0.29050364172505155,0.0,0.26329715326725295,0.495055960369419,0.6916895213811751,0.8504300947672563,0.9693854240239012,1.0475759796923985,1.0849523195285238,1.082392200292394,1.041677513216104,0.9654515522165492,0.857157549887509,0.720959822006948,0.5616492379498408,0.3845350738498034,0.19532560025588747,1,Yeast
4.0,3.9759439323399066,3.904250124808811,3.7863316061764487,3.6245097854115516,3.4219647570990066,3.1826672397917086,2.9112936187524854,2.613125929752753,2.2939389460534145,1.9598768093558312,1.6173218713457083,1.2727585805728339,0.9326353561768497,0.6032274330734786,0.29050364172505155,0.0,0.26329715326725295,0.495055960369419,0.6916895213811751,0.8504300947672563,0.9693854240239012,1.0475759796923985,1.0849523195285238,1.082392200292394,1.041677513216104,0.9654515522165492,0.857157549887509,0.720959822006948,0.5616492379498408,0.3845350738498034,0.19532560025588747,0,E_coli
4.0,3.9759439323399066,3.904250124808811,3.7863316061764487,3.6245097854115516,3.4219647570990066,3.1826672397917086,2.9112936187524854,2.613125929752753,2.2939389460534145,1.9598768093558312,1.6173218713457083,1.2727585805728339,0.9326353561768497,0.6032274330734786,0.29050364172505155,0.0,0.26329715326725295,0.495055960369419,0.6916895213811751,0.8504300947672563,0.9693854240239012,1.0475759796923985,1.0849523195285238,1.082392200292394,1.041677513216104,0.9654515522165492,0.857157549887509,0.720959822006948,0.5616492379498408,0.3845350738498034,0.19532560025588747,1,Yeast
4.0,3.9759439323399066,3.904250124808811,3.7863316061764487,3.6245097854115516,3.4219647570990066,3.1826672397917086,2.9112936187524854,2.613125929752753,2.2939389460534145,1.9598768093558312,1.6173218713457083,1.2727585805728339,0.9326353561768497,0.6032274330734786,0.29050364172505155,0.0,0.26329715326725295,0.495055960369419,0.6916895213811751,0.8504300947672563,0.9693854240239012,1.0475759796923985,1.0849523195285238,1.082392200292394,1.041677513216104,0.9654515522165492,0.857157549887509,0.720959822006948,0.5616492379498408,0.3845350738498034,0.19532560025588747,0,E_coli
4.0,3.9759439323399066,3.904250124808811,3.7863316061764487,3.6245097854115516,3.4219647570990066,3.1826672397917086,2.9112936187524854,2.613125929752753,2.2939389460534145,1.9598768093558312,1.6173218713457083,1.2727585805728339,0.9326353561768497,0.6032274330734786,0.29050364172505155,0.0,0.26329715326725295,0.495055960369419,0.6916895213811751,0.8504300947672563,0.9693854240239012,1.0475759796923985,1.0849523195285238,1.082392200292394,1.041677513216104,0.9654515522165492,0.857157549887509,0.720959822006948,0.5616492379498408,0.3845350738498034,0.19532560025588747,0,Mammalian
4.0,3.9759439323399066,3.904250124808811,3.7863316061764487,3.6245097854115516,3.4219647570990066,3.1826672397917086,2.9112936187524854,2.613125929752753,2.2939389460534145,1.9598768093558312,1.6173218713457083,1.2727585805728339,0.9326353561768497,0.6032274330734786,0.29050364172505155,0.0,0.26329715326725295,0.495055960369419,0.6916895213811751,0.8504300947672563,0.9693854240239012,1.0475759796923985,1.0849523195285238,1.082392200292394,1.041677513216104,0.9654515522165492,0.857157549887509,0.720959822006948,0.5616492379498408,0.3845350738498034,0.19532560025588747,1,Yeast
4.0,3.9759439323399066,3.904250124808811,3.7863316061764487,3.6245097854115516,3.4219647570990066,3.1826672397917086,2.9112936187524854,2.613125929752753,2.2939389460534145,1.9598768093558312,1.6173218713457083,1.2727585805728339,0.9326353561768497,0.6032274330734786,0.29050364172505155,0.0,0.26329715326725295,0.495055960369419,0.6916895213811751,0.8504300947672563,0.9693854240239012,1.0475759796923985,1.0849523195285238,1.082392200292394,1.041677513216104,0.9654515522165492,0.857157549887509,0.720959822006948,0.5616492379498408,0.3845350738498034,0.19532560025588747,0,Mammalian
4.0,3.9759439323399066,3.904250124808811,3.7863316061764487,3.6245097854115516,3.4219647570990066,3.1826672397917086,2.9112936187524854,2.613125929752753,2.2939389460534145,1.9598768093558312,1.6173218713457083,1.2727585805728339,0.9326353561768497,0.6032274330734786,0.29050364172505155,0.0,0.26329715326725295,0.495055960369419,0.6916895213811751,0.8504300947672563,0.9693854240239012,1.0475759796923985,1.0849523195285238,1.082392200292394,1.041677513216104,0.9654515522165492,0.857157549887509,0.720959822006948,0.5616492379498408,0.3845350738498034,0.19532560025588747,0,E_coli
4.0,3.9759439323399066,3.904250124808811,3.7863316061764487,3.6245097854115516,3.4219647570990066,3.1826672397917086,2.9112936187524854,2.613125929752753,2.2939389460534145,1.9598768093558312,1.6173218713457083,1.2727585805728339,0.9326353561768497,0.6032274330734786,0.29050364172505155,0.0,0.26329715326725295,0.495055960369419,0.6916895213811751,0.8504300947672563,0.9693854240239012,1.0475759796923985,1.0849523195285238,1.082392200292394,1.041677513216104,0.9654515522165492,0.857157549887509,0.720959822006948,0.5616492379498408,0.3845350738498034,0.19532560025588747,0,Mammalian
4.0,3.9759439323399066,3.904250124808811,3.7863316061764487,3.6245097854115516,3.4219647570990066,3.1826672397917086,2.9112936187524854,2.613125929752753,2.2939389460534145,1.9598768093558312,1.6173218713457083,1.2727585805728339,0.9326353561768497,0.6032274330734786,0.29050364172505155,0.0,0.26329715326725295,0.495055960369419,0.6916895213811751,0.8504300947672563,0.9693854240239012,1.0475759796923985,1.0849523195285238,1.082392200292394,1.041677513216104,0.9654515522165492,0.857157549887509,0.720959822006948,0.5616492379498408,0.3845350738498034,0.19532560025588747,1,Yeast
4.0,3.9759439323399066,3.904250124808811,3.7863316061764487,3.6245097854115516,3.4219647570990066,3.1826672397917086,2.9112936187524854,2.613125929752753,2.2939389460534145,1.9598768093558312,1.6173218713457083,1.2727585805728339,0.9326353561768497,0.6032274330734786,0.29050364172505155,0.0,0.26329715326725295,0.495055960369419,0.6916895213811751,0.8504300947672563,0.9693854240239012,1.0475759796923985,1.0849523195285238,1.082392200292394,1.041677513216104,0.9654515522165492,0.857157549887509,0.720959822006948,0.5616492379498408,0.3845350738498034,0.19532560025588747,0,E_coli
4.0,3.9759439323399066,3.904250124808811,3.7863316061764487,3.6245097854115516,3.4219647570990066,3.1826672397917086,2.9112936187524854,2.613125929752753,2.2939389460534145,1.9598768093558312,1.6173218713457083,1.2727585805728339,0.9326353561768497,0.6032274330734786,0.29050364172505155,0.0,0.26329715326725295,0.495055960369419,0.6916895213811751,0.8504300947672563,0.9693854240239012,1.0475759796923985,1.0849523195285238,1.082392200292394,1.041677513216104,0.9654515522165492,0.857157549887509,0.720959822006948,0.5616492379498408,0.3845350738498034,0.19532560025588747,0,Mammalian
4.0,3.9759439323399066,3.904250124808811,3.7863316061764487,3.6245097854115516,3.4219647570990066,3.1826672397917086,2.9112936187524854,2.613125929752753,2.2939389460534145,1.9598768093558312,1.6173218713457083,1.2727585805728339,0.9326353561768497,0.6032274330734786,0.29050364172505155,0.0,0.26329715326725295,0.495055960369419,0.6916895213811751,0.8504300947672563,0.9693854240239012,1.0475759796923985,1.0849523195285238,1.082392200292394,1.041677513216104,0.9654515522165492,0.857157549887509,0.720959822006948,0.5616492379498408,0.3845350738498034,0.19532560025588747,0,E_coli
4.0,3.9759439323399066,3.904250124808811,3.7863316061764487,3.6245097854115516,3.4219647570990066,3.1826672397917086,2.9112936187524854,2.613125929752753,2.2939389460534145,1.9598768093558312,1.6173218713457083,1.2727585805728339,0.9326353561768497,0.6032274330734786,0.29050364172505155,0.0,0.26329715326725295,0.495055960369419,0.6916895213811751,0.8504300947672563,0.9693854240239012,1.0475759796923985,1.0849523195285238,1.082392200292394,1.041677513216104,0.9654515522165492,0.857157549887509,0.720959822006948,0.5616492379498408,0.3845350738498034,0.19532560025588747,1,Yeast
4.0,3.9759439323399066,3.904250124808811,3.7863316061764487,3.6245097854115516,3.4219647570990066,3.1826672397917086,2.9112936187524854,2.613125929752753,2.2939389460534145,1.9598768093558312,1.6173218713457083,1.2727585805728339,0.9326353561768497,0.6032274330734786,0.29050364172505155,0.0,0.26329715326725295,0.495055960369419,0.6916895213811751,0.8504300947672563,0.9693854240239012,1.0475759796923985,1.0849523195285238,1.082392200292394,1.041677513216104,0.9654515522165492,0.857157549887509,0.720959822006948,0.5616492379498408,0.3845350738498034,0.19532560025588747,0,E_coli
4.0,3.9759439323399066,3.904250124808811,3.7863316061764487,3.6245097854115516,3.4219647570990066,3.1826672397917086,2.9112936187524854,2.613125929752753,2.2939389460534145,1.9598768093558312,1.6173218713457083,1.2727585805728339,0.9326353561768497,0.6032274330734786,0.29050364172505155,0.0,0.26329715326725295,0.495055960369419,0.6916895213811751,0.8504300947672563,0.9693854240239012,1.0475759796923985,1.0849523195285238,1.082392200292394,1.041677513216104,0.9654515522165492,0.857157549887509,0.720959822006948,0.5616492379498408,0.3845350738498034,0.19532560025588747,1,Yeast
4.0,3.9759439323399066,3.904250124808811,3.7863316061764487,3.6245097854115516,3.4219647570990066,3.1826672397917086,2.9112936187524854,2.613125929752753,2.2939389460534145,1.9598768093558312,1.6173218713457083,1.2727585805728339,0.9326353561768497,0.6032274330734786,0.29050364172505155,0.0,0.26329715326725295,0.495055960369419,0.6916895213811751,0.8504300947672563,0.9693854240239012,1.0475759796923985,1.0849523195285238,1.082392200292394,1.041677513216104,0.9654515522165492,0.857157549887509,0.720959822006948,0.5616492379498408,0.3845350738498034,0.19532560025588747,0,Mammalian
4.0,3.9759439323399066,3.904250124808811,3.7863316061764487,3.6245097854115516,3.4219647570990066,3.1826672397917086,2.9112936187524854,2.613125929752753,2.2939389460534145,1.9598768093558312,1.6173218713457083,1.2727585805728339,0.9326353561768497,0.6032274330734786,0.29050364172505155,0.0,0.26329715326725295,0.495055960369419,0.6916895213811751,0.8504300947672563,0.9693854240239012,1.0475759796923985,1.0849523195285238,1.082392200292394,1.041677513216104,0.9654515522165492,0.857157549887509,0.720959822006948,0.5616492379498408,0.3845350738498034,0.19532560025588747,0,E_coli
4.0,3.9759439323399066,3.904250124808811,3.7863316061764487,3.6245097854115516,3.4219647570990066,3.1826672397917086,2.9112936187524854,2.613125929752753,2.2939389460534145,1.9598768093558312,1.6173218713457083,1.2727585805728339,0.9326353561768497,0.6032274330734786,0.29050364172505155,0.0,0.26329715326725295,0.495055960369419,0.6916895213811751,0.8504300947672563,0.9693854240239012,1.0475759796923985,1.0849523195285238,1.082392200292394,1.041677513216104,0.9654515522165492,0.857157549887509,0.720959822006948,0.5616492379498408,0.3845350738498034,0.19532560025588747,0,Mammalian
4.0,3.9759439323399066,3.904250124808811,3.7863316061764487,3.6245097854115516,3.4219647570990066,3.1826672397917086,2.9112936187524854,2.613125929752753,2.2939389460534145,1.9598768093558312,1.6173218713457083,1.2727585805728339,0.9326353561768497,0.6032274330734786,0.29050364172505155,0.0,0.26329715326725295,0.495055960369419,0.6916895213811751,0.8504300947672563,0.9693854240239012,1.0475759796923985,1.0849523195285238,1.082392200292394,1.041677513216104,0.9654515522165492,0.857157549887509,0.720959822006948,0.5616492379498408,0.3845350738498034,0.19532560025588747,1,Yeast
3.0,3.0157172285333176,3.0588701548549593,3.118546729296155,3.179580427103275,3.2255530360176694,3.2412125626551327,3.214028861492345,3.1350322366358836,2.9991918174143013,2.8055529989150667,2.557305876502646,2.2619726273956684,1.932053989846707,1.5869431812981978,1.2580695272874263,1.0,0.8936452388127646,0.9786041510947204,1.1876679677615631,1.4335455026494783,1.6639229102897117,1.851098529404771,1.9799003218181805,2.0424428695201757,2.0361478078970303,1.9630848116913069,1.829978763094251,1.6488466976429157,1.4386837793434926,1.2289851020401172,1.0644588245184028,1,Yeast
3.0,3.0157172285333176,3.0588701548549593,3.118546729296155,3.179580427103275,3.2255530360176694,3.2412125626551327,3.214028861492345,3.1350322366358836,2.9991918174143013,2.8055529989150667,2.557305876502646,2.2619726273956684,1.932053989846707,1.5869431812981978,1.2580695272874263,1.0,0.8936452388127646,0.9786041510947204,1.1876679677615631,1.4335455026494783,1.6639229102897117,1.851098529404771,1.9799003218181805,2.0424428695201757,2.0361478078970303,1.9630848116913069,1.829978763094251,1.6488466976429157,1.4386837793434926,1.2289851020401172,1.0644588245184028,0,Mammalian
3.0,3.0157172285333176,3.0588701548549593,3.118546729296155,3.179580427103275,3.2255530360176694,3.2412125626551327,3.214028861492345,3.1350322366358836,2.9991918174143013,2.8055529989150667,2.557305876502646,2.2619726273956684,1.932053989846707,1.5869431812981978,1.2580695272874263,1.0,0.8936452388127646,0.9786041510947204,1.1876679677615631,1.4335455026494783,1.6639229102897117,1.851098529404771,1.9799003218181805,2.0424428695201757,2.0361478078970303,1.9630848116913069,1.829978763094251,1.6488466976429157,1.4386837793434926,1.2289851020401172,1.0644588245184028,0,E_coli
4.0,3.9759439323399066,3.904250124808811,3.7863316061764487,3.6245097854115516,3.4219647570990066,3.1826672397917086,2.9112936187524854,2.613125929752753,2.2939389460534145,1.9598768093558312,1.6173218713457083,1.2727585805728339,0.9326353561768497,0.6032274330734786,0.29050364172505155,0.0,0.26329715326725295,0.495055960369419,0.6916895213811751,0.8504300947672563,0.9693854240239012,1.0475759796923985,1.0849523195285238,1.082392200292394,1.041677513216104,0.9654515522165492,0.857157549887509,0.720959822006948,0.5616492379498408,0.3845350738498034,0.19532560025588747,1,Yeast
4.0,3.9759439323399066,3.904250124808811,3.7863316061764487,3.6245097854115516,3.4219647570990066,3.1826672397917086,2.9112936187524854,2.613125929752753,2.2939389460534145,1.9598768093558312,1.6173218713457083,1.2727585805728339,0.9326353561768497,0.6032274330734786,0.29050364172505155,0.0,0.26329715326725295,0.495055960369419,0.6916895213811751,0.8504300947672563,0.9693854240239012,1.0475759796923985,1.0849523195285238,1.082392200292394,1.041677513216104,0.9654515522165492,0.857157549887509,0.720959822006948,0.5616492379498408,0.3845350738498034,0.19532560025588747,0,Mammalian
4.0,3.9759439323399066,3.904250124808811,3.7863316061764487,3.6245097854115516,3.4219647570990066,3.1826672397917086,2.9112936187524854,2.613125929752753,2.2939389460534145,1.9598768093558312,1.6173218713457083,1.2727585805728339,0.9326353561768497,0.6032274330734786,0.29050364172505155,0.0,0.26329715326725295,0.495055960369419,0.6916895213811751,0.8504300947672563,0.9693854240239012,1.0475759796923985,1.0849523195285238,1.082392200292394,1.041677513216104,0.9654515522165492,0.857157549887509,0.720959822006948,0.5616492379498408,0.3845350738498034,0.19532560025588747,0,E_coli
4.0,3.9759439323399066,3.904250124808811,3.7863316061764487,3.6245097854115516,3.4219647570990066,3.1826672397917086,2.9112936187524854,2.613125929752753,2.2939389460534145,1.9598768093558312,1.6173218713457083,1.2727585805728339,0.9326353561768497,0.6032274330734786,0.29050364172505155,0.0,0.26329715326725295,0.495055960369419,0.6916895213811751,0.8504300947672563,0.9693854240239012,1.0475759796923985,1.0849523195285238,1.082392200292394,1.041677513216104,0.9654515522165492,0.857157549887509,0.720959822006948,0.5616492379498408,0.3845350738498034,0.19532560025588747,0,Mammalian
4.0,3.9759439323399066,3.904250124808811,3.7863316061764487,3.6245097854115516,3.4219647570990066,3.1826672397917086,2.9112936187524854,2.613125929752753,2.2939389460534145,1.9598768093558312,1.6173218713457083,1.2727585805728339,0.9326353561768497,0.6032274330734786,0.29050364172505155,0.0,0.26329715326725295,0.495055960369419,0.6916895213811751,0.8504300947672563,0.9693854240239012,1.0475759796923985,1.0849523195285238,1.082392200292394,1.041677513216104,0.9654515522165492,0.857157549887509,0.720959822006948,0.5616492379498408,0.3845350738498034,0.19532560025588747,0,E_coli
4.0,3.9759439323399066,3.904250124808811,3.7863316061764487,3.6245097854115516,3.4219647570990066,3.1826672397917086,2.9112936187524854,2.613125929752753,2.2939389460534145,1.9598768093558312,1.6173218713457083,1.2727585805728339,0.9326353561768497,0.6032274330734786,0.29050364172505155,0.0,0.26329715326725295,0.495055960369419,0.6916895213811751,0.8504300947672563,0.9693854240239012,1.0475759796923985,1.0849523195285238,1.082392200292394,1.041677513216104,0.9654515522165492,0.857157549887509,0.720959822006948,0.5616492379498408,0.3845350738498034,0.19532560025588747,1,Yeast
4.0,3.9759439323399066,3.904250124808811,3.7863316061764487,3.6245097854115516,3.4219647570990066,3.1826672397917086,2.9112936187524854,2.613125929752753,2.2939389460534145,1.9598768093558312,1.6173218713457083,1.2727585805728339,0.9326353561768497,0.6032274330734786,0.29050364172505155,0.0,0.26329715326725295,0.495055960369419,0.6916895213811751,0.8504300947672563,0.9693854240239012,1.0475759796923985,1.0849523195285238,1.082392200292394,1.041677513216104,0.9654515522165492,0.857157549887509,0.720959822006948,0.5616492379498408,0.3845350738498034,0.19532560025588747,1,Yeast
4.0,3.9759439323399066,3.904250124808811,3.7863316061764487,3.6245097854115516,3.4219647570990066,3.1826672397917086,2.9112936187524854,2.613125929752753,2.2939389460534145,1.9598768093558312,1.6173218713457083,1.2727585805728339,0.9326353561768497,0.6032274330734786,0.29050364172505155,0.0,0.26329715326725295,0.495055960369419,0.6916895213811751,0.8504300947672563,0.9693854240239012,1.0475759796923985,1.0849523195285238,1.082392200292394,1.041677513216104,0.9654515522165492,0.857157549887509,0.720959822006948,0.5616492379498408,0.3845350738498034,0.19532560025588747,0,E_coli
4.0,3.9759439323399066,3.904250124808811,3.7863316061764487,3.6245097854115516,3.4219647570990066,3.1826672397917086,2.9112936187524854,2.613125929752753,2.2939389460534145,1.9598768093558312,1.6173218713457083,1.2727585805728339,0.9326353561768497,0.6032274330734786,0.29050364172505155,0.0,0.26329715326725295,0.495055960369419,0.6916895213811751,0.8504300947672563,0.9693854240239012,1.0475759796923985,1.0849523195285238,1.082392200292394,1.041677513216104,0.9654515522165492,0.857157549887509,0.720959822006948,0.5616492379498408,0.3845350738498034,0.19532560025588747,0,Mammalian
4.0,3.9759439323399066,3.904250124808811,3.7863316061764487,3.6245097854115516,3.4219647570990066,3.1826672397917086,2.9112936187524854,2.613125929752753,2.2939389460534145,1.9598768093558312,1.6173218713457083,1.2727585805728339,0.9326353561768497,0.6032274330734786,0.29050364172505155,0.0,0.26329715326725295,0.495055960369419,0.6916895213811751,0.8504300947672563,0.9693854240239012,1.0475759796923985,1.0849523195285238,1.082392200292394,1.041677513216104,0.9654515522165492,0.857157549887509,0.720959822006948,0.5616492379498408,0.3845350738498034,0.19532560025588747,0,Mammalian
4.0,3.9759439323399066,3.904250124808811,3.7863316061764487,3.6245097854115516,3.4219647570990066,3.1826672397917086,2.9112936187524854,2.613125929752753,2.2939389460534145,1.9598768093558312,1.6173218713457083,1.2727585805728339,0.9326353561768497,0.6032274330734786,0.29050364172505155,0.0,0.26329715326725295,0.495055960369419,0.6916895213811751,0.8504300947672563,0.9693854240239012,1.0475759796923985,1.0849523195285238,1.082392200292394,1.041677513216104,0.9654515522165492,0.857157549887509,0.720959822006948,0.5616492379498408,0.3845350738498034,0.19532560025588747,0,E_coli
4.0,3.9759439323399066,3.904250124808811,3.7863316061764487,3.6245097854115516,3.4219647570990066,3.1826672397917086,2.9112936187524854,2.613125929752753,2.2939389460534145,1.9598768093558312,1.6173218713457083,1.2727585805728339,0.9326353561768497,0.6032274330734786,0.29050364172505155,0.0,0.26329715326725295,0.495055960369419,0.6916895213811751,0.8504300947672563,0.9693854240239012,1.0475759796923985,1.0849523195285238,1.082392200292394,1.041677513216104,0.9654515522165492,0.857157549887509,0.720959822006948,0.5616492379498408,0.3845350738498034,0.19532560025588747,1,Yeast
4.0,3.9759439323399066,3.904250124808811,3.7863316061764487,3.6245097854115516,3.4219647570990066,3.1826672397917086,2.9112936187524854,2.613125929752753,2.2939389460534145,1.9598768093558312,1.6173218713457083,1.2727585805728339,0.9326353561768497,0.6032274330734786,0.29050364172505155,0.0,0.26329715326725295,0.495055960369419,0.6916895213811751,0.8504300947672563,0.9693854240239012,1.0475759796923985,1.0849523195285238,1.082392200292394,1.041677513216104,0.9654515522165492,0.857157549887509,0.720959822006948,0.5616492379498408,0.3845350738498034,0.19532560025588747,0,Mammalian
4.0,3.9759439323399066,3.904250124808811,3.7863316061764487,3.6245097854115516,3.4219647570990066,3.1826672397917086,2.9112936187524854,2.613125929752753,2.2939389460534145,1.9598768093558312,1.6173218713457083,1.2727585805728339,0.9326353561768497,0.6032274330734786,0.29050364172505155,0.0,0.26329715326725295,0.495055960369419,0.6916895213811751,0.8504300947672563,0.9693854240239012,1.0475759796923985,1.0849523195285238,1.082392200292394,1.041677513216104,0.9654515522165492,0.857157549887509,0.720959822006948,0.5616492379498408,0.3845350738498034,0.19532560025588747,0,E_coli
4.0,3.9759439323399066,3.904250124808811,3.7863316061764487,3.6245097854115516,3.4219647570990066,3.1826672397917086,2.9112936187524854,2.613125929752753,2.2939389460534145,1.9598768093558312,1.6173218713457083,1.2727585805728339,0.9326353561768497,0.6032274330734786,0.29050364172505155,0.0,0.26329715326725295,0.495055960369419,0.6916895213811751,0.8504300947672563,0.9693854240239012,1.0475759796923985,1.0849523195285238,1.082392200292394,1.041677513216104,0.9654515522165492,0.857157549887509,0.720959822006948,0.5616492379498408,0.3845350738498034,0.19532560025588747,1,Yeast
4.0,3.9759439323399066,3.904250124808811,3.7863316061764487,3.6245097854115516,3.4219647570990066,3.1826672397917086,2.9112936187524854,2.613125929752753,2.2939389460534145,1.9598768093558312,1.6173218713457083,1.2727585805728339,0.9326353561768497,0.6032274330734786,0.29050364172505155,0.0,0.26329715326725295,0.495055960369419,0.6916895213811751,0.8504300947672563,0.9693854240239012,1.0475759796923985,1.0849523195285238,1.082392200292394,1.041677513216104,0.9654515522165492,0.857157549887509,0.720959822006948,0.5616492379498408,0.3845350738498034,0.19532560025588747,0,E_coli
4.0,3.9759439323399066,3.904250124808811,3.7863316061764487,3.6245097854115516,3.4219647570990066,3.1826672397917086,2.9112936187524854,2.613125929752753,2.2939389460534145,1.9598768093558312,1.6173218713457083,1.2727585805728339,0.9326353561768497,0.6032274330734786,0.29050364172505155,0.0,0.26329715326725295,0.495055960369419,0.6916895213811751,0.8504300947672563,0.9693854240239012,1.0475759796923985,1.0849523195285238,1.082392200292394,1.041677513216104,0.9654515522165492,0.857157549887509,0.720959822006948,0.5616492379498408,0.3845350738498034,0.19532560025588747,0,Mammalian
4.0,3.9759439323399066,3.904250124808811,3.7863316061764487,3.6245097854115516,3.4219647570990066,3.1826672397917086,2.9112936187524854,2.613125929752753,2.2939389460534145,1.9598768093558312,1.6173218713457083,1.2727585805728339,0.9326353561768497,0.6032274330734786,0.29050364172505155,0.0,0.26329715326725295,0.495055960369419,0.6916895213811751,0.8504300947672563,0.9693854240239012,1.0475759796923985,1.0849523195285238,1.082392200292394,1.041677513216104,0.9654515522165492,0.857157549887509,0.720959822006948,0.5616492379498408,0.3845350738498034,0.19532560025588747,1,Yeast
4.0,3.9759439323399066,3.904250124808811,3.7863316061764487,3.6245097854115516,3.4219647570990066,3.1826672397917086,2.9112936187524854,2.613125929752753,2.2939389460534145,1.9598768093558312,1.6173218713457083,1.2727585805728339,0.9326353561768497,0.6032274330734786,0.29050364172505155,0.0,0.26329715326725295,0.495055960369419,0.6916895213811751,0.8504300947672563,0.9693854240239012,1.0475759796923985,1.0849523195285238,1.082392200292394,1.041677513216104,0.9654515522165492,0.857157549887509,0.720959822006948,0.5616492379498408,0.3845350738498034,0.19532560025588747,0,E_coli
4.0,3.9759439323399066,3.904250124808811,3.7863316061764487,3.6245097854115516,3.4219647570990066,3.1826672397917086,2.9112936187524854,2.613125929752753,2.2939389460534145,1.9598768093558312,1.6173218713457083,1.2727585805728339,0.9326353561768497,0.6032274330734786,0.29050364172505155,0.0,0.26329715326725295,0.495055960369419,0.6916895213811751,0.8504300947672563,0.9693854240239012,1.0475759796923985,1.0849523195285238,1.082392200292394,1.041677513216104,0.9654515522165492,0.857157549887509,0.720959822006948,0.5616492379498408,0.3845350738498034,0.19532560025588747,0,Mammalian
4.0,3.9759439323399066,3.904250124808811,3.7863316061764487,3.6245097854115516,3.4219647570990066,3.1826672397917086,2.9112936187524854,2.613125929752753,2.2939389460534145,1.9598768093558312,1.6173218713457083,1.2727585805728339,0.9326353561768497,0.6032274330734786,0.29050364172505155,0.0,0.26329715326725295,0.495055960369419,0.6916895213811751,0.8504300947672563,0.9693854240239012,1.0475759796923985,1.0849523195285238,1.082392200292394,1.041677513216104,0.9654515522165492,0.857157549887509,0.720959822006948,0.5616492379498408,0.3845350738498034,0.19532560025588747,1,Yeast
4.0,3.9759439323399066,3.904250124808811,3.7863316061764487,3.6245097854115516,3.4219647570990066,3.1826672397917086,2.9112936187524854,2.613125929752753,2.2939389460534145,1.9598768093558312,1.6173218713457083,1.2727585805728339,0.9326353561768497,0.6032274330734786,0.29050364172505155,0.0,0.26329715326725295,0.495055960369419,0.6916895213811751,0.8504300947672563,0.9693854240239012,1.0475759796923985,1.0849523195285238,1.082392200292394,1.041677513216104,0.9654515522165492,0.857157549887509,0.720959822006948,0.5616492379498408,0.3845350738498034,0.19532560025588747,0,E_coli
4.0,3.9759439323399066,3.904250124808811,3.7863316061764487,3.6245097854115516,3.4219647570990066,3.1826672397917086,2.9112936187524854,2.613125929752753,2.2939389460534145,1.9598768093558312,1.6173218713457083,1.2727585805728339,0.9326353561768497,0.6032274330734786,0.29050364172505155,0.0,0.26329715326725295,0.495055960369419,0.6916895213811751,0.8504300947672563,0.9693854240239012,1.0475759796923985,1.0849523195285238,1.082392200292394,1.041677513216104,0.9654515522165492,0.857157549887509,0.720959822006948,0.5616492379498408,0.3845350738498034,0.19532560025588747,1,Yeast
4.0,3.9759439323399066,3.904250124808811,3.7863316061764487,3.6245097854115516,3.4219647570990066,3.1826672397917086,2.9112936187524854,2.613125929752753,2.2939389460534145,1.9598768093558312,1.6173218713457083,1.2727585805728339,0.9326353561768497,0.6032274330734786,0.29050364172505155,0.0,0.26329715326725295,0.495055960369419,0.6916895213811751,0.8504300947672563,0.9693854240239012,1.0475759796923985,1.0849523195285238,1.082392200292394,1.041677513216104,0.9654515522165492,0.857157549887509,0.720959822006948,0.5616492379498408,0.3845350738498034,0.19532560025588747,0,Mammalian
4.0,3.9759439323399066,3.904250124808811,3.7863316061764487,3.6245097854115516,3.4219647570990066,3.1826672397917086,2.9112936187524854,2.613125929752753,2.2939389460534145,1.9598768093558312,1.6173218713457083,1.2727585805728339,0.9326353561768497,0.6032274330734786,0.29050364172505155,0.0,0.26329715326725295,0.495055960369419,0.6916895213811751,0.8504300947672563,0.9693854240239012,1.0475759796923985,1.0849523195285238,1.082392200292394,1.041677513216104,0.9654515522165492,0.857157549887509,0.720959822006948,0.5616492379498408,0.3845350738498034,0.19532560025588747,1,Yeast
4.0,3.9759439323399066,3.904250124808811,3.7863316061764487,3.6245097854115516,3.4219647570990066,3.1826672397917086,2.9112936187524854,2.613125929752753,2.2939389460534145,1.9598768093558312,1.6173218713457083,1.2727585805728339,0.9326353561768497,0.6032274330734786,0.29050364172505155,0.0,0.26329715326725295,0.495055960369419,0.6916895213811751,0.8504300947672563,0.9693854240239012,1.0475759796923985,1.0849523195285238,1.082392200292394,1.041677513216104,0.9654515522165492,0.857157549887509,0.720959822006948,0.5616492379498408,0.3845350738498034,0.19532560025588747,0,E_coli
4.0,3.9759439323399066,3.904250124808811,3.7863316061764487,3.6245097854115516,3.4219647570990066,3.1826672397917086,2.9112936187524854,2.613125929752753,2.2939389460534145,1.9598768093558312,1.6173218713457083,1.2727585805728339,0.9326353561768497,0.6032274330734786,0.29050364172505155,0.0,0.26329715326725295,0.495055960369419,0.6916895213811751,0.8504300947672563,0.9693854240239012,1.0475759796923985,1.0849523195285238,1.082392200292394,1.041677513216104,0.9654515522165492,0.857157549887509,0.720959822006948,0.5616492379498408,0.3845350738498034,0.19532560025588747,0,Mammalian
4.0,3.9759439323399066,3.904250124808811,3.7863316061764487,3.6245097854115516,3.4219647570990066,3.1826672397917086,2.9112936187524854,2.613125929752753,2.2939389460534145,1.9598768093558312,1.6173218713457083,1.2727585805728339,0.9326353561768497,0.6032274330734786,0.29050364172505155,0.0,0.26329715326725295,0.495055960369419,0.6916895213811751,0.8504300947672563,0.9693854240239012,1.0475759796923985,1.0849523195285238,1.082392200292394,1.041677513216104,0.9654515522165492,0.857157549887509,0.720959822006948,0.5616492379498408,0.3845350738498034,0.19532560025588747,0,Mammalian
4.0,3.9759439323399066,3.904250124808811,3.7863316061764487,3.6245097854115516,3.4219647570990066,3.1826672397917086,2.9112936187524854,2.613125929752753,2.2939389460534145,1.9598768093558312,1.6173218713457083,1.2727585805728339,0.9326353561768497,0.6032274330734786,0.29050364172505155,0.0,0.26329715326725295,0.495055960369419,0.6916895213811751,0.8504300947672563,0.9693854240239012,1.0475759796923985,1.0849523195285238,1.082392200292394,1.041677513216104,0.9654515522165492,0.857157549887509,0.720959822006948,0.5616492379498408,0.3845350738498034,0.19532560025588747,0,E_coli
4.0,3.9759439323399066,3.904250124808811,3.7863316061764487,3.6245097854115516,3.4219647570990066,3.1826672397917086,2.9112936187524854,2.613125929752753,2.2939389460534145,1.9598768093558312,1.6173218713457083,1.2727585805728339,0.9326353561768497,0.6032274330734786,0.29050364172505155,0.0,0.26329715326725295,0.495055960369419,0.6916895213811751,0.8504300947672563,0.9693854240239012,1.0475759796923985,1.0849523195285238,1.082392200292394,1.041677513216104,0.9654515522165492,0.857157549887509,0.720959822006948,0.5616492379498408,0.3845350738498034,0.19532560025588747,1,Yeast
4.0,3.9759439323399066,3.904250124808811,3.7863316061764487,3.6245097854115516,3.4219647570990066,3.1826672397917086,2.9112936187524854,2.613125929752753,2.2939389460534145,1.9598768093558312,1.6173218713457083,1.2727585805728339,0.9326353561768497,0.6032274330734786,0.29050364172505155,0.0,0.26329715326725295,0.495055960369419,0.6916895213811751,0.8504300947672563,0.9693854240239012,1.0475759796923985,1.0849523195285238,1.082392200292394,1.041677513216104,0.9654515522165492,0.857157549887509,0.720959822006948,0.5616492379498408,0.3845350738498034,0.19532560025588747,1,Yeast
4.0,3.9759439323399066,3.904250124808811,3.7863316061764487,3.6245097854115516,3.4219647570990066,3.1826672397917086,2.9112936187524854,2.613125929752753,2.2939389460534145,1.9598768093558312,1.6173218713457083,1.2727585805728339,0.9326353561768497,0.6032274330734786,0.29050364172505155,0.0,0.26329715326725295,0.495055960369419,0.6916895213811751,0.8504300947672563,0.9693854240239012,1.0475759796923985,1.0849523195285238,1.082392200292394,1.041677513216104,0.9654515522165492,0.857157549887509,0.720959822006948,0.5616492379498408,0.3845350738498034,0.19532560025588747,0,E_coli
4.0,3.9759439323399066,3.904250124808811,3.7863316061764487,3.6245097854115516,3.4219647570990066,3.1826672397917086,2.9112936187524854,2.613125929752753,2.2939389460534145,1.9598768093558312,1.6173218713457083,1.2727585805728339,0.9326353561768497,0.6032274330734786,0.29050364172505155,0.0,0.26329715326725295,0.495055960369419,0.6916895213811751,0.8504300947672563,0.9693854240239012,1.0475759796923985,1.0849523195285238,1.082392200292394,1.041677513216104,0.9654515522165492,0.857157549887509,0.720959822006948,0.5616492379498408,0.3845350738498034,0.19532560025588747,0,Mammalian
4.0,3.9759439323399066,3.904250124808811,3.7863316061764487,3.6245097854115516,3.4219647570990066,3.1826672397917086,2.9112936187524854,2.613125929752753,2.2939389460534145,1.9598768093558312,1.6173218713457083,1.2727585805728339,0.9326353561768497,0.6032274330734786,0.29050364172505155,0.0,0.26329715326725295,0.495055960369419,0.6916895213811751,0.8504300947672563,0.9693854240239012,1.0475759796923985,1.0849523195285238,1.082392200292394,1.041677513216104,0.9654515522165492,0.857157549887509,0.720959822006948,0.5616492379498408,0.3845350738498034,0.19532560025588747,0,Mammalian
4.0,3.9759439323399066,3.904250124808811,3.7863316061764487,3.6245097854115516,3.4219647570990066,3.1826672397917086,2.9112936187524854,2.613125929752753,2.2939389460534145,1.9598768093558312,1.6173218713457083,1.2727585805728339,0.9326353561768497,0.6032274330734786,0.29050364172505155,0.0,0.26329715326725295,0.495055960369419,0.6916895213811751,0.8504300947672563,0.9693854240239012,1.0475759796923985,1.0849523195285238,1.082392200292394,1.041677513216104,0.9654515522165492,0.857157549887509,0.720959822006948,0.5616492379498408,0.3845350738498034,0.19532560025588747,1,Yeast
4.0,3.9759439323399066,3.904250124808811,3.7863316061764487,3.6245097854115516,3.4219647570990066,3.1826672397917086,2.9112936187524854,2.613125929752753,2.2939389460534145,1.9598768093558312,1.6173218713457083,1.2727585805728339,0.9326353561768497,0.6032274330734786,0.29050364172505155,0.0,0.26329715326725295,0.495055960369419,0.6916895213811751,0.8504300947672563,0.9693854240239012,1.0475759796923985,1.0849523195285238,1.082392200292394,1.041677513216104,0.9654515522165492,0.857157549887509,0.720959822006948,0.5616492379498408,0.3845350738498034,0.19532560025588747,0,E_coli
4.0,3.9759439323399066,3.904250124808811,3.7863316061764487,3.6245097854115516,3.4219647570990066,3.1826672397917086,2.9112936187524854,2.613125929752753,2.2939389460534145,1.9598768093558312,1.6173218713457083,1.2727585805728339,0.9326353561768497,0.6032274330734786,0.29050364172505155,0.0,0.26329715326725295,0.495055960369419,0.6916895213811751,0.8504300947672563,0.9693854240239012,1.0475759796923985,1.0849523195285238,1.082392200292394,1.041677513216104,0.9654515522165492,0.857157549887509,0.720959822006948,0.5616492379498408,0.3845350738498034,0.19532560025588747,1,Yeast
4.0,3.9759439323399066,3.904250124808811,3.7863316061764487,3.6245097854115516,3.4219647570990066,3.1826672397917086,2.9112936187524854,2.613125929752753,2.2939389460534145,1.9598768093558312,1.6173218713457083,1.2727585805728339,0.9326353561768497,0.6032274330734786,0.29050364172505155,0.0,0.26329715326725295,0.495055960369419,0.6916895213811751,0.8504300947672563,0.9693854240239012,1.0475759796923985,1.0849523195285238,1.082392200292394,1.041677513216104,0.9654515522165492,0.857157549887509,0.720959822006948,0.5616492379498408,0.3845350738498034,0.19532560025588747,0,E_coli
4.0,3.9759439323399066,3.904250124808811,3.7863316061764487,3.6245097854115516,3.4219647570990066,3.1826672397917086,2.9112936187524854,2.613125929752753,2.2939389460534145,1.9598768093558312,1.6173218713457083,1.2727585805728339,0.9326353561768497,0.6032274330734786,0.29050364172505155,0.0,0.26329715326725295,0.495055960369419,0.6916895213811751,0.8504300947672563,0.9693854240239012,1.0475759796923985,1.0849523195285238,1.082392200292394,1.041677513216104,0.9654515522165492,0.857157549887509,0.720959822006948,0.5616492379498408,0.3845350738498034,0.19532560025588747,0,Mammalian
4.0,3.9759439323399066,3.904250124808811,3.7863316061764487,3.6245097854115516,3.4219647570990066,3.1826672397917086,2.9112936187524854,2.613125929752753,2.2939389460534145,1.9598768093558312,1.6173218713457083,1.2727585805728339,0.9326353561768497,0.6032274330734786,0.29050364172505155,0.0,0.26329715326725295,0.495055960369419,0.6916895213811751,0.8504300947672563,0.9693854240239012,1.0475759796923985,1.0849523195285238,1.082392200292394,1.041677513216104,0.9654515522165492,0.857157549887509,0.720959822006948,0.5616492379498408,0.3845350738498034,0.19532560025588747,0,E_coli
4.0,3.9759439323399066,3.904250124808811,3.7863316061764487,3.6245097854115516,3.4219647570990066,3.1826672397917086,2.9112936187524854,2.613125929752753,2.2939389460534145,1.9598768093558312,1.6173218713457083,1.2727585805728339,0.9326353561768497,0.6032274330734786,0.29050364172505155,0.0,0.26329715326725295,0.495055960369419,0.6916895213811751,0.8504300947672563,0.9693854240239012,1.0475759796923985,1.0849523195285238,1.082392200292394,1.041677513216104,0.9654515522165492,0.857157549887509,0.720959822006948,0.5616492379498408,0.3845350738498034,0.19532560025588747,0,Mammalian
4.0,3.9759439323399066,3.904250124808811,3.7863316061764487,3.6245097854115516,3.4219647570990066,3.1826672397917086,2.9112936187524854,2.613125929752753,2.2939389460534145,1.9598768093558312,1.6173218713457083,1.2727585805728339,0.9326353561768497,0.6032274330734786,0.29050364172505155,0.0,0.26329715326725295,0.495055960369419,0.6916895213811751,0.8504300947672563,0.9693854240239012,1.0475759796923985,1.0849523195285238,1.082392200292394,1.041677513216104,0.9654515522165492,0.857157549887509,0.720959822006948,0.5616492379498408,0.3845350738498034,0.19532560025588747,1,Yeast
4.0,3.9759439323399066,3.904250124808811,3.7863316061764487,3.6245097854115516,3.4219647570990066,3.1826672397917086,2.9112936187524854,2.613125929752753,2.2939389460534145,1.9598768093558312,1.6173218713457083,1.2727585805728339,0.9326353561768497,0.6032274330734786,0.29050364172505155,0.0,0.26329715326725295,0.495055960369419,0.6916895213811751,0.8504300947672563,0.9693854240239012,1.0475759796923985,1.0849523195285238,1.082392200292394,1.041677513216104,0.9654515522165492,0.857157549887509,0.720959822006948,0.5616492379498408,0.3845350738498034,0.19532560025588747,0,E_coli
4.0,3.9759439323399066,3.904250124808811,3.7863316061764487,3.6245097854115516,3.4219647570990066,3.1826672397917086,2.9112936187524854,2.613125929752753,2.2939389460534145,1.9598768093558312,1.6173218713457083,1.2727585805728339,0.9326353561768497,0.6032274330734786,0.29050364172505155,0.0,0.26329715326725295,0.495055960369419,0.6916895213811751,0.8504300947672563,0.9693854240239012,1.0475759796923985,1.0849523195285238,1.082392200292394,1.041677513216104,0.9654515522165492,0.857157549887509,0.720959822006948,0.5616492379498408,0.3845350738498034,0.19532560025588747,1,Yeast
4.0,3.9759439323399066,3.904250124808811,3.7863316061764487,3.6245097854115516,3.4219647570990066,3.1826672397917086,2.9112936187524854,2.613125929752753,2.2939389460534145,1.9598768093558312,1.6173218713457083,1.2727585805728339,0.9326353561768497,0.6032274330734786,0.29050364172505155,0.0,0.26329715326725295,0.495055960369419,0.6916895213811751,0.8504300947672563,0.9693854240239012,1.0475759796923985,1.0849523195285238,1.082392200292394,1.041677513216104,0.9654515522165492,0.857157549887509,0.720959822006948,0.5616492379498408,0.3845350738498034,0.19532560025588747,0,Mammalian
4.0,3.9759439323399066,3.904250124808811,3.7863316061764487,3.6245097854115516,3.4219647570990066,3.1826672397917086,2.9112936187524854,2.613125929752753,2.2939389460534145,1.9598768093558312,1.6173218713457083,1.2727585805728339,0.9326353561768497,0.6032274330734786,0.29050364172505155,0.0,0.26329715326725295,0.495055960369419,0.6916895213811751,0.8504300947672563,0.9693854240239012,1.0475759796923985,1.0849523195285238,1.082392200292394,1.041677513216104,0.9654515522165492,0.857157549887509,0.720959822006948,0.5616492379498408,0.3845350738498034,0.19532560025588747,0,Mammalian
4.0,3.9759439323399066,3.904250124808811,3.7863316061764487,3.6245097854115516,3.4219647570990066,3.1826672397917086,2.9112936187524854,2.613125929752753,2.2939389460534145,1.9598768093558312,1.6173218713457083,1.2727585805728339,0.9326353561768497,0.6032274330734786,0.29050364172505155,0.0,0.26329715326725295,0.495055960369419,0.6916895213811751,0.8504300947672563,0.9693854240239012,1.0475759796923985,1.0849523195285238,1.082392200292394,1.041677513216104,0.9654515522165492,0.857157549887509,0.720959822006948,0.5616492379498408,0.3845350738498034,0.19532560025588747,0,E_coli
4.0,3.9759439323399066,3.904250124808811,3.7863316061764487,3.6245097854115516,3.4219647570990066,3.1826672397917086,2.9112936187524854,2.613125929752753,2.2939389460534145,1.9598768093558312,1.6173218713457083,1.2727585805728339,0.9326353561768497,0.6032274330734786,0.29050364172505155,0.0,0.26329715326725295,0.495055960369419,0.6916895213811751,0.8504300947672563,0.9693854240239012,1.0475759796923985,1.0849523195285238,1.082392200292394,1.041677513216104,0.9654515522165492,0.857157549887509,0.720959822006948,0.5616492379498408,0.3845350738498034,0.19532560025588747,1,Yeast
4.0,3.9759439323399066,3.904250124808811,3.7863316061764487,3.6245097854115516,3.4219647570990066,3.1826672397917086,2.9112936187524854,2.613125929752753,2.2939389460534145,1.9598768093558312,1.6173218713457083,1.2727585805728339,0.9326353561768497,0.6032274330734786,0.29050364172505155,0.0,0.26329715326725295,0.495055960369419,0.6916895213811751,0.8504300947672563,0.9693854240239012,1.0475759796923985,1.0849523195285238,1.082392200292394,1.041677513216104,0.9654515522165492,0.857157549887509,0.720959822006948,0.5616492379498408,0.3845350738498034,0.19532560025588747,1,Yeast
4.0,3.9759439323399066,3.904250124808811,3.7863316061764487,3.6245097854115516,3.4219647570990066,3.1826672397917086,2.9112936187524854,2.613125929752753,2.2939389460534145,1.9598768093558312,1.6173218713457083,1.2727585805728339,0.9326353561768497,0.6032274330734786,0.29050364172505155,0.0,0.26329715326725295,0.495055960369419,0.6916895213811751,0.8504300947672563,0.9693854240239012,1.0475759796923985,1.0849523195285238,1.082392200292394,1.041677513216104,0.9654515522165492,0.857157549887509,0.720959822006948,0.5616492379498408,0.3845350738498034,0.19532560025588747,0,Mammalian
4.0,3.9759439323399066,3.904250124808811,3.7863316061764487,3.6245097854115516,3.4219647570990066,3.1826672397917086,2.9112936187524854,2.613125929752753,2.2939389460534145,1.9598768093558312,1.6173218713457083,1.2727585805728339,0.9326353561768497,0.6032274330734786,0.29050364172505155,0.0,0.26329715326725295,0.495055960369419,0.6916895213811751,0.8504300947672563,0.9693854240239012,1.0475759796923985,1.0849523195285238,1.082392200292394,1.041677513216104,0.9654515522165492,0.857157549887509,0.720959822006948,0.5616492379498408,0.3845350738498034,0.19532560025588747,0,E_coli
4.0,3.9759439323399066,3.904250124808811,3.7863316061764487,3.6245097854115516,3.4219647570990066,3.1826672397917086,2.9112936187524854,2.613125929752753,2.2939389460534145,1.9598768093558312,1.6173218713457083,1.2727585805728339,0.9326353561768497,0.6032274330734786,0.29050364172505155,0.0,0.26329715326725295,0.495055960369419,0.6916895213811751,0.8504300947672563,0.9693854240239012,1.0475759796923985,1.0849523195285238,1.082392200292394,1.041677513216104,0.9654515522165492,0.857157549887509,0.720959822006948,0.5616492379498408,0.3845350738498034,0.19532560025588747,1,Yeast
4.0,3.9759439323399066,3.904250124808811,3.7863316061764487,3.6245097854115516,3.4219647570990066,3.1826672397917086,2.9112936187524854,2.613125929752753,2.2939389460534145,1.9598768093558312,1.6173218713457083,1.2727585805728339,0.9326353561768497,0.6032274330734786,0.29050364172505155,0.0,0.26329715326725295,0.495055960369419,0.6916895213811751,0.8504300947672563,0.9693854240239012,1.0475759796923985,1.0849523195285238,1.082392200292394,1.041677513216104,0.9654515522165492,0.857157549887509,0.720959822006948,0.5616492379498408,0.3845350738498034,0.19532560025588747,0,Mammalian
4.0,3.9759439323399066,3.904250124808811,3.7863316061764487,3.6245097854115516,3.4219647570990066,3.1826672397917086,2.9112936187524854,2.613125929752753,2.2939389460534145,1.9598768093558312,1.6173218713457083,1.2727585805728339,0.9326353561768497,0.6032274330734786,0.29050364172505155,0.0,0.26329715326725295,0.495055960369419,0.6916895213811751,0.8504300947672563,0.9693854240239012,1.0475759796923985,1.0849523195285238,1.082392200292394,1.041677513216104,0.9654515522165492,0.857157549887509,0.720959822006948,0.5616492379498408,0.3845350738498034,0.19532560025588747,0,E_coli
1.0,1.0,1.0,1.0,1.0,1.0,1.0,1.0,1.0,1.0,1.0,1.0,1.0,1.0,1.0,1.0,1.0,1.0,1.0,1.0,1.0,1.0,1.0,1.0,1.0,1.0,1.0,1.0,1.0,1.0,1.0,1.0,1,Yeast
1.0,1.0,1.0,1.0,1.0,1.0,1.0,1.0,1.0,1.0,1.0,1.0,1.0,1.0,1.0,1.0,1.0,1.0,1.0,1.0,1.0,1.0,1.0,1.0,1.0,1.0,1.0,1.0,1.0,1.0,1.0,1.0,0,Mammalian
1.0,1.0,1.0,1.0,1.0,1.0,1.0,1.0,1.0,1.0,1.0,1.0,1.0,1.0,1.0,1.0,1.0,1.0,1.0,1.0,1.0,1.0,1.0,1.0,1.0,1.0,1.0,1.0,1.0,1.0,1.0,1.0,0,E_coli
4.0,3.948573638051903,3.798837767198792,3.564348463556981,3.2674433720829446,2.9387304801068037,2.6157067399130836,2.3387406973996865,2.1414449415352483,2.0356849945551847,2.0022529360209815,1.999732396236177,1.9841723060218306,1.9232887073753808,1.801793904017048,1.6233044317654253,1.4142135623730951,1.2323150890031682,1.16726280989189,1.2842132415070224,1.5511950265919598,1.8858707482981698,2.220251274354919,2.509036473791051,2.722905353179411,2.8444708693279765,2.866975010301622,2.7943559239023315,2.642095391866769,2.438683441687205,2.227076082803278,2.0627768827741404,0,Mammalian
4.0,3.948573638051903,3.798837767198792,3.564348463556981,3.2674433720829446,2.9387304801068037,2.6157067399130836,2.3387406973996865,2.1414449415352483,2.0356849945551847,2.0022529360209815,1.999732396236177,1.9841723060218306,1.9232887073753808,1.801793904017048,1.6233044317654253,1.4142135623730951,1.2323150890031682,1.16726280989189,1.2842132415070224,1.5511950265919598,1.8858707482981698,2.220251274354919,2.509036473791051,2.722905353179411,2.8444708693279765,2.866975010301622,2.7943559239023315,2.642095391866769,2.438683441687205,2.227076082803278,2.0627768827741404,1,Yeast
4.0,3.948573638051903,3.798837767198792,3.564348463556981,3.2674433720829446,2.9387304801068037,2.6157067399130836,2.3387406973996865,2.1414449415352483,2.0356849945551847,2.0022529360209815,1.999732396236177,1.9841723060218306,1.9232887073753808,1.801793904017048,1.6233044317654253,1.4142135623730951,1.2323150890031682,1.16726280989189,1.2842132415070224,1.5511950265919598,1.8858707482981698,2.220251274354919,2.509036473791051,2.722905353179411,2.8444708693279765,2.866975010301622,2.7943559239023315,2.642095391866769,2.438683441687205,2.227076082803278,2.0627768827741404,0,E_coli
4.0,3.9937242130258426,3.9587053510748538,3.854746182403896,3.63679142370105,3.2741113504908497,2.7644108228953717,2.1465613277160167,1.5307337294603593,1.1858837103122053,1.397737530098905,1.9130871196673664,2.415619092368499,2.7742960578088285,2.9463993333094196,2.943791137141294,2.8284271247461903,2.7081531974554847,2.7053153177908498,2.8815414943440247,3.188225901749245,3.5128475162697876,3.7478433527767687,3.820167512769062,3.695518130045147,3.375244356539842,2.89102625416286,2.297867460187159,1.6654573367380185,1.0681441238159728,0.5732817312380707,0.22397970955226462,1,Yeast
4.0,3.9937242130258426,3.9587053510748538,3.854746182403896,3.63679142370105,3.2741113504908497,2.7644108228953717,2.1465613277160167,1.5307337294603593,1.1858837103122053,1.397737530098905,1.9130871196673664,2.415619092368499,2.7742960578088285,2.9463993333094196,2.943791137141294,2.8284271247461903,2.7081531974554847,2.7053153177908498,2.8815414943440247,3.188225901749245,3.5128475162697876,3.7478433527767687,3.820167512769062,3.695518130045147,3.375244356539842,2.89102625416286,2.297867460187159,1.6654573367380185,1.0681441238159728,0.5732817312380707,0.22397970955226462,0,Mammalian
4.0,3.9937242130258426,3.9587053510748538,3.854746182403896,3.63679142370105,3.2741113504908497,2.7644108228953717,2.1465613277160167,1.5307337294603593,1.1858837103122053,1.397737530098905,1.9130871196673664,2.415619092368499,2.7742960578088285,2.9463993333094196,2.943791137141294,2.8284271247461903,2.7081531974554847,2.7053153177908498,2.8815414943440247,3.188225901749245,3.5128475162697876,3.7478433527767687,3.820167512769062,3.695518130045147,3.375244356539842,2.89102625416286,2.297867460187159,1.6654573367380185,1.0681441238159728,0.5732817312380707,0.22397970955226462,0,E_coli
14.0,12.928945438303757,10.006262956719207,6.010484649640063,1.961570560806461,1.1946845926693752,2.864324841967743,2.954035916046319,1.8477590650225735,0.2292503161245662,1.1785618983286996,1.8613795521242147,1.6629392246050907,0.7913333678098758,0.30752267857520976,1.1510686407849773,1.4142135623730951,1.0432678039221819,0.2523773400054936,0.5868928245194841,1.1111404660392046,1.1156679683704445,0.6299544590639947,0.10842732438886965,0.7653668647301797,1.0569709517299641,0.8688834415850398,0.2992529120051397,0.3901806440322565,0.8915711760884366,0.9855308809680821,0.6351583602251877,0,Mammalian
14.0,12.928945438303757,10.006262956719207,6.010484649640063,1.961570560806461,1.1946845926693752,2.864324841967743,2.954035916046319,1.8477590650225735,0.2292503161245662,1.1785618983286996,1.8613795521242147,1.6629392246050907,0.7913333678098758,0.30752267857520976,1.1510686407849773,1.4142135623730951,1.0432678039221819,0.2523773400054936,0.5868928245194841,1.1111404660392046,1.1156679683704445,0.6299544590639947,0.10842732438886965,0.7653668647301797,1.0569709517299641,0.8688834415850398,0.2992529120051397,0.3901806440322565,0.8915711760884366,0.9855308809680821,0.6351583602251877,0,E_coli
14.0,12.928945438303757,10.006262956719207,6.010484649640063,1.961570560806461,1.1946845926693752,2.864324841967743,2.954035916046319,1.8477590650225735,0.2292503161245662,1.1785618983286996,1.8613795521242147,1.6629392246050907,0.7913333678098758,0.30752267857520976,1.1510686407849773,1.4142135623730951,1.0432678039221819,0.2523773400054936,0.5868928245194841,1.1111404660392046,1.1156679683704445,0.6299544590639947,0.10842732438886965,0.7653668647301797,1.0569709517299641,0.8688834415850398,0.2992529120051397,0.3901806440322565,0.8915711760884366,0.9855308809680821,0.6351583602251877,1,Yeast
1.0,1.0,1.0,1.0,1.0,1.0,1.0,1.0,1.0,1.0,1.0,1.0,1.0,1.0,1.0,1.0,1.0,1.0,1.0,1.0,1.0,1.0,1.0,1.0,1.0,1.0,1.0,1.0,1.0,1.0,1.0,1.0,0,Mammalian
1.0,1.0,1.0,1.0,1.0,1.0,1.0,1.0,1.0,1.0,1.0,1.0,1.0,1.0,1.0,1.0,1.0,1.0,1.0,1.0,1.0,1.0,1.0,1.0,1.0,1.0,1.0,1.0,1.0,1.0,1.0,1.0,0,E_coli
1.0,1.0,1.0,1.0,1.0,1.0,1.0,1.0,1.0,1.0,1.0,1.0,1.0,1.0,1.0,1.0,1.0,1.0,1.0,1.0,1.0,1.0,1.0,1.0,1.0,1.0,1.0,1.0,1.0,1.0,1.0,1.0,1,Yeast
0.0,0.09813534865483603,0.19603428065912118,0.29346094891072344,0.39018064403225655,0.4859603598065278,0.5805693545089247,0.6737797067844402,0.7653668647301797,0.8551101868605643,0.9427934736519953,1.0282054883864435,1.1111404660392044,1.1913986089848667,1.2687865683272912,1.3431179096940367,1.4142135623730951,1.4819022507099184,1.5460209067254738,1.6064150629612897,1.6629392246050905,1.7154572200005442,1.7638425286967099,1.8079785862468867,1.8477590650225735,1.8830881303660416,1.9138806714644176,1.940062506389088,1.9615705608064609,1.9783530199295618,1.9903694533443936,1.9975909124103448,0,E_coli
0.0,0.09813534865483603,0.19603428065912118,0.29346094891072344,0.39018064403225655,0.4859603598065278,0.5805693545089247,0.6737797067844402,0.7653668647301797,0.8551101868605643,0.9427934736519953,1.0282054883864435,1.1111404660392044,1.1913986089848667,1.2687865683272912,1.3431179096940367,1.4142135623730951,1.4819022507099184,1.5460209067254738,1.6064150629612897,1.6629392246050905,1.7154572200005442,1.7638425286967099,1.8079785862468867,1.8477590650225735,1.8830881303660416,1.9138806714644176,1.940062506389088,1.9615705608064609,1.9783530199295618,1.9903694533443936,1.9975909124103448,1,Yeast
0.0,0.09813534865483603,0.19603428065912118,0.29346094891072344,0.39018064403225655,0.4859603598065278,0.5805693545089247,0.6737797067844402,0.7653668647301797,0.8551101868605643,0.9427934736519953,1.0282054883864435,1.1111404660392044,1.1913986089848667,1.2687865683272912,1.3431179096940367,1.4142135623730951,1.4819022507099184,1.5460209067254738,1.6064150629612897,1.6629392246050905,1.7154572200005442,1.7638425286967099,1.8079785862468867,1.8477590650225735,1.8830881303660416,1.9138806714644176,1.940062506389088,1.9615705608064609,1.9783530199295618,1.9903694533443936,1.9975909124103448,0,Mammalian
1.0,1.0190335809940412,1.0734248622877274,1.156313441673541,1.2592801267497653,1.3743578624073116,1.4948689358167224,1.6154935332485065,1.7320508075688772,1.8412443194840429,1.940455324074785,2.027594748967161,2.1010029896154587,2.1593839919303583,2.201762717692934,2.227458318534033,2.23606797749979,2.227458318534033,2.2017627176929335,2.159383991930359,2.1010029896154583,2.0275947489671604,1.9404553240747853,1.841244319484043,1.7320508075688772,1.615493533248506,1.4948689358167222,1.3743578624073118,1.259280126749765,1.156313441673541,1.0734248622877274,1.0190335809940412,1,Yeast
1.0,1.0190335809940412,1.0734248622877274,1.156313441673541,1.2592801267497653,1.3743578624073116,1.4948689358167224,1.6154935332485065,1.7320508075688772,1.8412443194840429,1.940455324074785,2.027594748967161,2.1010029896154587,2.1593839919303583,2.201762717692934,2.227458318534033,2.23606797749979,2.227458318534033,2.2017627176929335,2.159383991930359,2.1010029896154583,2.0275947489671604,1.9404553240747853,1.841244319484043,1.7320508075688772,1.615493533248506,1.4948689358167222,1.3743578624073118,1.259280126749765,1.156313441673541,1.0734248622877274,1.0190335809940412,0,Mammalian
1.0,1.0190335809940412,1.0734248622877274,1.156313441673541,1.2592801267497653,1.3743578624073116,1.4948689358167224,1.6154935332485065,1.7320508075688772,1.8412443194840429,1.940455324074785,2.027594748967161,2.1010029896154587,2.1593839919303583,2.201762717692934,2.227458318534033,2.23606797749979,2.227458318534033,2.2017627176929335,2.159383991930359,2.1010029896154583,2.0275947489671604,1.9404553240747853,1.841244319484043,1.7320508075688772,1.615493533248506,1.4948689358167222,1.3743578624073118,1.259280126749765,1.156313441673541,1.0734248622877274,1.0190335809940412,0,E_coli
8.0,7.799094569095037,7.214113560230994,6.296439345272812,5.125830895483013,3.8022835149727223,2.4359080467988345,1.1359304191318436,0.0,0.895050575341797,1.5000247688340602,1.7970717778624685,1.7999524462728314,1.5509159160400228,1.1146189577318177,0.5698433914149286,0.0,0.5164759445931898,0.9147441384660497,1.1502376363530773,1.2026897738700904,1.0771233718215296,0.8017799431438174,0.42332739477793,0.0,0.406442402980579,0.7389246275688653,0.9524224394510294,1.0195911582083184,0.9339885482563481,0.7105281685250994,0.38314494723379994,1,Yeast
8.0,7.799094569095037,7.214113560230994,6.296439345272812,5.125830895483013,3.8022835149727223,2.4359080467988345,1.1359304191318436,0.0,0.895050575341797,1.5000247688340602,1.7970717778624685,1.7999524462728314,1.5509159160400228,1.1146189577318177,0.5698433914149286,0.0,0.5164759445931898,0.9147441384660497,1.1502376363530773,1.2026897738700904,1.0771233718215296,0.8017799431438174,0.42332739477793,0.0,0.406442402980579,0.7389246275688653,0.9524224394510294,1.0195911582083184,0.9339885482563481,0.7105281685250994,0.38314494723379994,0,E_coli
8.0,7.799094569095037,7.214113560230994,6.296439345272812,5.125830895483013,3.8022835149727223,2.4359080467988345,1.1359304191318436,0.0,0.895050575341797,1.5000247688340602,1.7970717778624685,1.7999524462728314,1.5509159160400228,1.1146189577318177,0.5698433914149286,0.0,0.5164759445931898,0.9147441384660497,1.1502376363530773,1.2026897738700904,1.0771233718215296,0.8017799431438174,0.42332739477793,0.0,0.406442402980579,0.7389246275688653,0.9524224394510294,1.0195911582083184,0.9339885482563481,0.7105281685250994,0.38314494723379994,0,Mammalian
4.0,4.005532127497395,4.016469665145053,4.017495830896605,3.9877861087669024,3.9058755363622555,3.7537902605299935,3.51987374859573,3.200412580765062,2.8004866082039337,2.3347240658841324,1.8294653500970968,1.3312232492708356,0.9377842258466099,0.8372240509011475,1.0684563127257576,1.4142135623730951,1.7355456964801113,1.976871171448048,2.1139545518607803,2.137987467481608,2.051461593264005,1.867510663225446,1.611382071745059,1.3256542961423672,1.082225193790862,0.9851528505114742,1.09027435015398,1.3245437705935241,1.5847662752433744,1.805272192512774,1.9498704107740166,0,E_coli
4.0,4.005532127497395,4.016469665145053,4.017495830896605,3.9877861087669024,3.9058755363622555,3.7537902605299935,3.51987374859573,3.200412580765062,2.8004866082039337,2.3347240658841324,1.8294653500970968,1.3312232492708356,0.9377842258466099,0.8372240509011475,1.0684563127257576,1.4142135623730951,1.7355456964801113,1.976871171448048,2.1139545518607803,2.137987467481608,2.051461593264005,1.867510663225446,1.611382071745059,1.3256542961423672,1.082225193790862,0.9851528505114742,1.09027435015398,1.3245437705935241,1.5847662752433744,1.805272192512774,1.9498704107740166,2,Mammalian
4.0,4.005532127497395,4.016469665145053,4.017495830896605,3.9877861087669024,3.9058755363622555,3.7537902605299935,3.51987374859573,3.200412580765062,2.8004866082039337,2.3347240658841324,1.8294653500970968,1.3312232492708356,0.9377842258466099,0.8372240509011475,1.0684563127257576,1.4142135623730951,1.7355456964801113,1.976871171448048,2.1139545518607803,2.137987467481608,2.051461593264005,1.867510663225446,1.611382071745059,1.3256542961423672,1.082225193790862,0.9851528505114742,1.09027435015398,1.3245437705935241,1.5847662752433744,1.805272192512774,1.9498704107740166,1,Yeast
5.0,4.985857065655139,4.9360191029965295,4.830886151120719,4.645279780491487,4.356267183070728,3.949815401660673,3.4252620356275383,2.797932651931813,2.10190859762198,1.4011950331619394,0.8544449451339389,0.8420778345160207,1.2714574910186351,1.724744872752539,2.06130662950152,2.23606797749979,2.236736058096629,2.07312845428954,1.7765508555338068,1.4061281668582168,1.0720103490295942,0.9594300578311568,1.1502596754323382,1.4736257582079006,1.770713600082039,1.9642429805103458,2.020442134308432,1.9326366083518463,1.7179258889909816,1.421254094198012,1.1315000514937925,0,E_coli
5.0,4.985857065655139,4.9360191029965295,4.830886151120719,4.645279780491487,4.356267183070728,3.949815401660673,3.4252620356275383,2.797932651931813,2.10190859762198,1.4011950331619394,0.8544449451339389,0.8420778345160207,1.2714574910186351,1.724744872752539,2.06130662950152,2.23606797749979,2.236736058096629,2.07312845428954,1.7765508555338068,1.4061281668582168,1.0720103490295942,0.9594300578311568,1.1502596754323382,1.4736257582079006,1.770713600082039,1.9642429805103458,2.020442134308432,1.9326366083518463,1.7179258889909816,1.421254094198012,1.1315000514937925,2,Mammalian
5.0,4.985857065655139,4.9360191029965295,4.830886151120719,4.645279780491487,4.356267183070728,3.949815401660673,3.4252620356275383,2.797932651931813,2.10190859762198,1.4011950331619394,0.8544449451339389,0.8420778345160207,1.2714574910186351,1.724744872752539,2.06130662950152,2.23606797749979,2.236736058096629,2.07312845428954,1.7765508555338068,1.4061281668582168,1.0720103490295942,0.9594300578311568,1.1502596754323382,1.4736257582079006,1.770713600082039,1.9642429805103458,2.020442134308432,1.9326366083518463,1.7179258889909816,1.421254094198012,1.1315000514937925,1,Yeast
1.0,1.0190335809940412,1.0734248622877274,1.156313441673541,1.259280126749765,1.3743578624073118,1.4948689358167222,1.615493533248506,1.7320508075688772,1.841244319484043,1.9404553240747853,2.0275947489671604,2.1010029896154583,2.159383991930359,2.2017627176929335,2.227458318534033,2.23606797749979,2.227458318534033,2.201762717692934,2.1593839919303583,2.1010029896154587,2.027594748967161,1.940455324074785,1.8412443194840429,1.7320508075688772,1.6154935332485065,1.4948689358167224,1.3743578624073116,1.2592801267497653,1.156313441673541,1.0734248622877274,1.0190335809940412,0,E_coli
1.0,1.0190335809940412,1.0734248622877274,1.156313441673541,1.259280126749765,1.3743578624073118,1.4948689358167222,1.615493533248506,1.7320508075688772,1.841244319484043,1.9404553240747853,2.0275947489671604,2.1010029896154583,2.159383991930359,2.2017627176929335,2.227458318534033,2.23606797749979,2.227458318534033,2.201762717692934,2.1593839919303583,2.1010029896154587,2.027594748967161,1.940455324074785,1.8412443194840429,1.7320508075688772,1.6154935332485065,1.4948689358167224,1.3743578624073116,1.2592801267497653,1.156313441673541,1.0734248622877274,1.0190335809940412,1,Yeast
1.0,1.0190335809940412,1.0734248622877274,1.156313441673541,1.259280126749765,1.3743578624073118,1.4948689358167222,1.615493533248506,1.7320508075688772,1.841244319484043,1.9404553240747853,2.0275947489671604,2.1010029896154583,2.159383991930359,2.2017627176929335,2.227458318534033,2.23606797749979,2.227458318534033,2.201762717692934,2.1593839919303583,2.1010029896154587,2.027594748967161,1.940455324074785,1.8412443194840429,1.7320508075688772,1.6154935332485065,1.4948689358167224,1.3743578624073116,1.2592801267497653,1.156313441673541,1.0734248622877274,1.0190335809940412,2,Mammalian
0.0,0.3915962975655595,0.7766036351680459,1.1485711357712878,1.5013211100714607,1.8290782695005647,2.1265902612343983,2.389236926784984,2.613125929752753,2.7951726932496523,2.933162926996389,3.025796400796788,3.072711026845665,3.0744867393509088,3.032629097024001,2.9495329726553265,2.8284271247461903,2.673300859694785,2.488814380377469,2.28019476974573,2.053119868637347,1.81359256865538,1.5678082480375888,1.322018226440359,1.082392200292394,0.8548826419795981,0.6450941031371268,0.45816025567916985,0.29863133620137045,0.1703744336826751,0.07648878187997601,0.019237892480782906,1,Yeast
0.0,0.3915962975655595,0.7766036351680459,1.1485711357712878,1.5013211100714607,1.8290782695005647,2.1265902612343983,2.389236926784984,2.613125929752753,2.7951726932496523,2.933162926996389,3.025796400796788,3.072711026845665,3.0744867393509088,3.032629097024001,2.9495329726553265,2.8284271247461903,2.673300859694785,2.488814380377469,2.28019476974573,2.053119868637347,1.81359256865538,1.5678082480375888,1.322018226440359,1.082392200292394,0.8548826419795981,0.6450941031371268,0.45816025567916985,0.29863133620137045,0.1703744336826751,0.07648878187997601,0.019237892480782906,2,Mammalian
0.0,0.3915962975655595,0.7766036351680459,1.1485711357712878,1.5013211100714607,1.8290782695005647,2.1265902612343983,2.389236926784984,2.613125929752753,2.7951726932496523,2.933162926996389,3.025796400796788,3.072711026845665,3.0744867393509088,3.032629097024001,2.9495329726553265,2.8284271247461903,2.673300859694785,2.488814380377469,2.28019476974573,2.053119868637347,1.81359256865538,1.5678082480375888,1.322018226440359,1.082392200292394,0.8548826419795981,0.6450941031371268,0.45816025567916985,0.29863133620137045,0.1703744336826751,0.07648878187997601,0.019237892480782906,0,E_coli
0.0,0.3915962975655595,0.7766036351680459,1.1485711357712878,1.5013211100714607,1.8290782695005647,2.1265902612343983,2.389236926784984,2.613125929752753,2.7951726932496523,2.933162926996389,3.025796400796788,3.072711026845665,3.0744867393509088,3.032629097024001,2.9495329726553265,2.8284271247461903,2.673300859694785,2.488814380377469,2.28019476974573,2.053119868637347,1.81359256865538,1.5678082480375888,1.322018226440359,1.082392200292394,0.8548826419795981,0.6450941031371268,0.45816025567916985,0.29863133620137045,0.1703744336826751,0.07648878187997601,0.019237892480782906,1,Yeast
1.0,1.0,1.0,1.0,1.0,1.0,1.0,1.0,1.0,1.0,1.0,1.0,1.0,1.0,1.0,1.0,1.0,1.0,1.0,1.0,1.0,1.0,1.0,1.0,1.0,1.0,1.0,1.0,1.0,1.0,1.0,1.0,2,Mammalian
1.0,1.0,1.0,1.0,1.0,1.0,1.0,1.0,1.0,1.0,1.0,1.0,1.0,1.0,1.0,1.0,1.0,1.0,1.0,1.0,1.0,1.0,1.0,1.0,1.0,1.0,1.0,1.0,1.0,1.0,1.0,1.0,1,Yeast
1.0,1.0,1.0,1.0,1.0,1.0,1.0,1.0,1.0,1.0,1.0,1.0,1.0,1.0,1.0,1.0,1.0,1.0,1.0,1.0,1.0,1.0,1.0,1.0,1.0,1.0,1.0,1.0,1.0,1.0,1.0,1.0,0,E_coli
4.0,4.005532127497395,4.016469665145053,4.017495830896605,3.9877861087669024,3.9058755363622555,3.7537902605299935,3.51987374859573,3.200412580765062,2.8004866082039337,2.3347240658841324,1.8294653500970968,1.3312232492708356,0.9377842258466099,0.8372240509011475,1.0684563127257576,1.4142135623730951,1.7355456964801113,1.976871171448048,2.1139545518607803,2.137987467481608,2.051461593264005,1.867510663225446,1.611382071745059,1.3256542961423672,1.082225193790862,0.9851528505114742,1.09027435015398,1.3245437705935241,1.5847662752433744,1.805272192512774,1.9498704107740166,2,Mammalian
4.0,4.005532127497395,4.016469665145053,4.017495830896605,3.9877861087669024,3.9058755363622555,3.7537902605299935,3.51987374859573,3.200412580765062,2.8004866082039337,2.3347240658841324,1.8294653500970968,1.3312232492708356,0.9377842258466099,0.8372240509011475,1.0684563127257576,1.4142135623730951,1.7355456964801113,1.976871171448048,2.1139545518607803,2.137987467481608,2.051461593264005,1.867510663225446,1.611382071745059,1.3256542961423672,1.082225193790862,0.9851528505114742,1.09027435015398,1.3245437705935241,1.5847662752433744,1.805272192512774,1.9498704107740166,0,E_coli
4.0,4.005532127497395,4.016469665145053,4.017495830896605,3.9877861087669024,3.9058755363622555,3.7537902605299935,3.51987374859573,3.200412580765062,2.8004866082039337,2.3347240658841324,1.8294653500970968,1.3312232492708356,0.9377842258466099,0.8372240509011475,1.0684563127257576,1.4142135623730951,1.7355456964801113,1.976871171448048,2.1139545518607803,2.137987467481608,2.051461593264005,1.867510663225446,1.611382071745059,1.3256542961423672,1.082225193790862,0.9851528505114742,1.09027435015398,1.3245437705935241,1.5847662752433744,1.805272192512774,1.9498704107740166,1,Yeast
4.0,4.005532127497395,4.016469665145053,4.017495830896605,3.9877861087669024,3.9058755363622555,3.7537902605299935,3.51987374859573,3.200412580765062,2.8004866082039337,2.3347240658841324,1.8294653500970968,1.3312232492708356,0.9377842258466099,0.8372240509011475,1.0684563127257576,1.4142135623730951,1.7355456964801113,1.976871171448048,2.1139545518607803,2.137987467481608,2.051461593264005,1.867510663225446,1.611382071745059,1.3256542961423672,1.082225193790862,0.9851528505114742,1.09027435015398,1.3245437705935241,1.5847662752433744,1.805272192512774,1.9498704107740166,1,Yeast
4.0,4.005532127497395,4.016469665145053,4.017495830896605,3.9877861087669024,3.9058755363622555,3.7537902605299935,3.51987374859573,3.200412580765062,2.8004866082039337,2.3347240658841324,1.8294653500970968,1.3312232492708356,0.9377842258466099,0.8372240509011475,1.0684563127257576,1.4142135623730951,1.7355456964801113,1.976871171448048,2.1139545518607803,2.137987467481608,2.051461593264005,1.867510663225446,1.611382071745059,1.3256542961423672,1.082225193790862,0.9851528505114742,1.09027435015398,1.3245437705935241,1.5847662752433744,1.805272192512774,1.9498704107740166,2,Mammalian
4.0,4.005532127497395,4.016469665145053,4.017495830896605,3.9877861087669024,3.9058755363622555,3.7537902605299935,3.51987374859573,3.200412580765062,2.8004866082039337,2.3347240658841324,1.8294653500970968,1.3312232492708356,0.9377842258466099,0.8372240509011475,1.0684563127257576,1.4142135623730951,1.7355456964801113,1.976871171448048,2.1139545518607803,2.137987467481608,2.051461593264005,1.867510663225446,1.611382071745059,1.3256542961423672,1.082225193790862,0.9851528505114742,1.09027435015398,1.3245437705935241,1.5847662752433744,1.805272192512774,1.9498704107740166,0,E_coli
4.0,4.005532127497395,4.016469665145053,4.017495830896605,3.9877861087669024,3.9058755363622555,3.7537902605299935,3.51987374859573,3.200412580765062,2.8004866082039337,2.3347240658841324,1.8294653500970968,1.3312232492708356,0.9377842258466099,0.8372240509011475,1.0684563127257576,1.4142135623730951,1.7355456964801113,1.976871171448048,2.1139545518607803,2.137987467481608,2.051461593264005,1.867510663225446,1.611382071745059,1.3256542961423672,1.082225193790862,0.9851528505114742,1.09027435015398,1.3245437705935241,1.5847662752433744,1.805272192512774,1.9498704107740166,1,Yeast
4.0,4.005532127497395,4.016469665145053,4.017495830896605,3.9877861087669024,3.9058755363622555,3.7537902605299935,3.51987374859573,3.200412580765062,2.8004866082039337,2.3347240658841324,1.8294653500970968,1.3312232492708356,0.9377842258466099,0.8372240509011475,1.0684563127257576,1.4142135623730951,1.7355456964801113,1.976871171448048,2.1139545518607803,2.137987467481608,2.051461593264005,1.867510663225446,1.611382071745059,1.3256542961423672,1.082225193790862,0.9851528505114742,1.09027435015398,1.3245437705935241,1.5847662752433744,1.805272192512774,1.9498704107740166,2,Mammalian
4.0,4.005532127497395,4.016469665145053,4.017495830896605,3.9877861087669024,3.9058755363622555,3.7537902605299935,3.51987374859573,3.200412580765062,2.8004866082039337,2.3347240658841324,1.8294653500970968,1.3312232492708356,0.9377842258466099,0.8372240509011475,1.0684563127257576,1.4142135623730951,1.7355456964801113,1.976871171448048,2.1139545518607803,2.137987467481608,2.051461593264005,1.867510663225446,1.611382071745059,1.3256542961423672,1.082225193790862,0.9851528505114742,1.09027435015398,1.3245437705935241,1.5847662752433744,1.805272192512774,1.9498704107740166,0,E_coli
4.0,4.005532127497395,4.016469665145053,4.017495830896605,3.9877861087669024,3.9058755363622555,3.7537902605299935,3.51987374859573,3.200412580765062,2.8004866082039337,2.3347240658841324,1.8294653500970968,1.3312232492708356,0.9377842258466099,0.8372240509011475,1.0684563127257576,1.4142135623730951,1.7355456964801113,1.976871171448048,2.1139545518607803,2.137987467481608,2.051461593264005,1.867510663225446,1.611382071745059,1.3256542961423672,1.082225193790862,0.9851528505114742,1.09027435015398,1.3245437705935241,1.5847662752433744,1.805272192512774,1.9498704107740166,0,E_coli
4.0,4.005532127497395,4.016469665145053,4.017495830896605,3.9877861087669024,3.9058755363622555,3.7537902605299935,3.51987374859573,3.200412580765062,2.8004866082039337,2.3347240658841324,1.8294653500970968,1.3312232492708356,0.9377842258466099,0.8372240509011475,1.0684563127257576,1.4142135623730951,1.7355456964801113,1.976871171448048,2.1139545518607803,2.137987467481608,2.051461593264005,1.867510663225446,1.611382071745059,1.3256542961423672,1.082225193790862,0.9851528505114742,1.09027435015398,1.3245437705935241,1.5847662752433744,1.805272192512774,1.9498704107740166,2,Mammalian
4.0,4.005532127497395,4.016469665145053,4.017495830896605,3.9877861087669024,3.9058755363622555,3.7537902605299935,3.51987374859573,3.200412580765062,2.8004866082039337,2.3347240658841324,1.8294653500970968,1.3312232492708356,0.9377842258466099,0.8372240509011475,1.0684563127257576,1.4142135623730951,1.7355456964801113,1.976871171448048,2.1139545518607803,2.137987467481608,2.051461593264005,1.867510663225446,1.611382071745059,1.3256542961423672,1.082225193790862,0.9851528505114742,1.09027435015398,1.3245437705935241,1.5847662752433744,1.805272192512774,1.9498704107740166,1,Yeast
1.0,1.0,1.0,1.0,1.0,1.0,1.0,1.0,1.0,1.0,1.0,1.0,1.0,1.0,1.0,1.0,1.0,1.0,1.0,1.0,1.0,1.0,1.0,1.0,1.0,1.0,1.0,1.0,1.0,1.0,1.0,1.0,1,Yeast
1.0,1.0,1.0,1.0,1.0,1.0,1.0,1.0,1.0,1.0,1.0,1.0,1.0,1.0,1.0,1.0,1.0,1.0,1.0,1.0,1.0,1.0,1.0,1.0,1.0,1.0,1.0,1.0,1.0,1.0,1.0,1.0,0,E_coli
1.0,1.0,1.0,1.0,1.0,1.0,1.0,1.0,1.0,1.0,1.0,1.0,1.0,1.0,1.0,1.0,1.0,1.0,1.0,1.0,1.0,1.0,1.0,1.0,1.0,1.0,1.0,1.0,1.0,1.0,1.0,1.0,2,Mammalian
5.0,4.820133346269664,4.275685050075125,3.367060773745801,2.1339894638313375,0.6974820210098164,0.875824923103473,2.197158879107227,3.1350322366358836,3.4995297578228524,3.2017716899270523,2.273977771230026,0.910385000239481,1.02257670780535,2.6498748228619413,4.056705070197309,5.0,5.378608183463318,5.21142618938867,4.619576493556699,3.7871852379561224,2.913399711909517,2.189545706488781,1.8382391068409358,2.0424428695201757,2.6514914273621053,3.3491664038043654,3.874711527160544,4.034168575184115,3.7154138087169333,2.916895712355432,1.7916460409800052,1,Yeast
5.0,4.820133346269664,4.275685050075125,3.367060773745801,2.1339894638313375,0.6974820210098164,0.875824923103473,2.197158879107227,3.1350322366358836,3.4995297578228524,3.2017716899270523,2.273977771230026,0.910385000239481,1.02257670780535,2.6498748228619413,4.056705070197309,5.0,5.378608183463318,5.21142618938867,4.619576493556699,3.7871852379561224,2.913399711909517,2.189545706488781,1.8382391068409358,2.0424428695201757,2.6514914273621053,3.3491664038043654,3.874711527160544,4.034168575184115,3.7154138087169333,2.916895712355432,1.7916460409800052,0,E_coli
5.0,4.820133346269664,4.275685050075125,3.367060773745801,2.1339894638313375,0.6974820210098164,0.875824923103473,2.197158879107227,3.1350322366358836,3.4995297578228524,3.2017716899270523,2.273977771230026,0.910385000239481,1.02257670780535,2.6498748228619413,4.056705070197309,5.0,5.378608183463318,5.21142618938867,4.619576493556699,3.7871852379561224,2.913399711909517,2.189545706488781,1.8382391068409358,2.0424428695201757,2.6514914273621053,3.3491664038043654,3.874711527160544,4.034168575184115,3.7154138087169333,2.916895712355432,1.7916460409800052,2,Mammalian
1.0,1.0644588245184028,1.228985102040117,1.4386837793434923,1.6488466976429157,1.829978763094251,1.9630848116913069,2.03614780789703,2.0424428695201757,1.9799003218181803,1.851098529404771,1.6639229102897122,1.4335455026494783,1.1876679677615627,0.9786041510947202,0.8936452388127648,1.0,1.2580695272874263,1.5869431812981976,1.9320539898467068,2.2619726273956684,2.5573058765026464,2.8055529989150667,2.9991918174143013,3.1350322366358836,3.2140288614923445,3.2412125626551336,3.2255530360176694,3.179580427103275,3.118546729296155,3.058870154854959,3.015717228533318,0,E_coli
1.0,1.0644588245184028,1.228985102040117,1.4386837793434923,1.6488466976429157,1.829978763094251,1.9630848116913069,2.03614780789703,2.0424428695201757,1.9799003218181803,1.851098529404771,1.6639229102897122,1.4335455026494783,1.1876679677615627,0.9786041510947202,0.8936452388127648,1.0,1.2580695272874263,1.5869431812981976,1.9320539898467068,2.2619726273956684,2.5573058765026464,2.8055529989150667,2.9991918174143013,3.1350322366358836,3.2140288614923445,3.2412125626551336,3.2255530360176694,3.179580427103275,3.118546729296155,3.058870154854959,3.015717228533318,1,Yeast
1.0,1.0644588245184028,1.228985102040117,1.4386837793434923,1.6488466976429157,1.829978763094251,1.9630848116913069,2.03614780789703,2.0424428695201757,1.9799003218181803,1.851098529404771,1.6639229102897122,1.4335455026494783,1.1876679677615627,0.9786041510947202,0.8936452388127648,1.0,1.2580695272874263,1.5869431812981976,1.9320539898467068,2.2619726273956684,2.5573058765026464,2.8055529989150667,2.9991918174143013,3.1350322366358836,3.2140288614923445,3.2412125626551336,3.2255530360176694,3.179580427103275,3.118546729296155,3.058870154854959,3.015717228533318,2,Mammalian
1.0,1.0644588245184028,1.228985102040117,1.4386837793434923,1.6488466976429157,1.829978763094251,1.9630848116913069,2.03614780789703,2.0424428695201757,1.9799003218181803,1.851098529404771,1.6639229102897122,1.4335455026494783,1.1876679677615627,0.9786041510947202,0.8936452388127648,1.0,1.2580695272874263,1.5869431812981976,1.9320539898467068,2.2619726273956684,2.5573058765026464,2.8055529989150667,2.9991918174143013,3.1350322366358836,3.2140288614923445,3.2412125626551336,3.2255530360176694,3.179580427103275,3.118546729296155,3.058870154854959,3.015717228533318,0,E_coli
1.0,1.0644588245184028,1.228985102040117,1.4386837793434923,1.6488466976429157,1.829978763094251,1.9630848116913069,2.03614780789703,2.0424428695201757,1.9799003218181803,1.851098529404771,1.6639229102897122,1.4335455026494783,1.1876679677615627,0.9786041510947202,0.8936452388127648,1.0,1.2580695272874263,1.5869431812981976,1.9320539898467068,2.2619726273956684,2.5573058765026464,2.8055529989150667,2.9991918174143013,3.1350322366358836,3.2140288614923445,3.2412125626551336,3.2255530360176694,3.179580427103275,3.118546729296155,3.058870154854959,3.015717228533318,2,Mammalian
1.0,1.0644588245184028,1.228985102040117,1.4386837793434923,1.6488466976429157,1.829978763094251,1.9630848116913069,2.03614780789703,2.0424428695201757,1.9799003218181803,1.851098529404771,1.6639229102897122,1.4335455026494783,1.1876679677615627,0.9786041510947202,0.8936452388127648,1.0,1.2580695272874263,1.5869431812981976,1.9320539898467068,2.2619726273956684,2.5573058765026464,2.8055529989150667,2.9991918174143013,3.1350322366358836,3.2140288614923445,3.2412125626551336,3.2255530360176694,3.179580427103275,3.118546729296155,3.058870154854959,3.015717228533318,1,Yeast
1.0,1.018672081884555,1.0680658688496651,1.1320360879364564,1.192057900037627,1.2323189127071765,1.2420172947138137,1.2165318163678984,1.1589416510366775,1.0829042039842804,1.0169357764440903,1.0050778461276548,1.0899365591022208,1.2823384254580041,1.5591354278915466,1.8869563390412072,2.23606797749979,2.5820570803372993,2.904511615193232,3.186024620486118,3.4118126299488667,3.5697105183420916,3.6503427894917766,3.647354918718883,3.5576472913278483,3.3815983176221946,3.1233133744338892,2.791029002852918,2.398034786697577,1.9651671982146919,1.528165581672049,1.1591582885572262,1,Yeast
1.0,1.018672081884555,1.0680658688496651,1.1320360879364564,1.192057900037627,1.2323189127071765,1.2420172947138137,1.2165318163678984,1.1589416510366775,1.0829042039842804,1.0169357764440903,1.0050778461276548,1.0899365591022208,1.2823384254580041,1.5591354278915466,1.8869563390412072,2.23606797749979,2.5820570803372993,2.904511615193232,3.186024620486118,3.4118126299488667,3.5697105183420916,3.6503427894917766,3.647354918718883,3.5576472913278483,3.3815983176221946,3.1233133744338892,2.791029002852918,2.398034786697577,1.9651671982146919,1.528165581672049,1.1591582885572262,0,Mammalian
0.0,0.019237892480782906,0.07648878187997601,0.1703744336826751,0.29863133620137045,0.45816025567916985,0.6450941031371268,0.8548826419795981,1.082392200292394,1.322018226440359,1.5678082480375888,1.81359256865538,2.053119868637347,2.28019476974573,2.488814380377469,2.673300859694785,2.8284271247461903,2.9495329726553265,3.032629097024001,3.0744867393509088,3.072711026845665,3.025796400796788,2.933162926996389,2.7951726932496523,2.613125929752753,2.389236926784984,2.1265902612343983,1.8290782695005647,1.5013211100714607,1.1485711357712878,0.7766036351680459,0.3915962975655595,2,Yeast
0.0,0.019237892480782906,0.07648878187997601,0.1703744336826751,0.29863133620137045,0.45816025567916985,0.6450941031371268,0.8548826419795981,1.082392200292394,1.322018226440359,1.5678082480375888,1.81359256865538,2.053119868637347,2.28019476974573,2.488814380377469,2.673300859694785,2.8284271247461903,2.9495329726553265,3.032629097024001,3.0744867393509088,3.072711026845665,3.025796400796788,2.933162926996389,2.7951726932496523,2.613125929752753,2.389236926784984,2.1265902612343983,1.8290782695005647,1.5013211100714607,1.1485711357712878,0.7766036351680459,0.3915962975655595,0,Mammalian
1.0,0.9903694533443936,0.961570560806461,0.9138806714644179,0.8477590650225735,0.76384252869671,0.6629392246050906,0.546020906725474,0.41421356237309503,0.26878656832729086,0.11114046603920442,0.05720652634800475,0.2346331352698204,0.4194306454910752,0.6098193559677434,0.8039657193408789,1.0,1.196034280659121,1.3901806440322566,1.5805693545089246,1.76536686473018,1.9427934736519952,2.1111404660392044,2.2687865683272905,2.414213562373095,2.5460209067254738,2.6629392246050902,2.76384252869671,2.8477590650225735,2.913880671464418,2.9615705608064613,2.990369453344394,2,Yeast
1.0,0.9903694533443936,0.961570560806461,0.9138806714644179,0.8477590650225735,0.76384252869671,0.6629392246050906,0.546020906725474,0.41421356237309503,0.26878656832729086,0.11114046603920442,0.05720652634800475,0.2346331352698204,0.4194306454910752,0.6098193559677434,0.8039657193408789,1.0,1.196034280659121,1.3901806440322566,1.5805693545089246,1.76536686473018,1.9427934736519952,2.1111404660392044,2.2687865683272905,2.414213562373095,2.5460209067254738,2.6629392246050902,2.76384252869671,2.8477590650225735,2.913880671464418,2.9615705608064613,2.990369453344394,0,Mammalian
1.0,1.0,1.0,1.0,1.0,1.0,1.0,1.0,1.0,1.0,1.0,1.0,1.0,1.0,1.0,1.0,1.0,1.0,1.0,1.0,1.0,1.0,1.0,1.0,1.0,1.0,1.0,1.0,1.0,1.0,1.0,1.0,2,Yeast
1.0,1.0,1.0,1.0,1.0,1.0,1.0,1.0,1.0,1.0,1.0,1.0,1.0,1.0,1.0,1.0,1.0,1.0,1.0,1.0,1.0,1.0,1.0,1.0,1.0,1.0,1.0,1.0,1.0,1.0,1.0,1.0,0,Mammalian
2.0,1.9975909124103448,1.9903694533443936,1.9783530199295618,1.9615705608064609,1.940062506389088,1.9138806714644176,1.8830881303660416,1.8477590650225735,1.8079785862468867,1.7638425286967099,1.7154572200005442,1.6629392246050905,1.6064150629612897,1.5460209067254738,1.4819022507099184,1.4142135623730951,1.3431179096940367,1.2687865683272912,1.1913986089848667,1.1111404660392044,1.0282054883864435,0.9427934736519953,0.8551101868605643,0.7653668647301797,0.6737797067844402,0.5805693545089247,0.4859603598065278,0.39018064403225655,0.29346094891072344,0.19603428065912118,0.09813534865483603,0,Mammalian
2.0,1.9975909124103448,1.9903694533443936,1.9783530199295618,1.9615705608064609,1.940062506389088,1.9138806714644176,1.8830881303660416,1.8477590650225735,1.8079785862468867,1.7638425286967099,1.7154572200005442,1.6629392246050905,1.6064150629612897,1.5460209067254738,1.4819022507099184,1.4142135623730951,1.3431179096940367,1.2687865683272912,1.1913986089848667,1.1111404660392044,1.0282054883864435,0.9427934736519953,0.8551101868605643,0.7653668647301797,0.6737797067844402,0.5805693545089247,0.4859603598065278,0.39018064403225655,0.29346094891072344,0.19603428065912118,0.09813534865483603,2,Yeast
0.0,0.019237892480782906,0.07648878187997601,0.1703744336826751,0.29863133620137045,0.45816025567916985,0.6450941031371268,0.8548826419795981,1.082392200292394,1.322018226440359,1.5678082480375888,1.81359256865538,2.053119868637347,2.28019476974573,2.488814380377469,2.673300859694785,2.8284271247461903,2.9495329726553265,3.032629097024001,3.0744867393509088,3.072711026845665,3.025796400796788,2.933162926996389,2.7951726932496523,2.613125929752753,2.389236926784984,2.1265902612343983,1.8290782695005647,1.5013211100714607,1.1485711357712878,0.7766036351680459,0.3915962975655595,2,Yeast
0.0,0.019237892480782906,0.07648878187997601,0.1703744336826751,0.29863133620137045,0.45816025567916985,0.6450941031371268,0.8548826419795981,1.082392200292394,1.322018226440359,1.5678082480375888,1.81359256865538,2.053119868637347,2.28019476974573,2.488814380377469,2.673300859694785,2.8284271247461903,2.9495329726553265,3.032629097024001,3.0744867393509088,3.072711026845665,3.025796400796788,2.933162926996389,2.7951726932496523,2.613125929752753,2.389236926784984,2.1265902612343983,1.8290782695005647,1.5013211100714607,1.1485711357712878,0.7766036351680459,0.3915962975655595,0,Mammalian
1.0,1.0,1.0,1.0,1.0,1.0,1.0,1.0,1.0,1.0,1.0,1.0,1.0,1.0,1.0,1.0,1.0,1.0,1.0,1.0,1.0,1.0,1.0,1.0,1.0,1.0,1.0,1.0,1.0,1.0,1.0,1.0,0,Mammalian
1.0,1.0,1.0,1.0,1.0,1.0,1.0,1.0,1.0,1.0,1.0,1.0,1.0,1.0,1.0,1.0,1.0,1.0,1.0,1.0,1.0,1.0,1.0,1.0,1.0,1.0,1.0,1.0,1.0,1.0,1.0,1.0,2,Yeast
3.0,2.990369453344394,2.9615705608064613,2.913880671464418,2.8477590650225735,2.76384252869671,2.6629392246050902,2.5460209067254738,2.414213562373095,2.2687865683272905,2.1111404660392044,1.9427934736519952,1.76536686473018,1.5805693545089246,1.3901806440322566,1.196034280659121,1.0,0.8039657193408789,0.6098193559677434,0.4194306454910752,0.2346331352698204,0.05720652634800475,0.11114046603920442,0.26878656832729086,0.41421356237309503,0.546020906725474,0.6629392246050906,0.76384252869671,0.8477590650225735,0.9138806714644179,0.961570560806461,0.9903694533443936,2,Yeast
3.0,2.990369453344394,2.9615705608064613,2.913880671464418,2.8477590650225735,2.76384252869671,2.6629392246050902,2.5460209067254738,2.414213562373095,2.2687865683272905,2.1111404660392044,1.9427934736519952,1.76536686473018,1.5805693545089246,1.3901806440322566,1.196034280659121,1.0,0.8039657193408789,0.6098193559677434,0.4194306454910752,0.2346331352698204,0.05720652634800475,0.11114046603920442,0.26878656832729086,0.41421356237309503,0.546020906725474,0.6629392246050906,0.76384252869671,0.8477590650225735,0.9138806714644179,0.961570560806461,0.9903694533443936,0,Mammalian
5.0,4.9497372219411355,4.775341946768016,4.414939048467858,3.7927063568560277,2.85167131739033,1.58548244373638,0.05952968354757926,1.5857864376269055,3.152426314915324,4.4201911659027875,5.1928698787890735,5.3443648276880635,4.853393365435854,3.8174445492615168,2.441140043285686,1.0,0.21351705171791138,0.9503535439625598,1.0582486456860314,0.5159377029418722,0.5601447827496945,1.9389696883037615,3.3234531031943355,4.414213562373096,4.974686525528213,4.8831758390222095,4.160124114772279,2.9642792321098383,1.558326869797317,0.2513966919766786,0.6689220297169327,0,Mammalian
5.0,4.9497372219411355,4.775341946768016,4.414939048467858,3.7927063568560277,2.85167131739033,1.58548244373638,0.05952968354757926,1.5857864376269055,3.152426314915324,4.4201911659027875,5.1928698787890735,5.3443648276880635,4.853393365435854,3.8174445492615168,2.441140043285686,1.0,0.21351705171791138,0.9503535439625598,1.0582486456860314,0.5159377029418722,0.5601447827496945,1.9389696883037615,3.3234531031943355,4.414213562373096,4.974686525528213,4.8831758390222095,4.160124114772279,2.9642792321098383,1.558326869797317,0.2513966919766786,0.6689220297169327,0,Yeast
5.0,4.9497372219411355,4.775341946768016,4.414939048467858,3.7927063568560277,2.85167131739033,1.58548244373638,0.05952968354757926,1.5857864376269055,3.152426314915324,4.4201911659027875,5.1928698787890735,5.3443648276880635,4.853393365435854,3.8174445492615168,2.441140043285686,1.0,0.21351705171791138,0.9503535439625598,1.0582486456860314,0.5159377029418722,0.5601447827496945,1.9389696883037615,3.3234531031943355,4.414213562373096,4.974686525528213,4.8831758390222095,4.160124114772279,2.9642792321098383,1.558326869797317,0.2513966919766786,0.6689220297169327,0,E_coli
6.0,5.916006438728995,5.668092653505521,5.268233856886368,4.735650251450756,4.095744463883446,3.37870152045083,2.6178326698417616,1.8477590650225735,1.1025403370685478,0.4138559026303573,0.19065671490117844,0.688811980233627,1.064955556233495,1.310653238390939,1.4249535782754927,1.4142135623730951,1.2915026416536965,1.0756253148783437,0.7898248700360108,0.4602494507349998,0.11427523716333716,0.22121058863489246,0.5214627434327659,0.7653668647301797,0.9366755067134579,1.0249179011278444,1.0259305804785328,0.9419794025981427,0.7814686717441959,0.5582583998021915,0.2906347595506404,0,Yeast
6.0,5.916006438728995,5.668092653505521,5.268233856886368,4.735650251450756,4.095744463883446,3.37870152045083,2.6178326698417616,1.8477590650225735,1.1025403370685478,0.4138559026303573,0.19065671490117844,0.688811980233627,1.064955556233495,1.310653238390939,1.4249535782754927,1.4142135623730951,1.2915026416536965,1.0756253148783437,0.7898248700360108,0.4602494507349998,0.11427523716333716,0.22121058863489246,0.5214627434327659,0.7653668647301797,0.9366755067134579,1.0249179011278444,1.0259305804785328,0.9419794025981427,0.7814686717441959,0.5582583998021915,0.2906347595506404,0,E_coli
6.0,5.916006438728995,5.668092653505521,5.268233856886368,4.735650251450756,4.095744463883446,3.37870152045083,2.6178326698417616,1.8477590650225735,1.1025403370685478,0.4138559026303573,0.19065671490117844,0.688811980233627,1.064955556233495,1.310653238390939,1.4249535782754927,1.4142135623730951,1.2915026416536965,1.0756253148783437,0.7898248700360108,0.4602494507349998,0.11427523716333716,0.22121058863489246,0.5214627434327659,0.7653668647301797,0.9366755067134579,1.0249179011278444,1.0259305804785328,0.9419794025981427,0.7814686717441959,0.5582583998021915,0.2906347595506404,0,Mammalian
3.0,2.951940014150855,2.8093296258290343,2.5768198960695083,2.261972627395669,1.8749829947359147,1.4283060893352701,0.9362015507577307,0.41421356237309515,0.12139407570496562,0.6542263986909751,1.1683469923872092,1.6488466976429157,2.082369870096166,2.457578420990317,2.76553628014734,3.0,3.157604841465582,3.23793970905483,3.2435085791140157,3.1795804271032746,3.0539339396911998,2.876507330769384,2.658967212359548,2.414213562373095,2.155840262693218,1.8975723598749108,1.6527020626575055,1.4335455026494786,1.2509414468593272,1.1138114957838874,1.028798892537933,0,Yeast
3.0,2.951940014150855,2.8093296258290343,2.5768198960695083,2.261972627395669,1.8749829947359147,1.4283060893352701,0.9362015507577307,0.41421356237309515,0.12139407570496562,0.6542263986909751,1.1683469923872092,1.6488466976429157,2.082369870096166,2.457578420990317,2.76553628014734,3.0,3.157604841465582,3.23793970905483,3.2435085791140157,3.1795804271032746,3.0539339396911998,2.876507330769384,2.658967212359548,2.414213562373095,2.155840262693218,1.8975723598749108,1.6527020626575055,1.4335455026494786,1.2509414468593272,1.1138114957838874,1.028798892537933,0,E_coli
3.0,2.951940014150855,2.8093296258290343,2.5768198960695083,2.261972627395669,1.8749829947359147,1.4283060893352701,0.9362015507577307,0.41421356237309515,0.12139407570496562,0.6542263986909751,1.1683469923872092,1.6488466976429157,2.082369870096166,2.457578420990317,2.76553628014734,3.0,3.157604841465582,3.23793970905483,3.2435085791140157,3.1795804271032746,3.0539339396911998,2.876507330769384,2.658967212359548,2.414213562373095,2.155840262693218,1.8975723598749108,1.6527020626575055,1.4335455026494786,1.2509414468593272,1.1138114957838874,1.028798892537933,0,Mammalian
4.0,3.9759439323399066,3.904250124808811,3.7863316061764487,3.6245097854115516,3.4219647570990066,3.1826672397917086,2.9112936187524854,2.613125929752753,2.2939389460534145,1.9598768093558312,1.6173218713457083,1.2727585805728339,0.9326353561768497,0.6032274330734786,0.29050364172505155,0.0,0.26329715326725295,0.495055960369419,0.6916895213811751,0.8504300947672563,0.9693854240239012,1.0475759796923985,1.0849523195285238,1.082392200292394,1.041677513216104,0.9654515522165492,0.857157549887509,0.720959822006948,0.5616492379498408,0.3845350738498034,0.19532560025588747,0,E_coli
4.0,3.9759439323399066,3.904250124808811,3.7863316061764487,3.6245097854115516,3.4219647570990066,3.1826672397917086,2.9112936187524854,2.613125929752753,2.2939389460534145,1.9598768093558312,1.6173218713457083,1.2727585805728339,0.9326353561768497,0.6032274330734786,0.29050364172505155,0.0,0.26329715326725295,0.495055960369419,0.6916895213811751,0.8504300947672563,0.9693854240239012,1.0475759796923985,1.0849523195285238,1.082392200292394,1.041677513216104,0.9654515522165492,0.857157549887509,0.720959822006948,0.5616492379498408,0.3845350738498034,0.19532560025588747,0,Yeast
4.0,3.9759439323399066,3.904250124808811,3.7863316061764487,3.6245097854115516,3.4219647570990066,3.1826672397917086,2.9112936187524854,2.613125929752753,2.2939389460534145,1.9598768093558312,1.6173218713457083,1.2727585805728339,0.9326353561768497,0.6032274330734786,0.29050364172505155,0.0,0.26329715326725295,0.495055960369419,0.6916895213811751,0.8504300947672563,0.9693854240239012,1.0475759796923985,1.0849523195285238,1.082392200292394,1.041677513216104,0.9654515522165492,0.857157549887509,0.720959822006948,0.5616492379498408,0.3845350738498034,0.19532560025588747,0,Mammalian
1.0,1.0,1.0,1.0,1.0,1.0,1.0,1.0,1.0,1.0,1.0,1.0,1.0,1.0,1.0,1.0,1.0,1.0,1.0,1.0,1.0,1.0,1.0,1.0,1.0,1.0,1.0,1.0,1.0,1.0,1.0,1.0,0,Mammalian
1.0,1.0,1.0,1.0,1.0,1.0,1.0,1.0,1.0,1.0,1.0,1.0,1.0,1.0,1.0,1.0,1.0,1.0,1.0,1.0,1.0,1.0,1.0,1.0,1.0,1.0,1.0,1.0,1.0,1.0,1.0,1.0,0,Yeast
1.0,1.0,1.0,1.0,1.0,1.0,1.0,1.0,1.0,1.0,1.0,1.0,1.0,1.0,1.0,1.0,1.0,1.0,1.0,1.0,1.0,1.0,1.0,1.0,1.0,1.0,1.0,1.0,1.0,1.0,1.0,1.0,0,E_coli
1.0,1.0190335809940412,1.0734248622877274,1.156313441673541,1.259280126749765,1.3743578624073118,1.4948689358167222,1.615493533248506,1.7320508075688772,1.841244319484043,1.9404553240747853,2.0275947489671604,2.1010029896154583,2.159383991930359,2.2017627176929335,2.227458318534033,2.23606797749979,2.227458318534033,2.201762717692934,2.1593839919303583,2.1010029896154587,2.027594748967161,1.940455324074785,1.8412443194840429,1.7320508075688772,1.6154935332485065,1.4948689358167224,1.3743578624073116,1.2592801267497653,1.156313441673541,1.0734248622877274,1.0190335809940412,0,E_coli
1.0,1.0190335809940412,1.0734248622877274,1.156313441673541,1.259280126749765,1.3743578624073118,1.4948689358167222,1.615493533248506,1.7320508075688772,1.841244319484043,1.9404553240747853,2.0275947489671604,2.1010029896154583,2.159383991930359,2.2017627176929335,2.227458318534033,2.23606797749979,2.227458318534033,2.201762717692934,2.1593839919303583,2.1010029896154587,2.027594748967161,1.940455324074785,1.8412443194840429,1.7320508075688772,1.6154935332485065,1.4948689358167224,1.3743578624073116,1.2592801267497653,1.156313441673541,1.0734248622877274,1.0190335809940412,0,Yeast
1.0,1.0190335809940412,1.0734248622877274,1.156313441673541,1.259280126749765,1.3743578624073118,1.4948689358167222,1.615493533248506,1.7320508075688772,1.841244319484043,1.9404553240747853,2.0275947489671604,2.1010029896154583,2.159383991930359,2.2017627176929335,2.227458318534033,2.23606797749979,2.227458318534033,2.201762717692934,2.1593839919303583,2.1010029896154587,2.027594748967161,1.940455324074785,1.8412443194840429,1.7320508075688772,1.6154935332485065,1.4948689358167224,1.3743578624073116,1.2592801267497653,1.156313441673541,1.0734248622877274,1.0190335809940412,0,Mammalian
3.0,2.882125817580082,2.540835853910422,2.017083368251086,1.4061281668582168,0.9915724174108395,1.2747648387351942,2.0050999862020737,2.797932651931813,3.5125550270627155,4.081106398833025,4.464697535650232,4.645279780491487,4.62366571150373,4.4182173511568825,4.06304390087985,3.6055512754639896,3.1033429242023485,2.619847938976141,2.2159525611844955,1.9326366083518463,1.7679723141346235,1.674473874112156,1.590535711036771,1.4736257582079006,1.3117511650520268,1.1219751168149947,0.9466078880516029,0.8420778345160207,0.8391136867493915,0.9037475463614849,0.9722777309261528,0,Mammalian
3.0,2.882125817580082,2.540835853910422,2.017083368251086,1.4061281668582168,0.9915724174108395,1.2747648387351942,2.0050999862020737,2.797932651931813,3.5125550270627155,4.081106398833025,4.464697535650232,4.645279780491487,4.62366571150373,4.4182173511568825,4.06304390087985,3.6055512754639896,3.1033429242023485,2.619847938976141,2.2159525611844955,1.9326366083518463,1.7679723141346235,1.674473874112156,1.590535711036771,1.4736257582079006,1.3117511650520268,1.1219751168149947,0.9466078880516029,0.8420778345160207,0.8391136867493915,0.9037475463614849,0.9722777309261528,0,Yeast
3.0,2.882125817580082,2.540835853910422,2.017083368251086,1.4061281668582168,0.9915724174108395,1.2747648387351942,2.0050999862020737,2.797932651931813,3.5125550270627155,4.081106398833025,4.464697535650232,4.645279780491487,4.62366571150373,4.4182173511568825,4.06304390087985,3.6055512754639896,3.1033429242023485,2.619847938976141,2.2159525611844955,1.9326366083518463,1.7679723141346235,1.674473874112156,1.590535711036771,1.4736257582079006,1.3117511650520268,1.1219751168149947,0.9466078880516029,0.8420778345160207,0.8391136867493915,0.9037475463614849,0.9722777309261528,0,E_coli
0.0,0.09813534865483603,0.19603428065912118,0.29346094891072344,0.39018064403225655,0.4859603598065278,0.5805693545089247,0.6737797067844402,0.7653668647301797,0.8551101868605643,0.9427934736519953,1.0282054883864435,1.1111404660392044,1.1913986089848667,1.2687865683272912,1.3431179096940367,1.4142135623730951,1.4819022507099184,1.5460209067254738,1.6064150629612897,1.6629392246050905,1.7154572200005442,1.7638425286967099,1.8079785862468867,1.8477590650225735,1.8830881303660416,1.9138806714644176,1.940062506389088,1.9615705608064609,1.9783530199295618,1.9903694533443936,1.9975909124103448,0,E_coli
0.0,0.09813534865483603,0.19603428065912118,0.29346094891072344,0.39018064403225655,0.4859603598065278,0.5805693545089247,0.6737797067844402,0.7653668647301797,0.8551101868605643,0.9427934736519953,1.0282054883864435,1.1111404660392044,1.1913986089848667,1.2687865683272912,1.3431179096940367,1.4142135623730951,1.4819022507099184,1.5460209067254738,1.6064150629612897,1.6629392246050905,1.7154572200005442,1.7638425286967099,1.8079785862468867,1.8477590650225735,1.8830881303660416,1.9138806714644176,1.940062506389088,1.9615705608064609,1.9783530199295618,1.9903694533443936,1.9975909124103448,0,Yeast
0.0,0.09813534865483603,0.19603428065912118,0.29346094891072344,0.39018064403225655,0.4859603598065278,0.5805693545089247,0.6737797067844402,0.7653668647301797,0.8551101868605643,0.9427934736519953,1.0282054883864435,1.1111404660392044,1.1913986089848667,1.2687865683272912,1.3431179096940367,1.4142135623730951,1.4819022507099184,1.5460209067254738,1.6064150629612897,1.6629392246050905,1.7154572200005442,1.7638425286967099,1.8079785862468867,1.8477590650225735,1.8830881303660416,1.9138806714644176,1.940062506389088,1.9615705608064609,1.9783530199295618,1.9903694533443936,1.9975909124103448,0,Mammalian
0.0,0.09813534865483603,0.19603428065912118,0.29346094891072344,0.39018064403225655,0.4859603598065278,0.5805693545089247,0.6737797067844402,0.7653668647301797,0.8551101868605643,0.9427934736519953,1.0282054883864435,1.1111404660392044,1.1913986089848667,1.2687865683272912,1.3431179096940367,1.4142135623730951,1.4819022507099184,1.5460209067254738,1.6064150629612897,1.6629392246050905,1.7154572200005442,1.7638425286967099,1.8079785862468867,1.8477590650225735,1.8830881303660416,1.9138806714644176,1.940062506389088,1.9615705608064609,1.9783530199295618,1.9903694533443936,1.9975909124103448,0,E_coli
0.0,0.09813534865483603,0.19603428065912118,0.29346094891072344,0.39018064403225655,0.4859603598065278,0.5805693545089247,0.6737797067844402,0.7653668647301797,0.8551101868605643,0.9427934736519953,1.0282054883864435,1.1111404660392044,1.1913986089848667,1.2687865683272912,1.3431179096940367,1.4142135623730951,1.4819022507099184,1.5460209067254738,1.6064150629612897,1.6629392246050905,1.7154572200005442,1.7638425286967099,1.8079785862468867,1.8477590650225735,1.8830881303660416,1.9138806714644176,1.940062506389088,1.9615705608064609,1.9783530199295618,1.9903694533443936,1.9975909124103448,0,Yeast
0.0,0.09813534865483603,0.19603428065912118,0.29346094891072344,0.39018064403225655,0.4859603598065278,0.5805693545089247,0.6737797067844402,0.7653668647301797,0.8551101868605643,0.9427934736519953,1.0282054883864435,1.1111404660392044,1.1913986089848667,1.2687865683272912,1.3431179096940367,1.4142135623730951,1.4819022507099184,1.5460209067254738,1.6064150629612897,1.6629392246050905,1.7154572200005442,1.7638425286967099,1.8079785862468867,1.8477590650225735,1.8830881303660416,1.9138806714644176,1.940062506389088,1.9615705608064609,1.9783530199295618,1.9903694533443936,1.9975909124103448,0,Mammalian
3.0,2.990369453344394,2.9615705608064613,2.913880671464418,2.8477590650225735,2.76384252869671,2.6629392246050902,2.5460209067254738,2.414213562373095,2.2687865683272905,2.1111404660392044,1.9427934736519952,1.76536686473018,1.5805693545089246,1.3901806440322566,1.196034280659121,1.0,0.8039657193408789,0.6098193559677434,0.4194306454910752,0.2346331352698204,0.05720652634800475,0.11114046603920442,0.26878656832729086,0.41421356237309503,0.546020906725474,0.6629392246050906,0.76384252869671,0.8477590650225735,0.9138806714644179,0.961570560806461,0.9903694533443936,0,Mammalian
3.0,2.990369453344394,2.9615705608064613,2.913880671464418,2.8477590650225735,2.76384252869671,2.6629392246050902,2.5460209067254738,2.414213562373095,2.2687865683272905,2.1111404660392044,1.9427934736519952,1.76536686473018,1.5805693545089246,1.3901806440322566,1.196034280659121,1.0,0.8039657193408789,0.6098193559677434,0.4194306454910752,0.2346331352698204,0.05720652634800475,0.11114046603920442,0.26878656832729086,0.41421356237309503,0.546020906725474,0.6629392246050906,0.76384252869671,0.8477590650225735,0.9138806714644179,0.961570560806461,0.9903694533443936,0,E_coli
3.0,2.990369453344394,2.9615705608064613,2.913880671464418,2.8477590650225735,2.76384252869671,2.6629392246050902,2.5460209067254738,2.414213562373095,2.2687865683272905,2.1111404660392044,1.9427934736519952,1.76536686473018,1.5805693545089246,1.3901806440322566,1.196034280659121,1.0,0.8039657193408789,0.6098193559677434,0.4194306454910752,0.2346331352698204,0.05720652634800475,0.11114046603920442,0.26878656832729086,0.41421356237309503,0.546020906725474,0.6629392246050906,0.76384252869671,0.8477590650225735,0.9138806714644179,0.961570560806461,0.9903694533443936,0,Yeast
7.0,6.8658206856152715,6.472268850434125,5.845606464396799,5.027339492125848,4.071017275395035,3.0381254453030135,1.9934080771057352,1.0000000000000002,0.11476339559832446,0.615796959497436,1.1587164457316028,1.4966057626654892,1.6283907768216395,1.5687188870295214,1.3461056346562643,1.0,0.5770354869566577,0.12679924301562567,0.3025123276114587,0.6681786379192989,0.936435513653194,1.0850632300370768,1.1048753163371625,1.0000000000000002,0.7869532109587778,0.49260828415734587,0.15126365668337324,0.19891236737965765,0.5197280151866185,0.7767507203889777,0.9426795640023505,0,Mammalian
7.0,6.8658206856152715,6.472268850434125,5.845606464396799,5.027339492125848,4.071017275395035,3.0381254453030135,1.9934080771057352,1.0000000000000002,0.11476339559832446,0.615796959497436,1.1587164457316028,1.4966057626654892,1.6283907768216395,1.5687188870295214,1.3461056346562643,1.0,0.5770354869566577,0.12679924301562567,0.3025123276114587,0.6681786379192989,0.936435513653194,1.0850632300370768,1.1048753163371625,1.0000000000000002,0.7869532109587778,0.49260828415734587,0.15126365668337324,0.19891236737965765,0.5197280151866185,0.7767507203889777,0.9426795640023505,0,Yeast
7.0,6.8658206856152715,6.472268850434125,5.845606464396799,5.027339492125848,4.071017275395035,3.0381254453030135,1.9934080771057352,1.0000000000000002,0.11476339559832446,0.615796959497436,1.1587164457316028,1.4966057626654892,1.6283907768216395,1.5687188870295214,1.3461056346562643,1.0,0.5770354869566577,0.12679924301562567,0.3025123276114587,0.6681786379192989,0.936435513653194,1.0850632300370768,1.1048753163371625,1.0000000000000002,0.7869532109587778,0.49260828415734587,0.15126365668337324,0.19891236737965765,0.5197280151866185,0.7767507203889777,0.9426795640023505,0,E_coli
8.0,7.799094569095037,7.214113560230994,6.296439345272812,5.125830895483013,3.8022835149727223,2.4359080467988345,1.1359304191318436,0.0,0.895050575341797,1.5000247688340602,1.7970717778624685,1.7999524462728314,1.5509159160400228,1.1146189577318177,0.5698433914149286,0.0,0.5164759445931898,0.9147441384660497,1.1502376363530773,1.2026897738700904,1.0771233718215296,0.8017799431438174,0.42332739477793,0.0,0.406442402980579,0.7389246275688653,0.9524224394510294,1.0195911582083184,0.9339885482563481,0.7105281685250994,0.38314494723379994,0,Yeast
8.0,7.799094569095037,7.214113560230994,6.296439345272812,5.125830895483013,3.8022835149727223,2.4359080467988345,1.1359304191318436,0.0,0.895050575341797,1.5000247688340602,1.7970717778624685,1.7999524462728314,1.5509159160400228,1.1146189577318177,0.5698433914149286,0.0,0.5164759445931898,0.9147441384660497,1.1502376363530773,1.2026897738700904,1.0771233718215296,0.8017799431438174,0.42332739477793,0.0,0.406442402980579,0.7389246275688653,0.9524224394510294,1.0195911582083184,0.9339885482563481,0.7105281685250994,0.38314494723379994,0,Mammalian
8.0,7.799094569095037,7.214113560230994,6.296439345272812,5.125830895483013,3.8022835149727223,2.4359080467988345,1.1359304191318436,0.0,0.895050575341797,1.5000247688340602,1.7970717778624685,1.7999524462728314,1.5509159160400228,1.1146189577318177,0.5698433914149286,0.0,0.5164759445931898,0.9147441384660497,1.1502376363530773,1.2026897738700904,1.0771233718215296,0.8017799431438174,0.42332739477793,0.0,0.406442402980579,0.7389246275688653,0.9524224394510294,1.0195911582083184,0.9339885482563481,0.7105281685250994,0.38314494723379994,0,E_coli
4.0,3.9759439323399066,3.904250124808811,3.7863316061764487,3.6245097854115516,3.4219647570990066,3.1826672397917086,2.9112936187524854,2.613125929752753,2.2939389460534145,1.9598768093558312,1.6173218713457083,1.2727585805728339,0.9326353561768497,0.6032274330734786,0.29050364172505155,0.0,0.26329715326725295,0.495055960369419,0.6916895213811751,0.8504300947672563,0.9693854240239012,1.0475759796923985,1.0849523195285238,1.082392200292394,1.041677513216104,0.9654515522165492,0.857157549887509,0.720959822006948,0.5616492379498408,0.3845350738498034,0.19532560025588747,0,Mammalian
4.0,3.9759439323399066,3.904250124808811,3.7863316061764487,3.6245097854115516,3.4219647570990066,3.1826672397917086,2.9112936187524854,2.613125929752753,2.2939389460534145,1.9598768093558312,1.6173218713457083,1.2727585805728339,0.9326353561768497,0.6032274330734786,0.29050364172505155,0.0,0.26329715326725295,0.495055960369419,0.6916895213811751,0.8504300947672563,0.9693854240239012,1.0475759796923985,1.0849523195285238,1.082392200292394,1.041677513216104,0.9654515522165492,0.857157549887509,0.720959822006948,0.5616492379498408,0.3845350738498034,0.19532560025588747,0,E_coli
4.0,3.9759439323399066,3.904250124808811,3.7863316061764487,3.6245097854115516,3.4219647570990066,3.1826672397917086,2.9112936187524854,2.613125929752753,2.2939389460534145,1.9598768093558312,1.6173218713457083,1.2727585805728339,0.9326353561768497,0.6032274330734786,0.29050364172505155,0.0,0.26329715326725295,0.495055960369419,0.6916895213811751,0.8504300947672563,0.9693854240239012,1.0475759796923985,1.0849523195285238,1.082392200292394,1.041677513216104,0.9654515522165492,0.857157549887509,0.720959822006948,0.5616492379498408,0.3845350738498034,0.19532560025588747,0,Yeast
4.0,3.9759439323399066,3.904250124808811,3.7863316061764487,3.6245097854115516,3.4219647570990066,3.1826672397917086,2.9112936187524854,2.613125929752753,2.2939389460534145,1.9598768093558312,1.6173218713457083,1.2727585805728339,0.9326353561768497,0.6032274330734786,0.29050364172505155,0.0,0.26329715326725295,0.495055960369419,0.6916895213811751,0.8504300947672563,0.9693854240239012,1.0475759796923985,1.0849523195285238,1.082392200292394,1.041677513216104,0.9654515522165492,0.857157549887509,0.720959822006948,0.5616492379498408,0.3845350738498034,0.19532560025588747,0,E_coli
4.0,3.9759439323399066,3.904250124808811,3.7863316061764487,3.6245097854115516,3.4219647570990066,3.1826672397917086,2.9112936187524854,2.613125929752753,2.2939389460534145,1.9598768093558312,1.6173218713457083,1.2727585805728339,0.9326353561768497,0.6032274330734786,0.29050364172505155,0.0,0.26329715326725295,0.495055960369419,0.6916895213811751,0.8504300947672563,0.9693854240239012,1.0475759796923985,1.0849523195285238,1.082392200292394,1.041677513216104,0.9654515522165492,0.857157549887509,0.720959822006948,0.5616492379498408,0.3845350738498034,0.19532560025588747,0,Mammalian
4.0,3.9759439323399066,3.904250124808811,3.7863316061764487,3.6245097854115516,3.4219647570990066,3.1826672397917086,2.9112936187524854,2.613125929752753,2.2939389460534145,1.9598768093558312,1.6173218713457083,1.2727585805728339,0.9326353561768497,0.6032274330734786,0.29050364172505155,0.0,0.26329715326725295,0.495055960369419,0.6916895213811751,0.8504300947672563,0.9693854240239012,1.0475759796923985,1.0849523195285238,1.082392200292394,1.041677513216104,0.9654515522165492,0.857157549887509,0.720959822006948,0.5616492379498408,0.3845350738498034,0.19532560025588747,0,Yeast
4.0,3.9759439323399066,3.904250124808811,3.7863316061764487,3.6245097854115516,3.4219647570990066,3.1826672397917086,2.9112936187524854,2.613125929752753,2.2939389460534145,1.9598768093558312,1.6173218713457083,1.2727585805728339,0.9326353561768497,0.6032274330734786,0.29050364172505155,0.0,0.26329715326725295,0.495055960369419,0.6916895213811751,0.8504300947672563,0.9693854240239012,1.0475759796923985,1.0849523195285238,1.082392200292394,1.041677513216104,0.9654515522165492,0.857157549887509,0.720959822006948,0.5616492379498408,0.3845350738498034,0.19532560025588747,0,E_coli
4.0,3.9759439323399066,3.904250124808811,3.7863316061764487,3.6245097854115516,3.4219647570990066,3.1826672397917086,2.9112936187524854,2.613125929752753,2.2939389460534145,1.9598768093558312,1.6173218713457083,1.2727585805728339,0.9326353561768497,0.6032274330734786,0.29050364172505155,0.0,0.26329715326725295,0.495055960369419,0.6916895213811751,0.8504300947672563,0.9693854240239012,1.0475759796923985,1.0849523195285238,1.082392200292394,1.041677513216104,0.9654515522165492,0.857157549887509,0.720959822006948,0.5616492379498408,0.3845350738498034,0.19532560025588747,0,Mammalian
4.0,3.9759439323399066,3.904250124808811,3.7863316061764487,3.6245097854115516,3.4219647570990066,3.1826672397917086,2.9112936187524854,2.613125929752753,2.2939389460534145,1.9598768093558312,1.6173218713457083,1.2727585805728339,0.9326353561768497,0.6032274330734786,0.29050364172505155,0.0,0.26329715326725295,0.495055960369419,0.6916895213811751,0.8504300947672563,0.9693854240239012,1.0475759796923985,1.0849523195285238,1.082392200292394,1.041677513216104,0.9654515522165492,0.857157549887509,0.720959822006948,0.5616492379498408,0.3845350738498034,0.19532560025588747,0,Yeast
4.0,3.9759439323399066,3.904250124808811,3.7863316061764487,3.6245097854115516,3.4219647570990066,3.1826672397917086,2.9112936187524854,2.613125929752753,2.2939389460534145,1.9598768093558312,1.6173218713457083,1.2727585805728339,0.9326353561768497,0.6032274330734786,0.29050364172505155,0.0,0.26329715326725295,0.495055960369419,0.6916895213811751,0.8504300947672563,0.9693854240239012,1.0475759796923985,1.0849523195285238,1.082392200292394,1.041677513216104,0.9654515522165492,0.857157549887509,0.720959822006948,0.5616492379498408,0.3845350738498034,0.19532560025588747,0,Mammalian
4.0,3.9759439323399066,3.904250124808811,3.7863316061764487,3.6245097854115516,3.4219647570990066,3.1826672397917086,2.9112936187524854,2.613125929752753,2.2939389460534145,1.9598768093558312,1.6173218713457083,1.2727585805728339,0.9326353561768497,0.6032274330734786,0.29050364172505155,0.0,0.26329715326725295,0.495055960369419,0.6916895213811751,0.8504300947672563,0.9693854240239012,1.0475759796923985,1.0849523195285238,1.082392200292394,1.041677513216104,0.9654515522165492,0.857157549887509,0.720959822006948,0.5616492379498408,0.3845350738498034,0.19532560025588747,0,E_coli
4.0,3.9759439323399066,3.904250124808811,3.7863316061764487,3.6245097854115516,3.4219647570990066,3.1826672397917086,2.9112936187524854,2.613125929752753,2.2939389460534145,1.9598768093558312,1.6173218713457083,1.2727585805728339,0.9326353561768497,0.6032274330734786,0.29050364172505155,0.0,0.26329715326725295,0.495055960369419,0.6916895213811751,0.8504300947672563,0.9693854240239012,1.0475759796923985,1.0849523195285238,1.082392200292394,1.041677513216104,0.9654515522165492,0.857157549887509,0.720959822006948,0.5616492379498408,0.3845350738498034,0.19532560025588747,0,Yeast
4.0,3.9759439323399066,3.904250124808811,3.7863316061764487,3.6245097854115516,3.4219647570990066,3.1826672397917086,2.9112936187524854,2.613125929752753,2.2939389460534145,1.9598768093558312,1.6173218713457083,1.2727585805728339,0.9326353561768497,0.6032274330734786,0.29050364172505155,0.0,0.26329715326725295,0.495055960369419,0.6916895213811751,0.8504300947672563,0.9693854240239012,1.0475759796923985,1.0849523195285238,1.082392200292394,1.041677513216104,0.9654515522165492,0.857157549887509,0.720959822006948,0.5616492379498408,0.3845350738498034,0.19532560025588747,0,E_coli
4.0,3.9759439323399066,3.904250124808811,3.7863316061764487,3.6245097854115516,3.4219647570990066,3.1826672397917086,2.9112936187524854,2.613125929752753,2.2939389460534145,1.9598768093558312,1.6173218713457083,1.2727585805728339,0.9326353561768497,0.6032274330734786,0.29050364172505155,0.0,0.26329715326725295,0.495055960369419,0.6916895213811751,0.8504300947672563,0.9693854240239012,1.0475759796923985,1.0849523195285238,1.082392200292394,1.041677513216104,0.9654515522165492,0.857157549887509,0.720959822006948,0.5616492379498408,0.3845350738498034,0.19532560025588747,0,Mammalian
4.0,3.9759439323399066,3.904250124808811,3.7863316061764487,3.6245097854115516,3.4219647570990066,3.1826672397917086,2.9112936187524854,2.613125929752753,2.2939389460534145,1.9598768093558312,1.6173218713457083,1.2727585805728339,0.9326353561768497,0.6032274330734786,0.29050364172505155,0.0,0.26329715326725295,0.495055960369419,0.6916895213811751,0.8504300947672563,0.9693854240239012,1.0475759796923985,1.0849523195285238,1.082392200292394,1.041677513216104,0.9654515522165492,0.857157549887509,0.720959822006948,0.5616492379498408,0.3845350738498034,0.19532560025588747,0,Yeast
4.0,3.9759439323399066,3.904250124808811,3.7863316061764487,3.6245097854115516,3.4219647570990066,3.1826672397917086,2.9112936187524854,2.613125929752753,2.2939389460534145,1.9598768093558312,1.6173218713457083,1.2727585805728339,0.9326353561768497,0.6032274330734786,0.29050364172505155,0.0,0.26329715326725295,0.495055960369419,0.6916895213811751,0.8504300947672563,0.9693854240239012,1.0475759796923985,1.0849523195285238,1.082392200292394,1.041677513216104,0.9654515522165492,0.857157549887509,0.720959822006948,0.5616492379498408,0.3845350738498034,0.19532560025588747,0,E_coli
4.0,3.9759439323399066,3.904250124808811,3.7863316061764487,3.6245097854115516,3.4219647570990066,3.1826672397917086,2.9112936187524854,2.613125929752753,2.2939389460534145,1.9598768093558312,1.6173218713457083,1.2727585805728339,0.9326353561768497,0.6032274330734786,0.29050364172505155,0.0,0.26329715326725295,0.495055960369419,0.6916895213811751,0.8504300947672563,0.9693854240239012,1.0475759796923985,1.0849523195285238,1.082392200292394,1.041677513216104,0.9654515522165492,0.857157549887509,0.720959822006948,0.5616492379498408,0.3845350738498034,0.19532560025588747,0,Mammalian
4.0,3.9759439323399066,3.904250124808811,3.7863316061764487,3.6245097854115516,3.4219647570990066,3.1826672397917086,2.9112936187524854,2.613125929752753,2.2939389460534145,1.9598768093558312,1.6173218713457083,1.2727585805728339,0.9326353561768497,0.6032274330734786,0.29050364172505155,0.0,0.26329715326725295,0.495055960369419,0.6916895213811751,0.8504300947672563,0.9693854240239012,1.0475759796923985,1.0849523195285238,1.082392200292394,1.041677513216104,0.9654515522165492,0.857157549887509,0.720959822006948,0.5616492379498408,0.3845350738498034,0.19532560025588747,0,Yeast
4.0,3.9759439323399066,3.904250124808811,3.7863316061764487,3.6245097854115516,3.4219647570990066,3.1826672397917086,2.9112936187524854,2.613125929752753,2.2939389460534145,1.9598768093558312,1.6173218713457083,1.2727585805728339,0.9326353561768497,0.6032274330734786,0.29050364172505155,0.0,0.26329715326725295,0.495055960369419,0.6916895213811751,0.8504300947672563,0.9693854240239012,1.0475759796923985,1.0849523195285238,1.082392200292394,1.041677513216104,0.9654515522165492,0.857157549887509,0.720959822006948,0.5616492379498408,0.3845350738498034,0.19532560025588747,0,Yeast
4.0,3.9759439323399066,3.904250124808811,3.7863316061764487,3.6245097854115516,3.4219647570990066,3.1826672397917086,2.9112936187524854,2.613125929752753,2.2939389460534145,1.9598768093558312,1.6173218713457083,1.2727585805728339,0.9326353561768497,0.6032274330734786,0.29050364172505155,0.0,0.26329715326725295,0.495055960369419,0.6916895213811751,0.8504300947672563,0.9693854240239012,1.0475759796923985,1.0849523195285238,1.082392200292394,1.041677513216104,0.9654515522165492,0.857157549887509,0.720959822006948,0.5616492379498408,0.3845350738498034,0.19532560025588747,0,E_coli
4.0,3.9759439323399066,3.904250124808811,3.7863316061764487,3.6245097854115516,3.4219647570990066,3.1826672397917086,2.9112936187524854,2.613125929752753,2.2939389460534145,1.9598768093558312,1.6173218713457083,1.2727585805728339,0.9326353561768497,0.6032274330734786,0.29050364172505155,0.0,0.26329715326725295,0.495055960369419,0.6916895213811751,0.8504300947672563,0.9693854240239012,1.0475759796923985,1.0849523195285238,1.082392200292394,1.041677513216104,0.9654515522165492,0.857157549887509,0.720959822006948,0.5616492379498408,0.3845350738498034,0.19532560025588747,0,Mammalian
4.0,3.9759439323399066,3.904250124808811,3.7863316061764487,3.6245097854115516,3.4219647570990066,3.1826672397917086,2.9112936187524854,2.613125929752753,2.2939389460534145,1.9598768093558312,1.6173218713457083,1.2727585805728339,0.9326353561768497,0.6032274330734786,0.29050364172505155,0.0,0.26329715326725295,0.495055960369419,0.6916895213811751,0.8504300947672563,0.9693854240239012,1.0475759796923985,1.0849523195285238,1.082392200292394,1.041677513216104,0.9654515522165492,0.857157549887509,0.720959822006948,0.5616492379498408,0.3845350738498034,0.19532560025588747,0,Mammalian
4.0,3.9759439323399066,3.904250124808811,3.7863316061764487,3.6245097854115516,3.4219647570990066,3.1826672397917086,2.9112936187524854,2.613125929752753,2.2939389460534145,1.9598768093558312,1.6173218713457083,1.2727585805728339,0.9326353561768497,0.6032274330734786,0.29050364172505155,0.0,0.26329715326725295,0.495055960369419,0.6916895213811751,0.8504300947672563,0.9693854240239012,1.0475759796923985,1.0849523195285238,1.082392200292394,1.041677513216104,0.9654515522165492,0.857157549887509,0.720959822006948,0.5616492379498408,0.3845350738498034,0.19532560025588747,0,Yeast
4.0,3.9759439323399066,3.904250124808811,3.7863316061764487,3.6245097854115516,3.4219647570990066,3.1826672397917086,2.9112936187524854,2.613125929752753,2.2939389460534145,1.9598768093558312,1.6173218713457083,1.2727585805728339,0.9326353561768497,0.6032274330734786,0.29050364172505155,0.0,0.26329715326725295,0.495055960369419,0.6916895213811751,0.8504300947672563,0.9693854240239012,1.0475759796923985,1.0849523195285238,1.082392200292394,1.041677513216104,0.9654515522165492,0.857157549887509,0.720959822006948,0.5616492379498408,0.3845350738498034,0.19532560025588747,0,E_coli
4.0,3.9759439323399066,3.904250124808811,3.7863316061764487,3.6245097854115516,3.4219647570990066,3.1826672397917086,2.9112936187524854,2.613125929752753,2.2939389460534145,1.9598768093558312,1.6173218713457083,1.2727585805728339,0.9326353561768497,0.6032274330734786,0.29050364172505155,0.0,0.26329715326725295,0.495055960369419,0.6916895213811751,0.8504300947672563,0.9693854240239012,1.0475759796923985,1.0849523195285238,1.082392200292394,1.041677513216104,0.9654515522165492,0.857157549887509,0.720959822006948,0.5616492379498408,0.3845350738498034,0.19532560025588747,0,Mammalian
4.0,3.9759439323399066,3.904250124808811,3.7863316061764487,3.6245097854115516,3.4219647570990066,3.1826672397917086,2.9112936187524854,2.613125929752753,2.2939389460534145,1.9598768093558312,1.6173218713457083,1.2727585805728339,0.9326353561768497,0.6032274330734786,0.29050364172505155,0.0,0.26329715326725295,0.495055960369419,0.6916895213811751,0.8504300947672563,0.9693854240239012,1.0475759796923985,1.0849523195285238,1.082392200292394,1.041677513216104,0.9654515522165492,0.857157549887509,0.720959822006948,0.5616492379498408,0.3845350738498034,0.19532560025588747,0,E_coli
4.0,3.9759439323399066,3.904250124808811,3.7863316061764487,3.6245097854115516,3.4219647570990066,3.1826672397917086,2.9112936187524854,2.613125929752753,2.2939389460534145,1.9598768093558312,1.6173218713457083,1.2727585805728339,0.9326353561768497,0.6032274330734786,0.29050364172505155,0.0,0.26329715326725295,0.495055960369419,0.6916895213811751,0.8504300947672563,0.9693854240239012,1.0475759796923985,1.0849523195285238,1.082392200292394,1.041677513216104,0.9654515522165492,0.857157549887509,0.720959822006948,0.5616492379498408,0.3845350738498034,0.19532560025588747,0,Yeast
4.0,3.9759439323399066,3.904250124808811,3.7863316061764487,3.6245097854115516,3.4219647570990066,3.1826672397917086,2.9112936187524854,2.613125929752753,2.2939389460534145,1.9598768093558312,1.6173218713457083,1.2727585805728339,0.9326353561768497,0.6032274330734786,0.29050364172505155,0.0,0.26329715326725295,0.495055960369419,0.6916895213811751,0.8504300947672563,0.9693854240239012,1.0475759796923985,1.0849523195285238,1.082392200292394,1.041677513216104,0.9654515522165492,0.857157549887509,0.720959822006948,0.5616492379498408,0.3845350738498034,0.19532560025588747,0,E_coli
4.0,3.9759439323399066,3.904250124808811,3.7863316061764487,3.6245097854115516,3.4219647570990066,3.1826672397917086,2.9112936187524854,2.613125929752753,2.2939389460534145,1.9598768093558312,1.6173218713457083,1.2727585805728339,0.9326353561768497,0.6032274330734786,0.29050364172505155,0.0,0.26329715326725295,0.495055960369419,0.6916895213811751,0.8504300947672563,0.9693854240239012,1.0475759796923985,1.0849523195285238,1.082392200292394,1.041677513216104,0.9654515522165492,0.857157549887509,0.720959822006948,0.5616492379498408,0.3845350738498034,0.19532560025588747,0,Mammalian
4.0,3.9759439323399066,3.904250124808811,3.7863316061764487,3.6245097854115516,3.4219647570990066,3.1826672397917086,2.9112936187524854,2.613125929752753,2.2939389460534145,1.9598768093558312,1.6173218713457083,1.2727585805728339,0.9326353561768497,0.6032274330734786,0.29050364172505155,0.0,0.26329715326725295,0.495055960369419,0.6916895213811751,0.8504300947672563,0.9693854240239012,1.0475759796923985,1.0849523195285238,1.082392200292394,1.041677513216104,0.9654515522165492,0.857157549887509,0.720959822006948,0.5616492379498408,0.3845350738498034,0.19532560025588747,0,Yeast
1.0,1.0644588245184028,1.228985102040117,1.4386837793434923,1.6488466976429157,1.829978763094251,1.9630848116913069,2.03614780789703,2.0424428695201757,1.9799003218181803,1.851098529404771,1.6639229102897122,1.4335455026494783,1.1876679677615627,0.9786041510947202,0.8936452388127648,1.0,1.2580695272874263,1.5869431812981976,1.9320539898467068,2.2619726273956684,2.5573058765026464,2.8055529989150667,2.9991918174143013,3.1350322366358836,3.2140288614923445,3.2412125626551336,3.2255530360176694,3.179580427103275,3.118546729296155,3.058870154854959,3.015717228533318,0,Mammalian
1.0,1.0644588245184028,1.228985102040117,1.4386837793434923,1.6488466976429157,1.829978763094251,1.9630848116913069,2.03614780789703,2.0424428695201757,1.9799003218181803,1.851098529404771,1.6639229102897122,1.4335455026494783,1.1876679677615627,0.9786041510947202,0.8936452388127648,1.0,1.2580695272874263,1.5869431812981976,1.9320539898467068,2.2619726273956684,2.5573058765026464,2.8055529989150667,2.9991918174143013,3.1350322366358836,3.2140288614923445,3.2412125626551336,3.2255530360176694,3.179580427103275,3.118546729296155,3.058870154854959,3.015717228533318,0,Yeast
1.0,1.0644588245184028,1.228985102040117,1.4386837793434923,1.6488466976429157,1.829978763094251,1.9630848116913069,2.03614780789703,2.0424428695201757,1.9799003218181803,1.851098529404771,1.6639229102897122,1.4335455026494783,1.1876679677615627,0.9786041510947202,0.8936452388127648,1.0,1.2580695272874263,1.5869431812981976,1.9320539898467068,2.2619726273956684,2.5573058765026464,2.8055529989150667,2.9991918174143013,3.1350322366358836,3.2140288614923445,3.2412125626551336,3.2255530360176694,3.179580427103275,3.118546729296155,3.058870154854959,3.015717228533318,0,E_coli
5.0,4.951940014150855,4.809329625829034,4.576819896069508,4.261972627395669,3.8749829947359147,3.4283060893352704,2.9362015507577306,2.414213562373095,1.8786059242950344,1.3457736013090251,0.8316530076127909,0.3511533023570845,0.08236987009616582,0.457578420990317,0.7655362801473398,1.0,1.1576048414655822,1.23793970905483,1.2435085791140152,1.1795804271032744,1.0539339396911998,0.8765073307693841,0.6589672123595476,0.41421356237309515,0.15584026269321744,0.10242764012508923,0.34729793734249426,0.5664544973505214,0.7490585531406727,0.8861885042161123,0.9712011074620673,0,Yeast
5.0,4.951940014150855,4.809329625829034,4.576819896069508,4.261972627395669,3.8749829947359147,3.4283060893352704,2.9362015507577306,2.414213562373095,1.8786059242950344,1.3457736013090251,0.8316530076127909,0.3511533023570845,0.08236987009616582,0.457578420990317,0.7655362801473398,1.0,1.1576048414655822,1.23793970905483,1.2435085791140152,1.1795804271032744,1.0539339396911998,0.8765073307693841,0.6589672123595476,0.41421356237309515,0.15584026269321744,0.10242764012508923,0.34729793734249426,0.5664544973505214,0.7490585531406727,0.8861885042161123,0.9712011074620673,0,E_coli
5.0,4.951940014150855,4.809329625829034,4.576819896069508,4.261972627395669,3.8749829947359147,3.4283060893352704,2.9362015507577306,2.414213562373095,1.8786059242950344,1.3457736013090251,0.8316530076127909,0.3511533023570845,0.08236987009616582,0.457578420990317,0.7655362801473398,1.0,1.1576048414655822,1.23793970905483,1.2435085791140152,1.1795804271032744,1.0539339396911998,0.8765073307693841,0.6589672123595476,0.41421356237309515,0.15584026269321744,0.10242764012508923,0.34729793734249426,0.5664544973505214,0.7490585531406727,0.8861885042161123,0.9712011074620673,0,Mammalian
5.0,4.951940014150855,4.809329625829034,4.576819896069508,4.261972627395669,3.8749829947359147,3.4283060893352704,2.9362015507577306,2.414213562373095,1.8786059242950344,1.3457736013090251,0.8316530076127909,0.3511533023570845,0.08236987009616582,0.457578420990317,0.7655362801473398,1.0,1.1576048414655822,1.23793970905483,1.2435085791140152,1.1795804271032744,1.0539339396911998,0.8765073307693841,0.6589672123595476,0.41421356237309515,0.15584026269321744,0.10242764012508923,0.34729793734249426,0.5664544973505214,0.7490585531406727,0.8861885042161123,0.9712011074620673,0,Yeast
5.0,4.951940014150855,4.809329625829034,4.576819896069508,4.261972627395669,3.8749829947359147,3.4283060893352704,2.9362015507577306,2.414213562373095,1.8786059242950344,1.3457736013090251,0.8316530076127909,0.3511533023570845,0.08236987009616582,0.457578420990317,0.7655362801473398,1.0,1.1576048414655822,1.23793970905483,1.2435085791140152,1.1795804271032744,1.0539339396911998,0.8765073307693841,0.6589672123595476,0.41421356237309515,0.15584026269321744,0.10242764012508923,0.34729793734249426,0.5664544973505214,0.7490585531406727,0.8861885042161123,0.9712011074620673,0,Mammalian
5.0,4.951940014150855,4.809329625829034,4.576819896069508,4.261972627395669,3.8749829947359147,3.4283060893352704,2.9362015507577306,2.414213562373095,1.8786059242950344,1.3457736013090251,0.8316530076127909,0.3511533023570845,0.08236987009616582,0.457578420990317,0.7655362801473398,1.0,1.1576048414655822,1.23793970905483,1.2435085791140152,1.1795804271032744,1.0539339396911998,0.8765073307693841,0.6589672123595476,0.41421356237309515,0.15584026269321744,0.10242764012508923,0.34729793734249426,0.5664544973505214,0.7490585531406727,0.8861885042161123,0.9712011074620673,0,E_coli
5.0,4.951940014150855,4.809329625829034,4.576819896069508,4.261972627395669,3.8749829947359147,3.4283060893352704,2.9362015507577306,2.414213562373095,1.8786059242950344,1.3457736013090251,0.8316530076127909,0.3511533023570845,0.08236987009616582,0.457578420990317,0.7655362801473398,1.0,1.1576048414655822,1.23793970905483,1.2435085791140152,1.1795804271032744,1.0539339396911998,0.8765073307693841,0.6589672123595476,0.41421356237309515,0.15584026269321744,0.10242764012508923,0.34729793734249426,0.5664544973505214,0.7490585531406727,0.8861885042161123,0.9712011074620673,0,Yeast
5.0,4.951940014150855,4.809329625829034,4.576819896069508,4.261972627395669,3.8749829947359147,3.4283060893352704,2.9362015507577306,2.414213562373095,1.8786059242950344,1.3457736013090251,0.8316530076127909,0.3511533023570845,0.08236987009616582,0.457578420990317,0.7655362801473398,1.0,1.1576048414655822,1.23793970905483,1.2435085791140152,1.1795804271032744,1.0539339396911998,0.8765073307693841,0.6589672123595476,0.41421356237309515,0.15584026269321744,0.10242764012508923,0.34729793734249426,0.5664544973505214,0.7490585531406727,0.8861885042161123,0.9712011074620673,0,Mammalian
5.0,4.951940014150855,4.809329625829034,4.576819896069508,4.261972627395669,3.8749829947359147,3.4283060893352704,2.9362015507577306,2.414213562373095,1.8786059242950344,1.3457736013090251,0.8316530076127909,0.3511533023570845,0.08236987009616582,0.457578420990317,0.7655362801473398,1.0,1.1576048414655822,1.23793970905483,1.2435085791140152,1.1795804271032744,1.0539339396911998,0.8765073307693841,0.6589672123595476,0.41421356237309515,0.15584026269321744,0.10242764012508923,0.34729793734249426,0.5664544973505214,0.7490585531406727,0.8861885042161123,0.9712011074620673,0,E_coli
10.0,9.607073155341922,8.482900128558285,6.782399705079338,4.735650251450756,2.610884905987856,0.6720655181021247,0.8616604932785014,1.8477590650225735,2.238168485035834,2.0805941233429848,1.5036108289517445,0.688811980233627,0.16454130396052105,0.8757504956125756,1.3132447389511128,1.4142135623730951,1.19025565137763,0.7187098578069286,0.12203214796663357,0.46024945073500007,0.9012296481080323,1.1121007283206006,1.058574855931988,0.7653668647301797,0.3083070543257428,0.20386884608312983,0.6539926235102603,0.9419794025981426,1.00607395813274,0.8354927382003745,0.47196523962676457,0,Yeast
10.0,9.607073155341922,8.482900128558285,6.782399705079338,4.735650251450756,2.610884905987856,0.6720655181021247,0.8616604932785014,1.8477590650225735,2.238168485035834,2.0805941233429848,1.5036108289517445,0.688811980233627,0.16454130396052105,0.8757504956125756,1.3132447389511128,1.4142135623730951,1.19025565137763,0.7187098578069286,0.12203214796663357,0.46024945073500007,0.9012296481080323,1.1121007283206006,1.058574855931988,0.7653668647301797,0.3083070543257428,0.20386884608312983,0.6539926235102603,0.9419794025981426,1.00607395813274,0.8354927382003745,0.47196523962676457,0,Mammalian
10.0,9.607073155341922,8.482900128558285,6.782399705079338,4.735650251450756,2.610884905987856,0.6720655181021247,0.8616604932785014,1.8477590650225735,2.238168485035834,2.0805941233429848,1.5036108289517445,0.688811980233627,0.16454130396052105,0.8757504956125756,1.3132447389511128,1.4142135623730951,1.19025565137763,0.7187098578069286,0.12203214796663357,0.46024945073500007,0.9012296481080323,1.1121007283206006,1.058574855931988,0.7653668647301797,0.3083070543257428,0.20386884608312983,0.6539926235102603,0.9419794025981426,1.00607395813274,0.8354927382003745,0.47196523962676457,0,E_coli
3.0,2.990369453344394,2.9615705608064613,2.913880671464418,2.8477590650225735,2.76384252869671,2.6629392246050902,2.5460209067254738,2.414213562373095,2.2687865683272905,2.1111404660392044,1.9427934736519952,1.76536686473018,1.5805693545089246,1.3901806440322566,1.196034280659121,1.0,0.8039657193408789,0.6098193559677434,0.4194306454910752,0.2346331352698204,0.05720652634800475,0.11114046603920442,0.26878656832729086,0.41421356237309503,0.546020906725474,0.6629392246050906,0.76384252869671,0.8477590650225735,0.9138806714644179,0.961570560806461,0.9903694533443936,0,Yeast
3.0,2.990369453344394,2.9615705608064613,2.913880671464418,2.8477590650225735,2.76384252869671,2.6629392246050902,2.5460209067254738,2.414213562373095,2.2687865683272905,2.1111404660392044,1.9427934736519952,1.76536686473018,1.5805693545089246,1.3901806440322566,1.196034280659121,1.0,0.8039657193408789,0.6098193559677434,0.4194306454910752,0.2346331352698204,0.05720652634800475,0.11114046603920442,0.26878656832729086,0.41421356237309503,0.546020906725474,0.6629392246050906,0.76384252869671,0.8477590650225735,0.9138806714644179,0.961570560806461,0.9903694533443936,0,E_coli
3.0,2.990369453344394,2.9615705608064613,2.913880671464418,2.8477590650225735,2.76384252869671,2.6629392246050902,2.5460209067254738,2.414213562373095,2.2687865683272905,2.1111404660392044,1.9427934736519952,1.76536686473018,1.5805693545089246,1.3901806440322566,1.196034280659121,1.0,0.8039657193408789,0.6098193559677434,0.4194306454910752,0.2346331352698204,0.05720652634800475,0.11114046603920442,0.26878656832729086,0.41421356237309503,0.546020906725474,0.6629392246050906,0.76384252869671,0.8477590650225735,0.9138806714644179,0.961570560806461,0.9903694533443936,0,Mammalian
5.0,4.951940014150855,4.809329625829034,4.576819896069508,4.261972627395669,3.8749829947359147,3.4283060893352704,2.9362015507577306,2.414213562373095,1.8786059242950344,1.3457736013090251,0.8316530076127909,0.3511533023570845,0.08236987009616582,0.457578420990317,0.7655362801473398,1.0,1.1576048414655822,1.23793970905483,1.2435085791140152,1.1795804271032744,1.0539339396911998,0.8765073307693841,0.6589672123595476,0.41421356237309515,0.15584026269321744,0.10242764012508923,0.34729793734249426,0.5664544973505214,0.7490585531406727,0.8861885042161123,0.9712011074620673,0,Yeast
5.0,4.951940014150855,4.809329625829034,4.576819896069508,4.261972627395669,3.8749829947359147,3.4283060893352704,2.9362015507577306,2.414213562373095,1.8786059242950344,1.3457736013090251,0.8316530076127909,0.3511533023570845,0.08236987009616582,0.457578420990317,0.7655362801473398,1.0,1.1576048414655822,1.23793970905483,1.2435085791140152,1.1795804271032744,1.0539339396911998,0.8765073307693841,0.6589672123595476,0.41421356237309515,0.15584026269321744,0.10242764012508923,0.34729793734249426,0.5664544973505214,0.7490585531406727,0.8861885042161123,0.9712011074620673,0,Mammalian
5.0,4.951940014150855,4.809329625829034,4.576819896069508,4.261972627395669,3.8749829947359147,3.4283060893352704,2.9362015507577306,2.414213562373095,1.8786059242950344,1.3457736013090251,0.8316530076127909,0.3511533023570845,0.08236987009616582,0.457578420990317,0.7655362801473398,1.0,1.1576048414655822,1.23793970905483,1.2435085791140152,1.1795804271032744,1.0539339396911998,0.8765073307693841,0.6589672123595476,0.41421356237309515,0.15584026269321744,0.10242764012508923,0.34729793734249426,0.5664544973505214,0.7490585531406727,0.8861885042161123,0.9712011074620673,0,E_coli
1.0,1.0190335809940412,1.0734248622877274,1.156313441673541,1.259280126749765,1.3743578624073118,1.4948689358167222,1.615493533248506,1.7320508075688772,1.841244319484043,1.9404553240747853,2.0275947489671604,2.1010029896154583,2.159383991930359,2.2017627176929335,2.227458318534033,2.23606797749979,2.227458318534033,2.201762717692934,2.1593839919303583,2.1010029896154587,2.027594748967161,1.940455324074785,1.8412443194840429,1.7320508075688772,1.6154935332485065,1.4948689358167224,1.3743578624073116,1.2592801267497653,1.156313441673541,1.0734248622877274,1.0190335809940412,0,E_coli
1.0,1.0190335809940412,1.0734248622877274,1.156313441673541,1.259280126749765,1.3743578624073118,1.4948689358167222,1.615493533248506,1.7320508075688772,1.841244319484043,1.9404553240747853,2.0275947489671604,2.1010029896154583,2.159383991930359,2.2017627176929335,2.227458318534033,2.23606797749979,2.227458318534033,2.201762717692934,2.1593839919303583,2.1010029896154587,2.027594748967161,1.940455324074785,1.8412443194840429,1.7320508075688772,1.6154935332485065,1.4948689358167224,1.3743578624073116,1.2592801267497653,1.156313441673541,1.0734248622877274,1.0190335809940412,0,Yeast
1.0,1.0190335809940412,1.0734248622877274,1.156313441673541,1.259280126749765,1.3743578624073118,1.4948689358167222,1.615493533248506,1.7320508075688772,1.841244319484043,1.9404553240747853,2.0275947489671604,2.1010029896154583,2.159383991930359,2.2017627176929335,2.227458318534033,2.23606797749979,2.227458318534033,2.201762717692934,2.1593839919303583,2.1010029896154587,2.027594748967161,1.940455324074785,1.8412443194840429,1.7320508075688772,1.6154935332485065,1.4948689358167224,1.3743578624073116,1.2592801267497653,1.156313441673541,1.0734248622877274,1.0190335809940412,0,Mammalian
3.0,2.990369453344394,2.9615705608064613,2.913880671464418,2.8477590650225735,2.76384252869671,2.6629392246050902,2.5460209067254738,2.414213562373095,2.2687865683272905,2.1111404660392044,1.9427934736519952,1.76536686473018,1.5805693545089246,1.3901806440322566,1.196034280659121,1.0,0.8039657193408789,0.6098193559677434,0.4194306454910752,0.2346331352698204,0.05720652634800475,0.11114046603920442,0.26878656832729086,0.41421356237309503,0.546020906725474,0.6629392246050906,0.76384252869671,0.8477590650225735,0.9138806714644179,0.961570560806461,0.9903694533443936,0,E_coli
3.0,2.990369453344394,2.9615705608064613,2.913880671464418,2.8477590650225735,2.76384252869671,2.6629392246050902,2.5460209067254738,2.414213562373095,2.2687865683272905,2.1111404660392044,1.9427934736519952,1.76536686473018,1.5805693545089246,1.3901806440322566,1.196034280659121,1.0,0.8039657193408789,0.6098193559677434,0.4194306454910752,0.2346331352698204,0.05720652634800475,0.11114046603920442,0.26878656832729086,0.41421356237309503,0.546020906725474,0.6629392246050906,0.76384252869671,0.8477590650225735,0.9138806714644179,0.961570560806461,0.9903694533443936,0,Mammalian
3.0,2.990369453344394,2.9615705608064613,2.913880671464418,2.8477590650225735,2.76384252869671,2.6629392246050902,2.5460209067254738,2.414213562373095,2.2687865683272905,2.1111404660392044,1.9427934736519952,1.76536686473018,1.5805693545089246,1.3901806440322566,1.196034280659121,1.0,0.8039657193408789,0.6098193559677434,0.4194306454910752,0.2346331352698204,0.05720652634800475,0.11114046603920442,0.26878656832729086,0.41421356237309503,0.546020906725474,0.6629392246050906,0.76384252869671,0.8477590650225735,0.9138806714644179,0.961570560806461,0.9903694533443936,0,Yeast
2.0,1.9807855053286367,1.9238941404865884,1.8316402203661266,1.7081006409774588,1.5595485731333958,1.3953064650329163,1.2293028998674538,1.082392200292394,0.9835501527507376,0.9629584483010338,1.0328780533071709,1.1776561765843403,1.368725589285742,1.580721003190803,1.7953819551371109,2.0,2.1855442423268503,2.345489524613457,2.4751949945881835,2.5715998774600908,2.633089995992615,2.6594569044911527,2.651910461728299,2.613125929752753,2.547315131737231,2.4603088969959335,2.3596203609982664,2.2544161550814867,2.1552480374975698,2.0733140949217925,2.019031644595987,0,Mammalian
0.0,0.0,0.0,0.0,0.0,0.0,0.0,0.0,0.0,0.0,0.0,0.0,0.0,0.0,0.0,0.0,0.0,0.0,0.0,0.0,0.0,0.0,0.0,0.0,0.0,0.0,0.0,0.0,0.0,0.0,0.0,0.0,0,Mammalian
0.0,0.5841021516508688,1.1395970656558925,1.648235420428192,2.125978143102203,2.637265497671549,3.2481013272917076,3.930808372494189,4.5260668769074295,4.7994352636966395,4.535075759387674,3.6254523948659747,2.173299644799549,1.1716573179894474,2.6399141780047493,4.426772636944487,5.656854249492381,6.032758534549947,5.48440914250133,4.1565110871613955,2.3706358649994677,0.5447709805115101,0.9152601084077978,1.7318073649744736,1.8747582846226951,1.7454643845518871,2.1752048315578802,3.188652817306729,4.13969457623918,4.6306782580102395,4.578988591091986,4.214749598756309,0,Mammalian
5.0,4.79554315814574,4.225677543568355,3.4121472515692606,2.532629772069557,1.7941920175521444,1.3856169587966805,1.3248331163633487,1.4245831851888677,1.5501571885800576,1.664742147490933,1.7651281433055808,1.8936172891127985,2.15200178217247,2.60239384541441,3.1543455615482623,3.6055512754639896,3.7443722728987625,3.430024559311286,2.677643480780407,1.8936172891127991,2.2369603597687058,3.6242641622214586,5.044729083471598,5.997546394024573,6.225282113079197,5.641831507391184,4.330370734836661,2.532629772069557,0.724109553569892,1.3961636165436875,2.5713950818643454,0,Mammalian
0.0,0.09813534865483603,0.19603428065912118,0.29346094891072344,0.39018064403225655,0.4859603598065278,0.5805693545089247,0.6737797067844402,0.7653668647301797,0.8551101868605643,0.9427934736519953,1.0282054883864435,1.1111404660392044,1.1913986089848667,1.2687865683272912,1.3431179096940367,1.4142135623730951,1.4819022507099184,1.5460209067254738,1.6064150629612897,1.6629392246050905,1.7154572200005442,1.7638425286967099,1.8079785862468867,1.8477590650225735,1.8830881303660416,1.9138806714644176,1.940062506389088,1.9615705608064609,1.9783530199295618,1.9903694533443936,1.9975909124103448,0,Mammalian
2.0,1.9807855053286372,1.9238941404865886,1.8316402203661268,1.708100640977459,1.5595485731333958,1.395306465032916,1.2293028998674538,1.082392200292394,0.9835501527507374,0.9629584483010337,1.0328780533071709,1.1776561765843405,1.368725589285742,1.580721003190803,1.7953819551371109,2.0,2.18554424232685,2.345489524613457,2.475194994588184,2.5715998774600903,2.633089995992615,2.659456904491153,2.6519104617282996,2.613125929752753,2.5473151317372316,2.460308896995934,2.359620360998267,2.2544161550814863,2.1552480374975698,2.0733140949217925,2.0190316445959873,0,Mammalian
0.0,0.09813534865483603,0.19603428065912118,0.29346094891072344,0.39018064403225655,0.4859603598065278,0.5805693545089247,0.6737797067844402,0.7653668647301797,0.8551101868605643,0.9427934736519953,1.0282054883864435,1.1111404660392044,1.1913986089848667,1.2687865683272912,1.3431179096940367,1.4142135623730951,1.4819022507099184,1.5460209067254738,1.6064150629612897,1.6629392246050905,1.7154572200005442,1.7638425286967099,1.8079785862468867,1.8477590650225735,1.8830881303660416,1.9138806714644176,1.940062506389088,1.9615705608064609,1.9783530199295618,1.9903694533443936,1.9975909124103448,0,Mammalian
5.0,4.258498241880701,2.354861460194619,1.1863457461023574,3.0454703769562235,4.38595609337908,4.548932009125696,3.659728772258882,2.2360679774997902,1.4246807378740594,2.45722930026267,3.9663109699429135,5.333452469493095,6.310387223396265,6.756759619959651,6.7271427240950095,6.4031242374328485,5.8457677861543615,4.894481753483179,3.4267283112111966,1.7919651238655256,1.6484966502805665,2.6553051658006153,2.9364287589997478,2.2360679774997902,1.2626407810895828,1.895040691063209,2.9565300517108724,3.326898846311643,3.0477166416296977,2.733549396693337,2.848024840618324,0,Mammalian
3.0,2.835524672716035,2.3740899797681543,1.7239939050093986,1.1589416510366772,1.2350820272243668,1.855243051035037,2.5069447738660995,3.0,3.2936509978269544,3.424857091447761,3.480719973198189,3.557647291327849,3.7054219220224582,3.897707517594238,4.060017867597378,4.123105625617661,4.060017867597378,3.897707517594238,3.7054219220224587,3.557647291327849,3.4807199731981884,3.424857091447761,3.2936509978269544,3.0,2.506944773866099,1.855243051035037,1.235082027224367,1.1589416510366772,1.7239939050093993,2.3740899797681543,2.8355246727160344,0,Mammalian
0.0,0.19532560025588747,0.3845350738498034,0.5616492379498408,0.720959822006948,0.857157549887509,0.9654515522165492,1.041677513216104,1.082392200292394,1.0849523195285238,1.0475759796923985,0.9693854240239012,0.8504300947672563,0.6916895213811751,0.495055960369419,0.26329715326725295,0.0,0.29050364172505155,0.6032274330734786,0.9326353561768497,1.2727585805728339,1.6173218713457083,1.9598768093558312,2.2939389460534145,2.613125929752753,2.9112936187524854,3.1826672397917086,3.4219647570990066,3.6245097854115516,3.7863316061764487,3.904250124808811,3.9759439323399066,0,Mammalian
1.0,1.0,1.0,1.0,1.0,1.0,1.0,1.0,1.0,1.0,1.0,1.0,1.0,1.0,1.0,1.0,1.0,1.0,1.0,1.0,1.0,1.0,1.0,1.0,1.0,1.0,1.0,1.0,1.0,1.0,1.0,1.0,0,Mammalian
1.0,1.0190335809940412,1.0734248622877274,1.156313441673541,1.2592801267497653,1.3743578624073116,1.4948689358167224,1.6154935332485065,1.7320508075688772,1.8412443194840429,1.940455324074785,2.027594748967161,2.1010029896154587,2.1593839919303583,2.201762717692934,2.227458318534033,2.23606797749979,2.227458318534033,2.2017627176929335,2.159383991930359,2.1010029896154583,2.0275947489671604,1.9404553240747853,1.841244319484043,1.7320508075688772,1.615493533248506,1.4948689358167222,1.3743578624073118,1.259280126749765,1.156313441673541,1.0734248622877274,1.0190335809940412,0,Mammalian
2.0,2.035881425950819,2.140407596112101,2.3044293554665307,2.513369319372347,2.7481850503145666,2.9866329591325873,3.2047545676632083,3.3784927944829333,3.4853375550382815,3.505897716081305,3.425300457592595,3.234329141379295,2.930226268587194,2.5171081045378965,2.0059608617255957,1.4142135623730951,0.7649083351191903,0.08551339413950569,0.5935541727263386,1.240610738799513,1.8244956108844657,2.3163625480196894,2.6913673824898137,2.9301512653149677,3.0200305331456656,2.955821005560942,2.7402456802535506,2.383899046612038,1.9047671476438774,1.327328547501799,0.6812859600624154,0,Mammalian
3.0,3.0380593426864366,3.1463904012239436,3.3080333277422174,3.4966057626654896,3.678948714076793,3.8184867333675268,3.8789950244097255,3.8284271247461903,3.6424484529917445,3.3073441621154855,2.822022460957184,2.1989123673796582,1.4636510366293083,0.6535620450488874,0.18496692563841519,1.0,1.7381741959745067,2.3490801750940347,2.789529485839489,3.027339492125848,3.044303393035593,2.838077891575845,2.4228097410562577,1.8284271247461903,1.0986337363452126,0.28775300390716735,0.5433322180016152,1.3318213620807011,2.017845121467964,2.5491277288212033,2.8850817789264847,0,Mammalian
2.0,2.035881425950819,2.140407596112101,2.3044293554665307,2.513369319372347,2.7481850503145666,2.9866329591325873,3.2047545676632083,3.3784927944829333,3.4853375550382815,3.505897716081305,3.425300457592595,3.234329141379295,2.930226268587194,2.5171081045378965,2.0059608617255957,1.4142135623730951,0.7649083351191903,0.08551339413950569,0.5935541727263386,1.240610738799513,1.8244956108844657,2.3163625480196894,2.6913673824898137,2.9301512653149677,3.0200305331456656,2.955821005560942,2.7402456802535506,2.383899046612038,1.9047671476438774,1.327328547501799,0.6812859600624154,0,Mammalian
1.0,1.0190335809940412,1.0734248622877274,1.156313441673541,1.2592801267497653,1.3743578624073116,1.4948689358167224,1.6154935332485065,1.7320508075688772,1.8412443194840429,1.940455324074785,2.027594748967161,2.1010029896154587,2.1593839919303583,2.201762717692934,2.227458318534033,2.23606797749979,2.227458318534033,2.2017627176929335,2.159383991930359,2.1010029896154583,2.0275947489671604,1.9404553240747853,1.841244319484043,1.7320508075688772,1.615493533248506,1.4948689358167222,1.3743578624073118,1.259280126749765,1.156313441673541,1.0734248622877274,1.0190335809940412,0,Mammalian
2.0,2.0190316445959873,2.0733140949217925,2.1552480374975698,2.2544161550814863,2.359620360998267,2.460308896995934,2.5473151317372316,2.613125929752753,2.6519104617282996,2.659456904491153,2.633089995992615,2.5715998774600903,2.475194994588184,2.345489524613457,2.18554424232685,2.0,1.7953819551371109,1.580721003190803,1.368725589285742,1.1776561765843405,1.0328780533071709,0.9629584483010337,0.9835501527507374,1.082392200292394,1.2293028998674538,1.395306465032916,1.5595485731333958,1.708100640977459,1.8316402203661268,1.9238941404865886,1.9807855053286372,0,Mammalian
2.0,2.035881425950819,2.140407596112101,2.3044293554665307,2.513369319372347,2.7481850503145666,2.9866329591325873,3.2047545676632083,3.3784927944829333,3.4853375550382815,3.505897716081305,3.425300457592595,3.234329141379295,2.930226268587194,2.5171081045378965,2.0059608617255957,1.4142135623730951,0.7649083351191903,0.08551339413950569,0.5935541727263386,1.240610738799513,1.8244956108844657,2.3163625480196894,2.6913673824898137,2.9301512653149677,3.0200305331456656,2.955821005560942,2.7402456802535506,2.383899046612038,1.9047671476438774,1.327328547501799,0.6812859600624154,0,Mammalian
2.0,2.0190316445959873,2.0733140949217925,2.1552480374975698,2.2544161550814863,2.359620360998267,2.460308896995934,2.5473151317372316,2.613125929752753,2.6519104617282996,2.659456904491153,2.633089995992615,2.5715998774600903,2.475194994588184,2.345489524613457,2.18554424232685,2.0,1.7953819551371109,1.580721003190803,1.368725589285742,1.1776561765843405,1.0328780533071709,0.9629584483010337,0.9835501527507374,1.082392200292394,1.2293028998674538,1.395306465032916,1.5595485731333958,1.708100640977459,1.8316402203661268,1.9238941404865886,1.9807855053286372,0,Mammalian
2.0,2.0190316445959873,2.0733140949217925,2.1552480374975698,2.2544161550814863,2.359620360998267,2.460308896995934,2.5473151317372316,2.613125929752753,2.6519104617282996,2.659456904491153,2.633089995992615,2.5715998774600903,2.475194994588184,2.345489524613457,2.18554424232685,2.0,1.7953819551371109,1.580721003190803,1.368725589285742,1.1776561765843405,1.0328780533071709,0.9629584483010337,0.9835501527507374,1.082392200292394,1.2293028998674538,1.395306465032916,1.5595485731333958,1.708100640977459,1.8316402203661268,1.9238941404865886,1.9807855053286372,0,Mammalian
3.0,3.015717228533318,3.058870154854959,3.118546729296155,3.179580427103275,3.2255530360176694,3.2412125626551336,3.2140288614923445,3.1350322366358836,2.9991918174143013,2.8055529989150667,2.5573058765026464,2.2619726273956684,1.9320539898467068,1.5869431812981976,1.2580695272874263,1.0,0.8936452388127648,0.9786041510947202,1.1876679677615627,1.4335455026494783,1.6639229102897122,1.851098529404771,1.9799003218181803,2.0424428695201757,2.03614780789703,1.9630848116913069,1.829978763094251,1.6488466976429157,1.4386837793434923,1.228985102040117,1.0644588245184028,0,Mammalian
2.0,2.035881425950819,2.140407596112101,2.3044293554665307,2.513369319372347,2.7481850503145666,2.9866329591325873,3.2047545676632083,3.3784927944829333,3.4853375550382815,3.505897716081305,3.425300457592595,3.234329141379295,2.930226268587194,2.5171081045378965,2.0059608617255957,1.4142135623730951,0.7649083351191903,0.08551339413950569,0.5935541727263386,1.240610738799513,1.8244956108844657,2.3163625480196894,2.6913673824898137,2.9301512653149677,3.0200305331456656,2.955821005560942,2.7402456802535506,2.383899046612038,1.9047671476438774,1.327328547501799,0.6812859600624154,0,Mammalian
2.0,2.035881425950819,2.140407596112101,2.3044293554665307,2.513369319372347,2.7481850503145666,2.9866329591325873,3.2047545676632083,3.3784927944829333,3.4853375550382815,3.505897716081305,3.425300457592595,3.234329141379295,2.930226268587194,2.5171081045378965,2.0059608617255957,1.4142135623730951,0.7649083351191903,0.08551339413950569,0.5935541727263386,1.240610738799513,1.8244956108844657,2.3163625480196894,2.6913673824898137,2.9301512653149677,3.0200305331456656,2.955821005560942,2.7402456802535506,2.383899046612038,1.9047671476438774,1.327328547501799,0.6812859600624154,0,Mammalian
0.0,0.1053409231153755,0.24686207379571712,0.43868565640193874,0.6758126995938146,0.9429843674758751,1.2197779495023677,1.483503038336057,1.7114123372625678,1.8827497289490285,1.980811906732785,1.9951868141823894,1.9245517415256628,1.7809847707467312,1.5977577105815906,1.4417361572495018,1.4142135623730951,1.5907107193921672,1.9468734033790418,2.4013799756488963,2.8802952269152096,3.328768095772586,3.7058384260026775,3.980739845585574,4.131714875431928,4.146113239570041,4.021069012513983,3.7646046195605782,3.3975398739481664,2.9573784735719033,2.5064326974863897,2.14426375006129,0,Mammalian
3.0,3.0380593426864366,3.1463904012239436,3.3080333277422174,3.4966057626654896,3.678948714076793,3.8184867333675268,3.8789950244097255,3.8284271247461903,3.6424484529917445,3.3073441621154855,2.822022460957184,2.1989123673796582,1.4636510366293083,0.6535620450488874,0.18496692563841519,1.0,1.7381741959745067,2.3490801750940347,2.789529485839489,3.027339492125848,3.044303393035593,2.838077891575845,2.4228097410562577,1.8284271247461903,1.0986337363452126,0.28775300390716735,0.5433322180016152,1.3318213620807011,2.017845121467964,2.5491277288212033,2.8850817789264847,0,Mammalian
1.0,1.038059342686437,1.146390401223944,1.3080333277422167,1.4966057626654892,1.6789487140767934,1.8184867333675268,1.8789950244097255,1.8284271247461903,1.6424484529917442,1.3073441621154858,0.8220224609571845,0.19891236737965765,0.536348963370692,1.3464379549511125,2.1849669256384145,3.0,3.7381741959745067,4.349080175094035,4.789529485839489,5.027339492125848,5.044303393035593,4.838077891575845,4.422809741056257,3.8284271247461903,3.0986337363452123,2.2877530039071674,1.4566677819983844,0.6681786379192989,0.017845121467963736,0.5491277288212032,0.8850817789264851,0,Mammalian
2.0,2.035881425950819,2.140407596112101,2.3044293554665307,2.513369319372347,2.7481850503145666,2.9866329591325873,3.2047545676632083,3.3784927944829333,3.4853375550382815,3.505897716081305,3.425300457592595,3.234329141379295,2.930226268587194,2.5171081045378965,2.0059608617255957,1.4142135623730951,0.7649083351191903,0.08551339413950569,0.5935541727263386,1.240610738799513,1.8244956108844657,2.3163625480196894,2.6913673824898137,2.9301512653149677,3.0200305331456656,2.955821005560942,2.7402456802535506,2.383899046612038,1.9047671476438774,1.327328547501799,0.6812859600624154,0,Mammalian
1.0,1.038059342686437,1.146390401223944,1.3080333277422167,1.4966057626654892,1.6789487140767934,1.8184867333675268,1.8789950244097255,1.8284271247461903,1.6424484529917442,1.3073441621154858,0.8220224609571845,0.19891236737965765,0.536348963370692,1.3464379549511125,2.1849669256384145,3.0,3.7381741959745067,4.349080175094035,4.789529485839489,5.027339492125848,5.044303393035593,4.838077891575845,4.422809741056257,3.8284271247461903,3.0986337363452123,2.2877530039071674,1.4566677819983844,0.6681786379192989,0.017845121467963736,0.5491277288212032,0.8850817789264851,0,Mammalian
2.0,2.035881425950819,2.140407596112101,2.3044293554665307,2.513369319372347,2.7481850503145666,2.9866329591325873,3.2047545676632083,3.3784927944829333,3.4853375550382815,3.505897716081305,3.425300457592595,3.234329141379295,2.930226268587194,2.5171081045378965,2.0059608617255957,1.4142135623730951,0.7649083351191903,0.08551339413950569,0.5935541727263386,1.240610738799513,1.8244956108844657,2.3163625480196894,2.6913673824898137,2.9301512653149677,3.0200305331456656,2.955821005560942,2.7402456802535506,2.383899046612038,1.9047671476438774,1.327328547501799,0.6812859600624154,0,Mammalian
2.0,2.035881425950819,2.140407596112101,2.3044293554665307,2.513369319372347,2.7481850503145666,2.9866329591325873,3.2047545676632083,3.3784927944829333,3.4853375550382815,3.505897716081305,3.425300457592595,3.234329141379295,2.930226268587194,2.5171081045378965,2.0059608617255957,1.4142135623730951,0.7649083351191903,0.08551339413950569,0.5935541727263386,1.240610738799513,1.8244956108844657,2.3163625480196894,2.6913673824898137,2.9301512653149677,3.0200305331456656,2.955821005560942,2.7402456802535506,2.383899046612038,1.9047671476438774,1.327328547501799,0.6812859600624154,0,Mammalian
2.0,2.035881425950819,2.140407596112101,2.3044293554665307,2.513369319372347,2.7481850503145666,2.9866329591325873,3.2047545676632083,3.3784927944829333,3.4853375550382815,3.505897716081305,3.425300457592595,3.234329141379295,2.930226268587194,2.5171081045378965,2.0059608617255957,1.4142135623730951,0.7649083351191903,0.08551339413950569,0.5935541727263386,1.240610738799513,1.8244956108844657,2.3163625480196894,2.6913673824898137,2.9301512653149677,3.0200305331456656,2.955821005560942,2.7402456802535506,2.383899046612038,1.9047671476438774,1.327328547501799,0.6812859600624154,0,Mammalian
2.0,2.035881425950819,2.140407596112101,2.3044293554665307,2.513369319372347,2.7481850503145666,2.9866329591325873,3.2047545676632083,3.3784927944829333,3.4853375550382815,3.505897716081305,3.425300457592595,3.234329141379295,2.930226268587194,2.5171081045378965,2.0059608617255957,1.4142135623730951,0.7649083351191903,0.08551339413950569,0.5935541727263386,1.240610738799513,1.8244956108844657,2.3163625480196894,2.6913673824898137,2.9301512653149677,3.0200305331456656,2.955821005560942,2.7402456802535506,2.383899046612038,1.9047671476438774,1.327328547501799,0.6812859600624154,0,Mammalian
2.0,2.035881425950819,2.140407596112101,2.3044293554665307,2.513369319372347,2.7481850503145666,2.9866329591325873,3.2047545676632083,3.3784927944829333,3.4853375550382815,3.505897716081305,3.425300457592595,3.234329141379295,2.930226268587194,2.5171081045378965,2.0059608617255957,1.4142135623730951,0.7649083351191903,0.08551339413950569,0.5935541727263386,1.240610738799513,1.8244956108844657,2.3163625480196894,2.6913673824898137,2.9301512653149677,3.0200305331456656,2.955821005560942,2.7402456802535506,2.383899046612038,1.9047671476438774,1.327328547501799,0.6812859600624154,0,Mammalian
6.0,5.916006438728995,5.668092653505521,5.268233856886368,4.735650251450756,4.095744463883446,3.37870152045083,2.6178326698417616,1.8477590650225735,1.1025403370685478,0.4138559026303573,0.19065671490117844,0.688811980233627,1.064955556233495,1.310653238390939,1.4249535782754927,1.4142135623730951,1.2915026416536965,1.0756253148783437,0.7898248700360108,0.4602494507349998,0.11427523716333716,0.22121058863489246,0.5214627434327659,0.7653668647301797,0.9366755067134579,1.0249179011278444,1.0259305804785328,0.9419794025981427,0.7814686717441959,0.5582583998021915,0.2906347595506404,0,Mammalian
1.0,1.018672081884555,1.0680658688496651,1.1320360879364564,1.192057900037627,1.2323189127071765,1.2420172947138137,1.2165318163678984,1.1589416510366775,1.0829042039842804,1.0169357764440903,1.0050778461276548,1.0899365591022208,1.2823384254580041,1.5591354278915466,1.8869563390412072,2.23606797749979,2.5820570803372993,2.904511615193232,3.186024620486118,3.4118126299488667,3.5697105183420916,3.6503427894917766,3.647354918718883,3.5576472913278483,3.3815983176221946,3.1233133744338892,2.791029002852918,2.398034786697577,1.9651671982146919,1.528165581672049,1.1591582885572262,2,Mammalian
1.0,1.0,1.0,1.0,1.0,1.0,1.0,1.0,1.0,1.0,1.0,1.0,1.0,1.0,1.0,1.0,1.0,1.0,1.0,1.0,1.0,1.0,1.0,1.0,1.0,1.0,1.0,1.0,1.0,1.0,1.0,1.0,2,Mammalian
2.0,1.9975909124103448,1.9903694533443936,1.9783530199295618,1.9615705608064609,1.940062506389088,1.9138806714644176,1.8830881303660416,1.8477590650225735,1.8079785862468867,1.7638425286967099,1.7154572200005442,1.6629392246050905,1.6064150629612897,1.5460209067254738,1.4819022507099184,1.4142135623730951,1.3431179096940367,1.2687865683272912,1.1913986089848667,1.1111404660392044,1.0282054883864435,0.9427934736519953,0.8551101868605643,0.7653668647301797,0.6737797067844402,0.5805693545089247,0.4859603598065278,0.39018064403225655,0.29346094891072344,0.19603428065912118,0.09813534865483603,2,Mammalian
3.0,2.990369453344394,2.9615705608064613,2.913880671464418,2.8477590650225735,2.76384252869671,2.6629392246050902,2.5460209067254738,2.414213562373095,2.2687865683272905,2.1111404660392044,1.9427934736519952,1.76536686473018,1.5805693545089246,1.3901806440322566,1.196034280659121,1.0,0.8039657193408789,0.6098193559677434,0.4194306454910752,0.2346331352698204,0.05720652634800475,0.11114046603920442,0.26878656832729086,0.41421356237309503,0.546020906725474,0.6629392246050906,0.76384252869671,0.8477590650225735,0.9138806714644179,0.961570560806461,0.9903694533443936,2,Mammalian
4.0,3.9759439323399066,3.904250124808811,3.7863316061764487,3.6245097854115516,3.4219647570990066,3.1826672397917086,2.9112936187524854,2.613125929752753,2.2939389460534145,1.9598768093558312,1.6173218713457083,1.2727585805728339,0.9326353561768497,0.6032274330734786,0.29050364172505155,0.0,0.26329715326725295,0.495055960369419,0.6916895213811751,0.8504300947672563,0.9693854240239012,1.0475759796923985,1.0849523195285238,1.082392200292394,1.041677513216104,0.9654515522165492,0.857157549887509,0.720959822006948,0.5616492379498408,0.3845350738498034,0.19532560025588747,2,Mammalian
0.0,0.0,0.0,0.0,0.0,0.0,0.0,0.0,0.0,0.0,0.0,0.0,0.0,0.0,0.0,0.0,0.0,0.0,0.0,0.0,0.0,0.0,0.0,0.0,0.0,0.0,0.0,0.0,0.0,0.0,0.0,0.0,2,Mammalian
5.0,4.175670026510926,2.0582133830651745,1.0611382280095443,3.1038767164828616,4.100694513226605,3.7030072209539755,2.390533436711293,1.4736257582079006,1.7961027581891438,1.8900765164683484,2.302316830322911,4.233411152906207,6.603789727638449,8.300485882792238,8.724697317716476,7.810249675906654,5.94117820550782,3.709390356412559,1.6133134691342161,0.2796962825089865,1.6090934148564864,2.6307499556058187,3.0757242307089534,2.797932651931813,1.9419389010843853,1.3613880628179782,2.0699423671780566,2.8923950851976588,3.1192691048355177,2.6546639071727967,1.7073728656500144,2,Mammalian
1.0,1.0190335809940412,1.0734248622877274,1.156313441673541,1.2592801267497653,1.3743578624073116,1.4948689358167224,1.6154935332485065,1.7320508075688772,1.8412443194840429,1.940455324074785,2.027594748967161,2.1010029896154587,2.1593839919303583,2.201762717692934,2.227458318534033,2.23606797749979,2.227458318534033,2.2017627176929335,2.159383991930359,2.1010029896154583,2.0275947489671604,1.9404553240747853,1.841244319484043,1.7320508075688772,1.615493533248506,1.4948689358167222,1.3743578624073118,1.259280126749765,1.156313441673541,1.0734248622877274,1.0190335809940412,2,Mammalian
9.0,8.583199033292772,7.418370268668505,5.749962864931334,3.9548028297095428,2.5310868383110265,1.9622735848885686,1.9474312990447744,1.7320508075688772,1.0913543676230004,0.5057252238659463,1.349388225608516,2.32830454130084,2.959173452358687,3.1028272146013745,2.786329139190973,2.23606797749979,1.930483311322234,2.2305920269994637,2.775493963453484,3.1225904051302815,3.094303324000949,2.7091463576195522,2.144513936884798,1.7320508075688772,1.7661228449116322,2.066392784910245,2.28776008980367,2.2777097494781002,2.0318306609338035,1.6275675991529737,1.2042981431636868,2,Mammalian
9.0,8.583199033292772,7.418370268668505,5.749962864931334,3.9548028297095428,2.5310868383110265,1.9622735848885686,1.9474312990447744,1.7320508075688772,1.0913543676230004,0.5057252238659463,1.349388225608516,2.32830454130084,2.959173452358687,3.1028272146013745,2.786329139190973,2.23606797749979,1.930483311322234,2.2305920269994637,2.775493963453484,3.1225904051302815,3.094303324000949,2.7091463576195522,2.144513936884798,1.7320508075688772,1.7661228449116322,2.066392784910245,2.28776008980367,2.2777097494781002,2.0318306609338035,1.6275675991529737,1.2042981431636868,2,Mammalian
3.0,2.9203413118923165,2.6892396721270404,2.3299996130928444,1.8808301901366271,1.3961045459160928,0.9562879311594047,0.6951418897550221,0.7174389352143009,0.8695613397872589,0.9791712397847455,0.9954964243503234,0.9521854521024445,0.9708401866359997,1.2013556865882677,1.654244931025891,2.23606797749979,2.8574846019764903,3.4486376716234814,3.9538557560724077,4.330149779660843,4.548092199181698,4.593027614485908,4.465649272674183,4.1815405503520555,3.7695694267396163,3.2692030615976653,2.726940368369182,2.192173247345711,1.712929752281787,1.3322081145703444,1.0857374542711387,2,Mammalian
2.0,2.019031644595987,2.0733140949217925,2.1552480374975698,2.2544161550814867,2.3596203609982664,2.4603088969959335,2.547315131737231,2.613125929752753,2.651910461728299,2.6594569044911527,2.633089995992615,2.5715998774600908,2.4751949945881835,2.345489524613457,2.1855442423268503,2.0,1.7953819551371109,1.580721003190803,1.368725589285742,1.1776561765843403,1.0328780533071709,0.9629584483010338,0.9835501527507376,1.082392200292394,1.2293028998674538,1.3953064650329163,1.5595485731333958,1.7081006409774588,1.8316402203661266,1.9238941404865884,1.9807855053286367,1,Mammalian
2.0,2.019031644595987,2.0733140949217925,2.1552480374975698,2.2544161550814867,2.3596203609982664,2.4603088969959335,2.547315131737231,2.613125929752753,2.651910461728299,2.6594569044911527,2.633089995992615,2.5715998774600908,2.4751949945881835,2.345489524613457,2.1855442423268503,2.0,1.7953819551371109,1.580721003190803,1.368725589285742,1.1776561765843403,1.0328780533071709,0.9629584483010338,0.9835501527507376,1.082392200292394,1.2293028998674538,1.3953064650329163,1.5595485731333958,1.7081006409774588,1.8316402203661266,1.9238941404865884,1.9807855053286367,1,Yeast
2.0,2.019031644595987,2.0733140949217925,2.1552480374975698,2.2544161550814867,2.3596203609982664,2.4603088969959335,2.547315131737231,2.613125929752753,2.651910461728299,2.6594569044911527,2.633089995992615,2.5715998774600908,2.4751949945881835,2.345489524613457,2.1855442423268503,2.0,1.7953819551371109,1.580721003190803,1.368725589285742,1.1776561765843403,1.0328780533071709,0.9629584483010338,0.9835501527507376,1.082392200292394,1.2293028998674538,1.3953064650329163,1.5595485731333958,1.7081006409774588,1.8316402203661266,1.9238941404865884,1.9807855053286367,0,E_coli
1.0,1.0190335809940412,1.0734248622877274,1.156313441673541,1.259280126749765,1.3743578624073118,1.4948689358167222,1.615493533248506,1.7320508075688772,1.841244319484043,1.9404553240747853,2.0275947489671604,2.1010029896154583,2.159383991930359,2.2017627176929335,2.227458318534033,2.23606797749979,2.227458318534033,2.201762717692934,2.1593839919303583,2.1010029896154587,2.027594748967161,1.940455324074785,1.8412443194840429,1.7320508075688772,1.6154935332485065,1.4948689358167224,1.3743578624073116,1.2592801267497653,1.156313441673541,1.0734248622877274,1.0190335809940412,1,Mammalian
1.0,1.0190335809940412,1.0734248622877274,1.156313441673541,1.259280126749765,1.3743578624073118,1.4948689358167222,1.615493533248506,1.7320508075688772,1.841244319484043,1.9404553240747853,2.0275947489671604,2.1010029896154583,2.159383991930359,2.2017627176929335,2.227458318534033,2.23606797749979,2.227458318534033,2.201762717692934,2.1593839919303583,2.1010029896154587,2.027594748967161,1.940455324074785,1.8412443194840429,1.7320508075688772,1.6154935332485065,1.4948689358167224,1.3743578624073116,1.2592801267497653,1.156313441673541,1.0734248622877274,1.0190335809940412,1,Yeast
1.0,1.0190335809940412,1.0734248622877274,1.156313441673541,1.259280126749765,1.3743578624073118,1.4948689358167222,1.615493533248506,1.7320508075688772,1.841244319484043,1.9404553240747853,2.0275947489671604,2.1010029896154583,2.159383991930359,2.2017627176929335,2.227458318534033,2.23606797749979,2.227458318534033,2.201762717692934,2.1593839919303583,2.1010029896154587,2.027594748967161,1.940455324074785,1.8412443194840429,1.7320508075688772,1.6154935332485065,1.4948689358167224,1.3743578624073116,1.2592801267497653,1.156313441673541,1.0734248622877274,1.0190335809940412,0,E_coli
1.0,1.0190335809940412,1.0734248622877274,1.156313441673541,1.259280126749765,1.3743578624073118,1.4948689358167222,1.615493533248506,1.7320508075688772,1.841244319484043,1.9404553240747853,2.0275947489671604,2.1010029896154583,2.159383991930359,2.2017627176929335,2.227458318534033,2.23606797749979,2.227458318534033,2.201762717692934,2.1593839919303583,2.1010029896154587,2.027594748967161,1.940455324074785,1.8412443194840429,1.7320508075688772,1.6154935332485065,1.4948689358167224,1.3743578624073116,1.2592801267497653,1.156313441673541,1.0734248622877274,1.0190335809940412,1,Mammalian
1.0,1.0190335809940412,1.0734248622877274,1.156313441673541,1.259280126749765,1.3743578624073118,1.4948689358167222,1.615493533248506,1.7320508075688772,1.841244319484043,1.9404553240747853,2.0275947489671604,2.1010029896154583,2.159383991930359,2.2017627176929335,2.227458318534033,2.23606797749979,2.227458318534033,2.201762717692934,2.1593839919303583,2.1010029896154587,2.027594748967161,1.940455324074785,1.8412443194840429,1.7320508075688772,1.6154935332485065,1.4948689358167224,1.3743578624073116,1.2592801267497653,1.156313441673541,1.0734248622877274,1.0190335809940412,1,Yeast
1.0,1.0190335809940412,1.0734248622877274,1.156313441673541,1.259280126749765,1.3743578624073118,1.4948689358167222,1.615493533248506,1.7320508075688772,1.841244319484043,1.9404553240747853,2.0275947489671604,2.1010029896154583,2.159383991930359,2.2017627176929335,2.227458318534033,2.23606797749979,2.227458318534033,2.201762717692934,2.1593839919303583,2.1010029896154587,2.027594748967161,1.940455324074785,1.8412443194840429,1.7320508075688772,1.6154935332485065,1.4948689358167224,1.3743578624073116,1.2592801267497653,1.156313441673541,1.0734248622877274,1.0190335809940412,0,E_coli
1.0,1.8900324437102474,2.8466667200941194,2.988244426871458,2.218590478990096,1.0686741038664342,1.7010424264960546,3.0053669426828518,3.5576472913278483,3.0085927187545316,1.4959761879443658,1.5676674884520005,4.058188333064988,6.346005715726181,7.842556273620086,8.311898287335389,7.810249675906654,6.625365249458394,5.148235249220797,3.709655347731897,2.452832816890254,1.3459818363744547,0.3594012967374583,0.5774802398687499,1.1589416510366775,1.3701942752081817,1.2184033077467613,0.8926454954311139,0.7697888751443004,0.9422365023414346,1.0683199401070582,1.0445135921429165,1,Mammalian
1.0,1.8900324437102474,2.8466667200941194,2.988244426871458,2.218590478990096,1.0686741038664342,1.7010424264960546,3.0053669426828518,3.5576472913278483,3.0085927187545316,1.4959761879443658,1.5676674884520005,4.058188333064988,6.346005715726181,7.842556273620086,8.311898287335389,7.810249675906654,6.625365249458394,5.148235249220797,3.709655347731897,2.452832816890254,1.3459818363744547,0.3594012967374583,0.5774802398687499,1.1589416510366775,1.3701942752081817,1.2184033077467613,0.8926454954311139,0.7697888751443004,0.9422365023414346,1.0683199401070582,1.0445135921429165,0,E_coli
1.0,1.8900324437102474,2.8466667200941194,2.988244426871458,2.218590478990096,1.0686741038664342,1.7010424264960546,3.0053669426828518,3.5576472913278483,3.0085927187545316,1.4959761879443658,1.5676674884520005,4.058188333064988,6.346005715726181,7.842556273620086,8.311898287335389,7.810249675906654,6.625365249458394,5.148235249220797,3.709655347731897,2.452832816890254,1.3459818363744547,0.3594012967374583,0.5774802398687499,1.1589416510366775,1.3701942752081817,1.2184033077467613,0.8926454954311139,0.7697888751443004,0.9422365023414346,1.0683199401070582,1.0445135921429165,1,Yeast
2.0,1.955550494089795,1.9627180504210184,2.1366659269701165,2.240386560457008,2.0431715034066773,1.779353657072935,2.0829778285922687,2.722905353179411,2.925398088506466,2.331885141839795,1.6431878345362587,3.097385024415978,5.494544821596653,7.530886252962859,8.629396064701194,8.602325267042627,7.618570789420584,6.0820461574372695,4.412762520309972,2.8395528274740744,1.4089146791058682,0.6783505448662088,1.5209515669413465,2.1414449415352483,2.071010052515821,1.2966182131485922,0.14555653803137988,1.1505710800429656,1.9069571397213307,1.9227684817023942,1.1926575488647082,1,Yeast
2.0,1.955550494089795,1.9627180504210184,2.1366659269701165,2.240386560457008,2.0431715034066773,1.779353657072935,2.0829778285922687,2.722905353179411,2.925398088506466,2.331885141839795,1.6431878345362587,3.097385024415978,5.494544821596653,7.530886252962859,8.629396064701194,8.602325267042627,7.618570789420584,6.0820461574372695,4.412762520309972,2.8395528274740744,1.4089146791058682,0.6783505448662088,1.5209515669413465,2.1414449415352483,2.071010052515821,1.2966182131485922,0.14555653803137988,1.1505710800429656,1.9069571397213307,1.9227684817023942,1.1926575488647082,0,E_coli
2.0,1.955550494089795,1.9627180504210184,2.1366659269701165,2.240386560457008,2.0431715034066773,1.779353657072935,2.0829778285922687,2.722905353179411,2.925398088506466,2.331885141839795,1.6431878345362587,3.097385024415978,5.494544821596653,7.530886252962859,8.629396064701194,8.602325267042627,7.618570789420584,6.0820461574372695,4.412762520309972,2.8395528274740744,1.4089146791058682,0.6783505448662088,1.5209515669413465,2.1414449415352483,2.071010052515821,1.2966182131485922,0.14555653803137988,1.1505710800429656,1.9069571397213307,1.9227684817023942,1.1926575488647082,1,Mammalian
2.0,1.955550494089795,1.9627180504210184,2.1366659269701165,2.240386560457008,2.0431715034066773,1.779353657072935,2.0829778285922687,2.722905353179411,2.925398088506466,2.331885141839795,1.6431878345362587,3.097385024415978,5.494544821596653,7.530886252962859,8.629396064701194,8.602325267042627,7.618570789420584,6.0820461574372695,4.412762520309972,2.8395528274740744,1.4089146791058682,0.6783505448662088,1.5209515669413465,2.1414449415352483,2.071010052515821,1.2966182131485922,0.14555653803137988,1.1505710800429656,1.9069571397213307,1.9227684817023942,1.1926575488647082,0,E_coli
2.0,1.955550494089795,1.9627180504210184,2.1366659269701165,2.240386560457008,2.0431715034066773,1.779353657072935,2.0829778285922687,2.722905353179411,2.925398088506466,2.331885141839795,1.6431878345362587,3.097385024415978,5.494544821596653,7.530886252962859,8.629396064701194,8.602325267042627,7.618570789420584,6.0820461574372695,4.412762520309972,2.8395528274740744,1.4089146791058682,0.6783505448662088,1.5209515669413465,2.1414449415352483,2.071010052515821,1.2966182131485922,0.14555653803137988,1.1505710800429656,1.9069571397213307,1.9227684817023942,1.1926575488647082,1,Mammalian
2.0,1.955550494089795,1.9627180504210184,2.1366659269701165,2.240386560457008,2.0431715034066773,1.779353657072935,2.0829778285922687,2.722905353179411,2.925398088506466,2.331885141839795,1.6431878345362587,3.097385024415978,5.494544821596653,7.530886252962859,8.629396064701194,8.602325267042627,7.618570789420584,6.0820461574372695,4.412762520309972,2.8395528274740744,1.4089146791058682,0.6783505448662088,1.5209515669413465,2.1414449415352483,2.071010052515821,1.2966182131485922,0.14555653803137988,1.1505710800429656,1.9069571397213307,1.9227684817023942,1.1926575488647082,1,Yeast
2.0,1.955550494089795,1.9627180504210184,2.1366659269701165,2.240386560457008,2.0431715034066773,1.779353657072935,2.0829778285922687,2.722905353179411,2.925398088506466,2.331885141839795,1.6431878345362587,3.097385024415978,5.494544821596653,7.530886252962859,8.629396064701194,8.602325267042627,7.618570789420584,6.0820461574372695,4.412762520309972,2.8395528274740744,1.4089146791058682,0.6783505448662088,1.5209515669413465,2.1414449415352483,2.071010052515821,1.2966182131485922,0.14555653803137988,1.1505710800429656,1.9069571397213307,1.9227684817023942,1.1926575488647082,1,Mammalian
2.0,1.955550494089795,1.9627180504210184,2.1366659269701165,2.240386560457008,2.0431715034066773,1.779353657072935,2.0829778285922687,2.722905353179411,2.925398088506466,2.331885141839795,1.6431878345362587,3.097385024415978,5.494544821596653,7.530886252962859,8.629396064701194,8.602325267042627,7.618570789420584,6.0820461574372695,4.412762520309972,2.8395528274740744,1.4089146791058682,0.6783505448662088,1.5209515669413465,2.1414449415352483,2.071010052515821,1.2966182131485922,0.14555653803137988,1.1505710800429656,1.9069571397213307,1.9227684817023942,1.1926575488647082,0,E_coli
2.0,1.955550494089795,1.9627180504210184,2.1366659269701165,2.240386560457008,2.0431715034066773,1.779353657072935,2.0829778285922687,2.722905353179411,2.925398088506466,2.331885141839795,1.6431878345362587,3.097385024415978,5.494544821596653,7.530886252962859,8.629396064701194,8.602325267042627,7.618570789420584,6.0820461574372695,4.412762520309972,2.8395528274740744,1.4089146791058682,0.6783505448662088,1.5209515669413465,2.1414449415352483,2.071010052515821,1.2966182131485922,0.14555653803137988,1.1505710800429656,1.9069571397213307,1.9227684817023942,1.1926575488647082,1,Yeast
2.0,1.955550494089795,1.9627180504210184,2.1366659269701165,2.240386560457008,2.0431715034066773,1.779353657072935,2.0829778285922687,2.722905353179411,2.925398088506466,2.331885141839795,1.6431878345362587,3.097385024415978,5.494544821596653,7.530886252962859,8.629396064701194,8.602325267042627,7.618570789420584,6.0820461574372695,4.412762520309972,2.8395528274740744,1.4089146791058682,0.6783505448662088,1.5209515669413465,2.1414449415352483,2.071010052515821,1.2966182131485922,0.14555653803137988,1.1505710800429656,1.9069571397213307,1.9227684817023942,1.1926575488647082,1,Mammalian
2.0,1.955550494089795,1.9627180504210184,2.1366659269701165,2.240386560457008,2.0431715034066773,1.779353657072935,2.0829778285922687,2.722905353179411,2.925398088506466,2.331885141839795,1.6431878345362587,3.097385024415978,5.494544821596653,7.530886252962859,8.629396064701194,8.602325267042627,7.618570789420584,6.0820461574372695,4.412762520309972,2.8395528274740744,1.4089146791058682,0.6783505448662088,1.5209515669413465,2.1414449415352483,2.071010052515821,1.2966182131485922,0.14555653803137988,1.1505710800429656,1.9069571397213307,1.9227684817023942,1.1926575488647082,0,E_coli
2.0,1.955550494089795,1.9627180504210184,2.1366659269701165,2.240386560457008,2.0431715034066773,1.779353657072935,2.0829778285922687,2.722905353179411,2.925398088506466,2.331885141839795,1.6431878345362587,3.097385024415978,5.494544821596653,7.530886252962859,8.629396064701194,8.602325267042627,7.618570789420584,6.0820461574372695,4.412762520309972,2.8395528274740744,1.4089146791058682,0.6783505448662088,1.5209515669413465,2.1414449415352483,2.071010052515821,1.2966182131485922,0.14555653803137988,1.1505710800429656,1.9069571397213307,1.9227684817023942,1.1926575488647082,1,Yeast
1.0,1.8900324437102474,2.8466667200941194,2.988244426871458,2.218590478990096,1.0686741038664342,1.7010424264960546,3.0053669426828518,3.5576472913278483,3.0085927187545316,1.4959761879443658,1.5676674884520005,4.058188333064988,6.346005715726181,7.842556273620086,8.311898287335389,7.810249675906654,6.625365249458394,5.148235249220797,3.709655347731897,2.452832816890254,1.3459818363744547,0.3594012967374583,0.5774802398687499,1.1589416510366775,1.3701942752081817,1.2184033077467613,0.8926454954311139,0.7697888751443004,0.9422365023414346,1.0683199401070582,1.0445135921429165,0,E_coli
1.0,1.8900324437102474,2.8466667200941194,2.988244426871458,2.218590478990096,1.0686741038664342,1.7010424264960546,3.0053669426828518,3.5576472913278483,3.0085927187545316,1.4959761879443658,1.5676674884520005,4.058188333064988,6.346005715726181,7.842556273620086,8.311898287335389,7.810249675906654,6.625365249458394,5.148235249220797,3.709655347731897,2.452832816890254,1.3459818363744547,0.3594012967374583,0.5774802398687499,1.1589416510366775,1.3701942752081817,1.2184033077467613,0.8926454954311139,0.7697888751443004,0.9422365023414346,1.0683199401070582,1.0445135921429165,1,Mammalian
1.0,1.8900324437102474,2.8466667200941194,2.988244426871458,2.218590478990096,1.0686741038664342,1.7010424264960546,3.0053669426828518,3.5576472913278483,3.0085927187545316,1.4959761879443658,1.5676674884520005,4.058188333064988,6.346005715726181,7.842556273620086,8.311898287335389,7.810249675906654,6.625365249458394,5.148235249220797,3.709655347731897,2.452832816890254,1.3459818363744547,0.3594012967374583,0.5774802398687499,1.1589416510366775,1.3701942752081817,1.2184033077467613,0.8926454954311139,0.7697888751443004,0.9422365023414346,1.0683199401070582,1.0445135921429165,1,Yeast
1.0,1.8900324437102474,2.8466667200941194,2.988244426871458,2.218590478990096,1.0686741038664342,1.7010424264960546,3.0053669426828518,3.5576472913278483,3.0085927187545316,1.4959761879443658,1.5676674884520005,4.058188333064988,6.346005715726181,7.842556273620086,8.311898287335389,7.810249675906654,6.625365249458394,5.148235249220797,3.709655347731897,2.452832816890254,1.3459818363744547,0.3594012967374583,0.5774802398687499,1.1589416510366775,1.3701942752081817,1.2184033077467613,0.8926454954311139,0.7697888751443004,0.9422365023414346,1.0683199401070582,1.0445135921429165,1,Yeast
1.0,1.8900324437102474,2.8466667200941194,2.988244426871458,2.218590478990096,1.0686741038664342,1.7010424264960546,3.0053669426828518,3.5576472913278483,3.0085927187545316,1.4959761879443658,1.5676674884520005,4.058188333064988,6.346005715726181,7.842556273620086,8.311898287335389,7.810249675906654,6.625365249458394,5.148235249220797,3.709655347731897,2.452832816890254,1.3459818363744547,0.3594012967374583,0.5774802398687499,1.1589416510366775,1.3701942752081817,1.2184033077467613,0.8926454954311139,0.7697888751443004,0.9422365023414346,1.0683199401070582,1.0445135921429165,1,Mammalian
1.0,1.8900324437102474,2.8466667200941194,2.988244426871458,2.218590478990096,1.0686741038664342,1.7010424264960546,3.0053669426828518,3.5576472913278483,3.0085927187545316,1.4959761879443658,1.5676674884520005,4.058188333064988,6.346005715726181,7.842556273620086,8.311898287335389,7.810249675906654,6.625365249458394,5.148235249220797,3.709655347731897,2.452832816890254,1.3459818363744547,0.3594012967374583,0.5774802398687499,1.1589416510366775,1.3701942752081817,1.2184033077467613,0.8926454954311139,0.7697888751443004,0.9422365023414346,1.0683199401070582,1.0445135921429165,0,E_coli
1.0,1.8900324437102474,2.8466667200941194,2.988244426871458,2.218590478990096,1.0686741038664342,1.7010424264960546,3.0053669426828518,3.5576472913278483,3.0085927187545316,1.4959761879443658,1.5676674884520005,4.058188333064988,6.346005715726181,7.842556273620086,8.311898287335389,7.810249675906654,6.625365249458394,5.148235249220797,3.709655347731897,2.452832816890254,1.3459818363744547,0.3594012967374583,0.5774802398687499,1.1589416510366775,1.3701942752081817,1.2184033077467613,0.8926454954311139,0.7697888751443004,0.9422365023414346,1.0683199401070582,1.0445135921429165,1,Mammalian
1.0,1.8900324437102474,2.8466667200941194,2.988244426871458,2.218590478990096,1.0686741038664342,1.7010424264960546,3.0053669426828518,3.5576472913278483,3.0085927187545316,1.4959761879443658,1.5676674884520005,4.058188333064988,6.346005715726181,7.842556273620086,8.311898287335389,7.810249675906654,6.625365249458394,5.148235249220797,3.709655347731897,2.452832816890254,1.3459818363744547,0.3594012967374583,0.5774802398687499,1.1589416510366775,1.3701942752081817,1.2184033077467613,0.8926454954311139,0.7697888751443004,0.9422365023414346,1.0683199401070582,1.0445135921429165,0,E_coli
1.0,1.8900324437102474,2.8466667200941194,2.988244426871458,2.218590478990096,1.0686741038664342,1.7010424264960546,3.0053669426828518,3.5576472913278483,3.0085927187545316,1.4959761879443658,1.5676674884520005,4.058188333064988,6.346005715726181,7.842556273620086,8.311898287335389,7.810249675906654,6.625365249458394,5.148235249220797,3.709655347731897,2.452832816890254,1.3459818363744547,0.3594012967374583,0.5774802398687499,1.1589416510366775,1.3701942752081817,1.2184033077467613,0.8926454954311139,0.7697888751443004,0.9422365023414346,1.0683199401070582,1.0445135921429165,1,Yeast
2.0,1.9807855053286372,1.9238941404865886,1.8316402203661268,1.708100640977459,1.5595485731333958,1.395306465032916,1.2293028998674538,1.082392200292394,0.9835501527507374,0.9629584483010337,1.0328780533071709,1.1776561765843405,1.368725589285742,1.580721003190803,1.7953819551371109,2.0,2.18554424232685,2.345489524613457,2.475194994588184,2.5715998774600903,2.633089995992615,2.659456904491153,2.6519104617282996,2.613125929752753,2.5473151317372316,2.460308896995934,2.359620360998267,2.2544161550814863,2.1552480374975698,2.0733140949217925,2.0190316445959873,0,E_coli
2.0,1.9807855053286372,1.9238941404865886,1.8316402203661268,1.708100640977459,1.5595485731333958,1.395306465032916,1.2293028998674538,1.082392200292394,0.9835501527507374,0.9629584483010337,1.0328780533071709,1.1776561765843405,1.368725589285742,1.580721003190803,1.7953819551371109,2.0,2.18554424232685,2.345489524613457,2.475194994588184,2.5715998774600903,2.633089995992615,2.659456904491153,2.6519104617282996,2.613125929752753,2.5473151317372316,2.460308896995934,2.359620360998267,2.2544161550814863,2.1552480374975698,2.0733140949217925,2.0190316445959873,1,Mammalian
2.0,1.9807855053286372,1.9238941404865886,1.8316402203661268,1.708100640977459,1.5595485731333958,1.395306465032916,1.2293028998674538,1.082392200292394,0.9835501527507374,0.9629584483010337,1.0328780533071709,1.1776561765843405,1.368725589285742,1.580721003190803,1.7953819551371109,2.0,2.18554424232685,2.345489524613457,2.475194994588184,2.5715998774600903,2.633089995992615,2.659456904491153,2.6519104617282996,2.613125929752753,2.5473151317372316,2.460308896995934,2.359620360998267,2.2544161550814863,2.1552480374975698,2.0733140949217925,2.0190316445959873,1,Yeast
1.0,1.0,1.0,1.0,1.0,1.0,1.0,1.0,1.0,1.0,1.0,1.0,1.0,1.0,1.0,1.0,1.0,1.0,1.0,1.0,1.0,1.0,1.0,1.0,1.0,1.0,1.0,1.0,1.0,1.0,1.0,1.0,0,E_coli
1.0,1.0,1.0,1.0,1.0,1.0,1.0,1.0,1.0,1.0,1.0,1.0,1.0,1.0,1.0,1.0,1.0,1.0,1.0,1.0,1.0,1.0,1.0,1.0,1.0,1.0,1.0,1.0,1.0,1.0,1.0,1.0,1,Yeast
1.0,1.0,1.0,1.0,1.0,1.0,1.0,1.0,1.0,1.0,1.0,1.0,1.0,1.0,1.0,1.0,1.0,1.0,1.0,1.0,1.0,1.0,1.0,1.0,1.0,1.0,1.0,1.0,1.0,1.0,1.0,1.0,1,Mammalian
1.0,1.0,1.0,1.0,1.0,1.0,1.0,1.0,1.0,1.0,1.0,1.0,1.0,1.0,1.0,1.0,1.0,1.0,1.0,1.0,1.0,1.0,1.0,1.0,1.0,1.0,1.0,1.0,1.0,1.0,1.0,1.0,1,Mammalian
1.0,1.0,1.0,1.0,1.0,1.0,1.0,1.0,1.0,1.0,1.0,1.0,1.0,1.0,1.0,1.0,1.0,1.0,1.0,1.0,1.0,1.0,1.0,1.0,1.0,1.0,1.0,1.0,1.0,1.0,1.0,1.0,0,E_coli
1.0,1.0,1.0,1.0,1.0,1.0,1.0,1.0,1.0,1.0,1.0,1.0,1.0,1.0,1.0,1.0,1.0,1.0,1.0,1.0,1.0,1.0,1.0,1.0,1.0,1.0,1.0,1.0,1.0,1.0,1.0,1.0,1,Yeast
0.0,0.0,0.0,0.0,0.0,0.0,0.0,0.0,0.0,0.0,0.0,0.0,0.0,0.0,0.0,0.0,0.0,0.0,0.0,0.0,0.0,0.0,0.0,0.0,0.0,0.0,0.0,0.0,0.0,0.0,0.0,0.0,1,Mammalian
0.0,0.0,0.0,0.0,0.0,0.0,0.0,0.0,0.0,0.0,0.0,0.0,0.0,0.0,0.0,0.0,0.0,0.0,0.0,0.0,0.0,0.0,0.0,0.0,0.0,0.0,0.0,0.0,0.0,0.0,0.0,0.0,0,E_coli
0.0,0.0,0.0,0.0,0.0,0.0,0.0,0.0,0.0,0.0,0.0,0.0,0.0,0.0,0.0,0.0,0.0,0.0,0.0,0.0,0.0,0.0,0.0,0.0,0.0,0.0,0.0,0.0,0.0,0.0,0.0,0.0,1,Yeast
1.0,1.0190335809940412,1.0734248622877274,1.156313441673541,1.259280126749765,1.3743578624073118,1.4948689358167222,1.615493533248506,1.7320508075688772,1.841244319484043,1.9404553240747853,2.0275947489671604,2.1010029896154583,2.159383991930359,2.2017627176929335,2.227458318534033,2.23606797749979,2.227458318534033,2.201762717692934,2.1593839919303583,2.1010029896154587,2.027594748967161,1.940455324074785,1.8412443194840429,1.7320508075688772,1.6154935332485065,1.4948689358167224,1.3743578624073116,1.2592801267497653,1.156313441673541,1.0734248622877274,1.0190335809940412,1,Yeast
1.0,1.0190335809940412,1.0734248622877274,1.156313441673541,1.259280126749765,1.3743578624073118,1.4948689358167222,1.615493533248506,1.7320508075688772,1.841244319484043,1.9404553240747853,2.0275947489671604,2.1010029896154583,2.159383991930359,2.2017627176929335,2.227458318534033,2.23606797749979,2.227458318534033,2.201762717692934,2.1593839919303583,2.1010029896154587,2.027594748967161,1.940455324074785,1.8412443194840429,1.7320508075688772,1.6154935332485065,1.4948689358167224,1.3743578624073116,1.2592801267497653,1.156313441673541,1.0734248622877274,1.0190335809940412,1,Mammalian
1.0,1.0190335809940412,1.0734248622877274,1.156313441673541,1.259280126749765,1.3743578624073118,1.4948689358167222,1.615493533248506,1.7320508075688772,1.841244319484043,1.9404553240747853,2.0275947489671604,2.1010029896154583,2.159383991930359,2.2017627176929335,2.227458318534033,2.23606797749979,2.227458318534033,2.201762717692934,2.1593839919303583,2.1010029896154587,2.027594748967161,1.940455324074785,1.8412443194840429,1.7320508075688772,1.6154935332485065,1.4948689358167224,1.3743578624073116,1.2592801267497653,1.156313441673541,1.0734248622877274,1.0190335809940412,0,E_coli
1.0,0.9903694533443936,0.961570560806461,0.9138806714644179,0.8477590650225735,0.76384252869671,0.6629392246050906,0.546020906725474,0.41421356237309503,0.26878656832729086,0.11114046603920442,0.05720652634800475,0.2346331352698204,0.4194306454910752,0.6098193559677434,0.8039657193408789,1.0,1.196034280659121,1.3901806440322566,1.5805693545089246,1.76536686473018,1.9427934736519952,2.1111404660392044,2.2687865683272905,2.414213562373095,2.5460209067254738,2.6629392246050902,2.76384252869671,2.8477590650225735,2.913880671464418,2.9615705608064613,2.990369453344394,1,Mammalian
1.0,0.9903694533443936,0.961570560806461,0.9138806714644179,0.8477590650225735,0.76384252869671,0.6629392246050906,0.546020906725474,0.41421356237309503,0.26878656832729086,0.11114046603920442,0.05720652634800475,0.2346331352698204,0.4194306454910752,0.6098193559677434,0.8039657193408789,1.0,1.196034280659121,1.3901806440322566,1.5805693545089246,1.76536686473018,1.9427934736519952,2.1111404660392044,2.2687865683272905,2.414213562373095,2.5460209067254738,2.6629392246050902,2.76384252869671,2.8477590650225735,2.913880671464418,2.9615705608064613,2.990369453344394,1,Yeast
1.0,0.9903694533443936,0.961570560806461,0.9138806714644179,0.8477590650225735,0.76384252869671,0.6629392246050906,0.546020906725474,0.41421356237309503,0.26878656832729086,0.11114046603920442,0.05720652634800475,0.2346331352698204,0.4194306454910752,0.6098193559677434,0.8039657193408789,1.0,1.196034280659121,1.3901806440322566,1.5805693545089246,1.76536686473018,1.9427934736519952,2.1111404660392044,2.2687865683272905,2.414213562373095,2.5460209067254738,2.6629392246050902,2.76384252869671,2.8477590650225735,2.913880671464418,2.9615705608064613,2.990369453344394,0,E_coli
1.0,1.0,1.0,1.0,1.0,1.0,1.0,1.0,1.0,1.0,1.0,1.0,1.0,1.0,1.0,1.0,1.0,1.0,1.0,1.0,1.0,1.0,1.0,1.0,1.0,1.0,1.0,1.0,1.0,1.0,1.0,1.0,1,Yeast
1.0,1.0,1.0,1.0,1.0,1.0,1.0,1.0,1.0,1.0,1.0,1.0,1.0,1.0,1.0,1.0,1.0,1.0,1.0,1.0,1.0,1.0,1.0,1.0,1.0,1.0,1.0,1.0,1.0,1.0,1.0,1.0,1,Mammalian
1.0,1.0,1.0,1.0,1.0,1.0,1.0,1.0,1.0,1.0,1.0,1.0,1.0,1.0,1.0,1.0,1.0,1.0,1.0,1.0,1.0,1.0,1.0,1.0,1.0,1.0,1.0,1.0,1.0,1.0,1.0,1.0,0,E_coli
6.0,5.726948142563746,4.955215071164866,3.8185952036595014,2.5133693193723468,1.2633254924189754,0.27999695678388214,0.2747385954570545,0.31702533556221446,0.14462873293389952,1.0114476901079628,2.1123463435420287,3.2343291413792947,4.159723128781211,4.703511838541411,4.744159178952201,4.242640687119286,3.2466666281505168,1.8798485668247782,0.31830284527630587,1.2406107387995131,2.6114500218291603,3.6496738649751825,4.271404981854568,4.460884994775327,4.265013094184866,3.776870060605658,3.112183637221823,2.3838990466120387,1.6801618612553335,1.0500942091036158,0.499955479986291,1,Yeast
6.0,5.726948142563746,4.955215071164866,3.8185952036595014,2.5133693193723468,1.2633254924189754,0.27999695678388214,0.2747385954570545,0.31702533556221446,0.14462873293389952,1.0114476901079628,2.1123463435420287,3.2343291413792947,4.159723128781211,4.703511838541411,4.744159178952201,4.242640687119286,3.2466666281505168,1.8798485668247782,0.31830284527630587,1.2406107387995131,2.6114500218291603,3.6496738649751825,4.271404981854568,4.460884994775327,4.265013094184866,3.776870060605658,3.112183637221823,2.3838990466120387,1.6801618612553335,1.0500942091036158,0.499955479986291,0,E_coli
6.0,5.726948142563746,4.955215071164866,3.8185952036595014,2.5133693193723468,1.2633254924189754,0.27999695678388214,0.2747385954570545,0.31702533556221446,0.14462873293389952,1.0114476901079628,2.1123463435420287,3.2343291413792947,4.159723128781211,4.703511838541411,4.744159178952201,4.242640687119286,3.2466666281505168,1.8798485668247782,0.31830284527630587,1.2406107387995131,2.6114500218291603,3.6496738649751825,4.271404981854568,4.460884994775327,4.265013094184866,3.776870060605658,3.112183637221823,2.3838990466120387,1.6801618612553335,1.0500942091036158,0.499955479986291,1,Mammalian
6.0,5.726948142563746,4.955215071164866,3.8185952036595014,2.5133693193723468,1.2633254924189754,0.27999695678388214,0.2747385954570545,0.31702533556221446,0.14462873293389952,1.0114476901079628,2.1123463435420287,3.2343291413792947,4.159723128781211,4.703511838541411,4.744159178952201,4.242640687119286,3.2466666281505168,1.8798485668247782,0.31830284527630587,1.2406107387995131,2.6114500218291603,3.6496738649751825,4.271404981854568,4.460884994775327,4.265013094184866,3.776870060605658,3.112183637221823,2.3838990466120387,1.6801618612553335,1.0500942091036158,0.499955479986291,0,E_coli
6.0,5.726948142563746,4.955215071164866,3.8185952036595014,2.5133693193723468,1.2633254924189754,0.27999695678388214,0.2747385954570545,0.31702533556221446,0.14462873293389952,1.0114476901079628,2.1123463435420287,3.2343291413792947,4.159723128781211,4.703511838541411,4.744159178952201,4.242640687119286,3.2466666281505168,1.8798485668247782,0.31830284527630587,1.2406107387995131,2.6114500218291603,3.6496738649751825,4.271404981854568,4.460884994775327,4.265013094184866,3.776870060605658,3.112183637221823,2.3838990466120387,1.6801618612553335,1.0500942091036158,0.499955479986291,1,Yeast
6.0,5.726948142563746,4.955215071164866,3.8185952036595014,2.5133693193723468,1.2633254924189754,0.27999695678388214,0.2747385954570545,0.31702533556221446,0.14462873293389952,1.0114476901079628,2.1123463435420287,3.2343291413792947,4.159723128781211,4.703511838541411,4.744159178952201,4.242640687119286,3.2466666281505168,1.8798485668247782,0.31830284527630587,1.2406107387995131,2.6114500218291603,3.6496738649751825,4.271404981854568,4.460884994775327,4.265013094184866,3.776870060605658,3.112183637221823,2.3838990466120387,1.6801618612553335,1.0500942091036158,0.499955479986291,1,Mammalian
6.0,5.726948142563746,4.955215071164866,3.8185952036595014,2.5133693193723468,1.2633254924189754,0.27999695678388214,0.2747385954570545,0.31702533556221446,0.14462873293389952,1.0114476901079628,2.1123463435420287,3.2343291413792947,4.159723128781211,4.703511838541411,4.744159178952201,4.242640687119286,3.2466666281505168,1.8798485668247782,0.31830284527630587,1.2406107387995131,2.6114500218291603,3.6496738649751825,4.271404981854568,4.460884994775327,4.265013094184866,3.776870060605658,3.112183637221823,2.3838990466120387,1.6801618612553335,1.0500942091036158,0.499955479986291,1,Mammalian
6.0,5.726948142563746,4.955215071164866,3.8185952036595014,2.5133693193723468,1.2633254924189754,0.27999695678388214,0.2747385954570545,0.31702533556221446,0.14462873293389952,1.0114476901079628,2.1123463435420287,3.2343291413792947,4.159723128781211,4.703511838541411,4.744159178952201,4.242640687119286,3.2466666281505168,1.8798485668247782,0.31830284527630587,1.2406107387995131,2.6114500218291603,3.6496738649751825,4.271404981854568,4.460884994775327,4.265013094184866,3.776870060605658,3.112183637221823,2.3838990466120387,1.6801618612553335,1.0500942091036158,0.499955479986291,0,E_coli
6.0,5.726948142563746,4.955215071164866,3.8185952036595014,2.5133693193723468,1.2633254924189754,0.27999695678388214,0.2747385954570545,0.31702533556221446,0.14462873293389952,1.0114476901079628,2.1123463435420287,3.2343291413792947,4.159723128781211,4.703511838541411,4.744159178952201,4.242640687119286,3.2466666281505168,1.8798485668247782,0.31830284527630587,1.2406107387995131,2.6114500218291603,3.6496738649751825,4.271404981854568,4.460884994775327,4.265013094184866,3.776870060605658,3.112183637221823,2.3838990466120387,1.6801618612553335,1.0500942091036158,0.499955479986291,1,Yeast
6.0,5.726948142563746,4.955215071164866,3.8185952036595014,2.5133693193723468,1.2633254924189754,0.27999695678388214,0.2747385954570545,0.31702533556221446,0.14462873293389952,1.0114476901079628,2.1123463435420287,3.2343291413792947,4.159723128781211,4.703511838541411,4.744159178952201,4.242640687119286,3.2466666281505168,1.8798485668247782,0.31830284527630587,1.2406107387995131,2.6114500218291603,3.6496738649751825,4.271404981854568,4.460884994775327,4.265013094184866,3.776870060605658,3.112183637221823,2.3838990466120387,1.6801618612553335,1.0500942091036158,0.499955479986291,0,E_coli
6.0,5.726948142563746,4.955215071164866,3.8185952036595014,2.5133693193723468,1.2633254924189754,0.27999695678388214,0.2747385954570545,0.31702533556221446,0.14462873293389952,1.0114476901079628,2.1123463435420287,3.2343291413792947,4.159723128781211,4.703511838541411,4.744159178952201,4.242640687119286,3.2466666281505168,1.8798485668247782,0.31830284527630587,1.2406107387995131,2.6114500218291603,3.6496738649751825,4.271404981854568,4.460884994775327,4.265013094184866,3.776870060605658,3.112183637221823,2.3838990466120387,1.6801618612553335,1.0500942091036158,0.499955479986291,1,Yeast
6.0,5.726948142563746,4.955215071164866,3.8185952036595014,2.5133693193723468,1.2633254924189754,0.27999695678388214,0.2747385954570545,0.31702533556221446,0.14462873293389952,1.0114476901079628,2.1123463435420287,3.2343291413792947,4.159723128781211,4.703511838541411,4.744159178952201,4.242640687119286,3.2466666281505168,1.8798485668247782,0.31830284527630587,1.2406107387995131,2.6114500218291603,3.6496738649751825,4.271404981854568,4.460884994775327,4.265013094184866,3.776870060605658,3.112183637221823,2.3838990466120387,1.6801618612553335,1.0500942091036158,0.499955479986291,1,Mammalian
6.0,5.726948142563746,4.955215071164866,3.8185952036595014,2.5133693193723468,1.2633254924189754,0.27999695678388214,0.2747385954570545,0.31702533556221446,0.14462873293389952,1.0114476901079628,2.1123463435420287,3.2343291413792947,4.159723128781211,4.703511838541411,4.744159178952201,4.242640687119286,3.2466666281505168,1.8798485668247782,0.31830284527630587,1.2406107387995131,2.6114500218291603,3.6496738649751825,4.271404981854568,4.460884994775327,4.265013094184866,3.776870060605658,3.112183637221823,2.3838990466120387,1.6801618612553335,1.0500942091036158,0.499955479986291,1,Yeast
6.0,5.726948142563746,4.955215071164866,3.8185952036595014,2.5133693193723468,1.2633254924189754,0.27999695678388214,0.2747385954570545,0.31702533556221446,0.14462873293389952,1.0114476901079628,2.1123463435420287,3.2343291413792947,4.159723128781211,4.703511838541411,4.744159178952201,4.242640687119286,3.2466666281505168,1.8798485668247782,0.31830284527630587,1.2406107387995131,2.6114500218291603,3.6496738649751825,4.271404981854568,4.460884994775327,4.265013094184866,3.776870060605658,3.112183637221823,2.3838990466120387,1.6801618612553335,1.0500942091036158,0.499955479986291,1,Mammalian
6.0,5.726948142563746,4.955215071164866,3.8185952036595014,2.5133693193723468,1.2633254924189754,0.27999695678388214,0.2747385954570545,0.31702533556221446,0.14462873293389952,1.0114476901079628,2.1123463435420287,3.2343291413792947,4.159723128781211,4.703511838541411,4.744159178952201,4.242640687119286,3.2466666281505168,1.8798485668247782,0.31830284527630587,1.2406107387995131,2.6114500218291603,3.6496738649751825,4.271404981854568,4.460884994775327,4.265013094184866,3.776870060605658,3.112183637221823,2.3838990466120387,1.6801618612553335,1.0500942091036158,0.499955479986291,0,E_coli
6.0,5.726948142563746,4.955215071164866,3.8185952036595014,2.5133693193723468,1.2633254924189754,0.27999695678388214,0.2747385954570545,0.31702533556221446,0.14462873293389952,1.0114476901079628,2.1123463435420287,3.2343291413792947,4.159723128781211,4.703511838541411,4.744159178952201,4.242640687119286,3.2466666281505168,1.8798485668247782,0.31830284527630587,1.2406107387995131,2.6114500218291603,3.6496738649751825,4.271404981854568,4.460884994775327,4.265013094184866,3.776870060605658,3.112183637221823,2.3838990466120387,1.6801618612553335,1.0500942091036158,0.499955479986291,1,Mammalian
6.0,5.726948142563746,4.955215071164866,3.8185952036595014,2.5133693193723468,1.2633254924189754,0.27999695678388214,0.2747385954570545,0.31702533556221446,0.14462873293389952,1.0114476901079628,2.1123463435420287,3.2343291413792947,4.159723128781211,4.703511838541411,4.744159178952201,4.242640687119286,3.2466666281505168,1.8798485668247782,0.31830284527630587,1.2406107387995131,2.6114500218291603,3.6496738649751825,4.271404981854568,4.460884994775327,4.265013094184866,3.776870060605658,3.112183637221823,2.3838990466120387,1.6801618612553335,1.0500942091036158,0.499955479986291,1,Yeast
6.0,5.726948142563746,4.955215071164866,3.8185952036595014,2.5133693193723468,1.2633254924189754,0.27999695678388214,0.2747385954570545,0.31702533556221446,0.14462873293389952,1.0114476901079628,2.1123463435420287,3.2343291413792947,4.159723128781211,4.703511838541411,4.744159178952201,4.242640687119286,3.2466666281505168,1.8798485668247782,0.31830284527630587,1.2406107387995131,2.6114500218291603,3.6496738649751825,4.271404981854568,4.460884994775327,4.265013094184866,3.776870060605658,3.112183637221823,2.3838990466120387,1.6801618612553335,1.0500942091036158,0.499955479986291,0,E_coli
0.0,0.09813534865483603,0.19603428065912118,0.29346094891072344,0.39018064403225655,0.4859603598065278,0.5805693545089247,0.6737797067844402,0.7653668647301797,0.8551101868605643,0.9427934736519953,1.0282054883864435,1.1111404660392044,1.1913986089848667,1.2687865683272912,1.3431179096940367,1.4142135623730951,1.4819022507099184,1.5460209067254738,1.6064150629612897,1.6629392246050905,1.7154572200005442,1.7638425286967099,1.8079785862468867,1.8477590650225735,1.8830881303660416,1.9138806714644176,1.940062506389088,1.9615705608064609,1.9783530199295618,1.9903694533443936,1.9975909124103448,1,Mammalian
0.0,0.09813534865483603,0.19603428065912118,0.29346094891072344,0.39018064403225655,0.4859603598065278,0.5805693545089247,0.6737797067844402,0.7653668647301797,0.8551101868605643,0.9427934736519953,1.0282054883864435,1.1111404660392044,1.1913986089848667,1.2687865683272912,1.3431179096940367,1.4142135623730951,1.4819022507099184,1.5460209067254738,1.6064150629612897,1.6629392246050905,1.7154572200005442,1.7638425286967099,1.8079785862468867,1.8477590650225735,1.8830881303660416,1.9138806714644176,1.940062506389088,1.9615705608064609,1.9783530199295618,1.9903694533443936,1.9975909124103448,0,E_coli
0.0,0.09813534865483603,0.19603428065912118,0.29346094891072344,0.39018064403225655,0.4859603598065278,0.5805693545089247,0.6737797067844402,0.7653668647301797,0.8551101868605643,0.9427934736519953,1.0282054883864435,1.1111404660392044,1.1913986089848667,1.2687865683272912,1.3431179096940367,1.4142135623730951,1.4819022507099184,1.5460209067254738,1.6064150629612897,1.6629392246050905,1.7154572200005442,1.7638425286967099,1.8079785862468867,1.8477590650225735,1.8830881303660416,1.9138806714644176,1.940062506389088,1.9615705608064609,1.9783530199295618,1.9903694533443936,1.9975909124103448,1,Yeast
1.0,1.0190335809940412,1.0734248622877274,1.156313441673541,1.2592801267497653,1.3743578624073116,1.4948689358167224,1.6154935332485065,1.7320508075688772,1.8412443194840429,1.940455324074785,2.027594748967161,2.1010029896154587,2.1593839919303583,2.201762717692934,2.227458318534033,2.23606797749979,2.227458318534033,2.2017627176929335,2.159383991930359,2.1010029896154583,2.0275947489671604,1.9404553240747853,1.841244319484043,1.7320508075688772,1.615493533248506,1.4948689358167222,1.3743578624073118,1.259280126749765,1.156313441673541,1.0734248622877274,1.0190335809940412,0,E_coli
1.0,1.0190335809940412,1.0734248622877274,1.156313441673541,1.2592801267497653,1.3743578624073116,1.4948689358167224,1.6154935332485065,1.7320508075688772,1.8412443194840429,1.940455324074785,2.027594748967161,2.1010029896154587,2.1593839919303583,2.201762717692934,2.227458318534033,2.23606797749979,2.227458318534033,2.2017627176929335,2.159383991930359,2.1010029896154583,2.0275947489671604,1.9404553240747853,1.841244319484043,1.7320508075688772,1.615493533248506,1.4948689358167222,1.3743578624073118,1.259280126749765,1.156313441673541,1.0734248622877274,1.0190335809940412,1,Yeast
1.0,1.0190335809940412,1.0734248622877274,1.156313441673541,1.2592801267497653,1.3743578624073116,1.4948689358167224,1.6154935332485065,1.7320508075688772,1.8412443194840429,1.940455324074785,2.027594748967161,2.1010029896154587,2.1593839919303583,2.201762717692934,2.227458318534033,2.23606797749979,2.227458318534033,2.2017627176929335,2.159383991930359,2.1010029896154583,2.0275947489671604,1.9404553240747853,1.841244319484043,1.7320508075688772,1.615493533248506,1.4948689358167222,1.3743578624073118,1.259280126749765,1.156313441673541,1.0734248622877274,1.0190335809940412,1,Mammalian
1.0,1.0,1.0,1.0,1.0,1.0,1.0,1.0,1.0,1.0,1.0,1.0,1.0,1.0,1.0,1.0,1.0,1.0,1.0,1.0,1.0,1.0,1.0,1.0,1.0,1.0,1.0,1.0,1.0,1.0,1.0,1.0,0,E_coli
1.0,1.0,1.0,1.0,1.0,1.0,1.0,1.0,1.0,1.0,1.0,1.0,1.0,1.0,1.0,1.0,1.0,1.0,1.0,1.0,1.0,1.0,1.0,1.0,1.0,1.0,1.0,1.0,1.0,1.0,1.0,1.0,1,Mammalian
1.0,1.0,1.0,1.0,1.0,1.0,1.0,1.0,1.0,1.0,1.0,1.0,1.0,1.0,1.0,1.0,1.0,1.0,1.0,1.0,1.0,1.0,1.0,1.0,1.0,1.0,1.0,1.0,1.0,1.0,1.0,1.0,1,Yeast
1.0,1.0190335809940412,1.0734248622877274,1.156313441673541,1.2592801267497653,1.3743578624073116,1.4948689358167224,1.6154935332485065,1.7320508075688772,1.8412443194840429,1.940455324074785,2.027594748967161,2.1010029896154587,2.1593839919303583,2.201762717692934,2.227458318534033,2.23606797749979,2.227458318534033,2.2017627176929335,2.159383991930359,2.1010029896154583,2.0275947489671604,1.9404553240747853,1.841244319484043,1.7320508075688772,1.615493533248506,1.4948689358167222,1.3743578624073118,1.259280126749765,1.156313441673541,1.0734248622877274,1.0190335809940412,0,E_coli
1.0,1.0190335809940412,1.0734248622877274,1.156313441673541,1.2592801267497653,1.3743578624073116,1.4948689358167224,1.6154935332485065,1.7320508075688772,1.8412443194840429,1.940455324074785,2.027594748967161,2.1010029896154587,2.1593839919303583,2.201762717692934,2.227458318534033,2.23606797749979,2.227458318534033,2.2017627176929335,2.159383991930359,2.1010029896154583,2.0275947489671604,1.9404553240747853,1.841244319484043,1.7320508075688772,1.615493533248506,1.4948689358167222,1.3743578624073118,1.259280126749765,1.156313441673541,1.0734248622877274,1.0190335809940412,1,Yeast
1.0,1.0190335809940412,1.0734248622877274,1.156313441673541,1.2592801267497653,1.3743578624073116,1.4948689358167224,1.6154935332485065,1.7320508075688772,1.8412443194840429,1.940455324074785,2.027594748967161,2.1010029896154587,2.1593839919303583,2.201762717692934,2.227458318534033,2.23606797749979,2.227458318534033,2.2017627176929335,2.159383991930359,2.1010029896154583,2.0275947489671604,1.9404553240747853,1.841244319484043,1.7320508075688772,1.615493533248506,1.4948689358167222,1.3743578624073118,1.259280126749765,1.156313441673541,1.0734248622877274,1.0190335809940412,1,Mammalian
6.0,5.916006438728995,5.668092653505521,5.268233856886368,4.735650251450756,4.095744463883446,3.37870152045083,2.6178326698417616,1.8477590650225735,1.1025403370685478,0.4138559026303573,0.19065671490117844,0.688811980233627,1.064955556233495,1.310653238390939,1.4249535782754927,1.4142135623730951,1.2915026416536965,1.0756253148783437,0.7898248700360108,0.4602494507349998,0.11427523716333716,0.22121058863489246,0.5214627434327659,0.7653668647301797,0.9366755067134579,1.0249179011278444,1.0259305804785328,0.9419794025981427,0.7814686717441959,0.5582583998021915,0.2906347595506404,1,Yeast
6.0,5.916006438728995,5.668092653505521,5.268233856886368,4.735650251450756,4.095744463883446,3.37870152045083,2.6178326698417616,1.8477590650225735,1.1025403370685478,0.4138559026303573,0.19065671490117844,0.688811980233627,1.064955556233495,1.310653238390939,1.4249535782754927,1.4142135623730951,1.2915026416536965,1.0756253148783437,0.7898248700360108,0.4602494507349998,0.11427523716333716,0.22121058863489246,0.5214627434327659,0.7653668647301797,0.9366755067134579,1.0249179011278444,1.0259305804785328,0.9419794025981427,0.7814686717441959,0.5582583998021915,0.2906347595506404,1,Mammalian
6.0,5.916006438728995,5.668092653505521,5.268233856886368,4.735650251450756,4.095744463883446,3.37870152045083,2.6178326698417616,1.8477590650225735,1.1025403370685478,0.4138559026303573,0.19065671490117844,0.688811980233627,1.064955556233495,1.310653238390939,1.4249535782754927,1.4142135623730951,1.2915026416536965,1.0756253148783437,0.7898248700360108,0.4602494507349998,0.11427523716333716,0.22121058863489246,0.5214627434327659,0.7653668647301797,0.9366755067134579,1.0249179011278444,1.0259305804785328,0.9419794025981427,0.7814686717441959,0.5582583998021915,0.2906347595506404,0,E_coli
1.0,1.0,1.0,1.0,1.0,1.0,1.0,1.0,1.0,1.0,1.0,1.0,1.0,1.0,1.0,1.0,1.0,1.0,1.0,1.0,1.0,1.0,1.0,1.0,1.0,1.0,1.0,1.0,1.0,1.0,1.0,1.0,1,Yeast
1.0,1.0,1.0,1.0,1.0,1.0,1.0,1.0,1.0,1.0,1.0,1.0,1.0,1.0,1.0,1.0,1.0,1.0,1.0,1.0,1.0,1.0,1.0,1.0,1.0,1.0,1.0,1.0,1.0,1.0,1.0,1.0,1,Mammalian
1.0,1.0,1.0,1.0,1.0,1.0,1.0,1.0,1.0,1.0,1.0,1.0,1.0,1.0,1.0,1.0,1.0,1.0,1.0,1.0,1.0,1.0,1.0,1.0,1.0,1.0,1.0,1.0,1.0,1.0,1.0,1.0,0,E_coli
1.0,0.9903694533443936,0.961570560806461,0.9138806714644179,0.8477590650225735,0.76384252869671,0.6629392246050906,0.546020906725474,0.41421356237309503,0.26878656832729086,0.11114046603920442,0.05720652634800475,0.2346331352698204,0.4194306454910752,0.6098193559677434,0.8039657193408789,1.0,1.196034280659121,1.3901806440322566,1.5805693545089246,1.76536686473018,1.9427934736519952,2.1111404660392044,2.2687865683272905,2.414213562373095,2.5460209067254738,2.6629392246050902,2.76384252869671,2.8477590650225735,2.913880671464418,2.9615705608064613,2.990369453344394,0,E_coli
1.0,0.9903694533443936,0.961570560806461,0.9138806714644179,0.8477590650225735,0.76384252869671,0.6629392246050906,0.546020906725474,0.41421356237309503,0.26878656832729086,0.11114046603920442,0.05720652634800475,0.2346331352698204,0.4194306454910752,0.6098193559677434,0.8039657193408789,1.0,1.196034280659121,1.3901806440322566,1.5805693545089246,1.76536686473018,1.9427934736519952,2.1111404660392044,2.2687865683272905,2.414213562373095,2.5460209067254738,2.6629392246050902,2.76384252869671,2.8477590650225735,2.913880671464418,2.9615705608064613,2.990369453344394,2,Yeast
1.0,0.9903694533443936,0.961570560806461,0.9138806714644179,0.8477590650225735,0.76384252869671,0.6629392246050906,0.546020906725474,0.41421356237309503,0.26878656832729086,0.11114046603920442,0.05720652634800475,0.2346331352698204,0.4194306454910752,0.6098193559677434,0.8039657193408789,1.0,1.196034280659121,1.3901806440322566,1.5805693545089246,1.76536686473018,1.9427934736519952,2.1111404660392044,2.2687865683272905,2.414213562373095,2.5460209067254738,2.6629392246050902,2.76384252869671,2.8477590650225735,2.913880671464418,2.9615705608064613,2.990369453344394,1,Mammalian
1.0,1.0,1.0,1.0,1.0,1.0,1.0,1.0,1.0,1.0,1.0,1.0,1.0,1.0,1.0,1.0,1.0,1.0,1.0,1.0,1.0,1.0,1.0,1.0,1.0,1.0,1.0,1.0,1.0,1.0,1.0,1.0,1,Mammalian
1.0,1.0,1.0,1.0,1.0,1.0,1.0,1.0,1.0,1.0,1.0,1.0,1.0,1.0,1.0,1.0,1.0,1.0,1.0,1.0,1.0,1.0,1.0,1.0,1.0,1.0,1.0,1.0,1.0,1.0,1.0,1.0,0,E_coli
1.0,1.0,1.0,1.0,1.0,1.0,1.0,1.0,1.0,1.0,1.0,1.0,1.0,1.0,1.0,1.0,1.0,1.0,1.0,1.0,1.0,1.0,1.0,1.0,1.0,1.0,1.0,1.0,1.0,1.0,1.0,1.0,2,Yeast
1.0,1.0,1.0,1.0,1.0,1.0,1.0,1.0,1.0,1.0,1.0,1.0,1.0,1.0,1.0,1.0,1.0,1.0,1.0,1.0,1.0,1.0,1.0,1.0,1.0,1.0,1.0,1.0,1.0,1.0,1.0,1.0,0,E_coli
1.0,1.0,1.0,1.0,1.0,1.0,1.0,1.0,1.0,1.0,1.0,1.0,1.0,1.0,1.0,1.0,1.0,1.0,1.0,1.0,1.0,1.0,1.0,1.0,1.0,1.0,1.0,1.0,1.0,1.0,1.0,1.0,1,Mammalian
1.0,1.0,1.0,1.0,1.0,1.0,1.0,1.0,1.0,1.0,1.0,1.0,1.0,1.0,1.0,1.0,1.0,1.0,1.0,1.0,1.0,1.0,1.0,1.0,1.0,1.0,1.0,1.0,1.0,1.0,1.0,1.0,2,Yeast
2.0,1.9975909124103448,1.9903694533443936,1.9783530199295618,1.9615705608064609,1.940062506389088,1.9138806714644176,1.8830881303660416,1.8477590650225735,1.8079785862468867,1.7638425286967099,1.7154572200005442,1.6629392246050905,1.6064150629612897,1.5460209067254738,1.4819022507099184,1.4142135623730951,1.3431179096940367,1.2687865683272912,1.1913986089848667,1.1111404660392044,1.0282054883864435,0.9427934736519953,0.8551101868605643,0.7653668647301797,0.6737797067844402,0.5805693545089247,0.4859603598065278,0.39018064403225655,0.29346094891072344,0.19603428065912118,0.09813534865483603,1,Mammalian
2.0,1.9975909124103448,1.9903694533443936,1.9783530199295618,1.9615705608064609,1.940062506389088,1.9138806714644176,1.8830881303660416,1.8477590650225735,1.8079785862468867,1.7638425286967099,1.7154572200005442,1.6629392246050905,1.6064150629612897,1.5460209067254738,1.4819022507099184,1.4142135623730951,1.3431179096940367,1.2687865683272912,1.1913986089848667,1.1111404660392044,1.0282054883864435,0.9427934736519953,0.8551101868605643,0.7653668647301797,0.6737797067844402,0.5805693545089247,0.4859603598065278,0.39018064403225655,0.29346094891072344,0.19603428065912118,0.09813534865483603,2,Yeast
2.0,1.9975909124103448,1.9903694533443936,1.9783530199295618,1.9615705608064609,1.940062506389088,1.9138806714644176,1.8830881303660416,1.8477590650225735,1.8079785862468867,1.7638425286967099,1.7154572200005442,1.6629392246050905,1.6064150629612897,1.5460209067254738,1.4819022507099184,1.4142135623730951,1.3431179096940367,1.2687865683272912,1.1913986089848667,1.1111404660392044,1.0282054883864435,0.9427934736519953,0.8551101868605643,0.7653668647301797,0.6737797067844402,0.5805693545089247,0.4859603598065278,0.39018064403225655,0.29346094891072344,0.19603428065912118,0.09813534865483603,0,E_coli
4.0,3.9759439323399066,3.904250124808811,3.7863316061764487,3.6245097854115516,3.4219647570990066,3.1826672397917086,2.9112936187524854,2.613125929752753,2.2939389460534145,1.9598768093558312,1.6173218713457083,1.2727585805728339,0.9326353561768497,0.6032274330734786,0.29050364172505155,0.0,0.26329715326725295,0.495055960369419,0.6916895213811751,0.8504300947672563,0.9693854240239012,1.0475759796923985,1.0849523195285238,1.082392200292394,1.041677513216104,0.9654515522165492,0.857157549887509,0.720959822006948,0.5616492379498408,0.3845350738498034,0.19532560025588747,0,E_coli
4.0,3.9759439323399066,3.904250124808811,3.7863316061764487,3.6245097854115516,3.4219647570990066,3.1826672397917086,2.9112936187524854,2.613125929752753,2.2939389460534145,1.9598768093558312,1.6173218713457083,1.2727585805728339,0.9326353561768497,0.6032274330734786,0.29050364172505155,0.0,0.26329715326725295,0.495055960369419,0.6916895213811751,0.8504300947672563,0.9693854240239012,1.0475759796923985,1.0849523195285238,1.082392200292394,1.041677513216104,0.9654515522165492,0.857157549887509,0.720959822006948,0.5616492379498408,0.3845350738498034,0.19532560025588747,1,Mammalian
4.0,3.9759439323399066,3.904250124808811,3.7863316061764487,3.6245097854115516,3.4219647570990066,3.1826672397917086,2.9112936187524854,2.613125929752753,2.2939389460534145,1.9598768093558312,1.6173218713457083,1.2727585805728339,0.9326353561768497,0.6032274330734786,0.29050364172505155,0.0,0.26329715326725295,0.495055960369419,0.6916895213811751,0.8504300947672563,0.9693854240239012,1.0475759796923985,1.0849523195285238,1.082392200292394,1.041677513216104,0.9654515522165492,0.857157549887509,0.720959822006948,0.5616492379498408,0.3845350738498034,0.19532560025588747,2,Yeast
6.0,5.850679924949102,5.395365268894269,4.621381417088027,3.532960477580665,2.1733121788256455,0.6353887731834057,0.9431919595199956,2.3994497937820487,3.573232959346192,4.337443591249044,4.623554263200109,4.437018915249385,3.85945349240393,3.037219881398874,2.158164453847887,1.4142135623730951,0.9188509392176986,0.568147580320816,0.11655221010246176,0.5593417074733182,1.4228374307394094,2.348648950759174,3.1805417001306306,3.773942326946622,4.028219164776048,3.907264043514709,3.4460112876047138,2.741931848870974,1.9323219504225484,1.1586791334189535,0.5172847933621966,0,E_coli
6.0,5.850679924949102,5.395365268894269,4.621381417088027,3.532960477580665,2.1733121788256455,0.6353887731834057,0.9431919595199956,2.3994497937820487,3.573232959346192,4.337443591249044,4.623554263200109,4.437018915249385,3.85945349240393,3.037219881398874,2.158164453847887,1.4142135623730951,0.9188509392176986,0.568147580320816,0.11655221010246176,0.5593417074733182,1.4228374307394094,2.348648950759174,3.1805417001306306,3.773942326946622,4.028219164776048,3.907264043514709,3.4460112876047138,2.741931848870974,1.9323219504225484,1.1586791334189535,0.5172847933621966,1,Mammalian
6.0,5.850679924949102,5.395365268894269,4.621381417088027,3.532960477580665,2.1733121788256455,0.6353887731834057,0.9431919595199956,2.3994497937820487,3.573232959346192,4.337443591249044,4.623554263200109,4.437018915249385,3.85945349240393,3.037219881398874,2.158164453847887,1.4142135623730951,0.9188509392176986,0.568147580320816,0.11655221010246176,0.5593417074733182,1.4228374307394094,2.348648950759174,3.1805417001306306,3.773942326946622,4.028219164776048,3.907264043514709,3.4460112876047138,2.741931848870974,1.9323219504225484,1.1586791334189535,0.5172847933621966,2,Yeast
6.0,5.850679924949102,5.395365268894269,4.621381417088027,3.532960477580665,2.1733121788256455,0.6353887731834057,0.9431919595199956,2.3994497937820487,3.573232959346192,4.337443591249044,4.623554263200109,4.437018915249385,3.85945349240393,3.037219881398874,2.158164453847887,1.4142135623730951,0.9188509392176986,0.568147580320816,0.11655221010246176,0.5593417074733182,1.4228374307394094,2.348648950759174,3.1805417001306306,3.773942326946622,4.028219164776048,3.907264043514709,3.4460112876047138,2.741931848870974,1.9323219504225484,1.1586791334189535,0.5172847933621966,0,E_coli
6.0,5.850679924949102,5.395365268894269,4.621381417088027,3.532960477580665,2.1733121788256455,0.6353887731834057,0.9431919595199956,2.3994497937820487,3.573232959346192,4.337443591249044,4.623554263200109,4.437018915249385,3.85945349240393,3.037219881398874,2.158164453847887,1.4142135623730951,0.9188509392176986,0.568147580320816,0.11655221010246176,0.5593417074733182,1.4228374307394094,2.348648950759174,3.1805417001306306,3.773942326946622,4.028219164776048,3.907264043514709,3.4460112876047138,2.741931848870974,1.9323219504225484,1.1586791334189535,0.5172847933621966,2,Yeast
6.0,5.850679924949102,5.395365268894269,4.621381417088027,3.532960477580665,2.1733121788256455,0.6353887731834057,0.9431919595199956,2.3994497937820487,3.573232959346192,4.337443591249044,4.623554263200109,4.437018915249385,3.85945349240393,3.037219881398874,2.158164453847887,1.4142135623730951,0.9188509392176986,0.568147580320816,0.11655221010246176,0.5593417074733182,1.4228374307394094,2.348648950759174,3.1805417001306306,3.773942326946622,4.028219164776048,3.907264043514709,3.4460112876047138,2.741931848870974,1.9323219504225484,1.1586791334189535,0.5172847933621966,1,Mammalian
5.0,4.908580681779271,4.625477540524393,4.130888218439399,3.410872420822044,2.47830951121267,1.4081869347919858,0.6734884395375028,1.4736257582079009,2.583463356277801,3.5286232649755536,4.178517681310362,4.463381004300513,4.362274449060474,3.902973971102705,3.157891412503627,2.23606797749979,1.2828847420215521,0.6074285522886348,0.8855536822434966,1.4416067461167579,1.88110169097713,2.210243228631606,2.4987379766578957,2.7979326519318133,3.0952461005555127,3.3202105402143056,3.3844962952238746,3.219619438516852,2.800078667128977,2.158619120260939,1.4219515697046092,2,Yeast
5.0,4.908580681779271,4.625477540524393,4.130888218439399,3.410872420822044,2.47830951121267,1.4081869347919858,0.6734884395375028,1.4736257582079009,2.583463356277801,3.5286232649755536,4.178517681310362,4.463381004300513,4.362274449060474,3.902973971102705,3.157891412503627,2.23606797749979,1.2828847420215521,0.6074285522886348,0.8855536822434966,1.4416067461167579,1.88110169097713,2.210243228631606,2.4987379766578957,2.7979326519318133,3.0952461005555127,3.3202105402143056,3.3844962952238746,3.219619438516852,2.800078667128977,2.158619120260939,1.4219515697046092,1,Mammalian
5.0,4.908580681779271,4.625477540524393,4.130888218439399,3.410872420822044,2.47830951121267,1.4081869347919858,0.6734884395375028,1.4736257582079009,2.583463356277801,3.5286232649755536,4.178517681310362,4.463381004300513,4.362274449060474,3.902973971102705,3.157891412503627,2.23606797749979,1.2828847420215521,0.6074285522886348,0.8855536822434966,1.4416067461167579,1.88110169097713,2.210243228631606,2.4987379766578957,2.7979326519318133,3.0952461005555127,3.3202105402143056,3.3844962952238746,3.219619438516852,2.800078667128977,2.158619120260939,1.4219515697046092,0,E_coli
5.0,4.908580681779271,4.625477540524393,4.130888218439399,3.410872420822044,2.47830951121267,1.4081869347919858,0.6734884395375028,1.4736257582079009,2.583463356277801,3.5286232649755536,4.178517681310362,4.463381004300513,4.362274449060474,3.902973971102705,3.157891412503627,2.23606797749979,1.2828847420215521,0.6074285522886348,0.8855536822434966,1.4416067461167579,1.88110169097713,2.210243228631606,2.4987379766578957,2.7979326519318133,3.0952461005555127,3.3202105402143056,3.3844962952238746,3.219619438516852,2.800078667128977,2.158619120260939,1.4219515697046092,1,Mammalian
5.0,4.908580681779271,4.625477540524393,4.130888218439399,3.410872420822044,2.47830951121267,1.4081869347919858,0.6734884395375028,1.4736257582079009,2.583463356277801,3.5286232649755536,4.178517681310362,4.463381004300513,4.362274449060474,3.902973971102705,3.157891412503627,2.23606797749979,1.2828847420215521,0.6074285522886348,0.8855536822434966,1.4416067461167579,1.88110169097713,2.210243228631606,2.4987379766578957,2.7979326519318133,3.0952461005555127,3.3202105402143056,3.3844962952238746,3.219619438516852,2.800078667128977,2.158619120260939,1.4219515697046092,2,Yeast
5.0,4.908580681779271,4.625477540524393,4.130888218439399,3.410872420822044,2.47830951121267,1.4081869347919858,0.6734884395375028,1.4736257582079009,2.583463356277801,3.5286232649755536,4.178517681310362,4.463381004300513,4.362274449060474,3.902973971102705,3.157891412503627,2.23606797749979,1.2828847420215521,0.6074285522886348,0.8855536822434966,1.4416067461167579,1.88110169097713,2.210243228631606,2.4987379766578957,2.7979326519318133,3.0952461005555127,3.3202105402143056,3.3844962952238746,3.219619438516852,2.800078667128977,2.158619120260939,1.4219515697046092,0,E_coli
5.0,4.908580681779271,4.625477540524393,4.130888218439399,3.410872420822044,2.47830951121267,1.4081869347919858,0.6734884395375028,1.4736257582079009,2.583463356277801,3.5286232649755536,4.178517681310362,4.463381004300513,4.362274449060474,3.902973971102705,3.157891412503627,2.23606797749979,1.2828847420215521,0.6074285522886348,0.8855536822434966,1.4416067461167579,1.88110169097713,2.210243228631606,2.4987379766578957,2.7979326519318133,3.0952461005555127,3.3202105402143056,3.3844962952238746,3.219619438516852,2.800078667128977,2.158619120260939,1.4219515697046092,0,E_coli
5.0,4.908580681779271,4.625477540524393,4.130888218439399,3.410872420822044,2.47830951121267,1.4081869347919858,0.6734884395375028,1.4736257582079009,2.583463356277801,3.5286232649755536,4.178517681310362,4.463381004300513,4.362274449060474,3.902973971102705,3.157891412503627,2.23606797749979,1.2828847420215521,0.6074285522886348,0.8855536822434966,1.4416067461167579,1.88110169097713,2.210243228631606,2.4987379766578957,2.7979326519318133,3.0952461005555127,3.3202105402143056,3.3844962952238746,3.219619438516852,2.800078667128977,2.158619120260939,1.4219515697046092,1,Mammalian
5.0,4.908580681779271,4.625477540524393,4.130888218439399,3.410872420822044,2.47830951121267,1.4081869347919858,0.6734884395375028,1.4736257582079009,2.583463356277801,3.5286232649755536,4.178517681310362,4.463381004300513,4.362274449060474,3.902973971102705,3.157891412503627,2.23606797749979,1.2828847420215521,0.6074285522886348,0.8855536822434966,1.4416067461167579,1.88110169097713,2.210243228631606,2.4987379766578957,2.7979326519318133,3.0952461005555127,3.3202105402143056,3.3844962952238746,3.219619438516852,2.800078667128977,2.158619120260939,1.4219515697046092,2,Yeast
5.0,4.908580681779271,4.625477540524393,4.130888218439399,3.410872420822044,2.47830951121267,1.4081869347919858,0.6734884395375028,1.4736257582079009,2.583463356277801,3.5286232649755536,4.178517681310362,4.463381004300513,4.362274449060474,3.902973971102705,3.157891412503627,2.23606797749979,1.2828847420215521,0.6074285522886348,0.8855536822434966,1.4416067461167579,1.88110169097713,2.210243228631606,2.4987379766578957,2.7979326519318133,3.0952461005555127,3.3202105402143056,3.3844962952238746,3.219619438516852,2.800078667128977,2.158619120260939,1.4219515697046092,1,Mammalian
5.0,4.908580681779271,4.625477540524393,4.130888218439399,3.410872420822044,2.47830951121267,1.4081869347919858,0.6734884395375028,1.4736257582079009,2.583463356277801,3.5286232649755536,4.178517681310362,4.463381004300513,4.362274449060474,3.902973971102705,3.157891412503627,2.23606797749979,1.2828847420215521,0.6074285522886348,0.8855536822434966,1.4416067461167579,1.88110169097713,2.210243228631606,2.4987379766578957,2.7979326519318133,3.0952461005555127,3.3202105402143056,3.3844962952238746,3.219619438516852,2.800078667128977,2.158619120260939,1.4219515697046092,0,E_coli
5.0,4.908580681779271,4.625477540524393,4.130888218439399,3.410872420822044,2.47830951121267,1.4081869347919858,0.6734884395375028,1.4736257582079009,2.583463356277801,3.5286232649755536,4.178517681310362,4.463381004300513,4.362274449060474,3.902973971102705,3.157891412503627,2.23606797749979,1.2828847420215521,0.6074285522886348,0.8855536822434966,1.4416067461167579,1.88110169097713,2.210243228631606,2.4987379766578957,2.7979326519318133,3.0952461005555127,3.3202105402143056,3.3844962952238746,3.219619438516852,2.800078667128977,2.158619120260939,1.4219515697046092,2,Yeast
4.0,3.870940015641965,3.4837803022197087,2.852374875375991,2.05515996232842,1.412091523989216,1.6604603961123297,2.5939821432068295,3.547645196130372,4.2232271285730745,4.46882784637876,4.221134588833601,3.5023575690031374,2.417773081543647,1.1573893026138782,0.4918085312805928,1.4142135623730951,2.1262186776631156,2.369084104166056,2.107403371170753,1.4410542006996319,0.8938279351846673,1.6201742097692589,2.8274840944637845,3.9260939319345245,4.714129344528363,5.095212751333901,5.050943164494662,4.629597366805738,3.9311890071355555,3.097976245303354,2.3390317181340925,2,Yeast
4.0,3.870940015641965,3.4837803022197087,2.852374875375991,2.05515996232842,1.412091523989216,1.6604603961123297,2.5939821432068295,3.547645196130372,4.2232271285730745,4.46882784637876,4.221134588833601,3.5023575690031374,2.417773081543647,1.1573893026138782,0.4918085312805928,1.4142135623730951,2.1262186776631156,2.369084104166056,2.107403371170753,1.4410542006996319,0.8938279351846673,1.6201742097692589,2.8274840944637845,3.9260939319345245,4.714129344528363,5.095212751333901,5.050943164494662,4.629597366805738,3.9311890071355555,3.097976245303354,2.3390317181340925,1,Mammalian
4.0,3.870940015641965,3.4837803022197087,2.852374875375991,2.05515996232842,1.412091523989216,1.6604603961123297,2.5939821432068295,3.547645196130372,4.2232271285730745,4.46882784637876,4.221134588833601,3.5023575690031374,2.417773081543647,1.1573893026138782,0.4918085312805928,1.4142135623730951,2.1262186776631156,2.369084104166056,2.107403371170753,1.4410542006996319,0.8938279351846673,1.6201742097692589,2.8274840944637845,3.9260939319345245,4.714129344528363,5.095212751333901,5.050943164494662,4.629597366805738,3.9311890071355555,3.097976245303354,2.3390317181340925,0,E_coli
5.0,4.908580681779271,4.625477540524393,4.130888218439399,3.410872420822044,2.47830951121267,1.4081869347919858,0.6734884395375028,1.4736257582079009,2.583463356277801,3.5286232649755536,4.178517681310362,4.463381004300513,4.362274449060474,3.902973971102705,3.157891412503627,2.23606797749979,1.2828847420215521,0.6074285522886348,0.8855536822434966,1.4416067461167579,1.88110169097713,2.210243228631606,2.4987379766578957,2.7979326519318133,3.0952461005555127,3.3202105402143056,3.3844962952238746,3.219619438516852,2.800078667128977,2.158619120260939,1.4219515697046092,2,Yeast
5.0,4.908580681779271,4.625477540524393,4.130888218439399,3.410872420822044,2.47830951121267,1.4081869347919858,0.6734884395375028,1.4736257582079009,2.583463356277801,3.5286232649755536,4.178517681310362,4.463381004300513,4.362274449060474,3.902973971102705,3.157891412503627,2.23606797749979,1.2828847420215521,0.6074285522886348,0.8855536822434966,1.4416067461167579,1.88110169097713,2.210243228631606,2.4987379766578957,2.7979326519318133,3.0952461005555127,3.3202105402143056,3.3844962952238746,3.219619438516852,2.800078667128977,2.158619120260939,1.4219515697046092,1,Mammalian
5.0,4.908580681779271,4.625477540524393,4.130888218439399,3.410872420822044,2.47830951121267,1.4081869347919858,0.6734884395375028,1.4736257582079009,2.583463356277801,3.5286232649755536,4.178517681310362,4.463381004300513,4.362274449060474,3.902973971102705,3.157891412503627,2.23606797749979,1.2828847420215521,0.6074285522886348,0.8855536822434966,1.4416067461167579,1.88110169097713,2.210243228631606,2.4987379766578957,2.7979326519318133,3.0952461005555127,3.3202105402143056,3.3844962952238746,3.219619438516852,2.800078667128977,2.158619120260939,1.4219515697046092,0,E_coli
5.0,4.908580681779271,4.625477540524393,4.130888218439399,3.410872420822044,2.47830951121267,1.4081869347919858,0.6734884395375028,1.4736257582079009,2.583463356277801,3.5286232649755536,4.178517681310362,4.463381004300513,4.362274449060474,3.902973971102705,3.157891412503627,2.23606797749979,1.2828847420215521,0.6074285522886348,0.8855536822434966,1.4416067461167579,1.88110169097713,2.210243228631606,2.4987379766578957,2.7979326519318133,3.0952461005555127,3.3202105402143056,3.3844962952238746,3.219619438516852,2.800078667128977,2.158619120260939,1.4219515697046092,2,Yeast
5.0,4.908580681779271,4.625477540524393,4.130888218439399,3.410872420822044,2.47830951121267,1.4081869347919858,0.6734884395375028,1.4736257582079009,2.583463356277801,3.5286232649755536,4.178517681310362,4.463381004300513,4.362274449060474,3.902973971102705,3.157891412503627,2.23606797749979,1.2828847420215521,0.6074285522886348,0.8855536822434966,1.4416067461167579,1.88110169097713,2.210243228631606,2.4987379766578957,2.7979326519318133,3.0952461005555127,3.3202105402143056,3.3844962952238746,3.219619438516852,2.800078667128977,2.158619120260939,1.4219515697046092,0,E_coli
5.0,4.908580681779271,4.625477540524393,4.130888218439399,3.410872420822044,2.47830951121267,1.4081869347919858,0.6734884395375028,1.4736257582079009,2.583463356277801,3.5286232649755536,4.178517681310362,4.463381004300513,4.362274449060474,3.902973971102705,3.157891412503627,2.23606797749979,1.2828847420215521,0.6074285522886348,0.8855536822434966,1.4416067461167579,1.88110169097713,2.210243228631606,2.4987379766578957,2.7979326519318133,3.0952461005555127,3.3202105402143056,3.3844962952238746,3.219619438516852,2.800078667128977,2.158619120260939,1.4219515697046092,1,Mammalian
5.0,4.908580681779271,4.625477540524393,4.130888218439399,3.410872420822044,2.47830951121267,1.4081869347919858,0.6734884395375028,1.4736257582079009,2.583463356277801,3.5286232649755536,4.178517681310362,4.463381004300513,4.362274449060474,3.902973971102705,3.157891412503627,2.23606797749979,1.2828847420215521,0.6074285522886348,0.8855536822434966,1.4416067461167579,1.88110169097713,2.210243228631606,2.4987379766578957,2.7979326519318133,3.0952461005555127,3.3202105402143056,3.3844962952238746,3.219619438516852,2.800078667128977,2.158619120260939,1.4219515697046092,1,Mammalian
5.0,4.908580681779271,4.625477540524393,4.130888218439399,3.410872420822044,2.47830951121267,1.4081869347919858,0.6734884395375028,1.4736257582079009,2.583463356277801,3.5286232649755536,4.178517681310362,4.463381004300513,4.362274449060474,3.902973971102705,3.157891412503627,2.23606797749979,1.2828847420215521,0.6074285522886348,0.8855536822434966,1.4416067461167579,1.88110169097713,2.210243228631606,2.4987379766578957,2.7979326519318133,3.0952461005555127,3.3202105402143056,3.3844962952238746,3.219619438516852,2.800078667128977,2.158619120260939,1.4219515697046092,0,E_coli
5.0,4.908580681779271,4.625477540524393,4.130888218439399,3.410872420822044,2.47830951121267,1.4081869347919858,0.6734884395375028,1.4736257582079009,2.583463356277801,3.5286232649755536,4.178517681310362,4.463381004300513,4.362274449060474,3.902973971102705,3.157891412503627,2.23606797749979,1.2828847420215521,0.6074285522886348,0.8855536822434966,1.4416067461167579,1.88110169097713,2.210243228631606,2.4987379766578957,2.7979326519318133,3.0952461005555127,3.3202105402143056,3.3844962952238746,3.219619438516852,2.800078667128977,2.158619120260939,1.4219515697046092,2,Yeast
5.0,4.908580681779271,4.625477540524393,4.130888218439399,3.410872420822044,2.47830951121267,1.4081869347919858,0.6734884395375028,1.4736257582079009,2.583463356277801,3.5286232649755536,4.178517681310362,4.463381004300513,4.362274449060474,3.902973971102705,3.157891412503627,2.23606797749979,1.2828847420215521,0.6074285522886348,0.8855536822434966,1.4416067461167579,1.88110169097713,2.210243228631606,2.4987379766578957,2.7979326519318133,3.0952461005555127,3.3202105402143056,3.3844962952238746,3.219619438516852,2.800078667128977,2.158619120260939,1.4219515697046092,2,Yeast
5.0,4.908580681779271,4.625477540524393,4.130888218439399,3.410872420822044,2.47830951121267,1.4081869347919858,0.6734884395375028,1.4736257582079009,2.583463356277801,3.5286232649755536,4.178517681310362,4.463381004300513,4.362274449060474,3.902973971102705,3.157891412503627,2.23606797749979,1.2828847420215521,0.6074285522886348,0.8855536822434966,1.4416067461167579,1.88110169097713,2.210243228631606,2.4987379766578957,2.7979326519318133,3.0952461005555127,3.3202105402143056,3.3844962952238746,3.219619438516852,2.800078667128977,2.158619120260939,1.4219515697046092,1,Mammalian
5.0,4.908580681779271,4.625477540524393,4.130888218439399,3.410872420822044,2.47830951121267,1.4081869347919858,0.6734884395375028,1.4736257582079009,2.583463356277801,3.5286232649755536,4.178517681310362,4.463381004300513,4.362274449060474,3.902973971102705,3.157891412503627,2.23606797749979,1.2828847420215521,0.6074285522886348,0.8855536822434966,1.4416067461167579,1.88110169097713,2.210243228631606,2.4987379766578957,2.7979326519318133,3.0952461005555127,3.3202105402143056,3.3844962952238746,3.219619438516852,2.800078667128977,2.158619120260939,1.4219515697046092,0,E_coli
5.0,4.908580681779271,4.625477540524393,4.130888218439399,3.410872420822044,2.47830951121267,1.4081869347919858,0.6734884395375028,1.4736257582079009,2.583463356277801,3.5286232649755536,4.178517681310362,4.463381004300513,4.362274449060474,3.902973971102705,3.157891412503627,2.23606797749979,1.2828847420215521,0.6074285522886348,0.8855536822434966,1.4416067461167579,1.88110169097713,2.210243228631606,2.4987379766578957,2.7979326519318133,3.0952461005555127,3.3202105402143056,3.3844962952238746,3.219619438516852,2.800078667128977,2.158619120260939,1.4219515697046092,0,E_coli
5.0,4.908580681779271,4.625477540524393,4.130888218439399,3.410872420822044,2.47830951121267,1.4081869347919858,0.6734884395375028,1.4736257582079009,2.583463356277801,3.5286232649755536,4.178517681310362,4.463381004300513,4.362274449060474,3.902973971102705,3.157891412503627,2.23606797749979,1.2828847420215521,0.6074285522886348,0.8855536822434966,1.4416067461167579,1.88110169097713,2.210243228631606,2.4987379766578957,2.7979326519318133,3.0952461005555127,3.3202105402143056,3.3844962952238746,3.219619438516852,2.800078667128977,2.158619120260939,1.4219515697046092,2,Yeast
5.0,4.908580681779271,4.625477540524393,4.130888218439399,3.410872420822044,2.47830951121267,1.4081869347919858,0.6734884395375028,1.4736257582079009,2.583463356277801,3.5286232649755536,4.178517681310362,4.463381004300513,4.362274449060474,3.902973971102705,3.157891412503627,2.23606797749979,1.2828847420215521,0.6074285522886348,0.8855536822434966,1.4416067461167579,1.88110169097713,2.210243228631606,2.4987379766578957,2.7979326519318133,3.0952461005555127,3.3202105402143056,3.3844962952238746,3.219619438516852,2.800078667128977,2.158619120260939,1.4219515697046092,1,Mammalian
4.0,3.870940015641965,3.4837803022197087,2.852374875375991,2.05515996232842,1.412091523989216,1.6604603961123297,2.5939821432068295,3.547645196130372,4.2232271285730745,4.46882784637876,4.221134588833601,3.5023575690031374,2.417773081543647,1.1573893026138782,0.4918085312805928,1.4142135623730951,2.1262186776631156,2.369084104166056,2.107403371170753,1.4410542006996319,0.8938279351846673,1.6201742097692589,2.8274840944637845,3.9260939319345245,4.714129344528363,5.095212751333901,5.050943164494662,4.629597366805738,3.9311890071355555,3.097976245303354,2.3390317181340925,0,E_coli
4.0,3.870940015641965,3.4837803022197087,2.852374875375991,2.05515996232842,1.412091523989216,1.6604603961123297,2.5939821432068295,3.547645196130372,4.2232271285730745,4.46882784637876,4.221134588833601,3.5023575690031374,2.417773081543647,1.1573893026138782,0.4918085312805928,1.4142135623730951,2.1262186776631156,2.369084104166056,2.107403371170753,1.4410542006996319,0.8938279351846673,1.6201742097692589,2.8274840944637845,3.9260939319345245,4.714129344528363,5.095212751333901,5.050943164494662,4.629597366805738,3.9311890071355555,3.097976245303354,2.3390317181340925,1,Mammalian
4.0,3.870940015641965,3.4837803022197087,2.852374875375991,2.05515996232842,1.412091523989216,1.6604603961123297,2.5939821432068295,3.547645196130372,4.2232271285730745,4.46882784637876,4.221134588833601,3.5023575690031374,2.417773081543647,1.1573893026138782,0.4918085312805928,1.4142135623730951,2.1262186776631156,2.369084104166056,2.107403371170753,1.4410542006996319,0.8938279351846673,1.6201742097692589,2.8274840944637845,3.9260939319345245,4.714129344528363,5.095212751333901,5.050943164494662,4.629597366805738,3.9311890071355555,3.097976245303354,2.3390317181340925,2,Yeast
5.0,4.908580681779271,4.625477540524393,4.130888218439399,3.410872420822044,2.47830951121267,1.4081869347919858,0.6734884395375028,1.4736257582079009,2.583463356277801,3.5286232649755536,4.178517681310362,4.463381004300513,4.362274449060474,3.902973971102705,3.157891412503627,2.23606797749979,1.2828847420215521,0.6074285522886348,0.8855536822434966,1.4416067461167579,1.88110169097713,2.210243228631606,2.4987379766578957,2.7979326519318133,3.0952461005555127,3.3202105402143056,3.3844962952238746,3.219619438516852,2.800078667128977,2.158619120260939,1.4219515697046092,1,Mammalian
5.0,4.908580681779271,4.625477540524393,4.130888218439399,3.410872420822044,2.47830951121267,1.4081869347919858,0.6734884395375028,1.4736257582079009,2.583463356277801,3.5286232649755536,4.178517681310362,4.463381004300513,4.362274449060474,3.902973971102705,3.157891412503627,2.23606797749979,1.2828847420215521,0.6074285522886348,0.8855536822434966,1.4416067461167579,1.88110169097713,2.210243228631606,2.4987379766578957,2.7979326519318133,3.0952461005555127,3.3202105402143056,3.3844962952238746,3.219619438516852,2.800078667128977,2.158619120260939,1.4219515697046092,1,Mammalian
5.0,4.908580681779271,4.625477540524393,4.130888218439399,3.410872420822044,2.47830951121267,1.4081869347919858,0.6734884395375028,1.4736257582079009,2.583463356277801,3.5286232649755536,4.178517681310362,4.463381004300513,4.362274449060474,3.902973971102705,3.157891412503627,2.23606797749979,1.2828847420215521,0.6074285522886348,0.8855536822434966,1.4416067461167579,1.88110169097713,2.210243228631606,2.4987379766578957,2.7979326519318133,3.0952461005555127,3.3202105402143056,3.3844962952238746,3.219619438516852,2.800078667128977,2.158619120260939,1.4219515697046092,0,E_coli
5.0,4.908580681779271,4.625477540524393,4.130888218439399,3.410872420822044,2.47830951121267,1.4081869347919858,0.6734884395375028,1.4736257582079009,2.583463356277801,3.5286232649755536,4.178517681310362,4.463381004300513,4.362274449060474,3.902973971102705,3.157891412503627,2.23606797749979,1.2828847420215521,0.6074285522886348,0.8855536822434966,1.4416067461167579,1.88110169097713,2.210243228631606,2.4987379766578957,2.7979326519318133,3.0952461005555127,3.3202105402143056,3.3844962952238746,3.219619438516852,2.800078667128977,2.158619120260939,1.4219515697046092,2,Yeast
5.0,4.908580681779271,4.625477540524393,4.130888218439399,3.410872420822044,2.47830951121267,1.4081869347919858,0.6734884395375028,1.4736257582079009,2.583463356277801,3.5286232649755536,4.178517681310362,4.463381004300513,4.362274449060474,3.902973971102705,3.157891412503627,2.23606797749979,1.2828847420215521,0.6074285522886348,0.8855536822434966,1.4416067461167579,1.88110169097713,2.210243228631606,2.4987379766578957,2.7979326519318133,3.0952461005555127,3.3202105402143056,3.3844962952238746,3.219619438516852,2.800078667128977,2.158619120260939,1.4219515697046092,2,Yeast
5.0,4.908580681779271,4.625477540524393,4.130888218439399,3.410872420822044,2.47830951121267,1.4081869347919858,0.6734884395375028,1.4736257582079009,2.583463356277801,3.5286232649755536,4.178517681310362,4.463381004300513,4.362274449060474,3.902973971102705,3.157891412503627,2.23606797749979,1.2828847420215521,0.6074285522886348,0.8855536822434966,1.4416067461167579,1.88110169097713,2.210243228631606,2.4987379766578957,2.7979326519318133,3.0952461005555127,3.3202105402143056,3.3844962952238746,3.219619438516852,2.800078667128977,2.158619120260939,1.4219515697046092,0,E_coli
5.0,4.908580681779271,4.625477540524393,4.130888218439399,3.410872420822044,2.47830951121267,1.4081869347919858,0.6734884395375028,1.4736257582079009,2.583463356277801,3.5286232649755536,4.178517681310362,4.463381004300513,4.362274449060474,3.902973971102705,3.157891412503627,2.23606797749979,1.2828847420215521,0.6074285522886348,0.8855536822434966,1.4416067461167579,1.88110169097713,2.210243228631606,2.4987379766578957,2.7979326519318133,3.0952461005555127,3.3202105402143056,3.3844962952238746,3.219619438516852,2.800078667128977,2.158619120260939,1.4219515697046092,1,Mammalian
5.0,4.908580681779271,4.625477540524393,4.130888218439399,3.410872420822044,2.47830951121267,1.4081869347919858,0.6734884395375028,1.4736257582079009,2.583463356277801,3.5286232649755536,4.178517681310362,4.463381004300513,4.362274449060474,3.902973971102705,3.157891412503627,2.23606797749979,1.2828847420215521,0.6074285522886348,0.8855536822434966,1.4416067461167579,1.88110169097713,2.210243228631606,2.4987379766578957,2.7979326519318133,3.0952461005555127,3.3202105402143056,3.3844962952238746,3.219619438516852,2.800078667128977,2.158619120260939,1.4219515697046092,1,Mammalian
5.0,4.908580681779271,4.625477540524393,4.130888218439399,3.410872420822044,2.47830951121267,1.4081869347919858,0.6734884395375028,1.4736257582079009,2.583463356277801,3.5286232649755536,4.178517681310362,4.463381004300513,4.362274449060474,3.902973971102705,3.157891412503627,2.23606797749979,1.2828847420215521,0.6074285522886348,0.8855536822434966,1.4416067461167579,1.88110169097713,2.210243228631606,2.4987379766578957,2.7979326519318133,3.0952461005555127,3.3202105402143056,3.3844962952238746,3.219619438516852,2.800078667128977,2.158619120260939,1.4219515697046092,2,Yeast
5.0,4.908580681779271,4.625477540524393,4.130888218439399,3.410872420822044,2.47830951121267,1.4081869347919858,0.6734884395375028,1.4736257582079009,2.583463356277801,3.5286232649755536,4.178517681310362,4.463381004300513,4.362274449060474,3.902973971102705,3.157891412503627,2.23606797749979,1.2828847420215521,0.6074285522886348,0.8855536822434966,1.4416067461167579,1.88110169097713,2.210243228631606,2.4987379766578957,2.7979326519318133,3.0952461005555127,3.3202105402143056,3.3844962952238746,3.219619438516852,2.800078667128977,2.158619120260939,1.4219515697046092,0,E_coli
5.0,4.908580681779271,4.625477540524393,4.130888218439399,3.410872420822044,2.47830951121267,1.4081869347919858,0.6734884395375028,1.4736257582079009,2.583463356277801,3.5286232649755536,4.178517681310362,4.463381004300513,4.362274449060474,3.902973971102705,3.157891412503627,2.23606797749979,1.2828847420215521,0.6074285522886348,0.8855536822434966,1.4416067461167579,1.88110169097713,2.210243228631606,2.4987379766578957,2.7979326519318133,3.0952461005555127,3.3202105402143056,3.3844962952238746,3.219619438516852,2.800078667128977,2.158619120260939,1.4219515697046092,0,E_coli
5.0,4.908580681779271,4.625477540524393,4.130888218439399,3.410872420822044,2.47830951121267,1.4081869347919858,0.6734884395375028,1.4736257582079009,2.583463356277801,3.5286232649755536,4.178517681310362,4.463381004300513,4.362274449060474,3.902973971102705,3.157891412503627,2.23606797749979,1.2828847420215521,0.6074285522886348,0.8855536822434966,1.4416067461167579,1.88110169097713,2.210243228631606,2.4987379766578957,2.7979326519318133,3.0952461005555127,3.3202105402143056,3.3844962952238746,3.219619438516852,2.800078667128977,2.158619120260939,1.4219515697046092,1,Mammalian
5.0,4.908580681779271,4.625477540524393,4.130888218439399,3.410872420822044,2.47830951121267,1.4081869347919858,0.6734884395375028,1.4736257582079009,2.583463356277801,3.5286232649755536,4.178517681310362,4.463381004300513,4.362274449060474,3.902973971102705,3.157891412503627,2.23606797749979,1.2828847420215521,0.6074285522886348,0.8855536822434966,1.4416067461167579,1.88110169097713,2.210243228631606,2.4987379766578957,2.7979326519318133,3.0952461005555127,3.3202105402143056,3.3844962952238746,3.219619438516852,2.800078667128977,2.158619120260939,1.4219515697046092,2,Yeast
