p_0,p_1,p_2,p_3,p_4,p_5,p_6,p_7,p_8,p_9,p_10,p_11,p_12,p_13,p_14,p_15,p_16,p_17,p_18,p_19,p_20,p_21,p_22,p_23,p_24,p_25,p_26,p_27,p_28,p_29,p_30,p_31,target,experimental_characteristics
20.439999999999998,17.280178898937265,9.497411829919674,1.371865753377622,4.311546970015516,4.797995831834668,2.101175690067976,1.7934003131528782,2.942127705675054,1.8426006511257005,0.34231225802825127,1.7810546888326146,1.8595071657063207,1.253612058987168,0.923238417377994,1.103046954334126,2.22503932549517,2.9736909556328395,2.4108501382766354,0.7489012944349718,0.9089195617080597,1.4650076503757214,0.718307891705853,0.8622193744361116,1.760989654569055,1.7162036472280853,1.1746222079271285,0.9380674371975875,0.565916121330094,0.27586716960592006,0.9301507658327296,0.9421121288789027,1,Mammalian
14.969999999999999,13.907673497933542,10.994504977655023,6.968302272215522,2.8204778683670724,0.8912040643974916,2.80259507856518,3.397250479692467,2.9197934872993936,2.148456117927842,1.8919580353861576,1.9078732682179775,1.5175877247547553,0.6792669263431814,0.7463315332992507,1.640476047174103,2.1023082552280483,1.9871761425230812,1.4277499498162414,0.7199109672984125,0.29938392350060505,0.5461480243525483,0.9536029782840468,1.4778679197626152,1.9519748952084532,2.131032189543564,1.8670479493567036,1.1756696933964315,0.22934985954781842,0.7987509052011375,1.6319646295408925,2.1676724822968936,1,Mammalian
12.05,11.496975360808289,9.933043853568888,7.624904239372474,4.959831480093544,2.3850871486809306,0.6624551100895942,1.519862737962963,2.155589904036903,2.14213052495202,1.805635402158108,1.7583796077803935,2.2358113011363123,2.7623031453523317,2.968143403014563,2.739385618139105,2.1323461257497573,1.3096560104521682,0.4770960397356649,0.1865592870625946,0.5808646737782337,0.7690008198217876,0.971941042302713,1.3311965113626778,1.7139522063389565,1.9142729404207357,1.795417308799736,1.3285303171923897,0.63388937957718,0.5860916296010046,1.345877123004314,1.934788991897415,1,Mammalian
13.82,12.964260855786375,10.606428578690796,7.310175189838348,3.8227846412140143,0.8730271236047317,1.1778102405733026,2.034373123350846,1.9794207267632027,1.4323348301399992,0.9316625010577244,0.9470066707571646,1.3314476072232833,1.8298817314925355,2.2760823540509634,2.4596610759662947,2.238972978845435,1.6343675895024057,0.8243540549923791,0.06123457087205299,0.46313749557581013,0.744929827596028,1.0137591861989306,1.4032163758532583,1.7301715482749784,1.7687551877795915,1.4444829525406173,0.9082755005210972,0.7053144804336577,1.085472238089508,1.4177770093590043,1.5437199612859713,1,Mammalian
15.04,14.006088598627137,11.171240205701105,7.253992603999897,3.215243080844469,0.6430599069828122,2.2868684157706736,2.863653761022616,2.3728574779570466,1.4802722242012267,1.0154977824672893,0.9544132305504444,0.6164674345112855,0.8129831225031428,1.8132470122900846,2.632416647740085,2.9017236257093817,2.5510716104057747,1.7768504441853268,0.9865023021569581,0.7090858703502189,0.8199476374193196,0.9861252847580297,1.4136664074429992,1.9709762528511925,2.306105009512582,2.1911824064084398,1.5915398708362731,0.6512887698544413,0.4852627377307107,1.4154870982485772,2.0551996815775264,1,Mammalian
14.629999999999999,13.659188889078582,10.993741664853548,7.297884910854871,3.453517797230587,0.5304978419340521,1.862211909170821,2.5457228390200193,2.222184396228334,1.4442103307933967,0.8989427326273738,0.876767499580367,1.009979267503229,1.403231164134133,1.9920903244290544,2.390934270969278,2.3363432966925046,1.805191117612982,0.9862705479607472,0.1743195511877349,0.4135623361140353,0.734168632436608,1.0337197135512015,1.4408029754908318,1.748970128149511,1.7182721955362668,1.2916120525715855,0.7281896964194219,0.8415003847730151,1.3244549658711524,1.521749447271359,1.41006853393137,1,Mammalian
14.579999999999998,13.627572266477852,11.009769893776255,7.3712911716302605,3.5713481767474478,0.6510825871073573,1.820012130048318,2.5705814592779492,2.33228225673247,1.6188716198028816,1.0878491923012747,1.0951009616998868,1.3128989345747462,1.6338052860309384,2.0060373343966678,2.1904035157567043,1.9932385707686875,1.4177990349675096,0.6659790630471426,0.3002625467900933,0.6663131336426293,0.9312841784843361,1.2184567412097662,1.5582848139290826,1.7146601631025598,1.4740527345147045,0.8436863203617601,0.5387044761358658,1.2681464410589647,1.7849121346646801,1.7652618872589174,1.253780487382504,1,Mammalian
14.329999999999998,13.424972380109342,10.930173268585627,7.440609955986569,3.7554768213830974,0.8067013221436445,1.6810763443447532,2.539696687317099,2.4282950444671267,1.7998190608014626,1.2935512185875826,1.3231256589187732,1.558564898950172,1.7610353748545184,1.921311150777295,1.9601353964830421,1.7608236708995026,1.3159794278445829,0.7843366298095589,0.5011689767265364,0.6036134177308974,0.7676402529250896,1.0084481479250322,1.3127815755980687,1.479183280400505,1.3418988033699601,0.9367039064180046,0.7347125599986096,1.150356528103341,1.5390649066679438,1.5691454762885577,1.277016958533725,1,Mammalian
15.55,14.47629364573299,11.53147633467325,7.4634606871875535,3.304861638621412,1.1473273364361878,2.7547755214229137,3.365481049753118,2.882459794940162,1.9891938384609784,1.5128160492025342,1.445501301098013,1.1111789550073967,0.6992159224819264,1.3252107255339798,2.1374502294463973,2.500499950009998,2.28506726228522,1.6322408512493176,0.8493380080459738,0.3061312996122401,0.3139982438526225,0.5607473520999655,1.03702229090515,1.5426034910350483,1.8097649816052244,1.6932488851651812,1.2316390834607913,0.7185085294657163,0.8313715865167429,1.3118421883586004,1.6543914901255021,1,Mammalian
15.3,14.268832140496842,11.43472431515231,7.501058081799942,3.4384745503714003,1.0561660341247012,2.5882617590685553,3.2853801684359634,2.9021895145709395,2.0658689973889452,1.5839885497152884,1.5531458357439134,1.3245897995931863,0.8831991375732855,1.152742561025817,1.8882315485678716,2.3194827009486407,2.2339915973841222,1.7118658940199685,1.0115215601301673,0.44687112605253704,0.2218189606836866,0.340910534826271,0.8235532032366129,1.403743573988674,1.8105303899357612,1.8536348481329994,1.4813057342520426,0.8242941380128911,0.5814673130633131,1.2420462081987842,1.8106580563091734,1,Mammalian
14.030000000000001,13.05114445542349,10.37398694480103,6.6951984971756655,2.936013121487792,0.4122461976157388,1.8732490584688097,2.2249715436180164,1.6847545835910085,1.4020065923924772,2.006840743934297,2.423500998887473,2.184874644466872,1.3908800828498515,0.42826836353342396,0.45287701692477017,0.7156116265125932,0.4819101722649937,0.4995395202842723,1.1953156239374807,1.7284513888662825,1.8469791882554987,1.5433014740886657,0.9886392550938096,0.42918759659278105,0.09910441164744871,0.3721402766882499,0.8029483244540355,1.244429803059817,1.4780053036277272,1.3357775688869176,0.8007944108527912,1,Mammalian
13.149999999999999,12.356495959593543,10.1558213284138,7.038376928602651,3.672652433752541,0.7407119292248967,1.3387235641673982,2.2676162607654486,2.2417238357304217,1.7629117613712066,1.6168710136931124,1.9362981726089552,2.0733504106334224,1.728718147075463,0.97633416481567,0.14202731770287572,0.7006425622241341,1.0687152687947532,1.009001653325825,0.730485064943539,0.8225917141277186,1.2693109591426623,1.583217772055001,1.6194079382640578,1.4542607208881375,1.271519631452615,1.1601954872483327,0.9956203339723718,0.6404569052061022,0.1794924488266569,0.572097604412477,1.0338959142483457,1,Mammalian
8.09,7.910785884336706,7.38955173007336,6.573831635747742,5.537422832761999,4.372980018631055,3.183185891203338,2.072626964282458,1.1470883081622685,0.5558842635293538,0.49693533996174455,0.591058992783024,0.5377509022146006,0.4045139613991899,0.5341528385402878,0.956426897030495,1.4368368035375487,1.8594154816185455,2.1546851514723384,2.2804014209251027,2.2203604419423026,1.9840059560498247,1.6042981887906216,1.1346816033372744,0.6526778786487437,0.3374599350139665,0.4862685762899036,0.7296523749221224,0.8605648413868826,0.8517618453248832,0.7226969729914806,0.5354595720790434,1,Mammalian
14.31,13.40878797392428,10.914888717330909,7.400980953989651,3.6525832940140335,0.5939349930269303,1.7619089742942315,2.4837252526815705,1.9770877502831936,0.6558178496730926,0.9425719024969729,2.2197582235258038,2.834654424766639,2.6811961205647856,1.9221297602779912,0.9243530383324788,0.43185645763378383,0.7755071939211083,0.7883687588267738,0.5476314988351277,0.8030601442574137,1.355076855081108,1.6678780783416702,1.5748451902410714,1.1344267396708092,0.6964292783164515,0.8948888153440652,1.3054790550892417,1.4717554066983312,1.3313754659120192,0.9658612073823707,0.4964262544048062,1,Mammalian
17.549999999999997,16.08045851728291,12.15918724434207,7.060441004584596,2.43801298446771,1.554296525445639,2.528101324603311,2.033336437960084,1.072168252870569,1.39212097488851,1.8265305799937663,1.6730198072106208,1.4861340746397178,1.6988007256933715,1.7788456671964958,1.3961876432519602,0.7299999999999992,0.19100480946862392,0.24967020369974152,0.5660590697384233,1.0140300217870086,1.23473148996546,0.9841413621182615,0.6989932615303804,1.4171292240076319,2.1644456075132594,2.302113506662989,1.7038238405162274,0.6533309380981734,0.7776743283515543,1.6350435325716606,2.0897356394825763,1,Mammalian
18.189999999999998,15.123968755535179,7.726628426816323,0.3069649845552429,3.9141216495182687,3.4614597394934763,0.5268632970601475,2.0718631694196383,2.2578085372464303,0.5607377458605104,1.1911702897204395,1.5234411880754297,0.507239792300828,0.82206764142599,1.0058350793738577,0.2581239709463423,0.9470480452437456,1.0366535683248403,0.19509529937773432,0.9123343913479318,1.1050918663306557,0.37205220370888303,0.8763091611695951,1.2250821231505473,0.6080301054529569,0.5875677512497821,1.078247880000306,0.6771554876598403,0.23649835696855043,0.7578309775078016,0.5521222161794943,0.2737902006191614,1,Mammalian
18.04,15.042983152899946,7.81733269735707,0.447033544742382,3.5194595973922227,3.1193345395513394,0.41314045542855976,1.899231680914033,1.7947535429610524,0.11935609080174166,1.816900644161222,1.9589492361885557,0.6681277024518352,1.0489018214256811,1.4561152342687769,0.7264737742617331,0.5420332093147067,0.6507144743322698,0.16353751061901448,1.1379740780048329,1.331512440932838,0.715859167847926,1.0560881074580062,1.4877666851813693,1.0237478791327244,0.18106738360460112,0.4513457476901455,0.5694950480594408,0.8996022094132955,0.9411399181480893,0.5609325669325746,1.1467475843519555,1,Mammalian
18.5,15.3803532447419,7.83892350533556,0.08361780275782688,4.133251302121974,3.76747176433004,0.7584249785012602,1.877956804533868,2.24897609314079,0.7602566838514518,0.9328002681811814,1.2135275101637677,0.21253600339157905,0.874942299434617,0.9401659817958347,0.4247255487961912,1.2404031602668542,1.2508443241343856,0.24827280724994508,1.0363173669048242,1.3767911125349166,0.6421196087720717,0.5744401448914038,1.089775354472322,0.7756974490619314,0.652102433862793,0.8446636695232516,0.3704975663450394,0.5458098141424393,0.9657332098976762,0.6848093416001986,0.5808459571397198,1,Mammalian
27.95,19.953086984429437,3.5852037702812782,6.872277100097395,5.6792370062026345,1.1558280318158298,3.2301448277940734,1.1090971992132248,1.991085409666939,1.8240595306852274,1.37710868802647,0.4495612060426355,1.4475017494843372,0.6489350295572027,1.9065238363605348,2.825085001256656,1.3325539388707692,1.0285533425167102,0.8032782933404348,0.48493841950669786,0.44436455910591616,1.378919081724717,2.0792681813077385,1.2726013881781022,0.296275026641524,0.30532349404254056,0.537077200153685,1.3322859967793443,1.8606304983066728,0.8639908153470547,1.317631486612094,1.899437787866698,1,Mammalian
27.75,19.783525598394657,3.505047326975286,6.86236582120667,5.575546012474945,1.3153251467262734,3.3933733982345187,1.0457482407121093,1.9605533160240642,2.0026439307748385,1.5000721878869456,0.6088845692233771,1.6466565068563925,0.7754408209088053,1.7913172010709715,2.845194326681029,1.5072159765607585,1.0081015997627656,0.6733208091973081,0.6431119071973203,0.6438755333976275,1.477730041246128,2.214627308723296,1.4435849841449149,0.4200365401093634,0.21545371455053638,0.4441135625800222,1.35932455706061,1.9808163238155552,1.0103598310979673,1.1478041849481244,1.7407246390243973,1,Mammalian
27.77,19.794184253535153,3.497559696892441,6.8823535891158505,5.585679484249421,1.3041316076375324,3.4099116940146375,1.0652186701417319,1.9627110040284876,2.011316019791018,1.5132730724807477,0.6194402179891108,1.6267316981885085,0.761486986644275,1.780622287987243,2.8253796342718585,1.4894629904767698,0.9881017712361504,0.6622472360476392,0.653896963748881,0.6239103448382716,1.4945358331640886,2.228698254860314,1.433957096962924,0.40492655465588284,0.23539661386341376,0.43876571222211397,1.3397659148263599,1.9682135460736085,1.0230481195246852,1.1313640520326387,1.72808840434644,1,Mammalian
12.64,11.952588030567696,10.030256766866765,7.260616364913852,4.1941176828505915,1.4780935710528835,1.0659431637387466,2.028630980999217,2.092141198760566,1.3822216395207159,0.5077968044483642,1.198514931712612,1.984407405880415,2.20671309011062,1.797362079869474,0.9010077540058085,0.3712142238654118,1.3694752700538233,2.0818488406806277,2.2984463419303993,2.00953910093943,1.3469724519615989,0.5496962356108606,0.35914208468492004,0.8030848052657333,0.9580984547078298,0.8255555429318367,0.5749829619969629,0.4976511947966103,0.606325015444749,0.6314616538538901,0.516903055576032,1,Mammalian
20.119999999999997,16.743043888601395,8.607702048932145,0.3106913350446922,4.076518547230402,3.5443259594480683,0.3288873789071295,2.1893261296273065,2.076319990141761,0.14061281036058873,1.9856751971855486,2.0514159759962256,0.3944706531173612,1.3713333887624184,1.6998976109760493,0.41510934364886054,1.3029197979921867,2.0787636118670187,1.5655455254954858,0.818937254645916,0.791370821583561,0.2765561058281273,0.5746425019945428,0.8992429189816205,0.3567846669038874,0.5321570079696708,0.9230471297371947,0.5278639697029546,0.5615350929922788,0.8752940236892072,0.4147021233023153,0.4268462990976682,1,Mammalian
20.34,16.920179023730903,8.671675602736023,0.2535897045759575,4.279619853996334,3.8027352272888773,0.555356684046608,2.07072065357111,2.102628794441089,0.11991584685700885,1.755848491385234,1.8474594772708202,0.30428916083528557,1.3267769779842908,1.5239857830713246,0.20750615147261492,1.5243359209832987,2.178867404443314,1.4849202369440704,0.6605395210255431,0.8918047155629978,0.450852634210513,0.46188058253309894,0.8869706918498481,0.49855005043346484,0.4811638541711065,0.7990608250067237,0.4682511275883574,0.6730128982256989,0.9393681705559312,0.46911045397292206,0.5425140422950335,1,Mammalian
20.55,17.083421694662043,8.715398390882086,0.15663387527264946,4.470661394041252,4.006472435785987,0.6983284413922571,2.0891176639969813,2.247224543741843,0.3295155056583891,1.5716036073909954,1.7698490424777062,0.3734338239707019,1.154493510216468,1.315240279118685,0.25227302707119,1.6055217220579743,2.1292822948174384,1.3563004328723047,0.6481060258570952,0.9432562217833247,0.4624700064670573,0.6572645093910437,1.0968760682917593,0.7052530396987072,0.5938008608845413,0.9284717010603005,0.6033939713125994,0.6289686629799557,0.9697959863984699,0.6529672169317355,0.458698007076362,1,Mammalian
20.35,16.934428181139904,8.69624432819221,0.39433679610212374,4.2719056972675595,3.8145988583991084,0.6110275248969004,2.0209809407203045,2.051496570609103,0.110650321762935,1.739152609168663,1.7898955847657796,0.32673256230223174,1.4343837164293922,1.5743541374872159,0.1753749276822935,1.600781059358213,2.275091038065339,1.5325312617954738,0.586090152838161,0.9337456187242901,0.5851027780451005,0.274878217890925,0.7454547094559278,0.46600624542927344,0.43241509338650685,0.6445145803725453,0.39256804209862417,0.8244917621769022,1.008727355518798,0.4298000147019397,0.705490825319296,1,Mammalian
24.299999999999997,19.25124327588645,7.628626210665853,2.8963197632894992,6.489968289787292,3.3573659132146836,1.5938914756563172,3.472252028546788,1.465892507827688,1.6269187339824382,2.4640637658234064,0.743031457381044,1.388577920340474,1.6724140915029626,0.3925471871310905,1.287624345065165,1.2303657992645929,1.5144244782668745,2.3674480984008364,1.9375806079821372,1.322981389667913,1.493123391906456,0.8785030633218895,1.2093190887620542,1.6388896105273991,0.696842541194968,1.1886153576842562,2.3321883650397863,2.430037695034936,1.8858363355065324,1.2259216802851522,0.8788500777047847,1,Mammalian
23.52,19.24688618255048,9.17138854556906,0.6367638609541425,4.957303328780674,3.4859551002099156,1.3398984906703189,2.993211549304505,1.768592405571248,1.1058130065156573,2.460737059292975,1.4890855002668317,1.226248063675768,1.9159968106451468,0.5736886802421759,1.9540178714870622,3.2610734429018917,2.724625272919564,2.086070414033145,2.315781870832095,1.389424351954454,1.0025204690685405,2.4436341095658345,2.4458474931769345,1.2118089383049224,0.1529176164526965,0.8405406423809827,1.077603280022392,1.0460207278000822,0.612557943347909,0.7329478827692464,1.371201081679974,1,Mammalian
30.729999999999997,21.622233452243325,3.771675987928139,6.094336228899812,3.3570535228982887,2.218577263694634,1.8739580615170164,2.3170901632570198,2.641056281542349,1.3431406315214491,2.9507896752473846,1.1429023523871518,1.6338656767298756,0.40971102716177055,1.7080431938278486,1.6280040662811723,2.3799369739554033,2.742781858719008,2.145061501109505,1.9631016803735504,1.1782386751330773,1.6761812561873894,1.1556229608093855,2.7553987411496728,2.474635673735772,1.006805666547505,1.6435250529399097,0.9794712746948451,0.935108667065422,0.6887820915738835,0.9546948703645272,1.1939484500084427,1,Mammalian
19.299999999999997,16.646759069660597,9.96134957765775,2.43241321552155,3.2475815614926082,4.676731854451676,2.7787284558389596,0.36865359273850906,2.531831615922532,2.646070167463378,1.296111486221236,1.169381223204981,1.8183262443581902,1.4034657390365108,0.5416092768665758,0.48533183436458033,0.33970575502926026,0.4760046694608925,0.8152605395721496,0.47160485625801063,0.5438951018775043,1.3462306210594266,1.3938743646732072,0.6885415617659687,1.094636317968255,1.8698006837160266,1.7395936421038456,0.8433426615347952,0.8380225466448576,1.54647299812762,1.6331612398600759,1.2634362432059718,1,Mammalian
12.790000000000001,12.076567795136256,10.082107971114608,7.209527414694095,4.0267356387767075,1.1941731635295776,1.2719598837677788,2.384175364264555,2.52796560473375,1.8835089739154314,0.8532972832301052,0.5207817982081218,1.1841530099462085,1.449916293190474,1.2874141078765897,1.005209027893385,1.0492378186092992,1.2595286723207122,1.2125710262031022,0.8000996085897352,0.47892061204945857,1.1134473529516924,1.7569422247714754,1.9921663044855744,1.693041612389703,0.9754217586201266,0.7875911086236752,1.7173566455781821,2.503401044937677,2.7498967177648663,2.3412371398450826,1.3645526683671931,0,Mammalian
15.790000000000003,14.383034591409071,10.608600849912365,5.647812056447574,1.1720273951542421,2.4951796577624887,3.5826990820633813,2.795884816483443,0.90380820170637,1.0667155996772328,2.2637577723946563,2.346245928837124,1.5257285239118896,0.4022897755499089,0.503416683791778,0.7414605471936684,0.7542545989253235,1.2192121717539408,1.6089690978091629,1.3806415537216725,0.5138898786814092,0.905996139521041,1.949200158479628,2.296428507427392,1.7239868719129792,0.48937739797743557,1.2086156436076176,2.368080969607375,2.7697692049913503,2.362365846040693,1.4920164528344968,0.7619423397537041,0,Mammalian
8.15,7.949350334505134,7.365552995510677,6.451233599249593,5.288267265672631,3.980042668038919,2.6434584050787726,1.4108524476832762,0.5667177847556155,0.8587830051460407,1.3572185180108838,1.6075677914627586,1.591231724515556,1.359891517465639,1.0204507298594596,0.7820519790950174,0.8899999999999999,1.2053814056217977,1.485237881675961,1.6207980405968294,1.5739784794757676,1.3479867923967541,0.981786204239874,0.5752679064308739,0.47731640705268874,0.8511534861720921,1.279447355204385,1.6229166841266116,1.8442349828201703,1.9447758278485967,1.9553449011617363,1.9268293458487962,0,Mammalian
12.46,11.556622825101066,9.07248366930446,5.625588066214364,2.10996421861986,1.3763260048244872,2.996376396189182,3.39060790607745,2.6504257158695355,1.349633730826438,0.8753471718459366,1.5569736983752434,1.675477135589951,1.0462429276437535,0.06098219335662028,1.1975759926376766,1.9354586019855866,2.021120162697992,1.517735006343985,1.0935990635721196,1.677765281682944,2.388738750339824,2.5678827170200154,2.0849728862007613,1.134214937592283,0.6048891111385086,1.3532092322414393,1.8245245037489408,1.7207937191419913,1.147994711122463,0.4852840810529394,0.5747164352166934,0,Mammalian
21.36,17.460114717880277,8.210780832420182,0.8442271634469346,4.930140648413718,3.3693456544005254,1.4553476532035274,3.7557253436176317,2.7828440018065863,0.8098917827134495,2.908361307341705,2.567005702243585,1.1416133291672943,2.410658343682877,2.062320284400961,0.9942875065026485,3.020761493398642,3.3911911692819663,1.6594945557618945,0.5734566043908472,1.4567056378259988,0.5588765619710782,1.0480771776040751,1.6007540686409893,0.6610440693396391,0.8122348102296809,1.3730465936525535,0.5052757387141538,0.9970159869592289,1.6551807352899572,1.0761347413886109,1.1759032357054833,0,Mammalian
23.8,18.729064939314963,7.401019038186872,2.563479036509668,5.028930644040779,2.5178029078252333,2.70739368104342,2.3699272964491183,1.3251841247525327,2.4985882397003705,1.3213229146129313,1.1458844411353954,1.7743880689519376,0.5392337675575894,1.3381648058670081,1.0541994702076325,0.7690253571892152,1.4033390168443907,0.12105316064075242,1.7846123679496355,2.0512997207470787,0.6407163947607074,1.9630710347322045,1.8600248591100772,0.6452030963222862,2.2171171444979696,1.8731913271711478,0.3766299367592175,1.806204034391346,1.536123193115128,0.24740625821602852,0.6968258397544963,0,Mammalian
15.16,14.010879657513074,10.875730823639572,6.59363050052556,2.2899623387389387,1.2945747161780765,3.0067258117091358,3.0820248278694,1.8777786620127108,0.3095660188941503,1.49375261937838,2.243350668768323,2.0415771265921405,1.1242333442653503,0.49095388086830494,1.2546853332550383,1.5700318468107581,1.1850875256028053,0.291031102527419,0.7353760806025251,1.4976663162896544,1.7588412884974673,1.5176898074184433,0.9952872367146506,0.521485662784466,0.25462205185406983,0.11757605781308694,0.6764782450526124,1.2946933723412841,1.684760833767202,1.6591084233249251,1.2590845927203547,0,Mammalian
21.66,17.687845382997846,8.409813697119727,1.0081228365495183,4.298183618045905,2.979920163100137,2.0968153615264042,2.845949770978376,1.4307640798072654,2.4082891704504377,3.097146602340897,1.2870005636346555,1.4620636197739674,2.5050177088176095,1.3526985102309863,0.9204744348906067,1.4749237268414936,0.464305660450035,1.6813105984794356,2.1348688740445017,0.845277671165032,0.9267076547543459,1.4483618671701863,0.7080327078481178,1.7653651599409308,2.2294426334319324,1.0759139398721378,0.6859556618317257,1.5714621267867306,1.0889061578020607,0.07836038915343402,0.5750106046061598,0,Mammalian
29.47,19.516899467737773,1.2200808760963135,7.429873035268638,1.7373406470838981,5.65825930329498,3.6717893049670507,2.1973427101115033,2.4597417032124724,2.525391959646181,3.9973751225706065,0.6155461084601229,3.2460516751933084,1.132072137249067,2.2997650233632085,1.7034847102117507,1.3209466302617985,1.4246346887372847,1.6348007941911897,2.999917091673436,0.9135586135285549,2.361582469590863,1.8078281857527299,1.3109583469907329,1.1227959536253251,1.2879903271481359,1.6527630351620528,0.07468236746780753,1.4145694248118779,0.8925784488367974,0.4456421054997675,0.3587430082894079,0,Mammalian
19.979999999999997,17.403811750206494,10.844500519090822,3.2189148525433082,2.594595926722446,4.4416224348996876,2.822097600847608,0.707774037255671,3.0419942185289397,3.4368752123112043,1.8900097830798746,0.9748747857659937,2.2364979920331414,2.1381699115537685,0.9298735841549575,0.8406458538006252,1.2445079348883241,0.5555417200462102,0.7895102466196027,1.6824919565013232,1.5739825250084136,0.6864006785342445,0.8766146729015352,1.2746026746415609,0.7996694157190846,0.9608439498341083,1.896591531341937,2.0334269775780744,1.259495025649228,0.689214708548414,1.265121578766504,1.3382805231608415,0,Mammalian
19.259999999999998,16.68482386183725,10.127159277851296,2.487947190487372,3.2188448942282126,5.08355208601276,3.488657114094601,1.1710745148856856,2.8381106445635127,3.2401059906753633,1.7040711674332165,0.5212508747180705,1.8838863536648276,1.6571897443805863,0.2556982910172836,1.3722805441332009,2.003596765818911,1.4586737966571,0.5485041440752237,0.8390449111100233,0.6866194579489131,0.6619997150084878,1.7112231171308327,2.1086577435756766,1.463669351054152,0.4234782480722797,1.1120134540940323,1.288120317202646,0.5092774031334413,0.8286723801942868,1.7305955815396021,1.9462118842246947,0,Mammalian
19.55,16.972664589424973,10.409413685604491,2.77032572928093,2.9871967256069434,4.855546876676851,3.2561482069767003,0.9293533785948812,2.8497173695911298,3.251139407269219,1.690128414418838,0.5942225859831886,1.982351397684316,1.7910920092690155,0.38038235908921736,1.1486709618362012,1.747712791050063,1.1718494729806779,0.45958354610726676,1.0914866619996924,0.9756240736492919,0.5542957414103546,1.435756572614658,1.8186741155895634,1.1920196782983965,0.5169236729275204,1.4019981668909816,1.5731353344556427,0.7991847881048226,0.6677439390387369,1.5098900450680903,1.6874285059370866,0,Mammalian
19.82,17.23895135978406,10.66636538750045,3.031585959981395,2.8347419479601657,4.708676224109565,3.1140919365579633,0.5735572228071625,2.722167669513193,3.1043857608114735,1.5396671496274381,1.0213894206013079,2.3945347999699216,2.2561758014417497,0.9164205643224622,0.6276625955932215,1.1596551211459383,0.6039712993596064,0.9147302377958818,1.745469434660943,1.6120186826206435,0.6547104330119384,0.7285135071722909,1.1452934630160734,0.7519329618104997,1.184028162509045,2.1538709464020687,2.314585226652071,1.571444223346796,0.8540626080877162,1.1386201547559835,1.0876892408489587,0,Mammalian
20.46,17.86589084961624,11.254139246702222,3.537188761626695,2.3464848017605133,4.3000333003158735,2.7808082222831603,0.6819423985341175,2.94552897576731,3.319465327951683,1.8163784700037295,1.1410817465138843,2.3281727112999575,2.166558204249429,1.0074419862249526,1.1692648538939587,1.5962455951387933,0.91698600945657,0.36601724137475444,1.299221690354918,1.2665607301855544,0.6172254619450006,1.0671659629063532,1.3550832216866577,0.7328431298137289,0.9329024708151168,1.9646024509830096,2.1139083667575074,1.2543702875215754,0.37117194136368403,1.2033331795638547,1.483405967653561,0,Mammalian
20.27,17.688867818376707,11.116264654352388,3.4787037829988336,2.4212148451257702,4.274618502188869,2.6722618696106273,0.6972636946119869,3.112355050816404,3.5093775752087577,1.9747548809240283,0.9715632812770676,2.157130726958262,2.032408175690262,0.8516244335203381,1.024874835449289,1.450965195998857,0.7491943672134107,0.5552120988136686,1.4882088382907965,1.4510985040202604,0.8011552157282602,1.1294130844308146,1.41471765561019,0.7757873662657951,0.7440788639087642,1.7763827130085121,1.9456370072660254,1.156900528215484,0.5609270214932377,1.2545061522729717,1.388160071821109,0,Mammalian
19.84,17.258947554334462,10.686360730344198,3.051439870065797,2.816125489817879,4.689320949108808,3.0944050454578282,0.5721494073816211,2.739119774368843,3.122123682024801,1.5588245980728728,1.0149989973202664,2.3826814633090994,2.2447891443009462,0.9089196802578443,0.6438431695627553,1.1704699910719634,0.6040820696466159,0.8970194038614391,1.7323655222983665,1.6025282508226628,0.6553788837416181,0.7451416096027702,1.1548816976120342,0.7472769644928027,1.1643117410428165,2.136497410860503,2.297574140502858,1.5526008744414872,0.8380859754865645,1.140255071028629,1.0988771623830487,0,Mammalian
20.380000000000003,17.7353957813521,10.994927394835765,3.1295519320885776,2.8111855764226648,4.75740814228626,3.077211113312484,0.3627317146229683,3.0396438036467806,3.5970541457643623,2.0755740561172904,0.6777928269714038,2.085963335477905,2.144500898642277,0.9836533439720135,0.5912616708024092,1.112115101956628,0.5790031494835709,0.5443363623653278,1.328332205708461,1.2051747173319276,0.4113697993731009,0.8413182841945586,1.101339119558138,0.5345704321712251,1.0599174401329765,1.9531673047933873,1.9282954539601171,1.0291484434516545,0.8241458133828313,1.4578685577357855,1.2644405163013925,0,Mammalian
20.08,17.498902567374582,10.926306174162521,3.28982483653421,2.594334814345663,4.457501668740362,2.85850144963918,0.608604652267499,2.94552897576731,3.3369747216652597,1.7901520825167703,0.967709851711551,2.249457606525268,2.1181281752273797,0.8510199753960428,0.8507751430443621,1.3171180660821575,0.654920563037557,0.6942569023738845,1.5863831091505267,1.5047948476406097,0.708823139556804,0.9548220133138096,1.288723075025082,0.7328431298137289,0.928661143215041,1.9319820860758312,2.097558782767375,1.3291199396720892,0.6636038483849865,1.1862929104087552,1.2503953847436606,0,Mammalian
22.220000000000002,18.718358344270758,10.135926240553168,1.1861536949356581,4.500855343549098,4.5677115983073975,1.05846703435802,2.6058113336571904,3.723438757663459,2.0186936416518177,1.1733934741181695,2.742943977212191,2.313761009378919,0.5608966313280481,0.94752317112243,1.064009381925352,0.20000000000000018,1.0120473235573353,1.082556193503812,0.42246963421402445,0.8345797793876348,0.8490881355083217,0.29536880623424927,0.9956094217605809,0.9726272759539497,0.4564060260268688,1.789040328035672,2.4404972229648343,1.7339803227720483,0.4032596208431852,1.2231755553469559,1.3679221620742854,0,Mammalian
20.03,17.448911837613306,10.876317341504187,3.2401416381695753,2.640278578433241,4.505726708998564,2.9075927410042235,0.5932385535595734,2.902100989558424,3.2919275444950578,1.7417653368784203,0.9728801657899168,2.275768970091183,2.1429172471870968,0.8578835366212464,0.8061539005101116,1.2842507543311006,0.6372490901079512,0.7346506918796369,1.6149441105551736,1.5225557886556587,0.6911880480533791,0.9099037622387859,1.2582410804262998,0.7293900509357214,0.9775805169542017,1.9739305835746084,2.1385503145790117,1.375219434660447,0.6967475569796979,1.1728070786839433,1.2164829570598834,0,Mammalian
20.54,17.958819702937173,11.38620803591635,3.747305692908819,2.1800442598940184,4.015868806710677,2.4086162928201365,0.8802851373377683,3.3536678796777233,3.7572919734095107,2.2386393154298236,1.0386310827871532,2.0492102410782005,1.936309696296901,0.9224568774757324,1.280083311740075,1.6601204775557707,0.9346650317160716,0.4307875517092621,1.3820371723602782,1.4157458986417526,0.9819226226362974,1.3845140325667196,1.6154452644072765,0.9044953028169488,0.48897009660764057,1.5683624697970187,1.742648134193287,0.9242337167851086,0.5100674802277492,1.3908930885065371,1.6024171383264298,0,Mammalian
20.240000000000002,17.65116073417886,11.057817450849493,3.4063180794698007,2.601923384433893,4.487429014816093,2.9229272327234628,0.45069776866450595,2.791702050993073,3.1771469594412745,1.6304160438309974,0.9776465474716685,2.279183523074033,2.095609982874013,0.7356270686600055,0.8904105637502916,1.4401388821915764,0.8142431392240752,0.5453976472777254,1.4337164522625794,1.4018509209655314,0.7707692299627653,1.0874079017960236,1.326770312277146,0.6440494223901375,0.8981738115158545,1.9977355509611034,2.2057282166214747,1.4479403182009951,0.6530965568508125,1.0675692416170253,1.114037159799795,0,Mammalian
20.7,18.089647380275153,11.439956829027983,3.759103901653773,2.6774190530967714,4.60346076523524,3.146357208684672,0.08616228549683852,2.3540382538346742,2.7177550505595964,1.1715762752072094,1.1386692733181376,2.4221693387763517,2.098567278408064,0.547694913075911,1.1297974498041619,1.8260339536821324,1.2732422625683266,0.22830504100366014,1.0075569055383553,1.1790352450625408,1.069015071727384,1.498706839163463,1.5269634300381711,0.5903421884661451,0.9652938109313349,2.2403182619238953,2.5472934275623786,1.8249380261549775,0.8197314297287104,0.8096864100895451,0.7741773357513831,0,Mammalian
19.47,17.140707662466742,11.14771438949696,3.995146893664406,1.8493728848209565,4.154321374684128,3.2823815449266784,0.8459432896386417,2.1410270822828887,3.0900376003433085,2.30756842937382,0.6757514921142314,0.9705634805316982,1.3464778457825717,0.8506980721091154,0.8162592561735894,1.1960351165413172,0.8989345699557113,0.08514789067447168,0.6575349457971138,0.7834604923581121,0.33980504384754345,0.6845650760715304,1.0705571032644272,0.7382432071690329,0.30123190304731245,1.343773366348984,1.9536384811743943,1.792544593604631,1.020360166301136,0.65929481328325,1.3367525547610044,0,Mammalian
19.47,17.140707662466742,11.14771438949696,3.995146893664406,1.8493728848209565,4.154321374684128,3.2823815449266784,0.8459432896386417,2.1410270822828887,3.0900376003433085,2.30756842937382,0.6757514921142314,0.9705634805316982,1.3464778457825717,0.8506980721091154,0.8162592561735894,1.1960351165413172,0.8989345699557113,0.08514789067447168,0.6575349457971138,0.7834604923581121,0.33980504384754345,0.6845650760715304,1.0705571032644272,0.7382432071690329,0.30123190304731245,1.343773366348984,1.9536384811743943,1.792544593604631,1.020360166301136,0.65929481328325,1.3367525547610044,1,Yeast
13.39,12.600873384076136,10.398241376016504,7.233771335422251,3.731436966952838,0.5709021976926707,1.9162748667178051,3.2668170645826033,3.584352603361038,3.1118925609322843,2.221518705247211,1.279653886712894,0.5421006916829361,0.338718472445378,0.7201468730734728,1.1138280888056056,1.3427211177307075,1.282268165029657,0.9008898669028769,0.310517693888016,0.4707628306790161,1.0100135872624298,1.2758211771786463,1.2070190828958758,0.8830721458516018,0.5415498532449146,0.543952488118246,0.6920098975155725,0.6750461902609064,0.4996971599766218,0.38613923261888117,0.4934369111446813,0,Mammalian
13.39,12.600873384076136,10.398241376016504,7.233771335422251,3.731436966952838,0.5709021976926707,1.9162748667178051,3.2668170645826033,3.584352603361038,3.1118925609322843,2.221518705247211,1.279653886712894,0.5421006916829361,0.338718472445378,0.7201468730734728,1.1138280888056056,1.3427211177307075,1.282268165029657,0.9008898669028769,0.310517693888016,0.4707628306790161,1.0100135872624298,1.2758211771786463,1.2070190828958758,0.8830721458516018,0.5415498532449146,0.543952488118246,0.6920098975155725,0.6750461902609064,0.4996971599766218,0.38613923261888117,0.4934369111446813,1,Yeast
13.63,12.815267787141911,10.541218889863936,7.274313291558969,3.6581075932296097,0.35982949523847,2.1283266163601238,3.506791818436151,3.8038394183061315,3.2756462392518886,2.3104663479529766,1.2889386345675369,0.45222764469521637,0.19525278701043347,0.7219540475127924,1.1918320430537304,1.4933519344079615,1.4930122674206687,1.1405662458451906,0.5097844710783702,0.2444051154190884,0.8787933808195091,1.24800833161719,1.274880661385768,1.014990482586155,0.6698596000550222,0.5907430607601856,0.7571145884166992,0.831868459124563,0.7360125008674901,0.5444852776171667,0.3833928386458288,0,Mammalian
13.63,12.815267787141911,10.541218889863936,7.274313291558969,3.6581075932296097,0.35982949523847,2.1283266163601238,3.506791818436151,3.8038394183061315,3.2756462392518886,2.3104663479529766,1.2889386345675369,0.45222764469521637,0.19525278701043347,0.7219540475127924,1.1918320430537304,1.4933519344079615,1.4930122674206687,1.1405662458451906,0.5097844710783702,0.2444051154190884,0.8787933808195091,1.24800833161719,1.274880661385768,1.014990482586155,0.6698596000550222,0.5907430607601856,0.7571145884166992,0.831868459124563,0.7360125008674901,0.5444852776171667,0.3833928386458288,1,Yeast
14.32,13.361847627099856,10.718852945006027,7.01853849794241,3.122441583278512,0.8731324202436314,2.7599275899235534,3.697315514735414,3.5378551060607615,2.6927693447763814,1.656809921941492,0.819016615684113,0.4059944587116259,0.5107162816703871,0.751380588869504,0.8386804033918476,0.6352952069707436,0.15823186503071332,0.47774429275470615,0.9851539909178975,1.1812550030268025,0.9858463949565053,0.5347311396044193,0.5220383271511972,0.9649773305730047,1.1584095354069488,0.9691592861534185,0.48008151966080637,0.10081506004948251,0.5350138290423636,0.6569266413238632,0.44183554751456755,1,Yeast
14.32,13.361847627099856,10.718852945006027,7.01853849794241,3.122441583278512,0.8731324202436314,2.7599275899235534,3.697315514735414,3.5378551060607615,2.6927693447763814,1.656809921941492,0.819016615684113,0.4059944587116259,0.5107162816703871,0.751380588869504,0.8386804033918476,0.6352952069707436,0.15823186503071332,0.47774429275470615,0.9851539909178975,1.1812550030268025,0.9858463949565053,0.5347311396044193,0.5220383271511972,0.9649773305730047,1.1584095354069488,0.9691592861534185,0.48008151966080637,0.10081506004948251,0.5350138290423636,0.6569266413238632,0.44183554751456755,0,Mammalian
14.899999999999999,13.8630445915172,11.002845607920824,6.997522099090613,2.762215489179254,0.98842640357926,3.314390662212681,4.258962768301996,3.9666314438973687,2.9126021222749805,1.6557047136897758,0.629005520805456,0.1769788599602362,0.5874513718707052,1.0020457427131975,1.2557877753746407,1.1788129622633101,0.7321312473154397,0.1535409466172381,0.6955871459930317,1.1322178376902423,1.1694886808785692,0.8256302603824093,0.41175112298266736,0.6886472161307827,1.0706699342067705,1.154008128370054,0.9205972175959013,0.49247014374621895,0.047586649340792854,0.288746233878932,0.45599249236065886,1,Yeast
14.899999999999999,13.8630445915172,11.002845607920824,6.997522099090613,2.762215489179254,0.98842640357926,3.314390662212681,4.258962768301996,3.9666314438973687,2.9126021222749805,1.6557047136897758,0.629005520805456,0.1769788599602362,0.5874513718707052,1.0020457427131975,1.2557877753746407,1.1788129622633101,0.7321312473154397,0.1535409466172381,0.6955871459930317,1.1322178376902423,1.1694886808785692,0.8256302603824093,0.41175112298266736,0.6886472161307827,1.0706699342067705,1.154008128370054,0.9205972175959013,0.49247014374621895,0.047586649340792854,0.288746233878932,0.45599249236065886,0,Mammalian
14.44,13.437815908921216,10.673837960235458,6.804144761422914,2.713827519184861,0.9182706285503028,3.155268734638412,4.064697116570708,3.7781860084865464,2.7503389613922775,1.5145682548802402,0.48610485458244235,0.23105674162396764,0.6484436495373662,0.9539749995233978,1.0810465656078982,0.9035485598461213,0.4136192824587801,0.34749977116362574,0.9680829321166804,1.3256255625503695,1.2787579954449892,0.8705923665013044,0.3827263376166159,0.5579520456782143,0.8503794534663962,0.8289058220292284,0.5108799984473017,0.06057925534434028,0.3481309928789748,0.5452569037436743,0.5346262062396614,1,Yeast
14.44,13.437815908921216,10.673837960235458,6.804144761422914,2.713827519184861,0.9182706285503028,3.155268734638412,4.064697116570708,3.7781860084865464,2.7503389613922775,1.5145682548802402,0.48610485458244235,0.23105674162396764,0.6484436495373662,0.9539749995233978,1.0810465656078982,0.9035485598461213,0.4136192824587801,0.34749977116362574,0.9680829321166804,1.3256255625503695,1.2787579954449892,0.8705923665013044,0.3827263376166159,0.5579520456782143,0.8503794534663962,0.8289058220292284,0.5108799984473017,0.06057925534434028,0.3481309928789748,0.5452569037436743,0.5346262062396614,0,Mammalian
10.530000000000001,10.07773005052034,8.78934406986121,6.8574805937333005,4.563946641077196,2.2319550801307284,0.31988929469565597,1.5076190200722392,2.487054481998486,2.8522494057262624,2.691750557544643,2.178308269599572,1.5305687055606103,0.991366420627324,0.7804409733416634,0.8241483043980561,0.8702298546935747,0.8502303095541529,0.7910138241943201,0.7057658595201456,0.5815977132018096,0.4487586951144581,0.4573706162321963,0.646607133784795,0.8349610790756931,0.8949131034875892,0.7909986802018092,0.641252499952575,0.8006838295838853,1.2864751982018146,1.8100615517385528,2.1914885584496338,0,Mammalian
10.530000000000001,10.07773005052034,8.78934406986121,6.8574805937333005,4.563946641077196,2.2319550801307284,0.31988929469565597,1.5076190200722392,2.487054481998486,2.8522494057262624,2.691750557544643,2.178308269599572,1.5305687055606103,0.991366420627324,0.7804409733416634,0.8241483043980561,0.8702298546935747,0.8502303095541529,0.7910138241943201,0.7057658595201456,0.5815977132018096,0.4487586951144581,0.4573706162321963,0.646607133784795,0.8349610790756931,0.8949131034875892,0.7909986802018092,0.641252499952575,0.8006838295838853,1.2864751982018146,1.8100615517385528,2.1914885584496338,1,Yeast
34.55,19.09868666301884,4.6735784933166595,6.576967110796602,2.7958586033509922,2.600264740859468,3.119476544524473,1.5331054104793087,2.6850782978287335,2.4165518283025413,3.1373181236299894,0.47412374687383,1.8791534498647644,0.43695676161343217,1.5561393579135476,2.588872349214178,2.0268448386593367,0.34108074189022364,3.2382425053679316,3.8201672583707333,1.1337073317912172,0.9938087360175893,2.890004703869208,1.8089944615578646,1.3504645624855005,1.1506739597210456,2.3910348874951017,2.9830198215069124,0.7265429565913064,2.128657709008517,1.8329227751567743,2.0175239655350077,1,Yeast
34.55,19.09868666301884,4.6735784933166595,6.576967110796602,2.7958586033509922,2.600264740859468,3.119476544524473,1.5331054104793087,2.6850782978287335,2.4165518283025413,3.1373181236299894,0.47412374687383,1.8791534498647644,0.43695676161343217,1.5561393579135476,2.588872349214178,2.0268448386593367,0.34108074189022364,3.2382425053679316,3.8201672583707333,1.1337073317912172,0.9938087360175893,2.890004703869208,1.8089944615578646,1.3504645624855005,1.1506739597210456,2.3910348874951017,2.9830198215069124,0.7265429565913064,2.128657709008517,1.8329227751567743,2.0175239655350077,0,Mammalian
38.31,17.762892365538793,8.17887030565298,3.860127825517055,4.8829865004497615,0.7542339075423113,0.8828584045056267,4.169432455009799,0.18539140643730193,4.678716125891863,1.0108528296519455,1.719276700497386,1.5725862364435685,0.909945348089475,1.132442308187164,3.0822717433061264,2.1672332592501444,0.6624666011167456,3.0524039798457716,4.116711486513243,0.7674968796670175,1.4506601238838686,3.4094735655544954,1.2755208117466874,1.9456181604876117,0.9145124920366238,2.432225115577925,2.0719875420364535,0.34808605986886226,1.2978086431139784,2.477295596628076,2.2364300251813702,1,Yeast
38.31,17.762892365538793,8.17887030565298,3.860127825517055,4.8829865004497615,0.7542339075423113,0.8828584045056267,4.169432455009799,0.18539140643730193,4.678716125891863,1.0108528296519455,1.719276700497386,1.5725862364435685,0.909945348089475,1.132442308187164,3.0822717433061264,2.1672332592501444,0.6624666011167456,3.0524039798457716,4.116711486513243,0.7674968796670175,1.4506601238838686,3.4094735655544954,1.2755208117466874,1.9456181604876117,0.9145124920366238,2.432225115577925,2.0719875420364535,0.34808605986886226,1.2978086431139784,2.477295596628076,2.2364300251813702,0,Mammalian
14.21,13.214089610504441,10.485463983876139,6.721518957796994,2.8451427331795904,0.2953818497694482,2.068293494579194,2.398226661189664,1.5854099387122687,0.40641701731014773,1.167047532549907,1.7595315058016356,1.5102812026196406,0.577552083140219,0.9629713177076648,2.196625275024946,2.957110075732724,3.03314480741927,2.480274273385639,1.5522277531822162,0.5844141634783004,0.13680719553168824,0.46341171830765837,0.43807502501144924,0.34738354341039474,0.5721286087375351,0.8810506884815725,1.125420928876741,1.3120493902194024,1.461852645883085,1.5662477944443813,1.61725114415091,1,Yeast
14.21,13.214089610504441,10.485463983876139,6.721518957796994,2.8451427331795904,0.2953818497694482,2.068293494579194,2.398226661189664,1.5854099387122687,0.40641701731014773,1.167047532549907,1.7595315058016356,1.5102812026196406,0.577552083140219,0.9629713177076648,2.196625275024946,2.957110075732724,3.03314480741927,2.480274273385639,1.5522277531822162,0.5844141634783004,0.13680719553168824,0.46341171830765837,0.43807502501144924,0.34738354341039474,0.5721286087375351,0.8810506884815725,1.125420928876741,1.3120493902194024,1.461852645883085,1.5662477944443813,1.61725114415091,0,Mammalian
32.79,21.113021273719728,0.8587239131990111,5.787562975991935,1.120749268526154,4.99192000985377,1.5693848863535693,2.1627197429117695,2.107884333530566,1.8954352717611056,1.0091281309832691,2.1801693128361053,1.8607068772079935,0.40269614110045177,2.918956858657776,3.147384195503059,1.4115594213493106,0.8311355975801313,1.726341961756473,1.8610441358247205,2.689655491735987,1.032666061770308,1.6710606142459066,1.3212706000761931,2.073794501983356,1.3917278235073987,1.613706143097207,2.1795103771240014,0.12901290626682807,1.4729996731217203,1.1524877137147116,0.5060574655669551,0,Mammalian
9.02,8.776114131973758,8.07041449282655,6.977410534921046,5.610544006586033,4.107677871525499,2.6138178453048355,1.264337364356764,0.2063884288536464,0.6561851899341461,1.1074037957784761,1.2592358405937512,1.1859291392255231,1.0143214877668632,0.9090408612256513,0.9624282347327044,1.0845275469069464,1.1446522638431522,1.0785808516812818,0.8850472362088632,0.616362932814035,0.4067364292875533,0.4544291600987278,0.6230512736255334,0.7134450339271579,0.6598980937497442,0.45523446925342737,0.1390433865066538,0.30243141693651293,0.7144440655124144,1.0726540887446836,1.3146226459343808,0,Mammalian
23.67,18.61400917114062,7.360116859009435,2.3509764038244723,4.758363672540975,2.2500346752314306,2.3207126866732923,2.0309497244281745,0.8256122229080778,2.020130706983342,1.5264041460827042,1.0094374756466686,1.141189896992527,1.213909038886049,1.1199021404295244,0.21181229371617488,0.7416872656315456,0.4763405059015057,0.9629645967348871,1.6080381738528124,0.9950025874952851,0.4508155558538239,0.9379323398120863,1.436984337059071,1.723648588716617,1.2797367441975442,1.2205455421553297,0.8572954874315072,0.6606289652461818,1.742904185325914,1.3313649827212037,1.2146545297036744,0,Mammalian
31.48,19.674334521230765,1.4585509024900642,7.42441566417019,1.153585935338837,6.274112851402691,1.8542230157086215,2.901851177183474,0.9158406823062104,2.6093559931207166,2.4136064824818284,2.1260219863530496,1.930584855343586,1.3712568288982119,1.174627185333394,1.7575334384401224,0.7789736837660176,1.1047129412007395,1.1816411301727547,2.5129841875483616,1.5656580590904101,1.7124689862459133,1.9791900191522303,1.612674692713697,0.3250166836223863,0.7046469665478161,0.9832784047181136,1.1233359942139167,0.3883251834631105,1.4764276143699713,1.279427873092715,1.666014434455451,0,Mammalian
8.76,8.470003934673398,7.638309593419017,6.373740575424413,4.838669425537603,3.2248390413430705,1.7309129783750368,0.6080655655413171,0.6639313417531213,1.0776408849032628,1.176093895368666,0.9937026543234572,0.6546087792603466,0.3731451133578834,0.4480166955203375,0.6318387178420948,0.7061161377563892,0.6714696974653896,0.6210066742694302,0.6586333502353655,0.7570211250517425,0.8011966021395887,0.7105733466549073,0.46337680841218604,0.11830119795631798,0.395852660757321,0.8278682727252065,1.162138890946577,1.3251734047694619,1.2794144098773843,1.0320471688536945,0.6496542900915626,0,Mammalian
20.71,16.481983094929237,6.632060777526656,2.5847521052443185,6.292068237230601,4.344358614059939,1.669360328376035,2.921569268543407,2.2158736295362886,0.8833054655486552,0.9150948669866642,0.2414999759835532,1.1863552771763164,1.1138131822862825,0.5779671798950548,1.71764216783818,2.0761743664731047,1.6255500714828155,0.891257122193383,0.1430880039783625,0.8629483827102996,0.9012856836738791,0.5209235542249565,0.7555871622352702,0.3986277184613173,1.1992513804950564,2.173138072512533,1.9508303707872772,0.7708168025720383,0.27941472620629015,0.279520251869768,0.4790774418321418,0,Mammalian
1.7199999999999998,1.718163896916487,1.7126615259906535,1.7035107220516474,1.6907412774053567,1.674395048237032,1.6545261139458138,1.6312010006000328,1.6044989841491217,1.5745124945641236,1.541347649133283,1.505124952281,1.4659802112684306,1.4240657329914936,1.379551888173527,1.3326291573322466,1.2835108102388542,1.2324364198724194,1.1796764759190783,1.1255384436434857,1.0703747101689982,1.0145929617443228,0.9586696117595994,0.9031668752016212,0.8487537981443358,0.7962306799172283,0.7465543103293713,0.7008574908205708,0.6604497958798253,0.6267784455890887,0.6013239537814578,0.5854167945427855,0,Mammalian
16.8,14.857489602560054,9.851439765963049,3.8428077963206757,1.008753495673055,2.992781443872492,2.28698534319088,0.3418352764906547,2.1936316339993556,3.0340555465964365,2.3332472931092716,0.7607668553368815,0.6527124436275658,1.180449643890096,0.7792759953233424,0.1900661119335322,0.5777542730261728,0.38376367716347093,0.36333078818622555,1.1660955477910269,1.5406448213081283,1.389483046898588,1.1844642593670296,1.3571866156296142,1.434566225141704,1.11797976077626,0.6903523702154781,0.7514789319647792,0.9989976904265451,1.1419840688756409,1.3126946832828428,1.5232839816099801,0,Mammalian
29.409999999999997,18.89415308138938,0.8198417232374944,5.802355813389854,0.7441039237619412,4.320994136406805,0.6596911117980172,3.295023690279959,0.4383104613234442,3.353467715299301,2.0589177825196963,1.729373152973152,0.945108683917664,1.128810786722802,0.913933945707854,0.8254519161079718,1.8501081049495456,3.3980748582682354,4.003514691308501,2.547988841493954,0.6490909370889503,0.7322578782716422,1.1589171719188618,1.581426962101214,0.19412351607785475,1.3327207189060095,0.45259614451619484,2.0843920421730764,2.2969893081193242,0.9658037739146044,1.5141292311551173,2.2643163830089237,0,Mammalian
17.93,15.670889158878477,9.891612004957313,3.1126908159214426,2.3073680884047016,4.156059356844642,2.9570998692143973,1.2566758078213534,2.9528752481741485,3.50181893441105,2.181928182865999,0.5991772735978533,2.0244193691435646,2.3558479103571073,1.3238480832548682,0.7917876077182037,1.9738540979515173,2.2938062274339073,1.672323039438636,0.6472322757684944,0.2188954949286062,0.6155398175325155,0.7512744226401257,0.785446909739024,0.6802409637183435,0.5117355141826311,0.3797321953028195,0.24272114086883143,0.7210155925831035,1.3079120183129989,1.4859723475401554,1.0688010875894405,0,Mammalian
20.450000000000003,17.962305200118625,11.569150635014688,3.9437400265349134,2.1170718144816187,4.624463509383219,3.8540122864500224,1.9513647064556345,2.545643710598977,3.058669011884779,1.9813283709830836,0.3068346686747979,1.3707374249663808,1.6119124025254166,0.8912177450747566,0.34619420681380175,0.4341658669218489,0.2832312715853477,1.4056945011686621,2.189330127666313,2.0603349857914717,1.1528112633584877,0.8336090799899976,1.3422465956571359,1.0856786350886116,0.13250397293490287,1.0252074932433652,1.5520016579314142,1.2126440493597848,0.3617956396696821,1.1133194350108981,1.976703125339871,1,Yeast
20.450000000000003,17.962305200118625,11.569150635014688,3.9437400265349134,2.1170718144816187,4.624463509383219,3.8540122864500224,1.9513647064556345,2.545643710598977,3.058669011884779,1.9813283709830836,0.3068346686747979,1.3707374249663808,1.6119124025254166,0.8912177450747566,0.34619420681380175,0.4341658669218489,0.2832312715853477,1.4056945011686621,2.189330127666313,2.0603349857914717,1.1528112633584877,0.8336090799899976,1.3422465956571359,1.0856786350886116,0.13250397293490287,1.0252074932433652,1.5520016579314142,1.2126440493597848,0.3617956396696821,1.1133194350108981,1.976703125339871,0,Mammalian
20.450000000000003,17.962305200118625,11.569150635014688,3.9437400265349134,2.1170718144816187,4.624463509383219,3.8540122864500224,1.9513647064556345,2.545643710598977,3.058669011884779,1.9813283709830836,0.3068346686747979,1.3707374249663808,1.6119124025254166,0.8912177450747566,0.34619420681380175,0.4341658669218489,0.2832312715853477,1.4056945011686621,2.189330127666313,2.0603349857914717,1.1528112633584877,0.8336090799899976,1.3422465956571359,1.0856786350886116,0.13250397293490287,1.0252074932433652,1.5520016579314142,1.2126440493597848,0.3617956396696821,1.1133194350108981,1.976703125339871,0,E_coli
24.5,20.08324545575558,9.675860978707535,0.3827758360834343,4.79697365343988,3.155428491705422,1.7247855227064584,3.7213047220504607,2.3914344799622165,0.7898818589467895,2.4167070159367476,1.496530080982571,1.5081087450420512,2.8695285580928998,2.1645879836958666,0.7206518928400002,1.8027756377319932,2.073232683398457,1.9471842053011263,1.8259526479170864,1.0489484752435876,0.9586047137886364,1.5856757498853835,1.5180025724546808,1.3662507559184902,1.2134101951627727,0.9413946713877611,1.0852422273624733,0.8461435325141333,0.9879918192337245,1.8264713085298143,1.752299467541521,1,Yeast
24.5,20.08324545575558,9.675860978707535,0.3827758360834343,4.79697365343988,3.155428491705422,1.7247855227064584,3.7213047220504607,2.3914344799622165,0.7898818589467895,2.4167070159367476,1.496530080982571,1.5081087450420512,2.8695285580928998,2.1645879836958666,0.7206518928400002,1.8027756377319932,2.073232683398457,1.9471842053011263,1.8259526479170864,1.0489484752435876,0.9586047137886364,1.5856757498853835,1.5180025724546808,1.3662507559184902,1.2134101951627727,0.9413946713877611,1.0852422273624733,0.8461435325141333,0.9879918192337245,1.8264713085298143,1.752299467541521,0,Mammalian
24.5,20.08324545575558,9.675860978707535,0.3827758360834343,4.79697365343988,3.155428491705422,1.7247855227064584,3.7213047220504607,2.3914344799622165,0.7898818589467895,2.4167070159367476,1.496530080982571,1.5081087450420512,2.8695285580928998,2.1645879836958666,0.7206518928400002,1.8027756377319932,2.073232683398457,1.9471842053011263,1.8259526479170864,1.0489484752435876,0.9586047137886364,1.5856757498853835,1.5180025724546808,1.3662507559184902,1.2134101951627727,0.9413946713877611,1.0852422273624733,0.8461435325141333,0.9879918192337245,1.8264713085298143,1.752299467541521,0,E_coli
13.99,13.086040904607882,10.588793003377672,7.085385074038931,3.3979620556901358,0.9249267938440265,2.2205377007745626,2.907585766270761,2.472417315948411,1.406002747327059,0.9258392641542229,1.5787058757503802,1.8532195895551589,1.4665861217343208,0.7662213220524543,1.0517217550151734,1.8353473785635241,2.223709215161666,2.086050853216004,1.5871620031829639,1.1111613339193256,0.9893015035804904,0.9349361607522494,0.5960420954825836,0.13473164364192552,0.7526247971386071,1.2379084773894191,1.3106701919293293,0.9118944626335326,0.21643209373376174,0.760703890067256,1.4341774410003292,0,E_coli
13.99,13.086040904607882,10.588793003377672,7.085385074038931,3.3979620556901358,0.9249267938440265,2.2205377007745626,2.907585766270761,2.472417315948411,1.406002747327059,0.9258392641542229,1.5787058757503802,1.8532195895551589,1.4665861217343208,0.7662213220524543,1.0517217550151734,1.8353473785635241,2.223709215161666,2.086050853216004,1.5871620031829639,1.1111613339193256,0.9893015035804904,0.9349361607522494,0.5960420954825836,0.13473164364192552,0.7526247971386071,1.2379084773894191,1.3106701919293293,0.9118944626335326,0.21643209373376174,0.760703890067256,1.4341774410003292,0,Mammalian
13.99,13.086040904607882,10.588793003377672,7.085385074038931,3.3979620556901358,0.9249267938440265,2.2205377007745626,2.907585766270761,2.472417315948411,1.406002747327059,0.9258392641542229,1.5787058757503802,1.8532195895551589,1.4665861217343208,0.7662213220524543,1.0517217550151734,1.8353473785635241,2.223709215161666,2.086050853216004,1.5871620031829639,1.1111613339193256,0.9893015035804904,0.9349361607522494,0.5960420954825836,0.13473164364192552,0.7526247971386071,1.2379084773894191,1.3106701919293293,0.9118944626335326,0.21643209373376174,0.760703890067256,1.4341774410003292,1,Yeast
18.11,15.970660535309454,10.416811229840523,3.655235084456539,2.0906659068726734,4.669726973908533,4.186844258162315,1.8266447623417683,1.3068575101064528,2.5024545826874034,2.0902770480601602,0.8242896305455761,1.4580597287874368,1.9636914896010098,1.2819077981488387,0.5702371713674882,1.52200525623271,1.6445195629491156,0.7676353724589109,1.3166178698442046,2.5610601031686415,2.831111331170547,2.0217290962432997,1.0599015470064703,1.5712171868581253,1.9704876769164839,1.5054407605429525,0.4941451918611904,0.4704774607634167,0.912675433500288,0.7985165821752055,0.44766387376053873,1,Yeast
18.11,15.970660535309454,10.416811229840523,3.655235084456539,2.0906659068726734,4.669726973908533,4.186844258162315,1.8266447623417683,1.3068575101064528,2.5024545826874034,2.0902770480601602,0.8242896305455761,1.4580597287874368,1.9636914896010098,1.2819077981488387,0.5702371713674882,1.52200525623271,1.6445195629491156,0.7676353724589109,1.3166178698442046,2.5610601031686415,2.831111331170547,2.0217290962432997,1.0599015470064703,1.5712171868581253,1.9704876769164839,1.5054407605429525,0.4941451918611904,0.4704774607634167,0.912675433500288,0.7985165821752055,0.44766387376053873,0,E_coli
18.11,15.970660535309454,10.416811229840523,3.655235084456539,2.0906659068726734,4.669726973908533,4.186844258162315,1.8266447623417683,1.3068575101064528,2.5024545826874034,2.0902770480601602,0.8242896305455761,1.4580597287874368,1.9636914896010098,1.2819077981488387,0.5702371713674882,1.52200525623271,1.6445195629491156,0.7676353724589109,1.3166178698442046,2.5610601031686415,2.831111331170547,2.0217290962432997,1.0599015470064703,1.5712171868581253,1.9704876769164839,1.5054407605429525,0.4941451918611904,0.4704774607634167,0.912675433500288,0.7985165821752055,0.44766387376053873,0,Mammalian
34.879999999999995,18.83122746265432,5.251744331484438,6.949733440764048,3.169414483887079,3.0647374900293913,2.206792660818341,0.763139400856772,2.8965850830672055,1.2906544155508346,0.22244361702986654,0.6455667728848188,1.4517068455558957,2.1915641720450236,2.614759714796215,3.007185763104524,1.4199295757184587,1.1237072019870256,3.478776824303858,3.247043462924748,0.7251807754582145,1.8038359973994778,2.6527642018508595,0.35208154681380593,2.660788390036409,0.6739927133527779,0.9022357383675961,3.10674323279704,2.566217431707372,1.7334724198715716,2.6661062747906548,1.430375315029318,0,Mammalian
34.879999999999995,18.83122746265432,5.251744331484438,6.949733440764048,3.169414483887079,3.0647374900293913,2.206792660818341,0.763139400856772,2.8965850830672055,1.2906544155508346,0.22244361702986654,0.6455667728848188,1.4517068455558957,2.1915641720450236,2.614759714796215,3.007185763104524,1.4199295757184587,1.1237072019870256,3.478776824303858,3.247043462924748,0.7251807754582145,1.8038359973994778,2.6527642018508595,0.35208154681380593,2.660788390036409,0.6739927133527779,0.9022357383675961,3.10674323279704,2.566217431707372,1.7334724198715716,2.6661062747906548,1.430375315029318,1,Yeast
34.879999999999995,18.83122746265432,5.251744331484438,6.949733440764048,3.169414483887079,3.0647374900293913,2.206792660818341,0.763139400856772,2.8965850830672055,1.2906544155508346,0.22244361702986654,0.6455667728848188,1.4517068455558957,2.1915641720450236,2.614759714796215,3.007185763104524,1.4199295757184587,1.1237072019870256,3.478776824303858,3.247043462924748,0.7251807754582145,1.8038359973994778,2.6527642018508595,0.35208154681380593,2.660788390036409,0.6739927133527779,0.9022357383675961,3.10674323279704,2.566217431707372,1.7334724198715716,2.6661062747906548,1.430375315029318,0,E_coli
15.53,14.25323470009695,10.813646915190201,6.27150173074246,2.312677986965887,2.559013750279464,3.73453748146191,3.41116382069666,2.142581111957788,1.4366378221377074,1.99390937022507,2.1478871711262064,1.5170443720070852,0.5827548553641101,0.9268971472764052,1.478550379947879,1.4937536610833793,1.1611977742631148,0.9427622303396734,0.9732162841873795,0.8939612050492692,0.6286658125859222,0.467201244937632,0.5709345740515165,0.7350824298551341,1.0495246361166575,1.4664764687038345,1.7043244086498763,1.5525882473572636,1.0199985764682173,0.446571870324087,0.6401380428174789,0,Mammalian
15.53,14.25323470009695,10.813646915190201,6.27150173074246,2.312677986965887,2.559013750279464,3.73453748146191,3.41116382069666,2.142581111957788,1.4366378221377074,1.99390937022507,2.1478871711262064,1.5170443720070852,0.5827548553641101,0.9268971472764052,1.478550379947879,1.4937536610833793,1.1611977742631148,0.9427622303396734,0.9732162841873795,0.8939612050492692,0.6286658125859222,0.467201244937632,0.5709345740515165,0.7350824298551341,1.0495246361166575,1.4664764687038345,1.7043244086498763,1.5525882473572636,1.0199985764682173,0.446571870324087,0.6401380428174789,1,Yeast
15.53,14.25323470009695,10.813646915190201,6.27150173074246,2.312677986965887,2.559013750279464,3.73453748146191,3.41116382069666,2.142581111957788,1.4366378221377074,1.99390937022507,2.1478871711262064,1.5170443720070852,0.5827548553641101,0.9268971472764052,1.478550379947879,1.4937536610833793,1.1611977742631148,0.9427622303396734,0.9732162841873795,0.8939612050492692,0.6286658125859222,0.467201244937632,0.5709345740515165,0.7350824298551341,1.0495246361166575,1.4664764687038345,1.7043244086498763,1.5525882473572636,1.0199985764682173,0.446571870324087,0.6401380428174789,0,E_coli
20.65,18.14109327793883,11.689142263445977,3.965074559884153,2.1422081801940607,4.832917654045577,4.208446636755758,1.8315277511746573,0.34978080194133826,1.0843848407911194,0.7808992900053006,1.3361616689690479,1.6460592204036701,0.7976377403107244,0.8249004847664725,2.1105901782208405,2.256213642366342,1.2474780519886652,1.007133629240483,2.0078263977369266,2.0419692614722997,1.159170582285273,0.7495032990504533,1.168830409224486,0.9107433176220808,0.822217432115074,1.5137259126066915,1.6219259281317153,0.931340265872781,0.6247964458935454,1.3314751438422958,1.5388407939149158,1,Yeast
20.65,18.14109327793883,11.689142263445977,3.965074559884153,2.1422081801940607,4.832917654045577,4.208446636755758,1.8315277511746573,0.34978080194133826,1.0843848407911194,0.7808992900053006,1.3361616689690479,1.6460592204036701,0.7976377403107244,0.8249004847664725,2.1105901782208405,2.256213642366342,1.2474780519886652,1.007133629240483,2.0078263977369266,2.0419692614722997,1.159170582285273,0.7495032990504533,1.168830409224486,0.9107433176220808,0.822217432115074,1.5137259126066915,1.6219259281317153,0.931340265872781,0.6247964458935454,1.3314751438422958,1.5388407939149158,0,Mammalian
20.65,18.14109327793883,11.689142263445977,3.965074559884153,2.1422081801940607,4.832917654045577,4.208446636755758,1.8315277511746573,0.34978080194133826,1.0843848407911194,0.7808992900053006,1.3361616689690479,1.6460592204036701,0.7976377403107244,0.8249004847664725,2.1105901782208405,2.256213642366342,1.2474780519886652,1.007133629240483,2.0078263977369266,2.0419692614722997,1.159170582285273,0.7495032990504533,1.168830409224486,0.9107433176220808,0.822217432115074,1.5137259126066915,1.6219259281317153,0.931340265872781,0.6247964458935454,1.3314751438422958,1.5388407939149158,0,E_coli
7.83,7.645850044283877,7.109167633043014,6.26569630541076,5.1866939889616175,3.962272439561288,2.6942102863948136,1.495020830971069,0.5741487332124001,0.7548811356552978,1.3208746637504774,1.6811240993136287,1.798932472350583,1.7017590912793108,1.4441666070990542,1.0988010775258443,0.7542545989253231,0.5203071718503237,0.47169224485877953,0.5011096099886403,0.47696321671778813,0.37740278823597073,0.3124650764488823,0.4758730541885333,0.7713321153372239,1.0682940959974974,1.299278618246683,1.4224848224376907,1.4166698679262781,1.2833853299587408,1.052229302902602,0.7969024319337364,2,Yeast
7.83,7.645850044283877,7.109167633043014,6.26569630541076,5.1866939889616175,3.962272439561288,2.6942102863948136,1.495020830971069,0.5741487332124001,0.7548811356552978,1.3208746637504774,1.6811240993136287,1.798932472350583,1.7017590912793108,1.4441666070990542,1.0988010775258443,0.7542545989253231,0.5203071718503237,0.47169224485877953,0.5011096099886403,0.47696321671778813,0.37740278823597073,0.3124650764488823,0.4758730541885333,0.7713321153372239,1.0682940959974974,1.299278618246683,1.4224848224376907,1.4166698679262781,1.2833853299587408,1.052229302902602,0.7969024319337364,1,Mammalian
7.05,6.929150651165914,6.574561819780683,6.009526148263542,5.270980176654463,4.406920372708446,3.4733546751260533,2.5317838828147576,1.6505994621021718,0.9283732712572269,0.6125384350245806,0.8253889917172779,1.1084966059183208,1.274672696838397,1.3007302693816427,1.2048247805301893,1.0259142264341594,0.8218768905976758,0.6714875928157215,0.6430784168982322,0.7106057892709261,0.7838799712918391,0.7986533515119921,0.7265655918086373,0.5629577388294983,0.32157470682944705,0.09842798348876296,0.3583008559309938,0.6924179837626225,0.9974936928106136,1.2402462575930746,1.396235104497371,1,Mammalian
7.05,6.929150651165914,6.574561819780683,6.009526148263542,5.270980176654463,4.406920372708446,3.4733546751260533,2.5317838828147576,1.6505994621021718,0.9283732712572269,0.6125384350245806,0.8253889917172779,1.1084966059183208,1.274672696838397,1.3007302693816427,1.2048247805301893,1.0259142264341594,0.8218768905976758,0.6714875928157215,0.6430784168982322,0.7106057892709261,0.7838799712918391,0.7986533515119921,0.7265655918086373,0.5629577388294983,0.32157470682944705,0.09842798348876296,0.3583008559309938,0.6924179837626225,0.9974936928106136,1.2402462575930746,1.396235104497371,2,Yeast
8.07,7.878762476147336,7.321607205850235,6.446616380212621,5.328893145023671,4.064082044677738,2.7625586480057325,1.5567133650674712,0.7355305629792421,0.9551454515103686,1.4898487675849366,1.8327117654094638,1.9304662448969698,1.8080922097636076,1.523362297378841,1.1571889509691113,0.8154140052758476,0.629719439379289,0.6413290915505319,0.6998059358483688,0.6803490480132462,0.5511313446334986,0.3514630637681791,0.2938710612558848,0.5451557492345094,0.8525813988218922,1.1023313735316205,1.2443828925657576,1.2535242714445525,1.127112077935362,0.8877453769446104,0.597121785814368,2,Yeast
8.07,7.878762476147336,7.321607205850235,6.446616380212621,5.328893145023671,4.064082044677738,2.7625586480057325,1.5567133650674712,0.7355305629792421,0.9551454515103686,1.4898487675849366,1.8327117654094638,1.9304662448969698,1.8080922097636076,1.523362297378841,1.1571889509691113,0.8154140052758476,0.629719439379289,0.6413290915505319,0.6998059358483688,0.6803490480132462,0.5511313446334986,0.3514630637681791,0.2938710612558848,0.5451557492345094,0.8525813988218922,1.1023313735316205,1.2443828925657576,1.2535242714445525,1.127112077935362,0.8877453769446104,0.597121785814368,1,Mammalian
11.38,10.806950037886876,9.185031758384762,6.787104440544549,4.01066065905271,1.3320617584913774,1.1335009148310122,2.6176939876089986,3.279026677823914,3.1170027592217093,2.3153084653554448,1.1574170896857379,0.06907195189323935,1.0291484805744429,1.6170614219403296,1.7785478177265375,1.623083485221879,1.3883803259788599,1.3176468735671354,1.3849140310463988,1.3733197362500793,1.1921049769444012,0.9866959322500098,1.0725202741200301,1.4032761831225762,1.6452599264155807,1.598350767898077,1.2075575272378787,0.5372364892806086,0.3382448227101927,1.1012443044511024,1.6579953590105394,1,Mammalian
11.38,10.806950037886876,9.185031758384762,6.787104440544549,4.01066065905271,1.3320617584913774,1.1335009148310122,2.6176939876089986,3.279026677823914,3.1170027592217093,2.3153084653554448,1.1574170896857379,0.06907195189323935,1.0291484805744429,1.6170614219403296,1.7785478177265375,1.623083485221879,1.3883803259788599,1.3176468735671354,1.3849140310463988,1.3733197362500793,1.1921049769444012,0.9866959322500098,1.0725202741200301,1.4032761831225762,1.6452599264155807,1.598350767898077,1.2075575272378787,0.5372364892806086,0.3382448227101927,1.1012443044511024,1.6579953590105394,2,Yeast
8.49,8.2849226721764,7.686954371061292,6.7461572943912005,5.540392179828071,4.167585968287294,2.7360977494554932,1.354214992180935,0.12016529017135939,0.8884721026532014,1.6180057995077353,2.046331622968396,2.1817048563786865,2.0611259021432247,1.7462765867921908,1.320059055594038,0.8920201791439476,0.6283149506109934,0.6603631582920868,0.8063717748654327,0.8798077711697145,0.8253233858658985,0.6457079731476493,0.3715351352920517,0.05059943713158279,0.2746567565841553,0.5451750804180188,0.7253905257408856,0.7900358847185343,0.7316353704063568,0.5611085118783159,0.30653729904522403,1,Mammalian
8.49,8.2849226721764,7.686954371061292,6.7461572943912005,5.540392179828071,4.167585968287294,2.7360977494554932,1.354214992180935,0.12016529017135939,0.8884721026532014,1.6180057995077353,2.046331622968396,2.1817048563786865,2.0611259021432247,1.7462765867921908,1.320059055594038,0.8920201791439476,0.6283149506109934,0.6603631582920868,0.8063717748654327,0.8798077711697145,0.8253233858658985,0.6457079731476493,0.3715351352920517,0.05059943713158279,0.2746567565841553,0.5451750804180188,0.7253905257408856,0.7900358847185343,0.7316353704063568,0.5611085118783159,0.30653729904522403,2,Yeast
12.469999999999999,11.785727615375967,9.86875637255997,7.095062736435628,3.994889127453692,1.1510394159440303,1.119998565064307,2.3006609819197337,2.488295779171826,1.8540783864982913,0.7797790656395877,0.6719626669272164,1.5559788496524842,2.0094144930958917,1.9319139537751104,1.4454277178551007,0.8407734534343956,0.6217098021930758,0.7907604270503605,0.7795679618765998,0.524160527474709,0.49709463085564626,0.9376064233410615,1.3016533367912373,1.373384183451839,1.1204342831364678,0.6763208586129958,0.5209562212317992,0.8620014038409929,1.0872804825290292,0.996336386686664,0.6010218700694204,2,Yeast
12.469999999999999,11.785727615375967,9.86875637255997,7.095062736435628,3.994889127453692,1.1510394159440303,1.119998565064307,2.3006609819197337,2.488295779171826,1.8540783864982913,0.7797790656395877,0.6719626669272164,1.5559788496524842,2.0094144930958917,1.9319139537751104,1.4454277178551007,0.8407734534343956,0.6217098021930758,0.7907604270503605,0.7795679618765998,0.524160527474709,0.49709463085564626,0.9376064233410615,1.3016533367912373,1.373384183451839,1.1204342831364678,0.6763208586129958,0.5209562212317992,0.8620014038409929,1.0872804825290292,0.996336386686664,0.6010218700694204,1,Mammalian
8.03,7.867837159112275,7.392602800174919,6.637176091583952,5.653486881447078,4.508475052855308,3.278963354262405,2.0461069851600797,0.8922891591801149,0.21038037437763754,0.9718836354515207,1.5476481896153669,1.8693416554339661,1.9365270333730198,1.7708040801460236,1.4125848780612784,0.9204890004774638,0.4011247929126229,0.4285608735695803,0.9324238050545482,1.3860579813319758,1.709204751238016,1.8695494320428467,1.8560783399848872,1.6763114437387954,1.354476269445891,0.9291692851061366,0.45386908638712165,0.15649641833324915,0.532355309749578,0.8827701895390481,1.1110332286562095,2,Mammalian
8.62,8.416402421964788,7.822715797937214,6.888570724430808,5.691240423682319,4.328090954383825,2.907192568236269,1.537277027877281,0.32340724262209347,0.685267955982103,1.3932145048395619,1.7950635261806585,1.8947056514858742,1.7258615683622385,1.3474464182694277,0.8442106871522486,0.39623225512317933,0.5656643433881402,1.0180964763218636,1.389318001833977,1.6141016221917919,1.677193937643991,1.5892411710124859,1.3804598171292537,1.0957224810231716,0.7913664492306784,0.5384658249149052,0.42400330940760983,0.45710927283266883,0.5293467935517262,0.5773534705459744,0.5962880530841171,2,Mammalian
9.67,9.367997636302682,8.49682186945878,7.156286091807555,5.497841555891281,3.7046409136895364,1.968974581584395,0.4944690254797191,0.7520571607734503,1.4562739627418262,1.724309834801078,1.5951910445149275,1.1796478097839609,0.6854898382024359,0.6199887850098945,1.020559646283784,1.3514806694880988,1.4500214440701376,1.2915473942645543,0.9366505504519845,0.6107591343593253,0.7943774002772909,1.2745367441629127,1.6806791004355677,1.8795238830430905,1.8227342324459836,1.5209363897761645,1.0480541129937033,0.6144449128957684,0.7254577814516087,1.1715547918187637,1.5223200963417844,2,Mammalian
10.47,10.073677064368772,8.940459653471194,7.228603017502369,5.173689067033663,3.0534451213843288,1.1691292236393958,0.6238031552054942,1.4724331006845217,1.818835276622845,1.6321502269915231,1.0509427265784679,0.3849459792987719,0.7578621733646721,1.3845304197780444,1.7314499800829686,1.7118703221914913,1.3373934094246718,0.7013736808239982,0.26960786661404745,0.9565963747658078,1.5853554444092715,1.967240521689816,2.047325540620477,1.835794314188974,1.3974988602351324,0.8338023617715181,0.2596683109249766,0.2410008432826955,0.5829117069902526,0.7694754755676451,0.8378154958716892,2,Mammalian
11.06,10.575306027566084,9.201628186441605,7.164974188365665,4.795587787834073,2.47818321458964,0.766694170696076,1.2137365553526955,1.8190573984197496,1.7944607597275222,1.248612049691479,0.46095995957059555,0.6404704777958361,1.3256442493495417,1.7002169208683648,1.6806487564023183,1.3118688958886098,0.7489764112557817,0.45176648234574823,0.8587368749351628,1.2617649080829993,1.4694226240004507,1.504945964287554,1.4576461970310146,1.3992248501418107,1.314526463266865,1.12751630896505,0.7880270642713726,0.3567697478472297,0.4397254357469365,0.9304841758372804,1.3036707819136601,2,Mammalian
12.11,11.43604039531098,9.556134265892105,6.864005576797966,3.9249383347584295,1.4802485987915885,1.3561484189613702,2.1280062004198244,2.0831937825965596,1.3134770846273751,0.20657801687327448,0.931958769942095,1.6314228133989732,1.7621017881020533,1.348327229146447,0.677393444865057,0.7310950690573695,1.2898880072783336,1.4866684603701756,1.1701193859361583,0.47011505979582113,0.7384933872742837,1.659571719043959,2.2934919943549392,2.447060208525945,2.099258991140608,1.397352809745591,0.7064105411911201,0.7625683594395186,1.095164178016068,1.0941399761751158,0.7407227703250927,2,Mammalian
13.21,12.31004979691428,9.834223549145293,6.3966656179643575,2.8803861174926624,1.1770762275528364,2.4561245055304166,2.831388229203473,2.0738020793282366,0.6807639731607612,0.947895359069847,1.9340572396918947,2.130535656146618,1.5100083026609865,0.3534176730905519,0.9258456129643687,1.8304371062672435,2.070548168221074,1.577278807613133,0.5537075879985011,0.7868752926749127,1.8331971747529,2.395471645234659,2.346683943607505,1.7919667786468267,1.0239889057531433,0.5026510690237259,0.5033275055670949,0.3663617144588389,0.127612167590451,0.7529535165671282,1.2843158131361305,2,Mammalian
13.780000000000001,12.743007223342627,9.915112092992485,6.06545845963407,2.3105087003921323,1.587449792243563,2.9484133635297445,2.9797950746142337,1.854429183597179,0.4144452034836645,1.3931386970674393,2.124600211053347,1.9463038061751794,1.0132996503946954,0.3022246163205335,1.3814123022299631,1.9289893727027116,1.7743724993820427,1.0339518964939176,0.09854527800274517,0.9653710198144831,1.6086449480174627,1.865713981200417,1.8354811487195264,1.6687397649193554,1.4181388430624506,1.036364957066799,0.5200943647651561,0.20569354288021222,0.6081788712982377,0.8683537096312803,0.9302161128133821,2,Mammalian
14.440000000000001,13.21512191100463,9.920286053104086,5.574118183942176,1.7274596244335612,2.2427636687092463,3.3180856020504486,2.8354209017109757,1.3269558715845644,0.45817977394872317,1.5741605061467836,1.828807887144405,1.3059450090661398,0.6235012113186792,0.8953351948574774,1.2718063348023563,1.319469590403659,1.2419617861641106,1.1194000981769696,0.7459478791989471,0.35420697858979794,1.2049507917206481,2.074693604985793,2.464017879729088,2.2042658902381205,1.4186626520603123,0.47118230285892265,0.3040703337249117,0.4657556178570343,0.07579941569798265,0.6456030164863746,1.3121131047297898,2,Mammalian
15.73,14.095958476730779,9.804027939418317,4.466258021259813,1.4508571123900222,3.4705166939648278,3.6669620302628094,2.1165168691598817,0.03719028832485448,1.3760368394306943,1.4880806671570102,0.6068435596407002,1.1039250335557438,1.8520488045519903,1.5323408448789813,0.23672385671769125,1.3532553343696818,2.379876906772869,2.291809979323007,1.2396485556131926,1.2461401402095549,2.4945692630114804,2.924656638583451,2.266495113790854,1.00976080457419,0.8709064831487803,1.4357032624408377,1.2634146451838806,0.8503516394261542,1.2232940159838077,1.4883278543879361,1.0458217926281503,2,Mammalian
33.96,19.151345760140096,4.217807041986305,6.89679140031753,2.4071496683956126,3.1548594164486397,2.5707771966905884,1.4986899505056874,2.4496318710293425,2.256208145996325,3.4953727111395927,0.40561940788668316,2.336903264131324,0.552676058939944,2.0989211893878505,2.0252657418571993,1.8582787734890565,0.4282741549173785,2.838058513631934,4.252586788403491,1.59582358112561,1.0409930155716716,2.5394734900442244,2.3693724727814702,1.543924770329593,1.5784088569666324,2.65916914773388,3.3083946077707074,0.6842957737401973,2.224593943823723,1.2478082876828274,1.8777877580004978,2,Mammalian
18.439999999999998,15.411588523354327,8.0958529168855,0.5878900235297726,3.519422780417386,3.2291621958715395,0.5234923594191172,1.8416308939890125,1.9309534663159729,0.6106624850535369,1.5112156316022591,1.5698032551187462,0.40116084428928867,1.1002875055786372,1.2262817683936476,0.24707539859379524,1.1829623831720095,1.5542916862004446,0.8748885764862767,0.36327194742063684,0.5592420395542492,0.037139049387101546,0.8026682538277032,0.914358322061703,0.16437369291443968,0.9240104060490034,1.3522150063155307,0.8906168659838031,0.49958143568737884,0.7923819015059148,0.47390913350428215,0.5173775972802374,0,E_coli
18.439999999999998,15.411588523354327,8.0958529168855,0.5878900235297726,3.519422780417386,3.2291621958715395,0.5234923594191172,1.8416308939890125,1.9309534663159729,0.6106624850535369,1.5112156316022591,1.5698032551187462,0.40116084428928867,1.1002875055786372,1.2262817683936476,0.24707539859379524,1.1829623831720095,1.5542916862004446,0.8748885764862767,0.36327194742063684,0.5592420395542492,0.037139049387101546,0.8026682538277032,0.914358322061703,0.16437369291443968,0.9240104060490034,1.3522150063155307,0.8906168659838031,0.49958143568737884,0.7923819015059148,0.47390913350428215,0.5173775972802374,0,Mammalian
18.439999999999998,15.411588523354327,8.0958529168855,0.5878900235297726,3.519422780417386,3.2291621958715395,0.5234923594191172,1.8416308939890125,1.9309534663159729,0.6106624850535369,1.5112156316022591,1.5698032551187462,0.40116084428928867,1.1002875055786372,1.2262817683936476,0.24707539859379524,1.1829623831720095,1.5542916862004446,0.8748885764862767,0.36327194742063684,0.5592420395542492,0.037139049387101546,0.8026682538277032,0.914358322061703,0.16437369291443968,0.9240104060490034,1.3522150063155307,0.8906168659838031,0.49958143568737884,0.7923819015059148,0.47390913350428215,0.5173775972802374,1,Yeast
2.09,2.0827730420502686,2.061162967644609,2.025381573344297,1.9757798642405806,1.9128451310513046,1.8371969890620603,1.7495825351036343,1.6508708703105914,1.5420473887809207,1.424208505576173,1.2985580222108815,1.1664074046401023,1.0291846213681408,0.8884618532512999,0.7460272451119431,0.6040695324215581,0.46569136659722415,0.3365404057518802,0.23067381162069148,0.18514462021566722,0.2293041776855773,0.3209138012033502,0.4235053525618375,0.5242378940518803,0.6181375413010912,0.7026746674123094,0.7762668108717665,0.8378001934037802,0.8864525312328223,0.921619938707977,0.9428845931163393,0,Mammalian
2.09,2.0827730420502686,2.061162967644609,2.025381573344297,1.9757798642405806,1.9128451310513046,1.8371969890620603,1.7495825351036343,1.6508708703105914,1.5420473887809207,1.424208505576173,1.2985580222108815,1.1664074046401023,1.0291846213681408,0.8884618532512999,0.7460272451119431,0.6040695324215581,0.46569136659722415,0.3365404057518802,0.23067381162069148,0.18514462021566722,0.2293041776855773,0.3209138012033502,0.4235053525618375,0.5242378940518803,0.6181375413010912,0.7026746674123094,0.7762668108717665,0.8378001934037802,0.8864525312328223,0.921619938707977,0.9428845931163393,1,Yeast
2.09,2.0827730420502686,2.061162967644609,2.025381573344297,1.9757798642405806,1.9128451310513046,1.8371969890620603,1.7495825351036343,1.6508708703105914,1.5420473887809207,1.424208505576173,1.2985580222108815,1.1664074046401023,1.0291846213681408,0.8884618532512999,0.7460272451119431,0.6040695324215581,0.46569136659722415,0.3365404057518802,0.23067381162069148,0.18514462021566722,0.2293041776855773,0.3209138012033502,0.4235053525618375,0.5242378940518803,0.6181375413010912,0.7026746674123094,0.7762668108717665,0.8378001934037802,0.8864525312328223,0.921619938707977,0.9428845931163393,0,E_coli
16.380000000000003,14.538876297448068,9.756033463614402,3.923027909692464,1.2042591871231398,3.3604800432968367,2.9714995099828836,0.9083943787863443,1.4399578213865005,2.5824455108225743,2.1925939916555794,0.7568035055715415,0.7155240936279921,1.3320150689131052,0.8173035792997758,0.4406880617779498,1.5689486925964151,1.9392156882355114,1.3775327824673753,0.3062397561380134,0.7006068531095356,0.9861551917137689,0.5721120570671038,0.44929607383715076,0.9464256297395177,0.8835417157691128,0.3577473181838725,0.8047317652292261,1.323833493700513,1.2621114391881716,0.7990345735607802,0.6740929640643986,0,E_coli
16.380000000000003,14.538876297448068,9.756033463614402,3.923027909692464,1.2042591871231398,3.3604800432968367,2.9714995099828836,0.9083943787863443,1.4399578213865005,2.5824455108225743,2.1925939916555794,0.7568035055715415,0.7155240936279921,1.3320150689131052,0.8173035792997758,0.4406880617779498,1.5689486925964151,1.9392156882355114,1.3775327824673753,0.3062397561380134,0.7006068531095356,0.9861551917137689,0.5721120570671038,0.44929607383715076,0.9464256297395177,0.8835417157691128,0.3577473181838725,0.8047317652292261,1.323833493700513,1.2621114391881716,0.7990345735607802,0.6740929640643986,1,Yeast
16.380000000000003,14.538876297448068,9.756033463614402,3.923027909692464,1.2042591871231398,3.3604800432968367,2.9714995099828836,0.9083943787863443,1.4399578213865005,2.5824455108225743,2.1925939916555794,0.7568035055715415,0.7155240936279921,1.3320150689131052,0.8173035792997758,0.4406880617779498,1.5689486925964151,1.9392156882355114,1.3775327824673753,0.3062397561380134,0.7006068531095356,0.9861551917137689,0.5721120570671038,0.44929607383715076,0.9464256297395177,0.8835417157691128,0.3577473181838725,0.8047317652292261,1.323833493700513,1.2621114391881716,0.7990345735607802,0.6740929640643986,0,Mammalian
14.36,13.131362755483634,9.84197479938787,5.54071618732775,1.6599133588886565,1.6338311573016542,2.4233105704365325,1.6821434896248106,0.0761065209314021,1.480731352786754,2.234264966531436,1.9297758344438487,0.8555541290023013,0.5818114376863388,1.3361527327432057,1.2673633410813478,0.37121422386541136,0.9570192036858872,2.09617605824537,2.5728437893237954,2.234663647778338,1.3938112700277687,1.0574080528770489,1.5519226356179123,1.7332650684392499,1.3694287126135674,0.7923928420417138,0.6937690803646132,0.9220591925837015,1.0719701994572228,1.3747369159110163,1.7897194079648293,1,Yeast
14.36,13.131362755483634,9.84197479938787,5.54071618732775,1.6599133588886565,1.6338311573016542,2.4233105704365325,1.6821434896248106,0.0761065209314021,1.480731352786754,2.234264966531436,1.9297758344438487,0.8555541290023013,0.5818114376863388,1.3361527327432057,1.2673633410813478,0.37121422386541136,0.9570192036858872,2.09617605824537,2.5728437893237954,2.234663647778338,1.3938112700277687,1.0574080528770489,1.5519226356179123,1.7332650684392499,1.3694287126135674,0.7923928420417138,0.6937690803646132,0.9220591925837015,1.0719701994572228,1.3747369159110163,1.7897194079648293,0,E_coli
14.36,13.131362755483634,9.84197479938787,5.54071618732775,1.6599133588886565,1.6338311573016542,2.4233105704365325,1.6821434896248106,0.0761065209314021,1.480731352786754,2.234264966531436,1.9297758344438487,0.8555541290023013,0.5818114376863388,1.3361527327432057,1.2673633410813478,0.37121422386541136,0.9570192036858872,2.09617605824537,2.5728437893237954,2.234663647778338,1.3938112700277687,1.0574080528770489,1.5519226356179123,1.7332650684392499,1.3694287126135674,0.7923928420417138,0.6937690803646132,0.9220591925837015,1.0719701994572228,1.3747369159110163,1.7897194079648293,0,Mammalian
13.18,12.304501721965648,9.874050502546948,6.424741652041461,2.69299304950838,0.61934689371077,2.847393891629655,3.8011353603491793,3.5308916601825207,2.3863174370338913,0.876234088789746,0.5694145035362086,1.4753571549171478,1.7842410751239162,1.5670242800349024,1.0589602721666864,0.5442425929675118,0.2569353275758863,0.24163452276562108,0.3882505664767829,0.5915780732767976,0.6710022591247404,0.5375654034046848,0.46584148712852524,0.9092876794796724,1.4283676470442148,1.6818037808594388,1.5033397072502113,0.8842765879250942,0.16815810402100323,1.0412951856430925,1.769041116151189,1,Yeast
13.18,12.304501721965648,9.874050502546948,6.424741652041461,2.69299304950838,0.61934689371077,2.847393891629655,3.8011353603491793,3.5308916601825207,2.3863174370338913,0.876234088789746,0.5694145035362086,1.4753571549171478,1.7842410751239162,1.5670242800349024,1.0589602721666864,0.5442425929675118,0.2569353275758863,0.24163452276562108,0.3882505664767829,0.5915780732767976,0.6710022591247404,0.5375654034046848,0.46584148712852524,0.9092876794796724,1.4283676470442148,1.6818037808594388,1.5033397072502113,0.8842765879250942,0.16815810402100323,1.0412951856430925,1.769041116151189,0,Mammalian
13.18,12.304501721965648,9.874050502546948,6.424741652041461,2.69299304950838,0.61934689371077,2.847393891629655,3.8011353603491793,3.5308916601825207,2.3863174370338913,0.876234088789746,0.5694145035362086,1.4753571549171478,1.7842410751239162,1.5670242800349024,1.0589602721666864,0.5442425929675118,0.2569353275758863,0.24163452276562108,0.3882505664767829,0.5915780732767976,0.6710022591247404,0.5375654034046848,0.46584148712852524,0.9092876794796724,1.4283676470442148,1.6818037808594388,1.5033397072502113,0.8842765879250942,0.16815810402100323,1.0412951856430925,1.769041116151189,0,E_coli
13.389999999999999,12.473947489034021,9.947035219904068,6.414351790238718,2.731398089850474,1.0367259387180259,2.732160559153501,3.3366077960587637,2.782430127092372,1.6018846873148875,0.9678205494108958,1.5372953976154085,1.7499884290281185,1.2477722133801248,0.24554273085557288,0.9572643104568362,1.8370900903330794,2.160579655966709,1.8729255991719689,1.1906668242297225,0.7441725869937308,1.061729664821065,1.2695232264853502,1.025578257144275,0.4982796281694869,0.6517550181053476,1.19056084369006,1.3765578946947312,1.1097802186901407,0.645866594060715,0.8594454719809778,1.4164244668985455,0,Mammalian
13.389999999999999,12.473947489034021,9.947035219904068,6.414351790238718,2.731398089850474,1.0367259387180259,2.732160559153501,3.3366077960587637,2.782430127092372,1.6018846873148875,0.9678205494108958,1.5372953976154085,1.7499884290281185,1.2477722133801248,0.24554273085557288,0.9572643104568362,1.8370900903330794,2.160579655966709,1.8729255991719689,1.1906668242297225,0.7441725869937308,1.061729664821065,1.2695232264853502,1.025578257144275,0.4982796281694869,0.6517550181053476,1.19056084369006,1.3765578946947312,1.1097802186901407,0.645866594060715,0.8594454719809778,1.4164244668985455,1,Yeast
13.389999999999999,12.473947489034021,9.947035219904068,6.414351790238718,2.731398089850474,1.0367259387180259,2.732160559153501,3.3366077960587637,2.782430127092372,1.6018846873148875,0.9678205494108958,1.5372953976154085,1.7499884290281185,1.2477722133801248,0.24554273085557288,0.9572643104568362,1.8370900903330794,2.160579655966709,1.8729255991719689,1.1906668242297225,0.7441725869937308,1.061729664821065,1.2695232264853502,1.025578257144275,0.4982796281694869,0.6517550181053476,1.19056084369006,1.3765578946947312,1.1097802186901407,0.645866594060715,0.8594454719809778,1.4164244668985455,0,E_coli
13.389999999999999,12.508088708815668,10.069032364623636,6.641203099405049,3.044688652761133,1.1387224346423737,2.698904702971055,3.45222352691969,3.082502362746342,2.0156436152983934,1.1037238426895912,1.3627970426220282,1.7224210902023098,1.519574431124981,0.850261177662294,0.43919532498471975,1.0307764064044151,1.3782281735712016,1.2559437747063062,0.7532277346829634,0.10499938652985154,0.4166130324842303,0.6037801587650025,0.3938283476165789,0.11652975441154693,0.7085576523841184,1.1349177291549195,1.2134479534145082,0.9207126178141796,0.5720487557231975,0.9166061073271105,1.4387100010494898,0,Mammalian
13.389999999999999,12.508088708815668,10.069032364623636,6.641203099405049,3.044688652761133,1.1387224346423737,2.698904702971055,3.45222352691969,3.082502362746342,2.0156436152983934,1.1037238426895912,1.3627970426220282,1.7224210902023098,1.519574431124981,0.850261177662294,0.43919532498471975,1.0307764064044151,1.3782281735712016,1.2559437747063062,0.7532277346829634,0.10499938652985154,0.4166130324842303,0.6037801587650025,0.3938283476165789,0.11652975441154693,0.7085576523841184,1.1349177291549195,1.2134479534145082,0.9207126178141796,0.5720487557231975,0.9166061073271105,1.4387100010494898,0,E_coli
13.389999999999999,12.508088708815668,10.069032364623636,6.641203099405049,3.044688652761133,1.1387224346423737,2.698904702971055,3.45222352691969,3.082502362746342,2.0156436152983934,1.1037238426895912,1.3627970426220282,1.7224210902023098,1.519574431124981,0.850261177662294,0.43919532498471975,1.0307764064044151,1.3782281735712016,1.2559437747063062,0.7532277346829634,0.10499938652985154,0.4166130324842303,0.6037801587650025,0.3938283476165789,0.11652975441154693,0.7085576523841184,1.1349177291549195,1.2134479534145082,0.9207126178141796,0.5720487557231975,0.9166061073271105,1.4387100010494898,1,Yeast
13.69,12.773522377366659,10.245098239242102,6.708436599357651,3.0073581846763573,0.8680824320245424,2.440252790780043,3.0451362469940744,2.5013078072460404,1.3743480278968723,1.0661229654612723,1.785689071817515,2.0190089530730537,1.5206691017152225,0.5057617123688098,0.6954026703883801,1.5740711546813888,1.9031408393874027,1.6294200117965705,1.0023734130548365,0.8082499448830672,1.2753942534099165,1.5061102668506818,1.2610066845340568,0.6794551150811975,0.4969522245763957,0.9693292388136655,1.1512216905485038,0.9025140569916317,0.5843216777464381,1.0337013176982717,1.630482950134358,0,E_coli
13.69,12.773522377366659,10.245098239242102,6.708436599357651,3.0073581846763573,0.8680824320245424,2.440252790780043,3.0451362469940744,2.5013078072460404,1.3743480278968723,1.0661229654612723,1.785689071817515,2.0190089530730537,1.5206691017152225,0.5057617123688098,0.6954026703883801,1.5740711546813888,1.9031408393874027,1.6294200117965705,1.0023734130548365,0.8082499448830672,1.2753942534099165,1.5061102668506818,1.2610066845340568,0.6794551150811975,0.4969522245763957,0.9693292388136655,1.1512216905485038,0.9025140569916317,0.5843216777464381,1.0337013176982717,1.630482950134358,1,Yeast
13.69,12.773522377366659,10.245098239242102,6.708436599357651,3.0073581846763573,0.8680824320245424,2.440252790780043,3.0451362469940744,2.5013078072460404,1.3743480278968723,1.0661229654612723,1.785689071817515,2.0190089530730537,1.5206691017152225,0.5057617123688098,0.6954026703883801,1.5740711546813888,1.9031408393874027,1.6294200117965705,1.0023734130548365,0.8082499448830672,1.2753942534099165,1.5061102668506818,1.2610066845340568,0.6794551150811975,0.4969522245763957,0.9693292388136655,1.1512216905485038,0.9025140569916317,0.5843216777464381,1.0337013176982717,1.630482950134358,0,Mammalian
13.229999999999999,12.377639198062122,10.020488277196797,6.704535253762349,3.184427930778123,0.6346156303291224,2.0280592864694515,2.7366202751125397,2.3486329902681518,1.3032884731564918,0.7072777129007265,1.3986341848394626,1.7384216324846264,1.4285471518051662,0.6390632184913696,0.43396081512960655,1.1790250209389113,1.504307913829072,1.3095006919212944,0.7400733054360358,0.41882256291873887,0.886456928253171,1.1448076614027536,0.9876514416352276,0.49327789026478425,0.14684835113477945,0.6255846897596307,0.7845662111052826,0.5548843502747509,0.23789455627588862,0.77679714785876,1.3061414752588616,0,E_coli
13.229999999999999,12.377639198062122,10.020488277196797,6.704535253762349,3.184427930778123,0.6346156303291224,2.0280592864694515,2.7366202751125397,2.3486329902681518,1.3032884731564918,0.7072777129007265,1.3986341848394626,1.7384216324846264,1.4285471518051662,0.6390632184913696,0.43396081512960655,1.1790250209389113,1.504307913829072,1.3095006919212944,0.7400733054360358,0.41882256291873887,0.886456928253171,1.1448076614027536,0.9876514416352276,0.49327789026478425,0.14684835113477945,0.6255846897596307,0.7845662111052826,0.5548843502747509,0.23789455627588862,0.77679714785876,1.3061414752588616,1,Yeast
13.229999999999999,12.377639198062122,10.020488277196797,6.704535253762349,3.184427930778123,0.6346156303291224,2.0280592864694515,2.7366202751125397,2.3486329902681518,1.3032884731564918,0.7072777129007265,1.3986341848394626,1.7384216324846264,1.4285471518051662,0.6390632184913696,0.43396081512960655,1.1790250209389113,1.504307913829072,1.3095006919212944,0.7400733054360358,0.41882256291873887,0.886456928253171,1.1448076614027536,0.9876514416352276,0.49327789026478425,0.14684835113477945,0.6255846897596307,0.7845662111052826,0.5548843502747509,0.23789455627588862,0.77679714785876,1.3061414752588616,0,Mammalian
13.569999999999999,12.703233409173864,10.305845744183443,6.933879860329736,3.3703805894491463,0.955019652362816,2.190583078583464,2.922414913095569,2.5631183932821884,1.5128478393645952,0.6699464916621012,1.2087805362720077,1.5715074636727975,1.3183399344539992,0.6546778285263637,0.6271240256898476,1.2539936203984454,1.5167468141752902,1.2840491366601987,0.7410447632925672,0.6497947373638736,1.1516731137931522,1.4172393939806711,1.260016209383489,0.7646071553539969,0.30350110083999554,0.5961816908335434,0.7999042373875273,0.6275872633979513,0.1396795613198894,0.47903613472450934,0.9787265920863116,1,Yeast
13.569999999999999,12.703233409173864,10.305845744183443,6.933879860329736,3.3703805894491463,0.955019652362816,2.190583078583464,2.922414913095569,2.5631183932821884,1.5128478393645952,0.6699464916621012,1.2087805362720077,1.5715074636727975,1.3183399344539992,0.6546778285263637,0.6271240256898476,1.2539936203984454,1.5167468141752902,1.2840491366601987,0.7410447632925672,0.6497947373638736,1.1516731137931522,1.4172393939806711,1.260016209383489,0.7646071553539969,0.30350110083999554,0.5961816908335434,0.7999042373875273,0.6275872633979513,0.1396795613198894,0.47903613472450934,0.9787265920863116,0,Mammalian
13.569999999999999,12.703233409173864,10.305845744183443,6.933879860329736,3.3703805894491463,0.955019652362816,2.190583078583464,2.922414913095569,2.5631183932821884,1.5128478393645952,0.6699464916621012,1.2087805362720077,1.5715074636727975,1.3183399344539992,0.6546778285263637,0.6271240256898476,1.2539936203984454,1.5167468141752902,1.2840491366601987,0.7410447632925672,0.6497947373638736,1.1516731137931522,1.4172393939806711,1.260016209383489,0.7646071553539969,0.30350110083999554,0.5961816908335434,0.7999042373875273,0.6275872633979513,0.1396795613198894,0.47903613472450934,0.9787265920863116,0,E_coli
13.19,12.337718019078624,9.980772302981789,6.665020829441132,3.144693383059781,0.6169182197749122,2.0581289253432558,2.768588834400327,2.3816655405083824,1.3404111022160912,0.7329860531674917,1.3975637699939836,1.7342132823211018,1.4267444616973677,0.6477059281968326,0.45840464260616637,1.1884864324004714,1.5099163845303052,1.3147566463444422,0.7533120563199192,0.45872660355357636,0.9155398239721232,1.1711896608720243,1.0139370010825548,0.5191042796538223,0.10896846576524333,0.5928371970644148,0.7522618592791728,0.5259065707455075,0.26046445506620647,0.8166834368799514,1.34614133498218,1,Yeast
13.19,12.337718019078624,9.980772302981789,6.665020829441132,3.144693383059781,0.6169182197749122,2.0581289253432558,2.768588834400327,2.3816655405083824,1.3404111022160912,0.7329860531674917,1.3975637699939836,1.7342132823211018,1.4267444616973677,0.6477059281968326,0.45840464260616637,1.1884864324004714,1.5099163845303052,1.3147566463444422,0.7533120563199192,0.45872660355357636,0.9155398239721232,1.1711896608720243,1.0139370010825548,0.5191042796538223,0.10896846576524333,0.5928371970644148,0.7522618592791728,0.5259065707455075,0.26046445506620647,0.8166834368799514,1.34614133498218,0,Mammalian
13.19,12.337718019078624,9.980772302981789,6.665020829441132,3.144693383059781,0.6169182197749122,2.0581289253432558,2.768588834400327,2.3816655405083824,1.3404111022160912,0.7329860531674917,1.3975637699939836,1.7342132823211018,1.4267444616973677,0.6477059281968326,0.45840464260616637,1.1884864324004714,1.5099163845303052,1.3147566463444422,0.7533120563199192,0.45872660355357636,0.9155398239721232,1.1711896608720243,1.0139370010825548,0.5191042796538223,0.10896846576524333,0.5928371970644148,0.7522618592791728,0.5259065707455075,0.26046445506620647,0.8166834368799514,1.34614133498218,0,E_coli
13.53,12.663294323050739,10.266052041615362,6.894169912084662,3.330401727652715,0.937312718549587,2.2170869625636445,2.952231689883398,2.5941915353054847,1.5476017825501889,0.7053805890566797,1.213497942397846,1.5720771361454415,1.323114635285089,0.6770005977739476,0.6589052065871731,1.2704723531033646,1.528556439046493,1.2966035401586151,0.7659486009238619,0.6882265874167406,1.1803297030069133,1.4426970654761178,1.2839296450779916,0.7840728780855568,0.2856431850588904,0.5563115297569854,0.7608167050163832,0.5883383166421075,0.09968682742906096,0.5184314933000655,1.0186004838884068,0,E_coli
13.53,12.663294323050739,10.266052041615362,6.894169912084662,3.330401727652715,0.937312718549587,2.2170869625636445,2.952231689883398,2.5941915353054847,1.5476017825501889,0.7053805890566797,1.213497942397846,1.5720771361454415,1.323114635285089,0.6770005977739476,0.6589052065871731,1.2704723531033646,1.528556439046493,1.2966035401586151,0.7659486009238619,0.6882265874167406,1.1803297030069133,1.4426970654761178,1.2839296450779916,0.7840728780855568,0.2856431850588904,0.5563115297569854,0.7608167050163832,0.5883383166421075,0.09968682742906096,0.5184314933000655,1.0186004838884068,1,Yeast
13.53,12.663294323050739,10.266052041615362,6.894169912084662,3.330401727652715,0.937312718549587,2.2170869625636445,2.952231689883398,2.5941915353054847,1.5476017825501889,0.7053805890566797,1.213497942397846,1.5720771361454415,1.323114635285089,0.6770005977739476,0.6589052065871731,1.2704723531033646,1.528556439046493,1.2966035401586151,0.7659486009238619,0.6882265874167406,1.1803297030069133,1.4426970654761178,1.2839296450779916,0.7840728780855568,0.2856431850588904,0.5563115297569854,0.7608167050163832,0.5883383166421075,0.09968682742906096,0.5184314933000655,1.0186004838884068,0,Mammalian
14.11,13.188433426824108,10.64383000674458,7.075438304152558,3.3022152057576384,0.5158053699982811,2.0926843165378637,2.795658604115463,2.38563361202475,1.5467256154186402,1.5416037476701918,2.143061416203139,2.26905913176696,1.6899709780348318,0.6458137621023259,0.7880657867918026,1.7139719951037709,2.130677852202844,1.969426432444884,1.4741868337947315,1.1768986672430797,1.3117079673561742,1.3473601609152346,0.9694218922780448,0.24114781603353577,0.6429787666176037,1.309488943483999,1.5597346473645803,1.3349362975248928,0.8466177181343141,0.7949568790492159,1.238057120301073,0,Mammalian
14.11,13.188433426824108,10.64383000674458,7.075438304152558,3.3022152057576384,0.5158053699982811,2.0926843165378637,2.795658604115463,2.38563361202475,1.5467256154186402,1.5416037476701918,2.143061416203139,2.26905913176696,1.6899709780348318,0.6458137621023259,0.7880657867918026,1.7139719951037709,2.130677852202844,1.969426432444884,1.4741868337947315,1.1768986672430797,1.3117079673561742,1.3473601609152346,0.9694218922780448,0.24114781603353577,0.6429787666176037,1.309488943483999,1.5597346473645803,1.3349362975248928,0.8466177181343141,0.7949568790492159,1.238057120301073,1,Yeast
14.11,13.188433426824108,10.64383000674458,7.075438304152558,3.3022152057576384,0.5158053699982811,2.0926843165378637,2.795658604115463,2.38563361202475,1.5467256154186402,1.5416037476701918,2.143061416203139,2.26905913176696,1.6899709780348318,0.6458137621023259,0.7880657867918026,1.7139719951037709,2.130677852202844,1.969426432444884,1.4741868337947315,1.1768986672430797,1.3117079673561742,1.3473601609152346,0.9694218922780448,0.24114781603353577,0.6429787666176037,1.309488943483999,1.5597346473645803,1.3349362975248928,0.8466177181343141,0.7949568790492159,1.238057120301073,0,E_coli
14.11,13.207463073474845,10.710525261610966,7.194812375244686,3.4564387546188793,0.6908409975106156,2.112771465756659,2.903661930537543,2.5853025164218337,1.7666531855204632,1.6318884318559257,2.2434798084487118,2.517092642498574,2.112829787673686,1.1584489060203542,0.33050625074988704,1.1884864324004714,1.7766272361197653,1.8254308730674296,1.4636366675311425,1.0876527742241757,1.1227142893762743,1.290655768601039,1.1991335966021481,0.8101918899760318,0.39304308113967124,0.557231372689981,0.7943819723671831,0.7361298848509662,0.39950422521887824,0.10993017744024815,0.4784938228252136,1,Yeast
14.11,13.207463073474845,10.710525261610966,7.194812375244686,3.4564387546188793,0.6908409975106156,2.112771465756659,2.903661930537543,2.5853025164218337,1.7666531855204632,1.6318884318559257,2.2434798084487118,2.517092642498574,2.112829787673686,1.1584489060203542,0.33050625074988704,1.1884864324004714,1.7766272361197653,1.8254308730674296,1.4636366675311425,1.0876527742241757,1.1227142893762743,1.290655768601039,1.1991335966021481,0.8101918899760318,0.39304308113967124,0.557231372689981,0.7943819723671831,0.7361298848509662,0.39950422521887824,0.10993017744024815,0.4784938228252136,0,E_coli
14.11,13.207463073474845,10.710525261610966,7.194812375244686,3.4564387546188793,0.6908409975106156,2.112771465756659,2.903661930537543,2.5853025164218337,1.7666531855204632,1.6318884318559257,2.2434798084487118,2.517092642498574,2.112829787673686,1.1584489060203542,0.33050625074988704,1.1884864324004714,1.7766272361197653,1.8254308730674296,1.4636366675311425,1.0876527742241757,1.1227142893762743,1.290655768601039,1.1991335966021481,0.8101918899760318,0.39304308113967124,0.557231372689981,0.7943819723671831,0.7361298848509662,0.39950422521887824,0.10993017744024815,0.4784938228252136,0,Mammalian
13.65,12.791812992947046,10.417293370543131,7.071518826660756,3.497516070238517,0.518748015613499,1.673568550297612,2.4541588038586872,2.1573926891011554,1.3386039533531764,1.2082610761128216,1.8330096645948317,2.0859517321119596,1.7191057624872224,0.9526936230467716,0.7428245617262662,1.3943098651304162,1.7726050198595074,1.6689642472952788,1.2348383536421603,0.905586992345385,1.016498644841181,1.1253800681404802,0.9111463427270876,0.4338856819634438,0.4452999450426377,0.9209400607352146,1.1205771624707694,0.9349325692354924,0.46431815971085333,0.3572038914469736,0.8026586649461613,1,Yeast
13.65,12.791812992947046,10.417293370543131,7.071518826660756,3.497516070238517,0.518748015613499,1.673568550297612,2.4541588038586872,2.1573926891011554,1.3386039533531764,1.2082610761128216,1.8330096645948317,2.0859517321119596,1.7191057624872224,0.9526936230467716,0.7428245617262662,1.3943098651304162,1.7726050198595074,1.6689642472952788,1.2348383536421603,0.905586992345385,1.016498644841181,1.1253800681404802,0.9111463427270876,0.4338856819634438,0.4452999450426377,0.9209400607352146,1.1205771624707694,0.9349325692354924,0.46431815971085333,0.3572038914469736,0.8026586649461613,0,Mammalian
13.65,12.791812992947046,10.417293370543131,7.071518826660756,3.497516070238517,0.518748015613499,1.673568550297612,2.4541588038586872,2.1573926891011554,1.3386039533531764,1.2082610761128216,1.8330096645948317,2.0859517321119596,1.7191057624872224,0.9526936230467716,0.7428245617262662,1.3943098651304162,1.7726050198595074,1.6689642472952788,1.2348383536421603,0.905586992345385,1.016498644841181,1.1253800681404802,0.9111463427270876,0.4338856819634438,0.4452999450426377,0.9209400607352146,1.1205771624707694,0.9349325692354924,0.46431815971085333,0.3572038914469736,0.8026586649461613,0,E_coli
13.989999999999998,13.118884315819946,10.707539049749176,7.307614601348204,3.6795947871594255,0.8032213828923158,1.7896941581723653,2.600766104285799,2.33400280675222,1.4715183425837202,1.0962404071412026,1.6392922760726285,1.9320776940700912,1.6638150038908388,1.0941654674741743,1.0270090513036965,1.5239750654128172,1.7980139798286814,1.6386820212141404,1.2139641583470446,0.9979023690872205,1.1915430421178694,1.2973173508312779,1.0393372153487863,0.451919127801376,0.2755279525207866,0.8692922689312802,1.1387340591471413,1.0045142349195921,0.5446321243197727,0.12442304286616153,0.5644518498620466,0,Mammalian
13.989999999999998,13.118884315819946,10.707539049749176,7.307614601348204,3.6795947871594255,0.8032213828923158,1.7896941581723653,2.600766104285799,2.33400280675222,1.4715183425837202,1.0962404071412026,1.6392922760726285,1.9320776940700912,1.6638150038908388,1.0941654674741743,1.0270090513036965,1.5239750654128172,1.7980139798286814,1.6386820212141404,1.2139641583470446,0.9979023690872205,1.1915430421178694,1.2973173508312779,1.0393372153487863,0.451919127801376,0.2755279525207866,0.8692922689312802,1.1387340591471413,1.0045142349195921,0.5446321243197727,0.12442304286616153,0.5644518498620466,1,Yeast
13.989999999999998,13.118884315819946,10.707539049749176,7.307614601348204,3.6795947871594255,0.8032213828923158,1.7896941581723653,2.600766104285799,2.33400280675222,1.4715183425837202,1.0962404071412026,1.6392922760726285,1.9320776940700912,1.6638150038908388,1.0941654674741743,1.0270090513036965,1.5239750654128172,1.7980139798286814,1.6386820212141404,1.2139641583470446,0.9979023690872205,1.1915430421178694,1.2973173508312779,1.0393372153487863,0.451919127801376,0.2755279525207866,0.8692922689312802,1.1387340591471413,1.0045142349195921,0.5446321243197727,0.12442304286616153,0.5644518498620466,0,E_coli
13.99,13.110645649167527,10.674692792282212,7.233714485518284,3.545087478909273,0.5911978770797208,1.9757088605484971,2.8804320235008793,2.683516725524945,1.8366044399490404,1.1550389661667033,1.3133264874581403,1.4716570818549066,1.1503653415182435,0.6690482396865353,1.0635421997226642,1.6981460479004744,1.924406174688529,1.6163574583976088,0.8913174222705242,0.23798286569502447,0.8650478663441794,1.2851760290170364,1.2918999588681754,1.0040607470805099,0.7449324453354654,0.7607551092221818,0.7561711055720858,0.5051181603769409,0.4061653948200646,0.9568335974828814,1.4711724803231414,0,Mammalian
13.99,13.110645649167527,10.674692792282212,7.233714485518284,3.545087478909273,0.5911978770797208,1.9757088605484971,2.8804320235008793,2.683516725524945,1.8366044399490404,1.1550389661667033,1.3133264874581403,1.4716570818549066,1.1503653415182435,0.6690482396865353,1.0635421997226642,1.6981460479004744,1.924406174688529,1.6163574583976088,0.8913174222705242,0.23798286569502447,0.8650478663441794,1.2851760290170364,1.2918999588681754,1.0040607470805099,0.7449324453354654,0.7607551092221818,0.7561711055720858,0.5051181603769409,0.4061653948200646,0.9568335974828814,1.4711724803231414,0,E_coli
13.99,13.110645649167527,10.674692792282212,7.233714485518284,3.545087478909273,0.5911978770797208,1.9757088605484971,2.8804320235008793,2.683516725524945,1.8366044399490404,1.1550389661667033,1.3133264874581403,1.4716570818549066,1.1503653415182435,0.6690482396865353,1.0635421997226642,1.6981460479004744,1.924406174688529,1.6163574583976088,0.8913174222705242,0.23798286569502447,0.8650478663441794,1.2851760290170364,1.2918999588681754,1.0040607470805099,0.7449324453354654,0.7607551092221818,0.7561711055720858,0.5051181603769409,0.4061653948200646,0.9568335974828814,1.4711724803231414,1,Yeast
15.0,14.037308848295485,11.37362963747021,7.621654250398087,3.6300890586759658,0.7937176989353845,2.4357258585169146,3.3826387277584606,3.1903561053580294,2.4068521731938617,1.879418115615829,1.9524663182054258,1.9413478072961587,1.4874619707022299,1.0191305781721856,1.4584849553710413,2.1253235047869774,2.3495510593097517,1.9993688457088272,1.2305275583163084,0.4651813218816887,0.6465680114818105,0.9159276292717008,0.8457517004959497,0.8600162329890899,1.3077230779462121,1.7336245409991549,1.7789792009106473,1.3663193092977357,0.7612950746354531,0.9186378887961779,1.523981439907633,0,E_coli
15.0,14.037308848295485,11.37362963747021,7.621654250398087,3.6300890586759658,0.7937176989353845,2.4357258585169146,3.3826387277584606,3.1903561053580294,2.4068521731938617,1.879418115615829,1.9524663182054258,1.9413478072961587,1.4874619707022299,1.0191305781721856,1.4584849553710413,2.1253235047869774,2.3495510593097517,1.9993688457088272,1.2305275583163084,0.4651813218816887,0.6465680114818105,0.9159276292717008,0.8457517004959497,0.8600162329890899,1.3077230779462121,1.7336245409991549,1.7789792009106473,1.3663193092977357,0.7612950746354531,0.9186378887961779,1.523981439907633,1,Yeast
15.0,14.037308848295485,11.37362963747021,7.621654250398087,3.6300890586759658,0.7937176989353845,2.4357258585169146,3.3826387277584606,3.1903561053580294,2.4068521731938617,1.879418115615829,1.9524663182054258,1.9413478072961587,1.4874619707022299,1.0191305781721856,1.4584849553710413,2.1253235047869774,2.3495510593097517,1.9993688457088272,1.2305275583163084,0.4651813218816887,0.6465680114818105,0.9159276292717008,0.8457517004959497,0.8600162329890899,1.3077230779462121,1.7336245409991549,1.7789792009106473,1.3663193092977357,0.7612950746354531,0.9186378887961779,1.523981439907633,0,Mammalian
14.5,13.553060249572743,10.934215932458779,7.247511296066493,3.313960621258734,0.31884212537137036,2.358260742108664,3.2571828054161798,3.0296041669771863,2.298657267163643,1.966044442273749,2.171494411041707,2.1337722175614826,1.5133767094894786,0.5884525946746729,1.070027158426153,1.9743353311937666,2.3705432731703007,2.155027097654725,1.4744938943007004,0.6297125679051782,0.07165920819793033,0.36591394319444404,0.40970659412534083,0.780703907659281,1.3855516258418958,1.8121381224740738,1.8298480437735727,1.4497390131094094,1.1190892568018753,1.5115692604193594,2.123510592582126,0,E_coli
14.5,13.553060249572743,10.934215932458779,7.247511296066493,3.313960621258734,0.31884212537137036,2.358260742108664,3.2571828054161798,3.0296041669771863,2.298657267163643,1.966044442273749,2.171494411041707,2.1337722175614826,1.5133767094894786,0.5884525946746729,1.070027158426153,1.9743353311937666,2.3705432731703007,2.155027097654725,1.4744938943007004,0.6297125679051782,0.07165920819793033,0.36591394319444404,0.40970659412534083,0.780703907659281,1.3855516258418958,1.8121381224740738,1.8298480437735727,1.4497390131094094,1.1190892568018753,1.5115692604193594,2.123510592582126,0,Mammalian
14.5,13.553060249572743,10.934215932458779,7.247511296066493,3.313960621258734,0.31884212537137036,2.358260742108664,3.2571828054161798,3.0296041669771863,2.298657267163643,1.966044442273749,2.171494411041707,2.1337722175614826,1.5133767094894786,0.5884525946746729,1.070027158426153,1.9743353311937666,2.3705432731703007,2.155027097654725,1.4744938943007004,0.6297125679051782,0.07165920819793033,0.36591394319444404,0.40970659412534083,0.780703907659281,1.3855516258418958,1.8121381224740738,1.8298480437735727,1.4497390131094094,1.1190892568018753,1.5115692604193594,2.123510592582126,1,Yeast
14.23,13.29152112111097,10.697092014055121,7.047609091042623,3.1561391563247714,0.18472725115294328,2.3757818163215028,3.238725788762206,2.9962052373641477,2.3075424500793273,2.0810763491900666,2.3397331634406817,2.291991555734036,1.6178843568990093,0.49427774845109257,0.9164346847424866,1.929378138157474,2.4035553413661646,2.2548886932056913,1.6304608210508476,0.8297384242246728,0.1983808261896877,0.20488414848224834,0.3975721752140675,0.8974152748820657,1.5117209559730054,1.9201910194506984,1.924294272798576,1.5701893139754177,1.3415317148930246,1.7805223548377025,2.393383032920079,1,Yeast
14.23,13.29152112111097,10.697092014055121,7.047609091042623,3.1561391563247714,0.18472725115294328,2.3757818163215028,3.238725788762206,2.9962052373641477,2.3075424500793273,2.0810763491900666,2.3397331634406817,2.291991555734036,1.6178843568990093,0.49427774845109257,0.9164346847424866,1.929378138157474,2.4035553413661646,2.2548886932056913,1.6304608210508476,0.8297384242246728,0.1983808261896877,0.20488414848224834,0.3975721752140675,0.8974152748820657,1.5117209559730054,1.9201910194506984,1.924294272798576,1.5701893139754177,1.3415317148930246,1.7805223548377025,2.393383032920079,0,Mammalian
14.23,13.29152112111097,10.697092014055121,7.047609091042623,3.1561391563247714,0.18472725115294328,2.3757818163215028,3.238725788762206,2.9962052373641477,2.3075424500793273,2.0810763491900666,2.3397331634406817,2.291991555734036,1.6178843568990093,0.49427774845109257,0.9164346847424866,1.929378138157474,2.4035553413661646,2.2548886932056913,1.6304608210508476,0.8297384242246728,0.1983808261896877,0.20488414848224834,0.3975721752140675,0.8974152748820657,1.5117209559730054,1.9201910194506984,1.924294272798576,1.5701893139754177,1.3415317148930246,1.7805223548377025,2.393383032920079,0,E_coli
14.809999999999999,13.853746248731744,11.20830383816166,7.482459360790798,3.5120553461007846,0.5991675885013181,2.3761228909564216,3.3055554990076774,3.0966712183924328,2.3273665496438003,1.8736628964344928,2.0059376039696186,1.9821208319403398,1.4472001345971677,0.8019653910370413,1.2942428427643604,2.0686469007542105,2.3703003960986586,2.0780565202198624,1.3408647432645402,0.4910818677553568,0.38163531771998704,0.6474763504481307,0.5990881323901639,0.7512838113389162,1.296090762512195,1.7322266259551122,1.766649708235451,1.3652482751041803,0.896507560192148,1.2033496297175001,1.8137038747692555,1,Yeast
14.809999999999999,13.853746248731744,11.20830383816166,7.482459360790798,3.5120553461007846,0.5991675885013181,2.3761228909564216,3.3055554990076774,3.0966712183924328,2.3273665496438003,1.8736628964344928,2.0059376039696186,1.9821208319403398,1.4472001345971677,0.8019653910370413,1.2942428427643604,2.0686469007542105,2.3703003960986586,2.0780565202198624,1.3408647432645402,0.4910818677553568,0.38163531771998704,0.6474763504481307,0.5990881323901639,0.7512838113389162,1.296090762512195,1.7322266259551122,1.766649708235451,1.3652482751041803,0.896507560192148,1.2033496297175001,1.8137038747692555,0,Mammalian
14.809999999999999,13.853746248731744,11.20830383816166,7.482459360790798,3.5120553461007846,0.5991675885013181,2.3761228909564216,3.3055554990076774,3.0966712183924328,2.3273665496438003,1.8736628964344928,2.0059376039696186,1.9821208319403398,1.4472001345971677,0.8019653910370413,1.2942428427643604,2.0686469007542105,2.3703003960986586,2.0780565202198624,1.3408647432645402,0.4910818677553568,0.38163531771998704,0.6474763504481307,0.5990881323901639,0.7512838113389162,1.296090762512195,1.7322266259551122,1.766649708235451,1.3652482751041803,0.896507560192148,1.2033496297175001,1.8137038747692555,0,E_coli
14.6,13.650010204346904,11.022423462366916,7.3226907635537515,3.376022485616699,0.4045660482877773,2.359591737598662,3.2696552445078786,3.047956776893158,2.303403375607618,1.931296340700174,2.1145426122609368,2.0810178288931103,1.4852975443966236,0.6488772055406714,1.137963175826175,2.0,2.36603127134794,2.125567602649534,1.4254027130811227,0.5704528560463143,0.17164207336527035,0.4526983448455368,0.4566044120557775,0.7576011392487939,1.3495797686691091,1.780864477556312,1.8038912513304752,1.4156343141744112,1.042420169656289,1.412058409686435,2.0235664732898817,0,Mammalian
14.6,13.650010204346904,11.022423462366916,7.3226907635537515,3.376022485616699,0.4045660482877773,2.359591737598662,3.2696552445078786,3.047956776893158,2.303403375607618,1.931296340700174,2.1145426122609368,2.0810178288931103,1.4852975443966236,0.6488772055406714,1.137963175826175,2.0,2.36603127134794,2.125567602649534,1.4254027130811227,0.5704528560463143,0.17164207336527035,0.4526983448455368,0.4566044120557775,0.7576011392487939,1.3495797686691091,1.780864477556312,1.8038912513304752,1.4156343141744112,1.042420169656289,1.412058409686435,2.0235664732898817,0,E_coli
14.6,13.650010204346904,11.022423462366916,7.3226907635537515,3.376022485616699,0.4045660482877773,2.359591737598662,3.2696552445078786,3.047956776893158,2.303403375607618,1.931296340700174,2.1145426122609368,2.0810178288931103,1.4852975443966236,0.6488772055406714,1.137963175826175,2.0,2.36603127134794,2.125567602649534,1.4254027130811227,0.5704528560463143,0.17164207336527035,0.4526983448455368,0.4566044120557775,0.7576011392487939,1.3495797686691091,1.780864477556312,1.8038912513304752,1.4156343141744112,1.042420169656289,1.412058409686435,2.0235664732898817,1,Yeast
14.35,13.454867999808119,10.973280639761748,7.461277316783332,3.679809730842231,0.5294018913614053,1.9822915243821002,2.987939495934308,2.8968132902529002,2.2119941470442246,1.7478634913347646,1.8993067625656537,2.0157056549162125,1.7016183672267422,1.1624693346479844,1.156779433226355,1.6728717822953438,1.9730663349787518,1.8230251142288754,1.2942325088828173,0.6168293554660172,0.08538472428295649,0.20358285939322301,0.1937226493936106,0.5244737947830818,1.0297846615745543,1.3732643633629744,1.3639966504373953,0.9748090088694341,0.5196537043300932,0.9076062007414891,1.4820459698677477,1,Yeast
14.35,13.454867999808119,10.973280639761748,7.461277316783332,3.679809730842231,0.5294018913614053,1.9822915243821002,2.987939495934308,2.8968132902529002,2.2119941470442246,1.7478634913347646,1.8993067625656537,2.0157056549162125,1.7016183672267422,1.1624693346479844,1.156779433226355,1.6728717822953438,1.9730663349787518,1.8230251142288754,1.2942325088828173,0.6168293554660172,0.08538472428295649,0.20358285939322301,0.1937226493936106,0.5244737947830818,1.0297846615745543,1.3732643633629744,1.3639966504373953,0.9748090088694341,0.5196537043300932,0.9076062007414891,1.4820459698677477,0,E_coli
14.35,13.454867999808119,10.973280639761748,7.461277316783332,3.679809730842231,0.5294018913614053,1.9822915243821002,2.987939495934308,2.8968132902529002,2.2119941470442246,1.7478634913347646,1.8993067625656537,2.0157056549162125,1.7016183672267422,1.1624693346479844,1.156779433226355,1.6728717822953438,1.9730663349787518,1.8230251142288754,1.2942325088828173,0.6168293554660172,0.08538472428295649,0.20358285939322301,0.1937226493936106,0.5244737947830818,1.0297846615745543,1.3732643633629744,1.3639966504373953,0.9748090088694341,0.5196537043300932,0.9076062007414891,1.4820459698677477,0,Mammalian
14.86,13.902282307209914,11.252686141166476,7.520863521025881,3.5455083085705907,0.6469223232880535,2.382771435348675,3.316006627261082,3.11024793022064,2.335820197669131,1.8631693569771066,1.982482512397106,1.9611549291880894,1.4424937070437356,0.842039829382585,1.3336287230448345,2.087773934122179,2.374055233404891,2.0697262674401786,1.3248541749167604,0.48383951082453086,0.4316346781087252,0.6951597033707588,0.6385300606003151,0.7583915957855992,1.2880828338012142,1.724217486257711,1.7613605773011762,1.3577707852738792,0.8656588982908413,1.1537261343152327,1.7637414104284652,0,Mammalian
14.86,13.902282307209914,11.252686141166476,7.520863521025881,3.5455083085705907,0.6469223232880535,2.382771435348675,3.316006627261082,3.11024793022064,2.335820197669131,1.8631693569771066,1.982482512397106,1.9611549291880894,1.4424937070437356,0.842039829382585,1.3336287230448345,2.087773934122179,2.374055233404891,2.0697262674401786,1.3248541749167604,0.48383951082453086,0.4316346781087252,0.6951597033707588,0.6385300606003151,0.7583915957855992,1.2880828338012142,1.724217486257711,1.7613605773011762,1.3577707852738792,0.8656588982908413,1.1537261343152327,1.7637414104284652,0,E_coli
14.86,13.902282307209914,11.252686141166476,7.520863521025881,3.5455083085705907,0.6469223232880535,2.382771435348675,3.316006627261082,3.11024793022064,2.335820197669131,1.8631693569771066,1.982482512397106,1.9611549291880894,1.4424937070437356,0.842039829382585,1.3336287230448345,2.087773934122179,2.374055233404891,2.0697262674401786,1.3248541749167604,0.48383951082453086,0.4316346781087252,0.6951597033707588,0.6385300606003151,0.7583915957855992,1.2880828338012142,1.724217486257711,1.7613605773011762,1.3577707852738792,0.8656588982908413,1.1537261343152327,1.7637414104284652,1,Yeast
14.639999999999999,13.700558087263571,11.10233959377906,7.444462523689136,3.54301466593738,0.4485657906982889,2.1389033634864174,3.035366402465998,2.804011163096032,2.0114870537594833,1.539925870981585,1.67135108739685,1.6067740209431096,1.046636319082376,0.7988364204949348,1.716251740710864,2.5394881374009217,2.80702275594722,2.4474012318962486,1.6574015627213146,0.9116995499218327,0.8923567225135407,1.0918899553265904,0.9653046923414788,0.7638857226266503,1.0658256778970001,1.5040607574097802,1.608647257429403,1.2514504597654976,0.5776302490118419,0.5562745768362266,1.1694894944116343,0,Mammalian
14.639999999999999,13.700558087263571,11.10233959377906,7.444462523689136,3.54301466593738,0.4485657906982889,2.1389033634864174,3.035366402465998,2.804011163096032,2.0114870537594833,1.539925870981585,1.67135108739685,1.6067740209431096,1.046636319082376,0.7988364204949348,1.716251740710864,2.5394881374009217,2.80702275594722,2.4474012318962486,1.6574015627213146,0.9116995499218327,0.8923567225135407,1.0918899553265904,0.9653046923414788,0.7638857226266503,1.0658256778970001,1.5040607574097802,1.608647257429403,1.2514504597654976,0.5776302490118419,0.5562745768362266,1.1694894944116343,0,E_coli
14.639999999999999,13.700558087263571,11.10233959377906,7.444462523689136,3.54301466593738,0.4485657906982889,2.1389033634864174,3.035366402465998,2.804011163096032,2.0114870537594833,1.539925870981585,1.67135108739685,1.6067740209431096,1.046636319082376,0.7988364204949348,1.716251740710864,2.5394881374009217,2.80702275594722,2.4474012318962486,1.6574015627213146,0.9116995499218327,0.8923567225135407,1.0918899553265904,0.9653046923414788,0.7638857226266503,1.0658256778970001,1.5040607574097802,1.608647257429403,1.2514504597654976,0.5776302490118419,0.5562745768362266,1.1694894944116343,1,Yeast
14.59,13.653548600192245,11.063794148307846,7.418288990567271,3.5297061882845058,0.40567765412038137,2.1078922328300203,2.996906169769585,2.7604333491994324,1.9680708015335897,1.507591656614122,1.6478981949676335,1.5758421349567688,0.9995126979604403,0.7851129843535866,1.7485155669829162,2.585440001237701,2.856943480013452,2.4962518425899747,1.704447540456605,0.9616255250984862,0.932354544210175,1.1253687479765344,0.9952611466916866,0.7726627496052885,1.0484329540852655,1.4851910699347246,1.5972071859470645,1.2486681462902847,0.5706058149441106,0.5064521523114083,1.120448124852065,0,E_coli
14.59,13.653548600192245,11.063794148307846,7.418288990567271,3.5297061882845058,0.40567765412038137,2.1078922328300203,2.996906169769585,2.7604333491994324,1.9680708015335897,1.507591656614122,1.6478981949676335,1.5758421349567688,0.9995126979604403,0.7851129843535866,1.7485155669829162,2.585440001237701,2.856943480013452,2.4962518425899747,1.704447540456605,0.9616255250984862,0.932354544210175,1.1253687479765344,0.9952611466916866,0.7726627496052885,1.0484329540852655,1.4851910699347246,1.5972071859470645,1.2486681462902847,0.5706058149441106,0.5064521523114083,1.120448124852065,0,Mammalian
14.59,13.653548600192245,11.063794148307846,7.418288990567271,3.5297061882845058,0.40567765412038137,2.1078922328300203,2.996906169769585,2.7604333491994324,1.9680708015335897,1.507591656614122,1.6478981949676335,1.5758421349567688,0.9995126979604403,0.7851129843535866,1.7485155669829162,2.585440001237701,2.856943480013452,2.4962518425899747,1.704447540456605,0.9616255250984862,0.932354544210175,1.1253687479765344,0.9952611466916866,0.7726627496052885,1.0484329540852655,1.4851910699347246,1.5972071859470645,1.2486681462902847,0.5706058149441106,0.5064521523114083,1.120448124852065,1,Yeast
14.79,13.851489308323131,11.254377547865397,7.594055170860174,3.687563893220805,0.6663741502367575,2.1615667735710784,3.1030427968751386,2.924713712176175,2.1468378141064193,1.5883308005021288,1.6487559463455703,1.6619670090394447,1.3270147019030525,1.1809369021828164,1.733402668683225,2.3020208513391007,2.4036599743638547,1.948349856166289,1.1180174510264775,0.44322563032071327,0.7954413242684281,1.0520822678593698,0.9856742287484089,1.0570949350974388,1.5307676617504435,1.9526124399800167,1.973528709672496,1.539509413711234,0.9991557533355918,1.2194953028215652,1.8274783156387753,0,E_coli
14.79,13.851489308323131,11.254377547865397,7.594055170860174,3.687563893220805,0.6663741502367575,2.1615667735710784,3.1030427968751386,2.924713712176175,2.1468378141064193,1.5883308005021288,1.6487559463455703,1.6619670090394447,1.3270147019030525,1.1809369021828164,1.733402668683225,2.3020208513391007,2.4036599743638547,1.948349856166289,1.1180174510264775,0.44322563032071327,0.7954413242684281,1.0520822678593698,0.9856742287484089,1.0570949350974388,1.5307676617504435,1.9526124399800167,1.973528709672496,1.539509413711234,0.9991557533355918,1.2194953028215652,1.8274783156387753,0,Mammalian
14.79,13.851489308323131,11.254377547865397,7.594055170860174,3.687563893220805,0.6663741502367575,2.1615667735710784,3.1030427968751386,2.924713712176175,2.1468378141064193,1.5883308005021288,1.6487559463455703,1.6619670090394447,1.3270147019030525,1.1809369021828164,1.733402668683225,2.3020208513391007,2.4036599743638547,1.948349856166289,1.1180174510264775,0.44322563032071327,0.7954413242684281,1.0520822678593698,0.9856742287484089,1.0570949350974388,1.5307676617504435,1.9526124399800167,1.973528709672496,1.539509413711234,0.9991557533355918,1.2194953028215652,1.8274783156387753,1,Yeast
15.1,14.132166378725639,11.45434781029169,7.683169531651898,3.675948983486682,0.8677995866798764,2.466603828074424,3.4120669055705193,3.215686968228948,2.422280866777309,1.8830905865514977,1.9517439893648496,1.9364606875240702,1.4664726777026011,0.9723973562635218,1.4427688464188033,2.1466252583997982,2.399899853878962,2.0714432051703993,1.3148781066235116,0.5284127980225071,0.5954516014879638,0.8504431315028684,0.7683265082637937,0.7676961132912669,1.2262590389623713,1.6600828651668447,1.7132794125224722,1.311449195113199,0.724613951643569,0.9170547580051207,1.525389954434883,0,E_coli
15.1,14.132166378725639,11.45434781029169,7.683169531651898,3.675948983486682,0.8677995866798764,2.466603828074424,3.4120669055705193,3.215686968228948,2.422280866777309,1.8830905865514977,1.9517439893648496,1.9364606875240702,1.4664726777026011,0.9723973562635218,1.4427688464188033,2.1466252583997982,2.399899853878962,2.0714432051703993,1.3148781066235116,0.5284127980225071,0.5954516014879638,0.8504431315028684,0.7683265082637937,0.7676961132912669,1.2262590389623713,1.6600828651668447,1.7132794125224722,1.311449195113199,0.724613951643569,0.9170547580051207,1.525389954434883,1,Yeast
15.1,14.132166378725639,11.45434781029169,7.683169531651898,3.675948983486682,0.8677995866798764,2.466603828074424,3.4120669055705193,3.215686968228948,2.422280866777309,1.8830905865514977,1.9517439893648496,1.9364606875240702,1.4664726777026011,0.9723973562635218,1.4427688464188033,2.1466252583997982,2.399899853878962,2.0714432051703993,1.3148781066235116,0.5284127980225071,0.5954516014879638,0.8504431315028684,0.7683265082637937,0.7676961132912669,1.2262590389623713,1.6600828651668447,1.7132794125224722,1.311449195113199,0.724613951643569,0.9170547580051207,1.525389954434883,0,Mammalian
14.889999999999999,13.941894561392111,11.318342423066186,7.621538015177082,3.6809697446429,0.7230068463646893,2.259818246298769,3.20270738425954,3.018162135912821,2.234701470841212,1.6828162928496464,1.746225104498693,1.7492175307382978,1.3658832607851605,1.108492400927915,1.6388745202781698,2.248399430706208,2.398073149937718,1.98360359532483,1.1762058711282413,0.4496101895146296,0.7224932415037826,0.9808810105803415,0.9097125320955483,0.9623395041990959,1.4322816742464488,1.8576290242886235,1.8879361523825755,1.462651854224377,0.9081034898580057,1.121482874295477,1.7297245912389299,1,Yeast
14.889999999999999,13.941894561392111,11.318342423066186,7.621538015177082,3.6809697446429,0.7230068463646893,2.259818246298769,3.20270738425954,3.018162135912821,2.234701470841212,1.6828162928496464,1.746225104498693,1.7492175307382978,1.3658832607851605,1.108492400927915,1.6388745202781698,2.248399430706208,2.398073149937718,1.98360359532483,1.1762058711282413,0.4496101895146296,0.7224932415037826,0.9808810105803415,0.9097125320955483,0.9623395041990959,1.4322816742464488,1.8576290242886235,1.8879361523825755,1.462651854224377,0.9081034898580057,1.121482874295477,1.7297245912389299,0,E_coli
14.889999999999999,13.941894561392111,11.318342423066186,7.621538015177082,3.6809697446429,0.7230068463646893,2.259818246298769,3.20270738425954,3.018162135912821,2.234701470841212,1.6828162928496464,1.746225104498693,1.7492175307382978,1.3658832607851605,1.108492400927915,1.6388745202781698,2.248399430706208,2.398073149937718,1.98360359532483,1.1762058711282413,0.4496101895146296,0.7224932415037826,0.9808810105803415,0.9097125320955483,0.9623395041990959,1.4322816742464488,1.8576290242886235,1.8879361523825755,1.462651854224377,0.9081034898580057,1.121482874295477,1.7297245912389299,0,Mammalian
14.329999999999998,13.471822878674171,11.086910655819212,7.694412242152288,4.012641070254588,0.9110180744503709,1.7834167876181632,2.885651217287274,2.9314886949284866,2.3202789390995626,1.7672219041835036,1.8316130264100312,2.0660102363764263,1.9987226977502004,1.6765295449859985,1.4639655384042853,1.5684705926475002,1.6864339137121742,1.5403463716510222,1.1133401975526453,0.5601181406892205,0.11705354192231679,0.1611885959953377,0.07933536896877046,0.302281378034566,0.7208513662332415,1.019827720383418,1.042109028306085,0.7387699323637811,0.18727245072086884,0.43830903514227126,0.9261820969079919,0,Mammalian
14.329999999999998,13.471822878674171,11.086910655819212,7.694412242152288,4.012641070254588,0.9110180744503709,1.7834167876181632,2.885651217287274,2.9314886949284866,2.3202789390995626,1.7672219041835036,1.8316130264100312,2.0660102363764263,1.9987226977502004,1.6765295449859985,1.4639655384042853,1.5684705926475002,1.6864339137121742,1.5403463716510222,1.1133401975526453,0.5601181406892205,0.11705354192231679,0.1611885959953377,0.07933536896877046,0.302281378034566,0.7208513662332415,1.019827720383418,1.042109028306085,0.7387699323637811,0.18727245072086884,0.43830903514227126,0.9261820969079919,0,E_coli
14.329999999999998,13.471822878674171,11.086910655819212,7.694412242152288,4.012641070254588,0.9110180744503709,1.7834167876181632,2.885651217287274,2.9314886949284866,2.3202789390995626,1.7672219041835036,1.8316130264100312,2.0660102363764263,1.9987226977502004,1.6765295449859985,1.4639655384042853,1.5684705926475002,1.6864339137121742,1.5403463716510222,1.1133401975526453,0.5601181406892205,0.11705354192231679,0.1611885959953377,0.07933536896877046,0.302281378034566,0.7208513662332415,1.019827720383418,1.042109028306085,0.7387699323637811,0.18727245072086884,0.43830903514227126,0.9261820969079919,1,Yeast
14.639999999999999,13.735359048313164,11.22664746087888,7.674783551856102,3.854861440438435,0.8016836704727399,2.049385894187366,3.0792623770141208,3.0148035817210146,2.3177317428816764,1.7610861600669507,1.828124258300811,1.960575601837442,1.7438595620441548,1.3806406314869362,1.4311094841801775,1.816645259812713,1.9919547962599937,1.7411214509441466,1.1332580406127686,0.40053423703231866,0.21698134690335544,0.4691900425243482,0.38926734535430213,0.457994938445986,0.9321661939631528,1.311297181935369,1.3476522956669152,0.9817122335315989,0.38237145174166937,0.6194091757975253,1.194964589508828,1,Yeast
14.639999999999999,13.735359048313164,11.22664746087888,7.674783551856102,3.854861440438435,0.8016836704727399,2.049385894187366,3.0792623770141208,3.0148035817210146,2.3177317428816764,1.7610861600669507,1.828124258300811,1.960575601837442,1.7438595620441548,1.3806406314869362,1.4311094841801775,1.816645259812713,1.9919547962599937,1.7411214509441466,1.1332580406127686,0.40053423703231866,0.21698134690335544,0.4691900425243482,0.38926734535430213,0.457994938445986,0.9321661939631528,1.311297181935369,1.3476522956669152,0.9817122335315989,0.38237145174166937,0.6194091757975253,1.194964589508828,0,E_coli
14.639999999999999,13.735359048313164,11.22664746087888,7.674783551856102,3.854861440438435,0.8016836704727399,2.049385894187366,3.0792623770141208,3.0148035817210146,2.3177317428816764,1.7610861600669507,1.828124258300811,1.960575601837442,1.7438595620441548,1.3806406314869362,1.4311094841801775,1.816645259812713,1.9919547962599937,1.7411214509441466,1.1332580406127686,0.40053423703231866,0.21698134690335544,0.4691900425243482,0.38926734535430213,0.457994938445986,0.9321661939631528,1.311297181935369,1.3476522956669152,0.9817122335315989,0.38237145174166937,0.6194091757975253,1.194964589508828,0,Mammalian
14.43,13.55661976974245,11.131235443997728,7.6867200112549625,3.959780145340275,0.8651869021741905,1.867730291008448,2.9459332809463583,2.9550697371932806,2.314926221770237,1.7592867237104461,1.8247431537041223,2.027424324495668,1.9147323791258994,1.5804905644375162,1.446205720959849,1.6462381358722078,1.7848202706581726,1.6013103999558167,1.110387787120145,0.49323343006233517,0.05889882364992518,0.2600254325711305,0.1792877285394126,0.32948876813092287,0.7818608627124355,1.1127562866525453,1.1404085694649393,0.8121653726188882,0.22343142542200095,0.4826034332276318,1.0103094784734248,0,Mammalian
14.43,13.55661976974245,11.131235443997728,7.6867200112549625,3.959780145340275,0.8651869021741905,1.867730291008448,2.9459332809463583,2.9550697371932806,2.314926221770237,1.7592867237104461,1.8247431537041223,2.027424324495668,1.9147323791258994,1.5804905644375162,1.446205720959849,1.6462381358722078,1.7848202706581726,1.6013103999558167,1.110387787120145,0.49323343006233517,0.05889882364992518,0.2600254325711305,0.1792877285394126,0.32948876813092287,0.7818608627124355,1.1127562866525453,1.1404085694649393,0.8121653726188882,0.22343142542200095,0.4826034332276318,1.0103094784734248,1,Yeast
14.43,13.55661976974245,11.131235443997728,7.6867200112549625,3.959780145340275,0.8651869021741905,1.867730291008448,2.9459332809463583,2.9550697371932806,2.314926221770237,1.7592867237104461,1.8247431537041223,2.027424324495668,1.9147323791258994,1.5804905644375162,1.446205720959849,1.6462381358722078,1.7848202706581726,1.6013103999558167,1.110387787120145,0.49323343006233517,0.05889882364992518,0.2600254325711305,0.1792877285394126,0.32948876813092287,0.7818608627124355,1.1127562866525453,1.1404085694649393,0.8121653726188882,0.22343142542200095,0.4826034332276318,1.0103094784734248,0,E_coli
14.59,13.692721578728488,11.203646991094521,7.6771062372627545,3.8790683810176003,0.8123419757979943,2.0056325791375755,3.0467337941665877,2.999355771622773,2.3153371036322374,1.7583845439437942,1.8251294898034809,1.9746724141355647,1.783785957324249,1.4279597328986957,1.4319275159237743,1.7753027910753714,1.942581242503468,1.706528605316582,1.1243026574121342,0.4149147292325352,0.1694022875542171,0.41931320626898017,0.33926990986746836,0.4215032090425459,0.8942001761055515,1.2636895632395162,1.2982282044387643,0.9398633516141613,0.33953293150072883,0.5828997300773912,1.150210583914885,1,Yeast
14.59,13.692721578728488,11.203646991094521,7.6771062372627545,3.8790683810176003,0.8123419757979943,2.0056325791375755,3.0467337941665877,2.999355771622773,2.3153371036322374,1.7583845439437942,1.8251294898034809,1.9746724141355647,1.783785957324249,1.4279597328986957,1.4319275159237743,1.7753027910753714,1.942581242503468,1.706528605316582,1.1243026574121342,0.4149147292325352,0.1694022875542171,0.41931320626898017,0.33926990986746836,0.4215032090425459,0.8942001761055515,1.2636895632395162,1.2982282044387643,0.9398633516141613,0.33953293150072883,0.5828997300773912,1.150210583914885,0,E_coli
14.59,13.692721578728488,11.203646991094521,7.6771062372627545,3.8790683810176003,0.8123419757979943,2.0056325791375755,3.0467337941665877,2.999355771622773,2.3153371036322374,1.7583845439437942,1.8251294898034809,1.9746724141355647,1.783785957324249,1.4279597328986957,1.4319275159237743,1.7753027910753714,1.942581242503468,1.706528605316582,1.1243026574121342,0.4149147292325352,0.1694022875542171,0.41931320626898017,0.33926990986746836,0.4215032090425459,0.8942001761055515,1.2636895632395162,1.2982282044387643,0.9398633516141613,0.33953293150072883,0.5828997300773912,1.150210583914885,0,Mammalian
14.69,13.778046020375308,11.249823132861025,7.672785997111037,3.831154127067674,0.7940364786090749,2.093418984362723,3.1122542891724927,3.0309975631710557,2.3212011891403446,1.7652004764270521,1.83247890929895,1.9476607091309615,1.704464726158472,1.333517194431769,1.4320378139425223,1.8584133017173554,2.041358845710394,1.776448122831608,1.1443299820257251,0.3920473409373098,0.26545183137320244,0.5190905769289472,0.4392653646452123,0.4968438105190813,0.9712227712467941,1.3590766300922112,1.39711737131578,1.0242922918892812,0.42677071436614017,0.657695490937899,1.2401194914241862,0,E_coli
14.69,13.778046020375308,11.249823132861025,7.672785997111037,3.831154127067674,0.7940364786090749,2.093418984362723,3.1122542891724927,3.0309975631710557,2.3212011891403446,1.7652004764270521,1.83247890929895,1.9476607091309615,1.704464726158472,1.333517194431769,1.4320378139425223,1.8584133017173554,2.041358845710394,1.776448122831608,1.1443299820257251,0.3920473409373098,0.26545183137320244,0.5190905769289472,0.4392653646452123,0.4968438105190813,0.9712227712467941,1.3590766300922112,1.39711737131578,1.0242922918892812,0.42677071436614017,0.657695490937899,1.2401194914241862,0,Mammalian
14.69,13.778046020375308,11.249823132861025,7.672785997111037,3.831154127067674,0.7940364786090749,2.093418984362723,3.1122542891724927,3.0309975631710557,2.3212011891403446,1.7652004764270521,1.83247890929895,1.9476607091309615,1.704464726158472,1.333517194431769,1.4320378139425223,1.8584133017173554,2.041358845710394,1.776448122831608,1.1443299820257251,0.3920473409373098,0.26545183137320244,0.5190905769289472,0.4392653646452123,0.4968438105190813,0.9712227712467941,1.3590766300922112,1.39711737131578,1.0242922918892812,0.42677071436614017,0.657695490937899,1.2401194914241862,1,Yeast
15.049999999999999,14.086812719873535,11.42176226119212,7.668018659519773,3.6760570632134444,0.8308031817154641,2.4173188970059827,3.362212154685309,3.1685117148914306,2.3772790256307963,1.8352090304187743,1.9027221624651407,1.8914455263033245,1.4403845260676436,1.0024893518034959,1.4891170214214882,2.1694469341286045,2.397797432770663,2.048918964128504,1.2800999258024468,0.5028617141350903,0.6216331859563279,0.8787083080487555,0.7992584190262693,0.813347104621247,1.275194357961277,1.7068479702841624,1.7541615295027935,1.3460194595483408,0.7670694326344716,0.9655112155292341,1.5739057879642855,0,E_coli
15.049999999999999,14.086812719873535,11.42176226119212,7.668018659519773,3.6760570632134444,0.8308031817154641,2.4173188970059827,3.362212154685309,3.1685117148914306,2.3772790256307963,1.8352090304187743,1.9027221624651407,1.8914455263033245,1.4403845260676436,1.0024893518034959,1.4891170214214882,2.1694469341286045,2.397797432770663,2.048918964128504,1.2800999258024468,0.5028617141350903,0.6216331859563279,0.8787083080487555,0.7992584190262693,0.813347104621247,1.275194357961277,1.7068479702841624,1.7541615295027935,1.3460194595483408,0.7670694326344716,0.9655112155292341,1.5739057879642855,1,Yeast
15.049999999999999,14.086812719873535,11.42176226119212,7.668018659519773,3.6760570632134444,0.8308031817154641,2.4173188970059827,3.362212154685309,3.1685117148914306,2.3772790256307963,1.8352090304187743,1.9027221624651407,1.8914455263033245,1.4403845260676436,1.0024893518034959,1.4891170214214882,2.1694469341286045,2.397797432770663,2.048918964128504,1.2800999258024468,0.5028617141350903,0.6216331859563279,0.8787083080487555,0.7992584190262693,0.813347104621247,1.275194357961277,1.7068479702841624,1.7541615295027935,1.3460194595483408,0.7670694326344716,0.9655112155292341,1.5739057879642855,0,Mammalian
15.89,14.773084368625263,11.70965170414787,7.476018907578798,3.132586796910803,1.0776543486734107,2.952820118138339,3.5614193668360397,2.994684958949717,1.9834706314247326,1.4539834586050413,1.4338142633053022,1.1297453754684992,0.7738315368792967,1.4713792866988042,2.320243324277489,2.666252051100946,2.3546836075868747,1.5230135085247116,0.498606097689095,0.3863143020849241,0.830175038044162,0.837588294763192,0.7052437405763077,0.908659450311465,1.2244967141181442,1.2907675654710256,1.020841120747432,0.5060994037067121,0.08324714898729492,0.5764375139561647,0.8870220776255177,0,Mammalian
15.89,14.773084368625263,11.70965170414787,7.476018907578798,3.132586796910803,1.0776543486734107,2.952820118138339,3.5614193668360397,2.994684958949717,1.9834706314247326,1.4539834586050413,1.4338142633053022,1.1297453754684992,0.7738315368792967,1.4713792866988042,2.320243324277489,2.666252051100946,2.3546836075868747,1.5230135085247116,0.498606097689095,0.3863143020849241,0.830175038044162,0.837588294763192,0.7052437405763077,0.908659450311465,1.2244967141181442,1.2907675654710256,1.020841120747432,0.5060994037067121,0.08324714898729492,0.5764375139561647,0.8870220776255177,0,E_coli
15.89,14.773084368625263,11.70965170414787,7.476018907578798,3.132586796910803,1.0776543486734107,2.952820118138339,3.5614193668360397,2.994684958949717,1.9834706314247326,1.4539834586050413,1.4338142633053022,1.1297453754684992,0.7738315368792967,1.4713792866988042,2.320243324277489,2.666252051100946,2.3546836075868747,1.5230135085247116,0.498606097689095,0.3863143020849241,0.830175038044162,0.837588294763192,0.7052437405763077,0.908659450311465,1.2244967141181442,1.2907675654710256,1.020841120747432,0.5060994037067121,0.08324714898729492,0.5764375139561647,0.8870220776255177,1,Yeast
14.75,13.815364233259867,11.22893893043967,7.583403380183572,3.690956942153284,0.6466689658466529,2.1223119188109787,3.0631830835354785,2.8874572457449035,2.111994643600256,1.5507302648626988,1.6098552085890332,1.6274775841322209,1.3132784905938062,1.211013869675336,1.7713821889221346,2.324327859833892,2.4070546001953304,1.935515625738589,1.0964324551056581,0.44695504708674955,0.8262076415090926,1.081839597590565,1.0172238705838559,1.0952582590399658,1.5702156444935849,1.990743388867284,2.0081385980237947,1.5709820973522604,1.0360387675546427,1.2587878201310125,1.8666464387149575,1,Yeast
14.75,13.815364233259867,11.22893893043967,7.583403380183572,3.690956942153284,0.6466689658466529,2.1223119188109787,3.0631830835354785,2.8874572457449035,2.111994643600256,1.5507302648626988,1.6098552085890332,1.6274775841322209,1.3132784905938062,1.211013869675336,1.7713821889221346,2.324327859833892,2.4070546001953304,1.935515625738589,1.0964324551056581,0.44695504708674955,0.8262076415090926,1.081839597590565,1.0172238705838559,1.0952582590399658,1.5702156444935849,1.990743388867284,2.0081385980237947,1.5709820973522604,1.0360387675546427,1.2587878201310125,1.8666464387149575,0,Mammalian
14.75,13.815364233259867,11.22893893043967,7.583403380183572,3.690956942153284,0.6466689658466529,2.1223119188109787,3.0631830835354785,2.8874572457449035,2.111994643600256,1.5507302648626988,1.6098552085890332,1.6274775841322209,1.3132784905938062,1.211013869675336,1.7713821889221346,2.324327859833892,2.4070546001953304,1.935515625738589,1.0964324551056581,0.44695504708674955,0.8262076415090926,1.081839597590565,1.0172238705838559,1.0952582590399658,1.5702156444935849,1.990743388867284,2.0081385980237947,1.5709820973522604,1.0360387675546427,1.2587878201310125,1.8666464387149575,0,E_coli
15.309999999999999,14.346418085619028,11.679960347484784,7.922670210937239,3.9183570956575635,0.8388473252360342,2.157412055311404,3.1088573289649553,2.9359730218364506,2.2082568485928284,1.8277364915115129,2.0372921310527485,2.072490673114842,1.6077929618191804,1.0161578202612354,1.3014126884120178,1.9431160541768988,2.1678003286375156,1.8286284424563113,1.0975681321779853,0.5422043291418557,0.8806895891582434,1.1204547870552655,0.9673278510699369,0.7570088606142892,1.0539949820837566,1.4507660173261752,1.4951864445093885,1.109267571968931,0.6969843048683134,1.1708454890699842,1.8269288282082838,1,Yeast
15.309999999999999,14.346418085619028,11.679960347484784,7.922670210937239,3.9183570956575635,0.8388473252360342,2.157412055311404,3.1088573289649553,2.9359730218364506,2.2082568485928284,1.8277364915115129,2.0372921310527485,2.072490673114842,1.6077929618191804,1.0161578202612354,1.3014126884120178,1.9431160541768988,2.1678003286375156,1.8286284424563113,1.0975681321779853,0.5422043291418557,0.8806895891582434,1.1204547870552655,0.9673278510699369,0.7570088606142892,1.0539949820837566,1.4507660173261752,1.4951864445093885,1.109267571968931,0.6969843048683134,1.1708454890699842,1.8269288282082838,0,Mammalian
15.309999999999999,14.346418085619028,11.679960347484784,7.922670210937239,3.9183570956575635,0.8388473252360342,2.157412055311404,3.1088573289649553,2.9359730218364506,2.2082568485928284,1.8277364915115129,2.0372921310527485,2.072490673114842,1.6077929618191804,1.0161578202612354,1.3014126884120178,1.9431160541768988,2.1678003286375156,1.8286284424563113,1.0975681321779853,0.5422043291418557,0.8806895891582434,1.1204547870552655,0.9673278510699369,0.7570088606142892,1.0539949820837566,1.4507660173261752,1.4951864445093885,1.109267571968931,0.6969843048683134,1.1708454890699842,1.8269288282082838,0,E_coli
7.499999999999999,7.377773578499115,7.019063893424833,6.447172448821885,5.698962724366937,4.822080375394799,3.8714136765881726,2.9051539875987604,1.9810457464337803,1.1545398802478326,0.4922726931940177,0.28582063727863405,0.550282820719743,0.7139781342877505,0.7200796028504151,0.5844766609024323,0.3405877273185281,0.08124132579482635,0.3483595597053437,0.6816126258605312,0.9691268845651584,1.178942122889841,1.2909100843892631,1.2964376355801173,1.1986065870570821,1.011529517605709,0.7591954962301309,0.4756628409529124,0.22406643012716765,0.22381826629902837,0.40083679412954554,0.5331222838748609,1,Yeast
7.499999999999999,7.377773578499115,7.019063893424833,6.447172448821885,5.698962724366937,4.822080375394799,3.8714136765881726,2.9051539875987604,1.9810457464337803,1.1545398802478326,0.4922726931940177,0.28582063727863405,0.550282820719743,0.7139781342877505,0.7200796028504151,0.5844766609024323,0.3405877273185281,0.08124132579482635,0.3483595597053437,0.6816126258605312,0.9691268845651584,1.178942122889841,1.2909100843892631,1.2964376355801173,1.1986065870570821,1.011529517605709,0.7591954962301309,0.4756628409529124,0.22406643012716765,0.22381826629902837,0.40083679412954554,0.5331222838748609,0,Mammalian
7.499999999999999,7.377773578499115,7.019063893424833,6.447172448821885,5.698962724366937,4.822080375394799,3.8714136765881726,2.9051539875987604,1.9810457464337803,1.1545398802478326,0.4922726931940177,0.28582063727863405,0.550282820719743,0.7139781342877505,0.7200796028504151,0.5844766609024323,0.3405877273185281,0.08124132579482635,0.3483595597053437,0.6816126258605312,0.9691268845651584,1.178942122889841,1.2909100843892631,1.2964376355801173,1.1986065870570821,1.011529517605709,0.7591954962301309,0.4756628409529124,0.22406643012716765,0.22381826629902837,0.40083679412954554,0.5331222838748609,0,E_coli
12.84,12.135275923677362,10.159842641733809,7.300400394108688,4.119454772637368,1.415013877632788,1.7184460348734916,2.8922458119278938,3.143564685831996,2.543050879449742,1.4275156373150084,0.49406267049767816,1.163492464795981,1.7622579711694224,1.8779082171345485,1.6078340556650887,1.2316655390161735,1.0825125497098051,1.1410374449371108,1.1164708283311886,0.9411656437601741,0.838654788938816,1.018883250150102,1.2478554098171193,1.2680698190517687,0.9998387476966335,0.5082392555620514,0.22780186302817043,0.6777793826634757,0.9610473412732299,0.9571853971908024,0.7244199845902909,0,Mammalian
12.84,12.135275923677362,10.159842641733809,7.300400394108688,4.119454772637368,1.415013877632788,1.7184460348734916,2.8922458119278938,3.143564685831996,2.543050879449742,1.4275156373150084,0.49406267049767816,1.163492464795981,1.7622579711694224,1.8779082171345485,1.6078340556650887,1.2316655390161735,1.0825125497098051,1.1410374449371108,1.1164708283311886,0.9411656437601741,0.838654788938816,1.018883250150102,1.2478554098171193,1.2680698190517687,0.9998387476966335,0.5082392555620514,0.22780186302817043,0.6777793826634757,0.9610473412732299,0.9571853971908024,0.7244199845902909,1,Yeast
12.84,12.135275923677362,10.159842641733809,7.300400394108688,4.119454772637368,1.415013877632788,1.7184460348734916,2.8922458119278938,3.143564685831996,2.543050879449742,1.4275156373150084,0.49406267049767816,1.163492464795981,1.7622579711694224,1.8779082171345485,1.6078340556650887,1.2316655390161735,1.0825125497098051,1.1410374449371108,1.1164708283311886,0.9411656437601741,0.838654788938816,1.018883250150102,1.2478554098171193,1.2680698190517687,0.9998387476966335,0.5082392555620514,0.22780186302817043,0.6777793826634757,0.9610473412732299,0.9571853971908024,0.7244199845902909,0,E_coli
20.82,17.655369274833653,9.809947562357625,1.2959272406000382,4.417988145364077,5.322123855184939,2.856421322003967,1.2179164171438719,2.418087282201231,1.7937817901549469,0.5337254071833996,1.10574941484284,0.7091628593340221,0.6610816434367154,1.8119661738123007,2.083501105273985,1.654690303349845,1.25407395961363,1.299036007524048,1.6923207086632628,1.7651823540066212,0.9097770416718163,0.7189729682463256,2.1659856650676903,2.5562577913146125,1.8029998460584653,1.1931051436977693,1.5366978722121314,1.2199180478488434,0.29564806462363763,0.870968006215346,1.0612960641227804,1,Yeast
20.82,17.655369274833653,9.809947562357625,1.2959272406000382,4.417988145364077,5.322123855184939,2.856421322003967,1.2179164171438719,2.418087282201231,1.7937817901549469,0.5337254071833996,1.10574941484284,0.7091628593340221,0.6610816434367154,1.8119661738123007,2.083501105273985,1.654690303349845,1.25407395961363,1.299036007524048,1.6923207086632628,1.7651823540066212,0.9097770416718163,0.7189729682463256,2.1659856650676903,2.5562577913146125,1.8029998460584653,1.1931051436977693,1.5366978722121314,1.2199180478488434,0.29564806462363763,0.870968006215346,1.0612960641227804,0,Mammalian
20.82,17.655369274833653,9.809947562357625,1.2959272406000382,4.417988145364077,5.322123855184939,2.856421322003967,1.2179164171438719,2.418087282201231,1.7937817901549469,0.5337254071833996,1.10574941484284,0.7091628593340221,0.6610816434367154,1.8119661738123007,2.083501105273985,1.654690303349845,1.25407395961363,1.299036007524048,1.6923207086632628,1.7651823540066212,0.9097770416718163,0.7189729682463256,2.1659856650676903,2.5562577913146125,1.8029998460584653,1.1931051436977693,1.5366978722121314,1.2199180478488434,0.29564806462363763,0.870968006215346,1.0612960641227804,0,E_coli
28.96,20.576349975933333,3.6671264824388445,6.707496263537097,4.8961461978017455,1.6156958092723126,2.8492126380428124,1.0719751476261465,2.8698265962864373,0.7936237735071778,2.035236585589535,1.3139198408953798,1.154513079363892,1.5660710387385568,0.22249285028720414,1.2695822451506664,1.2747548783981966,2.193055799759313,1.5744522392534472,0.6585402879233109,0.8841460268833582,0.5853812866151793,0.6732397071301887,1.690525686697145,1.3250265307709888,1.3065894460589311,2.9807071180016136,1.8867580993761108,1.2510546600670922,2.6589179798426588,1.9436340182784742,0.8653761783994823,0,Mammalian
28.96,20.576349975933333,3.6671264824388445,6.707496263537097,4.8961461978017455,1.6156958092723126,2.8492126380428124,1.0719751476261465,2.8698265962864373,0.7936237735071778,2.035236585589535,1.3139198408953798,1.154513079363892,1.5660710387385568,0.22249285028720414,1.2695822451506664,1.2747548783981966,2.193055799759313,1.5744522392534472,0.6585402879233109,0.8841460268833582,0.5853812866151793,0.6732397071301887,1.690525686697145,1.3250265307709888,1.3065894460589311,2.9807071180016136,1.8867580993761108,1.2510546600670922,2.6589179798426588,1.9436340182784742,0.8653761783994823,0,E_coli
28.96,20.576349975933333,3.6671264824388445,6.707496263537097,4.8961461978017455,1.6156958092723126,2.8492126380428124,1.0719751476261465,2.8698265962864373,0.7936237735071778,2.035236585589535,1.3139198408953798,1.154513079363892,1.5660710387385568,0.22249285028720414,1.2695822451506664,1.2747548783981966,2.193055799759313,1.5744522392534472,0.6585402879233109,0.8841460268833582,0.5853812866151793,0.6732397071301887,1.690525686697145,1.3250265307709888,1.3065894460589311,2.9807071180016136,1.8867580993761108,1.2510546600670922,2.6589179798426588,1.9436340182784742,0.8653761783994823,1,Yeast
15.86,14.420459759712339,10.561004635610557,5.502668376848749,1.1219711562542287,2.7977328828182957,3.790178500475087,2.838317056198765,0.9619309472557231,1.7328971726605817,2.891360397170292,2.7542934316115772,1.475597773748197,0.3252383200429864,1.7143394012203534,2.186008533513134,1.5610893632332519,0.18087740739240904,1.4135588790976463,2.5046053576575016,2.7423090577314744,2.125088963265221,1.0003062443435125,0.35272657710667177,1.040331126474502,1.2356316389286306,0.9515737248108443,0.5228594692007681,0.4803467149120789,0.6250135372994003,0.5910580778135719,0.42750040751020096,0,Mammalian
15.86,14.420459759712339,10.561004635610557,5.502668376848749,1.1219711562542287,2.7977328828182957,3.790178500475087,2.838317056198765,0.9619309472557231,1.7328971726605817,2.891360397170292,2.7542934316115772,1.475597773748197,0.3252383200429864,1.7143394012203534,2.186008533513134,1.5610893632332519,0.18087740739240904,1.4135588790976463,2.5046053576575016,2.7423090577314744,2.125088963265221,1.0003062443435125,0.35272657710667177,1.040331126474502,1.2356316389286306,0.9515737248108443,0.5228594692007681,0.4803467149120789,0.6250135372994003,0.5910580778135719,0.42750040751020096,0,E_coli
15.86,14.420459759712339,10.561004635610557,5.502668376848749,1.1219711562542287,2.7977328828182957,3.790178500475087,2.838317056198765,0.9619309472557231,1.7328971726605817,2.891360397170292,2.7542934316115772,1.475597773748197,0.3252383200429864,1.7143394012203534,2.186008533513134,1.5610893632332519,0.18087740739240904,1.4135588790976463,2.5046053576575016,2.7423090577314744,2.125088963265221,1.0003062443435125,0.35272657710667177,1.040331126474502,1.2356316389286306,0.9515737248108443,0.5228594692007681,0.4803467149120789,0.6250135372994003,0.5910580778135719,0.42750040751020096,1,Yeast
12.18,11.643687754473774,10.123417037741978,7.867755510177216,5.236559101319025,2.631394450855729,0.4195733058421524,1.1335974854698707,1.9084253039179246,1.9502324054589064,1.4690412284963514,0.9161693966136866,1.0649744125741256,1.5675973838193262,1.8095701463920335,1.6508086054220081,1.1745637488020815,0.7654215825664153,1.0811360777323353,1.6449578959944708,1.9879940923911033,1.9824942004077513,1.6398545532582578,1.067143070519057,0.4753029132729737,0.473895529772678,0.8356047499670382,1.013877577189947,0.9720893825021231,0.7874940594598013,0.5942608877092701,0.5080053254029077,0,E_coli
12.18,11.643687754473774,10.123417037741978,7.867755510177216,5.236559101319025,2.631394450855729,0.4195733058421524,1.1335974854698707,1.9084253039179246,1.9502324054589064,1.4690412284963514,0.9161693966136866,1.0649744125741256,1.5675973838193262,1.8095701463920335,1.6508086054220081,1.1745637488020815,0.7654215825664153,1.0811360777323353,1.6449578959944708,1.9879940923911033,1.9824942004077513,1.6398545532582578,1.067143070519057,0.4753029132729737,0.473895529772678,0.8356047499670382,1.013877577189947,0.9720893825021231,0.7874940594598013,0.5942608877092701,0.5080053254029077,1,Yeast
12.18,11.643687754473774,10.123417037741978,7.867755510177216,5.236559101319025,2.631394450855729,0.4195733058421524,1.1335974854698707,1.9084253039179246,1.9502324054589064,1.4690412284963514,0.9161693966136866,1.0649744125741256,1.5675973838193262,1.8095701463920335,1.6508086054220081,1.1745637488020815,0.7654215825664153,1.0811360777323353,1.6449578959944708,1.9879940923911033,1.9824942004077513,1.6398545532582578,1.067143070519057,0.4753029132729737,0.473895529772678,0.8356047499670382,1.013877577189947,0.9720893825021231,0.7874940594598013,0.5942608877092701,0.5080053254029077,0,Mammalian
13.1,12.245675623093616,9.884601463808247,6.566353526367709,3.0381096630190054,0.25275220888468947,1.950836247788265,2.6299352127202824,2.202630364824917,1.1681552866704812,0.8535243075686627,1.6068662200282628,1.9188515714879726,1.5789808468605704,0.7873484146966422,0.42968101414473214,1.0907795377618699,1.43689559198161,1.4414330407931555,1.4733125639160258,1.8151239226303657,2.1774200626840865,2.1949867838561756,1.7340818308427264,0.8854487427012657,0.16064653850412003,0.9884952176461935,1.4822091146455836,1.5355857083092557,1.262158233546917,0.9610679364938494,0.9133802778387258,1,Yeast
13.1,12.245675623093616,9.884601463808247,6.566353526367709,3.0381096630190054,0.25275220888468947,1.950836247788265,2.6299352127202824,2.202630364824917,1.1681552866704812,0.8535243075686627,1.6068662200282628,1.9188515714879726,1.5789808468605704,0.7873484146966422,0.42968101414473214,1.0907795377618699,1.43689559198161,1.4414330407931555,1.4733125639160258,1.8151239226303657,2.1774200626840865,2.1949867838561756,1.7340818308427264,0.8854487427012657,0.16064653850412003,0.9884952176461935,1.4822091146455836,1.5355857083092557,1.262158233546917,0.9610679364938494,0.9133802778387258,0,Mammalian
13.1,12.245675623093616,9.884601463808247,6.566353526367709,3.0381096630190054,0.25275220888468947,1.950836247788265,2.6299352127202824,2.202630364824917,1.1681552866704812,0.8535243075686627,1.6068662200282628,1.9188515714879726,1.5789808468605704,0.7873484146966422,0.42968101414473214,1.0907795377618699,1.43689559198161,1.4414330407931555,1.4733125639160258,1.8151239226303657,2.1774200626840865,2.1949867838561756,1.7340818308427264,0.8854487427012657,0.16064653850412003,0.9884952176461935,1.4822091146455836,1.5355857083092557,1.262158233546917,0.9610679364938494,0.9133802778387258,0,E_coli
18.8,16.402909769679788,10.282929007376685,3.128905908147513,2.4637894917002092,4.337778110285366,2.980182504812904,0.9493534188552114,2.8016289355021344,3.2683027460022704,1.816373102472622,0.4592508615895893,2.059552756316276,2.1888314730883054,1.0523487904262891,0.8219425231178026,1.713534359153618,1.6375482902933673,0.8826641819833075,0.5436584203472004,0.6989153566139026,0.630385676567415,0.8981174138175322,1.0725235063991787,0.7647714088256568,0.6164871084361354,0.9878184393419132,0.8678806222810479,0.11446007525295178,0.8308740296454478,1.3578430788931541,1.1837122534031113,1,Yeast
18.8,16.402909769679788,10.282929007376685,3.128905908147513,2.4637894917002092,4.337778110285366,2.980182504812904,0.9493534188552114,2.8016289355021344,3.2683027460022704,1.816373102472622,0.4592508615895893,2.059552756316276,2.1888314730883054,1.0523487904262891,0.8219425231178026,1.713534359153618,1.6375482902933673,0.8826641819833075,0.5436584203472004,0.6989153566139026,0.630385676567415,0.8981174138175322,1.0725235063991787,0.7647714088256568,0.6164871084361354,0.9878184393419132,0.8678806222810479,0.11446007525295178,0.8308740296454478,1.3578430788931541,1.1837122534031113,0,E_coli
18.8,16.402909769679788,10.282929007376685,3.128905908147513,2.4637894917002092,4.337778110285366,2.980182504812904,0.9493534188552114,2.8016289355021344,3.2683027460022704,1.816373102472622,0.4592508615895893,2.059552756316276,2.1888314730883054,1.0523487904262891,0.8219425231178026,1.713534359153618,1.6375482902933673,0.8826641819833075,0.5436584203472004,0.6989153566139026,0.630385676567415,0.8981174138175322,1.0725235063991787,0.7647714088256568,0.6164871084361354,0.9878184393419132,0.8678806222810479,0.11446007525295178,0.8308740296454478,1.3578430788931541,1.1837122534031113,0,Mammalian
19.42,17.132869583620508,11.245108810457207,4.189717871051901,1.5069449169274727,3.927871293819709,3.2924847720934576,0.9939226081376129,1.3442872685862062,2.219893717649699,1.770650841593188,1.121426937014499,1.1175728513064538,0.6599702625374135,0.4522216278748465,1.4232710829266093,1.5915401345866205,0.821124554480635,0.5101831942120296,1.3326850229050673,1.2987489649946082,0.49271026414355834,0.6763621145691237,1.1823562346373928,0.8549220663411593,0.2993491312999221,1.174057131560333,1.6364914966717683,1.5416222187340995,1.4113323435569745,1.5587175219100573,1.6304610528696148,0,E_coli
19.42,17.132869583620508,11.245108810457207,4.189717871051901,1.5069449169274727,3.927871293819709,3.2924847720934576,0.9939226081376129,1.3442872685862062,2.219893717649699,1.770650841593188,1.121426937014499,1.1175728513064538,0.6599702625374135,0.4522216278748465,1.4232710829266093,1.5915401345866205,0.821124554480635,0.5101831942120296,1.3326850229050673,1.2987489649946082,0.49271026414355834,0.6763621145691237,1.1823562346373928,0.8549220663411593,0.2993491312999221,1.174057131560333,1.6364914966717683,1.5416222187340995,1.4113323435569745,1.5587175219100573,1.6304610528696148,2,Mammalian
19.42,17.132869583620508,11.245108810457207,4.189717871051901,1.5069449169274727,3.927871293819709,3.2924847720934576,0.9939226081376129,1.3442872685862062,2.219893717649699,1.770650841593188,1.121426937014499,1.1175728513064538,0.6599702625374135,0.4522216278748465,1.4232710829266093,1.5915401345866205,0.821124554480635,0.5101831942120296,1.3326850229050673,1.2987489649946082,0.49271026414355834,0.6763621145691237,1.1823562346373928,0.8549220663411593,0.2993491312999221,1.174057131560333,1.6364914966717683,1.5416222187340995,1.4113323435569745,1.5587175219100573,1.6304610528696148,1,Yeast
23.910000000000004,19.593779989359113,9.392609505776438,0.884473496120193,5.175215758889692,3.6379683212136578,0.6057723471678315,3.3318694945647227,2.813910751743036,0.5129673259797664,1.334364995788232,1.4473853492117241,1.460523422222632,1.4743511792115054,0.42818305846309856,1.0976604277846782,1.4462710672622892,0.4845799168106215,0.7024751335872487,0.8811062886441552,0.5341772369543618,1.3128858545128967,1.099272278536485,0.18995654136267925,1.2295146527085146,0.9474140176189947,1.1102441860479382,2.395712093514745,2.2290508880684343,0.9196310783631638,1.547366425105798,1.8712095203230776,0,E_coli
23.910000000000004,19.593779989359113,9.392609505776438,0.884473496120193,5.175215758889692,3.6379683212136578,0.6057723471678315,3.3318694945647227,2.813910751743036,0.5129673259797664,1.334364995788232,1.4473853492117241,1.460523422222632,1.4743511792115054,0.42818305846309856,1.0976604277846782,1.4462710672622892,0.4845799168106215,0.7024751335872487,0.8811062886441552,0.5341772369543618,1.3128858545128967,1.099272278536485,0.18995654136267925,1.2295146527085146,0.9474140176189947,1.1102441860479382,2.395712093514745,2.2290508880684343,0.9196310783631638,1.547366425105798,1.8712095203230776,2,Mammalian
23.910000000000004,19.593779989359113,9.392609505776438,0.884473496120193,5.175215758889692,3.6379683212136578,0.6057723471678315,3.3318694945647227,2.813910751743036,0.5129673259797664,1.334364995788232,1.4473853492117241,1.460523422222632,1.4743511792115054,0.42818305846309856,1.0976604277846782,1.4462710672622892,0.4845799168106215,0.7024751335872487,0.8811062886441552,0.5341772369543618,1.3128858545128967,1.099272278536485,0.18995654136267925,1.2295146527085146,0.9474140176189947,1.1102441860479382,2.395712093514745,2.2290508880684343,0.9196310783631638,1.547366425105798,1.8712095203230776,1,Yeast
19.72,16.59307259104871,8.936537750061765,0.8337332167351049,3.9847420410050174,4.084257473844255,1.2586444797855163,2.1411963068478426,2.9162882223442486,1.8871336583658014,2.508640943879329,3.4417368738737952,2.740856456121901,1.260152639980061,0.6852535297447319,0.4297648223890131,1.6357261384473885,2.6211764507245876,2.2216912804521916,0.6835741788759617,1.1271590368675548,1.5956045784239428,0.8826665996410139,1.2912019931155763,2.059821109760802,1.6787975926339038,0.47624176502063664,0.6614507241032148,1.3053157699154152,1.8322612683325057,2.224193480653603,2.025187785812459,0,E_coli
19.72,16.59307259104871,8.936537750061765,0.8337332167351049,3.9847420410050174,4.084257473844255,1.2586444797855163,2.1411963068478426,2.9162882223442486,1.8871336583658014,2.508640943879329,3.4417368738737952,2.740856456121901,1.260152639980061,0.6852535297447319,0.4297648223890131,1.6357261384473885,2.6211764507245876,2.2216912804521916,0.6835741788759617,1.1271590368675548,1.5956045784239428,0.8826665996410139,1.2912019931155763,2.059821109760802,1.6787975926339038,0.47624176502063664,0.6614507241032148,1.3053157699154152,1.8322612683325057,2.224193480653603,2.025187785812459,1,Yeast
19.72,16.59307259104871,8.936537750061765,0.8337332167351049,3.9847420410050174,4.084257473844255,1.2586444797855163,2.1411963068478426,2.9162882223442486,1.8871336583658014,2.508640943879329,3.4417368738737952,2.740856456121901,1.260152639980061,0.6852535297447319,0.4297648223890131,1.6357261384473885,2.6211764507245876,2.2216912804521916,0.6835741788759617,1.1271590368675548,1.5956045784239428,0.8826665996410139,1.2912019931155763,2.059821109760802,1.6787975926339038,0.47624176502063664,0.6614507241032148,1.3053157699154152,1.8322612683325057,2.224193480653603,2.025187785812459,2,Mammalian
19.919999999999998,16.778428587295114,9.082232640027335,0.9710461554143606,3.989204614634274,4.143170704770953,1.303808461664034,1.9578160093944506,2.735751606452746,1.726844645405422,2.4645458952298656,3.4000438948040546,2.679366154791928,1.2312636225763232,0.8004135700945961,0.5687803966763977,1.6763054614240223,2.699386230814232,2.353776065082722,0.8435604468362095,0.9626968353041091,1.4596596137355518,0.9274780451584641,1.4351631319704097,2.08251366088946,1.5912266766556613,0.3084854272003693,0.8474393582836517,1.386094641224615,1.7277056391481667,2.032841574552033,1.8267408392461988,1,Yeast
19.919999999999998,16.778428587295114,9.082232640027335,0.9710461554143606,3.989204614634274,4.143170704770953,1.303808461664034,1.9578160093944506,2.735751606452746,1.726844645405422,2.4645458952298656,3.4000438948040546,2.679366154791928,1.2312636225763232,0.8004135700945961,0.5687803966763977,1.6763054614240223,2.699386230814232,2.353776065082722,0.8435604468362095,0.9626968353041091,1.4596596137355518,0.9274780451584641,1.4351631319704097,2.08251366088946,1.5912266766556613,0.3084854272003693,0.8474393582836517,1.386094641224615,1.7277056391481667,2.032841574552033,1.8267408392461988,2,Mammalian
19.919999999999998,16.778428587295114,9.082232640027335,0.9710461554143606,3.989204614634274,4.143170704770953,1.303808461664034,1.9578160093944506,2.735751606452746,1.726844645405422,2.4645458952298656,3.4000438948040546,2.679366154791928,1.2312636225763232,0.8004135700945961,0.5687803966763977,1.6763054614240223,2.699386230814232,2.353776065082722,0.8435604468362095,0.9626968353041091,1.4596596137355518,0.9274780451584641,1.4351631319704097,2.08251366088946,1.5912266766556613,0.3084854272003693,0.8474393582836517,1.386094641224615,1.7277056391481667,2.032841574552033,1.8267408392461988,0,E_coli
19.74,16.612649529169158,8.954957062293927,0.852560229623015,3.9716709940832806,4.072914247516171,1.2429122396861207,2.137742313335636,2.915682356615742,1.8968948735239965,2.5286407065783365,3.461263165738015,2.760006741701979,1.2758634955963424,0.6801369610414383,0.41132667597016487,1.6316862443496924,2.6160671367412736,2.2122578536679858,0.6653457307254919,1.137860517618771,1.6134549416321406,0.9006869096839497,1.2777008261595717,2.0401951855936904,1.6593768336431687,0.46120683687107283,0.6694019756408335,1.2985629530221081,1.8141206446210698,2.2042843739868454,2.005981356622388,1,Yeast
4.11,4.084501086539823,4.008524859060255,3.883623483781238,3.712353280481143,3.498231096893369,3.245678480787851,2.9599607842658764,2.6471345524583256,2.3140301061302724,1.9683290302154115,1.6188841193359644,1.2766898825225368,0.9577503381075047,0.6915760181854583,0.538557809884811,0.5608029957123981,0.7088531224312864,0.8935926305647872,1.0704708726351688,1.221304317509388,1.3380252333812706,1.4170549810731918,1.4574107271340735,1.4600269385121836,1.4275331155407174,1.3642606821196526,1.2764332633259887,1.1725663430264484,1.0640841305637176,0.9658898881171735,0.8957307688622191,2,Mammalian
4.11,4.084501086539823,4.008524859060255,3.883623483781238,3.712353280481143,3.498231096893369,3.245678480787851,2.9599607842658764,2.6471345524583256,2.3140301061302724,1.9683290302154115,1.6188841193359644,1.2766898825225368,0.9577503381075047,0.6915760181854583,0.538557809884811,0.5608029957123981,0.7088531224312864,0.8935926305647872,1.0704708726351688,1.221304317509388,1.3380252333812706,1.4170549810731918,1.4574107271340735,1.4600269385121836,1.4275331155407174,1.3642606821196526,1.2764332633259887,1.1725663430264484,1.0640841305637176,0.9658898881171735,0.8957307688622191,1,Yeast
4.11,4.084501086539823,4.008524859060255,3.883623483781238,3.712353280481143,3.498231096893369,3.245678480787851,2.9599607842658764,2.6471345524583256,2.3140301061302724,1.9683290302154115,1.6188841193359644,1.2766898825225368,0.9577503381075047,0.6915760181854583,0.538557809884811,0.5608029957123981,0.7088531224312864,0.8935926305647872,1.0704708726351688,1.221304317509388,1.3380252333812706,1.4170549810731918,1.4574107271340735,1.4600269385121836,1.4275331155407174,1.3642606821196526,1.2764332633259887,1.1725663430264484,1.0640841305637176,0.9658898881171735,0.8957307688622191,0,E_coli
18.520000000000003,16.556702911664438,11.42443180246694,5.045550832525544,0.4027220338830324,3.3010446492885643,3.4588147990922056,1.7973884779793199,0.3672761080128102,1.229928603330028,0.785606623415469,0.7294374576526105,2.100504210434506,2.5919705097931565,1.9276889578541627,0.7142479199597541,1.1031772296417288,1.5701537600902666,1.1474365188234983,0.6737402391168674,1.3045047973195327,1.5263819872912547,0.9452527798039884,0.20270663623445812,1.1005036394682948,1.4951605087622526,1.335833747585405,1.1496516376137076,1.2911871510909443,1.3021081491298707,0.9620969326063779,0.46379912322186034,2,Mammalian
18.520000000000003,16.556702911664438,11.42443180246694,5.045550832525544,0.4027220338830324,3.3010446492885643,3.4588147990922056,1.7973884779793199,0.3672761080128102,1.229928603330028,0.785606623415469,0.7294374576526105,2.100504210434506,2.5919705097931565,1.9276889578541627,0.7142479199597541,1.1031772296417288,1.5701537600902666,1.1474365188234983,0.6737402391168674,1.3045047973195327,1.5263819872912547,0.9452527798039884,0.20270663623445812,1.1005036394682948,1.4951605087622526,1.335833747585405,1.1496516376137076,1.2911871510909443,1.3021081491298707,0.9620969326063779,0.46379912322186034,0,E_coli
18.520000000000003,16.556702911664438,11.42443180246694,5.045550832525544,0.4027220338830324,3.3010446492885643,3.4588147990922056,1.7973884779793199,0.3672761080128102,1.229928603330028,0.785606623415469,0.7294374576526105,2.100504210434506,2.5919705097931565,1.9276889578541627,0.7142479199597541,1.1031772296417288,1.5701537600902666,1.1474365188234983,0.6737402391168674,1.3045047973195327,1.5263819872912547,0.9452527798039884,0.20270663623445812,1.1005036394682948,1.4951605087622526,1.335833747585405,1.1496516376137076,1.2911871510909443,1.3021081491298707,0.9620969326063779,0.46379912322186034,1,Yeast
19.72,17.33644840058335,11.23279561383335,4.002395287979853,1.602627532631574,3.8642843886994043,3.0238554334163297,0.6945394602869657,1.185020122480323,1.460085939089554,0.7308169863847572,1.7426769257661001,2.408071776280016,1.7980457634697098,0.9104902228875315,1.6173963085823029,1.750714140001159,0.7453804767807131,0.8902527785277934,1.867339534593085,1.7047116738962484,0.5737552569651496,0.8085761086901206,1.3588015787641416,0.7834074988897667,0.6511686902772701,1.9122810406521238,2.344623259240013,1.7337627925459385,0.5207203945696773,0.5905514291101585,1.1687096611646743,1,Yeast
19.72,17.33644840058335,11.23279561383335,4.002395287979853,1.602627532631574,3.8642843886994043,3.0238554334163297,0.6945394602869657,1.185020122480323,1.460085939089554,0.7308169863847572,1.7426769257661001,2.408071776280016,1.7980457634697098,0.9104902228875315,1.6173963085823029,1.750714140001159,0.7453804767807131,0.8902527785277934,1.867339534593085,1.7047116738962484,0.5737552569651496,0.8085761086901206,1.3588015787641416,0.7834074988897667,0.6511686902772701,1.9122810406521238,2.344623259240013,1.7337627925459385,0.5207203945696773,0.5905514291101585,1.1687096611646743,2,Mammalian
19.72,17.33644840058335,11.23279561383335,4.002395287979853,1.602627532631574,3.8642843886994043,3.0238554334163297,0.6945394602869657,1.185020122480323,1.460085939089554,0.7308169863847572,1.7426769257661001,2.408071776280016,1.7980457634697098,0.9104902228875315,1.6173963085823029,1.750714140001159,0.7453804767807131,0.8902527785277934,1.867339534593085,1.7047116738962484,0.5737552569651496,0.8085761086901206,1.3588015787641416,0.7834074988897667,0.6511686902772701,1.9122810406521238,2.344623259240013,1.7337627925459385,0.5207203945696773,0.5905514291101585,1.1687096611646743,0,E_coli
20.520000000000003,17.823096988651116,11.019635131414663,3.2445454306352715,2.36034124733135,4.054608329180974,2.5258655102006013,0.10639148067151291,1.7069915536085387,1.4769976954109196,1.0298628469475566,2.0247611431127104,2.0137414909880946,1.0261709650745812,1.5334430887978552,2.1297112065041417,1.4003570973148236,0.28474852322413885,1.6048604276720186,1.854236768213678,0.973942071955435,0.6371169543803763,1.301719453421408,0.9737677384458976,0.253337395402074,1.3774876727011953,1.9071763571343858,1.6499772546504228,1.0697061484793293,0.8119878163663434,0.7553857424060025,0.5977085414904932,1,Yeast
20.520000000000003,17.823096988651116,11.019635131414663,3.2445454306352715,2.36034124733135,4.054608329180974,2.5258655102006013,0.10639148067151291,1.7069915536085387,1.4769976954109196,1.0298628469475566,2.0247611431127104,2.0137414909880946,1.0261709650745812,1.5334430887978552,2.1297112065041417,1.4003570973148236,0.28474852322413885,1.6048604276720186,1.854236768213678,0.973942071955435,0.6371169543803763,1.301719453421408,0.9737677384458976,0.253337395402074,1.3774876727011953,1.9071763571343858,1.6499772546504228,1.0697061484793293,0.8119878163663434,0.7553857424060025,0.5977085414904932,2,Mammalian
20.520000000000003,17.823096988651116,11.019635131414663,3.2445454306352715,2.36034124733135,4.054608329180974,2.5258655102006013,0.10639148067151291,1.7069915536085387,1.4769976954109196,1.0298628469475566,2.0247611431127104,2.0137414909880946,1.0261709650745812,1.5334430887978552,2.1297112065041417,1.4003570973148236,0.28474852322413885,1.6048604276720186,1.854236768213678,0.973942071955435,0.6371169543803763,1.301719453421408,0.9737677384458976,0.253337395402074,1.3774876727011953,1.9071763571343858,1.6499772546504228,1.0697061484793293,0.8119878163663434,0.7553857424060025,0.5977085414904932,0,E_coli
22.87,19.105052946261956,10.038841059808533,0.9467631103871927,4.240367219904499,3.790054922219372,0.4109976769494078,2.279117297613315,2.360705420703528,1.1336031131187951,1.6170027469658472,0.9832003662312295,1.0983920851908218,2.674460403497858,2.3583034691236597,0.5362809333158354,1.5061540425866133,1.6701212226020228,0.22758691089855007,1.6849167942102814,2.134118659982735,0.8940385497817996,0.9225188646156057,1.680423347866169,0.769460796052001,1.070554200389835,2.3396275001223223,2.205168488132193,1.035160959785015,0.5641075058777334,0.9242100693868599,0.701410152987222,0,E_coli
22.87,19.105052946261956,10.038841059808533,0.9467631103871927,4.240367219904499,3.790054922219372,0.4109976769494078,2.279117297613315,2.360705420703528,1.1336031131187951,1.6170027469658472,0.9832003662312295,1.0983920851908218,2.674460403497858,2.3583034691236597,0.5362809333158354,1.5061540425866133,1.6701212226020228,0.22758691089855007,1.6849167942102814,2.134118659982735,0.8940385497817996,0.9225188646156057,1.680423347866169,0.769460796052001,1.070554200389835,2.3396275001223223,2.205168488132193,1.035160959785015,0.5641075058777334,0.9242100693868599,0.701410152987222,2,Mammalian
22.87,19.105052946261956,10.038841059808533,0.9467631103871927,4.240367219904499,3.790054922219372,0.4109976769494078,2.279117297613315,2.360705420703528,1.1336031131187951,1.6170027469658472,0.9832003662312295,1.0983920851908218,2.674460403497858,2.3583034691236597,0.5362809333158354,1.5061540425866133,1.6701212226020228,0.22758691089855007,1.6849167942102814,2.134118659982735,0.8940385497817996,0.9225188646156057,1.680423347866169,0.769460796052001,1.070554200389835,2.3396275001223223,2.205168488132193,1.035160959785015,0.5641075058777334,0.9242100693868599,0.701410152987222,1,Yeast
4.16,4.13107105717709,4.044868365489572,3.903131829787766,3.7087198986055405,3.465548502129292,3.1785076465044266,2.8533578495122085,2.4966095374886152,2.115390230948449,1.7173087315697009,1.3103408492942163,0.902835005158281,0.5043094974105594,0.14212547481503826,0.27494774411540795,0.6041522986797286,0.9056000661486221,1.1688726453430514,1.3889125222001415,1.5623060111604452,1.686940772259021,1.76198433584352,1.7879220435300804,1.7666184696535026,1.7014135063805498,1.597294920116327,1.4612362125784004,1.302875893798061,1.135850278775664,0.9800902990230325,0.8640278807719233,1,Yeast
4.16,4.13107105717709,4.044868365489572,3.903131829787766,3.7087198986055405,3.465548502129292,3.1785076465044266,2.8533578495122085,2.4966095374886152,2.115390230948449,1.7173087315697009,1.3103408492942163,0.902835005158281,0.5043094974105594,0.14212547481503826,0.27494774411540795,0.6041522986797286,0.9056000661486221,1.1688726453430514,1.3889125222001415,1.5623060111604452,1.686940772259021,1.76198433584352,1.7879220435300804,1.7666184696535026,1.7014135063805498,1.597294920116327,1.4612362125784004,1.302875893798061,1.135850278775664,0.9800902990230325,0.8640278807719233,0,E_coli
4.16,4.13107105717709,4.044868365489572,3.903131829787766,3.7087198986055405,3.465548502129292,3.1785076465044266,2.8533578495122085,2.4966095374886152,2.115390230948449,1.7173087315697009,1.3103408492942163,0.902835005158281,0.5043094974105594,0.14212547481503826,0.27494774411540795,0.6041522986797286,0.9056000661486221,1.1688726453430514,1.3889125222001415,1.5623060111604452,1.686940772259021,1.76198433584352,1.7879220435300804,1.7666184696535026,1.7014135063805498,1.597294920116327,1.4612362125784004,1.302875893798061,1.135850278775664,0.9800902990230325,0.8640278807719233,2,Mammalian
22.79,17.954595871440723,6.896117021922806,3.0556084709190285,6.136656686396605,2.9708402193350247,2.223910322065956,3.657954888764338,1.7840876784823672,2.350210356966294,2.861658500415484,1.2573658097166787,1.7859081955617946,1.8038831967939892,0.041056694928569004,1.9341442873969457,2.453915238959977,2.072599954701581,1.6456273795347254,0.6875469753511984,0.6097008518988917,0.9021418946144463,0.3118156640707959,1.1581349621915364,1.2302971817765818,0.5863441128877209,0.791470833505205,0.4310763231681726,0.9281387296750574,1.3112422589084838,0.4089906028660135,1.7941409348715487,1,Yeast
22.79,17.954595871440723,6.896117021922806,3.0556084709190285,6.136656686396605,2.9708402193350247,2.223910322065956,3.657954888764338,1.7840876784823672,2.350210356966294,2.861658500415484,1.2573658097166787,1.7859081955617946,1.8038831967939892,0.041056694928569004,1.9341442873969457,2.453915238959977,2.072599954701581,1.6456273795347254,0.6875469753511984,0.6097008518988917,0.9021418946144463,0.3118156640707959,1.1581349621915364,1.2302971817765818,0.5863441128877209,0.791470833505205,0.4310763231681726,0.9281387296750574,1.3112422589084838,0.4089906028660135,1.7941409348715487,0,E_coli
22.79,17.954595871440723,6.896117021922806,3.0556084709190285,6.136656686396605,2.9708402193350247,2.223910322065956,3.657954888764338,1.7840876784823672,2.350210356966294,2.861658500415484,1.2573658097166787,1.7859081955617946,1.8038831967939892,0.041056694928569004,1.9341442873969457,2.453915238959977,2.072599954701581,1.6456273795347254,0.6875469753511984,0.6097008518988917,0.9021418946144463,0.3118156640707959,1.1581349621915364,1.2302971817765818,0.5863441128877209,0.791470833505205,0.4310763231681726,0.9281387296750574,1.3112422589084838,0.4089906028660135,1.7941409348715487,2,Mammalian
19.33,16.498867155195473,9.459678169127221,1.8439878853402445,3.7549813301211854,4.845709684384157,2.8963898775085477,0.7781796930867292,1.5955635415120488,1.2582097894925148,0.316007357745234,0.5841371635878427,0.3870505410668179,1.2349919339588982,1.8552090013244176,1.4341830410590841,0.5154609587543951,1.0108093040345956,1.0514682634458432,0.42884921071634347,1.0904196725612552,1.4773043741501986,0.9448788228977827,0.30581932750015733,1.0990800630516075,1.3836857083026177,1.1113731238892166,0.6342640933853956,1.0677509198275719,1.9604976667527316,2.261110746018832,1.542531092369459,0,E_coli
19.33,16.498867155195473,9.459678169127221,1.8439878853402445,3.7549813301211854,4.845709684384157,2.8963898775085477,0.7781796930867292,1.5955635415120488,1.2582097894925148,0.316007357745234,0.5841371635878427,0.3870505410668179,1.2349919339588982,1.8552090013244176,1.4341830410590841,0.5154609587543951,1.0108093040345956,1.0514682634458432,0.42884921071634347,1.0904196725612552,1.4773043741501986,0.9448788228977827,0.30581932750015733,1.0990800630516075,1.3836857083026177,1.1113731238892166,0.6342640933853956,1.0677509198275719,1.9604976667527316,2.261110746018832,1.542531092369459,1,Yeast
19.33,16.498867155195473,9.459678169127221,1.8439878853402445,3.7549813301211854,4.845709684384157,2.8963898775085477,0.7781796930867292,1.5955635415120488,1.2582097894925148,0.316007357745234,0.5841371635878427,0.3870505410668179,1.2349919339588982,1.8552090013244176,1.4341830410590841,0.5154609587543951,1.0108093040345956,1.0514682634458432,0.42884921071634347,1.0904196725612552,1.4773043741501986,0.9448788228977827,0.30581932750015733,1.0990800630516075,1.3836857083026177,1.1113731238892166,0.6342640933853956,1.0677509198275719,1.9604976667527316,2.261110746018832,1.542531092369459,2,Mammalian
20.6,17.17947957392935,8.948181001708898,0.9240831218914987,4.180056746310885,4.0088671923489265,1.8369037153032521,2.0201759516400957,1.5852881070223868,0.25495726634552146,1.5258029340317958,1.1334974137255842,1.2471939910435657,2.4369539737764185,2.126695741320123,0.6295139727830946,0.7962411694957747,0.6774561953604464,0.6025508129741145,1.649459278783241,1.3561170657553085,0.25176377625260743,1.4677874958216248,1.3638961031201433,0.31250858825538963,1.8663691120059014,2.3467774266409185,1.879397957379216,2.282756940695373,2.510682099053934,1.4119844993534578,0.886519864068376,0,E_coli
20.6,17.17947957392935,8.948181001708898,0.9240831218914987,4.180056746310885,4.0088671923489265,1.8369037153032521,2.0201759516400957,1.5852881070223868,0.25495726634552146,1.5258029340317958,1.1334974137255842,1.2471939910435657,2.4369539737764185,2.126695741320123,0.6295139727830946,0.7962411694957747,0.6774561953604464,0.6025508129741145,1.649459278783241,1.3561170657553085,0.25176377625260743,1.4677874958216248,1.3638961031201433,0.31250858825538963,1.8663691120059014,2.3467774266409185,1.879397957379216,2.282756940695373,2.510682099053934,1.4119844993534578,0.886519864068376,2,Mammalian
20.6,17.17947957392935,8.948181001708898,0.9240831218914987,4.180056746310885,4.0088671923489265,1.8369037153032521,2.0201759516400957,1.5852881070223868,0.25495726634552146,1.5258029340317958,1.1334974137255842,1.2471939910435657,2.4369539737764185,2.126695741320123,0.6295139727830946,0.7962411694957747,0.6774561953604464,0.6025508129741145,1.649459278783241,1.3561170657553085,0.25176377625260743,1.4677874958216248,1.3638961031201433,0.31250858825538963,1.8663691120059014,2.3467774266409185,1.879397957379216,2.282756940695373,2.510682099053934,1.4119844993534578,0.886519864068376,1,Yeast
17.950000000000003,15.696319595133305,9.923860911707058,3.1843609692035693,2.635244543648437,4.5768037516186375,3.463815509163236,0.6926051607158011,1.7898732809218594,2.6076353774210426,1.681946652243874,0.9549599365997101,2.145908481635025,2.3804001435831394,1.4260579432240248,0.0933650768424842,1.0594810050208552,1.2433681645405295,0.8077129645376658,0.6563110319852842,0.8225131527849636,0.6834242941852657,0.5565274730187058,0.6264156390547657,0.5629863570656214,0.7190349010781881,1.0287479341875125,0.9469473176652495,0.6723355539563141,1.4152606870874973,2.4586043910610016,3.1831701441617968,1,Yeast
17.950000000000003,15.696319595133305,9.923860911707058,3.1843609692035693,2.635244543648437,4.5768037516186375,3.463815509163236,0.6926051607158011,1.7898732809218594,2.6076353774210426,1.681946652243874,0.9549599365997101,2.145908481635025,2.3804001435831394,1.4260579432240248,0.0933650768424842,1.0594810050208552,1.2433681645405295,0.8077129645376658,0.6563110319852842,0.8225131527849636,0.6834242941852657,0.5565274730187058,0.6264156390547657,0.5629863570656214,0.7190349010781881,1.0287479341875125,0.9469473176652495,0.6723355539563141,1.4152606870874973,2.4586043910610016,3.1831701441617968,0,Mammalian
11.98,11.353749721365656,9.597677222216003,7.054309929602088,4.223638204144033,1.7735804818950591,1.3840086088882158,2.3007930406788057,2.552499757279871,2.0972745936620814,1.3022331115837968,1.0406973576529173,1.6288305800733818,2.1170152177110024,2.1987189946962347,1.8947098635726358,1.3612494260788506,0.8089263344737616,0.4503343090844685,0.41062333616308466,0.558575116661154,0.8028854818913992,1.051775692792621,1.1687013633282033,1.054298339696218,0.6948890949837081,0.22266299013998192,0.511323067372551,0.9772333912427257,1.2226557429825413,1.1967973550564566,0.9838095432750723,2,Yeast
11.98,11.353749721365656,9.597677222216003,7.054309929602088,4.223638204144033,1.7735804818950591,1.3840086088882158,2.3007930406788057,2.552499757279871,2.0972745936620814,1.3022331115837968,1.0406973576529173,1.6288305800733818,2.1170152177110024,2.1987189946962347,1.8947098635726358,1.3612494260788506,0.8089263344737616,0.4503343090844685,0.41062333616308466,0.558575116661154,0.8028854818913992,1.051775692792621,1.1687013633282033,1.054298339696218,0.6948890949837081,0.22266299013998192,0.511323067372551,0.9772333912427257,1.2226557429825413,1.1967973550564566,0.9838095432750723,0,Mammalian
18.77,16.571548813579817,10.907754462454363,4.106596463877399,1.3355677928689997,3.6888706322766653,3.071496421873647,0.9548956605143908,1.4882690732024992,2.0927190382193954,1.2590287144138412,1.1071627320161943,2.2427096700143148,2.435700776124205,1.6395137627800982,0.593460715043645,0.30413812651491084,0.26826696057881355,0.9231456482528326,1.5636890792121412,1.5432119489513874,0.9234346097027638,1.013072481121065,1.637647727899232,1.5863338758751178,0.9267536475759579,1.131192189601652,1.9877691868775336,2.310629543498692,2.0059364266190984,1.4738840271377116,1.24977401547503,2,Yeast
18.77,16.571548813579817,10.907754462454363,4.106596463877399,1.3355677928689997,3.6888706322766653,3.071496421873647,0.9548956605143908,1.4882690732024992,2.0927190382193954,1.2590287144138412,1.1071627320161943,2.2427096700143148,2.435700776124205,1.6395137627800982,0.593460715043645,0.30413812651491084,0.26826696057881355,0.9231456482528326,1.5636890792121412,1.5432119489513874,0.9234346097027638,1.013072481121065,1.637647727899232,1.5863338758751178,0.9267536475759579,1.131192189601652,1.9877691868775336,2.310629543498692,2.0059364266190984,1.4738840271377116,1.24977401547503,0,Mammalian
7.720000000000001,7.57224010553977,7.13906182947393,6.449980471062041,5.551625400223068,4.504127108237851,3.3765174881569657,2.2416498494492263,1.1719753833549336,0.26154454203306304,0.5801430863373878,1.1309552913581264,1.4595378920571078,1.5607195691033477,1.452426659731716,1.1698503847323902,0.7648529270389176,0.33504575730171404,0.38252422650644946,0.815119459676481,1.205151980096061,1.4836761159542782,1.6221191756463458,1.6109109563833477,1.4575574433997642,1.1862341581921123,0.8402326761949298,0.5055262603129232,0.4185848326422122,0.6566689583494313,0.9273781809943503,1.1142661349291683,2,Yeast
7.720000000000001,7.57224010553977,7.13906182947393,6.449980471062041,5.551625400223068,4.504127108237851,3.3765174881569657,2.2416498494492263,1.1719753833549336,0.26154454203306304,0.5801430863373878,1.1309552913581264,1.4595378920571078,1.5607195691033477,1.452426659731716,1.1698503847323902,0.7648529270389176,0.33504575730171404,0.38252422650644946,0.815119459676481,1.205151980096061,1.4836761159542782,1.6221191756463458,1.6109109563833477,1.4575574433997642,1.1862341581921123,0.8402326761949298,0.5055262603129232,0.4185848326422122,0.6566689583494313,0.9273781809943503,1.1142661349291683,0,Mammalian
11.92,11.36635017064744,9.799684031914348,7.483908950159387,4.800049089090979,2.173959531631606,0.26720129930536207,1.5695606712105339,2.253347696442262,2.1916325595790154,1.5957076526262992,0.8505352420890713,0.7570850351718174,1.1794767360110971,1.3286675839755655,1.0999009904226806,0.7610519036176181,1.018749339903078,1.6561029687608797,2.13541087286099,2.248991201502701,1.949382687935237,1.3147071967568522,0.5646191111823968,0.5678240563223368,1.111851666580152,1.3828577505293478,1.2893961302515584,0.9026569489009622,0.5133483665421004,0.7264490790089558,1.12114154840578,0,Mammalian
11.92,11.36635017064744,9.799684031914348,7.483908950159387,4.800049089090979,2.173959531631606,0.26720129930536207,1.5695606712105339,2.253347696442262,2.1916325595790154,1.5957076526262992,0.8505352420890713,0.7570850351718174,1.1794767360110971,1.3286675839755655,1.0999009904226806,0.7610519036176181,1.018749339903078,1.6561029687608797,2.13541087286099,2.248991201502701,1.949382687935237,1.3147071967568522,0.5646191111823968,0.5678240563223368,1.111851666580152,1.3828577505293478,1.2893961302515584,0.9026569489009622,0.5133483665421004,0.7264490790089558,1.12114154840578,2,Yeast
12.5,11.740960040305795,9.618432888037706,6.562111811205019,3.1973585212512363,0.8437294835947314,2.5508150882062286,3.7506899820364983,3.860243653717017,3.0753584304425203,1.7914322858492635,0.48144221246334884,0.5327812990305667,0.8880556551207149,0.6098445140003595,0.17136294593166407,1.135341358358798,1.9921056577749565,2.47276702717075,2.449887138612962,1.9640677360369603,1.2256948997310124,0.6905356822467329,0.8547941333849028,1.0540013918100397,0.9200992142850625,0.5430591342300318,0.513952379355176,0.9462983156722082,1.2132163423332396,1.1459588455372713,0.7864543812778164,2,Yeast
12.5,11.740960040305795,9.618432888037706,6.562111811205019,3.1973585212512363,0.8437294835947314,2.5508150882062286,3.7506899820364983,3.860243653717017,3.0753584304425203,1.7914322858492635,0.48144221246334884,0.5327812990305667,0.8880556551207149,0.6098445140003595,0.17136294593166407,1.135341358358798,1.9921056577749565,2.47276702717075,2.449887138612962,1.9640677360369603,1.2256948997310124,0.6905356822467329,0.8547941333849028,1.0540013918100397,0.9200992142850625,0.5430591342300318,0.513952379355176,0.9462983156722082,1.2132163423332396,1.1459588455372713,0.7864543812778164,0,Mammalian
16.060000000000002,14.702913560076446,11.04514420034711,6.176525287115304,1.4729417208732551,1.9021715937708121,3.3290405593480403,2.940312595472502,1.4484949767722657,0.36129106730669003,1.3065019370102273,1.3474547982304632,0.5641441300520535,0.5255781971110852,1.3262911458918838,1.459803306713581,0.9492101980067429,0.5185236455667067,1.0471833188147994,1.285483580570358,0.9516516762361064,0.5291073732309359,0.9776992015011434,1.3019806901038122,1.0275516056459235,0.33337898417053974,0.9263658365283371,1.687555387838417,1.9045585248439478,1.5201900399535633,0.7766857393855183,0.08089412043425094,0,Mammalian
16.060000000000002,14.702913560076446,11.04514420034711,6.176525287115304,1.4729417208732551,1.9021715937708121,3.3290405593480403,2.940312595472502,1.4484949767722657,0.36129106730669003,1.3065019370102273,1.3474547982304632,0.5641441300520535,0.5255781971110852,1.3262911458918838,1.459803306713581,0.9492101980067429,0.5185236455667067,1.0471833188147994,1.285483580570358,0.9516516762361064,0.5291073732309359,0.9776992015011434,1.3019806901038122,1.0275516056459235,0.33337898417053974,0.9263658365283371,1.687555387838417,1.9045585248439478,1.5201900399535633,0.7766857393855183,0.08089412043425094,2,Yeast
12.29,11.452252446309998,9.142073368602432,5.912552463075635,2.5244665082219115,0.6427620295294693,2.24086732616394,2.7467363183658153,2.163601310774489,0.9381359944770198,0.512942298755359,1.4055441305847234,1.6354990729249983,1.146712071394909,0.20119168287137904,0.9364041951591522,1.7304623659588783,1.9718011904513761,1.6021606533397008,0.7833902373628562,0.2029803214033773,0.9520228251393568,1.2632501362823598,1.0448917567108666,0.412103588937191,0.3990229747710367,1.055821911964095,1.3466480909271807,1.1940731219026406,0.7434258382997185,0.5642168721344639,0.9241591723546169,2,Yeast
12.29,11.452252446309998,9.142073368602432,5.912552463075635,2.5244665082219115,0.6427620295294693,2.24086732616394,2.7467363183658153,2.163601310774489,0.9381359944770198,0.512942298755359,1.4055441305847234,1.6354990729249983,1.146712071394909,0.20119168287137904,0.9364041951591522,1.7304623659588783,1.9718011904513761,1.6021606533397008,0.7833902373628562,0.2029803214033773,0.9520228251393568,1.2632501362823598,1.0448917567108666,0.412103588937191,0.3990229747710367,1.055821911964095,1.3466480909271807,1.1940731219026406,0.7434258382997185,0.5642168721344639,0.9241591723546169,0,Mammalian
33.019999999999996,18.04788332534131,4.985241154262049,6.34823810608418,2.7176311676159126,2.4470004074128577,1.9068533559542171,0.6431582842706686,2.737520554501342,1.8420748646666998,2.196303871573575,1.8991547918351501,2.4389560532660215,0.8321246820125278,0.6706017165676738,1.4572431882557464,1.2705904139414856,2.5077064196540593,2.2135105466108067,1.3013851118366437,1.5542225483904466,0.323178706278102,1.0149476714002954,3.147536588273573,2.257073595096684,2.5698948945619002,2.575110792605992,1.7004812635989337,1.9446250222380435,1.929012758691392,1.655077111300718,1.276865951056193,0,Mammalian
33.019999999999996,18.04788332534131,4.985241154262049,6.34823810608418,2.7176311676159126,2.4470004074128577,1.9068533559542171,0.6431582842706686,2.737520554501342,1.8420748646666998,2.196303871573575,1.8991547918351501,2.4389560532660215,0.8321246820125278,0.6706017165676738,1.4572431882557464,1.2705904139414856,2.5077064196540593,2.2135105466108067,1.3013851118366437,1.5542225483904466,0.323178706278102,1.0149476714002954,3.147536588273573,2.257073595096684,2.5698948945619002,2.575110792605992,1.7004812635989337,1.9446250222380435,1.929012758691392,1.655077111300718,1.276865951056193,0,Yeast
33.019999999999996,18.04788332534131,4.985241154262049,6.34823810608418,2.7176311676159126,2.4470004074128577,1.9068533559542171,0.6431582842706686,2.737520554501342,1.8420748646666998,2.196303871573575,1.8991547918351501,2.4389560532660215,0.8321246820125278,0.6706017165676738,1.4572431882557464,1.2705904139414856,2.5077064196540593,2.2135105466108067,1.3013851118366437,1.5542225483904466,0.323178706278102,1.0149476714002954,3.147536588273573,2.257073595096684,2.5698948945619002,2.575110792605992,1.7004812635989337,1.9446250222380435,1.929012758691392,1.655077111300718,1.276865951056193,0,E_coli
16.130000000000003,14.525536050617413,10.284268619479018,4.884397979591186,0.39543744457337804,2.8340706263385576,3.3162853434104447,1.9739669163086209,0.2414475053343277,1.5725383105562032,1.8531680997893332,0.987806015817307,0.3587838343459644,1.3280645840729104,1.3440229383149185,0.4096484069068245,1.048475083156486,2.167078889684531,2.433233612534351,1.735129722137366,0.4591542243018719,0.7684171312460715,1.368240028379284,1.1970901615738259,0.7047716666891694,0.909621538706033,1.1529099207012823,0.8187117882481001,0.2570618329255247,0.9089244998328536,1.3395271348535522,1.2767585543244697,0,Yeast
16.130000000000003,14.525536050617413,10.284268619479018,4.884397979591186,0.39543744457337804,2.8340706263385576,3.3162853434104447,1.9739669163086209,0.2414475053343277,1.5725383105562032,1.8531680997893332,0.987806015817307,0.3587838343459644,1.3280645840729104,1.3440229383149185,0.4096484069068245,1.048475083156486,2.167078889684531,2.433233612534351,1.735129722137366,0.4591542243018719,0.7684171312460715,1.368240028379284,1.1970901615738259,0.7047716666891694,0.909621538706033,1.1529099207012823,0.8187117882481001,0.2570618329255247,0.9089244998328536,1.3395271348535522,1.2767585543244697,0,E_coli
16.130000000000003,14.525536050617413,10.284268619479018,4.884397979591186,0.39543744457337804,2.8340706263385576,3.3162853434104447,1.9739669163086209,0.2414475053343277,1.5725383105562032,1.8531680997893332,0.987806015817307,0.3587838343459644,1.3280645840729104,1.3440229383149185,0.4096484069068245,1.048475083156486,2.167078889684531,2.433233612534351,1.735129722137366,0.4591542243018719,0.7684171312460715,1.368240028379284,1.1970901615738259,0.7047716666891694,0.909621538706033,1.1529099207012823,0.8187117882481001,0.2570618329255247,0.9089244998328536,1.3395271348535522,1.2767585543244697,0,Mammalian
15.66,14.064710018713022,9.850694574835002,4.496428760418805,0.5028317421618069,3.1013554126060923,3.507215655530419,2.086039829698415,0.3008896384732848,1.6420941994544807,1.996325659411377,1.20562974681653,0.2525379866145343,1.0604283055327997,1.0452526763074355,0.18801175860582925,1.3623509092741122,2.4662232492119043,2.7058763204122505,1.9741209951092349,0.6687907005618119,0.6434090938838708,1.2737730882848193,1.1371794157187762,0.66171400579058,0.8653329516904872,1.1065983253587202,0.8184692373952102,0.5852382448484038,1.212963250390675,1.6653411205135693,1.6802630467308806,0,Yeast
15.66,14.064710018713022,9.850694574835002,4.496428760418805,0.5028317421618069,3.1013554126060923,3.507215655530419,2.086039829698415,0.3008896384732848,1.6420941994544807,1.996325659411377,1.20562974681653,0.2525379866145343,1.0604283055327997,1.0452526763074355,0.18801175860582925,1.3623509092741122,2.4662232492119043,2.7058763204122505,1.9741209951092349,0.6687907005618119,0.6434090938838708,1.2737730882848193,1.1371794157187762,0.66171400579058,0.8653329516904872,1.1065983253587202,0.8184692373952102,0.5852382448484038,1.212963250390675,1.6653411205135693,1.6802630467308806,0,E_coli
15.66,14.064710018713022,9.850694574835002,4.496428760418805,0.5028317421618069,3.1013554126060923,3.507215655530419,2.086039829698415,0.3008896384732848,1.6420941994544807,1.996325659411377,1.20562974681653,0.2525379866145343,1.0604283055327997,1.0452526763074355,0.18801175860582925,1.3623509092741122,2.4662232492119043,2.7058763204122505,1.9741209951092349,0.6687907005618119,0.6434090938838708,1.2737730882848193,1.1371794157187762,0.66171400579058,0.8653329516904872,1.1065983253587202,0.8184692373952102,0.5852382448484038,1.212963250390675,1.6653411205135693,1.6802630467308806,0,Mammalian
8.72,8.502151942295505,7.867678986871882,6.871942559604336,5.601331558468468,4.165639948345347,2.6912748064592145,1.334874622684167,0.615421552033763,1.2432933824957673,1.8811340347998144,2.2275210964687395,2.2661127666044467,2.0330156727536015,1.5938079041653934,1.0347121028943034,0.47434164902525666,0.3414616047926287,0.7113345324768238,0.9944267352159175,1.1063234169878748,1.0431408524167238,0.8350081042357215,0.5498444018679743,0.3622931317211993,0.5125699826760575,0.7711626861700441,0.9562866499344187,1.0124555289798245,0.9250593444948404,0.705869069740194,0.38969429049860604,0,E_coli
8.72,8.502151942295505,7.867678986871882,6.871942559604336,5.601331558468468,4.165639948345347,2.6912748064592145,1.334874622684167,0.615421552033763,1.2432933824957673,1.8811340347998144,2.2275210964687395,2.2661127666044467,2.0330156727536015,1.5938079041653934,1.0347121028943034,0.47434164902525666,0.3414616047926287,0.7113345324768238,0.9944267352159175,1.1063234169878748,1.0431408524167238,0.8350081042357215,0.5498444018679743,0.3622931317211993,0.5125699826760575,0.7711626861700441,0.9562866499344187,1.0124555289798245,0.9250593444948404,0.705869069740194,0.38969429049860604,0,Yeast
8.72,8.502151942295505,7.867678986871882,6.871942559604336,5.601331558468468,4.165639948345347,2.6912748064592145,1.334874622684167,0.615421552033763,1.2432933824957673,1.8811340347998144,2.2275210964687395,2.2661127666044467,2.0330156727536015,1.5938079041653934,1.0347121028943034,0.47434164902525666,0.3414616047926287,0.7113345324768238,0.9944267352159175,1.1063234169878748,1.0431408524167238,0.8350081042357215,0.5498444018679743,0.3622931317211993,0.5125699826760575,0.7711626861700441,0.9562866499344187,1.0124555289798245,0.9250593444948404,0.705869069740194,0.38969429049860604,0,Mammalian
13.360000000000001,12.454996268851149,9.946060576118313,6.396137437457665,2.5778967057055358,0.7985382074529019,3.010382310227846,3.8993533997775516,3.5330644428638327,2.2938909553658364,0.7279256189887593,0.7280190613657235,1.5860083206041522,1.8018181306541985,1.4805052150119864,0.8943788308803704,0.38078865529319583,0.28247561061155363,0.3730751109689359,0.5410992825341443,0.7684990747089814,0.8384602214940124,0.6071549884248356,0.29097106721033283,0.8515019921123386,1.5076578760254244,1.84389916541435,1.6802383416683528,1.0054030802908753,0.02436474622750258,1.0990539629085796,1.9163446128220751,0,Mammalian
13.360000000000001,12.454996268851149,9.946060576118313,6.396137437457665,2.5778967057055358,0.7985382074529019,3.010382310227846,3.8993533997775516,3.5330644428638327,2.2938909553658364,0.7279256189887593,0.7280190613657235,1.5860083206041522,1.8018181306541985,1.4805052150119864,0.8943788308803704,0.38078865529319583,0.28247561061155363,0.3730751109689359,0.5410992825341443,0.7684990747089814,0.8384602214940124,0.6071549884248356,0.29097106721033283,0.8515019921123386,1.5076578760254244,1.84389916541435,1.6802383416683528,1.0054030802908753,0.02436474622750258,1.0990539629085796,1.9163446128220751,0,Yeast
13.360000000000001,12.454996268851149,9.946060576118313,6.396137437457665,2.5778967057055358,0.7985382074529019,3.010382310227846,3.8993533997775516,3.5330644428638327,2.2938909553658364,0.7279256189887593,0.7280190613657235,1.5860083206041522,1.8018181306541985,1.4805052150119864,0.8943788308803704,0.38078865529319583,0.28247561061155363,0.3730751109689359,0.5410992825341443,0.7684990747089814,0.8384602214940124,0.6071549884248356,0.29097106721033283,0.8515019921123386,1.5076578760254244,1.84389916541435,1.6802383416683528,1.0054030802908753,0.02436474622750258,1.0990539629085796,1.9163446128220751,0,E_coli
10.93,10.413151126559097,8.943873060944581,6.750999857713871,4.169809674140585,1.593891605612572,0.8052335493708822,2.4020167684710954,3.300307927743567,3.448700333635694,2.966848456410554,2.070241277571048,1.0237111264640046,0.27844979103030626,0.7867682127618157,1.1513116207141563,1.1846096403457134,0.9655518783710123,0.6466077442103565,0.44942053391055736,0.5088757229675644,0.6385332543433195,0.7600934967474144,0.912650476378183,1.089296829185214,1.2142428908401792,1.2095246301625353,1.0436591693725423,0.7534907494930698,0.4793776319817427,0.48615438609449907,0.6666977040293532,0,E_coli
10.93,10.413151126559097,8.943873060944581,6.750999857713871,4.169809674140585,1.593891605612572,0.8052335493708822,2.4020167684710954,3.300307927743567,3.448700333635694,2.966848456410554,2.070241277571048,1.0237111264640046,0.27844979103030626,0.7867682127618157,1.1513116207141563,1.1846096403457134,0.9655518783710123,0.6466077442103565,0.44942053391055736,0.5088757229675644,0.6385332543433195,0.7600934967474144,0.912650476378183,1.089296829185214,1.2142428908401792,1.2095246301625353,1.0436591693725423,0.7534907494930698,0.4793776319817427,0.48615438609449907,0.6666977040293532,0,Yeast
10.93,10.413151126559097,8.943873060944581,6.750999857713871,4.169809674140585,1.593891605612572,0.8052335493708822,2.4020167684710954,3.300307927743567,3.448700333635694,2.966848456410554,2.070241277571048,1.0237111264640046,0.27844979103030626,0.7867682127618157,1.1513116207141563,1.1846096403457134,0.9655518783710123,0.6466077442103565,0.44942053391055736,0.5088757229675644,0.6385332543433195,0.7600934967474144,0.912650476378183,1.089296829185214,1.2142428908401792,1.2095246301625353,1.0436591693725423,0.7534907494930698,0.4793776319817427,0.48615438609449907,0.6666977040293532,0,Mammalian
29.1,19.843866688068047,2.9379160129683197,7.406691107995278,3.3444929250372506,3.8292928891982188,2.592561388390741,2.747361280285272,3.9278383318069303,1.0100344197471993,2.5625584711933653,0.7286638584301148,2.458747912522743,1.903364413362053,0.6600756983572641,1.5105689185535858,1.3200000000000003,0.3756672135763694,1.458226863162538,1.0896086428155793,1.0529541996229834,1.566485489722707,0.9392185506150029,3.017080653431252,1.9977202104369256,0.9290855402785996,1.903248795265358,1.6921759776477618,2.0860041300383743,1.396085653973725,1.3258793517420273,1.076814108122969,0,Mammalian
29.1,19.843866688068047,2.9379160129683197,7.406691107995278,3.3444929250372506,3.8292928891982188,2.592561388390741,2.747361280285272,3.9278383318069303,1.0100344197471993,2.5625584711933653,0.7286638584301148,2.458747912522743,1.903364413362053,0.6600756983572641,1.5105689185535858,1.3200000000000003,0.3756672135763694,1.458226863162538,1.0896086428155793,1.0529541996229834,1.566485489722707,0.9392185506150029,3.017080653431252,1.9977202104369256,0.9290855402785996,1.903248795265358,1.6921759776477618,2.0860041300383743,1.396085653973725,1.3258793517420273,1.076814108122969,0,Yeast
29.1,19.843866688068047,2.9379160129683197,7.406691107995278,3.3444929250372506,3.8292928891982188,2.592561388390741,2.747361280285272,3.9278383318069303,1.0100344197471993,2.5625584711933653,0.7286638584301148,2.458747912522743,1.903364413362053,0.6600756983572641,1.5105689185535858,1.3200000000000003,0.3756672135763694,1.458226863162538,1.0896086428155793,1.0529541996229834,1.566485489722707,0.9392185506150029,3.017080653431252,1.9977202104369256,0.9290855402785996,1.903248795265358,1.6921759776477618,2.0860041300383743,1.396085653973725,1.3258793517420273,1.076814108122969,0,E_coli
7.27,7.099346297079869,6.6021650161432195,5.821518528570956,4.825257613127696,3.701640908780071,2.5584485888593727,1.5455739541475613,0.9857970748778451,1.198287109411128,1.6425179461974007,1.954530470526376,2.062767091189538,1.9756259999735193,1.733597234273366,1.3939383650428028,1.0214205793893132,0.6817226353371566,0.43650165001380165,0.321815919503526,0.2963312832804067,0.3133751120471595,0.40983195029006064,0.5999290377679065,0.8354664129468549,1.0597373825447778,1.225027274633071,1.2959208029965605,1.2522254848900225,1.091471015386006,0.8314719490031127,0.5213666871108504,0,E_coli
7.27,7.099346297079869,6.6021650161432195,5.821518528570956,4.825257613127696,3.701640908780071,2.5584485888593727,1.5455739541475613,0.9857970748778451,1.198287109411128,1.6425179461974007,1.954530470526376,2.062767091189538,1.9756259999735193,1.733597234273366,1.3939383650428028,1.0214205793893132,0.6817226353371566,0.43650165001380165,0.321815919503526,0.2963312832804067,0.3133751120471595,0.40983195029006064,0.5999290377679065,0.8354664129468549,1.0597373825447778,1.225027274633071,1.2959208029965605,1.2522254848900225,1.091471015386006,0.8314719490031127,0.5213666871108504,0,Yeast
7.27,7.099346297079869,6.6021650161432195,5.821518528570956,4.825257613127696,3.701640908780071,2.5584485888593727,1.5455739541475613,0.9857970748778451,1.198287109411128,1.6425179461974007,1.954530470526376,2.062767091189538,1.9756259999735193,1.733597234273366,1.3939383650428028,1.0214205793893132,0.6817226353371566,0.43650165001380165,0.321815919503526,0.2963312832804067,0.3133751120471595,0.40983195029006064,0.5999290377679065,0.8354664129468549,1.0597373825447778,1.225027274633071,1.2959208029965605,1.2522254848900225,1.091471015386006,0.8314719490031127,0.5213666871108504,0,Mammalian
7.66,7.488776795362393,6.989787385384799,6.2057305100528035,5.203555785484296,4.0691907077292875,2.9032499101732254,1.8269341552777516,1.0441498678569252,0.9372031474846672,1.2847812059393486,1.5751776232763546,1.6774682771268652,1.5888949022322778,1.3478900793997968,1.0137234394615302,0.6624198064671679,0.40946043030608587,0.40512575752678853,0.5371711433986406,0.6433259489348592,0.7033748033969991,0.7568582030692657,0.8516346530955587,0.9964692937839911,1.154665250825805,1.2750604480075778,1.3148658217353133,1.2477335813437938,1.0657688234309928,0.779103002097381,0.41419498107557734,0,E_coli
7.66,7.488776795362393,6.989787385384799,6.2057305100528035,5.203555785484296,4.0691907077292875,2.9032499101732254,1.8269341552777516,1.0441498678569252,0.9372031474846672,1.2847812059393486,1.5751776232763546,1.6774682771268652,1.5888949022322778,1.3478900793997968,1.0137234394615302,0.6624198064671679,0.40946043030608587,0.40512575752678853,0.5371711433986406,0.6433259489348592,0.7033748033969991,0.7568582030692657,0.8516346530955587,0.9964692937839911,1.154665250825805,1.2750604480075778,1.3148658217353133,1.2477335813437938,1.0657688234309928,0.779103002097381,0.41419498107557734,0,Yeast
7.66,7.488776795362393,6.989787385384799,6.2057305100528035,5.203555785484296,4.0691907077292875,2.9032499101732254,1.8269341552777516,1.0441498678569252,0.9372031474846672,1.2847812059393486,1.5751776232763546,1.6774682771268652,1.5888949022322778,1.3478900793997968,1.0137234394615302,0.6624198064671679,0.40946043030608587,0.40512575752678853,0.5371711433986406,0.6433259489348592,0.7033748033969991,0.7568582030692657,0.8516346530955587,0.9964692937839911,1.154665250825805,1.2750604480075778,1.3148658217353133,1.2477335813437938,1.0657688234309928,0.779103002097381,0.41419498107557734,0,Mammalian
11.27,10.612414086604259,8.775192665181478,6.1329396066932675,3.2147819769646557,0.6912061996264353,1.539659738442635,2.5231272741872526,2.5665629196209068,1.8629045177373413,0.7796938942872972,0.40247483082080615,1.1070833804867406,1.3128161576714084,0.9930357410921109,0.4127596327790646,0.7253275122315433,1.3430218158161413,1.6096506013652723,1.414704517461878,0.8229085448705751,0.07865441085888478,0.7340824710097381,1.1986432186097085,1.2360237779375474,0.8371378462653668,0.16645020872461144,0.7000286880212576,1.3363999236801325,1.6120468318335692,1.431447247433479,0.840453625087355,0,Mammalian
11.27,10.612414086604259,8.775192665181478,6.1329396066932675,3.2147819769646557,0.6912061996264353,1.539659738442635,2.5231272741872526,2.5665629196209068,1.8629045177373413,0.7796938942872972,0.40247483082080615,1.1070833804867406,1.3128161576714084,0.9930357410921109,0.4127596327790646,0.7253275122315433,1.3430218158161413,1.6096506013652723,1.414704517461878,0.8229085448705751,0.07865441085888478,0.7340824710097381,1.1986432186097085,1.2360237779375474,0.8371378462653668,0.16645020872461144,0.7000286880212576,1.3363999236801325,1.6120468318335692,1.431447247433479,0.840453625087355,0,E_coli
11.27,10.612414086604259,8.775192665181478,6.1329396066932675,3.2147819769646557,0.6912061996264353,1.539659738442635,2.5231272741872526,2.5665629196209068,1.8629045177373413,0.7796938942872972,0.40247483082080615,1.1070833804867406,1.3128161576714084,0.9930357410921109,0.4127596327790646,0.7253275122315433,1.3430218158161413,1.6096506013652723,1.414704517461878,0.8229085448705751,0.07865441085888478,0.7340824710097381,1.1986432186097085,1.2360237779375474,0.8371378462653668,0.16645020872461144,0.7000286880212576,1.3363999236801325,1.6120468318335692,1.431447247433479,0.840453625087355,0,Yeast
14.92,13.746748987317911,10.545274991238506,6.170288511781912,1.7601588151153855,1.7650252880015618,3.556470714464286,3.6165175185309937,2.3681724593769404,0.7919494559015394,1.4230914347481602,2.1838543285193732,1.9951886755844443,1.0470703496030065,0.5392733084936299,1.482282477593704,1.9200520826269274,1.6395053899521868,0.8256789321502832,0.2622798103907894,0.9596253541236417,1.2231777956193501,0.9887556621660588,0.5105366205130258,0.45536710756111426,0.6611599922283335,0.5349540399442557,0.1402298500836899,0.543490822474739,0.95697688453194,1.0107062877490451,0.6727670590306212,0,Mammalian
14.92,13.746748987317911,10.545274991238506,6.170288511781912,1.7601588151153855,1.7650252880015618,3.556470714464286,3.6165175185309937,2.3681724593769404,0.7919494559015394,1.4230914347481602,2.1838543285193732,1.9951886755844443,1.0470703496030065,0.5392733084936299,1.482282477593704,1.9200520826269274,1.6395053899521868,0.8256789321502832,0.2622798103907894,0.9596253541236417,1.2231777956193501,0.9887556621660588,0.5105366205130258,0.45536710756111426,0.6611599922283335,0.5349540399442557,0.1402298500836899,0.543490822474739,0.95697688453194,1.0107062877490451,0.6727670590306212,0,Yeast
14.92,13.746748987317911,10.545274991238506,6.170288511781912,1.7601588151153855,1.7650252880015618,3.556470714464286,3.6165175185309937,2.3681724593769404,0.7919494559015394,1.4230914347481602,2.1838543285193732,1.9951886755844443,1.0470703496030065,0.5392733084936299,1.482282477593704,1.9200520826269274,1.6395053899521868,0.8256789321502832,0.2622798103907894,0.9596253541236417,1.2231777956193501,0.9887556621660588,0.5105366205130258,0.45536710756111426,0.6611599922283335,0.5349540399442557,0.1402298500836899,0.543490822474739,0.95697688453194,1.0107062877490451,0.6727670590306212,0,E_coli
18.46,15.895611804871777,9.483876497709545,2.3762459943818213,2.707357782543372,3.727884137454363,1.7766616997462426,1.0524933959942164,2.4721508641587766,1.8733124079776886,0.410249735264132,1.5239585293593054,1.5578156509082304,0.4301524722541604,1.2278937350197108,1.6823824892267991,0.8930845424706437,0.8612826938345175,1.7683084795064636,1.5313424807099405,0.4551436962693293,1.1034732301877874,1.467331407364924,0.7403174982575565,0.47672854418317845,1.218161046772907,0.9369083989000161,0.30079745657443846,1.2503873203265834,1.5126772846716767,0.944964668862816,0.5732346922206213,0,Yeast
18.46,15.895611804871777,9.483876497709545,2.3762459943818213,2.707357782543372,3.727884137454363,1.7766616997462426,1.0524933959942164,2.4721508641587766,1.8733124079776886,0.410249735264132,1.5239585293593054,1.5578156509082304,0.4301524722541604,1.2278937350197108,1.6823824892267991,0.8930845424706437,0.8612826938345175,1.7683084795064636,1.5313424807099405,0.4551436962693293,1.1034732301877874,1.467331407364924,0.7403174982575565,0.47672854418317845,1.218161046772907,0.9369083989000161,0.30079745657443846,1.2503873203265834,1.5126772846716767,0.944964668862816,0.5732346922206213,0,Mammalian
18.46,15.895611804871777,9.483876497709545,2.3762459943818213,2.707357782543372,3.727884137454363,1.7766616997462426,1.0524933959942164,2.4721508641587766,1.8733124079776886,0.410249735264132,1.5239585293593054,1.5578156509082304,0.4301524722541604,1.2278937350197108,1.6823824892267991,0.8930845424706437,0.8612826938345175,1.7683084795064636,1.5313424807099405,0.4551436962693293,1.1034732301877874,1.467331407364924,0.7403174982575565,0.47672854418317845,1.218161046772907,0.9369083989000161,0.30079745657443846,1.2503873203265834,1.5126772846716767,0.944964668862816,0.5732346922206213,0,E_coli
18.56,16.34811885873383,10.683848354708928,3.993753982876484,1.403280202669013,3.358413465188664,2.4540102069030247,0.1250644821939621,1.7369007579716929,1.930326782164711,0.5897291976499094,1.5975025181045752,2.8519228230857085,2.6936386368265577,1.3586673511961214,0.3482272756763313,1.2165525060596443,1.085480383830249,0.2544956560558271,0.5382749088251405,0.7333221090731403,0.7152556673113405,1.4158966081294735,2.0146423038531633,1.9917770349507902,1.4628951542222919,0.8931810130376145,0.6842230367988356,0.9828425958944684,1.4668319972286963,1.5862399485315153,1.0450972810250831,0,Mammalian
18.56,16.34811885873383,10.683848354708928,3.993753982876484,1.403280202669013,3.358413465188664,2.4540102069030247,0.1250644821939621,1.7369007579716929,1.930326782164711,0.5897291976499094,1.5975025181045752,2.8519228230857085,2.6936386368265577,1.3586673511961214,0.3482272756763313,1.2165525060596443,1.085480383830249,0.2544956560558271,0.5382749088251405,0.7333221090731403,0.7152556673113405,1.4158966081294735,2.0146423038531633,1.9917770349507902,1.4628951542222919,0.8931810130376145,0.6842230367988356,0.9828425958944684,1.4668319972286963,1.5862399485315153,1.0450972810250831,0,E_coli
18.56,16.34811885873383,10.683848354708928,3.993753982876484,1.403280202669013,3.358413465188664,2.4540102069030247,0.1250644821939621,1.7369007579716929,1.930326782164711,0.5897291976499094,1.5975025181045752,2.8519228230857085,2.6936386368265577,1.3586673511961214,0.3482272756763313,1.2165525060596443,1.085480383830249,0.2544956560558271,0.5382749088251405,0.7333221090731403,0.7152556673113405,1.4158966081294735,2.0146423038531633,1.9917770349507902,1.4628951542222919,0.8931810130376145,0.6842230367988356,0.9828425958944684,1.4668319972286963,1.5862399485315153,1.0450972810250831,0,Yeast
10.879999999999999,10.371321448854474,8.930283559646204,6.795803829934368,4.317293565183494,1.9093499040207769,0.648879741644696,1.7951965861771684,2.435226387427272,2.3692482371188373,1.7568600848096236,0.9254849427581006,0.7401389034445159,1.335103658758236,1.7224106950532496,1.7016399885128428,1.3023056476879764,0.6861794459156336,0.4418769423841295,0.9616865372090253,1.38373137184871,1.5401016534929364,1.4433499043236726,1.190854055318884,0.9222106277732444,0.735140270704401,0.589334459268175,0.39519765043039085,0.3188387777464172,0.657477996086965,1.0827305213033875,1.4023674355221802,0,E_coli
10.879999999999999,10.371321448854474,8.930283559646204,6.795803829934368,4.317293565183494,1.9093499040207769,0.648879741644696,1.7951965861771684,2.435226387427272,2.3692482371188373,1.7568600848096236,0.9254849427581006,0.7401389034445159,1.335103658758236,1.7224106950532496,1.7016399885128428,1.3023056476879764,0.6861794459156336,0.4418769423841295,0.9616865372090253,1.38373137184871,1.5401016534929364,1.4433499043236726,1.190854055318884,0.9222106277732444,0.735140270704401,0.589334459268175,0.39519765043039085,0.3188387777464172,0.657477996086965,1.0827305213033875,1.4023674355221802,0,Mammalian
10.879999999999999,10.371321448854474,8.930283559646204,6.795803829934368,4.317293565183494,1.9093499040207769,0.648879741644696,1.7951965861771684,2.435226387427272,2.3692482371188373,1.7568600848096236,0.9254849427581006,0.7401389034445159,1.335103658758236,1.7224106950532496,1.7016399885128428,1.3023056476879764,0.6861794459156336,0.4418769423841295,0.9616865372090253,1.38373137184871,1.5401016534929364,1.4433499043236726,1.190854055318884,0.9222106277732444,0.735140270704401,0.589334459268175,0.39519765043039085,0.3188387777464172,0.657477996086965,1.0827305213033875,1.4023674355221802,0,Yeast
16.32,14.724461811351112,10.496954440071907,5.092466254361831,0.6641973779259178,2.845584626123458,3.374936302587259,2.026347885597625,0.8548027968829173,2.354778654639549,2.9935372907778266,2.395221038631512,1.1256438268835165,0.7423410411016392,1.2668672787015711,1.1637959342158284,0.7337574531137657,0.6982375398141908,0.636650597524526,0.3289300843107747,1.16606550978428,2.0803649956152546,2.4557454690377956,2.1064718109898917,1.218733842330286,0.22990316872921573,0.4350944685983997,0.554737957991409,0.40897315932331696,0.7476546911831733,1.1717581810161248,1.3664431156031303,0,E_coli
16.32,14.724461811351112,10.496954440071907,5.092466254361831,0.6641973779259178,2.845584626123458,3.374936302587259,2.026347885597625,0.8548027968829173,2.354778654639549,2.9935372907778266,2.395221038631512,1.1256438268835165,0.7423410411016392,1.2668672787015711,1.1637959342158284,0.7337574531137657,0.6982375398141908,0.636650597524526,0.3289300843107747,1.16606550978428,2.0803649956152546,2.4557454690377956,2.1064718109898917,1.218733842330286,0.22990316872921573,0.4350944685983997,0.554737957991409,0.40897315932331696,0.7476546911831733,1.1717581810161248,1.3664431156031303,0,Mammalian
16.32,14.724461811351112,10.496954440071907,5.092466254361831,0.6641973779259178,2.845584626123458,3.374936302587259,2.026347885597625,0.8548027968829173,2.354778654639549,2.9935372907778266,2.395221038631512,1.1256438268835165,0.7423410411016392,1.2668672787015711,1.1637959342158284,0.7337574531137657,0.6982375398141908,0.636650597524526,0.3289300843107747,1.16606550978428,2.0803649956152546,2.4557454690377956,2.1064718109898917,1.218733842330286,0.22990316872921573,0.4350944685983997,0.554737957991409,0.40897315932331696,0.7476546911831733,1.1717581810161248,1.3664431156031303,0,Yeast
17.42,15.498193345498317,10.497386981944976,4.36326390521342,1.0053283470811454,3.4016367590195435,3.1862644025637077,1.28591722105847,1.2840179542781835,2.3910110556336965,2.1747919502531374,1.390758383349019,1.5322219119128877,1.6782149397256965,0.9267459974990946,0.4332384569514286,1.4941218156495812,1.739866467758654,1.2408099917345894,1.2447233752066387,1.918224894440634,2.0480086878298422,1.5403084590422158,1.1692801299580249,1.3576810719352574,1.2555451887267601,0.7243438262164731,0.5843397998472801,0.7135994545663049,0.4086792786365869,1.0695671901838102,2.0752539594473864,0,Mammalian
17.42,15.498193345498317,10.497386981944976,4.36326390521342,1.0053283470811454,3.4016367590195435,3.1862644025637077,1.28591722105847,1.2840179542781835,2.3910110556336965,2.1747919502531374,1.390758383349019,1.5322219119128877,1.6782149397256965,0.9267459974990946,0.4332384569514286,1.4941218156495812,1.739866467758654,1.2408099917345894,1.2447233752066387,1.918224894440634,2.0480086878298422,1.5403084590422158,1.1692801299580249,1.3576810719352574,1.2555451887267601,0.7243438262164731,0.5843397998472801,0.7135994545663049,0.4086792786365869,1.0695671901838102,2.0752539594473864,0,E_coli
17.42,15.498193345498317,10.497386981944976,4.36326390521342,1.0053283470811454,3.4016367590195435,3.1862644025637077,1.28591722105847,1.2840179542781835,2.3910110556336965,2.1747919502531374,1.390758383349019,1.5322219119128877,1.6782149397256965,0.9267459974990946,0.4332384569514286,1.4941218156495812,1.739866467758654,1.2408099917345894,1.2447233752066387,1.918224894440634,2.0480086878298422,1.5403084590422158,1.1692801299580249,1.3576810719352574,1.2555451887267601,0.7243438262164731,0.5843397998472801,0.7135994545663049,0.4086792786365869,1.0695671901838102,2.0752539594473864,0,Yeast
18.52,16.234688972408495,10.397192252734046,3.5443626757658726,1.8336139348496066,3.7630414408411808,2.7284933324325946,0.5392278732957195,1.7463678077458564,1.9698376385680405,1.0846705879880651,1.83152956116297,2.592118141924977,1.9602389138694656,0.46059425439352486,1.5328059539733712,2.232129028528593,1.7618186838620147,0.9594540472722288,1.1547898536168975,1.1840561112366061,1.0190103156717818,1.7304640637144684,2.2651324576653904,1.934476539032959,0.961830792568559,0.483396997061337,0.7796915435457914,0.6131839868033045,0.8381609751637704,1.3450388252869034,1.4675234605679373,0,E_coli
18.52,16.234688972408495,10.397192252734046,3.5443626757658726,1.8336139348496066,3.7630414408411808,2.7284933324325946,0.5392278732957195,1.7463678077458564,1.9698376385680405,1.0846705879880651,1.83152956116297,2.592118141924977,1.9602389138694656,0.46059425439352486,1.5328059539733712,2.232129028528593,1.7618186838620147,0.9594540472722288,1.1547898536168975,1.1840561112366061,1.0190103156717818,1.7304640637144684,2.2651324576653904,1.934476539032959,0.961830792568559,0.483396997061337,0.7796915435457914,0.6131839868033045,0.8381609751637704,1.3450388252869034,1.4675234605679373,0,Mammalian
18.52,16.234688972408495,10.397192252734046,3.5443626757658726,1.8336139348496066,3.7630414408411808,2.7284933324325946,0.5392278732957195,1.7463678077458564,1.9698376385680405,1.0846705879880651,1.83152956116297,2.592118141924977,1.9602389138694656,0.46059425439352486,1.5328059539733712,2.232129028528593,1.7618186838620147,0.9594540472722288,1.1547898536168975,1.1840561112366061,1.0190103156717818,1.7304640637144684,2.2651324576653904,1.934476539032959,0.961830792568559,0.483396997061337,0.7796915435457914,0.6131839868033045,0.8381609751637704,1.3450388252869034,1.4675234605679373,0,Yeast
19.36,16.763409423602834,10.234271974361693,2.85401313776636,2.454947904921726,3.8440938487396674,2.1756048403840165,0.5798697154438486,1.9087903284254029,1.323259050552589,1.0837656620634475,2.6575656269182426,2.868861985576753,1.5327013011042998,0.608933883023944,1.8291164315239414,1.862900963551203,0.9668335458007523,0.14290691674281902,0.3321202376088116,0.8620992012722106,1.787211166331261,2.2454080555612927,1.9000698309601296,1.0953170692131329,0.5587337244549221,0.3587637055287725,0.06969892818590577,0.29059707327991907,0.02836623162829442,0.877086728831754,1.8288770584596203,0,E_coli
19.36,16.763409423602834,10.234271974361693,2.85401313776636,2.454947904921726,3.8440938487396674,2.1756048403840165,0.5798697154438486,1.9087903284254029,1.323259050552589,1.0837656620634475,2.6575656269182426,2.868861985576753,1.5327013011042998,0.608933883023944,1.8291164315239414,1.862900963551203,0.9668335458007523,0.14290691674281902,0.3321202376088116,0.8620992012722106,1.787211166331261,2.2454080555612927,1.9000698309601296,1.0953170692131329,0.5587337244549221,0.3587637055287725,0.06969892818590577,0.29059707327991907,0.02836623162829442,0.877086728831754,1.8288770584596203,0,Mammalian
19.36,16.763409423602834,10.234271974361693,2.85401313776636,2.454947904921726,3.8440938487396674,2.1756048403840165,0.5798697154438486,1.9087903284254029,1.323259050552589,1.0837656620634475,2.6575656269182426,2.868861985576753,1.5327013011042998,0.608933883023944,1.8291164315239414,1.862900963551203,0.9668335458007523,0.14290691674281902,0.3321202376088116,0.8620992012722106,1.787211166331261,2.2454080555612927,1.9000698309601296,1.0953170692131329,0.5587337244549221,0.3587637055287725,0.06969892818590577,0.29059707327991907,0.02836623162829442,0.877086728831754,1.8288770584596203,0,Yeast
16.92,15.116351834644123,10.410962393102372,4.601854636818875,0.6737494254764812,2.928448324161256,2.859996100929991,1.1352000152333837,1.0903031603236675,2.1076243237539534,1.7205455509382068,0.3523202725157913,1.346462226788659,2.2537232841157064,2.2132033010141208,1.620413156691904,1.2165525060596447,1.0050808513069245,0.5069170327836626,0.5974981275515054,1.1602178936720497,1.191221971834697,0.7806978763708508,0.8422825271229128,1.2046738224881555,1.0515652345662472,0.5010220262895262,0.8620536087529735,1.3913287256089522,1.348877857678051,0.8071315781686049,0.18302085428849316,0,Yeast
16.92,15.116351834644123,10.410962393102372,4.601854636818875,0.6737494254764812,2.928448324161256,2.859996100929991,1.1352000152333837,1.0903031603236675,2.1076243237539534,1.7205455509382068,0.3523202725157913,1.346462226788659,2.2537232841157064,2.2132033010141208,1.620413156691904,1.2165525060596447,1.0050808513069245,0.5069170327836626,0.5974981275515054,1.1602178936720497,1.191221971834697,0.7806978763708508,0.8422825271229128,1.2046738224881555,1.0515652345662472,0.5010220262895262,0.8620536087529735,1.3913287256089522,1.348877857678051,0.8071315781686049,0.18302085428849316,0,E_coli
16.92,15.116351834644123,10.410962393102372,4.601854636818875,0.6737494254764812,2.928448324161256,2.859996100929991,1.1352000152333837,1.0903031603236675,2.1076243237539534,1.7205455509382068,0.3523202725157913,1.346462226788659,2.2537232841157064,2.2132033010141208,1.620413156691904,1.2165525060596447,1.0050808513069245,0.5069170327836626,0.5974981275515054,1.1602178936720497,1.191221971834697,0.7806978763708508,0.8422825271229128,1.2046738224881555,1.0515652345662472,0.5010220262895262,0.8620536087529735,1.3913287256089522,1.348877857678051,0.8071315781686049,0.18302085428849316,0,Mammalian
13.379999999999999,12.536495652593612,10.20332267410913,6.91873824766007,3.418309315534514,0.5235001039622225,1.5853082554199573,2.2493840971607217,1.7739543386595338,0.5651824763432047,0.8990473097069581,2.0132896187550178,2.4875677570695602,2.231408113679638,1.4081710299697647,0.37766804677415416,0.6551335741663682,1.1828250141672607,1.214105626609331,0.8669984391975358,0.633863589282244,0.9608521272131416,1.2653585140291288,1.2556413182289905,0.9463012228413406,0.5002295392587964,0.14614923109167083,0.05466107357653613,0.16668841441479093,0.6348536092178342,1.1973421354113056,1.6482976749920863,0,Mammalian
13.379999999999999,12.536495652593612,10.20332267410913,6.91873824766007,3.418309315534514,0.5235001039622225,1.5853082554199573,2.2493840971607217,1.7739543386595338,0.5651824763432047,0.8990473097069581,2.0132896187550178,2.4875677570695602,2.231408113679638,1.4081710299697647,0.37766804677415416,0.6551335741663682,1.1828250141672607,1.214105626609331,0.8669984391975358,0.633863589282244,0.9608521272131416,1.2653585140291288,1.2556413182289905,0.9463012228413406,0.5002295392587964,0.14614923109167083,0.05466107357653613,0.16668841441479093,0.6348536092178342,1.1973421354113056,1.6482976749920863,0,Yeast
13.379999999999999,12.536495652593612,10.20332267410913,6.91873824766007,3.418309315534514,0.5235001039622225,1.5853082554199573,2.2493840971607217,1.7739543386595338,0.5651824763432047,0.8990473097069581,2.0132896187550178,2.4875677570695602,2.231408113679638,1.4081710299697647,0.37766804677415416,0.6551335741663682,1.1828250141672607,1.214105626609331,0.8669984391975358,0.633863589282244,0.9608521272131416,1.2653585140291288,1.2556413182289905,0.9463012228413406,0.5002295392587964,0.14614923109167083,0.05466107357653613,0.16668841441479093,0.6348536092178342,1.1973421354113056,1.6482976749920863,0,E_coli
14.48,13.425448059192867,10.546513724441475,6.607567476476495,2.619232740605497,0.6541040397617517,2.245615653653791,2.359015250876164,1.2999633690735266,0.35120038302431084,1.6651558597810927,2.291875885098593,2.0189630973900234,1.055341680056968,0.4647852924607108,1.3976755820845188,1.8850994668717083,1.7428811184761743,1.1960128794854628,0.8347080669744478,1.0258864840489368,1.1210860421370126,0.8520411047426284,0.3983516282889004,0.44327783507299984,0.7191712963737955,0.777418286224763,0.8089436124823058,1.0483152120250905,1.2865408401120164,1.2653415139632493,0.9640731248427331,0,Mammalian
14.48,13.425448059192867,10.546513724441475,6.607567476476495,2.619232740605497,0.6541040397617517,2.245615653653791,2.359015250876164,1.2999633690735266,0.35120038302431084,1.6651558597810927,2.291875885098593,2.0189630973900234,1.055341680056968,0.4647852924607108,1.3976755820845188,1.8850994668717083,1.7428811184761743,1.1960128794854628,0.8347080669744478,1.0258864840489368,1.1210860421370126,0.8520411047426284,0.3983516282889004,0.44327783507299984,0.7191712963737955,0.777418286224763,0.8089436124823058,1.0483152120250905,1.2865408401120164,1.2653415139632493,0.9640731248427331,0,E_coli
14.48,13.425448059192867,10.546513724441475,6.607567476476495,2.619232740605497,0.6541040397617517,2.245615653653791,2.359015250876164,1.2999633690735266,0.35120038302431084,1.6651558597810927,2.291875885098593,2.0189630973900234,1.055341680056968,0.4647852924607108,1.3976755820845188,1.8850994668717083,1.7428811184761743,1.1960128794854628,0.8347080669744478,1.0258864840489368,1.1210860421370126,0.8520411047426284,0.3983516282889004,0.44327783507299984,0.7191712963737955,0.777418286224763,0.8089436124823058,1.0483152120250905,1.2865408401120164,1.2653415139632493,0.9640731248427331,0,Yeast
18.48,16.284750549854845,10.639746089166568,3.884752246054957,1.422649485320948,3.72057752567925,3.0771725335688895,0.9457164998800229,1.1738522070412585,1.6660009308141868,0.8575927149891066,1.2218784869713784,2.1802357659109104,2.0959254642140235,1.1593510505644242,0.4779500590177727,0.747261667690776,0.8944166927716471,1.5748218623987515,2.2287051519218215,2.1967337015347,1.5205449945825882,0.9176989551036173,0.9467496467834098,0.9137127535633763,0.9082331018677472,1.0730761123342667,0.8588258806405331,0.31528002077607553,0.9896315355929722,1.5684146837226915,1.5884889230375059,0,E_coli
18.48,16.284750549854845,10.639746089166568,3.884752246054957,1.422649485320948,3.72057752567925,3.0771725335688895,0.9457164998800229,1.1738522070412585,1.6660009308141868,0.8575927149891066,1.2218784869713784,2.1802357659109104,2.0959254642140235,1.1593510505644242,0.4779500590177727,0.747261667690776,0.8944166927716471,1.5748218623987515,2.2287051519218215,2.1967337015347,1.5205449945825882,0.9176989551036173,0.9467496467834098,0.9137127535633763,0.9082331018677472,1.0730761123342667,0.8588258806405331,0.31528002077607553,0.9896315355929722,1.5684146837226915,1.5884889230375059,0,Mammalian
18.48,16.284750549854845,10.639746089166568,3.884752246054957,1.422649485320948,3.72057752567925,3.0771725335688895,0.9457164998800229,1.1738522070412585,1.6660009308141868,0.8575927149891066,1.2218784869713784,2.1802357659109104,2.0959254642140235,1.1593510505644242,0.4779500590177727,0.747261667690776,0.8944166927716471,1.5748218623987515,2.2287051519218215,2.1967337015347,1.5205449945825882,0.9176989551036173,0.9467496467834098,0.9137127535633763,0.9082331018677472,1.0730761123342667,0.8588258806405331,0.31528002077607553,0.9896315355929722,1.5684146837226915,1.5884889230375059,0,Yeast
19.97,16.891249062035634,9.386699497190406,1.6126637822143328,3.142273769415325,3.108411215748784,1.2813904179764892,3.082710832850052,3.185847991785525,0.9363198334876883,1.9915543845989676,3.2536704399869056,2.417914672176762,1.3020538442561482,1.8465379263735269,1.3008155625768116,0.4455333881989092,1.9764859642588892,2.0945732155063883,0.8570504394544282,1.002138765109174,1.655033322161968,1.1420202630694107,1.029596363872209,1.7136430705476948,1.6466284635072905,1.2477779724555638,1.3107037300383106,1.408801650901292,1.6498544436831193,1.8625581496664658,1.31056374819504,0,Mammalian
19.97,16.891249062035634,9.386699497190406,1.6126637822143328,3.142273769415325,3.108411215748784,1.2813904179764892,3.082710832850052,3.185847991785525,0.9363198334876883,1.9915543845989676,3.2536704399869056,2.417914672176762,1.3020538442561482,1.8465379263735269,1.3008155625768116,0.4455333881989092,1.9764859642588892,2.0945732155063883,0.8570504394544282,1.002138765109174,1.655033322161968,1.1420202630694107,1.029596363872209,1.7136430705476948,1.6466284635072905,1.2477779724555638,1.3107037300383106,1.408801650901292,1.6498544436831193,1.8625581496664658,1.31056374819504,0,Yeast
19.97,16.891249062035634,9.386699497190406,1.6126637822143328,3.142273769415325,3.108411215748784,1.2813904179764892,3.082710832850052,3.185847991785525,0.9363198334876883,1.9915543845989676,3.2536704399869056,2.417914672176762,1.3020538442561482,1.8465379263735269,1.3008155625768116,0.4455333881989092,1.9764859642588892,2.0945732155063883,0.8570504394544282,1.002138765109174,1.655033322161968,1.1420202630694107,1.029596363872209,1.7136430705476948,1.6466284635072905,1.2477779724555638,1.3107037300383106,1.408801650901292,1.6498544436831193,1.8625581496664658,1.31056374819504,0,E_coli
11.540000000000001,10.902739970799942,9.11801594808559,6.537443499614474,3.6568301271923374,1.0225520138090625,1.0764187102211884,2.154292693325685,2.305756652780567,1.7000812801565854,0.7301357214640563,0.7427754381909051,1.5186308591721893,1.8814813760656424,1.7211528873457858,1.1427201310924773,0.41303752856126735,0.5185527484759743,0.9684115457955209,1.071528855800674,0.8196590483264967,0.3954552324665912,0.4763116445227221,0.8701716026657105,1.0464636917534003,0.9290261130060031,0.6003693426961926,0.38711448691945854,0.6189610479867985,0.8177271498743816,0.7689638775511876,0.4722832569505099,0,Yeast
11.540000000000001,10.902739970799942,9.11801594808559,6.537443499614474,3.6568301271923374,1.0225520138090625,1.0764187102211884,2.154292693325685,2.305756652780567,1.7000812801565854,0.7301357214640563,0.7427754381909051,1.5186308591721893,1.8814813760656424,1.7211528873457858,1.1427201310924773,0.41303752856126735,0.5185527484759743,0.9684115457955209,1.071528855800674,0.8196590483264967,0.3954552324665912,0.4763116445227221,0.8701716026657105,1.0464636917534003,0.9290261130060031,0.6003693426961926,0.38711448691945854,0.6189610479867985,0.8177271498743816,0.7689638775511876,0.4722832569505099,0,E_coli
11.540000000000001,10.902739970799942,9.11801594808559,6.537443499614474,3.6568301271923374,1.0225520138090625,1.0764187102211884,2.154292693325685,2.305756652780567,1.7000812801565854,0.7301357214640563,0.7427754381909051,1.5186308591721893,1.8814813760656424,1.7211528873457858,1.1427201310924773,0.41303752856126735,0.5185527484759743,0.9684115457955209,1.071528855800674,0.8196590483264967,0.3954552324665912,0.4763116445227221,0.8701716026657105,1.0464636917534003,0.9290261130060031,0.6003693426961926,0.38711448691945854,0.6189610479867985,0.8177271498743816,0.7689638775511876,0.4722832569505099,0,Mammalian
12.42,11.610571886288,9.373257824602529,6.228856576074124,2.891459546794305,0.4246604225106565,1.8922214402254962,2.5044091705528815,2.0385774908989016,0.9029973309003323,0.6259917266192035,1.6216994083120215,2.068589912270347,1.8552216995251423,1.1474285357300065,0.26999378217857933,0.4726520919238591,0.7858263786570651,0.628670054372971,0.19618705677658382,0.6073344573818951,1.0888926680446214,1.217916457752454,0.9259239979007107,0.32954789272629,0.4653778125171481,1.0324488961772942,1.26683650893802,1.0912114006836928,0.5908574502301822,0.11216340636720731,0.5673697087438948,0,Yeast
12.42,11.610571886288,9.373257824602529,6.228856576074124,2.891459546794305,0.4246604225106565,1.8922214402254962,2.5044091705528815,2.0385774908989016,0.9029973309003323,0.6259917266192035,1.6216994083120215,2.068589912270347,1.8552216995251423,1.1474285357300065,0.26999378217857933,0.4726520919238591,0.7858263786570651,0.628670054372971,0.19618705677658382,0.6073344573818951,1.0888926680446214,1.217916457752454,0.9259239979007107,0.32954789272629,0.4653778125171481,1.0324488961772942,1.26683650893802,1.0912114006836928,0.5908574502301822,0.11216340636720731,0.5673697087438948,0,Mammalian
12.42,11.610571886288,9.373257824602529,6.228856576074124,2.891459546794305,0.4246604225106565,1.8922214402254962,2.5044091705528815,2.0385774908989016,0.9029973309003323,0.6259917266192035,1.6216994083120215,2.068589912270347,1.8552216995251423,1.1474285357300065,0.26999378217857933,0.4726520919238591,0.7858263786570651,0.628670054372971,0.19618705677658382,0.6073344573818951,1.0888926680446214,1.217916457752454,0.9259239979007107,0.32954789272629,0.4653778125171481,1.0324488961772942,1.26683650893802,1.0912114006836928,0.5908574502301822,0.11216340636720731,0.5673697087438948,0,E_coli
14.370000000000001,13.080038297456799,9.623889422539346,5.093045444899163,0.9817580096167978,2.1796185739862675,3.0798355656180476,2.257539895296044,0.46539494387512537,1.309139658234276,2.2693317879802355,2.104965595370452,1.0717596133305587,0.5328654859274601,1.4142550063279007,1.617981819333449,1.0885311203635843,0.5793857550186474,1.119904764917144,1.381225466449155,0.9730638325770747,0.1176565071696164,0.8317909594750728,1.3120073656202618,1.1246366285229508,0.3593366698892274,0.6160571153384015,1.340229642371894,1.4878942568331963,1.0399746345587826,0.473066625879152,0.8379507918382485,0,Yeast
14.370000000000001,13.080038297456799,9.623889422539346,5.093045444899163,0.9817580096167978,2.1796185739862675,3.0798355656180476,2.257539895296044,0.46539494387512537,1.309139658234276,2.2693317879802355,2.104965595370452,1.0717596133305587,0.5328654859274601,1.4142550063279007,1.617981819333449,1.0885311203635843,0.5793857550186474,1.119904764917144,1.381225466449155,0.9730638325770747,0.1176565071696164,0.8317909594750728,1.3120073656202618,1.1246366285229508,0.3593366698892274,0.6160571153384015,1.340229642371894,1.4878942568331963,1.0399746345587826,0.473066625879152,0.8379507918382485,0,Mammalian
14.370000000000001,13.080038297456799,9.623889422539346,5.093045444899163,0.9817580096167978,2.1796185739862675,3.0798355656180476,2.257539895296044,0.46539494387512537,1.309139658234276,2.2693317879802355,2.104965595370452,1.0717596133305587,0.5328654859274601,1.4142550063279007,1.617981819333449,1.0885311203635843,0.5793857550186474,1.119904764917144,1.381225466449155,0.9730638325770747,0.1176565071696164,0.8317909594750728,1.3120073656202618,1.1246366285229508,0.3593366698892274,0.6160571153384015,1.340229642371894,1.4878942568331963,1.0399746345587826,0.473066625879152,0.8379507918382485,0,E_coli
10.4,9.9913560815556,8.822216133700618,7.053695693282512,4.925076261508787,2.715320302227371,0.6989481388262098,0.8961269130096416,1.9216694276234767,2.3276952244372673,2.1638178882767045,1.563755262109815,0.7163644594429722,0.1711229561189422,0.9107805154370789,1.3657745285091585,1.470782104868019,1.2378658774327358,0.7474582521192059,0.12691343388529888,0.47865942876440004,0.9372788340323536,1.1565847574534245,1.1009178501692676,0.7959815393193869,0.3206393364987726,0.21202359992645514,0.680152328450671,0.9796585787020683,1.0463169164580493,0.8689124477283895,0.49084384921183455,0,Yeast
10.4,9.9913560815556,8.822216133700618,7.053695693282512,4.925076261508787,2.715320302227371,0.6989481388262098,0.8961269130096416,1.9216694276234767,2.3276952244372673,2.1638178882767045,1.563755262109815,0.7163644594429722,0.1711229561189422,0.9107805154370789,1.3657745285091585,1.470782104868019,1.2378658774327358,0.7474582521192059,0.12691343388529888,0.47865942876440004,0.9372788340323536,1.1565847574534245,1.1009178501692676,0.7959815393193869,0.3206393364987726,0.21202359992645514,0.680152328450671,0.9796585787020683,1.0463169164580493,0.8689124477283895,0.49084384921183455,0,Mammalian
10.4,9.9913560815556,8.822216133700618,7.053695693282512,4.925076261508787,2.715320302227371,0.6989481388262098,0.8961269130096416,1.9216694276234767,2.3276952244372673,2.1638178882767045,1.563755262109815,0.7163644594429722,0.1711229561189422,0.9107805154370789,1.3657745285091585,1.470782104868019,1.2378658774327358,0.7474582521192059,0.12691343388529888,0.47865942876440004,0.9372788340323536,1.1565847574534245,1.1009178501692676,0.7959815393193869,0.3206393364987726,0.21202359992645514,0.680152328450671,0.9796585787020683,1.0463169164580493,0.8689124477283895,0.49084384921183455,0,E_coli
7.96,7.813189837061792,7.382587005944929,6.6969130688899225,5.801561960368496,4.755101386602244,3.624786426590383,2.4814630332791676,1.394345724703884,0.4272484409306324,0.3806138006832685,0.9739314473026975,1.3454001976806687,1.4924431480204567,1.4314111932174332,1.1947225535659902,0.8296987405076616,0.41140974960719917,0.28753983554212836,0.6692993253211471,1.050278827382545,1.3353465648798712,1.493041579900113,1.5114356903090285,1.394345724703884,1.1595225303116365,0.8362071235210866,0.4618754073246641,0.07931905721846652,0.27421927292454945,0.555547407660983,0.7372341879717048,0,Yeast
7.96,7.813189837061792,7.382587005944929,6.6969130688899225,5.801561960368496,4.755101386602244,3.624786426590383,2.4814630332791676,1.394345724703884,0.4272484409306324,0.3806138006832685,0.9739314473026975,1.3454001976806687,1.4924431480204567,1.4314111932174332,1.1947225535659902,0.8296987405076616,0.41140974960719917,0.28753983554212836,0.6692993253211471,1.050278827382545,1.3353465648798712,1.493041579900113,1.5114356903090285,1.394345724703884,1.1595225303116365,0.8362071235210866,0.4618754073246641,0.07931905721846652,0.27421927292454945,0.555547407660983,0.7372341879717048,0,E_coli
7.96,7.813189837061792,7.382587005944929,6.6969130688899225,5.801561960368496,4.755101386602244,3.624786426590383,2.4814630332791676,1.394345724703884,0.4272484409306324,0.3806138006832685,0.9739314473026975,1.3454001976806687,1.4924431480204567,1.4314111932174332,1.1947225535659902,0.8296987405076616,0.41140974960719917,0.28753983554212836,0.6692993253211471,1.050278827382545,1.3353465648798712,1.493041579900113,1.5114356903090285,1.394345724703884,1.1595225303116365,0.8362071235210866,0.4618754073246641,0.07931905721846652,0.27421927292454945,0.555547407660983,0.7372341879717048,0,Mammalian
11.899999999999999,11.314839116852687,9.65738426532613,7.203004222007707,4.353400067678329,1.5828532889146694,0.968582037556081,2.50180440240045,3.2049949563460536,3.054341705144992,2.2317250295921354,1.0379425833806726,0.3980882721792885,1.3538130134232662,1.9534475524700432,2.0445586057526794,1.6688319268278637,0.9742293963296378,0.16655491916665918,0.5462323638762313,1.0034285075020213,1.1289536110924063,0.9466054304049126,0.5924908145326024,0.4294267455531346,0.6741613879042893,0.8714990644942047,0.8479657921608786,0.6041231733875877,0.24331173138702897,0.27732839560859646,0.5670308774285088,0,Yeast
11.899999999999999,11.314839116852687,9.65738426532613,7.203004222007707,4.353400067678329,1.5828532889146694,0.968582037556081,2.50180440240045,3.2049949563460536,3.054341705144992,2.2317250295921354,1.0379425833806726,0.3980882721792885,1.3538130134232662,1.9534475524700432,2.0445586057526794,1.6688319268278637,0.9742293963296378,0.16655491916665918,0.5462323638762313,1.0034285075020213,1.1289536110924063,0.9466054304049126,0.5924908145326024,0.4294267455531346,0.6741613879042893,0.8714990644942047,0.8479657921608786,0.6041231733875877,0.24331173138702897,0.27732839560859646,0.5670308774285088,0,Mammalian
11.899999999999999,11.314839116852687,9.65738426532613,7.203004222007707,4.353400067678329,1.5828532889146694,0.968582037556081,2.50180440240045,3.2049949563460536,3.054341705144992,2.2317250295921354,1.0379425833806726,0.3980882721792885,1.3538130134232662,1.9534475524700432,2.0445586057526794,1.6688319268278637,0.9742293963296378,0.16655491916665918,0.5462323638762313,1.0034285075020213,1.1289536110924063,0.9466054304049126,0.5924908145326024,0.4294267455531346,0.6741613879042893,0.8714990644942047,0.8479657921608786,0.6041231733875877,0.24331173138702897,0.27732839560859646,0.5670308774285088,0,E_coli
10.809999999999999,10.277277843238346,8.762774110968277,6.501963642303909,3.838856163188806,1.1658211312035038,1.170024668193517,2.856865490305992,3.759831647457302,3.8682375636558843,3.305994169270312,2.293489764541257,1.097730851955279,0.170457633128621,0.949440066716425,1.4709537919534457,1.63783393541592,1.5291637590978113,1.274859516362495,0.9995439038627942,0.760456839585303,0.541170270786017,0.3829352653483391,0.5102077683686919,0.827928730494666,1.1158665262828615,1.2688784855175612,1.245564192488729,1.0591863528864005,0.7686545380774811,0.45851876025983,0.2094432331704764,0,E_coli
10.809999999999999,10.277277843238346,8.762774110968277,6.501963642303909,3.838856163188806,1.1658211312035038,1.170024668193517,2.856865490305992,3.759831647457302,3.8682375636558843,3.305994169270312,2.293489764541257,1.097730851955279,0.170457633128621,0.949440066716425,1.4709537919534457,1.63783393541592,1.5291637590978113,1.274859516362495,0.9995439038627942,0.760456839585303,0.541170270786017,0.3829352653483391,0.5102077683686919,0.827928730494666,1.1158665262828615,1.2688784855175612,1.245564192488729,1.0591863528864005,0.7686545380774811,0.45851876025983,0.2094432331704764,0,Yeast
10.809999999999999,10.277277843238346,8.762774110968277,6.501963642303909,3.838856163188806,1.1658211312035038,1.170024668193517,2.856865490305992,3.759831647457302,3.8682375636558843,3.305994169270312,2.293489764541257,1.097730851955279,0.170457633128621,0.949440066716425,1.4709537919534457,1.63783393541592,1.5291637590978113,1.274859516362495,0.9995439038627942,0.760456839585303,0.541170270786017,0.3829352653483391,0.5102077683686919,0.827928730494666,1.1158665262828615,1.2688784855175612,1.245564192488729,1.0591863528864005,0.7686545380774811,0.45851876025983,0.2094432331704764,0,Mammalian
7.72,7.575166914596477,7.150185863292684,6.472880911540316,5.587250060824405,4.550106095831787,3.4267641329420133,2.2861265707733147,1.1955634918610405,0.21600058309471099,0.6023937417333408,1.2235832727234595,1.627843129912829,1.8125870936050834,1.7918012688196372,1.5941588508587223,1.2599999999999998,0.837453438996138,0.37804458073228175,0.06782687701337595,0.45515193645471114,0.7479602008332902,0.922049952853928,0.9665839356310991,0.8844365081389599,0.6912889105008754,0.41357965593739937,0.08551697605838252,0.2545588673662872,0.5681206949486086,0.8203400137407643,0.9835546247416169,0,E_coli
7.72,7.575166914596477,7.150185863292684,6.472880911540316,5.587250060824405,4.550106095831787,3.4267641329420133,2.2861265707733147,1.1955634918610405,0.21600058309471099,0.6023937417333408,1.2235832727234595,1.627843129912829,1.8125870936050834,1.7918012688196372,1.5941588508587223,1.2599999999999998,0.837453438996138,0.37804458073228175,0.06782687701337595,0.45515193645471114,0.7479602008332902,0.922049952853928,0.9665839356310991,0.8844365081389599,0.6912889105008754,0.41357965593739937,0.08551697605838252,0.2545588673662872,0.5681206949486086,0.8203400137407643,0.9835546247416169,0,Mammalian
7.72,7.575166914596477,7.150185863292684,6.472880911540316,5.587250060824405,4.550106095831787,3.4267641329420133,2.2861265707733147,1.1955634918610405,0.21600058309471099,0.6023937417333408,1.2235832727234595,1.627843129912829,1.8125870936050834,1.7918012688196372,1.5941588508587223,1.2599999999999998,0.837453438996138,0.37804458073228175,0.06782687701337595,0.45515193645471114,0.7479602008332902,0.922049952853928,0.9665839356310991,0.8844365081389599,0.6912889105008754,0.41357965593739937,0.08551697605838252,0.2545588673662872,0.5681206949486086,0.8203400137407643,0.9835546247416169,0,Yeast
18.05,15.853739347728634,10.1827734127961,3.335987453091674,2.160046850329175,4.635426182686873,4.0548730129832276,1.7494700222094164,1.070160364254451,2.0775195315021806,1.7437487507850304,0.9191955629223121,1.158377917311013,1.2795700776971768,0.8191270138227101,0.7032943542008492,0.8940357934669063,0.6372432555670322,0.6372531723390177,1.0842599052765105,1.0684556682036859,0.7642161767805083,1.232332487383536,1.8547519659037655,1.9613660532340162,1.5182567823024973,0.7438316568762259,0.23978475145535627,1.1317069806944864,1.7961543255498826,1.8745349297109406,1.2330386288462856,0,Mammalian
9.82,9.433411055942956,8.327244223782793,6.653831985675904,4.640888873531882,2.562103054573601,0.7903985482265911,1.1058281021938854,2.0436942236415945,2.45635141596469,2.344507616728415,1.8228715503840631,1.0613483579857446,0.24982761087269312,0.46312787508348335,0.9379975724618377,1.1458621208504973,1.1331626570543216,1.041505197517589,1.0507876022409532,1.1863723041314054,1.2960075282282084,1.2438477772827445,0.9832934448145956,0.571763867565956,0.39984033735723934,0.836310616176462,1.2844550855454884,1.5401983257096754,1.535498761531995,1.2741132456040465,0.8463476473111733,0,Mammalian
25.730000000000004,18.030492988574842,2.993782195321185,5.766509940615545,3.2554102551519124,2.3944458462196736,2.09480003617496,2.282606237003497,3.52841446340688,0.46158647945349546,2.2305288385732664,0.9676641496645995,1.8871726008696017,1.1928025081744966,1.8774642230821095,2.394554536390797,0.1552417469626006,1.7328177060416885,0.8993870964726535,3.23655960400879,3.011341834849468,0.5759665785679973,0.9686036721284869,1.0264070768435491,2.6388807048483924,1.430035124321876,1.6312720536616365,2.724210351004115,1.2143739122956583,0.7365930777528681,1.2390364929005073,0.7727885862457079,0,Mammalian
20.99,17.622972428158043,9.538645736461433,1.6176768573824956,3.2911048311620754,2.826776198414393,0.9037105570148687,2.7343101835042303,2.611527966876012,1.5702509824780992,1.9658351800511475,1.3397981880729724,0.7633675219357196,2.2383622112833166,1.8856633743856728,0.20057849892967447,2.439200688750313,3.2663579590265095,2.3637125266939325,0.7714251313006303,0.35065484623628285,0.7804443363390927,1.3051481392069197,1.2947350335179049,0.3822586535638469,0.8078694435607344,1.296514928095531,0.8764489095092111,0.6413580868488151,0.6234427795663907,0.36689357298823916,1.6266788936386316,0,Mammalian
7.78,7.57789718387042,6.990479763630399,6.07240891698289,4.9083086982706305,3.6038298342241286,2.2746682036900134,1.0355305408287694,0.10621481764726981,0.8219505166255869,1.3028164333742562,1.4673499177743112,1.3384889183410533,0.9714296352614665,0.4521301757748143,0.23995963838179737,0.7871467461661774,1.2665473195741421,1.5804436966145337,1.6853299437933336,1.5692945121724697,1.2519034432054532,0.7864408501738306,0.32460525300691717,0.5454524841928555,1.0558619306649883,1.4737615056764974,1.7239124887783779,1.7751247482992383,1.6295998385874049,1.327652220227405,0.9691297076441917,0,Mammalian
18.47,16.09904416502411,10.017799362616975,2.8218932274485984,2.877752641661816,5.046953662556186,3.9242211456827816,1.118949663327013,1.7047852136102069,2.6213799779727656,1.8109228192206643,0.9271864536161288,1.850421516071163,2.000661022626922,1.076410283309852,0.3143097446934849,1.1588356225108027,1.2556984889517773,0.8090457309183925,0.4034831784580395,0.49733475834709806,0.944492858523193,1.3341619267881033,1.2204939874721399,0.5148857887493151,0.5456192148703582,1.1786914705642306,1.2195766642140005,1.2258621800223608,1.790004215510677,2.0631595068119903,1.538418262336963,0,Mammalian
8.510000000000002,8.316028548182244,7.750989781541909,6.863839431540516,5.730818749044225,4.448228665602704,3.1242334003162155,1.8741061483029853,0.8505179730369731,0.5790044528284299,1.0212864991757507,1.3300205934818892,1.3973558229168408,1.2598231938009663,1.0178897971033842,0.8624376535181311,0.9885848471426217,1.3047035377277847,1.6197494089497015,1.8293245980745183,1.8885122825275737,1.7884873580026885,1.5468727648313474,1.2011061522521198,0.8022587971104329,0.41294072376021196,0.17027509755058273,0.3039625562888037,0.4398119240153457,0.46578105085287663,0.38262280005239896,0.2156921798140579,0,Mammalian
33.81999999999999,18.27586852900586,5.211953001541691,7.0169664445270765,2.7765389872095936,2.9894078620980675,1.8589004280529118,1.0179955815577824,1.4872737718324964,2.385562590294951,0.8941050795295191,3.3802666772205843,2.728963817292058,0.7896126122905986,0.3889267947585385,2.3839983525044883,1.4577379737113245,0.8277674116880507,3.0192860327143194,1.0243076668630227,3.035729632499509,1.8266525083312537,2.3056193775587364,0.4871690501031149,2.886592580815508,0.9318594992968673,2.942376421563856,3.312217457873189,1.5046372768146736,2.6463492071448522,1.755619348176197,0.7160867675150147,0,Mammalian
36.349999999999994,20.320901829998874,3.6522626384189336,5.617102225365408,4.723713338727015,3.47092417074475,3.0962539850402013,2.227192931379992,0.7092677082350441,2.7780419645440997,2.4804923720019194,1.8828599914951425,2.2919674208397858,0.9079933681908742,1.6363144444179196,2.572346443694292,1.8971821209362072,0.8204554290573535,2.5333511400297892,1.26822163346729,2.5364152896591863,1.542180589108339,1.338474465920816,1.379684460482399,2.4983873434787913,0.8730043800465387,1.6862116185189553,2.694935882214572,1.3441782298953544,2.954259421452972,2.336478117706403,1.3397996777999315,0,Mammalian
19.15,16.811373032150694,10.819896101096006,3.7255481653959657,1.7920603279176848,3.9127525818395967,2.8720620553313814,0.5167943580636082,2.227973240279708,2.889968829670411,1.9320817699851134,0.7695837153874439,1.3978470036307633,1.5664346743538118,1.4625004987374923,1.8776762214750968,1.98567368920475,1.3271001492111567,0.6252662343131197,1.0186006552673348,1.0673904965060357,0.7821862055191412,1.0510685566462759,1.2629411648742555,1.0575137070494833,1.0436438728574204,1.2225520474729996,1.1479480597918386,1.6563879568243238,2.633459249294062,2.9749157557439907,2.3059252604528253,0,Mammalian
12.780000000000001,12.0878533311351,10.148378284787245,7.339666308127117,4.191006978662462,1.2600959208341604,1.0111271350695474,2.3446702353849513,2.7481274519676444,2.4588588032783707,1.9149254253123706,1.5968403983234418,1.5489977464195765,1.3906054373763683,1.0179687208376658,0.9703443473131301,1.5822136391777195,2.193577371332319,2.4236410849674943,2.153896164561775,1.4616822283949868,0.6995383737022194,0.9259969291302504,1.5596230798482302,1.8482952977654372,1.6843364891217438,1.1513096595751966,0.479713627116163,0.450279412791518,0.8727037669356923,1.044136030764609,0.989842252200873,0,Mammalian
7.960000000000001,7.7688048707186725,7.210862991467121,6.331582506668451,5.201738023976972,3.910699440181433,2.5581780944065042,1.2468077693544868,0.17453403380188942,0.9544005324532141,1.6791525258421451,2.1283412272370077,2.3001145962769156,2.220548053040273,1.9368982104954258,1.5111947338941876,1.0140019723846696,0.5254476713805167,0.2395778263734079,0.4548941196302621,0.7007021533308717,0.8519318247689623,0.9153418550341897,0.9239273761538729,0.9175717252862804,0.9221703965906823,0.9341252811589877,0.9267506895141715,0.8706381947878757,0.7486250595282214,0.5616169382760162,0.3340899201781111,0,Mammalian
18.1,15.845107320739842,10.068635871132823,3.224016799128836,2.047524283389004,4.129436976567627,3.1934190830625124,0.9089272038663445,1.4595486289372066,1.8245723157369342,0.8566423087151677,1.4108915124734438,2.2590636334932914,1.7455419867464042,0.22872600530429452,1.6763940224267775,2.620572456544562,2.4422587940262606,1.6965069518138536,1.3136483165230568,1.0558928779879153,0.3804898653566987,0.8508054020378778,1.4280608384520475,1.265115725839941,0.9244853017156537,1.5565293185422016,2.1406327568834227,2.1028946809041185,1.7121102488153932,1.625578492326721,1.8936380691837942,0,Mammalian
17.83,15.575616131492902,9.800596197947721,2.9572224078888687,2.3009633762321413,4.377685653105867,3.4250294827276093,1.0396633819165044,1.1965218775729394,1.603590296384616,0.8306262067138307,1.6806024088406413,2.51878414320316,1.990911757805631,0.3631204886429468,1.4239745456443862,2.3700843866833097,2.1814130933072673,1.429378572264825,1.137054155273249,0.9614974299370458,0.2043937316392861,0.8273924586136328,1.4668448523779116,1.3957562095471145,1.1924214518461123,1.760862785841223,2.2939818137449968,2.255751908657325,1.9152071044686436,1.88429076543036,2.163312532321452,0,Mammalian
18.2,15.944923241115804,10.167936148337128,3.3229609519568126,1.954783647987741,4.038201486972002,3.10920956792806,0.8768103180650948,1.5575716542996003,1.9096184864414931,0.8871831143233616,1.311028791006084,2.1635096564493943,1.6566099514505244,0.24465484159041953,1.7711991221205172,2.714295488704205,2.539353999160567,1.7956613860549049,1.3867085832527009,1.1056402268689436,0.46895533694445474,0.8805806372177429,1.426455057624108,1.228320211395386,0.8255910232258211,1.4861784539077316,2.0898422107390293,2.0524148081562745,1.6417889195492927,1.5307488387448087,1.7937834931322216,0,Mammalian
10.399999999999999,9.964313857490996,8.719617401104077,6.842722959381598,4.595913700441305,2.2846825028255133,0.23185157698804099,1.402802937817213,2.3664914113101343,2.6500037647907604,2.3167416709658553,1.5267651572447059,0.5371121418966287,0.6795708308579066,1.5122076874041992,2.0359021810482893,2.168317319951118,1.9526990668670305,1.5592566787808928,1.3145473138760355,1.4769863225358977,1.8155806890431199,2.0200839891626976,1.9585748743259617,1.6244748074979096,1.0944458393297487,0.5168519211024638,0.33608553731126906,0.6508449954981687,0.8185530312098103,0.7545174238117506,0.5133267130390026,0,Mammalian
12.24,11.556661207478383,9.636770545325998,6.841782349609228,3.6852022073599167,0.7373861182100456,1.6111958327048543,2.9460279376875462,3.2378054116378308,2.6211937570819748,1.4022470166702148,0.09644733726314972,1.3207081427746263,2.172048406672996,2.473573960445675,2.260508662542854,1.6952285981542432,1.009749472668996,0.46334283560113376,0.3588357650628907,0.5062333765570745,0.7125226828331186,1.0247010646099866,1.3497721349501872,1.5502954932427497,1.5425873604893894,1.320464183904105,0.945352021913096,0.5172450685487658,0.1490998196776053,0.18415237106029556,0.3324111366890651,0,Mammalian
18.09,15.863575401339116,10.16898050646092,3.4484710925456827,1.6636383499052494,3.582920548132626,2.4981588252181206,0.5488938449512621,2.290524659550181,2.6769340281706877,1.446573651054931,0.5019885189109697,1.5311167998808326,1.310309016089128,0.9240016407190302,2.1704640734739127,2.937839342101606,2.6894318318337564,1.9721334479842465,1.5919385352886535,1.2250091042032463,0.39940875057488767,0.9378296402090793,1.6432894022019957,1.5324805982434255,0.8671121026478703,0.9868444694579537,1.5019672579658654,1.4473912672343918,0.9678612643651692,0.7549747052796313,1.0014202260817315,0,Mammalian
13.799999999999999,12.835199205914899,10.174195216938276,6.451577995214579,2.530013989488566,0.8389789318126175,2.855682687477817,3.443855446157758,2.758075664876139,1.3047100853712914,0.39408850212000374,1.5101192434683686,1.9222006379121448,1.5925757939548735,0.972337342664616,1.1409410232648927,1.7406320691059325,1.9704683414666113,1.8042426927868567,1.676275916324582,1.9533013914533772,2.2591593155176515,2.131321031179118,1.4342833968340618,0.31720439281012947,0.893524595305277,1.831681926520387,2.2379340754729933,2.075761931134829,1.6196614471662028,1.4616438376923042,1.7563455468542366,0,Mammalian
14.899999999999999,13.712785515912687,10.478152313922394,6.073998483991196,1.6784143490183152,1.8465172087912365,3.536734591394878,3.468786536902516,2.076373046094257,0.21310594915394815,1.4935991963416277,2.2128663172552057,1.849867081412492,0.6703867293548438,0.9366582328107698,2.1727830370436707,2.7578614903580636,2.6299749577621556,2.1493264207835305,1.926064643061673,2.0322842878898717,1.9122447324275424,1.2893282073166423,0.33972293248767876,0.8696407151538259,1.6526032016661443,1.9429267786167215,1.7180729973568112,1.1570382998465565,0.5892747698689931,0.523382800197631,0.7490341764239314,0,Mammalian
16.54,14.946960247666564,10.70712100831072,5.228006838244621,0.5591930569947833,3.073636852286892,3.868697820252635,2.6669478796245745,0.5543733119519333,1.4958268557508185,2.3457761144059828,1.907030355081241,0.5822973127740813,0.9854843897611864,2.043142024559772,2.3553052527308447,2.051828452868319,1.513926049909028,1.0836287043991006,1.0067247220342048,1.3633943185909698,1.7429424074325173,1.723253376570492,1.1540796114301217,0.3609296759694947,1.0433279677083669,1.7603603094744191,1.9378718396642778,1.598433263098206,1.0611150869384105,0.9027293002288803,1.1603895076196544,0,Mammalian
18.55,16.294296739125183,10.51559155520291,3.669716279674283,1.6369364918176839,3.722424817262138,2.8226033333771707,0.8517999680942343,1.9022736032010468,2.217130569718032,1.0634830956575008,0.9617339543331765,1.8328102466901208,1.3575328704569352,0.4937078210366326,2.1068030926983647,3.045472048796376,2.880752720946787,2.1433207246523422,1.6646235245954841,1.3252536385420841,0.8002700197321128,1.0551567425807915,1.4752054051131354,1.1598082335302273,0.4830596894078122,1.2716235558069118,1.942395942281477,1.906763833020304,1.423900835469688,1.205443906380697,1.4444509376693673,0,Mammalian
19.75,17.027066616688778,10.213393394001853,2.5822347324282866,2.5807807288188815,3.711335257071752,1.7351965152644597,1.495803042751344,2.7822113991807718,1.8822961146217334,0.3690328576892367,2.1487829586175295,2.2197035194804804,0.6149597626427122,1.6146544743215319,2.9695180170204294,2.9125418451929574,1.898061939415639,0.9544079214009841,0.8321284453424138,1.4074366374624705,1.9300317360627761,1.6630828013009844,0.5463908886644473,0.9586968917591052,1.6778901888358406,1.3395349942251016,0.7480293368442483,1.410818637136391,1.7794386041889836,1.8862929852233514,2.429980031496426,0,Mammalian
18.84,16.57504121995922,10.770090283831259,3.8926775362621466,1.5727267457009417,3.6979814789201066,2.9088792788652227,1.141370493220283,1.8787547126633242,2.053369358801869,0.7893348487452585,1.133016227767829,2.1007527920122793,1.6474810827776694,0.3794713255896894,1.817554207309411,2.7707399733645155,2.6166710002867863,1.8669718848827197,1.3746246725247944,1.0352537041297978,0.6162247266232785,1.2221143524463003,1.740391861935293,1.449510513809869,0.5817965911918198,0.9865601422879438,1.6616996448056085,1.6487625839686786,1.1626606334683913,0.9156856474656431,1.1573928593601024,0,Mammalian
17.85,15.603332516604773,9.851323670628497,3.0454024397163324,2.156787920012118,4.165283213756088,3.1239010201678052,0.5858354698861152,1.5950274417481132,2.1685588526637307,1.4379258537831334,1.461454222249773,1.98085741121153,1.320398931204821,0.5482610383276801,2.3266227557986627,3.3266950566590854,3.163177263517933,2.3140755145510483,1.6094021321814376,1.2398800765815627,1.1830390009829832,1.753672057503524,2.131804009649645,1.7098793700347605,0.578608535417532,0.6973303418066049,1.492694378173332,1.5251121861142733,0.9945810376784383,0.5483271356276771,0.7450350059052414,0,Mammalian
18.32,16.06717935144774,10.296809898483357,3.461391905003158,1.7942855948475533,3.8595455398943868,2.906489376192389,0.7013063654372325,1.7769311302107649,2.176597235237671,1.153537003900291,1.102136415946925,1.853808434159204,1.3046538402336918,0.3928413385904239,2.1565551069616404,3.1233955881380124,2.9582921773367707,2.1761908446118396,1.6135262609157717,1.2554847020916677,0.8841757929695433,1.284490622095684,1.6870997435149149,1.3250342480433832,0.3982176978717757,1.0664858508872983,1.776861331884716,1.7599124001996689,1.2562790967577278,0.9830252607823663,1.2145686166186807,0,Mammalian
18.330000000000002,16.077052316183075,10.306311986681965,3.4703925590115143,1.7871169226188823,3.8533997725305165,2.9025136066326374,0.7069603268527604,1.7819468856416305,2.17787021513093,1.148811179869244,1.0954021525718238,1.8523066587212151,1.3061555210146876,0.39498389583429705,2.1539052269871064,3.119695497961299,2.9545909271921715,2.1742661806219554,1.6151005536237615,1.2577242668815962,0.8794440543220445,1.274514591878403,1.6777877899675047,1.3174465062203073,0.39953494875119727,1.075195675029004,1.7837612707913428,1.7659283154883205,1.2631587615139994,0.9926237871513012,1.2245625811725636,0,Mammalian
18.12,15.865070319340711,10.088494820720397,3.2438004492412755,2.0289209878509746,4.111157263427388,3.176503924051304,0.9017084874368854,1.4791320603115539,1.8414613384577834,0.8619092827744587,1.3909173901224532,2.23992178587724,1.7276587534130252,0.2285249804828672,1.695307288010844,2.6392802049043596,2.4616592290992343,1.716329989458878,1.3279795399690584,1.0652773714308605,0.3977459638023552,0.8559090590933299,1.42717939059551,1.2572065654292843,0.9046869989100308,1.542197164748099,2.1301959940416695,2.0925138327207535,1.6978078143741513,1.6065624012891278,1.8736659130422448,0,Mammalian
18.36,16.10463346431621,10.326844680471286,3.4813970982485434,1.8080090103305437,3.893120298537555,2.9765076940702704,0.8477220116080552,1.714883398703765,2.048503983205264,0.955984524747097,1.1512980067083025,2.011522529566686,1.517188207588442,0.3369282432974571,1.9239816498699003,2.8651352498616887,2.695148210904071,1.9544877013360937,1.5100406509254232,1.198369382806128,0.6178621372959606,0.9484229758142517,1.438415819011682,1.184725676623168,0.6680452686004884,1.3812440047524461,2.01624687260698,1.9794927011641317,1.536134701113361,1.3805399391122162,1.6340531672219383,0,Mammalian
18.31,16.05472339968265,10.277182125902943,3.4318702149281495,1.8536409770368503,3.9383340267066846,3.0176926126174166,0.853702977033726,1.665668467050757,2.004764139494994,0.9320823434257888,1.2012061791432285,2.058888078615597,1.5603333635381464,0.30207687453018295,1.8761078548820094,2.817889281004489,2.6464086080407805,1.9048333750662034,1.4707407554582317,1.167828714711424,0.5706840943106514,0.9247864228022462,1.4327707185144916,1.1962226205321402,0.7171615917128518,1.4129273024382796,2.038181914924498,2.0011924198037305,1.5681629838242492,1.427251637652688,1.6839633938189673,0,Mammalian
18.82,16.563831511845528,10.783886508401785,3.937605557270988,1.4022426004619977,3.483297946803304,2.6120850024657267,0.927152576373256,2.1693460899905532,2.462119058833862,1.250476886851695,0.6927644637869097,1.583378773538579,1.1466833453473209,0.7436440739916557,2.3685465338870784,3.303604092502611,3.1454095397242856,2.411977707904272,1.8954026554050174,1.528243981986872,1.064061955239338,1.2415503626433482,1.566127365397782,1.1774283595373005,0.23441590772868945,1.15237677718876,1.8659201576276203,1.832565873434827,1.2959926081358708,0.9663585035893449,1.1752372253706846,0,Mammalian
18.36,16.11488548413655,10.367519446818044,3.5787153397684084,1.732056124903912,3.7410986372934625,2.8025420694537524,0.9613466111670106,2.0901350797786273,2.4067489211960083,1.2525379105110086,0.9200932617232043,1.7741440930656913,1.3296031464562252,0.3175952069962384,1.959657627938385,2.8651352498616887,2.694197331349893,2.0293091877839182,1.7114001662308995,1.4657018407989,0.9264864695813722,1.0509547357772049,1.4619566506267607,1.1657338239404353,0.3534254230508401,1.0875001665092163,1.7525491561767892,1.7293098135099092,1.326092434756088,1.2842594315725182,1.6167863395362303,0,Mammalian
17.71,15.493955749118099,9.829166259145364,3.1530570100441837,1.8928508461404778,3.754845105775186,2.614993286822563,0.6008386986429168,2.290524659550181,2.697506840524155,1.4953885377604772,0.6506462274905986,1.6097685541053943,1.356160386080846,0.6026356523139267,1.8112729098064744,2.5634547002043946,2.3208688132877184,1.720287443090835,1.5869311413412623,1.3419430548542621,0.46301266172154304,0.7949038923759933,1.5709210184069458,1.5324805982434255,0.9246332966507821,0.95418186933857,1.4033145326944472,1.351647037509097,0.999568487588568,1.0443275477076384,1.3705480552940448,0,Mammalian
20.189999999999998,17.78834249480982,11.617031271870838,4.248903684791342,1.5212009853819968,3.9392797956897896,3.1086279463908566,0.6130994937778745,1.6683894899964173,2.2414971829912322,1.1343611667401574,0.6837212910134761,1.8209804134785195,1.6128049725477345,0.33580210652840975,1.3570904187578143,2.197384809267598,1.9331256039411475,0.9773496104700337,0.6665796743821928,0.9576211741701192,0.7865808256112529,0.7054105231296447,0.7693804271640855,0.3468090391980773,0.5503650993660737,1.3617183164799507,1.6210855921874805,1.2032205045549567,0.4906822319988468,0.5410964491390036,0.8090153057731743,0,Mammalian
18.54,16.00319763411391,9.545189555393604,2.0488857744582143,3.5968825298744314,5.374542391595377,3.648350140139365,0.32090676805467144,2.4744975772301117,3.180824470271491,1.9458867213235642,0.09354079531679255,1.1482275608591526,0.8532696238732903,0.4944903634635187,1.7637173140702094,1.9708373854785677,0.9288089546336538,0.7626784606897411,1.8464181977648606,1.7053327352460486,0.4606960505125705,1.243195183300706,2.182951330891409,1.9674505687011057,0.9484592025657894,0.8744863288768348,1.4004432030708287,1.3141726663059843,1.462413997902668,2.2324790519047784,2.842701033061389,2,Mammalian
11.379999999999999,10.934050556269721,9.658641651834671,7.730684515837684,5.412214906332045,3.0074591835528084,0.8162841902031377,0.9375722325628035,2.071809889180843,2.559363293172492,2.4649090720243367,1.9483672829961027,1.2411134312511978,0.6674952993004801,0.6254215296438054,0.7446840871838478,0.6105735008989499,0.21181368502128772,0.475837811531424,1.1319371759007961,1.6720330043024383,1.949669973360121,1.8806904249834189,1.4564763915599142,0.7483340050354949,0.20710872510451775,1.0251780610128824,1.7217674149992874,2.1194038999134763,2.148140376687184,1.8277266165620907,1.302787623702108,2,Mammalian
13.82,12.968444838333431,10.608596550367285,7.272281266104834,3.6903466120848782,0.7507175750536673,1.732745545343733,2.624886114087743,2.4381195982780697,1.5472709264723254,0.6444519954336295,0.921545910380765,1.294541745924096,1.207607429452863,0.8952940169615021,0.864468814542614,1.0323759005323598,0.9119541045283386,0.36410853754561573,0.4990757875307043,1.382352242878446,1.995978579679883,2.118753096355395,1.68997442340928,0.825574239237382,0.2290462316252555,1.1811575152450249,1.8051484045473758,2.0094292292445597,1.8691876992778436,1.588703738634857,1.382055312181433,2,Mammalian
16.560000000000002,14.946482633174345,10.691734695596985,5.3344259865146855,1.382732724620277,2.817784847434931,3.1326730342100726,1.6565704744886973,0.6048006003502917,2.218664458189431,2.657814298548829,1.9162314040644153,0.6740997010815158,0.6786892456293415,1.0316403152306233,0.9777449356507589,1.28062484748657,1.5910002114787134,1.2291918592572046,0.2985174803026851,1.352018174557415,2.3738487627392204,2.5461748556185397,1.802036769964246,0.5379741943773201,0.6260798932556934,1.2257179317340126,1.348661927041546,1.6582179172028122,2.1640153086383678,2.199046794340319,1.4930117126495184,2,Mammalian
19.08,16.43965674378159,9.86506051492318,2.8856424262569607,3.2760100682813356,4.162553762369316,2.082458058316276,0.8584344010838821,2.5231332125099355,2.184218847815275,0.9111467544489509,1.3135296631356679,1.446673179584396,0.7213050614999871,0.6930131647982519,0.8857095542214494,1.190798051728335,1.9474033721894501,1.935508425310097,0.9723724888871198,1.8034462827569118,3.0434807235459798,2.8697577578882725,1.3691397000435817,0.3760303071951677,1.0754844005807547,0.35796324206368046,1.497569216548588,2.7501411325967937,2.6050839518350317,1.2388921185703252,1.205407274419739,2,Mammalian
10.66,10.314742418522755,9.318169948546924,7.7832985536094785,5.8846590344493235,3.845211873299159,1.9641482508197774,1.0950288478321621,1.912158256474051,2.7089673493575206,3.0537654161238184,2.9308070733809815,2.4229891815915443,1.6666241657567642,0.840417753248058,0.3884735925533546,0.8174350127074318,1.1707033343446671,1.2489703266390795,1.0537143094862371,0.648448171980297,0.20511450109903934,0.5167824928626901,0.9712304428553652,1.2684048258336595,1.3502828978316104,1.2079093088364476,0.8744130098361973,0.41692498416348034,0.07900264937587798,0.5145962708591975,0.8137590455374191,2,Mammalian
34.989999999999995,18.07949207303402,6.037337264645955,4.970150692200512,5.419422365400468,2.067716371214189,4.758890999261242,1.2364860694865143,3.132490375785872,2.4824526409048904,2.9994079532350746,3.4741576623040418,2.0065252862422938,3.300457190547064,1.3685860943086094,3.4885416251447006,2.725747603869442,2.2749555104411354,1.3213206895419962,2.316520113511687,1.7549376720500238,1.6026830060042505,1.0470743914360605,1.9713861545685907,1.3467382988572376,1.2485398137418982,2.6868129463278354,2.4917443326383237,0.7257487638894891,3.145644586722182,0.8260885474542893,3.5719142237120027,2,Mammalian
18.95,16.16970237262876,9.200845378945779,1.4861545076534393,4.064341567946521,5.144767629278882,2.734310427894316,0.8798261943982936,3.130400088451805,3.0638504849817645,1.3668648827735226,1.0517363074266473,1.7084236502271173,1.2102790002288555,0.9050291222746546,1.2686140580134937,1.0042410069301098,1.0577499523295466,1.62302851221455,1.4254753681560945,0.4265561745837516,0.6523071918264407,1.0554603101894422,0.9330589278561104,1.53882919332229,2.1514093731569908,1.8475918451528792,0.6857821955809604,0.8015398183067111,1.6997140361406213,1.8638615379350953,1.5891664448768958,2,Mammalian
16.86,14.927963917354163,9.91751446346934,3.8114781039833643,1.144695868178231,3.4487037434616648,2.9649271924732816,0.9525128014633485,1.707470978201238,2.603842310085301,1.874382127070114,0.38664839035281523,1.6900735214149685,2.2747035311018977,1.509568200244212,0.15853683948331054,1.64,2.3004683243859887,1.8958616323462694,0.8684963319942721,0.3341939428304465,0.5581833361309769,0.1964585732255377,0.4910694314387762,0.8217924668677052,0.5364916319451406,0.6294789230917631,1.4864025047520006,1.8249485664432121,1.3222425198725078,0.2570565815677261,0.9276253491675578,2,Mammalian
21.490000000000002,17.46418094228503,8.073540072796973,0.8116494984284792,4.276450337146695,2.2960748986031456,1.5588162756983488,3.2458674394333684,1.7796236283088058,1.2683891779389598,2.0965358764388795,0.7150701397211563,1.88237232984319,2.546993869152808,1.0652893845595879,1.11083558556867,1.8406792224611002,0.972067384207062,1.6554230089432633,2.1373432205566445,1.1720280492704285,0.9653541867556913,1.1628494777009093,0.28795755173033144,1.0775619432612684,0.9002261100084189,0.6265524865749817,2.1257959408740765,2.168547250461009,0.7295710402151719,0.8965077204058883,1.129714663035194,2,Mammalian
30.72,21.005353715095314,2.823344531126561,5.576708673507493,0.9284350418152592,4.857941307507342,3.4264609576729574,0.5935234609990601,1.7585209315442678,2.9807956051669766,1.1828594129313306,2.6238326720051415,3.0199943315491424,1.4977219961772306,3.299785685430226,2.270568997485212,1.1374532957444878,1.5312390629045791,1.3202946423663025,2.040280357798177,2.9459685023656577,0.8956399080655448,1.7064746358696423,1.2297172010535151,2.1077011489584274,1.508667590624401,1.5411880554429191,2.4230059560241246,0.31450308998480114,1.8066860572451173,1.066702749505537,0.5237501607977435,2,Mammalian
12.33,11.677675738672436,9.850789677646743,7.2088255676922,4.256753591669923,1.537040208760108,0.6494892806238785,1.775426748092066,2.0113735978917586,1.5067515817577215,0.5931054362552457,0.3638582601725635,1.023998783959122,1.2403338386213947,1.0948842847587346,1.066592396103315,1.5498709623707387,2.122687640574835,2.401299297196167,2.2430812369792035,1.6955559580480792,1.00281802720871,0.7673429630115248,1.1204458963274426,1.314753303743315,1.1240381180089771,0.5978880367070576,0.33191169241779667,1.0304199839789174,1.658096807749334,2.070612736259568,2.2739785968526687,1,Mammalian
12.33,11.677675738672436,9.850789677646743,7.2088255676922,4.256753591669923,1.537040208760108,0.6494892806238785,1.775426748092066,2.0113735978917586,1.5067515817577215,0.5931054362552457,0.3638582601725635,1.023998783959122,1.2403338386213947,1.0948842847587346,1.066592396103315,1.5498709623707387,2.122687640574835,2.401299297196167,2.2430812369792035,1.6955559580480792,1.00281802720871,0.7673429630115248,1.1204458963274426,1.314753303743315,1.1240381180089771,0.5978880367070576,0.33191169241779667,1.0304199839789174,1.658096807749334,2.070612736259568,2.2739785968526687,1,Yeast
12.33,11.677675738672436,9.850789677646743,7.2088255676922,4.256753591669923,1.537040208760108,0.6494892806238785,1.775426748092066,2.0113735978917586,1.5067515817577215,0.5931054362552457,0.3638582601725635,1.023998783959122,1.2403338386213947,1.0948842847587346,1.066592396103315,1.5498709623707387,2.122687640574835,2.401299297196167,2.2430812369792035,1.6955559580480792,1.00281802720871,0.7673429630115248,1.1204458963274426,1.314753303743315,1.1240381180089771,0.5978880367070576,0.33191169241779667,1.0304199839789174,1.658096807749334,2.070612736259568,2.2739785968526687,0,E_coli
8.5,8.289452240730807,7.67833796187342,6.726335475626249,5.5270040003850145,4.2008735329779086,2.891913655145189,1.785346425239793,1.1817945878602296,1.2471703109666605,1.4766401692158413,1.5145306833532803,1.2920597853150484,0.8488199833816544,0.35838530393667073,0.6410162502383471,1.276636205032585,1.832231136388725,2.210991407945047,2.3629850224794384,2.2721130704469643,1.9544546047424156,1.4547884283955932,0.841156111748601,0.21854416511147343,0.4565249315164089,0.9419454550866249,1.261809173357744,1.3782272983814177,1.2874085077473136,1.0184801035169384,0.6454103487857835,1,Mammalian
8.5,8.289452240730807,7.67833796187342,6.726335475626249,5.5270040003850145,4.2008735329779086,2.891913655145189,1.785346425239793,1.1817945878602296,1.2471703109666605,1.4766401692158413,1.5145306833532803,1.2920597853150484,0.8488199833816544,0.35838530393667073,0.6410162502383471,1.276636205032585,1.832231136388725,2.210991407945047,2.3629850224794384,2.2721130704469643,1.9544546047424156,1.4547884283955932,0.841156111748601,0.21854416511147343,0.4565249315164089,0.9419454550866249,1.261809173357744,1.3782272983814177,1.2874085077473136,1.0184801035169384,0.6454103487857835,1,Yeast
8.5,8.289452240730807,7.67833796187342,6.726335475626249,5.5270040003850145,4.2008735329779086,2.891913655145189,1.785346425239793,1.1817945878602296,1.2471703109666605,1.4766401692158413,1.5145306833532803,1.2920597853150484,0.8488199833816544,0.35838530393667073,0.6410162502383471,1.276636205032585,1.832231136388725,2.210991407945047,2.3629850224794384,2.2721130704469643,1.9544546047424156,1.4547884283955932,0.841156111748601,0.21854416511147343,0.4565249315164089,0.9419454550866249,1.261809173357744,1.3782272983814177,1.2874085077473136,1.0184801035169384,0.6454103487857835,0,E_coli
12.19,11.564991080691868,9.81621319516523,7.2920918829346455,4.48002672565313,1.8915971489698726,0.07917615822408172,1.1351771209008905,1.345636993050268,0.9679774007238952,0.7946675106242923,1.3386461195966652,1.758167301794855,1.6797250218478326,1.0628838184050078,0.20308127742700172,1.1512167476196655,2.133719076587879,2.7144385232762964,2.763423918342754,2.3003664048518098,1.4773007975415255,0.5330616709521707,0.3474169713120599,0.8719295171828009,1.0271706198188406,0.8430235082680244,0.4991109488690121,0.461001821864351,0.7776593687369449,1.0277408729765742,1.1428946602995862,1,Mammalian
12.19,11.564991080691868,9.81621319516523,7.2920918829346455,4.48002672565313,1.8915971489698726,0.07917615822408172,1.1351771209008905,1.345636993050268,0.9679774007238952,0.7946675106242923,1.3386461195966652,1.758167301794855,1.6797250218478326,1.0628838184050078,0.20308127742700172,1.1512167476196655,2.133719076587879,2.7144385232762964,2.763423918342754,2.3003664048518098,1.4773007975415255,0.5330616709521707,0.3474169713120599,0.8719295171828009,1.0271706198188406,0.8430235082680244,0.4991109488690121,0.461001821864351,0.7776593687369449,1.0277408729765742,1.1428946602995862,1,Yeast
12.19,11.564991080691868,9.81621319516523,7.2920918829346455,4.48002672565313,1.8915971489698726,0.07917615822408172,1.1351771209008905,1.345636993050268,0.9679774007238952,0.7946675106242923,1.3386461195966652,1.758167301794855,1.6797250218478326,1.0628838184050078,0.20308127742700172,1.1512167476196655,2.133719076587879,2.7144385232762964,2.763423918342754,2.3003664048518098,1.4773007975415255,0.5330616709521707,0.3474169713120599,0.8719295171828009,1.0271706198188406,0.8430235082680244,0.4991109488690121,0.461001821864351,0.7776593687369449,1.0277408729765742,1.1428946602995862,0,E_coli
23.799999999999997,17.982729825600728,5.6383340752751145,3.3324177485947963,3.825850933057276,1.006158316767491,2.916130537289004,1.2395440954886707,1.2542962360676204,1.0294439541917864,1.9371167568707026,2.5666805313094763,0.7989309594864864,1.161740411368451,1.0033473989404265,0.20951327920382576,0.8544003745317534,3.1428816687395105,4.693921335856896,3.2867399621209024,0.6846477669855779,1.4568697465539597,0.2276154945836498,1.607418300055216,1.368188931466191,0.9353613385667084,2.0999941908838156,1.5613987737128705,1.6338394643172376,1.721499610998901,0.6514309556962607,0.29017194223429266,1,Mammalian
23.799999999999997,17.982729825600728,5.6383340752751145,3.3324177485947963,3.825850933057276,1.006158316767491,2.916130537289004,1.2395440954886707,1.2542962360676204,1.0294439541917864,1.9371167568707026,2.5666805313094763,0.7989309594864864,1.161740411368451,1.0033473989404265,0.20951327920382576,0.8544003745317534,3.1428816687395105,4.693921335856896,3.2867399621209024,0.6846477669855779,1.4568697465539597,0.2276154945836498,1.607418300055216,1.368188931466191,0.9353613385667084,2.0999941908838156,1.5613987737128705,1.6338394643172376,1.721499610998901,0.6514309556962607,0.29017194223429266,0,E_coli
23.799999999999997,17.982729825600728,5.6383340752751145,3.3324177485947963,3.825850933057276,1.006158316767491,2.916130537289004,1.2395440954886707,1.2542962360676204,1.0294439541917864,1.9371167568707026,2.5666805313094763,0.7989309594864864,1.161740411368451,1.0033473989404265,0.20951327920382576,0.8544003745317534,3.1428816687395105,4.693921335856896,3.2867399621209024,0.6846477669855779,1.4568697465539597,0.2276154945836498,1.607418300055216,1.368188931466191,0.9353613385667084,2.0999941908838156,1.5613987737128705,1.6338394643172376,1.721499610998901,0.6514309556962607,0.29017194223429266,1,Yeast
26.97,18.814639756311852,3.0747766862201122,5.300050817316749,2.5391724460255065,2.711505378700398,1.7269098731182901,2.136706020232436,2.7555077199199043,1.5363218526194913,1.7701353390323498,0.9706285149519674,1.9774781274140258,0.523521652749551,1.0984465414790452,0.8798252074365162,0.8509406559801924,2.8309645108206754,4.646028608805014,3.162465151771219,0.9173737777393713,1.4740645897570508,0.7174016535884651,1.891882958433475,0.2935595432988095,2.1794903513233943,0.8023391435472367,2.5288732949283204,2.675258659804723,0.22516595788310614,2.0235542071689525,1.8243724373755186,1,Yeast
26.97,18.814639756311852,3.0747766862201122,5.300050817316749,2.5391724460255065,2.711505378700398,1.7269098731182901,2.136706020232436,2.7555077199199043,1.5363218526194913,1.7701353390323498,0.9706285149519674,1.9774781274140258,0.523521652749551,1.0984465414790452,0.8798252074365162,0.8509406559801924,2.8309645108206754,4.646028608805014,3.162465151771219,0.9173737777393713,1.4740645897570508,0.7174016535884651,1.891882958433475,0.2935595432988095,2.1794903513233943,0.8023391435472367,2.5288732949283204,2.675258659804723,0.22516595788310614,2.0235542071689525,1.8243724373755186,0,E_coli
26.97,18.814639756311852,3.0747766862201122,5.300050817316749,2.5391724460255065,2.711505378700398,1.7269098731182901,2.136706020232436,2.7555077199199043,1.5363218526194913,1.7701353390323498,0.9706285149519674,1.9774781274140258,0.523521652749551,1.0984465414790452,0.8798252074365162,0.8509406559801924,2.8309645108206754,4.646028608805014,3.162465151771219,0.9173737777393713,1.4740645897570508,0.7174016535884651,1.891882958433475,0.2935595432988095,2.1794903513233943,0.8023391435472367,2.5288732949283204,2.675258659804723,0.22516595788310614,2.0235542071689525,1.8243724373755186,1,Mammalian
26.78,18.768463216790483,3.2271831115354472,5.186690257818279,2.6103395581122295,2.589973077367403,1.8060398096764032,1.9504646766036167,2.7030444574268455,1.4966252347044269,1.8647419039185653,0.9261860576115208,1.8478191299201112,0.6664894458451078,0.9285179041634763,0.9259964814541635,1.0316006979447034,2.8951030972672416,4.470239539968463,3.0944974771527645,1.0006803290448851,1.290763735598313,0.6772307008929473,1.7036920917244804,0.4736566912585599,2.004813024148696,0.8210802970672654,2.4553561636068704,2.491411393872629,0.20984602201100513,1.8614633175920947,1.6398522593053446,0,E_coli
26.78,18.768463216790483,3.2271831115354472,5.186690257818279,2.6103395581122295,2.589973077367403,1.8060398096764032,1.9504646766036167,2.7030444574268455,1.4966252347044269,1.8647419039185653,0.9261860576115208,1.8478191299201112,0.6664894458451078,0.9285179041634763,0.9259964814541635,1.0316006979447034,2.8951030972672416,4.470239539968463,3.0944974771527645,1.0006803290448851,1.290763735598313,0.6772307008929473,1.7036920917244804,0.4736566912585599,2.004813024148696,0.8210802970672654,2.4553561636068704,2.491411393872629,0.20984602201100513,1.8614633175920947,1.6398522593053446,1,Mammalian
26.78,18.768463216790483,3.2271831115354472,5.186690257818279,2.6103395581122295,2.589973077367403,1.8060398096764032,1.9504646766036167,2.7030444574268455,1.4966252347044269,1.8647419039185653,0.9261860576115208,1.8478191299201112,0.6664894458451078,0.9285179041634763,0.9259964814541635,1.0316006979447034,2.8951030972672416,4.470239539968463,3.0944974771527645,1.0006803290448851,1.290763735598313,0.6772307008929473,1.7036920917244804,0.4736566912585599,2.004813024148696,0.8210802970672654,2.4553561636068704,2.491411393872629,0.20984602201100513,1.8614633175920947,1.6398522593053446,1,Yeast
26.78,18.733337614917456,3.1734611362298115,5.120544826693096,2.4649687921225,2.5232883441470313,1.5963965485597598,2.0725549145969775,2.5754073024498707,1.3694114288024766,1.5808601252252816,1.1554172477755988,1.9868466165943521,0.34213562001202075,1.2363727855870172,0.8362140219258515,0.675425791630732,2.7433522106888493,4.7837345668124325,3.322256259673512,0.7481668077523066,1.620269426704421,0.5907408174621223,1.9612462021194303,0.2779878171572949,2.080909807810623,0.9794427321908825,2.341393598367781,2.582830966936755,0.1003459139235917,1.8353547045038734,1.6344786907283364,1,Mammalian
26.78,18.733337614917456,3.1734611362298115,5.120544826693096,2.4649687921225,2.5232883441470313,1.5963965485597598,2.0725549145969775,2.5754073024498707,1.3694114288024766,1.5808601252252816,1.1554172477755988,1.9868466165943521,0.34213562001202075,1.2363727855870172,0.8362140219258515,0.675425791630732,2.7433522106888493,4.7837345668124325,3.322256259673512,0.7481668077523066,1.620269426704421,0.5907408174621223,1.9612462021194303,0.2779878171572949,2.080909807810623,0.9794427321908825,2.341393598367781,2.582830966936755,0.1003459139235917,1.8353547045038734,1.6344786907283364,0,E_coli
26.78,18.733337614917456,3.1734611362298115,5.120544826693096,2.4649687921225,2.5232883441470313,1.5963965485597598,2.0725549145969775,2.5754073024498707,1.3694114288024766,1.5808601252252816,1.1554172477755988,1.9868466165943521,0.34213562001202075,1.2363727855870172,0.8362140219258515,0.675425791630732,2.7433522106888493,4.7837345668124325,3.322256259673512,0.7481668077523066,1.620269426704421,0.5907408174621223,1.9612462021194303,0.2779878171572949,2.080909807810623,0.9794427321908825,2.341393598367781,2.582830966936755,0.1003459139235917,1.8353547045038734,1.6344786907283364,1,Yeast
26.589999999999996,18.688854787063686,3.3313689154257893,5.009114551753512,2.5482543345847404,2.4005822962979355,1.689873891251304,1.8837115578162613,2.5191961650097676,1.3193954670238834,1.6779071015551479,1.1002625799823578,1.8440504767409676,0.4766108863612576,1.0571065492928062,0.8436932388285906,0.8509406559801924,2.7968608361744627,4.605960487708467,3.2483970429842857,0.8176105035248644,1.4416537207835824,0.5150934471137694,1.776442163165427,0.4641666534770445,1.9008861669696246,1.0086439225129231,2.270640857040645,2.402538397201451,0.25186713325448257,1.6749641927461063,1.4502116844735065,1,Mammalian
26.589999999999996,18.688854787063686,3.3313689154257893,5.009114551753512,2.5482543345847404,2.4005822962979355,1.689873891251304,1.8837115578162613,2.5191961650097676,1.3193954670238834,1.6779071015551479,1.1002625799823578,1.8440504767409676,0.4766108863612576,1.0571065492928062,0.8436932388285906,0.8509406559801924,2.7968608361744627,4.605960487708467,3.2483970429842857,0.8176105035248644,1.4416537207835824,0.5150934471137694,1.776442163165427,0.4641666534770445,1.9008861669696246,1.0086439225129231,2.270640857040645,2.402538397201451,0.25186713325448257,1.6749641927461063,1.4502116844735065,0,E_coli
26.589999999999996,18.688854787063686,3.3313689154257893,5.009114551753512,2.5482543345847404,2.4005822962979355,1.689873891251304,1.8837115578162613,2.5191961650097676,1.3193954670238834,1.6779071015551479,1.1002625799823578,1.8440504767409676,0.4766108863612576,1.0571065492928062,0.8436932388285906,0.8509406559801924,2.7968608361744627,4.605960487708467,3.2483970429842857,0.8176105035248644,1.4416537207835824,0.5150934471137694,1.776442163165427,0.4641666534770445,1.9008861669696246,1.0086439225129231,2.270640857040645,2.402538397201451,0.25186713325448257,1.6749641927461063,1.4502116844735065,1,Yeast
25.729999999999997,18.528848066326965,4.098780523386922,4.618947118417763,3.108579738320627,2.0693811153848243,2.3567789735708673,1.0466950807731517,2.597413267681742,1.6052063055648302,2.4392984855471713,1.1118165310231973,1.5448466466519797,1.4590548125850098,0.6440461306202974,1.6006651485802386,1.9387882813757675,3.0627758474542057,3.462649193779048,3.331197276862364,1.6124394315285777,0.8294115323709338,1.1368471205277348,0.8370274348452382,1.79366783905796,0.6095721288701187,1.9975267463929087,2.0557356707584207,1.273192808840201,1.654680525372638,0.8649535558009157,0.33913174152315273,0,E_coli
25.729999999999997,18.528848066326965,4.098780523386922,4.618947118417763,3.108579738320627,2.0693811153848243,2.3567789735708673,1.0466950807731517,2.597413267681742,1.6052063055648302,2.4392984855471713,1.1118165310231973,1.5448466466519797,1.4590548125850098,0.6440461306202974,1.6006651485802386,1.9387882813757675,3.0627758474542057,3.462649193779048,3.331197276862364,1.6124394315285777,0.8294115323709338,1.1368471205277348,0.8370274348452382,1.79366783905796,0.6095721288701187,1.9975267463929087,2.0557356707584207,1.273192808840201,1.654680525372638,0.8649535558009157,0.33913174152315273,1,Mammalian
25.729999999999997,18.528848066326965,4.098780523386922,4.618947118417763,3.108579738320627,2.0693811153848243,2.3567789735708673,1.0466950807731517,2.597413267681742,1.6052063055648302,2.4392984855471713,1.1118165310231973,1.5448466466519797,1.4590548125850098,0.6440461306202974,1.6006651485802386,1.9387882813757675,3.0627758474542057,3.462649193779048,3.331197276862364,1.6124394315285777,0.8294115323709338,1.1368471205277348,0.8370274348452382,1.79366783905796,0.6095721288701187,1.9975267463929087,2.0557356707584207,1.273192808840201,1.654680525372638,0.8649535558009157,0.33913174152315273,1,Yeast
26.0,18.606333135336605,3.8895995188489314,4.806111971442489,3.0312893566333114,2.2702962199180456,2.3000854168024225,1.3040880613817654,2.777929908973306,1.7438360278739509,2.4868393182191113,0.8484646231403661,1.8126956697850618,1.504369998137108,0.9097648268006663,1.7810471111206738,2.0359273071502337,2.8791880526169664,3.318202471580767,3.5895473963758775,1.668831808937802,1.0564501253677578,1.2669028101379023,0.9564866526725704,2.021955840475146,0.33986677766305284,2.2672745835337773,2.023655989721538,1.2058273668239068,1.9155592188704915,0.8679495456422276,0.4357317007922038,1,Yeast
26.0,18.606333135336605,3.8895995188489314,4.806111971442489,3.0312893566333114,2.2702962199180456,2.3000854168024225,1.3040880613817654,2.777929908973306,1.7438360278739509,2.4868393182191113,0.8484646231403661,1.8126956697850618,1.504369998137108,0.9097648268006663,1.7810471111206738,2.0359273071502337,2.8791880526169664,3.318202471580767,3.5895473963758775,1.668831808937802,1.0564501253677578,1.2669028101379023,0.9564866526725704,2.021955840475146,0.33986677766305284,2.2672745835337773,2.023655989721538,1.2058273668239068,1.9155592188704915,0.8679495456422276,0.4357317007922038,1,Mammalian
26.0,18.606333135336605,3.8895995188489314,4.806111971442489,3.0312893566333114,2.2702962199180456,2.3000854168024225,1.3040880613817654,2.777929908973306,1.7438360278739509,2.4868393182191113,0.8484646231403661,1.8126956697850618,1.504369998137108,0.9097648268006663,1.7810471111206738,2.0359273071502337,2.8791880526169664,3.318202471580767,3.5895473963758775,1.668831808937802,1.0564501253677578,1.2669028101379023,0.9564866526725704,2.021955840475146,0.33986677766305284,2.2672745835337773,2.023655989721538,1.2058273668239068,1.9155592188704915,0.8679495456422276,0.4357317007922038,0,E_coli
26.24,18.67821568718459,3.7102608602262213,4.978870118731866,2.9814913096538427,2.460014863082249,2.275546886058528,1.5365188534959275,2.9498844116870884,1.891045898100063,2.552438261221929,0.6192001736111444,2.0512572231033452,1.582686428653506,1.1476382189564682,1.958762604341404,2.1472307747422033,2.7280872050589706,3.2034709371667933,3.820544700913273,1.752677505611815,1.2724293835626734,1.4160961758017363,1.1080219999382508,2.232707315723562,0.101453223563127,2.5070960140039444,2.025156438848365,1.194979052723236,2.1493435671958494,0.9382703830114549,0.615464887653707,1,Mammalian
26.24,18.67821568718459,3.7102608602262213,4.978870118731866,2.9814913096538427,2.460014863082249,2.275546886058528,1.5365188534959275,2.9498844116870884,1.891045898100063,2.552438261221929,0.6192001736111444,2.0512572231033452,1.582686428653506,1.1476382189564682,1.958762604341404,2.1472307747422033,2.7280872050589706,3.2034709371667933,3.820544700913273,1.752677505611815,1.2724293835626734,1.4160961758017363,1.1080219999382508,2.232707315723562,0.101453223563127,2.5070960140039444,2.025156438848365,1.194979052723236,2.1493435671958494,0.9382703830114549,0.615464887653707,0,E_coli
26.24,18.67821568718459,3.7102608602262213,4.978870118731866,2.9814913096538427,2.460014863082249,2.275546886058528,1.5365188534959275,2.9498844116870884,1.891045898100063,2.552438261221929,0.6192001736111444,2.0512572231033452,1.582686428653506,1.1476382189564682,1.958762604341404,2.1472307747422033,2.7280872050589706,3.2034709371667933,3.820544700913273,1.752677505611815,1.2724293835626734,1.4160961758017363,1.1080219999382508,2.232707315723562,0.101453223563127,2.5070960140039444,2.025156438848365,1.194979052723236,2.1493435671958494,0.9382703830114549,0.615464887653707,1,Yeast
18.1,15.790482796101383,9.907290342649368,3.0286413631856153,2.1132509617531907,3.9555410621363687,2.8933818216902116,1.4535404578616946,2.2893062170735834,2.114307828966291,0.5962699909995647,1.7429896391912458,2.750929620439109,2.2345981929238206,0.8394687528400743,1.2557390341352557,1.7705366418123063,1.203350469033594,0.5909435259640826,1.1585677331524946,1.1686492437150615,0.7784224498487671,0.972620615404609,1.085839671763787,1.101216166094668,1.6976849634278712,1.9438055390469964,1.1129138076826197,0.6758813070385696,2.345899054898818,2.9712133759087402,2.0679953862930276,0,E_coli
18.1,15.790482796101383,9.907290342649368,3.0286413631856153,2.1132509617531907,3.9555410621363687,2.8933818216902116,1.4535404578616946,2.2893062170735834,2.114307828966291,0.5962699909995647,1.7429896391912458,2.750929620439109,2.2345981929238206,0.8394687528400743,1.2557390341352557,1.7705366418123063,1.203350469033594,0.5909435259640826,1.1585677331524946,1.1686492437150615,0.7784224498487671,0.972620615404609,1.085839671763787,1.101216166094668,1.6976849634278712,1.9438055390469964,1.1129138076826197,0.6758813070385696,2.345899054898818,2.9712133759087402,2.0679953862930276,1,Mammalian
18.1,15.790482796101383,9.907290342649368,3.0286413631856153,2.1132509617531907,3.9555410621363687,2.8933818216902116,1.4535404578616946,2.2893062170735834,2.114307828966291,0.5962699909995647,1.7429896391912458,2.750929620439109,2.2345981929238206,0.8394687528400743,1.2557390341352557,1.7705366418123063,1.203350469033594,0.5909435259640826,1.1585677331524946,1.1686492437150615,0.7784224498487671,0.972620615404609,1.085839671763787,1.101216166094668,1.6976849634278712,1.9438055390469964,1.1129138076826197,0.6758813070385696,2.345899054898818,2.9712133759087402,2.0679953862930276,1,Yeast
11.32,10.898838526422496,9.693393750203647,7.868220599864148,5.6674544314880375,3.3757176751131635,1.2790577142681876,0.5026581887257799,1.600542030033289,2.136074890960239,2.1372427381121923,1.7582068333028544,1.2418064733971155,0.9207453268113698,0.9553192360601517,1.019699929282894,0.8620904824900921,0.45663147929747705,0.26170526798257665,0.8722330374875268,1.4339172047155793,1.7794374216181486,1.8289838900306263,1.5771220244415283,1.1124141360558653,0.7154098963445819,0.8962926849483096,1.3461682966484596,1.639560428790682,1.6420956038440258,1.3377127151637613,0.8017160389644097,0,E_coli
11.32,10.898838526422496,9.693393750203647,7.868220599864148,5.6674544314880375,3.3757176751131635,1.2790577142681876,0.5026581887257799,1.600542030033289,2.136074890960239,2.1372427381121923,1.7582068333028544,1.2418064733971155,0.9207453268113698,0.9553192360601517,1.019699929282894,0.8620904824900921,0.45663147929747705,0.26170526798257665,0.8722330374875268,1.4339172047155793,1.7794374216181486,1.8289838900306263,1.5771220244415283,1.1124141360558653,0.7154098963445819,0.8962926849483096,1.3461682966484596,1.639560428790682,1.6420956038440258,1.3377127151637613,0.8017160389644097,1,Yeast
11.32,10.898838526422496,9.693393750203647,7.868220599864148,5.6674544314880375,3.3757176751131635,1.2790577142681876,0.5026581887257799,1.600542030033289,2.136074890960239,2.1372427381121923,1.7582068333028544,1.2418064733971155,0.9207453268113698,0.9553192360601517,1.019699929282894,0.8620904824900921,0.45663147929747705,0.26170526798257665,0.8722330374875268,1.4339172047155793,1.7794374216181486,1.8289838900306263,1.5771220244415283,1.1124141360558653,0.7154098963445819,0.8962926849483096,1.3461682966484596,1.639560428790682,1.6420956038440258,1.3377127151637613,0.8017160389644097,1,Mammalian
13.45,12.830130074675653,11.070993701610563,8.454589326669383,5.390319518104424,2.338174651321085,0.31374231713643164,2.1614070256060303,3.13035224680979,3.219808861055657,2.606047745296149,1.5748812107255155,0.5020682866821821,0.6683076362483207,1.2359750579843027,1.3900143904483386,1.1527792503337317,0.6641439173426558,0.12355836101208627,0.32036664666015285,0.4914039663863403,0.3709104591544927,0.14220428061856658,0.5601725932021553,1.0209284063502677,1.2910361126212433,1.2588618259185071,0.8962259104798281,0.2670300920688376,0.5116126327197814,1.240372202146439,1.7613384328729196,1,Mammalian
13.45,12.830130074675653,11.070993701610563,8.454589326669383,5.390319518104424,2.338174651321085,0.31374231713643164,2.1614070256060303,3.13035224680979,3.219808861055657,2.606047745296149,1.5748812107255155,0.5020682866821821,0.6683076362483207,1.2359750579843027,1.3900143904483386,1.1527792503337317,0.6641439173426558,0.12355836101208627,0.32036664666015285,0.4914039663863403,0.3709104591544927,0.14220428061856658,0.5601725932021553,1.0209284063502677,1.2910361126212433,1.2588618259185071,0.8962259104798281,0.2670300920688376,0.5116126327197814,1.240372202146439,1.7613384328729196,0,E_coli
13.45,12.830130074675653,11.070993701610563,8.454589326669383,5.390319518104424,2.338174651321085,0.31374231713643164,2.1614070256060303,3.13035224680979,3.219808861055657,2.606047745296149,1.5748812107255155,0.5020682866821821,0.6683076362483207,1.2359750579843027,1.3900143904483386,1.1527792503337317,0.6641439173426558,0.12355836101208627,0.32036664666015285,0.4914039663863403,0.3709104591544927,0.14220428061856658,0.5601725932021553,1.0209284063502677,1.2910361126212433,1.2588618259185071,0.8962259104798281,0.2670300920688376,0.5116126327197814,1.240372202146439,1.7613384328729196,1,Yeast
13.47,12.547347751553302,9.991407702886267,6.3810939988389705,2.5113173183458843,0.9082014727489265,3.1109098012144734,3.962203517472457,3.538901518911873,2.2426511558737614,0.6452797642494009,0.8292559989543431,1.6596181508193895,1.8212546094949473,1.4361978937892657,0.7970893530833999,0.2906888370749731,0.34657116144362743,0.46953324611884306,0.641480104790001,0.8772343922941856,0.9430731796322508,0.6702377698661061,0.18891054529426948,0.833532266587948,1.5643521977830244,1.94450873978511,1.7886477299005865,1.0874799956887102,0.12480361405821708,1.1468947565803798,2.008987478539398,1,Mammalian
13.47,12.547347751553302,9.991407702886267,6.3810939988389705,2.5113173183458843,0.9082014727489265,3.1109098012144734,3.962203517472457,3.538901518911873,2.2426511558737614,0.6452797642494009,0.8292559989543431,1.6596181508193895,1.8212546094949473,1.4361978937892657,0.7970893530833999,0.2906888370749731,0.34657116144362743,0.46953324611884306,0.641480104790001,0.8772343922941856,0.9430731796322508,0.6702377698661061,0.18891054529426948,0.833532266587948,1.5643521977830244,1.94450873978511,1.7886477299005865,1.0874799956887102,0.12480361405821708,1.1468947565803798,2.008987478539398,0,E_coli
13.47,12.547347751553302,9.991407702886267,6.3810939988389705,2.5113173183458843,0.9082014727489265,3.1109098012144734,3.962203517472457,3.538901518911873,2.2426511558737614,0.6452797642494009,0.8292559989543431,1.6596181508193895,1.8212546094949473,1.4361978937892657,0.7970893530833999,0.2906888370749731,0.34657116144362743,0.46953324611884306,0.641480104790001,0.8772343922941856,0.9430731796322508,0.6702377698661061,0.18891054529426948,0.833532266587948,1.5643521977830244,1.94450873978511,1.7886477299005865,1.0874799956887102,0.12480361405821708,1.1468947565803798,2.008987478539398,1,Yeast
10.59,10.181994676737638,9.015228813000506,7.2525020146680195,5.137408800758427,2.9622378305928656,1.087380848695592,0.915875917236474,1.7717604499256547,2.0977985262509784,1.8573825612311838,1.1888168293234185,0.4708809069567071,0.9964891344416276,1.8211476105225577,2.3899846857269322,2.596093218665308,2.4323069131111845,1.9656011446793296,1.3151241438021184,0.6250433454400556,0.0892686219507848,0.3941469187371593,0.5539854300872421,0.5085911010617861,0.4391189322504189,0.6435157686831209,1.0162847530370227,1.3646328450079892,1.6067117710047387,1.7289741302284685,1.7660508877338483,1,Yeast
10.59,10.181994676737638,9.015228813000506,7.2525020146680195,5.137408800758427,2.9622378305928656,1.087380848695592,0.915875917236474,1.7717604499256547,2.0977985262509784,1.8573825612311838,1.1888168293234185,0.4708809069567071,0.9964891344416276,1.8211476105225577,2.3899846857269322,2.596093218665308,2.4323069131111845,1.9656011446793296,1.3151241438021184,0.6250433454400556,0.0892686219507848,0.3941469187371593,0.5539854300872421,0.5085911010617861,0.4391189322504189,0.6435157686831209,1.0162847530370227,1.3646328450079892,1.6067117710047387,1.7289741302284685,1.7660508877338483,1,Mammalian
10.59,10.181994676737638,9.015228813000506,7.2525020146680195,5.137408800758427,2.9622378305928656,1.087380848695592,0.915875917236474,1.7717604499256547,2.0977985262509784,1.8573825612311838,1.1888168293234185,0.4708809069567071,0.9964891344416276,1.8211476105225577,2.3899846857269322,2.596093218665308,2.4323069131111845,1.9656011446793296,1.3151241438021184,0.6250433454400556,0.0892686219507848,0.3941469187371593,0.5539854300872421,0.5085911010617861,0.4391189322504189,0.6435157686831209,1.0162847530370227,1.3646328450079892,1.6067117710047387,1.7289741302284685,1.7660508877338483,0,E_coli
19.59,17.177857107817612,11.012904669241577,3.7648572871236916,1.901739282272214,3.9434755148047227,2.843946234143242,1.0740841478610355,2.526691962998769,2.8222449556223212,1.3917591021915896,0.6941934756117456,2.069936973476936,2.086395488364477,1.0480589907916444,0.10447887368283197,0.5503635162326803,0.6650556625512092,1.560821188266777,2.2207545728778535,2.014753057867238,1.1916432305876432,0.8926647261498016,0.982413790470066,0.38108755439849595,0.6727840777576055,1.4270082651670706,1.3277618021210804,0.773510661794988,1.5447044749326733,2.3581165859383333,2.4693690840204954,1,Mammalian
19.59,17.177857107817612,11.012904669241577,3.7648572871236916,1.901739282272214,3.9434755148047227,2.843946234143242,1.0740841478610355,2.526691962998769,2.8222449556223212,1.3917591021915896,0.6941934756117456,2.069936973476936,2.086395488364477,1.0480589907916444,0.10447887368283197,0.5503635162326803,0.6650556625512092,1.560821188266777,2.2207545728778535,2.014753057867238,1.1916432305876432,0.8926647261498016,0.982413790470066,0.38108755439849595,0.6727840777576055,1.4270082651670706,1.3277618021210804,0.773510661794988,1.5447044749326733,2.3581165859383333,2.4693690840204954,1,Yeast
19.59,17.177857107817612,11.012904669241577,3.7648572871236916,1.901739282272214,3.9434755148047227,2.843946234143242,1.0740841478610355,2.526691962998769,2.8222449556223212,1.3917591021915896,0.6941934756117456,2.069936973476936,2.086395488364477,1.0480589907916444,0.10447887368283197,0.5503635162326803,0.6650556625512092,1.560821188266777,2.2207545728778535,2.014753057867238,1.1916432305876432,0.8926647261498016,0.982413790470066,0.38108755439849595,0.6727840777576055,1.4270082651670706,1.3277618021210804,0.773510661794988,1.5447044749326733,2.3581165859383333,2.4693690840204954,0,E_coli
14.84,14.05012356600961,11.834191546470805,8.617740655634801,5.000676457182779,1.6264289640036795,1.0196449060608952,2.5218861646354997,2.87964271034294,2.277910081440258,1.0967277911171938,0.3182166154903119,1.3336337293463598,1.8756551197117037,1.8296395700831984,1.3082123572162225,0.5630275304103701,0.26170245403518916,0.6581121121209662,0.7320233031735062,0.5948509657356296,0.7678285573145726,1.2503905771315031,1.614072246659136,1.6492597917759246,1.3168068552880186,0.7431163742803324,0.4586096974470513,0.8903978745993273,1.1955737164966114,1.154569967363092,0.8190964867287989,1,Yeast
14.84,14.05012356600961,11.834191546470805,8.617740655634801,5.000676457182779,1.6264289640036795,1.0196449060608952,2.5218861646354997,2.87964271034294,2.277910081440258,1.0967277911171938,0.3182166154903119,1.3336337293463598,1.8756551197117037,1.8296395700831984,1.3082123572162225,0.5630275304103701,0.26170245403518916,0.6581121121209662,0.7320233031735062,0.5948509657356296,0.7678285573145726,1.2503905771315031,1.614072246659136,1.6492597917759246,1.3168068552880186,0.7431163742803324,0.4586096974470513,0.8903978745993273,1.1955737164966114,1.154569967363092,0.8190964867287989,1,Mammalian
14.84,14.05012356600961,11.834191546470805,8.617740655634801,5.000676457182779,1.6264289640036795,1.0196449060608952,2.5218861646354997,2.87964271034294,2.277910081440258,1.0967277911171938,0.3182166154903119,1.3336337293463598,1.8756551197117037,1.8296395700831984,1.3082123572162225,0.5630275304103701,0.26170245403518916,0.6581121121209662,0.7320233031735062,0.5948509657356296,0.7678285573145726,1.2503905771315031,1.614072246659136,1.6492597917759246,1.3168068552880186,0.7431163742803324,0.4586096974470513,0.8903978745993273,1.1955737164966114,1.154569967363092,0.8190964867287989,0,E_coli
30.99,18.90419480666117,1.679752985194515,4.416359037263128,2.661386942235384,2.4371951493204222,2.9041201766475613,1.7827017227699,2.8644589903746835,2.0513030021556076,1.8231878694270665,0.802786068476208,2.7230388601449333,0.8027546706755482,1.5026863579792358,0.2978748369633809,1.2070211265756696,2.49915046278575,3.3343578809249466,2.132746209697592,1.9326587012678633,1.151378184631788,2.0228012263206643,2.2856080944698793,2.0112371049833118,1.6037131440125356,2.6181433234317457,1.0943352528974628,2.3165727388219843,1.915477453776679,1.911986890466258,0.8915363667616328,1,Yeast
30.99,18.90419480666117,1.679752985194515,4.416359037263128,2.661386942235384,2.4371951493204222,2.9041201766475613,1.7827017227699,2.8644589903746835,2.0513030021556076,1.8231878694270665,0.802786068476208,2.7230388601449333,0.8027546706755482,1.5026863579792358,0.2978748369633809,1.2070211265756696,2.49915046278575,3.3343578809249466,2.132746209697592,1.9326587012678633,1.151378184631788,2.0228012263206643,2.2856080944698793,2.0112371049833118,1.6037131440125356,2.6181433234317457,1.0943352528974628,2.3165727388219843,1.915477453776679,1.911986890466258,0.8915363667616328,0,E_coli
30.99,18.90419480666117,1.679752985194515,4.416359037263128,2.661386942235384,2.4371951493204222,2.9041201766475613,1.7827017227699,2.8644589903746835,2.0513030021556076,1.8231878694270665,0.802786068476208,2.7230388601449333,0.8027546706755482,1.5026863579792358,0.2978748369633809,1.2070211265756696,2.49915046278575,3.3343578809249466,2.132746209697592,1.9326587012678633,1.151378184631788,2.0228012263206643,2.2856080944698793,2.0112371049833118,1.6037131440125356,2.6181433234317457,1.0943352528974628,2.3165727388219843,1.915477453776679,1.911986890466258,0.8915363667616328,1,Mammalian
31.25,19.133177888288,1.443355878294619,4.277243497589013,2.528230274748154,2.229692971231372,3.088237574350999,2.010979704059343,2.6262336890150944,1.8077453321484052,1.728631908009246,0.5808862892001846,2.8426685311470448,0.9519694863350099,1.2454350368592932,0.5336053505388522,1.4657762448614051,2.631356403643148,3.5457165807378033,2.286310541600036,1.8038309148621117,1.388437094838228,2.2633292385809547,2.3111024824796225,2.0566712451634492,1.4926471727117958,2.3823297702389934,1.1982870949611515,2.565205904106119,1.8697150576813322,1.654199305172514,0.6773792098182059,0,E_coli
31.25,19.133177888288,1.443355878294619,4.277243497589013,2.528230274748154,2.229692971231372,3.088237574350999,2.010979704059343,2.6262336890150944,1.8077453321484052,1.728631908009246,0.5808862892001846,2.8426685311470448,0.9519694863350099,1.2454350368592932,0.5336053505388522,1.4657762448614051,2.631356403643148,3.5457165807378033,2.286310541600036,1.8038309148621117,1.388437094838228,2.2633292385809547,2.3111024824796225,2.0566712451634492,1.4926471727117958,2.3823297702389934,1.1982870949611515,2.565205904106119,1.8697150576813322,1.654199305172514,0.6773792098182059,1,Yeast
31.25,19.133177888288,1.443355878294619,4.277243497589013,2.528230274748154,2.229692971231372,3.088237574350999,2.010979704059343,2.6262336890150944,1.8077453321484052,1.728631908009246,0.5808862892001846,2.8426685311470448,0.9519694863350099,1.2454350368592932,0.5336053505388522,1.4657762448614051,2.631356403643148,3.5457165807378033,2.286310541600036,1.8038309148621117,1.388437094838228,2.2633292385809547,2.3111024824796225,2.0566712451634492,1.4926471727117958,2.3823297702389934,1.1982870949611515,2.565205904106119,1.8697150576813322,1.654199305172514,0.6773792098182059,1,Mammalian
30.95,18.869037982719775,1.7167276336599724,4.438726283994443,2.683522515710229,2.4700006453774894,2.8768343629614455,1.7483685306203063,2.901440926299043,2.0891252075741114,1.8405658319285056,0.8388694000365924,2.7063824954518143,0.7849416496464138,1.5423453044179196,0.2656591131495142,1.1672617529928753,2.4806051136559066,3.3024574186907985,2.1109725090114777,1.954795541049108,1.1158150083801888,1.9862324895609018,2.284288747300139,2.0071473665869575,1.6238237532197681,2.654823283444095,1.0830072363602063,2.2785467053985915,1.9255396715059316,1.9516986163390326,0.9265681597698252,1,Mammalian
30.95,18.869037982719775,1.7167276336599724,4.438726283994443,2.683522515710229,2.4700006453774894,2.8768343629614455,1.7483685306203063,2.901440926299043,2.0891252075741114,1.8405658319285056,0.8388694000365924,2.7063824954518143,0.7849416496464138,1.5423453044179196,0.2656591131495142,1.1672617529928753,2.4806051136559066,3.3024574186907985,2.1109725090114777,1.954795541049108,1.1158150083801888,1.9862324895609018,2.284288747300139,2.0071473665869575,1.6238237532197681,2.654823283444095,1.0830072363602063,2.2785467053985915,1.9255396715059316,1.9516986163390326,0.9265681597698252,0,E_coli
30.95,18.869037982719775,1.7167276336599724,4.438726283994443,2.683522515710229,2.4700006453774894,2.8768343629614455,1.7483685306203063,2.901440926299043,2.0891252075741114,1.8405658319285056,0.8388694000365924,2.7063824954518143,0.7849416496464138,1.5423453044179196,0.2656591131495142,1.1672617529928753,2.4806051136559066,3.3024574186907985,2.1109725090114777,1.954795541049108,1.1158150083801888,1.9862324895609018,2.284288747300139,2.0071473665869575,1.6238237532197681,2.654823283444095,1.0830072363602063,2.2785467053985915,1.9255396715059316,1.9516986163390326,0.9265681597698252,1,Yeast
31.2,19.089080975423645,1.4882055595699764,4.303125815663162,2.5523203398440346,2.2687572559280897,3.051972928289789,1.9664684661238285,2.6717309119555246,1.8542365932481626,1.7442058340211792,0.6212683632727427,2.818194697010732,0.9194529993347809,1.2948211712590243,0.48635517114859034,1.4159802258506298,2.604438018231728,3.5045626297932624,2.2552636356222107,1.826438038659168,1.342189192112434,2.2167324193379963,2.303944027953638,2.0454471232719027,1.511168504422065,2.4272948707409436,1.174547039199988,2.517213464030786,1.8758053830797012,1.7037216221743225,0.7162101093218532,0,E_coli
31.2,19.089080975423645,1.4882055595699764,4.303125815663162,2.5523203398440346,2.2687572559280897,3.051972928289789,1.9664684661238285,2.6717309119555246,1.8542365932481626,1.7442058340211792,0.6212683632727427,2.818194697010732,0.9194529993347809,1.2948211712590243,0.48635517114859034,1.4159802258506298,2.604438018231728,3.5045626297932624,2.2552636356222107,1.826438038659168,1.342189192112434,2.2167324193379963,2.303944027953638,2.0454471232719027,1.511168504422065,2.4272948707409436,1.174547039199988,2.517213464030786,1.8758053830797012,1.7037216221743225,0.7162101093218532,1,Yeast
31.2,19.089080975423645,1.4882055595699764,4.303125815663162,2.5523203398440346,2.2687572559280897,3.051972928289789,1.9664684661238285,2.6717309119555246,1.8542365932481626,1.7442058340211792,0.6212683632727427,2.818194697010732,0.9194529993347809,1.2948211712590243,0.48635517114859034,1.4159802258506298,2.604438018231728,3.5045626297932624,2.2552636356222107,1.826438038659168,1.342189192112434,2.2167324193379963,2.303944027953638,2.0454471232719027,1.511168504422065,2.4272948707409436,1.174547039199988,2.517213464030786,1.8758053830797012,1.7037216221743225,0.7162101093218532,1,Mammalian
31.35,19.22145840830129,1.3547387198839922,4.226777997736449,2.4823711914410085,2.152922029527089,3.161891275308582,2.1007431194453554,2.535748023001515,1.7153550274598954,1.7014690233136847,0.5053096917090514,2.8935878133214255,1.0212492706324834,1.1468223759715117,0.6293816849616195,1.5654072952429987,2.6871759874187235,3.6286911911142297,2.350365832285376,1.7620062684663047,1.481664281853888,2.356941341815312,2.328576364580718,2.082542187770493,1.4600432353526769,2.2930252121270582,1.2504216853783325,2.661412546823008,1.8615078620245886,1.555246376614031,0.6046601858003949,1,Yeast
31.35,19.22145840830129,1.3547387198839922,4.226777997736449,2.4823711914410085,2.152922029527089,3.161891275308582,2.1007431194453554,2.535748023001515,1.7153550274598954,1.7014690233136847,0.5053096917090514,2.8935878133214255,1.0212492706324834,1.1468223759715117,0.6293816849616195,1.5654072952429987,2.6871759874187235,3.6286911911142297,2.350365832285376,1.7620062684663047,1.481664281853888,2.356941341815312,2.328576364580718,2.082542187770493,1.4600432353526769,2.2930252121270582,1.2504216853783325,2.661412546823008,1.8615078620245886,1.555246376614031,0.6046601858003949,1,Mammalian
31.35,19.22145840830129,1.3547387198839922,4.226777997736449,2.4823711914410085,2.152922029527089,3.161891275308582,2.1007431194453554,2.535748023001515,1.7153550274598954,1.7014690233136847,0.5053096917090514,2.8935878133214255,1.0212492706324834,1.1468223759715117,0.6293816849616195,1.5654072952429987,2.6871759874187235,3.6286911911142297,2.350365832285376,1.7620062684663047,1.481664281853888,2.356941341815312,2.328576364580718,2.082542187770493,1.4600432353526769,2.2930252121270582,1.2504216853783325,2.661412546823008,1.8615078620245886,1.555246376614031,0.6046601858003949,0,E_coli
31.299999999999997,19.177303765739975,1.3988554590379505,4.251791632936428,2.504906690302992,2.191073254273077,3.124881417950598,2.0557432991542988,2.5809030808492133,1.7614462887264384,1.7143752667785008,0.5421101205086738,2.867805329112836,0.9859502968406475,1.1960999107653285,0.581315738428275,1.515585695366646,2.658942582151183,3.5870953312805183,2.3180202154215546,1.7823400432474765,1.434936690318499,2.3100683681412555,2.3193169867665158,2.0690430849218777,1.4755883286512586,2.3375692243885866,1.2236107128525036,2.613273624675363,1.864945832631562,1.6047066138712556,0.6401002008225367,1,Mammalian
31.299999999999997,19.177303765739975,1.3988554590379505,4.251791632936428,2.504906690302992,2.191073254273077,3.124881417950598,2.0557432991542988,2.5809030808492133,1.7614462887264384,1.7143752667785008,0.5421101205086738,2.867805329112836,0.9859502968406475,1.1960999107653285,0.581315738428275,1.515585695366646,2.658942582151183,3.5870953312805183,2.3180202154215546,1.7823400432474765,1.434936690318499,2.3100683681412555,2.3193169867665158,2.0690430849218777,1.4755883286512586,2.3375692243885866,1.2236107128525036,2.613273624675363,1.864945832631562,1.6047066138712556,0.6401002008225367,1,Yeast
31.299999999999997,19.177303765739975,1.3988554590379505,4.251791632936428,2.504906690302992,2.191073254273077,3.124881417950598,2.0557432991542988,2.5809030808492133,1.7614462887264384,1.7143752667785008,0.5421101205086738,2.867805329112836,0.9859502968406475,1.1960999107653285,0.581315738428275,1.515585695366646,2.658942582151183,3.5870953312805183,2.3180202154215546,1.7823400432474765,1.434936690318499,2.3100683681412555,2.3193169867665158,2.0690430849218777,1.4755883286512586,2.3375692243885866,1.2236107128525036,2.613273624675363,1.864945832631562,1.6047066138712556,0.6401002008225367,0,E_coli
10.860000000000001,10.310695116757195,8.761733001949692,6.48944889581978,3.890968853345002,1.4106050328635606,0.6750071307922068,1.8945490295579408,2.306057222478407,1.9768205194780042,1.1840815999119016,0.6756915344087642,1.2892575455885087,1.8432950240844133,1.9389028105653854,1.5564793814831748,0.8508818954473059,0.367150305953075,0.8896517714796244,1.2351258289062395,1.1234098515655633,0.5484298751014375,0.37177068916671857,1.3962760458136239,2.280898964587248,2.7958904465607612,2.802900069751589,2.29388092324348,1.423280249581092,0.7503973488122829,1.2987164090066967,1.993807182824415,1,Mammalian
10.860000000000001,10.310695116757195,8.761733001949692,6.48944889581978,3.890968853345002,1.4106050328635606,0.6750071307922068,1.8945490295579408,2.306057222478407,1.9768205194780042,1.1840815999119016,0.6756915344087642,1.2892575455885087,1.8432950240844133,1.9389028105653854,1.5564793814831748,0.8508818954473059,0.367150305953075,0.8896517714796244,1.2351258289062395,1.1234098515655633,0.5484298751014375,0.37177068916671857,1.3962760458136239,2.280898964587248,2.7958904465607612,2.802900069751589,2.29388092324348,1.423280249581092,0.7503973488122829,1.2987164090066967,1.993807182824415,0,E_coli
10.860000000000001,10.310695116757195,8.761733001949692,6.48944889581978,3.890968853345002,1.4106050328635606,0.6750071307922068,1.8945490295579408,2.306057222478407,1.9768205194780042,1.1840815999119016,0.6756915344087642,1.2892575455885087,1.8432950240844133,1.9389028105653854,1.5564793814831748,0.8508818954473059,0.367150305953075,0.8896517714796244,1.2351258289062395,1.1234098515655633,0.5484298751014375,0.37177068916671857,1.3962760458136239,2.280898964587248,2.7958904465607612,2.802900069751589,2.29388092324348,1.423280249581092,0.7503973488122829,1.2987164090066967,1.993807182824415,1,Yeast
10.610000000000001,10.061712214602949,8.515870494837838,6.249156502965579,3.6603136285643396,1.2097920809546883,0.9246283232665365,2.127481737904596,2.531169940873614,2.2023173585010016,1.426122503750455,0.8665666234595704,1.3014395406336812,1.8125267624070338,1.899835120666236,1.5142300994995002,0.785175139698144,0.12937635718019175,0.7948534642582733,1.1530576333928488,1.043190456382612,0.5012135347423468,0.5697227824253163,1.5642893779032432,2.4512402433090625,2.972035529082131,2.9832694355851266,2.472021145507836,1.5747104287244653,0.7106024385947318,1.0597833239814103,1.7443604558461918,0,E_coli
10.610000000000001,10.061712214602949,8.515870494837838,6.249156502965579,3.6603136285643396,1.2097920809546883,0.9246283232665365,2.127481737904596,2.531169940873614,2.2023173585010016,1.426122503750455,0.8665666234595704,1.3014395406336812,1.8125267624070338,1.899835120666236,1.5142300994995002,0.785175139698144,0.12937635718019175,0.7948534642582733,1.1530576333928488,1.043190456382612,0.5012135347423468,0.5697227824253163,1.5642893779032432,2.4512402433090625,2.972035529082131,2.9832694355851266,2.472021145507836,1.5747104287244653,0.7106024385947318,1.0597833239814103,1.7443604558461918,1,Yeast
10.610000000000001,10.061712214602949,8.515870494837838,6.249156502965579,3.6603136285643396,1.2097920809546883,0.9246283232665365,2.127481737904596,2.531169940873614,2.2023173585010016,1.426122503750455,0.8665666234595704,1.3014395406336812,1.8125267624070338,1.899835120666236,1.5142300994995002,0.785175139698144,0.12937635718019175,0.7948534642582733,1.1530576333928488,1.043190456382612,0.5012135347423468,0.5697227824253163,1.5642893779032432,2.4512402433090625,2.972035529082131,2.9832694355851266,2.472021145507836,1.5747104287244653,0.7106024385947318,1.0597833239814103,1.7443604558461918,1,Mammalian
10.83,10.42056218890627,9.249088667040326,7.476962438987444,5.344541210744997,3.135415284738249,1.1587563830289032,0.6971014780200857,1.6494195660953497,2.068195321659072,1.9325030830016705,1.369146330212772,0.5705478664577163,0.3220066543276696,0.9978700935153266,1.4078106251618774,1.4727185746095552,1.206766723989343,0.7009825799646222,0.2390006343823856,0.6603736420288427,1.1127863057951572,1.3307518935742264,1.2678250155975908,0.9470032180419601,0.44604581721036496,0.12853456590263118,0.6448427581612427,1.012057820305989,1.1716389363914663,1.1310752717550376,0.9795542649013937,0,E_coli
10.83,10.42056218890627,9.249088667040326,7.476962438987444,5.344541210744997,3.135415284738249,1.1587563830289032,0.6971014780200857,1.6494195660953497,2.068195321659072,1.9325030830016705,1.369146330212772,0.5705478664577163,0.3220066543276696,0.9978700935153266,1.4078106251618774,1.4727185746095552,1.206766723989343,0.7009825799646222,0.2390006343823856,0.6603736420288427,1.1127863057951572,1.3307518935742264,1.2678250155975908,0.9470032180419601,0.44604581721036496,0.12853456590263118,0.6448427581612427,1.012057820305989,1.1716389363914663,1.1310752717550376,0.9795542649013937,1,Mammalian
10.83,10.42056218890627,9.249088667040326,7.476962438987444,5.344541210744997,3.135415284738249,1.1587563830289032,0.6971014780200857,1.6494195660953497,2.068195321659072,1.9325030830016705,1.369146330212772,0.5705478664577163,0.3220066543276696,0.9978700935153266,1.4078106251618774,1.4727185746095552,1.206766723989343,0.7009825799646222,0.2390006343823856,0.6603736420288427,1.1127863057951572,1.3307518935742264,1.2678250155975908,0.9470032180419601,0.44604581721036496,0.12853456590263118,0.6448427581612427,1.012057820305989,1.1716389363914663,1.1310752717550376,0.9795542649013937,1,Yeast
18.92,16.471458144572406,10.231503665446878,2.9649440796071156,2.6322887231910546,4.475143087641995,3.0504237138877017,0.6853960926140087,2.380305888444473,2.604901327235795,0.9441534926259273,1.4941178013117533,3.0415204838013317,3.0189900386707467,1.7384653630324278,0.6182902399951693,1.0269371937952199,0.7863449221420832,0.4206851891526447,1.0128276861137988,1.0686263182340914,0.7378087736596178,0.8896103415802467,0.982555442680561,1.0439079832229319,1.8879941699781788,2.6033929891844267,2.451536031477622,1.57322821496297,1.1789054437525948,1.4852348734270626,1.109735530152097,0,E_coli
18.92,16.471458144572406,10.231503665446878,2.9649440796071156,2.6322887231910546,4.475143087641995,3.0504237138877017,0.6853960926140087,2.380305888444473,2.604901327235795,0.9441534926259273,1.4941178013117533,3.0415204838013317,3.0189900386707467,1.7384653630324278,0.6182902399951693,1.0269371937952199,0.7863449221420832,0.4206851891526447,1.0128276861137988,1.0686263182340914,0.7378087736596178,0.8896103415802467,0.982555442680561,1.0439079832229319,1.8879941699781788,2.6033929891844267,2.451536031477622,1.57322821496297,1.1789054437525948,1.4852348734270626,1.109735530152097,1,Yeast
18.92,16.471458144572406,10.231503665446878,2.9649440796071156,2.6322887231910546,4.475143087641995,3.0504237138877017,0.6853960926140087,2.380305888444473,2.604901327235795,0.9441534926259273,1.4941178013117533,3.0415204838013317,3.0189900386707467,1.7384653630324278,0.6182902399951693,1.0269371937952199,0.7863449221420832,0.4206851891526447,1.0128276861137988,1.0686263182340914,0.7378087736596178,0.8896103415802467,0.982555442680561,1.0439079832229319,1.8879941699781788,2.6033929891844267,2.451536031477622,1.57322821496297,1.1789054437525948,1.4852348734270626,1.109735530152097,1,Mammalian
19.85,17.303245368923914,10.809805442246978,3.2317558287786032,2.5556218864172893,4.4539571663014215,2.882729859376975,0.3068667670906224,2.8054581148121294,3.1701847277638704,1.5271113434265868,1.2510814166140456,2.788709514451167,2.695303622210548,1.1949311722605844,0.7886854650858037,1.7335801106380988,1.3785881426471447,0.1903716324163563,1.200343078273676,1.6400359006721938,1.1039982046582004,0.4729307920247777,1.0686150156607264,1.234343860532702,0.9488527468652836,0.890140604415121,0.9328520961876564,0.7190120041979904,0.8066046214823919,1.0966266953067094,1.013294415216985,1,Yeast
19.85,17.303245368923914,10.809805442246978,3.2317558287786032,2.5556218864172893,4.4539571663014215,2.882729859376975,0.3068667670906224,2.8054581148121294,3.1701847277638704,1.5271113434265868,1.2510814166140456,2.788709514451167,2.695303622210548,1.1949311722605844,0.7886854650858037,1.7335801106380988,1.3785881426471447,0.1903716324163563,1.200343078273676,1.6400359006721938,1.1039982046582004,0.4729307920247777,1.0686150156607264,1.234343860532702,0.9488527468652836,0.890140604415121,0.9328520961876564,0.7190120041979904,0.8066046214823919,1.0966266953067094,1.013294415216985,1,Mammalian
19.85,17.303245368923914,10.809805442246978,3.2317558287786032,2.5556218864172893,4.4539571663014215,2.882729859376975,0.3068667670906224,2.8054581148121294,3.1701847277638704,1.5271113434265868,1.2510814166140456,2.788709514451167,2.695303622210548,1.1949311722605844,0.7886854650858037,1.7335801106380988,1.3785881426471447,0.1903716324163563,1.200343078273676,1.6400359006721938,1.1039982046582004,0.4729307920247777,1.0686150156607264,1.234343860532702,0.9488527468652836,0.890140604415121,0.9328520961876564,0.7190120041979904,0.8066046214823919,1.0966266953067094,1.013294415216985,0,E_coli
4.9,4.872040971854474,4.788714314262384,4.651660104440623,4.463574816401237,4.228157117349072,3.9500346711616467,3.634675031819524,3.28828544972167,2.9177095979372156,2.530336004041646,2.134049442343659,1.7373019921399886,1.3495247904441416,0.9826425249194327,0.6568786554324624,0.42449970553582256,0.39839487749543706,0.5524621791443944,0.7448531914667844,0.9193392655137266,1.0590623167303592,1.1579748941855692,1.2141212669219472,1.227835005670043,1.2011734530785447,1.1377697252552366,1.0429321060955157,0.9240654529738536,0.7917290167057778,0.6619776621711206,0.560186328103377,1,Yeast
4.9,4.872040971854474,4.788714314262384,4.651660104440623,4.463574816401237,4.228157117349072,3.9500346711616467,3.634675031819524,3.28828544972167,2.9177095979372156,2.530336004041646,2.134049442343659,1.7373019921399886,1.3495247904441416,0.9826425249194327,0.6568786554324624,0.42449970553582256,0.39839487749543706,0.5524621791443944,0.7448531914667844,0.9193392655137266,1.0590623167303592,1.1579748941855692,1.2141212669219472,1.227835005670043,1.2011734530785447,1.1377697252552366,1.0429321060955157,0.9240654529738536,0.7917290167057778,0.6619776621711206,0.560186328103377,1,Mammalian
4.9,4.872040971854474,4.788714314262384,4.651660104440623,4.463574816401237,4.228157117349072,3.9500346711616467,3.634675031819524,3.28828544972167,2.9177095979372156,2.530336004041646,2.134049442343659,1.7373019921399886,1.3495247904441416,0.9826425249194327,0.6568786554324624,0.42449970553582256,0.39839487749543706,0.5524621791443944,0.7448531914667844,0.9193392655137266,1.0590623167303592,1.1579748941855692,1.2141212669219472,1.227835005670043,1.2011734530785447,1.1377697252552366,1.0429321060955157,0.9240654529738536,0.7917290167057778,0.6619776621711206,0.560186328103377,0,E_coli
19.88,17.35636473856105,10.888750221603525,3.237274269351519,2.7828234993399996,5.1112109255629665,4.029822920014656,1.2764129963221917,1.431208741677198,2.0803101755952924,1.0163421366126388,0.692317282238981,1.6451251567108724,1.1677323945962754,0.6353657840720266,2.251306809224665,2.9704208456042043,2.347297944152776,0.8407435331553595,0.6448334873333155,1.3610906798100968,1.2702044645490544,1.0434980399335094,1.0551868341382526,0.7668386647442677,0.24132666767493463,0.5381448928685486,0.534086707533309,0.5967317249922228,1.523278911786614,2.3013185466210033,2.5977786370539264,0,E_coli
19.88,17.35636473856105,10.888750221603525,3.237274269351519,2.7828234993399996,5.1112109255629665,4.029822920014656,1.2764129963221917,1.431208741677198,2.0803101755952924,1.0163421366126388,0.692317282238981,1.6451251567108724,1.1677323945962754,0.6353657840720266,2.251306809224665,2.9704208456042043,2.347297944152776,0.8407435331553595,0.6448334873333155,1.3610906798100968,1.2702044645490544,1.0434980399335094,1.0551868341382526,0.7668386647442677,0.24132666767493463,0.5381448928685486,0.534086707533309,0.5967317249922228,1.523278911786614,2.3013185466210033,2.5977786370539264,2,Yeast
19.88,17.35636473856105,10.888750221603525,3.237274269351519,2.7828234993399996,5.1112109255629665,4.029822920014656,1.2764129963221917,1.431208741677198,2.0803101755952924,1.0163421366126388,0.692317282238981,1.6451251567108724,1.1677323945962754,0.6353657840720266,2.251306809224665,2.9704208456042043,2.347297944152776,0.8407435331553595,0.6448334873333155,1.3610906798100968,1.2702044645490544,1.0434980399335094,1.0551868341382526,0.7668386647442677,0.24132666767493463,0.5381448928685486,0.534086707533309,0.5967317249922228,1.523278911786614,2.3013185466210033,2.5977786370539264,1,Mammalian
9.11,8.870610793367113,8.174667998711227,7.086496410100017,5.705740855593701,4.156949295115308,2.576879452465428,1.1029672910074502,0.23152745836877658,1.1320248934630532,1.716032529419755,1.9255737713294405,1.7856480786035904,1.3596900734641653,0.746301746129003,0.2420866891394235,0.7738862965578339,1.3587258303461425,1.7640616905754853,1.9312526090757642,1.8421102242026353,1.5142259949511832,0.9977385456831002,0.38058818311512915,0.36904611638831053,0.9634591298615388,1.441955271056724,1.726561044320462,1.7802842891168464,1.5983490542300909,1.2081931147709624,0.6708235542956138,1,Mammalian
9.11,8.870610793367113,8.174667998711227,7.086496410100017,5.705740855593701,4.156949295115308,2.576879452465428,1.1029672910074502,0.23152745836877658,1.1320248934630532,1.716032529419755,1.9255737713294405,1.7856480786035904,1.3596900734641653,0.746301746129003,0.2420866891394235,0.7738862965578339,1.3587258303461425,1.7640616905754853,1.9312526090757642,1.8421102242026353,1.5142259949511832,0.9977385456831002,0.38058818311512915,0.36904611638831053,0.9634591298615388,1.441955271056724,1.726561044320462,1.7802842891168464,1.5983490542300909,1.2081931147709624,0.6708235542956138,0,E_coli
9.11,8.870610793367113,8.174667998711227,7.086496410100017,5.705740855593701,4.156949295115308,2.576879452465428,1.1029672910074502,0.23152745836877658,1.1320248934630532,1.716032529419755,1.9255737713294405,1.7856480786035904,1.3596900734641653,0.746301746129003,0.2420866891394235,0.7738862965578339,1.3587258303461425,1.7640616905754853,1.9312526090757642,1.8421102242026353,1.5142259949511832,0.9977385456831002,0.38058818311512915,0.36904611638831053,0.9634591298615388,1.441955271056724,1.726561044320462,1.7802842891168464,1.5983490542300909,1.2081931147709624,0.6708235542956138,2,Yeast
10.5,10.140610576713181,9.104774410039312,7.513788049301063,5.551625400223067,3.44038063819665,1.4109250004052882,0.32716812099474973,1.611795157198168,2.348177190220968,2.518155906440389,2.179816083728851,1.4595378920571083,0.5761105676317523,0.6703397637587133,1.4997270479734335,2.115892246783848,2.3931033965526782,2.3009840446907557,1.875020757952284,1.205151980096061,0.42888529299238526,0.411997237865371,1.0287330626544506,1.4184908780928174,1.515583132560341,1.3203510742043647,0.894130924082656,0.41858483264221213,0.5790828368167238,1.0884451113515792,1.4646669230091316,0,E_coli
10.5,10.140610576713181,9.104774410039312,7.513788049301063,5.551625400223067,3.44038063819665,1.4109250004052882,0.32716812099474973,1.611795157198168,2.348177190220968,2.518155906440389,2.179816083728851,1.4595378920571083,0.5761105676317523,0.6703397637587133,1.4997270479734335,2.115892246783848,2.3931033965526782,2.3009840446907557,1.875020757952284,1.205151980096061,0.42888529299238526,0.411997237865371,1.0287330626544506,1.4184908780928174,1.515583132560341,1.3203510742043647,0.894130924082656,0.41858483264221213,0.5790828368167238,1.0884451113515792,1.4646669230091316,1,Mammalian
10.5,10.140610576713181,9.104774410039312,7.513788049301063,5.551625400223067,3.44038063819665,1.4109250004052882,0.32716812099474973,1.611795157198168,2.348177190220968,2.518155906440389,2.179816083728851,1.4595378920571083,0.5761105676317523,0.6703397637587133,1.4997270479734335,2.115892246783848,2.3931033965526782,2.3009840446907557,1.875020757952284,1.205151980096061,0.42888529299238526,0.411997237865371,1.0287330626544506,1.4184908780928174,1.515583132560341,1.3203510742043647,0.894130924082656,0.41858483264221213,0.5790828368167238,1.0884451113515792,1.4646669230091316,2,Yeast
13.31,12.54997309009157,10.427456292702658,7.376699857362619,4.004074843315944,0.9621667051142114,1.3607047993581147,2.5166152905676786,2.603186328256203,1.8860092407687734,0.8785442082746625,0.7390183098550994,1.2095299517853606,1.161784872066465,0.5272317607422352,0.5461202661896105,1.619413474070165,2.4081953506183877,2.6546879937923196,2.2833998607385717,1.4261285005729833,0.5630342182116513,1.0416539225683181,1.6557621769911497,1.7445976442664333,1.2629299504504565,0.3675925629661771,0.6576471168439254,1.492842739444431,1.8794983620585888,1.6982605589885555,1.0049405152202349,1,Mammalian
13.31,12.54997309009157,10.427456292702658,7.376699857362619,4.004074843315944,0.9621667051142114,1.3607047993581147,2.5166152905676786,2.603186328256203,1.8860092407687734,0.8785442082746625,0.7390183098550994,1.2095299517853606,1.161784872066465,0.5272317607422352,0.5461202661896105,1.619413474070165,2.4081953506183877,2.6546879937923196,2.2833998607385717,1.4261285005729833,0.5630342182116513,1.0416539225683181,1.6557621769911497,1.7445976442664333,1.2629299504504565,0.3675925629661771,0.6576471168439254,1.492842739444431,1.8794983620585888,1.6982605589885555,1.0049405152202349,2,Yeast
13.31,12.54997309009157,10.427456292702658,7.376699857362619,4.004074843315944,0.9621667051142114,1.3607047993581147,2.5166152905676786,2.603186328256203,1.8860092407687734,0.8785442082746625,0.7390183098550994,1.2095299517853606,1.161784872066465,0.5272317607422352,0.5461202661896105,1.619413474070165,2.4081953506183877,2.6546879937923196,2.2833998607385717,1.4261285005729833,0.5630342182116513,1.0416539225683181,1.6557621769911497,1.7445976442664333,1.2629299504504565,0.3675925629661771,0.6576471168439254,1.492842739444431,1.8794983620585888,1.6982605589885555,1.0049405152202349,0,E_coli
10.989999999999998,10.536098591200236,9.239819175058722,7.2867143903311336,4.9525855409238035,2.5632981678923503,0.5560750079099297,1.360065182024027,2.335427371396016,2.629700238308704,2.2962302386375377,1.49824453566922,0.4642190379376757,0.5827101867824477,1.3986281888385463,1.8504298524510434,1.8742731924668827,1.500920813302592,0.8423999677459808,0.1174967352847118,0.6903142899742779,1.2073677219881058,1.4139989162458801,1.2834724602690613,0.8885825751916875,0.5241869271760221,0.8137603870512595,1.3168689413135848,1.632012048272319,1.640069988556087,1.3225927075298627,0.738708864961966,0,E_coli
10.989999999999998,10.536098591200236,9.239819175058722,7.2867143903311336,4.9525855409238035,2.5632981678923503,0.5560750079099297,1.360065182024027,2.335427371396016,2.629700238308704,2.2962302386375377,1.49824453566922,0.4642190379376757,0.5827101867824477,1.3986281888385463,1.8504298524510434,1.8742731924668827,1.500920813302592,0.8423999677459808,0.1174967352847118,0.6903142899742779,1.2073677219881058,1.4139989162458801,1.2834724602690613,0.8885825751916875,0.5241869271760221,0.8137603870512595,1.3168689413135848,1.632012048272319,1.640069988556087,1.3225927075298627,0.738708864961966,1,Mammalian
10.989999999999998,10.536098591200236,9.239819175058722,7.2867143903311336,4.9525855409238035,2.5632981678923503,0.5560750079099297,1.360065182024027,2.335427371396016,2.629700238308704,2.2962302386375377,1.49824453566922,0.4642190379376757,0.5827101867824477,1.3986281888385463,1.8504298524510434,1.8742731924668827,1.500920813302592,0.8423999677459808,0.1174967352847118,0.6903142899742779,1.2073677219881058,1.4139989162458801,1.2834724602690613,0.8885825751916875,0.5241869271760221,0.8137603870512595,1.3168689413135848,1.632012048272319,1.640069988556087,1.3225927075298627,0.738708864961966,2,Yeast
33.55,16.870799558840613,6.922554426573524,6.305018530739715,4.881584040291947,2.7904754732893595,3.8187817502256673,1.3430464524944352,1.79743553065612,2.5842814858115113,2.8600424415834884,1.833939575013577,1.910078989405307,0.9218335552393212,0.5735834448142433,1.707411572069869,1.790670265570966,2.886293253493299,1.7329177376633949,2.7055651889235994,1.2400125266995248,1.6742272492617432,2.14481368689354,2.3795808489919485,1.3764539633184067,1.9656187770069178,3.0404186273540184,1.0142909366765773,0.9481057142679876,0.5282570658584836,1.1116340912779417,1.8774843394927763,0,E_coli
33.55,16.870799558840613,6.922554426573524,6.305018530739715,4.881584040291947,2.7904754732893595,3.8187817502256673,1.3430464524944352,1.79743553065612,2.5842814858115113,2.8600424415834884,1.833939575013577,1.910078989405307,0.9218335552393212,0.5735834448142433,1.707411572069869,1.790670265570966,2.886293253493299,1.7329177376633949,2.7055651889235994,1.2400125266995248,1.6742272492617432,2.14481368689354,2.3795808489919485,1.3764539633184067,1.9656187770069178,3.0404186273540184,1.0142909366765773,0.9481057142679876,0.5282570658584836,1.1116340912779417,1.8774843394927763,1,Mammalian
33.55,16.870799558840613,6.922554426573524,6.305018530739715,4.881584040291947,2.7904754732893595,3.8187817502256673,1.3430464524944352,1.79743553065612,2.5842814858115113,2.8600424415834884,1.833939575013577,1.910078989405307,0.9218335552393212,0.5735834448142433,1.707411572069869,1.790670265570966,2.886293253493299,1.7329177376633949,2.7055651889235994,1.2400125266995248,1.6742272492617432,2.14481368689354,2.3795808489919485,1.3764539633184067,1.9656187770069178,3.0404186273540184,1.0142909366765773,0.9481057142679876,0.5282570658584836,1.1116340912779417,1.8774843394927763,2,Yeast
33.53,16.854291146424515,6.92898485344058,6.301519973846498,4.898951255818723,2.810252146565934,3.8049594581171453,1.3455259702785765,1.803521730954689,2.6041783410481605,2.8800004867585245,1.827717953455528,1.912148656093435,0.9117591714188197,0.5817663513735999,1.7274039562160513,1.775978603474714,2.879322682510988,1.7160220684326868,2.6858463823280863,1.259964914042899,1.682852004132426,2.1302524941034853,2.3745425205130877,1.3702223782927359,1.9848068590438368,3.054989700061988,1.003836296516312,0.9444853230691819,0.5330757945169399,1.1177334369558243,1.8942553716901012,0,E_coli
33.53,16.854291146424515,6.92898485344058,6.301519973846498,4.898951255818723,2.810252146565934,3.8049594581171453,1.3455259702785765,1.803521730954689,2.6041783410481605,2.8800004867585245,1.827717953455528,1.912148656093435,0.9117591714188197,0.5817663513735999,1.7274039562160513,1.775978603474714,2.879322682510988,1.7160220684326868,2.6858463823280863,1.259964914042899,1.682852004132426,2.1302524941034853,2.3745425205130877,1.3702223782927359,1.9848068590438368,3.054989700061988,1.003836296516312,0.9444853230691819,0.5330757945169399,1.1177334369558243,1.8942553716901012,2,Yeast
33.53,16.854291146424515,6.92898485344058,6.301519973846498,4.898951255818723,2.810252146565934,3.8049594581171453,1.3455259702785765,1.803521730954689,2.6041783410481605,2.8800004867585245,1.827717953455528,1.912148656093435,0.9117591714188197,0.5817663513735999,1.7274039562160513,1.775978603474714,2.879322682510988,1.7160220684326868,2.6858463823280863,1.259964914042899,1.682852004132426,2.1302524941034853,2.3745425205130877,1.3702223782927359,1.9848068590438368,3.054989700061988,1.003836296516312,0.9444853230691819,0.5330757945169399,1.1177334369558243,1.8942553716901012,1,Mammalian
34.11,17.336020694677767,6.76406409634449,6.427518187772473,4.404380108221683,2.238340474561137,4.225927855302108,1.393526320434535,1.71520330175874,2.027993551216235,2.3015129279856175,2.079907424018157,1.936930846277776,1.3006928833250844,0.6237648789799063,1.1477325620895542,2.235732542143625,3.1274268223323145,2.2269764206206197,3.2590834062546254,0.6824782454004024,1.5222106569706895,2.582252410461577,2.5802876586725634,1.6427652399645891,1.4373679498771532,2.661217685140025,1.394400350259146,1.1897723326729366,0.6787163071981911,1.0861837889392867,1.4417282466635786,2,Yeast
34.11,17.336020694677767,6.76406409634449,6.427518187772473,4.404380108221683,2.238340474561137,4.225927855302108,1.393526320434535,1.71520330175874,2.027993551216235,2.3015129279856175,2.079907424018157,1.936930846277776,1.3006928833250844,0.6237648789799063,1.1477325620895542,2.235732542143625,3.1274268223323145,2.2269764206206197,3.2590834062546254,0.6824782454004024,1.5222106569706895,2.582252410461577,2.5802876586725634,1.6427652399645891,1.4373679498771532,2.661217685140025,1.394400350259146,1.1897723326729366,0.6787163071981911,1.0861837889392867,1.4417282466635786,1,Mammalian
34.11,17.336020694677767,6.76406409634449,6.427518187772473,4.404380108221683,2.238340474561137,4.225927855302108,1.393526320434535,1.71520330175874,2.027993551216235,2.3015129279856175,2.079907424018157,1.936930846277776,1.3006928833250844,0.6237648789799063,1.1477325620895542,2.235732542143625,3.1274268223323145,2.2269764206206197,3.2590834062546254,0.6824782454004024,1.5222106569706895,2.582252410461577,2.5802876586725634,1.6427652399645891,1.4373679498771532,2.661217685140025,1.394400350259146,1.1897723326729366,0.6787163071981911,1.0861837889392867,1.4417282466635786,0,E_coli
33.900000000000006,17.16089923669215,6.818541769175256,6.376095261694683,4.581135352123333,2.4449718940455463,4.06899270948384,1.3478176503793424,1.7253237121050489,2.2363844038033136,2.5108847318077245,1.9726909779800843,1.907737886661009,1.1412899058936616,0.5413417388465219,1.3575811669895452,2.0622802913280225,3.027128566824938,2.037711079450617,3.051236884837992,0.8911913358209952,1.5575115195194915,2.4122814618927326,2.492203770214161,1.5243549745541725,1.6329844092273496,2.7963108314168608,1.2359267775988436,1.0715936936552046,0.5648501694223867,1.0617301431770767,1.5960789462484328,1,Mammalian
33.900000000000006,17.16089923669215,6.818541769175256,6.376095261694683,4.581135352123333,2.4449718940455463,4.06899270948384,1.3478176503793424,1.7253237121050489,2.2363844038033136,2.5108847318077245,1.9726909779800843,1.907737886661009,1.1412899058936616,0.5413417388465219,1.3575811669895452,2.0622802913280225,3.027128566824938,2.037711079450617,3.051236884837992,0.8911913358209952,1.5575115195194915,2.4122814618927326,2.492203770214161,1.5243549745541725,1.6329844092273496,2.7963108314168608,1.2359267775988436,1.0715936936552046,0.5648501694223867,1.0617301431770767,1.5960789462484328,2,Yeast
33.900000000000006,17.16089923669215,6.818541769175256,6.376095261694683,4.581135352123333,2.4449718940455463,4.06899270948384,1.3478176503793424,1.7253237121050489,2.2363844038033136,2.5108847318077245,1.9726909779800843,1.907737886661009,1.1412899058936616,0.5413417388465219,1.3575811669895452,2.0622802913280225,3.027128566824938,2.037711079450617,3.051236884837992,0.8911913358209952,1.5575115195194915,2.4122814618927326,2.492203770214161,1.5243549745541725,1.6329844092273496,2.7963108314168608,1.2359267775988436,1.0715936936552046,0.5648501694223867,1.0617301431770767,1.5960789462484328,0,E_coli
33.769999999999996,17.052885460297848,6.855273544883056,6.347535764925166,4.691928754087208,2.5731599259064546,3.974298354831073,1.335381510677567,1.7442754564852456,2.365530896663577,2.6405458471466416,1.9148708275994657,1.9011006381072941,1.0515572211973734,0.527069876281719,1.4875088604098046,1.9584943196241331,2.9707868876252745,1.9227057739740256,2.9227242795153887,1.0206592799021847,1.5929039644965344,2.3103628379228702,2.445135211741838,1.4614045065973988,1.7557463294804236,2.884434504786388,1.1461556781046578,1.013447366520464,0.5249747630643202,1.06721873939514,1.6976253401568517,0,E_coli
33.769999999999996,17.052885460297848,6.855273544883056,6.347535764925166,4.691928754087208,2.5731599259064546,3.974298354831073,1.335381510677567,1.7442754564852456,2.365530896663577,2.6405458471466416,1.9148708275994657,1.9011006381072941,1.0515572211973734,0.527069876281719,1.4875088604098046,1.9584943196241331,2.9707868876252745,1.9227057739740256,2.9227242795153887,1.0206592799021847,1.5929039644965344,2.3103628379228702,2.445135211741838,1.4614045065973988,1.7557463294804236,2.884434504786388,1.1461556781046578,1.013447366520464,0.5249747630643202,1.06721873939514,1.6976253401568517,1,Mammalian
33.769999999999996,17.052885460297848,6.855273544883056,6.347535764925166,4.691928754087208,2.5731599259064546,3.974298354831073,1.335381510677567,1.7442754564852456,2.365530896663577,2.6405458471466416,1.9148708275994657,1.9011006381072941,1.0515572211973734,0.527069876281719,1.4875088604098046,1.9584943196241331,2.9707868876252745,1.9227057739740256,2.9227242795153887,1.0206592799021847,1.5929039644965344,2.3103628379228702,2.445135211741838,1.4614045065973988,1.7557463294804236,2.884434504786388,1.1461556781046578,1.013447366520464,0.5249747630643202,1.06721873939514,1.6976253401568517,2,Yeast
34.25,17.453195909896433,6.7311413539683285,6.465363323080893,4.288209356656377,2.100957343288019,4.333048497744825,1.4402954779455142,1.7227040768044997,1.8892643026430305,2.1619994230321735,2.1597881897091358,1.968635553533469,1.414322521571498,0.708592822620846,1.0078685298645302,2.3546761985462017,3.2002071768893754,2.355107004176918,3.3977948824607584,0.543886870326063,1.5144792453847913,2.6986993073139547,2.646649626915152,1.7313840312770459,1.3094346051013848,2.5767349693434167,1.5070646618335506,1.2816870301035266,0.7772103319974482,1.124193684811606,1.3472151128436725,1,Mammalian
34.25,17.453195909896433,6.7311413539683285,6.465363323080893,4.288209356656377,2.100957343288019,4.333048497744825,1.4402954779455142,1.7227040768044997,1.8892643026430305,2.1619994230321735,2.1597881897091358,1.968635553533469,1.414322521571498,0.708592822620846,1.0078685298645302,2.3546761985462017,3.2002071768893754,2.355107004176918,3.3977948824607584,0.543886870326063,1.5144792453847913,2.6986993073139547,2.646649626915152,1.7313840312770459,1.3094346051013848,2.5767349693434167,1.5070646618335506,1.2816870301035266,0.7772103319974482,1.124193684811606,1.3472151128436725,0,E_coli
34.25,17.453195909896433,6.7311413539683285,6.465363323080893,4.288209356656377,2.100957343288019,4.333048497744825,1.4402954779455142,1.7227040768044997,1.8892643026430305,2.1619994230321735,2.1597881897091358,1.968635553533469,1.414322521571498,0.708592822620846,1.0078685298645302,2.3546761985462017,3.2002071768893754,2.355107004176918,3.3977948824607584,0.543886870326063,1.5144792453847913,2.6986993073139547,2.646649626915152,1.7313840312770459,1.3094346051013848,2.5767349693434167,1.5070646618335506,1.2816870301035266,0.7772103319974482,1.124193684811606,1.3472151128436725,2,Yeast
33.82,17.094392992656097,6.840876924732149,6.358220821697382,4.649198185955654,2.5238349002398133,4.0104851773902235,1.338685127735032,1.7358590093077662,2.315847865875367,2.5906721677408617,1.9362809467984636,1.9026052646650422,1.0851052399188879,0.5288358496922121,1.4375351234024714,1.9980490484470077,2.9919139057688366,1.966717534033322,2.9721368944237003,0.9708470889032788,1.5781185240671343,2.34923425821785,2.4625329016302078,1.4845852955640704,1.7084034785497118,2.8501615423679825,1.1797965178382275,1.0342656160501273,0.5369476829061731,1.0632316914585416,1.6580988737714712,2,Yeast
33.82,17.094392992656097,6.840876924732149,6.358220821697382,4.649198185955654,2.5238349002398133,4.0104851773902235,1.338685127735032,1.7358590093077662,2.315847865875367,2.5906721677408617,1.9362809467984636,1.9026052646650422,1.0851052399188879,0.5288358496922121,1.4375351234024714,1.9980490484470077,2.9919139057688366,1.966717534033322,2.9721368944237003,0.9708470889032788,1.5781185240671343,2.34923425821785,2.4625329016302078,1.4845852955640704,1.7084034785497118,2.8501615423679825,1.1797965178382275,1.0342656160501273,0.5369476829061731,1.0632316914585416,1.6580988737714712,1,Mammalian
33.82,17.094392992656097,6.840876924732149,6.358220821697382,4.649198185955654,2.5238349002398133,4.0104851773902235,1.338685127735032,1.7358590093077662,2.315847865875367,2.5906721677408617,1.9362809467984636,1.9026052646650422,1.0851052399188879,0.5288358496922121,1.4375351234024714,1.9980490484470077,2.9919139057688366,1.966717534033322,2.9721368944237003,0.9708470889032788,1.5781185240671343,2.34923425821785,2.4625329016302078,1.4845852955640704,1.7084034785497118,2.8501615423679825,1.1797965178382275,1.0342656160501273,0.5369476829061731,1.0632316914585416,1.6580988737714712,0,E_coli
34.06,17.294254660463505,6.776484440718308,6.414688482201134,4.446202401919623,2.2874827825977135,4.1881406725854555,1.3798846015462152,1.715287945001059,2.077581028255006,2.351353195047731,2.0529396664155906,1.9279465621077698,1.2613965215131353,0.5985130932676073,1.1976917019260704,2.193855054464627,3.1025512793823298,2.181569071241883,3.2095707102038498,0.7321050819816012,1.5280740323361577,2.541240318074084,2.5580270353509653,1.612881665136671,1.4835866510916293,2.6925120542925884,1.3553985951561152,1.159279260470796,0.6472569144728242,1.0767030376797795,1.4772339887668717,2,Yeast
34.06,17.294254660463505,6.776484440718308,6.414688482201134,4.446202401919623,2.2874827825977135,4.1881406725854555,1.3798846015462152,1.715287945001059,2.077581028255006,2.351353195047731,2.0529396664155906,1.9279465621077698,1.2613965215131353,0.5985130932676073,1.1976917019260704,2.193855054464627,3.1025512793823298,2.181569071241883,3.2095707102038498,0.7321050819816012,1.5280740323361577,2.541240318074084,2.5580270353509653,1.612881665136671,1.4835866510916293,2.6925120542925884,1.3553985951561152,1.159279260470796,0.6472569144728242,1.0767030376797795,1.4772339887668717,1,Mammalian
34.06,17.294254660463505,6.776484440718308,6.414688482201134,4.446202401919623,2.2874827825977135,4.1881406725854555,1.3798846015462152,1.715287945001059,2.077581028255006,2.351353195047731,2.0529396664155906,1.9279465621077698,1.2613965215131353,0.5985130932676073,1.1976917019260704,2.193855054464627,3.1025512793823298,2.181569071241883,3.2095707102038498,0.7321050819816012,1.5280740323361577,2.541240318074084,2.5580270353509653,1.612881665136671,1.4835866510916293,2.6925120542925884,1.3553985951561152,1.159279260470796,0.6472569144728242,1.0767030376797795,1.4772339887668717,0,E_coli
33.84,17.111008722267155,6.835212197803116,6.362599838874905,4.632146706208532,2.5041123863396284,4.025042724743202,1.340526578655844,1.7328849797474128,2.2959785068252048,2.570724070108777,1.945138903099743,1.90357454697703,1.098874741996676,0.5308608447551082,1.4175461472216682,2.0140009930484126,3.000556357522984,1.9844016742672166,2.99190740519236,0.9509277321566452,1.572610597179687,2.364899926600725,2.469741105212425,1.4942254337836065,1.689509205164466,2.836583187510969,1.1935738844009074,1.043147776912774,0.5429535331019187,1.0622918367962957,1.6424481444070143,2,Yeast
33.84,17.111008722267155,6.835212197803116,6.362599838874905,4.632146706208532,2.5041123863396284,4.025042724743202,1.340526578655844,1.7328849797474128,2.2959785068252048,2.570724070108777,1.945138903099743,1.90357454697703,1.098874741996676,0.5308608447551082,1.4175461472216682,2.0140009930484126,3.000556357522984,1.9844016742672166,2.99190740519236,0.9509277321566452,1.572610597179687,2.364899926600725,2.469741105212425,1.4942254337836065,1.689509205164466,2.836583187510969,1.1935738844009074,1.043147776912774,0.5429535331019187,1.0622918367962957,1.6424481444070143,0,E_coli
33.84,17.111008722267155,6.835212197803116,6.362599838874905,4.632146706208532,2.5041123863396284,4.025042724743202,1.340526578655844,1.7328849797474128,2.2959785068252048,2.570724070108777,1.945138903099743,1.90357454697703,1.098874741996676,0.5308608447551082,1.4175461472216682,2.0140009930484126,3.000556357522984,1.9844016742672166,2.99190740519236,0.9509277321566452,1.572610597179687,2.364899926600725,2.469741105212425,1.4942254337836065,1.689509205164466,2.836583187510969,1.1935738844009074,1.043147776912774,0.5429535331019187,1.0622918367962957,1.6424481444070143,1,Mammalian
33.620000000000005,16.928638300998742,6.900457245914627,6.317746836936253,4.820959491308891,2.7212828236253057,3.867585238705389,1.336690503662358,1.7777423806059265,2.514655379697477,2.7901940150125943,1.857247810810821,1.9044721487736285,0.9595468788501611,0.5497349817643538,1.6374396923683687,1.8428781837115535,2.911640854938375,1.792555828159864,2.7746127114772836,1.1701919725010395,1.6455995662443572,2.1964519051112767,2.3984453172764497,1.4002971213987303,1.8985924674278194,2.9899142457316206,1.053058347527131,0.9639430300585244,0.5171610628061929,1.0929036836332975,1.8192997434628526,1,Mammalian
33.620000000000005,16.928638300998742,6.900457245914627,6.317746836936253,4.820959491308891,2.7212828236253057,3.867585238705389,1.336690503662358,1.7777423806059265,2.514655379697477,2.7901940150125943,1.857247810810821,1.9044721487736285,0.9595468788501611,0.5497349817643538,1.6374396923683687,1.8428781837115535,2.911640854938375,1.792555828159864,2.7746127114772836,1.1701919725010395,1.6455995662443572,2.1964519051112767,2.3984453172764497,1.4002971213987303,1.8985924674278194,2.9899142457316206,1.053058347527131,0.9639430300585244,0.5171610628061929,1.0929036836332975,1.8192997434628526,0,E_coli
33.620000000000005,16.928638300998742,6.900457245914627,6.317746836936253,4.820959491308891,2.7212828236253057,3.867585238705389,1.336690503662358,1.7777423806059265,2.514655379697477,2.7901940150125943,1.857247810810821,1.9044721487736285,0.9595468788501611,0.5497349817643538,1.6374396923683687,1.8428781837115535,2.911640854938375,1.792555828159864,2.7746127114772836,1.1701919725010395,1.6455995662443572,2.1964519051112767,2.3984453172764497,1.4002971213987303,1.8985924674278194,2.9899142457316206,1.053058347527131,0.9639430300585244,0.5171610628061929,1.0929036836332975,1.8192997434628526,2,Yeast
33.760000000000005,17.04458942506305,6.858192985790183,6.34544387264687,4.700492076969998,2.5830280456114663,3.967097002121606,1.334944553390743,1.7461256946958847,2.375469098958789,2.6505211542107388,1.9107170284170298,1.9009573916393097,1.045005469365077,0.5272852303985149,1.497503818210176,1.9506409203131152,2.966644554731311,1.9139387190275572,2.9128441621624024,1.0306239007388394,1.5960325914372067,2.3026400959396907,2.441763663034878,1.4569300114702874,1.7652324830108428,2.891344104627477,1.1395716043501682,1.0095293976601212,0.5231210561520777,1.0682952210484815,1.7055966051827012,2,Yeast
33.760000000000005,17.04458942506305,6.858192985790183,6.34544387264687,4.700492076969998,2.5830280456114663,3.967097002121606,1.334944553390743,1.7461256946958847,2.375469098958789,2.6505211542107388,1.9107170284170298,1.9009573916393097,1.045005469365077,0.5272852303985149,1.497503818210176,1.9506409203131152,2.966644554731311,1.9139387190275572,2.9128441621624024,1.0306239007388394,1.5960325914372067,2.3026400959396907,2.441763663034878,1.4569300114702874,1.7652324830108428,2.891344104627477,1.1395716043501682,1.0095293976601212,0.5231210561520777,1.0682952210484815,1.7055966051827012,1,Mammalian
33.760000000000005,17.04458942506305,6.858192985790183,6.34544387264687,4.700492076969998,2.5830280456114663,3.967097002121606,1.334944553390743,1.7461256946958847,2.375469098958789,2.6505211542107388,1.9107170284170298,1.9009573916393097,1.045005469365077,0.5272852303985149,1.497503818210176,1.9506409203131152,2.966644554731311,1.9139387190275572,2.9128441621624024,1.0306239007388394,1.5960325914372067,2.3026400959396907,2.441763663034878,1.4569300114702874,1.7652324830108428,2.891344104627477,1.1395716043501682,1.0095293976601212,0.5231210561520777,1.0682952210484815,1.7055966051827012,0,E_coli
33.980000000000004,17.227520234683592,6.7970748573664,6.394920605835903,4.513464130427426,2.366185225563887,4.128221406562226,1.3615972114135753,1.7184520135601549,2.15696060818688,2.4311112669195456,2.0116250854155924,1.916199596929425,1.2001799518780927,0.5650083189786393,1.2776329750415922,2.1275807857752413,3.064027725175193,2.109349432397934,3.1303826180831544,0.8116033046093691,1.5407875229466261,2.4763081599022176,2.5240623948167493,1.5672021813062431,1.5580223734075307,2.7437360868358085,1.2945694943372164,1.1134274668875652,0.6021616175203215,1.066245827255535,1.5357226735686342,0,E_coli
33.980000000000004,17.227520234683592,6.7970748573664,6.394920605835903,4.513464130427426,2.366185225563887,4.128221406562226,1.3615972114135753,1.7184520135601549,2.15696060818688,2.4311112669195456,2.0116250854155924,1.916199596929425,1.2001799518780927,0.5650083189786393,1.2776329750415922,2.1275807857752413,3.064027725175193,2.109349432397934,3.1303826180831544,0.8116033046093691,1.5407875229466261,2.4763081599022176,2.5240623948167493,1.5672021813062431,1.5580223734075307,2.7437360868358085,1.2945694943372164,1.1134274668875652,0.6021616175203215,1.066245827255535,1.5357226735686342,2,Yeast
33.980000000000004,17.227520234683592,6.7970748573664,6.394920605835903,4.513464130427426,2.366185225563887,4.128221406562226,1.3615972114135753,1.7184520135601549,2.15696060818688,2.4311112669195456,2.0116250854155924,1.916199596929425,1.2001799518780927,0.5650083189786393,1.2776329750415922,2.1275807857752413,3.064027725175193,2.109349432397934,3.1303826180831544,0.8116033046093691,1.5407875229466261,2.4763081599022176,2.5240623948167493,1.5672021813062431,1.5580223734075307,2.7437360868358085,1.2945694943372164,1.1134274668875652,0.6021616175203215,1.066245827255535,1.5357226735686342,1,Mammalian
34.0,17.24419325867596,6.7918447645912945,6.399774546585954,4.496609588590076,2.346501387476227,4.143137646704498,1.365752760565765,1.7173121951899724,2.1371113754771227,2.411170246181854,2.0217361182138993,1.9188304140908756,1.2152794879322757,0.5725209874663905,1.2576469565823574,2.1440615662802203,3.0735086685709754,2.127352150942083,3.1501757947212203,0.7917192720942557,1.5372287419984123,2.4924590599747165,2.5323593362895123,1.5783658714796756,1.5393611093090358,2.7308004460746544,1.3095835100096442,1.1245321889364368,0.6127677688523095,1.068308233115376,1.5209168820078947,0,E_coli
34.0,17.24419325867596,6.7918447645912945,6.399774546585954,4.496609588590076,2.346501387476227,4.143137646704498,1.365752760565765,1.7173121951899724,2.1371113754771227,2.411170246181854,2.0217361182138993,1.9188304140908756,1.2152794879322757,0.5725209874663905,1.2576469565823574,2.1440615662802203,3.0735086685709754,2.127352150942083,3.1501757947212203,0.7917192720942557,1.5372287419984123,2.4924590599747165,2.5323593362895123,1.5783658714796756,1.5393611093090358,2.7308004460746544,1.3095835100096442,1.1245321889364368,0.6127677688523095,1.068308233115376,1.5209168820078947,1,Mammalian
34.0,17.24419325867596,6.7918447645912945,6.399774546585954,4.496609588590076,2.346501387476227,4.143137646704498,1.365752760565765,1.7173121951899724,2.1371113754771227,2.411170246181854,2.0217361182138993,1.9188304140908756,1.2152794879322757,0.5725209874663905,1.2576469565823574,2.1440615662802203,3.0735086685709754,2.127352150942083,3.1501757947212203,0.7917192720942557,1.5372287419984123,2.4924590599747165,2.5323593362895123,1.5783658714796756,1.5393611093090358,2.7308004460746544,1.3095835100096442,1.1245321889364368,0.6127677688523095,1.068308233115376,1.5209168820078947,2,Yeast
34.010000000000005,17.252532422680204,6.789250301111166,6.402223566326145,4.488192003465628,2.3366614819659652,4.150611804121271,1.3679354595246442,1.7168293747975736,2.127187818260442,2.401200103705939,2.0268467271600152,1.920222588509987,1.2228820025817502,0.5765008424770101,1.2476541153879475,2.1523243250030877,3.078286918620529,2.1363668334811132,3.1600733596979413,0.7817794744566801,1.5355439467514538,2.5005553777262994,2.53655676571114,1.5840129096166393,1.530043162548201,2.7243646520463733,1.3171402228690428,1.1301763596542937,0.6182452595928345,1.0694782089146202,1.5135587791389298,1,Mammalian
34.16,17.377830209540768,6.75199117472882,6.440710503089543,4.362729933947535,2.1892370085114528,4.263966484750084,1.408811448669861,1.7165756605702562,1.9784268393307203,2.2516797435489546,2.1077164209231607,1.9471579956905178,1.3407023416775279,0.6518798399129048,1.0977771428203162,2.2779376637651856,3.152899081304421,2.272576586916551,3.308610758921342,0.6329101514641203,1.5179724371971288,2.6235763126815996,2.6033183611324655,1.6736092738562922,1.3914107572427439,2.6305014679511527,1.4340848377465287,1.22155147391761,0.712299191337895,1.0978620201829306,1.4071035558505252,1,Mammalian
34.16,17.377830209540768,6.75199117472882,6.440710503089543,4.362729933947535,2.1892370085114528,4.263966484750084,1.408811448669861,1.7165756605702562,1.9784268393307203,2.2516797435489546,2.1077164209231607,1.9471579956905178,1.3407023416775279,0.6518798399129048,1.0977771428203162,2.2779376637651856,3.152899081304421,2.272576586916551,3.308610758921342,0.6329101514641203,1.5179724371971288,2.6235763126815996,2.6033183611324655,1.6736092738562922,1.3914107572427439,2.6305014679511527,1.4340848377465287,1.22155147391761,0.712299191337895,1.0978620201829306,1.4071035558505252,0,E_coli
34.16,17.377830209540768,6.75199117472882,6.440710503089543,4.362729933947535,2.1892370085114528,4.263966484750084,1.408811448669861,1.7165756605702562,1.9784268393307203,2.2516797435489546,2.1077164209231607,1.9471579956905178,1.3407023416775279,0.6518798399129048,1.0977771428203162,2.2779376637651856,3.152899081304421,2.272576586916551,3.308610758921342,0.6329101514641203,1.5179724371971288,2.6235763126815996,2.6033183611324655,1.6736092738562922,1.3914107572427439,2.6305014679511527,1.4340848377465287,1.22155147391761,0.712299191337895,1.0978620201829306,1.4071035558505252,2,Yeast
34.519999999999996,17.680114295502133,6.6754850938012495,6.546192499761566,4.068405156369703,1.8371202995326352,4.544689932879775,1.5622916377716964,1.768655237622283,1.62233170011949,1.8931405172991633,2.3299215790538623,2.0554880174789556,1.6449876817650102,0.9114675946101912,0.738276322300091,2.5900193049473588,3.352638669672929,2.6056674719328385,3.6655865548307394,0.28058141665711034,1.5359259677909523,2.9291046071786733,2.7900569030706457,1.9196506584353474,1.0712629247927905,2.4283406866149075,1.735620239057621,1.4803791954264747,0.9956471195722298,1.2395736032203797,1.190517950488771,2,Yeast
34.519999999999996,17.680114295502133,6.6754850938012495,6.546192499761566,4.068405156369703,1.8371202995326352,4.544689932879775,1.5622916377716964,1.768655237622283,1.62233170011949,1.8931405172991633,2.3299215790538623,2.0554880174789556,1.6449876817650102,0.9114675946101912,0.738276322300091,2.5900193049473588,3.352638669672929,2.6056674719328385,3.6655865548307394,0.28058141665711034,1.5359259677909523,2.9291046071786733,2.7900569030706457,1.9196506584353474,1.0712629247927905,2.4283406866149075,1.735620239057621,1.4803791954264747,0.9956471195722298,1.2395736032203797,1.190517950488771,0,E_coli
34.519999999999996,17.680114295502133,6.6754850938012495,6.546192499761566,4.068405156369703,1.8371202995326352,4.544689932879775,1.5622916377716964,1.768655237622283,1.62233170011949,1.8931405172991633,2.3299215790538623,2.0554880174789556,1.6449876817650102,0.9114675946101912,0.738276322300091,2.5900193049473588,3.352638669672929,2.6056674719328385,3.6655865548307394,0.28058141665711034,1.5359259677909523,2.9291046071786733,2.7900569030706457,1.9196506584353474,1.0712629247927905,2.4283406866149075,1.735620239057621,1.4803791954264747,0.9956471195722298,1.2395736032203797,1.190517950488771,1,Mammalian
34.11,17.336020694677767,6.76406409634449,6.427518187772473,4.404380108221683,2.238340474561137,4.225927855302108,1.393526320434535,1.71520330175874,2.027993551216235,2.3015129279856175,2.079907424018157,1.936930846277776,1.3006928833250844,0.6237648789799063,1.1477325620895542,2.235732542143625,3.1274268223323145,2.2269764206206197,3.2590834062546254,0.6824782454004024,1.5222106569706895,2.582252410461577,2.5802876586725634,1.6427652399645891,1.4373679498771532,2.661217685140025,1.394400350259146,1.1897723326729366,0.6787163071981911,1.0861837889392867,1.4417282466635786,1,Mammalian
34.11,17.336020694677767,6.76406409634449,6.427518187772473,4.404380108221683,2.238340474561137,4.225927855302108,1.393526320434535,1.71520330175874,2.027993551216235,2.3015129279856175,2.079907424018157,1.936930846277776,1.3006928833250844,0.6237648789799063,1.1477325620895542,2.235732542143625,3.1274268223323145,2.2269764206206197,3.2590834062546254,0.6824782454004024,1.5222106569706895,2.582252410461577,2.5802876586725634,1.6427652399645891,1.4373679498771532,2.661217685140025,1.394400350259146,1.1897723326729366,0.6787163071981911,1.0861837889392867,1.4417282466635786,2,Yeast
34.11,17.336020694677767,6.76406409634449,6.427518187772473,4.404380108221683,2.238340474561137,4.225927855302108,1.393526320434535,1.71520330175874,2.027993551216235,2.3015129279856175,2.079907424018157,1.936930846277776,1.3006928833250844,0.6237648789799063,1.1477325620895542,2.235732542143625,3.1274268223323145,2.2269764206206197,3.2590834062546254,0.6824782454004024,1.5222106569706895,2.582252410461577,2.5802876586725634,1.6427652399645891,1.4373679498771532,2.661217685140025,1.394400350259146,1.1897723326729366,0.6787163071981911,1.0861837889392867,1.4417282466635786,0,E_coli
34.35,17.53709742231849,6.709314970652454,6.494108588587326,4.206118895637799,2.0030484160576463,4.410691235341251,1.480918379961979,1.7349722189231447,1.7902931142302567,2.062387287790285,2.2204936976928455,1.996990800297882,1.498222206322724,0.7789949878798277,0.9079913082884988,2.4410038918445003,3.25488466012355,2.4474251228434523,3.4969373848452214,0.44543275191225923,1.5168643500627843,2.7832046754695434,2.697502256435218,1.7986860202839456,1.2196776332746986,2.5194205509639502,1.5902005738430585,1.3523983299339615,0.854683874196373,1.1609578049961928,1.2847990969772272,0,E_coli
34.35,17.53709742231849,6.709314970652454,6.494108588587326,4.206118895637799,2.0030484160576463,4.410691235341251,1.480918379961979,1.7349722189231447,1.7902931142302567,2.062387287790285,2.2204936976928455,1.996990800297882,1.498222206322724,0.7789949878798277,0.9079913082884988,2.4410038918445003,3.25488466012355,2.4474251228434523,3.4969373848452214,0.44543275191225923,1.5168643500627843,2.7832046754695434,2.697502256435218,1.7986860202839456,1.2196776332746986,2.5194205509639502,1.5902005738430585,1.3523983299339615,0.854683874196373,1.1609578049961928,1.2847990969772272,1,Mammalian
34.35,17.53709742231849,6.709314970652454,6.494108588587326,4.206118895637799,2.0030484160576463,4.410691235341251,1.480918379961979,1.7349722189231447,1.7902931142302567,2.062387287790285,2.2204936976928455,1.996990800297882,1.498222206322724,0.7789949878798277,0.9079913082884988,2.4410038918445003,3.25488466012355,2.4474251228434523,3.4969373848452214,0.44543275191225923,1.5168643500627843,2.7832046754695434,2.697502256435218,1.7986860202839456,1.2196776332746986,2.5194205509639502,1.5902005738430585,1.3523983299339615,0.854683874196373,1.1609578049961928,1.2847990969772272,2,Yeast
