p_0,p_1,p_2,p_3,p_4,p_5,p_6,p_7,p_8,p_9,p_10,p_11,p_12,p_13,p_14,p_15,p_16,p_17,p_18,p_19,p_20,p_21,p_22,p_23,p_24,p_25,p_26,p_27,p_28,p_29,p_30,p_31,target,experimental_characteristics
9.65,9.360551879405545,8.525776665646845,7.242613304895362,5.661368325735469,3.9749987087603578,2.4290856690397074,1.4419418774207753,1.5031351364920016,1.9487790604176416,2.162763674119433,2.035250973587562,1.612092654837135,0.9988321473971237,0.33552435815132303,0.34017349343208814,0.781600921186765,1.0044635706711391,0.9776010843159295,0.734852436935738,0.42546920581732706,0.5511057549445775,1.0153180904798942,1.4450303015556532,1.723016181422326,1.7998469100133492,1.6695799836887375,1.3645993879384162,0.948178204495601,0.504850908277498,0.15773309141946823,0.22583130214087613,1,Mammalian
31.630000000000003,22.539863782051704,4.4437437707283465,6.01178952533966,3.4169911857012196,3.215771370407981,3.572022522911655,1.1541016293891233,3.1004842627870515,0.4078075981383562,1.96531841283837,0.11797564651570218,3.044171077723947,2.3511744432489725,1.7179762213237477,3.185080002837768,1.0938464243210733,1.5066606291344844,0.6426442136539802,1.6308663621091788,1.61203584921115,0.8092655152414124,2.3313089379610914,1.9456504134857893,0.8701708661003542,1.7559229995866648,4.154792000371232,3.978797843625292,1.407598702488495,0.9252735458781534,1.655290946975948,1.7597623677148662,1,Mammalian
9.34,9.001589118045688,8.026566434014589,6.530222222782781,4.687787925215496,2.7126281274856807,0.8474419842617016,0.8638520825654489,2.016572365328276,2.664599941797804,2.7715120943377007,2.389263243596205,1.6340516111466474,0.6807251194070576,0.4759912450567088,1.338989248017865,1.991230775173988,2.3104365226468024,2.266216879228059,1.8928164402182612,1.2881832311765913,0.6708461778300663,0.7126467250932116,1.2651744388860746,1.714478315813391,1.9232722003175335,1.8679257161871223,1.5827350439786982,1.14468496243651,0.6616690601150116,0.2903026516460222,0.286783233682961,1,Mammalian
46.89,16.06509130916528,11.90546964241159,3.5523354459350993,3.292431696476222,3.805468024486957,2.759598020691116,1.0768947996247913,3.58938171833047,3.6049841727813803,1.9184179193122792,0.2547986866558945,4.598069022245943,1.4711290580458678,2.623247094131307,2.0415067852676736,0.5028916384272063,0.7541691184966013,0.6200945676267717,1.9339029431193662,1.8343522249855222,0.9931356397208194,3.3088478344524335,1.0123320260881439,2.0472759657933297,1.3682845837076074,2.4829496594180305,1.3791179534992077,1.81493986274797,1.5659669654567827,1.4515606953352131,3.368998834258079,1,Mammalian
27.009999999999998,22.474924565720872,11.55162839405381,0.4298028894100572,5.450094344104198,4.686026583716958,0.2913893134859005,3.188048568123805,3.1122094354057683,0.31348476101389344,2.482273726820251,2.840217966233667,0.9291174418731165,1.2665372732657558,1.813840483949528,0.5512185299918329,1.1101801655587256,1.514473369196529,0.44101337294700554,0.9274725832710353,1.1914565234775654,0.199770492348057,1.385096263838594,1.770473198992984,0.757860429215903,0.7254098766574679,1.329774688422249,0.5871303643507196,0.7432656135146721,1.3455225780137643,0.6873051581455181,0.5725172166675799,1,Mammalian
34.22,18.652721889340103,4.9250485928821774,7.0001735482601175,3.2822489486428283,2.468902069240922,3.4359319677407147,0.8841414421950382,4.4018673808356255,1.7550486249728567,2.616127876888151,1.6632783274906902,2.5605046395585704,1.7505524468723892,1.126146093080257,1.7769898746344626,0.5854912467321797,2.850733975992458,1.80156348061966,1.2324079709923903,1.5072388220063293,3.3331384751515256,1.718734960469552,0.6624160328688999,1.1473288811562765,2.0368696138757585,2.5206151054264905,0.30570990867038367,2.1203039790013753,0.22932711249251717,2.392813496883656,0.45445301258209203,1,Mammalian
15.790000000000001,13.881041703805296,8.951923418427178,3.0730140929799736,2.133737936597817,4.085992732483001,3.347615537421786,1.0666681080715483,1.7518210969608143,2.8666439211010464,2.392208027559342,1.1039576444119936,1.2009838254566996,1.574490438978051,0.9768469527587442,0.6005569572296213,1.301729618622853,1.141405395466697,0.09522809944346537,1.54040935082045,2.5757978969133792,2.554893345067374,1.53226108935682,0.13390943221076484,0.8469491391122659,0.9451617337193093,0.5772923859268565,1.180000938997109,1.6531380653688006,1.3107303372101002,0.30836532273301853,0.7473041985215724,1,Mammalian
15.58,13.668281896167214,8.730394969261791,2.834094300535061,2.306921687868534,4.309278870586185,3.590753804388914,1.3353257918537487,1.6170638282684293,2.6883844802225543,2.202736536948811,0.8824240181178165,1.1643436935938398,1.5967649292034465,1.0559236632591973,0.8176154698409557,1.464923206178399,1.3102895618686399,0.3436346327199237,1.4254917483662466,2.4395581673468643,2.4098259612432487,1.3833682856721758,0.1765562762930304,1.0447509632950098,1.154946551510048,0.7032080317196451,1.0458122980082414,1.4520922964334129,1.0796096507100719,0.09681762562601597,1.0140330125803247,1,Mammalian
12.93,12.276279245811295,10.425103817738743,7.684812009074847,4.5017977609008915,1.3742480561698656,1.2420591886840016,3.016374154396656,3.7975910462002607,3.6304190790454647,2.7317261844219063,1.4357821293932327,0.23153328388514932,0.9945651751448643,1.5286491841578453,1.4888425221897834,0.9455686120002087,0.22825945500422365,0.9534976475232396,1.7430452778007968,2.197513046554932,2.2275416632391765,1.8626855335853567,1.235472530454589,0.5773233459852581,0.4427351080541311,0.7394964348180053,0.837104040505654,0.7169000408857078,0.5948905096251006,0.7404005323627075,0.9848049682836364,1,Mammalian
13.78,13.02741088933904,10.925636626345012,7.904830927879331,4.565656303248191,1.537364064331406,0.6844657596324066,1.793883325891884,1.8149809585823387,1.0381917170588963,0.5987144513899729,1.5982568667838577,2.28451706527762,2.294854656325003,1.617508410976535,0.491510654653795,0.935200513259055,2.026263411444477,2.6215239192444493,2.570472143406265,1.9174271925596666,0.8696694635153649,0.2807230945344338,1.2129548105430188,1.7218141943843808,1.7252786533306723,1.2971877693748326,0.632847831277868,0.12975846908064698,0.5132282913127535,0.6258508249453464,0.4173239855365857,1,Mammalian
12.54,11.920334224930274,10.166008588077975,7.570360595700783,4.558243839730795,1.612094991711433,0.9445223425418151,2.60875931038761,3.3759123495445333,3.2755530924067786,2.5242275434452606,1.4702176478670002,0.697736448228924,0.9532045323367571,1.2260753784707346,1.0428817630578817,0.4386342439892268,0.41618573543213394,1.269303851933514,1.9035974976607646,2.158726782240486,1.9797943411760492,1.4261926445507473,0.6669560890511939,0.36988620978986025,0.9545999968662318,1.333777029994907,1.4076609826339956,1.2769791016327496,1.1925610564814058,1.346492671030322,1.5910767557489782,1,Mammalian
21.57,18.83832100382711,11.855513099792411,3.6508827778651747,2.755546870117449,5.060977065896286,3.682949787570456,0.5954772377106609,2.3292074341677385,3.0828279877696283,1.9501479285922636,0.7397141409880982,1.5125085665252955,1.2982811067981408,0.14629834820868703,1.1005359089770657,1.3793114224133718,0.6926208799435227,0.6790293633476038,1.0895451891636025,0.41849448948998913,1.0727277092237513,2.4510403301562493,2.7945810518886787,1.8325372379893792,0.19689920257907853,1.2796013602513976,1.5409529855067041,0.591727678108809,1.0276882149785223,2.298031904762428,2.8498784714658534,1,Mammalian
12.559999999999999,11.710940702717295,9.379544833938622,6.150563345194794,2.81282434304539,0.3848082598639493,1.5318854035070344,1.7729958088364095,0.9935626789863744,0.7554271220469698,2.0137765430792296,2.825973269886183,2.8360597085967862,2.0992273186236976,1.0444401048891003,0.9168813372217874,1.5192103211866355,1.6026011974097372,1.0623099739258026,0.4658920077550099,1.195545419827414,1.863628223545292,1.9897344992376005,1.6321906864049665,1.346711997022904,1.7319481529343217,2.2101433871386225,2.2043756878812806,1.6107934981166498,0.8979365235334376,1.4172632326527788,2.2891212172483923,1,Mammalian
12.54,11.92307957727662,10.176656118844246,7.593099000732479,4.595764309931643,1.665097259948244,0.8852729272947425,2.5350485995310983,3.2989083069205383,3.2052242059918576,2.4751411954757234,1.4711719024059653,0.8082207522333495,1.0450955440683733,1.2608748015182252,1.0329821204227214,0.4101219330881983,0.5504058198698646,1.4186372361025437,2.0734542409798253,2.3414733228225604,2.16472119648554,1.599489049341195,0.7984136175126612,0.17436737805756972,0.7891615564230617,1.1975831280426006,1.283520761511434,1.1370278368308204,1.0078165985416876,1.1325770195235918,1.3716333018314049,1,Mammalian
13.09,12.475421827116199,10.735982529235036,8.163945627555119,5.182542689154621,2.270023364347762,0.4273304268033455,1.906207674430576,2.6376052278152593,2.516818399167597,1.7680791912038836,0.8324421785310498,0.9108859264421348,1.6041956073810024,1.9225683318463558,1.7295973590798137,1.0989540481749005,0.22064342670387674,0.6675462433781799,1.330581139987883,1.6092400911998594,1.4462329454656861,0.8970833695765376,0.11001981581180716,0.7164067714654951,1.3861256103888782,1.7567846398834426,1.7764514416341965,1.5011610283293104,1.0997224801398722,0.844408663712067,0.8703939320706404,1,Mammalian
12.67,12.05465228484425,10.313077210574873,7.738262851298698,4.756074750890159,1.863454634268501,0.8480042421761971,2.3967086007341285,3.133340401482325,3.0162621915119905,2.2548650715451473,1.189620930705367,0.4906096672980202,0.976806259575197,1.2658148717295767,1.0516438507060588,0.4031128874149279,0.5080667374151275,1.4125159296625824,2.09551961377632,2.3930527126849337,2.247286420164982,1.713569832759409,0.9425656952856958,0.2068282583173382,0.6107472201954918,1.0068719800911226,1.1147182595921161,1.0590343868874685,1.1158870510132446,1.4001819403277573,1.7053904946580711,1,Mammalian
12.39,11.776148612725608,10.038877799024547,7.470466823876126,4.494620522437572,1.597871965983019,0.9601659788442455,2.5679962412047623,3.297648704317937,3.1700740804640595,2.4059313576521597,1.3703214932541268,0.7433861961774108,1.102175055673459,1.3637749940850525,1.155126903622042,0.5269724850502168,0.4040840916860771,1.2775101968597338,1.9433029692028105,2.226833739491836,2.0698734797263585,1.528697858238814,0.7597701929147346,0.24436248261595644,0.8143182911124983,1.2016082605015834,1.2811639129863952,1.1535054483081988,1.0792585943568955,1.2561106800462778,1.5164957522101636,1,Mammalian
12.649999999999999,12.02704255351201,10.26355310140207,7.65537576874767,4.63425122228105,1.7212562893263665,1.0955888576419677,2.6889276676181533,3.4573642453052984,3.364002338863272,2.6204678703089304,1.5835471138847121,0.8495957334914895,1.0603723928047246,1.3296170691210285,1.1767598693684733,0.6481512169239528,0.4517142814530855,1.1733466115129567,1.7801425023962005,2.0321595260113594,1.8658292014947153,1.3351218537898375,0.5867640915988532,0.20008117173918047,0.8050998651845463,1.1247524317793804,1.1323907272070457,0.9702733425488573,0.9847564955339655,1.3160808151027557,1.6686292889609522,1,Mammalian
12.23,11.629884088501381,9.931498719077394,7.42040424405795,4.509439853444291,1.6629063687736751,0.7786962083435836,2.3734654716779024,3.0975983332171833,2.9864429830253836,2.2532783207057583,1.233055097077072,0.520588117304201,0.8829097623004668,1.1317097197085892,0.917523530422495,0.3522782990761716,0.6371319326824039,1.4381854713232451,2.0195790726388267,2.2145834919537064,1.9767733577087885,1.3750071826657233,0.5803975505016468,0.34624350687071553,0.9376186479012438,1.2481539749485668,1.222147390563613,0.9961727648636659,0.9439284268448311,1.270600165410986,1.6407469527263847,1,Mammalian
12.59,11.957863940405408,10.170072423907596,7.531026335183823,4.482487790911573,1.5427540131570932,1.11660389265648,2.712540512646006,3.412088833689017,3.2347856136906583,2.4161461810318943,1.3467985410736347,0.7755598053073195,1.1726977319475322,1.4012859582248822,1.1301445202562217,0.4205948168962624,0.5282954100424524,1.4582749709697862,2.130596301845239,2.3815109066935154,2.161621397343668,1.545281039916393,0.7267620345554794,0.41261336746974914,0.9899017227631809,1.330183750512316,1.3157993039569131,1.06555900541462,0.9442909748907446,1.2302884788277921,1.5983647967177417,1,Mammalian
15.51,14.269479767100943,10.89359392311347,6.310190929997053,1.781637157679863,1.9461425957768876,3.639692150554891,3.525238429588922,2.0605380428493216,0.47172970777935164,1.8435435324636342,2.6962577577281883,2.5448731158903484,1.6548263127536438,0.5731462199021422,0.29332400186309593,0.36124783736376903,0.21160861069881698,1.1144202316955827,1.908970447946671,2.1935565282962624,1.821909666029155,1.043351620984053,0.8943134989891909,1.4536791165765182,1.5490026383466557,0.9595973407018675,0.35770813568226345,1.4095742689059774,2.182617032203133,2.281876646077356,1.7717103239153702,1,Mammalian
16.03,14.704352548949611,11.094077568664819,6.181721108251077,1.2613243865975745,2.521493139952539,4.3689559026899065,4.202203174225578,2.519074378753329,0.33651938075250315,1.9317455945362096,3.071885563071045,3.09776215227265,2.2640585340830084,1.137539260875254,0.4143615298122827,0.31384709652950443,0.41299464669939373,1.2431354504744654,2.0654642030147263,2.404024406597817,2.0360556821822158,1.0517414139571581,0.2750837263275332,1.3030979526914048,1.8017913918929707,1.593475321985469,0.826820631106959,0.2029706683326025,0.9061130980463378,1.1180882151783973,0.74906080019238,1,Mammalian
16.19,14.844758108614755,11.181205249883483,6.196319732106973,1.195602060864964,2.619826450692314,4.4916766657819664,4.316314637661118,2.603874219144529,0.42733216611189395,1.9553081499038036,3.1134529902292316,3.1437955824298154,2.301342319051858,1.1609239304084273,0.425956507417225,0.31384709652950443,0.4136953945044344,1.2594592729928038,2.0931099648850937,2.4341916630348854,2.056984244369019,1.05177393312472,0.26722446186528076,1.333131295437351,1.8420742646759654,1.630657788743903,0.8493340029290375,0.1783143167602892,0.9068757504932927,1.1266785992701196,0.756189329380833,1,Mammalian
15.170000000000002,13.922058639295372,10.533109777910457,5.961521902902689,1.6267305679328816,2.358580476069188,3.863208235623994,3.5380735322008343,1.8258546751347384,0.4308095828464796,2.33665084840017,3.2935819034255376,3.1430504376204644,2.1843993294298243,1.04368037329117,0.5876067622724097,0.5608029957123981,0.1663733144559264,0.9679234584198442,1.8399412477841908,2.22701815979496,1.9212993740942863,1.053843662683409,0.5348851987936768,1.2795525410426167,1.6217547148635554,1.2788122335802392,0.41017075540158704,0.6201384699162296,1.3461024605540368,1.4833717033433433,1.0055025117962797,1,Mammalian
14.69,13.530148881921331,10.378425216271555,6.124102913635361,2.091895109137911,2.0136256130200363,3.406307641553409,3.2168990477060997,1.7663241926956037,0.44835768209806565,2.0082878435229854,2.880575368140683,2.781589372181456,1.9583986116494723,0.9241485117349238,0.3228985013533599,0.3138470965295042,0.4592809426986359,1.1685896166502796,1.8449971652671884,2.066220231092312,1.671270268845468,0.8523771034659606,0.73939898677844,1.4300695249875872,1.6506976472339807,1.2096847501244,0.2809936127426829,0.7517109641058162,1.4646582644881583,1.5753736489576367,1.0786968316982084,1,Mammalian
19.9,17.013547418899382,9.776806876558698,1.7115273458326223,4.039877320832748,5.316743879151335,3.137266294362998,1.0258643176205622,2.5674081611770876,2.304026224599865,0.8894022309954908,1.6182004110950634,2.0367462152091402,1.5709989654330223,1.7808704739036518,2.1229405224839493,1.6461470165206993,1.1280687552063853,1.2780915027030755,1.0432071653495751,1.0385820688699223,1.6319393356234897,1.5264809265973887,1.0879458324132845,1.8629050791495767,2.316605772755431,1.5247147940205346,0.18646035809571335,1.6633710871823921,2.135074999821619,1.479680510027204,0.4391403045296155,1,Mammalian
15.02,13.688683458703188,10.078504942737766,5.226455325398386,0.9499418071540279,3.379561393622917,4.926433637470833,4.477346837179429,2.5921332449659196,0.4597113264189674,1.833942422662466,2.637314267536855,2.2034175924302644,0.9023910593157318,0.7864153436820355,1.8672211397122085,2.110260647408277,1.4989869863852598,0.7716793008809675,1.4313518129944676,2.0521239338402677,1.915149001303123,1.1067188822624392,0.8280476796107814,1.807109637056494,2.4191811954045743,2.3031991288759484,1.5528746430507918,0.5285346124424589,0.38443870760476984,0.7781734879622869,0.6514717488202276,1,Mammalian
20.979999999999997,17.59651827505513,9.313548483507997,0.5710227246151517,4.662198730588524,4.820444843834846,2.1158069903964822,2.4767054573778915,2.8978262022409074,0.9007196960859136,1.7754471478773768,2.9953608096668423,2.1694040779662074,1.6640324108889457,2.7346322300015173,2.4644052962835894,0.8668333173107738,0.7825264794706679,1.189083698513352,0.4066731784194022,0.8814268992984616,1.2926733309650078,0.8456333500311659,0.7856807560580102,1.3098867514430537,2.104166623770398,3.2047928792442844,3.6015585836500277,2.6875780108111185,1.0283804867338426,1.062372916096926,1.6007505599017788,1,Mammalian
10.36,10.064005856021108,9.210120069792122,7.896723205183604,6.275861007154081,4.540156284593248,2.920449320733464,1.7398545966652934,1.4361995828904628,1.7122864552212,1.8759472299776059,1.7253119387642817,1.2842158205203453,0.6676082431098218,0.30643229594180227,0.8308074033157086,1.3140015220691337,1.576187818205826,1.581283049489267,1.3476479865802555,0.9429916602970794,0.5150808457080212,0.48614673616917337,0.8334864991068544,1.117555706936017,1.2247846404163767,1.1355938711069395,0.8754975533535376,0.5019213821091707,0.09321013896660861,0.2778797070628484,0.5301462807874663,1,Mammalian
15.790000000000001,14.444729599923285,10.794803762289375,5.883243698611348,1.3568667793733924,2.9634940848733997,4.558999715721235,4.1730660138460625,2.350042184067436,0.6251100166417257,2.1548534330902633,2.984755390697056,2.6035886495867846,1.3458362733640852,0.19229701030043778,1.197046252711144,1.3800362314084365,0.743193978903268,0.811281460716463,1.9435835862080322,2.5784572673811,2.3835960667160645,1.4923789058415364,0.9275420973686789,1.7929589323527622,2.456287889493389,2.39550032633912,1.6859932769967565,0.7447125667432583,0.6465136740441625,1.0823897850828128,1.186216036155746,1,Mammalian
9.850000000000001,9.554758092149045,8.703406729107721,7.395393944690629,5.785706068931941,4.075928809448675,2.5306961209493046,1.6003799034001245,1.7019201276825953,2.1487627674099063,2.362133739043791,2.229324578531164,1.794179551683444,1.1663826957732033,0.5136721047703541,0.40577833901080046,0.8190848551890089,1.0688017324197014,1.0713320073881003,0.8441606860396277,0.4870407908879412,0.42449992900202393,0.8562138357179271,1.3006575548989645,1.608622976022927,1.7253140512647234,1.6409157336168927,1.3835723113599658,1.0115909688487479,0.6018656567444455,0.23599739707437475,0.029710116904823364,1,Mammalian
13.96,12.737805369345049,9.42771025778435,4.981460757462896,0.6488163786567689,2.51834648051175,3.792656617461872,3.204450918648894,1.441806926901947,1.4042832438378594,2.9730150797463812,3.481861093259363,2.7064481845034614,1.1054173129788867,1.312968314673347,2.756053964061066,3.3320864334527704,2.8773376288063033,1.6862208377317605,0.4157152837617363,0.8926234794700131,1.2209816045784982,0.8225606312532017,0.24870897277423282,1.1142678248686733,1.753389577455906,1.8514932626677336,1.458371744597088,0.8987763099256032,0.6924421484267586,0.7710749705200061,0.6832253467454421,1,Mammalian
9.100000000000001,8.860086372354255,8.161673368979786,7.066684492640174,5.671818784999194,4.100355843360108,2.496739795044278,1.0700867322660923,0.8173317018716242,1.69875572333313,2.3763842661849663,2.7038221425414886,2.6788556606253833,2.345387405239843,1.777322775689534,1.0671913048460324,0.3162277660168382,0.3938862999392133,0.9641674994225157,1.3494092185435778,1.5205354295709594,1.47984838339547,1.2591710066282689,0.9191867917313651,0.5653042447351995,0.4336383426608498,0.6268791935749237,0.8422705839495969,0.9447624183280487,0.9044776208568177,0.7348412550742901,0.49175459688305617,1,Mammalian
12.11,11.495188055045976,9.758004857005972,7.198815770548639,4.252690850295176,1.4263298304268062,1.0777404518543083,2.561018704381017,3.14593393315619,2.863285278523994,1.9399629616347842,0.7085110851305988,0.4882134262000871,1.3359620491991722,1.6772511207297203,1.5122818989238247,1.092016483392078,1.0938588359504755,1.6678593939033748,2.167719307920242,2.274347550740185,1.9042776643796897,1.1335047290300537,0.35422241331558896,1.0830049345300443,1.9154671671289472,2.4042503055322975,2.473406581842311,2.169795243965612,1.639245590141629,1.0896704338300869,0.7304286580352765,1,Mammalian
18.4,15.961195033723053,9.747179618855562,2.484406501535516,2.897755021320354,4.701850902736065,3.185397952540278,0.1743917635633402,2.211366177905599,2.610013159696892,1.3700108821904284,1.5190906197278484,2.4663785637280133,1.9436645926782918,0.8261304734087945,2.187443713251819,3.0563376776789575,2.525848200503318,1.0419371069177312,0.5586875436945883,1.3156366069495675,1.2437285349452099,0.8342094018323732,0.7478987934647077,1.0993905708232996,1.6701167765794789,1.936834627331864,1.4854641859979065,0.7339570391036806,1.3572510126551565,1.8416952383048495,1.3260986372043602,1,Mammalian
19.689999999999998,16.600072369264783,9.070227684586138,1.2651612079136185,3.4019916936055927,3.2487100786577687,0.5747062548867415,2.844136730094447,3.3165330196377356,1.4068291069997876,1.196727969544683,2.413031700725056,1.7998015219451817,0.717967244618691,1.0512740362119044,0.6690212877321707,0.9033825324855466,1.5328613922146186,1.0879316364634375,0.5918047545027898,0.9887994602601975,0.38148426892885934,1.8024628301672962,3.35447875343053,3.4317938064010494,2.187205239313591,1.8404119396961982,2.2746950813342357,1.597323582005696,1.7297920075350046,2.754444395976873,2.4056053779905997,1,Mammalian
20.22,17.874625413735988,11.860844303335194,4.770078250672704,1.7026534795536863,3.6615722685653767,2.8488494164631324,0.42867675399300065,1.708455332495923,2.3429561727318378,1.513530409548771,0.6481651966169877,1.0337434061368345,0.6205054230900027,0.829266785249679,1.9693664177725552,2.202725584361339,1.3233403141093567,0.6325718424383694,1.741836083334901,2.1798699029030115,1.7783094491425082,1.0122562032207825,0.31666649470172903,0.5726957105359226,1.380286449739558,1.7996611493791712,1.415395997010887,0.4046145143836997,1.1539581551845721,1.98816038166492,2.109267910252948,1,Mammalian
17.53,15.406081407515325,9.915145973402558,3.2794596646464993,2.0309867851452967,4.320417199371968,3.572384578869651,1.7820520975995617,2.9969779311717017,4.0742984167802385,3.384485146019116,1.5704478615188018,0.912660642208063,1.5343327655015773,1.1806252675279925,1.1681046842112959,1.964306493396588,1.9924707411446883,1.0226271167023513,0.6727971367968487,1.6538257643062684,1.7332042680453648,0.9995125317569603,0.905997743904574,1.4605215780911247,1.2426168013738477,0.3163450224554631,0.7570116591088648,1.1208048768837182,0.6867682711221833,1.3496915672246201,2.6667934754776486,1,Mammalian
15.9,14.391634279611592,10.350051733196581,5.05754303358742,0.8186489139599716,3.5071017560286033,4.580903870333035,3.6128488542895303,1.4807800291338085,0.8046416249548997,2.090049815141493,2.1997182518773437,1.5272907099129134,1.4165466730615686,2.0156635697404597,2.117322125252208,1.560128199860512,1.0012309862077962,1.1999325043483393,1.289020309624282,0.8918104877238312,0.9309258669009229,1.6241724135482691,1.873322180874922,1.3345000956607225,0.17402299234989388,1.1483972775392024,2.037571258334704,2.167457288407698,1.6988123316063324,1.5486609195650594,2.129477842307266,1,Mammalian
10.66,10.233850777016036,9.016698621001519,7.182581484049473,4.9913395857574585,2.7563847067485114,0.9228014660539983,1.200912777204088,2.095498196053369,2.4299678934324813,2.213180304765469,1.6045536396858882,0.8833710194512494,0.678893748263345,1.096288929273921,1.3821624948733362,1.3729530217745982,1.1717172628575312,1.113680946420443,1.455508607525157,1.9419142791677633,2.2799761082266565,2.3204697242176118,2.021070509414195,1.4256532924722882,0.6447852997228939,0.17502741560944796,0.8713222574451394,1.3217994227599636,1.4530647583167802,1.2690419089936107,0.8742857997330561,1,Mammalian
11.9,11.111783333508685,8.936873235800435,5.8934883240248785,2.7006962149425164,0.6270789883416806,1.8935962371003168,2.353716832046073,1.7718274436830634,0.5561998406939104,0.8417502676100291,1.8013651900955758,2.071806254000135,1.589685635476073,0.5508300016591667,0.6974356908922008,1.7334935823359716,2.263659769972918,2.169354097658875,1.5720512439985552,0.9538355638514734,1.2204954605437504,1.8396664101830087,2.1795255793376676,2.166339657074011,1.9397691610527943,1.7029971486625561,1.5495500228388805,1.4011625593103876,1.1637757394608026,0.842830863332728,0.522722235861348,1,Mammalian
17.64,15.362565804675308,9.585257318690243,2.9188326725891764,2.0315015759426154,3.50514540232879,2.0362262080400986,0.999869270320024,2.751815028029284,2.683562347704513,1.0262807240518348,1.1414773074356173,2.0459916528276283,1.3896775749399783,0.47259651586447105,1.8437482450686997,2.1073680267100943,1.0489279876600186,0.5569398123092957,1.603662399087113,1.4692334019076132,0.8673699998360968,1.682687140873948,2.0918998434034437,1.2607593154572339,0.754020707491932,2.371778789690461,3.1599173783402117,2.7763776245715066,1.6809166947895586,0.7355764929597894,0.5618287294917882,1,Mammalian
16.9,14.957705479969379,9.844737490536582,3.4421219119107165,2.4802581626314546,5.527100709690417,5.628773059226738,3.4186181704073224,0.4363633670154918,1.969809545252858,2.6577922241541225,1.7717977836408614,0.6026257593325975,1.552338906786269,1.7831180745230697,0.8241304467782804,0.89888820216977,2.2790046076782082,2.6905540417904596,1.903218753977166,0.313519087566768,1.3101631299312628,2.242408389921676,2.169194729658234,1.3489206840755692,0.7498437358838779,1.0963864320529246,1.0924840456408538,0.51890984055051,0.29524380227933184,0.8673801751861316,1.0621177956797936,1,Mammalian
27.57,22.948457068298335,11.810473747060463,0.4388328399204045,5.590237332107045,4.875824419331147,0.44181536731393595,3.108716816267893,3.114335495461293,0.36820096584333534,2.2432228375179393,2.466689771133498,0.4714994017069144,1.6708116279585112,2.0320107285523425,0.4903477888161813,1.3723337786413334,1.8578624360237133,0.6946229050048435,0.9642719475673932,1.46292317664736,0.49709078607902824,0.919071897759201,1.4059624623004763,0.5343354954612927,0.8190484650156522,1.3529242396176697,0.5870611886733486,0.7211037818058715,1.2975220175064879,0.6102414439661606,0.663799333037342,1,Mammalian
27.41,22.79100161345428,11.664793191627696,0.39121175543833175,5.661951642730986,4.868415187270781,0.38167670194108955,3.3132538774713582,3.3826400554048015,0.6557366006873019,2.0071290221383844,2.331001659770077,0.515737870332178,1.5708048735762836,1.8170266754289963,0.2178687037178078,1.654357881475469,2.0974753586954082,0.8811748547543369,0.9612972112154543,1.5271286266773554,0.645525642722419,0.7596602429223219,1.2074544053940202,0.3297669716193666,1.0149496319482572,1.515579613063868,0.7301634168451262,0.7893010845448437,1.4176194566750628,0.813286830188369,0.4645171425078997,1,Mammalian
15.719999999999999,14.384702117789267,10.756583950415818,5.851014989898998,1.1104047935097934,2.78465455149804,4.414633066501743,3.9913649605929247,2.0393860213793187,0.5755997954164952,2.742205936395065,3.8810333402126242,3.755616041834396,2.648959127295698,1.1974087820228312,0.5192812406866945,0.8286132994346639,0.5258213939164051,0.37611453103630765,1.286969551523014,1.8417909903889456,1.7625856950211327,1.1014998146961512,0.41680519152709394,0.9468392977705536,1.2988119452207345,1.0463179563146998,0.3059590427248735,0.6057683456476818,1.2584514891756569,1.3881967328162204,0.9743016745210255,1,Mammalian
51.11,14.356233414968814,12.886876654750978,5.140716138884602,1.945850556265426,3.394145744021803,3.1071857311395727,0.40562914410811624,1.983652471079962,0.4882509281326594,3.5825559902615343,3.203608307834903,2.2091799911236567,3.5462080346572535,0.7174145876682148,3.7371599909745243,1.5098675438593947,1.2808021439459976,3.2748718456963632,0.6864420514828568,1.461322865064312,2.2415923523892545,0.9495671359862364,1.7334063303290506,0.48797835400595924,4.974987955406465,1.9264584405863974,1.5424068114308276,1.1640123983620814,1.327523690495169,1.623918202586746,0.271393291303544,1,Mammalian
19.28,16.771045892279034,10.439513578130587,3.3671605677017773,2.6910126099917266,3.9135825393431087,2.138383435695887,1.906731813264956,3.815743370981437,3.568574838832745,1.4797030203518193,1.7094118826253337,2.9909030740507765,2.3727043329440587,0.9460976705926533,2.3483691806697258,3.2076471127603794,2.489921811634763,1.0221691474779584,1.2231220631330055,1.5225444015323566,0.7883058648112947,0.6521656906033706,1.2987144684798346,1.0375463974257821,0.5388691669928647,1.2829682261177828,1.522865736311325,0.8752191039171914,0.23128795346937095,0.9935257318990951,1.069531720621927,1,Mammalian
10.150000000000002,9.734633321970573,8.547278132615881,6.754946907129324,4.607385809508739,2.4046104863868774,0.5924929237634925,1.3059157850100374,2.2137917522501867,2.4872234735656087,2.1514161610851352,1.3404957425022117,0.2523971279267811,0.8913193589800172,1.8827620138060566,2.5641110663952045,2.8494385411866667,2.7345163502664787,2.2927072762171465,1.6630426426494582,1.0506568565622296,0.7603421657361308,0.8696463205999364,0.9871125506613557,0.9244057970767225,0.6921282838714778,0.4315597460957037,0.480903876058714,0.7735708512544837,1.034446019365301,1.1968998155171513,1.271032246679942,1,Mammalian
16.55,15.062317987636565,11.070297875620133,5.8175632765130265,1.0852343103071311,2.855939846685103,4.171288163195345,3.6619543073543452,2.346462576572243,1.7677140203188302,1.8822641018111976,1.3826830037340132,0.6301892736000443,1.5677576246327023,2.3188500760078115,2.124307052338105,1.0791200118615172,0.6372402391934086,1.6857143534788852,2.0197854267846003,1.5186580833736236,1.0659367577116998,1.8250416487492283,2.4607979395030144,2.30597341197724,1.4444029005632777,0.639505301550713,1.0886807105170608,1.293369860857909,0.7903147752897679,0.18627734363780246,1.0535578776448353,1,Mammalian
30.309999999999995,17.192366609512856,3.898422477180179,7.356168047507925,2.2918725201939294,4.144501416403598,2.584289373200625,3.002378258858437,2.5035713215110875,2.5637753539220514,2.615924286008443,2.8434667525475077,1.723013169206269,1.9276458743571452,1.919382514382582,1.6018621040236718,2.540177159176107,2.5025669561134363,1.755476387921281,2.812365808251176,1.2857904615776168,1.7637959379785897,1.430858783905797,1.4706874466443323,1.1707820626005605,0.9669245280360418,1.020965629342314,1.7280119089674693,2.9441618261973495,1.4902322925505602,1.5301099614094498,1.641897010664624,1,Mammalian
17.48,15.126769255307616,9.154987954879145,2.270503115959675,2.8850976127760006,4.465705577429706,2.981578487065822,0.4728037095542864,1.801701552434411,1.785612594576475,0.23067247360787901,1.7008107802809167,2.436351457624026,1.6698709339104258,1.1048085737138837,2.182825822421815,2.195449840010015,0.7896388844425709,1.1752533693116667,2.455138141632074,2.306074293324241,1.0199444591042466,1.1079451906163953,1.8811909417747557,1.4179814935165524,0.38259511057451506,1.5955891787161174,2.2649171795524223,1.9978049687986585,1.4554909241092453,1.3214785817892012,1.1042414090395178,1,Mammalian
32.81,23.842932125312412,5.923626236491706,4.818117496426287,2.9687128980397257,3.0206168201454067,2.8853754390955406,1.4995314519417593,2.811617295243441,0.7007364290798208,3.4017940841947456,1.5285020750846094,2.7674923529472863,2.9415024169110024,0.22242914815283382,1.8027671593645611,0.6552098900352461,1.463347603160909,0.9531265105327866,0.8142196240404029,0.67451880342436,0.4731130970675484,0.19512383857054333,1.8778316537969313,1.6971176108590587,1.0997014698811693,3.3338120277885936,2.320247021201799,1.3002900404209214,1.8992453091554873,1.1104760125793638,1.3618388449602796,1,Mammalian
38.45,23.618963469435197,1.5690797808873327,6.851335125559134,2.3578439397704063,3.718216453704506,2.0919102194561323,1.6753936822797157,2.107808980586666,0.9981310433926168,4.3032340961273325,3.400097083071621,1.162804082399845,0.9305168262857295,2.352791325869009,0.9554248293554385,2.729047452867025,1.1363121498560782,1.9666253245277316,1.3999266381277442,0.5489768592096921,2.83194009450291,2.4684904379876733,0.650732125852847,0.5997843790548405,2.5103424597514357,2.0063950083788584,2.2056973205196133,2.960453179784218,1.184550746366131,1.010825616330686,0.15637397060414368,1,Mammalian
43.31,18.279482605283828,8.827399400610023,0.21641578170481343,5.621989752053084,2.57240936115249,1.6526992108778702,2.784149082472413,3.1927801345523217,1.4995729039087367,2.9377963535971903,1.6916563716513102,1.4134132729395255,2.736868931693037,0.8744080249560675,1.007394906036487,0.6911584478251003,1.140730002241471,1.5856925549378702,2.8146768833639872,1.1265852513476142,0.8191987264294297,5.126870182679629,1.7650464156876813,1.4876676417829595,1.1222091604028384,0.9869611870340889,2.2767465995878937,2.759039655230516,1.4885256149238253,1.0120559261277868,0.6264218662635751,1,Mammalian
19.94,17.759446867217935,12.064906829846743,5.008983562792752,1.0327898681322323,4.120498531792508,4.126397138888217,2.0495776757770976,0.563859977379626,1.927081279271489,1.8082681972418835,0.9288406460189166,1.438222382006684,1.9195218036589845,1.4800433069674572,1.06183648930606,1.6890825912311105,1.9566411856808308,1.521685555264782,1.1693059692440473,1.4120430540200208,1.2944809710656435,0.5698209338153984,0.5431968262211071,1.0404143049331105,0.8174010517445713,0.5551800645043646,1.3642434554516034,1.8012761814258913,1.5307122368223245,1.288277938139976,1.871030827766964,1,Mammalian
14.16,13.370367840446807,11.15426403193805,7.9351255667575495,4.310978682967486,0.9248225037809158,1.7074065071135858,3.223896163310951,3.5807136491473455,2.990111526240102,1.927264866208928,1.2989573093151767,1.7383694481706082,2.1633670932735813,2.053055744023192,1.4188953046703199,0.5283937925449166,0.6946111257067459,1.4313694946868654,1.8106508351915902,1.7692789913560334,1.4067930192489577,0.9348124521261211,0.6304345285257318,0.585226249248874,0.5328224349231327,0.41229356748363716,0.5102893600053456,0.803981534248838,1.0245451148275677,1.07120970679452,0.9849476086901204,1,Mammalian
23.689999999999998,19.724880536682146,10.155508678538625,0.3509412606044091,4.895753634091886,4.32431575077291,0.4495984303179083,2.818861838979486,3.14264160483005,1.0970359370053662,1.243824200825036,1.6342797476899418,0.32209275872781196,1.1631644933122574,1.3891309057924655,0.3160009402758233,0.9241753080449618,1.3824164060490916,1.7836568240439967,2.4603606442234716,2.1419391234788443,0.6278787264499178,0.9963446250535,1.475322161118892,0.5667483953141911,0.7804043357658792,1.2855166141578565,0.6386900499616733,0.9057314173428497,1.346394208360765,0.6099460406371108,0.6723710485688708,1,Mammalian
16.700000000000003,15.295353084822889,11.50817305229357,6.478622674638895,1.8552142424144256,2.3973165191830024,3.7724567780563407,3.3151488488569916,1.733710125611322,1.0965711621174377,2.1260915411643566,2.3631124173044604,1.654375672919074,0.6257317557003076,0.9935327023441555,1.5157310232553405,1.5195394038984313,1.5200145409638226,1.9573241857860095,2.34194893320187,2.21762520798001,1.5378306429331727,0.5451819928290724,0.4131693342762966,1.0644478382489084,1.316309669307401,1.226351427965047,0.8768042995493354,0.2928475448554245,0.4913458240647099,1.3322429154186335,1.9901899035087167,1,Mammalian
19.130000000000003,16.794734000428654,10.85036373702789,3.9108964121414993,1.2469032250829257,3.0711381568540554,1.9861871085537437,1.3119108587382047,2.668513342588864,2.3746294123115357,0.706858491768045,2.0255046137285295,3.2038907690992575,2.7818292527791844,1.2765494303990215,0.414811382767766,0.7605918747922573,0.5021782575854391,1.5272824694324827,2.251886532763867,1.8589100422076297,0.5753345964476179,0.9608450559578675,1.582909784329429,1.242753612115131,1.1372861990237397,1.8531452404494668,1.9783716230761823,1.4790435226652372,1.4757433820598074,1.75837365857586,1.2504564040523594,1,Mammalian
24.82,19.864625947462425,8.513583059633486,2.4982759797277625,5.6220628504729575,2.494914815984795,2.8613471399913384,4.778511311973403,2.8333306473352646,0.8924439713813896,1.7505697411873764,0.9787969416229112,1.9692888172663305,1.9072193318527202,0.4881453032598762,1.7741070164885357,1.7314156057977532,0.22737538235091037,1.412399532797245,1.6036915716591267,0.7306247599592778,0.5232228106381379,0.7703205301267726,1.0319249039708265,1.2553236406882227,1.128112239130729,0.6196416170799363,0.3869763143602551,1.3400366859366575,1.4212621731941968,1.8046035249692642,3.7062798629738847,1,Mammalian
22.23,18.849283684763886,10.518008138437528,1.741315083195254,4.421801653513671,5.197084583192441,2.626771184533501,0.24627076475076015,1.0677778981544133,0.4089437913228184,2.4395424227831155,3.277661956470637,2.477603972341203,1.8250914023972309,2.177745839951227,1.4435939979468513,0.4887739763939982,1.9395847344010333,2.0729553147301307,0.8793758575404412,0.5877393975125169,1.1411711574986698,0.6237765627463655,0.8806148404599392,1.4021591779155975,1.2483038875186951,1.5045382260729356,1.9330986404181991,1.496165463387819,0.6736997820306894,1.3083415292150424,1.7525736561849654,1,Mammalian
19.369999999999997,17.13886148928172,11.303271281652995,4.055437360704582,2.1749569077464126,5.4006339466681075,5.3673771034492015,3.087790913131396,0.9241973781308414,2.079211226392089,2.2499331157583415,1.1287092985498195,0.3368433042002579,1.188619556734014,1.0411195854763293,0.4132808348699281,0.8660831368869846,0.9967569221176493,0.479471855282536,1.1755080879812634,2.128596281532791,2.2993833781085447,1.536905244699982,0.22558039362864032,0.9986286628452431,1.588147418401073,1.3930295089739981,0.6541979617004233,0.4931297071829988,1.4312169300459239,2.345184457993177,3.0549092056983125,1,Mammalian
9.120000000000001,8.797109563815072,7.867510142490385,6.443327061825224,4.695567163366597,2.8356335802737775,1.1273291569632171,0.7521307256426829,1.7025307934616805,2.259621908568,2.3115126859497623,1.9045921630083542,1.1598731855370374,0.37362081166890865,0.9257818831450938,1.7639741984024748,2.3700210969525144,2.646169891811641,2.5669206954549084,2.1667487447519123,1.5300135738153535,0.77687474437243,0.14152942844868802,0.624539865074566,1.018719243616582,1.1492282811822885,1.0208988505495586,0.7204366531530563,0.5424036059304042,0.8451916816763178,1.289613600378047,1.6201907551152857,1,Mammalian
21.07,18.52372972967358,12.011040238977113,4.327140489047686,1.6518854394736866,3.9172321864074826,2.874764950802472,0.5515506590851398,1.9334761176988662,2.0950338468451783,0.6665633090976546,1.605332376435137,2.6260246029155065,2.0517693351297948,0.3821619363200414,1.398541107254741,1.9830532015051945,1.193551208075066,0.35864968017268506,1.606836121585983,1.8766847794575259,1.4162389438788583,1.4686977729167783,1.7720148550020507,1.332017305551292,0.6039364425183525,1.2173852791117847,1.4521443812064316,0.7094529711614024,0.7698942286626428,2.164383239088303,3.087650662321116,1,Mammalian
6.130000000000001,6.029643433748399,5.733714794341812,5.257354769781921,4.624878552501819,3.8684814702208743,3.026636660507588,2.142631396212476,1.2654687944936536,0.48231806826834434,0.49591865192816525,1.0959217352254567,1.601846536597725,1.9581244908816975,2.150709532335748,2.1789443596797846,2.0524375751773793,1.789644981659898,1.4163803651333389,0.9640304133346715,0.4675045922550574,0.03699128073143556,0.5141587220840345,0.931867450482337,1.263007810808302,1.4871496249766136,1.5917323268313952,1.5727977826468185,1.4352788941592456,1.1930465665243888,0.8697091755850301,0.5072291469779111,1,Mammalian
27.29,18.662670649708623,2.3997599286008335,5.709534076504353,2.4362656834587013,4.136655771920429,2.066340497723268,2.8603701581642187,3.281635108296803,1.419825720678801,1.8044006185917494,0.9314630539220321,2.3024493266390484,1.1259798916793076,3.1619250308785345,2.056156515252156,1.5750872991678897,1.477626743033005,1.6613145708063974,1.2921889224181229,2.05593034739283,3.75391151476769,2.0844781297510426,0.23477498514875184,1.3088433886427449,2.528257649517421,1.6092716285235829,0.7882732210633672,1.2499948098012639,0.9058124550608934,1.3343865213366706,0.5965786022160977,1,Mammalian
29.009999999999998,19.881256822672164,2.8025658488644924,5.94453854618845,2.349875610665089,4.546169728873424,2.418113254936892,2.8407975790488265,3.173553199053497,1.3494485750234462,1.7513184054582507,1.8590750322375356,3.770804197347951,0.7744444832882494,2.929379432395257,2.5374478579858915,1.1452947218947618,1.9144996662047835,2.2794188870968584,1.8957875759049996,1.112434993858669,3.117822554373131,1.9042950049341232,0.5700940154739175,0.7399730351690618,2.3474886845211533,2.201472175425764,0.3618327162424072,0.8378595968914585,1.0724729435170868,1.9680963556175284,1.2418344447617489,1,Mammalian
29.009999999999998,19.795393652860234,2.5921347468035645,5.926262652962185,1.94429304977562,5.048729193656233,2.8558099941868993,3.300801703241391,3.932951469790796,0.5399411631716575,1.7876159985881173,1.0316114180345977,2.9037735653891574,1.2342292046644938,2.4603481520643347,1.506728732732102,1.361653406708183,2.168553069356799,2.70077435369575,1.8186086629647014,1.9804676336740352,4.088950514230168,2.152959167607402,0.933191800517487,1.2808172142309817,1.5413880243607843,1.873102574094435,0.5104877935349134,0.3492442834334414,1.0113678997321158,1.6304521470121787,0.7729605259078794,1,Mammalian
27.89,19.240506554279982,2.96711035769587,4.613045401671799,1.519778836127112,4.474579257376907,1.5675698960419497,3.816879738675714,3.527484016224389,1.5515518833835782,2.9320221205092367,0.5434459717604906,1.864166869134949,0.45977493808894276,2.826426045006828,1.374938174181492,1.5706368135250095,1.9098374144105905,1.2914015505286476,0.32988210204669627,2.680333948656878,3.8273219403658496,1.6452784398456923,0.3471834073459171,1.0749216321581085,3.1430187497480655,2.303060441660933,1.418943055232105,1.5121389145700719,0.9394007998501183,2.356352336972587,1.1239766976672982,1,Mammalian
29.0,19.631964985747604,2.7720746218587577,6.93997961691922,1.8166100348367071,4.797381593437272,3.285521453520093,2.658904576792606,3.8902738304159756,0.20166529395612076,2.1986384343372327,1.2148185438180021,1.393158159138935,0.6036223429588964,2.572818998194414,1.5360671149158323,0.7382411530116686,0.904377610109877,1.4738372355873526,1.2844698571624973,0.9431696194098176,1.917805219777237,1.3659851449377733,1.2676827244898812,1.7800476185710943,3.7923968198260134,2.5435159793941167,0.47329961376164265,1.3516913086860958,1.913049200366261,2.7750238478728813,1.2389001093363254,1,Mammalian
28.869999999999997,19.83161319412175,3.0661301513494363,5.299900229289605,1.4746048759998123,5.079351179175984,2.411410855705538,3.397221674173702,3.7490438542143782,0.9210717933635069,2.5790259940032696,0.5860649500006293,2.3604587583083654,0.7332634060802122,2.754111230679564,1.8109614664790317,1.9646119209655628,2.3322111541380712,2.0755939255159666,1.8430894511300595,1.1702805820948108,3.465719076176865,2.5067046531026898,1.4168388055673051,2.1927312145307285,2.9148554452501303,2.096957457743837,0.021483972856411626,0.6104246629804035,0.6870748969614879,1.2162856942998852,0.4467727536495329,1,Mammalian
28.79,20.47735424683633,4.225139892871125,5.751346178861966,3.1956591220857304,2.533365405757166,2.4656957764970913,2.169145752472095,3.45855705133695,0.6706966669112575,3.378584710309462,1.9862517390596575,2.194489138714882,2.4796725467107414,0.4733480950681814,1.1476330468380482,0.8861715409558136,2.789139723152509,1.7758272381637645,1.4223259855380654,2.2951198069059666,1.7612717277229302,1.4347984330909451,1.4003380593584573,1.7615286323666348,0.8946391471812281,0.5678337678094635,0.5541380516547834,2.570137207901671,3.121162037858506,2.119952841060993,1.31846199512235,1,Mammalian
20.79,18.33974064668088,12.060195903486022,4.607947433722078,1.17799030061141,3.517297680146813,2.643644877414633,0.4392909762272617,1.8606300467166936,2.069222735996117,0.6617833054202851,1.3283644423829681,2.387166390216801,1.9544118448973633,0.43254894736010824,1.1819339391688806,1.8166177363441105,1.2537367065165295,0.10417876297321493,0.8185207873401955,0.780783525933669,0.8461611965603378,1.9796408740704214,2.5687182579351417,2.045838661589677,0.6693556752742738,0.7930569706644274,1.467001760995705,1.0114111739126257,0.3837972283251659,1.979643966171348,3.2160037067678005,0,Mammalian
13.96,13.155242817964638,10.917935369845353,7.732003072298287,4.261206740256258,1.181006572777741,1.015698044126737,2.049695762900196,2.007078614570449,1.2221550701303139,0.48922861740098567,1.175042712924399,1.7429051513912646,1.8042461769488194,1.444086552793436,0.9318525509724916,0.6262587324740468,0.5858824160315859,0.5053940169637194,0.5473737970722913,0.9344872880653357,1.3311720730147831,1.491623270618639,1.3371962424487782,0.9503869921952677,0.6243514542557731,0.7268677252260396,0.9265497901173682,0.9164781822240686,0.6831967641903679,0.35101901256910156,0.1509555563936529,0,Mammalian
24.759999999999998,18.947800390308124,6.114248964821984,4.678632256887436,6.81894626247916,2.5890064460642788,1.8594501857532193,2.1007643684291293,0.9283020504310124,2.3442071835501035,1.376083713976681,0.3375388916460288,0.39695653068422865,1.2673127785694207,2.497586286529741,2.1391053643210394,1.4916433890176288,1.0518459579928807,0.40574520597486113,1.6002832961564293,1.5396683271390075,1.7860781770038263,2.3316034656985742,1.2649032771410431,0.8086131974965396,2.124686636713387,1.9513815486713788,1.1223591584242238,0.7474080709850596,0.5043050089381229,0.5279840096234435,0.6368304125054814,0,Mammalian
38.080000000000005,24.055616512564747,0.49472288860647684,7.194948546545215,1.5157152972531822,5.692058979471692,1.025205116819516,3.975993935037691,0.5730712884935143,2.0116281813871706,1.0419714407811902,2.9216506272094316,0.9493365304277929,2.047273626153595,1.6885859152181875,2.549584081313588,1.6169724796668612,0.4244487334904778,1.0091612842684277,0.6754739552358067,1.2688811165725633,1.8302050474683937,1.6431590282136153,1.9746106392481082,1.7765104272996493,0.898560809532455,1.0536219572691181,0.10394549206674009,1.7262989317246253,1.5762246937862145,0.27033227138699595,0.2402245555057263,0,Mammalian
37.92,23.830996931324194,0.4237985774139921,7.5809565359534465,1.0581090699370435,5.16109297632248,1.0428682045883864,4.049522203754892,1.180466300697748,3.2201039912676164,1.1368849017770362,3.1209896842960214,1.501905487471271,1.8499181068539217,0.7611475879302921,1.2047212263071787,0.9377632963600134,0.8399187676536594,1.3054199223629817,0.8426050031538066,1.328790895697125,1.5270671104926112,1.1891921275236141,1.5693172843941188,1.9850690952500805,0.9211826152478898,0.8694478124840995,1.1610538391718968,0.933273731727772,1.0197718228233572,0.6866798050329495,0.40997620132566115,0,Mammalian
35.36000000000001,23.788796749694175,2.2722144529134787,7.255051333460759,1.1755807006987242,5.311350723949018,2.290737720110906,3.9587472327819566,3.211618865382025,1.7250549717394648,2.429102354041608,1.722049811170449,3.540728758036393,0.8885515560391308,1.8336336685278543,0.7210506627189642,1.4455448799674127,0.4853743365712954,2.1959023585932473,2.0346517799742365,1.390866631415417,1.3026513880080224,0.4155041973907515,1.091374800082745,0.25904490638164696,0.9778041165607111,0.799000179407049,0.6987596665448361,2.1535876791470296,2.2399866713950494,2.493387115480783,3.103166623925424,0,Mammalian
21.06,18.493672158650806,11.876934496548241,3.9398766204354287,2.5027238750706173,5.169881435466033,4.208988778059513,1.1384502568351098,1.8909118938472433,3.2284571192065874,2.5444682574054256,0.7225884288958793,1.0292245205537636,1.523015818001117,0.771126190532758,0.5738468685230879,1.5014659503298768,1.4745768968707043,0.6163357442468406,0.7695738750857064,1.5444707474542305,1.645825490016574,1.239162233635834,0.8634164773323395,0.7955200875572103,0.7390383458529574,0.6165609715189245,0.45256730134000867,0.5166044925284364,1.1104969508753737,1.784585636414253,2.2567949826684544,0,Mammalian
14.760000000000002,13.488260308237338,10.059409032332745,5.499190434757556,1.184668922772214,2.120528331235867,3.307328302827296,2.688157578655848,0.9149670675870715,1.1678280286755236,2.5622228999285954,2.8762970089100297,2.139384483652631,0.8884771271833682,0.9467483848446665,1.7393446466641123,1.8950461735799478,1.4974328907570014,1.0224929744406768,0.9734470599976267,1.0793299870587456,1.1067496901337854,1.2962290787731388,1.6511503924339423,1.8673069552784074,1.7796025300049085,1.457660013726451,1.1471794883992317,1.0819613456865527,1.197522516081943,1.324717442083714,1.409512539460863,0,Mammalian
47.269999999999996,23.072480927547733,5.543975591015874,2.2808547487619255,4.239161085895443,2.745422620180234,1.9952461202730944,3.3937463896262994,5.629837099467505,2.132335088531549,3.4873764639375855,0.9377383754337004,0.9823211111656661,1.571136976585743,1.4578556509753167,0.9106032328589243,3.555629339512205,3.3411363645650503,1.0310295074471763,2.0420125441409107,1.297115290044673,0.27966347223282834,2.580878077155761,1.5354301193366344,1.058458423113217,2.2307524902643765,0.5291720895354203,0.46978163871119,2.0949583400918366,1.8776217175040446,2.062089539941366,0.30134728141552425,0,Mammalian
17.380000000000003,16.0037272144454,12.28428107186826,7.310190483225645,2.525724721682141,1.4870901767771363,2.935532238292295,2.6167910534345316,1.078539014760715,0.7362696894335795,1.9573309489238997,2.1424375563045377,1.428955812826767,0.9675955741599606,1.7919491940024765,2.301436340670054,1.9964969321288737,1.0099329137367972,0.35882379887245563,1.3768564622171848,1.919782509024978,1.8817081682430974,1.4485956476552109,0.9276387850043525,0.5425436329356244,0.3075561158152873,0.3919141342084589,0.7159705902703347,0.94891255303849,0.975863042204545,0.8275760449343162,0.6315573517250034,0,Mammalian
13.48,12.791618438997173,10.854052038511217,8.021534317842146,4.796444419479077,1.7201565609903713,0.7455647568932674,2.293950274812328,2.8472140093329656,2.5326976633087996,1.6387135576396672,0.5308569159845575,0.4640749542929564,1.0733969452144794,1.2172092714237983,0.9534422564923954,0.5063595560468865,0.46837557789010215,0.793473731625733,0.9244481655163633,0.799217045469568,0.6059479701699364,0.7400740154800473,1.0921923820279487,1.340511986167263,1.3667693504061682,1.178946154114222,0.8684504433692839,0.5727193744556842,0.40526645639016795,0.32044166187868134,0.19130085896959653,0,Mammalian
18.78,15.518689386871854,7.8155616163992025,1.439587801261259,3.9730425169551973,3.317018356524725,1.46614627277076,1.5853128340733211,0.7905889039349606,2.2273043090111515,3.3677803334954377,2.5906088729737866,1.361734749885397,1.8138335622243782,1.5803849348601613,0.6781966336064813,0.6670832032063172,0.25046032407440083,0.7371291817787469,1.2684333960247811,0.8285430861648921,0.13357323166980056,0.6619434648008565,0.3347346519540669,0.45713147449603386,0.8937438381721327,0.6176401098427129,0.11349779057257318,0.41824392857425335,0.32970715616137075,0.4040333198975435,0.5071962921895001,0,Mammalian
8.5,8.255806517489473,7.549278261015001,6.4552101507215465,5.087525913614765,3.5847581797303163,2.0926635500689583,0.7466576126599301,0.3496635062698467,1.1173681506450477,1.5380755118288172,1.6306553674020443,1.4543618295644476,1.0978961556261921,0.6707781945491063,0.329156865206411,0.3443835071544511,0.49695581356919116,0.5484943591800344,0.5042850316772338,0.4708029387364398,0.5708744670780981,0.7573147429842814,0.9114829385747879,0.9577762955842438,0.8647032535453574,0.6460034734163916,0.40702336210692597,0.4827590909359865,0.8365424467710025,1.1887157641544797,1.4331478844900092,0,Mammalian
19.259999999999998,16.522131317664243,9.776172877447822,2.5662212018234087,2.300143033578014,2.7895321752004922,1.0354682185015092,2.4909273674422496,3.283243818478358,2.2225299963206573,0.9665067876229412,0.9723026143385667,0.0483727547433083,1.6335823643048462,2.7147609780243687,2.329132289182906,1.018331969448077,1.3816049652203233,1.719751101682501,0.8133702363911001,1.0730309564903606,2.1407954978802772,2.111126532598871,1.1981103147990102,0.601921945457759,0.9533781958990664,1.0019374114250732,0.988630004215511,1.0812986026507465,1.1853818454791634,1.396534724096605,1.6287079351924516,0,Mammalian
19.380000000000003,16.652542958795603,9.771654238904913,1.9280538514622705,3.669206631273444,5.182404183692196,3.2078912590870714,0.10939220276078154,2.477142383870991,2.7737411318044014,1.4851903457294435,0.8781527321251216,1.5784737416400754,1.6017769353381304,1.5748328090082755,1.5861035116979156,1.0704204781299727,0.4583795597783737,0.9891368768483284,1.4224049922399018,1.8300484753688266,2.187231974278934,1.9763117493144196,1.0912720200360282,0.19017257959533954,0.621387011893502,0.7746411863820937,1.3931033655244003,2.0028644292043345,1.8431882026352397,0.9598174339574317,0.6790641478070728,0,Mammalian
18.9,15.580331521258222,7.727742426897502,0.6128241796649604,3.5813130122241343,2.4694806899696484,0.9865300424675513,2.9352544948927264,2.472982366789567,0.583919916332675,0.7747103306368266,0.6270995284755863,0.43237761480548553,0.875643486958132,0.9189499709054005,1.6277967473192754,1.8721111078138502,1.6315146365172606,2.1331647730175427,2.34225350235368,1.4822139686513591,0.527654305481289,0.811825897012138,0.8314219006760232,1.3059702192423344,1.6189861208323975,1.3099531098864963,0.904100745514509,0.6522947629898669,0.8487991353420469,1.3185901286643185,1.0523902409870758,0,Mammalian
17.21,15.156087732098793,9.884360148103525,3.6193882885189637,1.4008806977783361,3.365409168421952,2.6428756537939244,1.0150414290831107,1.9448414986366855,2.328715954797189,1.3193179998427242,0.289582195807785,1.2098764857408315,0.9569518029410663,0.49034022122876575,1.7908425205818717,2.3988538930080754,1.8891997538331438,0.8611840373706596,1.3025455089293707,1.8375836167114858,1.4718321128299348,0.5835979711807161,0.8711490263737989,1.4091811612353502,1.374071032192958,0.9761143774291715,0.5941426646902387,0.4523478876230461,0.5016975807606145,0.5323301681196131,0.36691618932363035,0,Mammalian
19.490000000000002,17.2866614512409,11.604302534900787,4.772929947254183,1.0453352246194392,3.3280454277896845,2.792543204149859,0.5733655995500979,1.6214582403748188,2.532048156828012,2.102593420162446,1.343459526328389,1.2192320823958183,0.9640890422731022,0.9942216250148233,1.7579877769631445,1.9006577808748202,1.0188653044862588,0.6439185655011138,1.957389274521596,2.4146118495496767,1.797616615020726,0.5827407334383998,0.9010650443378101,1.5648236880622037,1.5832704544339484,1.2866049706253442,1.067647134735406,0.8604632551369461,0.5254500923803318,0.42393297754580833,0.6851164212354196,0,Mammalian
19.17,16.99038636807266,11.372256251772125,4.625356501201303,1.0491285677757307,3.3099823142303575,2.757300732323242,0.5655092004149872,1.560653880198421,2.3796964730115433,1.856436224355159,1.0941498043019584,1.1491882781709772,0.939897627502823,1.023737771694021,1.8945626085427252,2.124076269817069,1.2825293112621599,0.3287092227481928,1.6798139122410163,2.2145616423737287,1.6933570002119325,0.592311125278955,0.8885916799636049,1.494175179228196,1.4648837467144933,1.0894045285038605,0.7802530304490695,0.5488280985137715,0.2697683238741495,0.4081684533312226,0.6998622357229707,0,Mammalian
19.35,17.08295715262014,11.235125951867518,4.190858200892541,1.466494497975369,3.9778040196156037,3.3932789361515354,1.0654625244114062,1.1595473686949616,1.9915988845928512,1.3185593771232302,0.6604191222836651,1.3649824312217247,1.117202780771713,0.4823289391612578,1.957406556116029,2.947422602885443,2.8433091555635133,1.8262989715055136,0.560993078739754,0.4512303739959354,0.7297314443197626,0.6441449415766801,0.5363294838708853,0.41527087515571,0.5064086176741677,0.8422385858201928,0.9730748698699812,0.8408376772287788,0.7602010793375503,0.8031851567764331,0.6684591856090043,0,Mammalian
18.02,15.395186157467338,8.946409801100247,2.192624701422919,2.651196829490077,3.038896836964332,0.9155152143526293,1.3671583323468182,1.8930112407213537,0.794064239400573,1.619000725176365,2.3497880662933657,1.5396234800105169,0.4105687137352809,1.1352140735758756,0.747146671868086,1.1907980517283356,2.4643136830636245,2.5331843293264074,1.400536609642869,1.297807810076588,2.1822468993989186,2.0490549702123784,1.392191338313116,1.460311077305997,1.542639213637126,0.9828610144811042,0.2954661375805666,0.5180828111472942,0.6044444912748517,0.6951577741895889,0.9433214259268132,1,Yeast
18.02,15.395186157467338,8.946409801100247,2.192624701422919,2.651196829490077,3.038896836964332,0.9155152143526293,1.3671583323468182,1.8930112407213537,0.794064239400573,1.619000725176365,2.3497880662933657,1.5396234800105169,0.4105687137352809,1.1352140735758756,0.747146671868086,1.1907980517283356,2.4643136830636245,2.5331843293264074,1.400536609642869,1.297807810076588,2.1822468993989186,2.0490549702123784,1.392191338313116,1.460311077305997,1.542639213637126,0.9828610144811042,0.2954661375805666,0.5180828111472942,0.6044444912748517,0.6951577741895889,0.9433214259268132,0,Mammalian
14.690000000000001,13.517892027781375,10.328838629796977,6.003315133846128,1.7644254502955208,1.8627336809335475,3.415171435294772,3.2617123858465233,1.8012259812447509,0.2547329347681216,1.9496301268623675,2.85710926642721,2.7853862158855596,1.9863520370324061,0.9810606732918261,0.4058808493924868,0.34132096331752015,0.4711477109946115,1.1846205589280958,1.8595242474935523,2.0657610851801094,1.632903107094522,0.7273000559734697,0.7049246157662041,1.5420067978089085,1.8555150550688218,1.5005964470801443,0.7347820764400388,0.7781115586210435,1.4593757889610925,1.7155984419051884,1.5174458115891147,1,Yeast
14.690000000000001,13.517892027781375,10.328838629796977,6.003315133846128,1.7644254502955208,1.8627336809335475,3.415171435294772,3.2617123858465233,1.8012259812447509,0.2547329347681216,1.9496301268623675,2.85710926642721,2.7853862158855596,1.9863520370324061,0.9810606732918261,0.4058808493924868,0.34132096331752015,0.4711477109946115,1.1846205589280958,1.8595242474935523,2.0657610851801094,1.632903107094522,0.7273000559734697,0.7049246157662041,1.5420067978089085,1.8555150550688218,1.5005964470801443,0.7347820764400388,0.7781115586210435,1.4593757889610925,1.7155984419051884,1.5174458115891147,0,Mammalian
13.61,12.693536784767353,10.172132212971569,6.665004163126876,3.008684272445961,0.1763690196282133,1.73954098488513,2.0314682129790884,1.0973824948300344,0.6689676116520354,2.3460999436216294,3.5172751773287336,3.7908555756428566,3.1353492220973,1.844974116008478,0.6680523166841706,1.2701574705523724,1.851969132833268,1.7432463337800872,1.045250193341456,0.09625351232858162,0.7918159411204763,1.2326007511465427,1.1226900443091365,0.546947584363081,0.36806598455469447,1.1017386461110394,1.5416374704646256,1.5454346361843316,1.1691137062153276,0.6131627298107695,0.1361422556249993,0,Mammalian
13.61,12.693536784767353,10.172132212971569,6.665004163126876,3.008684272445961,0.1763690196282133,1.73954098488513,2.0314682129790884,1.0973824948300344,0.6689676116520354,2.3460999436216294,3.5172751773287336,3.7908555756428566,3.1353492220973,1.844974116008478,0.6680523166841706,1.2701574705523724,1.851969132833268,1.7432463337800872,1.045250193341456,0.09625351232858162,0.7918159411204763,1.2326007511465427,1.1226900443091365,0.546947584363081,0.36806598455469447,1.1017386461110394,1.5416374704646256,1.5454346361843316,1.1691137062153276,0.6131627298107695,0.1361422556249993,1,Yeast
14.2,13.099285914885197,10.115129027831514,6.097113310602814,2.1592395321502202,0.8771741448915377,2.083820952327394,1.6977756367848624,0.4396697902026915,1.8528836443359402,3.2486374041567214,3.6557384052392567,2.981350052789476,1.6367663706700915,0.9676179741648461,1.7753160275982007,2.099142682144308,1.6057678825114254,0.5697060348430651,0.6201432414261074,1.3402116944304454,1.4009444236414934,0.8129439824251965,0.17009907315716316,1.0614567704730709,1.5652894540982178,1.5156973560684943,1.064419068784071,0.7633276620454436,0.9858914135210857,1.0864364231089165,0.8162970990219938,1,Yeast
14.2,13.099285914885197,10.115129027831514,6.097113310602814,2.1592395321502202,0.8771741448915377,2.083820952327394,1.6977756367848624,0.4396697902026915,1.8528836443359402,3.2486374041567214,3.6557384052392567,2.981350052789476,1.6367663706700915,0.9676179741648461,1.7753160275982007,2.099142682144308,1.6057678825114254,0.5697060348430651,0.6201432414261074,1.3402116944304454,1.4009444236414934,0.8129439824251965,0.17009907315716316,1.0614567704730709,1.5652894540982178,1.5156973560684943,1.064419068784071,0.7633276620454436,0.9858914135210857,1.0864364231089165,0.8162970990219938,0,Mammalian
13.77,12.727667595244553,9.901589281864487,6.093954625972577,2.3435769109388414,0.4668019952865561,1.6895054339972368,1.4606037975390587,0.8218833830549522,1.9692347173850944,3.090291907487539,3.3202282927584386,2.5720155214169074,1.2269120776125484,0.7046887528372855,1.550706305293384,1.7462244987400675,1.1794416696100964,0.3617012360227782,1.0079543516343612,1.5252833655219853,1.358395131280508,0.5759268815887438,0.5410433045919881,1.4715664119088026,1.9165449288669243,1.765186167538733,1.268433235372984,1.0799509595193646,1.3316033328453054,1.3350689146088166,0.8445518785562401,1,Yeast
13.77,12.727667595244553,9.901589281864487,6.093954625972577,2.3435769109388414,0.4668019952865561,1.6895054339972368,1.4606037975390587,0.8218833830549522,1.9692347173850944,3.090291907487539,3.3202282927584386,2.5720155214169074,1.2269120776125484,0.7046887528372855,1.550706305293384,1.7462244987400675,1.1794416696100964,0.3617012360227782,1.0079543516343612,1.5252833655219853,1.358395131280508,0.5759268815887438,0.5410433045919881,1.4715664119088026,1.9165449288669243,1.765186167538733,1.268433235372984,1.0799509595193646,1.3316033328453054,1.3350689146088166,0.8445518785562401,0,Mammalian
21.41,18.289751646503507,10.532964314433938,1.9751127594822704,3.695907859165713,4.837570716159612,2.730359579400289,1.393207495316024,2.231078990275835,1.37214745174212,0.468606171740172,1.6126359325013824,1.3661993372020254,0.2664117485121281,0.6833213629121453,0.5489511961693131,0.4248529157249601,1.0140965271944462,0.6034278554147616,1.105087629980606,2.6277238342947284,3.148055029824269,2.230427484598444,0.4339034534243366,1.1667418476894362,1.7645472802962483,1.364746797846243,0.808678056639393,0.8834205783573713,0.8221379723983891,0.48766148695485845,0.4155232347476201,1,Yeast
21.41,18.289751646503507,10.532964314433938,1.9751127594822704,3.695907859165713,4.837570716159612,2.730359579400289,1.393207495316024,2.231078990275835,1.37214745174212,0.468606171740172,1.6126359325013824,1.3661993372020254,0.2664117485121281,0.6833213629121453,0.5489511961693131,0.4248529157249601,1.0140965271944462,0.6034278554147616,1.105087629980606,2.6277238342947284,3.148055029824269,2.230427484598444,0.4339034534243366,1.1667418476894362,1.7645472802962483,1.364746797846243,0.808678056639393,0.8834205783573713,0.8221379723983891,0.48766148695485845,0.4155232347476201,0,Mammalian
18.0,15.592208257145293,9.481800995700922,2.4220499642816757,2.727949485413004,4.234846320890344,2.518820136677104,0.8148885411405279,2.8461038311303963,2.8082354914978525,0.8405299220130966,1.826154359852996,3.3883862554924398,3.2210232961317398,1.947264499493903,1.6867934535059161,2.1881956036881167,1.7435576111797395,0.6079558802396071,0.30130824033951026,0.36661451152723745,0.8446675947650639,1.9697562540582971,2.5020425179923387,2.0157611422053163,0.815128860138023,0.4114067340466556,0.840389340755321,0.4651064271352177,0.5633313013458119,1.083078881092095,0.9580021007872057,1,Yeast
18.0,15.592208257145293,9.481800995700922,2.4220499642816757,2.727949485413004,4.234846320890344,2.518820136677104,0.8148885411405279,2.8461038311303963,2.8082354914978525,0.8405299220130966,1.826154359852996,3.3883862554924398,3.2210232961317398,1.947264499493903,1.6867934535059161,2.1881956036881167,1.7435576111797395,0.6079558802396071,0.30130824033951026,0.36661451152723745,0.8446675947650639,1.9697562540582971,2.5020425179923387,2.0157611422053163,0.815128860138023,0.4114067340466556,0.840389340755321,0.4651064271352177,0.5633313013458119,1.083078881092095,0.9580021007872057,0,Mammalian
14.25,12.886505182372302,9.255470202271686,4.56175605571519,0.48870388714732327,2.4432721930041543,2.945778512546866,1.6250651242645175,0.6523694754995183,2.59241968071918,3.4429218015184433,2.9273744037925056,1.5440730882122184,1.1886902538272204,2.082073367907394,2.137921594570617,1.2101652779682612,0.5291004987474898,1.6780837627656446,2.1735034764242895,1.728506169898717,0.7558481587431854,1.0708968728472068,1.8058079786916104,1.7983920783401164,1.1433430692908884,0.9743703055137869,1.7526531854862735,2.1734933240219414,1.9391033498706218,1.2548057737192568,0.549758384783112,1,Yeast
14.25,12.886505182372302,9.255470202271686,4.56175605571519,0.48870388714732327,2.4432721930041543,2.945778512546866,1.6250651242645175,0.6523694754995183,2.59241968071918,3.4429218015184433,2.9273744037925056,1.5440730882122184,1.1886902538272204,2.082073367907394,2.137921594570617,1.2101652779682612,0.5291004987474898,1.6780837627656446,2.1735034764242895,1.728506169898717,0.7558481587431854,1.0708968728472068,1.8058079786916104,1.7983920783401164,1.1433430692908884,0.9743703055137869,1.7526531854862735,2.1734933240219414,1.9391033498706218,1.2548057737192568,0.549758384783112,0,Mammalian
14.54,13.194220068355005,9.589777344547208,4.864550439714227,0.45173420659079805,2.4821840887851376,3.3265528554553967,2.2967659103044102,0.3456632704231298,1.9745243261619319,3.2477602951145137,3.338661397784459,2.4968366318844804,1.5001542601720195,1.2447140322782786,1.2030259760296467,0.7184705978674424,0.6353339144009373,1.288675521078454,1.4790998270242415,0.9786183640860661,0.12207204860952618,1.028901703784492,1.582483979723996,1.4453085841716937,0.8116377850573633,0.9202240333939176,1.689902538303519,2.031956972415769,1.7764352229732023,1.1290797309688372,0.47371147993333435,0,Mammalian
14.54,13.194220068355005,9.589777344547208,4.864550439714227,0.45173420659079805,2.4821840887851376,3.3265528554553967,2.2967659103044102,0.3456632704231298,1.9745243261619319,3.2477602951145137,3.338661397784459,2.4968366318844804,1.5001542601720195,1.2447140322782786,1.2030259760296467,0.7184705978674424,0.6353339144009373,1.288675521078454,1.4790998270242415,0.9786183640860661,0.12207204860952618,1.028901703784492,1.582483979723996,1.4453085841716937,0.8116377850573633,0.9202240333939176,1.689902538303519,2.031956972415769,1.7764352229732023,1.1290797309688372,0.47371147993333435,1,Yeast
20.47,17.326910010931705,9.672351145004308,1.9215403548325902,3.349413356086103,3.230692414903696,0.8506546370351397,2.9941360716146606,3.4020481621372074,1.374935560887177,1.2745738687213817,2.5806548471793453,2.105537951101948,1.541046161806746,1.6564060445445452,0.8009356272948129,1.62692962355475,3.0256670054107357,2.9081633671224782,1.632978244042229,1.412684445543706,1.739084924724575,1.2547249118553385,1.4842094152941765,1.8762378054230893,1.1859421711775309,0.16719089525020409,1.0810566189079478,0.8745643280287119,0.16465876409459282,1.0433067215518472,0.9776870469422891,1,Yeast
20.47,17.326910010931705,9.672351145004308,1.9215403548325902,3.349413356086103,3.230692414903696,0.8506546370351397,2.9941360716146606,3.4020481621372074,1.374935560887177,1.2745738687213817,2.5806548471793453,2.105537951101948,1.541046161806746,1.6564060445445452,0.8009356272948129,1.62692962355475,3.0256670054107357,2.9081633671224782,1.632978244042229,1.412684445543706,1.739084924724575,1.2547249118553385,1.4842094152941765,1.8762378054230893,1.1859421711775309,0.16719089525020409,1.0810566189079478,0.8745643280287119,0.16465876409459282,1.0433067215518472,0.9776870469422891,0,Mammalian
43.129999999999995,20.71937623788689,5.996647190366606,1.9379170701804445,3.9747817599353272,2.183759271936231,2.1989100764826865,1.9128956534361017,1.3048485342050455,1.8367177766073768,2.847711202745755,2.353843612680305,1.4542798463869129,1.8690751689370488,1.2468082540844296,2.096336891308304,0.7592759709091272,1.1874849452751188,0.17012714789895095,1.8210267915662235,1.0276489658379984,1.319702082064773,2.0327714033203206,1.1074923125633478,1.4431806202908006,0.6427608519480748,1.5252771612537233,3.090245428213593,3.779645180739902,1.4007387497215185,0.8952395153606311,2.993080330932848,0,Mammalian
43.129999999999995,20.71937623788689,5.996647190366606,1.9379170701804445,3.9747817599353272,2.183759271936231,2.1989100764826865,1.9128956534361017,1.3048485342050455,1.8367177766073768,2.847711202745755,2.353843612680305,1.4542798463869129,1.8690751689370488,1.2468082540844296,2.096336891308304,0.7592759709091272,1.1874849452751188,0.17012714789895095,1.8210267915662235,1.0276489658379984,1.319702082064773,2.0327714033203206,1.1074923125633478,1.4431806202908006,0.6427608519480748,1.5252771612537233,3.090245428213593,3.779645180739902,1.4007387497215185,0.8952395153606311,2.993080330932848,1,Yeast
48.03,19.626540317197723,7.804190934948962,2.46599119952638,2.9019389590364146,4.710910141667351,1.917701812382828,2.334609031612332,2.694806602012137,2.231814850631482,1.4565716013553553,2.4389151085430343,1.1438006916325463,0.25301179095744747,2.0384192216145802,4.885695015998885,2.0729930052945162,0.07345451665573911,0.18325258075402728,2.0015552775765197,0.8841167544118695,1.0505916017119696,2.222624733079828,1.0521301918695363,1.045283395903621,0.9627221177334849,2.5195188655250798,1.6070527281856561,0.7727922233147713,1.5105406191763737,1.4724986691109094,0.2957509750709313,1,Yeast
48.03,19.626540317197723,7.804190934948962,2.46599119952638,2.9019389590364146,4.710910141667351,1.917701812382828,2.334609031612332,2.694806602012137,2.231814850631482,1.4565716013553553,2.4389151085430343,1.1438006916325463,0.25301179095744747,2.0384192216145802,4.885695015998885,2.0729930052945162,0.07345451665573911,0.18325258075402728,2.0015552775765197,0.8841167544118695,1.0505916017119696,2.222624733079828,1.0521301918695363,1.045283395903621,0.9627221177334849,2.5195188655250798,1.6070527281856561,0.7727922233147713,1.5105406191763737,1.4724986691109094,0.2957509750709313,0,Mammalian
11.07,10.724502959443493,9.726085594267323,8.184286296919892,6.266997775888693,4.182541165056239,2.172675705386647,0.7613487279010263,1.449262059946555,2.329347443257155,2.742693313729195,2.6764360340951647,2.2134541829780345,1.4954612268441358,0.7571958923812552,0.6815789945001319,1.2257650672131268,1.6570482319186128,1.8299449852592875,1.7341921819215973,1.4185396615055264,0.9762394633255899,0.5607989867388831,0.4677578404096788,0.663806810449748,0.7960784982991106,0.7665642367664273,0.5858774506512217,0.33690456452679524,0.3026341066646765,0.5449882364805322,0.7530039962755091,0,Mammalian
11.07,10.724502959443493,9.726085594267323,8.184286296919892,6.266997775888693,4.182541165056239,2.172675705386647,0.7613487279010263,1.449262059946555,2.329347443257155,2.742693313729195,2.6764360340951647,2.2134541829780345,1.4954612268441358,0.7571958923812552,0.6815789945001319,1.2257650672131268,1.6570482319186128,1.8299449852592875,1.7341921819215973,1.4185396615055264,0.9762394633255899,0.5607989867388831,0.4677578404096788,0.663806810449748,0.7960784982991106,0.7665642367664273,0.5858774506512217,0.33690456452679524,0.3026341066646765,0.5449882364805322,0.7530039962755091,1,Yeast
16.439999999999998,15.010980042791235,11.176135958733688,6.138599412695366,1.6399321260689823,2.3789858974450366,3.435612226098595,2.6004087775783082,0.6041846144379872,1.4957994468810278,2.8062049496473325,2.924656325920495,2.0291791859245065,0.7491248387570298,0.5697936274256588,0.9104795934787964,0.6881860213634104,0.8629412036618054,1.5200947664307594,1.7966581739663694,1.5128972322124987,1.0720453164257662,1.2077175157398852,1.4601734556589214,1.2032293844801252,0.4199353235753365,0.5576405308973883,1.2818196304116185,1.43394435668243,0.9908031684518815,0.4114243649165076,0.8042698643877491,1,Yeast
16.439999999999998,15.010980042791235,11.176135958733688,6.138599412695366,1.6399321260689823,2.3789858974450366,3.435612226098595,2.6004087775783082,0.6041846144379872,1.4957994468810278,2.8062049496473325,2.924656325920495,2.0291791859245065,0.7491248387570298,0.5697936274256588,0.9104795934787964,0.6881860213634104,0.8629412036618054,1.5200947664307594,1.7966581739663694,1.5128972322124987,1.0720453164257662,1.2077175157398852,1.4601734556589214,1.2032293844801252,0.4199353235753365,0.5576405308973883,1.2818196304116185,1.43394435668243,0.9908031684518815,0.4114243649165076,0.8042698643877491,0,Mammalian
43.910000000000004,21.228665852790282,7.609660071435795,3.8052605608686436,5.508382356078544,1.952832320527952,4.069195072240984,3.2226552042718106,2.4255091899278987,2.827080064422196,3.3485342856863203,4.49547469369879,1.3194911008122705,1.563514296491096,2.8281763788429117,0.22367094087757552,0.2061552812808825,2.820305463719281,0.8305553771519221,2.3028420693555756,2.831547069293525,3.368389019398789,1.2266696244831192,0.9883964592217362,0.5516386222657972,1.9859076519958212,1.0379227252397425,2.314384544050422,1.662350218364073,1.7166335155073007,2.05592737791709,1.0992657463256255,1,Yeast
43.910000000000004,21.228665852790282,7.609660071435795,3.8052605608686436,5.508382356078544,1.952832320527952,4.069195072240984,3.2226552042718106,2.4255091899278987,2.827080064422196,3.3485342856863203,4.49547469369879,1.3194911008122705,1.563514296491096,2.8281763788429117,0.22367094087757552,0.2061552812808825,2.820305463719281,0.8305553771519221,2.3028420693555756,2.831547069293525,3.368389019398789,1.2266696244831192,0.9883964592217362,0.5516386222657972,1.9859076519958212,1.0379227252397425,2.314384544050422,1.662350218364073,1.7166335155073007,2.05592737791709,1.0992657463256255,0,Mammalian
10.47,9.834909153403382,8.055406975703399,5.479918109220786,2.600396113122946,0.13533051390247594,2.0713640565198075,3.1462524419110016,3.2482486513730167,2.54596949264594,1.3869824080062485,0.550231981105937,1.2500691280074556,1.7938075027501155,1.7970689292280204,1.3098175448467426,0.5208646657242166,0.3456746067040403,1.0365671894618527,1.4364804055723877,1.5213306216460762,1.3855126545146392,1.1942241985424087,1.0732820516596155,1.0017388376485064,0.9067620874691857,0.8300349347596709,0.8941104340679366,1.0652794796201221,1.1847910096404497,1.1652860151296156,1.0447153585700502,1,Yeast
10.47,9.834909153403382,8.055406975703399,5.479918109220786,2.600396113122946,0.13533051390247594,2.0713640565198075,3.1462524419110016,3.2482486513730167,2.54596949264594,1.3869824080062485,0.550231981105937,1.2500691280074556,1.7938075027501155,1.7970689292280204,1.3098175448467426,0.5208646657242166,0.3456746067040403,1.0365671894618527,1.4364804055723877,1.5213306216460762,1.3855126545146392,1.1942241985424087,1.0732820516596155,1.0017388376485064,0.9067620874691857,0.8300349347596709,0.8941104340679366,1.0652794796201221,1.1847910096404497,1.1652860151296156,1.0447153585700502,0,Mammalian
14.649999999999999,13.482523599032403,10.353225980287782,6.241268463801563,2.3749658657108568,0.5004148185902771,1.305946271772036,0.7842068046325197,0.812923377935281,2.0488995414296167,2.6036488581856827,2.2441822037731294,1.4128311608780255,1.2902421245420195,1.7249757395589984,1.6020138890219304,0.7937883848986451,0.3301103432191382,1.2116151276917624,1.4800464461559037,1.201762998644755,1.2737720407822295,2.014005870016859,2.4811462318062656,2.231178070349001,1.3148870358377946,0.43241158049108686,1.241947796320606,1.818463896438062,1.7891501380417998,1.3303671750623538,0.8046745347098496,0,Mammalian
14.649999999999999,13.482523599032403,10.353225980287782,6.241268463801563,2.3749658657108568,0.5004148185902771,1.305946271772036,0.7842068046325197,0.812923377935281,2.0488995414296167,2.6036488581856827,2.2441822037731294,1.4128311608780255,1.2902421245420195,1.7249757395589984,1.6020138890219304,0.7937883848986451,0.3301103432191382,1.2116151276917624,1.4800464461559037,1.201762998644755,1.2737720407822295,2.014005870016859,2.4811462318062656,2.231178070349001,1.3148870358377946,0.43241158049108686,1.241947796320606,1.818463896438062,1.7891501380417998,1.3303671750623538,0.8046745347098496,1,Yeast
16.83,15.26453416033186,11.100789727012064,5.728962620809232,1.0724656293332608,2.581346813835176,3.430581821552353,2.4217935636160655,0.6571980405108838,1.3433787547972043,2.063150859083735,1.7528666193720075,0.9410426145281212,0.8964719773467453,1.273573553342263,1.1960293309546433,0.8273451516749218,0.5109645877805704,0.22341523211432077,0.5450108155692363,1.2039432066195186,1.5379104364549607,1.2351049814926873,0.3832607366287938,1.0095002404896467,1.9749613172121172,2.2954391526756384,1.8564948780313435,0.9307937616763462,0.2568666391178769,0.6271803204041195,0.5249646461983236,0,Mammalian
16.83,15.26453416033186,11.100789727012064,5.728962620809232,1.0724656293332608,2.581346813835176,3.430581821552353,2.4217935636160655,0.6571980405108838,1.3433787547972043,2.063150859083735,1.7528666193720075,0.9410426145281212,0.8964719773467453,1.273573553342263,1.1960293309546433,0.8273451516749218,0.5109645877805704,0.22341523211432077,0.5450108155692363,1.2039432066195186,1.5379104364549607,1.2351049814926873,0.3832607366287938,1.0095002404896467,1.9749613172121172,2.2954391526756384,1.8564948780313435,0.9307937616763462,0.2568666391178769,0.6271803204041195,0.5249646461983236,1,Yeast
17.810000000000002,15.548742748504777,9.791241414299414,3.142124012171803,2.4265678477776516,4.232861458714168,3.3088563626501455,1.614893616814277,1.778626356329484,1.6171007300579732,0.3248813446534337,1.2362575267090166,1.6513111702234542,0.8316176036682564,1.5750178867122655,2.908265023707241,2.912335832283084,1.4785206790220964,0.7991442540875447,2.3420335134836665,2.7342753897504832,2.0577161692685544,1.1903227079630458,0.8368346839344296,0.6976304785272094,1.271390322629891,1.8166141292859113,1.5091234779489207,0.36589341649151036,1.0425910184243128,1.7289434126180945,1.3013845804970556,0,Mammalian
17.810000000000002,15.548742748504777,9.791241414299414,3.142124012171803,2.4265678477776516,4.232861458714168,3.3088563626501455,1.614893616814277,1.778626356329484,1.6171007300579732,0.3248813446534337,1.2362575267090166,1.6513111702234542,0.8316176036682564,1.5750178867122655,2.908265023707241,2.912335832283084,1.4785206790220964,0.7991442540875447,2.3420335134836665,2.7342753897504832,2.0577161692685544,1.1903227079630458,0.8368346839344296,0.6976304785272094,1.271390322629891,1.8166141292859113,1.5091234779489207,0.36589341649151036,1.0425910184243128,1.7289434126180945,1.3013845804970556,1,Yeast
50.83,16.543435514238983,9.413286390805524,5.824196240412314,1.3819342693974572,3.220068340731158,2.6185886264530174,3.623764314210416,1.4152986567913042,2.761557025749829,1.9445037302916504,1.1757084811099427,1.4440850247305348,0.835374134913699,1.3616407759202578,1.453898538896291,1.366199107011858,0.6900472564706142,0.9457484413177105,0.7403216541724951,1.934001844512029,1.0539607904934376,0.5476587788418665,3.80697874401101,0.9748485585385736,2.2144140955871214,4.151529839785038,3.628233133286117,3.041728617388145,1.9194476454378269,2.432180566363544,2.3528422124984,0,Mammalian
50.83,16.543435514238983,9.413286390805524,5.824196240412314,1.3819342693974572,3.220068340731158,2.6185886264530174,3.623764314210416,1.4152986567913042,2.761557025749829,1.9445037302916504,1.1757084811099427,1.4440850247305348,0.835374134913699,1.3616407759202578,1.453898538896291,1.366199107011858,0.6900472564706142,0.9457484413177105,0.7403216541724951,1.934001844512029,1.0539607904934376,0.5476587788418665,3.80697874401101,0.9748485585385736,2.2144140955871214,4.151529839785038,3.628233133286117,3.041728617388145,1.9194476454378269,2.432180566363544,2.3528422124984,1,Yeast
18.61,16.206547055306295,10.040992058561807,2.7319553041346807,3.024127731691215,5.277496397598926,4.21093351446855,1.4255866002335165,1.5425474564173733,2.6422038106862553,2.173684081820054,1.0923130075814607,0.7672398699776146,0.5981202383811929,0.6225106572391736,1.26248081074781,1.367954677611799,0.9447860655753483,0.906586216515183,1.00991214838061,0.618897474591355,1.209450705872479,2.16824177457588,2.3371706402796133,1.628357253399969,1.0320650089200343,1.3464144816597174,1.1308625027893853,0.4623422544796455,1.4393012035051709,2.0754981313592618,1.7227640790247167,0,Mammalian
18.61,16.206547055306295,10.040992058561807,2.7319553041346807,3.024127731691215,5.277496397598926,4.21093351446855,1.4255866002335165,1.5425474564173733,2.6422038106862553,2.173684081820054,1.0923130075814607,0.7672398699776146,0.5981202383811929,0.6225106572391736,1.26248081074781,1.367954677611799,0.9447860655753483,0.906586216515183,1.00991214838061,0.618897474591355,1.209450705872479,2.16824177457588,2.3371706402796133,1.628357253399969,1.0320650089200343,1.3464144816597174,1.1308625027893853,0.4623422544796455,1.4393012035051709,2.0754981313592618,1.7227640790247167,1,Yeast
21.95,19.166250068938705,12.026658414319924,3.6076060927770226,3.285418704720459,5.851465530780152,4.609214081739154,1.3842793748917193,1.86000509267045,2.9238501953237876,1.9646764276464221,0.35528440044601606,1.5221618878229952,1.667835076570262,0.8568262163404796,1.152025991434701,1.7066048165876004,1.440707150889392,1.152762952387379,1.5372199126589081,1.5429563608378885,0.9995632028874176,0.8650521713035304,1.0676848674297865,0.7862449079262706,0.8284112201427746,1.3863905680621356,1.3586339684412128,0.6234843947381323,0.5536043946169418,1.1029378100880982,0.8666052551929062,1,Yeast
21.95,19.166250068938705,12.026658414319924,3.6076060927770226,3.285418704720459,5.851465530780152,4.609214081739154,1.3842793748917193,1.86000509267045,2.9238501953237876,1.9646764276464221,0.35528440044601606,1.5221618878229952,1.667835076570262,0.8568262163404796,1.152025991434701,1.7066048165876004,1.440707150889392,1.152762952387379,1.5372199126589081,1.5429563608378885,0.9995632028874176,0.8650521713035304,1.0676848674297865,0.7862449079262706,0.8284112201427746,1.3863905680621356,1.3586339684412128,0.6234843947381323,0.5536043946169418,1.1029378100880982,0.8666052551929062,0,Mammalian
18.490000000000002,16.00327885584747,9.701230343539711,2.6102123713567282,3.3382005994105497,4.832072726152369,3.0235859920271393,0.8366662283298975,3.009489627069135,3.3068504338339113,1.5816637616795302,0.9058975715348299,2.434943226716646,2.3122880563856394,0.9293427060302577,0.9847014712450604,1.7041420128616038,1.235262394215212,0.1047086305312878,0.9287807162060508,1.027609001013066,0.42757246765442486,0.8347747532388501,1.1603151782717975,0.6349584116800706,0.3994713174958682,1.1700802326729913,1.1055275331004442,0.4663560676121799,1.1899199671014735,1.7233162545786338,1.2562493651651585,1,Yeast
18.490000000000002,16.00327885584747,9.701230343539711,2.6102123713567282,3.3382005994105497,4.832072726152369,3.0235859920271393,0.8366662283298975,3.009489627069135,3.3068504338339113,1.5816637616795302,0.9058975715348299,2.434943226716646,2.3122880563856394,0.9293427060302577,0.9847014712450604,1.7041420128616038,1.235262394215212,0.1047086305312878,0.9287807162060508,1.027609001013066,0.42757246765442486,0.8347747532388501,1.1603151782717975,0.6349584116800706,0.3994713174958682,1.1700802326729913,1.1055275331004442,0.4663560676121799,1.1899199671014735,1.7233162545786338,1.2562493651651585,0,Mammalian
6.32,6.227844174860012,5.955796320142412,5.516872078054575,4.931967702259572,4.228714507035671,3.4399712403433482,2.6020473958808292,1.7527860501445296,0.9298080477355841,0.1754363744055098,0.5125985860330797,1.0684453830201643,1.4931490854473148,1.7759114355882146,1.9149913332818216,1.9167159413955948,1.7947913429667777,1.5693214698907407,1.2656366060322024,0.9133962783686089,0.548430774171817,0.24455509561318395,0.2921482487714015,0.5352953039386193,0.7362042874411044,0.8591702499467475,0.8950402506269691,0.8446456570856848,0.7164741501008973,0.5262110993007159,0.30024682209526277,0,Mammalian
6.32,6.227844174860012,5.955796320142412,5.516872078054575,4.931967702259572,4.228714507035671,3.4399712403433482,2.6020473958808292,1.7527860501445296,0.9298080477355841,0.1754363744055098,0.5125985860330797,1.0684453830201643,1.4931490854473148,1.7759114355882146,1.9149913332818216,1.9167159413955948,1.7947913429667777,1.5693214698907407,1.2656366060322024,0.9133962783686089,0.548430774171817,0.24455509561318395,0.2921482487714015,0.5352953039386193,0.7362042874411044,0.8591702499467475,0.8950402506269691,0.8446456570856848,0.7164741501008973,0.5262110993007159,0.30024682209526277,1,Yeast
14.370000000000001,12.967158603776397,9.231467980271194,4.401626576647445,0.3722643837430951,2.799821026116153,3.347922692481785,2.047079335858622,0.4907545655240283,2.219060485788601,3.017159669630479,2.4318565971447463,0.8951922790314575,1.0180514477570248,2.097551304935969,2.096212750233651,1.087795936745491,0.5757290938946994,1.7578502600777888,2.1848485433586102,1.677400102697399,0.6655787924444251,0.8150679497409532,1.2527475107893613,0.8309993720920145,0.3432283805785274,1.7569248440658622,2.780647974901971,2.977445030160858,2.3150126186303397,1.2030296830351201,0.5420019721344618,0,Mammalian
6.8100000000000005,6.712855691781127,6.4264500641278905,5.965603741474418,5.354174253813138,4.623896071334445,3.813017693406275,2.965213819459751,2.130244984236799,1.3725342344263134,0.8182387035611713,0.7307350335982588,1.007995843863189,1.2893660585082303,1.456196321470193,1.4822301323582023,1.3688316185711085,1.131317924710733,0.7954123439814855,0.40274525845238773,0.20256172552060434,0.5790688895992897,0.9941563541942341,1.3559908406124856,1.6329899899062332,1.804194746337528,1.8571297948689351,1.7879085629098517,1.6012904751834325,1.3104873321056603,0.9372590953624925,0.5170193293824911,0,Mammalian
34.489999999999995,22.73758125862507,2.855837334673885,6.049613111543933,1.330981121412869,6.430427735040259,1.8849791045845474,2.88234116706151,1.0575747729900524,3.498847869165805,1.7705522165139738,2.548686627279405,1.5879461360433522,1.682974308181838,0.7717099002217466,2.3861851901354134,2.276949713981405,0.7096347337279091,1.1966290485166364,1.9642497568413833,2.3199486566995406,1.268713571213142,3.2641027263840967,2.147802085086911,0.2427665535757315,0.37709518461163294,0.6618301902499291,1.1597990632816737,0.8788370461840613,2.1437895735524153,2.489728636376144,1.656064963616381,0,Mammalian
40.0,21.83770344205195,5.181455066811977,4.496643490290547,5.284796599960283,1.3013287646220357,5.967317038485712,1.8206741904495483,4.418238044640781,1.6500238197642678,3.081975914008708,2.2366257452532152,2.5052631213590817,1.9264722894969506,0.20959844847429535,2.8863654974048933,0.7071067811865501,2.886490539510863,1.4428236525811773,2.4344928572562,2.265308644520309,1.3263255711813196,3.6410626927482403,3.6488658230652904,0.7397111469275042,0.196752291897423,1.5453521306457956,0.08352292934983194,0.5590691682322942,1.332430873654082,1.2682085301762054,0.548193433478792,0,Mammalian
36.89,24.189900095566653,1.4527466094340489,7.065927682775647,1.2375442511977421,4.7523565701227515,1.0209143242032765,5.305037763283663,1.9170127373471177,2.5882632178240175,0.23380988765423433,4.042536125770867,2.545268308024922,2.2109191491391393,2.3592537675400758,1.387664396260729,2.3135470602518575,1.3699296483675487,1.6013811555163653,1.2754950123108926,2.7502150094057733,0.7534139023551975,1.842884690382186,2.6757755070201146,1.7725862926382205,0.5951763519252733,1.1592913385261232,1.0175116869139762,2.39875193976588,1.6069403428280231,1.3556968073016362,1.0012371880869828,0,Mammalian
7.41,7.290650497876342,6.9386421661128965,6.3717648805851725,5.61859192695974,4.7169616640526355,3.71208696883145,2.6547695488221557,1.6019517315094634,0.6457453673216683,0.5334742461436353,1.249523994213012,1.870522913024642,2.3178973960988443,2.573629427080476,2.636193715035861,2.516286947071021,2.2351536955897826,1.8230426463029392,1.3178670159686299,0.766827121881927,0.27837175003539827,0.466785398074027,0.9219018326769709,1.3041283103720405,1.570879880276235,1.7038354915094573,1.6967697579355892,1.5541380103771076,1.290439654149984,0.9298728660505954,0.5101283638375519,0,Mammalian
19.95,17.368014649513203,10.780179149047159,3.0822932466057824,2.7794451360434054,4.690885581759986,3.0477825945027144,1.2093161508413368,3.6404736235274937,4.3069494598928255,2.800231984187548,0.39348348531291727,1.5284985701266356,1.7625866971278685,0.607713886637607,1.0796254944839494,1.9011838417154718,1.4514872279814037,0.16837594769472686,1.3655391265971197,1.9658235559541728,1.5590912592163024,0.9077590482303907,1.2835431738630854,1.5408931813726097,1.1349037664928436,0.4557923154876206,0.734900499772632,1.3359321104386903,1.7529063542512546,1.8598978072873285,1.6237024057137839,0,Mammalian
21.91,18.573991245099926,10.470481161221615,2.3968783862867595,3.4698744563304493,3.297456022701873,0.9966043092898965,3.1636318396741294,3.4946729044243723,1.5297382108242707,1.4132749745695674,2.1305705313838725,0.8692544763536952,1.2866500190658705,2.2009321605440695,1.3677039518520613,1.547675676619621,2.8015518676309217,2.407077678825435,1.1662456315580605,2.188975626418988,2.648013400622206,1.5954925648356504,0.6702700167068917,1.3213104446276522,1.2565186836893374,1.340770263251726,1.2975585922599457,0.15084302963057536,1.6649558749598619,2.7471205286591798,2.2042446011325083,0,Mammalian
42.32,22.873745990536623,3.9149166934632653,3.1496033132747683,6.833571308447712,0.7375626083365204,4.782142557614341,2.9106524492333974,5.153214529221977,1.397060039785817,2.8220783764079314,0.479197191412731,1.7815881104184164,2.5894379737211377,1.2458684269977853,1.515376530256596,2.220360331117452,0.3409632291066757,3.659125341947275,1.8804286351814143,1.0054806997358812,1.4557327696251972,1.967721623337356,1.9146776250394082,1.5001266665903652,2.8291403926359373,1.3442980759038317,2.18640469716646,0.8268346507220253,0.8902573986531978,1.9392682563297905,0.9835192524069276,0,Mammalian
21.659999999999997,18.291722754101666,10.102717982652388,2.042700990026115,3.9613741019769733,3.778289993248534,0.5774959356139814,2.61376144725921,3.056494558443021,1.1159618012151211,2.0553773004869083,3.0637961016779047,1.879885700385933,0.5863378220313862,1.8296937981300319,1.3452807481315874,0.39395431207184456,1.792103685221954,1.7482150643441727,0.6259504236886952,1.3062174636618002,1.7400478689961694,1.5085981188854616,1.8135943061153879,1.7407587466987493,0.6995040034277323,1.4948414348534291,2.3378385416978404,1.7288553772064197,0.49847918801483615,1.3523895349379662,1.3975767260087988,0,Mammalian
23.29,19.75092662405902,11.115750454172204,2.081061634235844,3.3176417688171904,3.328311277488348,0.32305517716075527,2.7504430426354958,2.7206417355880683,0.027291561089338043,3.1707544430910826,4.274861908058135,2.6249627863612353,0.7571996129006014,2.7378171187062375,2.660504121064479,0.8614522621712715,1.408577205845459,2.133092723427142,1.5917396416931922,1.353855154080563,1.4542003533534735,0.7814702281149278,0.7622554575590342,1.1147683824796741,0.4984083127287168,1.0097696744304268,1.6932063697715827,1.265819768287612,0.7425668343472394,1.4638257408756588,1.4087027501632898,0,Mammalian
39.050000000000004,25.03986984444377,1.6169908419720003,7.71147530557533,1.7654407577896407,4.349955376920392,1.5748149857315457,3.9368374341762262,0.4968804419228487,2.828794690939624,0.8737242798166196,2.717782101406288,1.611543824713704,2.477543310955583,0.9192178352846153,2.1028931888014912,1.691774216614026,4.419505536022433,2.8325310830792647,2.415765627355097,0.6802615106825812,2.603170051516481,0.7484411632752775,2.0127291971571535,0.9325823429781177,1.1035943866688411,0.4380056395389356,1.4356096972631651,1.2839741854282405,1.8452655105217703,0.9737029218836066,1.4117506791844607,0,Mammalian
19.59,17.11844777309456,10.809927715491844,3.4065593298698125,2.2642908510162787,4.3540777613534125,3.306951523711884,1.753788547852993,2.8293545214139355,3.1913074154855554,2.1730897850627025,1.147810904881801,1.0511020835804894,0.3798042158552018,0.8995041295064139,1.7909353308572449,1.5673225577397905,0.7064957680031067,1.6882641616025857,2.385624629431563,1.8219953137708904,0.5795667576265486,1.2137481246957464,1.4211310045543148,0.32210711285925053,1.4988874508273167,2.88282792532449,3.0096044644566198,1.851514090816931,0.18486221931026361,0.9641526207676816,1.0407255593883116,0,Mammalian
21.34,18.002811794139596,9.786576131362438,0.9460794429270077,4.550744476832753,5.126844822888783,2.3405120788365554,0.9044888685568967,2.0134435909559207,0.9706075499122465,0.7512448530901256,1.492538895105099,1.0766258995718037,1.4023068709146003,1.694717467324381,1.2329918356252494,2.144574549881631,3.038828643223255,2.4699870955178285,0.9620308972712504,0.9339785604405615,0.8399329006073621,0.4851539471698007,1.8827956075935683,2.0759684260697533,0.7762693832627998,1.284153919669875,2.412140702204982,2.0626404019083817,1.1489495733192154,1.5864529040081585,1.7013779275994911,0,Mammalian
19.310000000000002,16.18026678342751,8.58050452016916,1.6771169455909973,4.564744418650915,4.34475962954994,1.2709642604370766,2.2471247570731263,3.0009283598010037,1.5570051209027158,1.2716048967563245,1.6399667876705077,0.09746709587528773,2.4533100419299796,3.8594420496073503,3.064884764078726,0.7470609078247901,1.952405537212214,2.770766977698255,1.845071487178475,0.9881432399840647,1.5545437789446166,1.040216091204086,0.46902181985102154,1.7474063578177974,1.9219510557627433,1.0958707324371977,0.994922947071466,1.5033234831169073,1.145314587379662,0.38573080898563145,1.1478056574615807,0,Mammalian
15.82,14.540162733219749,11.089595952276554,6.496467923505615,2.094693858361325,1.3587221294968872,2.674281263517169,2.3460936294625903,0.9792636651944262,0.6894780571455889,1.688051708592608,1.8647533651364205,1.4205863278971589,1.073702891856013,1.171724390876328,1.023755895568646,0.3765634076752546,0.5533456235573347,1.2505026603715717,1.3780214678276002,0.8267939253654353,0.20299863245775823,1.2945610329888688,2.0530650254528404,2.2729370149720336,2.043644935950238,1.6530551016369674,1.274430538283679,0.802124634775561,0.586376694514176,1.373167280056584,2.166143460567836,0,Mammalian
20.02,17.45151086046937,10.934186867384025,3.434205231634185,2.3207229772951528,3.9406927789066626,2.204256080533706,1.189875958740979,3.4748743757467193,3.660046913447253,2.0313191121818193,1.251632918342672,2.2119216585383614,1.8511026965664314,0.4547309913264141,1.0726864608126552,1.4317821063276364,0.6586625784631632,0.6069447908676823,1.178568072225676,0.6247698170845343,0.7505010217777093,1.9818700715452051,2.2369709149828676,1.4960107194732433,1.1923886730877105,1.6219198985111054,1.0430941678228982,0.6894273818201451,2.4572869301983227,3.2199627255194665,2.4649803107480337,0,Mammalian
17.410000000000004,15.781536458220268,11.417944360950786,5.696046632607858,0.7068631475096613,3.4439017485712746,4.60456510542779,3.579506290096296,1.4191569153767134,1.3622658562168475,2.586452979013603,2.556531526994696,1.504956251903358,0.6685815156147081,1.3286513582163497,1.4425470433697127,0.9042676594902649,1.0633367890777532,1.7763679625140585,1.8484290960849998,1.1536364803376458,0.8946616143402832,1.8973768792578611,2.416464598376566,1.9856972703658664,0.7467197948574622,0.7938015286597191,1.9686706510378227,2.349845535728657,1.9134489109354922,1.179758572199964,1.1097897038586875,0,Mammalian
15.23,13.820867989302359,10.051649123954975,5.125556766017252,0.7038014832482838,2.652134393506038,3.627141767461144,2.7932079959028084,1.0421531459278375,0.8032091276525597,1.5373715176746812,1.1887923913423804,0.35138445442562544,1.2744025450742438,1.8632932760245462,1.5345973380417959,0.4601086828130932,0.7828730383543451,1.5214351147835057,1.3610487101298268,0.8329944901969282,1.9287849678489646,3.2229094438735664,3.662511616365027,2.9521037956739793,1.3480407963733951,0.7067899979455734,2.095994963069621,2.5852877241551044,2.0707579084115544,0.9529728635678718,0.12079426666121779,0,Mammalian
22.36,18.714867219409935,9.83095781846632,0.5411428212046243,4.751020152900471,4.490272263500314,0.7494976184385045,2.8204479836896237,3.546738145884198,1.5473775892849073,1.6925574427202996,2.8438837888468695,1.8657822128547235,0.8613247905311174,1.7293555171247563,1.150674945544986,0.9774456506629924,2.0815126831141066,1.7532151537561282,0.2770900910873556,1.1721745480021537,1.659255276961601,2.1827301465163775,2.9934087904479085,2.652743584391435,1.2627670585289423,2.2388415540401496,3.186907578908857,2.449463424904414,1.717518121215694,2.4536940962566587,2.0482979904699192,0,Mammalian
47.07000000000001,21.074780637426972,9.318133785579647,1.5901176730735687,5.829320899759498,4.672487559571725,2.802668677249584,3.215277336889053,1.698476458391139,2.8740300808449684,1.531804687134558,2.6935882958543287,2.288252214749862,1.7042548297425602,0.9581625414366914,1.549780494100981,3.2567621958012207,1.018701827712421,3.0168430890204943,1.2997601224199062,1.992564247974137,1.8948168843926902,0.8333253862482078,0.926545940082906,1.5893953945733867,0.9687702510595015,3.023628162643533,1.4591083956101902,2.0486598953986346,3.3147224677844864,0.9314662072216094,1.8452049379109372,0,Mammalian
20.91,18.240390237555356,11.466122616898211,3.6489669356204715,2.2690435759858003,4.044952512780043,2.381607377939538,0.7117452875169664,2.900127993411791,2.9794439240210946,1.5756303983252018,1.5359482255575974,1.9471150615757815,1.0505080367495372,1.772022324533436,3.150286901251345,2.8939419482774698,0.9463827091789078,1.6900199496959962,3.3515991449394495,3.2017202518583407,1.453804622430736,0.7543111787529493,2.099495382968427,2.0336808062794183,1.277312653191734,1.5515898296527473,1.782915373612215,1.046504474955782,0.38058796492163627,1.180474640381564,1.166977510338851,0,Mammalian
18.35,16.00490596326609,10.02921157383403,3.0834140491134936,2.3493235847861027,4.060710800384314,2.6156994590347744,0.7746686926245507,2.981848397501241,3.5754344693034987,2.446841499610923,1.0415647752966495,1.190642379802859,0.8884258004026774,0.3170617253210275,1.4652052740222479,1.6957889019568437,0.9704042636892818,1.26453606267412,2.1867638639965796,2.0932399485069957,0.9795054191322536,0.736643493346436,1.5898830125209171,1.4331713555326453,0.6347397837569324,1.2912945114655956,2.042022527212461,2.0209393695407067,1.524017293570938,1.3297870054872507,1.5730176732868275,0,Mammalian
28.189999999999998,22.6794091993881,9.948485820044548,1.7207028538439841,6.010573141907804,3.1084101951472807,1.8146054638630231,3.5228955800670243,1.233542734145641,1.9352173050284147,2.6397226102455735,0.6256261681296555,1.8117478041457225,1.997237794986402,0.11982658936006083,1.7790354769071688,1.9479476378999518,0.8763091203936505,0.6376280521433514,0.23152501810647763,1.3063321370556713,1.687847040664836,0.6678038596564632,0.9453755842467483,1.350026786044076,0.5452699271741425,1.277593326178533,1.642844271170749,0.8729700725942813,0.3789401477281069,0.4795485307907515,0.042852346041204595,0,Mammalian
28.189999999999998,22.6794091993881,9.948485820044548,1.7207028538439841,6.010573141907804,3.1084101951472807,1.8146054638630231,3.5228955800670243,1.233542734145641,1.9352173050284147,2.6397226102455735,0.6256261681296555,1.8117478041457225,1.997237794986402,0.11982658936006083,1.7790354769071688,1.9479476378999518,0.8763091203936505,0.6376280521433514,0.23152501810647763,1.3063321370556713,1.687847040664836,0.6678038596564632,0.9453755842467483,1.350026786044076,0.5452699271741425,1.277593326178533,1.642844271170749,0.8729700725942813,0.3789401477281069,0.4795485307907515,0.042852346041204595,0,E_coli
28.189999999999998,22.6794091993881,9.948485820044548,1.7207028538439841,6.010573141907804,3.1084101951472807,1.8146054638630231,3.5228955800670243,1.233542734145641,1.9352173050284147,2.6397226102455735,0.6256261681296555,1.8117478041457225,1.997237794986402,0.11982658936006083,1.7790354769071688,1.9479476378999518,0.8763091203936505,0.6376280521433514,0.23152501810647763,1.3063321370556713,1.687847040664836,0.6678038596564632,0.9453755842467483,1.350026786044076,0.5452699271741425,1.277593326178533,1.642844271170749,0.8729700725942813,0.3789401477281069,0.4795485307907515,0.042852346041204595,1,Yeast
16.67,15.350318050890596,11.748579156820028,6.822568654725309,1.830053866351563,2.0866344308511624,4.166496546989919,4.313525207237476,3.000303435070717,1.074130859830495,0.6200514013808112,1.3710085856297485,1.0465085515824837,0.10496973277458184,1.4966926262240208,2.543703574367239,2.8278083386255157,2.279516713067831,1.1720129762790596,0.1458867676473629,0.852950526162531,0.9826504654986545,0.45754326994243816,0.5115652480486894,1.4046990060161848,1.9110593476779634,1.839037860042655,1.2599127405008335,0.47728198964080965,0.4117160101611556,0.7494139383551931,0.7556872435635342,0,Mammalian
16.67,15.350318050890596,11.748579156820028,6.822568654725309,1.830053866351563,2.0866344308511624,4.166496546989919,4.313525207237476,3.000303435070717,1.074130859830495,0.6200514013808112,1.3710085856297485,1.0465085515824837,0.10496973277458184,1.4966926262240208,2.543703574367239,2.8278083386255157,2.279516713067831,1.1720129762790596,0.1458867676473629,0.852950526162531,0.9826504654986545,0.45754326994243816,0.5115652480486894,1.4046990060161848,1.9110593476779634,1.839037860042655,1.2599127405008335,0.47728198964080965,0.4117160101611556,0.7494139383551931,0.7556872435635342,1,Yeast
16.67,15.350318050890596,11.748579156820028,6.822568654725309,1.830053866351563,2.0866344308511624,4.166496546989919,4.313525207237476,3.000303435070717,1.074130859830495,0.6200514013808112,1.3710085856297485,1.0465085515824837,0.10496973277458184,1.4966926262240208,2.543703574367239,2.8278083386255157,2.279516713067831,1.1720129762790596,0.1458867676473629,0.852950526162531,0.9826504654986545,0.45754326994243816,0.5115652480486894,1.4046990060161848,1.9110593476779634,1.839037860042655,1.2599127405008335,0.47728198964080965,0.4117160101611556,0.7494139383551931,0.7556872435635342,0,E_coli
28.75,23.12201417861624,10.121986456800688,1.7781413826481105,6.152405426959893,3.175265238460015,1.8407407813016061,3.604005683455041,1.290620006043607,1.9230797673831852,2.643740197189206,0.610650267885525,1.7664941281124409,1.9205970595874453,0.04708184191388613,1.7334267301159045,1.7184004189943625,0.56415202992544,0.8592932382977819,0.31268049799921543,1.1349813536614635,1.5788800045657927,0.558418513176294,0.9308005714544013,1.290620006043607,0.3527314191997963,1.1743477750390425,1.4246559225444215,0.566765634543524,0.5779788889499852,0.5665472728229579,0.1729291292196428,1,Yeast
28.75,23.12201417861624,10.121986456800688,1.7781413826481105,6.152405426959893,3.175265238460015,1.8407407813016061,3.604005683455041,1.290620006043607,1.9230797673831852,2.643740197189206,0.610650267885525,1.7664941281124409,1.9205970595874453,0.04708184191388613,1.7334267301159045,1.7184004189943625,0.56415202992544,0.8592932382977819,0.31268049799921543,1.1349813536614635,1.5788800045657927,0.558418513176294,0.9308005714544013,1.290620006043607,0.3527314191997963,1.1743477750390425,1.4246559225444215,0.566765634543524,0.5779788889499852,0.5665472728229579,0.1729291292196428,0,E_coli
28.75,23.12201417861624,10.121986456800688,1.7781413826481105,6.152405426959893,3.175265238460015,1.8407407813016061,3.604005683455041,1.290620006043607,1.9230797673831852,2.643740197189206,0.610650267885525,1.7664941281124409,1.9205970595874453,0.04708184191388613,1.7334267301159045,1.7184004189943625,0.56415202992544,0.8592932382977819,0.31268049799921543,1.1349813536614635,1.5788800045657927,0.558418513176294,0.9308005714544013,1.290620006043607,0.3527314191997963,1.1743477750390425,1.4246559225444215,0.566765634543524,0.5779788889499852,0.5665472728229579,0.1729291292196428,0,Mammalian
30.009999999999998,24.117876382413716,10.512654719269381,1.9153093110475865,6.4728896354653545,3.3263703627832197,1.9222903923132828,3.8023368628366434,1.4271169282270182,1.8979892790695951,2.6563259579171,0.5849056376245583,1.71184385357355,1.8024380158938604,0.11698536158543738,1.667177497303336,1.2913945950018533,0.43613037557670564,1.5136514217993307,0.8527307821744247,0.7504481755653621,1.3595780009278151,0.4747732081514978,0.9337638363775668,1.1659919695983678,0.16739518588888427,1.0744855248254803,0.9669323263588173,0.290719665413727,1.1907780260466037,0.8094861719391511,0.5045035245270978,1,Yeast
30.009999999999998,24.117876382413716,10.512654719269381,1.9153093110475865,6.4728896354653545,3.3263703627832197,1.9222903923132828,3.8023368628366434,1.4271169282270182,1.8979892790695951,2.6563259579171,0.5849056376245583,1.71184385357355,1.8024380158938604,0.11698536158543738,1.667177497303336,1.2913945950018533,0.43613037557670564,1.5136514217993307,0.8527307821744247,0.7504481755653621,1.3595780009278151,0.4747732081514978,0.9337638363775668,1.1659919695983678,0.16739518588888427,1.0744855248254803,0.9669323263588173,0.290719665413727,1.1907780260466037,0.8094861719391511,0.5045035245270978,0,E_coli
30.009999999999998,24.117876382413716,10.512654719269381,1.9153093110475865,6.4728896354653545,3.3263703627832197,1.9222903923132828,3.8023368628366434,1.4271169282270182,1.8979892790695951,2.6563259579171,0.5849056376245583,1.71184385357355,1.8024380158938604,0.11698536158543738,1.667177497303336,1.2913945950018533,0.43613037557670564,1.5136514217993307,0.8527307821744247,0.7504481755653621,1.3595780009278151,0.4747732081514978,0.9337638363775668,1.1659919695983678,0.16739518588888427,1.0744855248254803,0.9669323263588173,0.290719665413727,1.1907780260466037,0.8094861719391511,0.5045035245270978,0,Mammalian
42.89,22.727117943251447,5.825813039910472,5.508383919243683,5.3474351126299995,1.6105872187342378,3.8493589171785425,1.264880538094676,3.219136320816201,1.7196425545880172,1.1167202475618818,2.7327141603268474,0.508377997471402,3.67412255837512,0.2708725565283498,2.7169581509266574,1.0870602559196054,2.020491049546862,2.2739242641434942,1.6925808606945716,2.3288622925763605,0.473860007426274,0.6000237306523395,2.3068748113128237,1.06101901396815,3.6921066291562314,2.8177339765241265,2.638959302534679,1.8676428861307317,1.6841320736681216,0.957244743358415,0.6040530651020138,0,Mammalian
42.89,22.727117943251447,5.825813039910472,5.508383919243683,5.3474351126299995,1.6105872187342378,3.8493589171785425,1.264880538094676,3.219136320816201,1.7196425545880172,1.1167202475618818,2.7327141603268474,0.508377997471402,3.67412255837512,0.2708725565283498,2.7169581509266574,1.0870602559196054,2.020491049546862,2.2739242641434942,1.6925808606945716,2.3288622925763605,0.473860007426274,0.6000237306523395,2.3068748113128237,1.06101901396815,3.6921066291562314,2.8177339765241265,2.638959302534679,1.8676428861307317,1.6841320736681216,0.957244743358415,0.6040530651020138,0,E_coli
42.89,22.727117943251447,5.825813039910472,5.508383919243683,5.3474351126299995,1.6105872187342378,3.8493589171785425,1.264880538094676,3.219136320816201,1.7196425545880172,1.1167202475618818,2.7327141603268474,0.508377997471402,3.67412255837512,0.2708725565283498,2.7169581509266574,1.0870602559196054,2.020491049546862,2.2739242641434942,1.6925808606945716,2.3288622925763605,0.473860007426274,0.6000237306523395,2.3068748113128237,1.06101901396815,3.6921066291562314,2.8177339765241265,2.638959302534679,1.8676428861307317,1.6841320736681216,0.957244743358415,0.6040530651020138,1,Yeast
29.020000000000003,21.797929769393445,6.562977801135272,4.285727641236348,4.444175743267541,2.575787588820038,4.992696903130344,2.3816180957593343,1.7509873053573328,1.5392973836145125,1.692211110466078,2.8427925298588703,0.46038987241967444,2.4950453904735945,2.4484469538059686,0.40130626900783734,2.0237094653136363,1.4901899785559611,1.5705537429296,1.2393837786067046,1.1912905420442104,1.9936810354338168,0.9256700137639725,1.4509826705721764,1.5213295029274458,0.6089422813912972,1.3921493148728006,1.5258329537354507,1.5122731144743002,0.5356019096770044,1.3339585220609254,1.9962230479687684,1,Yeast
29.020000000000003,21.797929769393445,6.562977801135272,4.285727641236348,4.444175743267541,2.575787588820038,4.992696903130344,2.3816180957593343,1.7509873053573328,1.5392973836145125,1.692211110466078,2.8427925298588703,0.46038987241967444,2.4950453904735945,2.4484469538059686,0.40130626900783734,2.0237094653136363,1.4901899785559611,1.5705537429296,1.2393837786067046,1.1912905420442104,1.9936810354338168,0.9256700137639725,1.4509826705721764,1.5213295029274458,0.6089422813912972,1.3921493148728006,1.5258329537354507,1.5122731144743002,0.5356019096770044,1.3339585220609254,1.9962230479687684,0,E_coli
29.020000000000003,21.797929769393445,6.562977801135272,4.285727641236348,4.444175743267541,2.575787588820038,4.992696903130344,2.3816180957593343,1.7509873053573328,1.5392973836145125,1.692211110466078,2.8427925298588703,0.46038987241967444,2.4950453904735945,2.4484469538059686,0.40130626900783734,2.0237094653136363,1.4901899785559611,1.5705537429296,1.2393837786067046,1.1912905420442104,1.9936810354338168,0.9256700137639725,1.4509826705721764,1.5213295029274458,0.6089422813912972,1.3921493148728006,1.5258329537354507,1.5122731144743002,0.5356019096770044,1.3339585220609254,1.9962230479687684,0,Mammalian
17.64,15.37541981021381,9.574897149424363,2.7045334722009637,2.5909886132685944,4.67833321278538,3.708708862563436,1.227159737179399,1.1395661053000974,1.7973002004833936,1.007729352746272,0.513816766599557,1.273977376041466,1.1074484849226318,0.716933601287279,1.1850783078247953,1.193314711214104,0.4552697372195972,0.6739953573098564,1.2227127628074295,1.181110566097429,1.3473732476247475,1.784281643222022,1.5345079946322049,0.39772992300198906,1.111297311797634,2.069498283733882,2.0747980830090618,1.8081862409331606,2.3519181709732777,2.6930571927190217,1.9806006394292062,0,E_coli
17.64,15.37541981021381,9.574897149424363,2.7045334722009637,2.5909886132685944,4.67833321278538,3.708708862563436,1.227159737179399,1.1395661053000974,1.7973002004833936,1.007729352746272,0.513816766599557,1.273977376041466,1.1074484849226318,0.716933601287279,1.1850783078247953,1.193314711214104,0.4552697372195972,0.6739953573098564,1.2227127628074295,1.181110566097429,1.3473732476247475,1.784281643222022,1.5345079946322049,0.39772992300198906,1.111297311797634,2.069498283733882,2.0747980830090618,1.8081862409331606,2.3519181709732777,2.6930571927190217,1.9806006394292062,0,Mammalian
17.64,15.37541981021381,9.574897149424363,2.7045334722009637,2.5909886132685944,4.67833321278538,3.708708862563436,1.227159737179399,1.1395661053000974,1.7973002004833936,1.007729352746272,0.513816766599557,1.273977376041466,1.1074484849226318,0.716933601287279,1.1850783078247953,1.193314711214104,0.4552697372195972,0.6739953573098564,1.2227127628074295,1.181110566097429,1.3473732476247475,1.784281643222022,1.5345079946322049,0.39772992300198906,1.111297311797634,2.069498283733882,2.0747980830090618,1.8081862409331606,2.3519181709732777,2.6930571927190217,1.9806006394292062,1,Yeast
12.43,11.815483716915917,10.076278418010224,7.504878927478121,4.525589199174467,1.628167718883436,0.9590664897945423,2.563159400562032,3.2975959355287494,3.1750800781003856,2.41425138822318,1.3752606390280986,0.7182953469380079,1.0627964304971103,1.3241450694547756,1.116645595881127,0.4940647730814258,0.4437939380554934,1.311451489617565,1.9713334540417546,2.248241760028717,2.0841512891488807,1.53619122063092,0.7646619539440079,0.2843607673084828,0.847971087613672,1.2389909902212914,1.321163578958227,1.187982821149187,1.0902713753202213,1.2370722010385833,1.4810768489891288,1,Yeast
12.43,11.815483716915917,10.076278418010224,7.504878927478121,4.525589199174467,1.628167718883436,0.9590664897945423,2.563159400562032,3.2975959355287494,3.1750800781003856,2.41425138822318,1.3752606390280986,0.7182953469380079,1.0627964304971103,1.3241450694547756,1.116645595881127,0.4940647730814258,0.4437939380554934,1.311451489617565,1.9713334540417546,2.248241760028717,2.0841512891488807,1.53619122063092,0.7646619539440079,0.2843607673084828,0.847971087613672,1.2389909902212914,1.321163578958227,1.187982821149187,1.0902713753202213,1.2370722010385833,1.4810768489891288,0,Mammalian
12.43,11.815483716915917,10.076278418010224,7.504878927478121,4.525589199174467,1.628167718883436,0.9590664897945423,2.563159400562032,3.2975959355287494,3.1750800781003856,2.41425138822318,1.3752606390280986,0.7182953469380079,1.0627964304971103,1.3241450694547756,1.116645595881127,0.4940647730814258,0.4437939380554934,1.311451489617565,1.9713334540417546,2.248241760028717,2.0841512891488807,1.53619122063092,0.7646619539440079,0.2843607673084828,0.847971087613672,1.2389909902212914,1.321163578958227,1.187982821149187,1.0902713753202213,1.2370722010385833,1.4810768489891288,0,E_coli
22.689999999999998,18.509105251254955,8.53831177243222,1.3748439669172148,6.2270403324634085,5.028163545669237,0.8790957875236712,2.7861161938295447,3.2382493594540094,1.7290234608553698,0.8315145948885863,0.5878461549941058,0.706631923777626,1.0545720628558304,0.7074433087133234,1.3641541842684062,1.7439323381370033,1.1504018358521815,1.0486264740926468,1.3418599628570698,0.8877612817121259,0.6104005060703958,0.36587106418897036,0.8153149350864467,2.175210584287347,2.6745035725115702,1.9887189680908006,0.8035839351284074,0.20029959776588263,0.5448716096700623,0.9545930361806624,0.9554524250342177,1,Yeast
22.689999999999998,18.509105251254955,8.53831177243222,1.3748439669172148,6.2270403324634085,5.028163545669237,0.8790957875236712,2.7861161938295447,3.2382493594540094,1.7290234608553698,0.8315145948885863,0.5878461549941058,0.706631923777626,1.0545720628558304,0.7074433087133234,1.3641541842684062,1.7439323381370033,1.1504018358521815,1.0486264740926468,1.3418599628570698,0.8877612817121259,0.6104005060703958,0.36587106418897036,0.8153149350864467,2.175210584287347,2.6745035725115702,1.9887189680908006,0.8035839351284074,0.20029959776588263,0.5448716096700623,0.9545930361806624,0.9554524250342177,0,Mammalian
22.689999999999998,18.509105251254955,8.53831177243222,1.3748439669172148,6.2270403324634085,5.028163545669237,0.8790957875236712,2.7861161938295447,3.2382493594540094,1.7290234608553698,0.8315145948885863,0.5878461549941058,0.706631923777626,1.0545720628558304,0.7074433087133234,1.3641541842684062,1.7439323381370033,1.1504018358521815,1.0486264740926468,1.3418599628570698,0.8877612817121259,0.6104005060703958,0.36587106418897036,0.8153149350864467,2.175210584287347,2.6745035725115702,1.9887189680908006,0.8035839351284074,0.20029959776588263,0.5448716096700623,0.9545930361806624,0.9554524250342177,0,E_coli
10.620000000000001,10.16280470123554,8.856974544457124,6.889028306020212,4.536185946782072,2.125512220885581,0.3125596461238767,1.7651962300716209,2.7538837713661724,3.033384830134201,2.67034955476879,1.8430915424768424,0.866209252432977,0.7784109758609228,1.529233674101901,2.029005547708527,2.1030454108268795,1.7575239657940276,1.0984242939963549,0.3799197045673421,0.7126906013096765,1.340670144652587,1.7070938687827355,1.7417307586605941,1.4683746707860466,0.9874670818167987,0.5052091321099555,0.5074314193840597,0.8019792354052491,0.9296287679068812,0.8128003064394563,0.4918669292982845,0,Mammalian
10.620000000000001,10.16280470123554,8.856974544457124,6.889028306020212,4.536185946782072,2.125512220885581,0.3125596461238767,1.7651962300716209,2.7538837713661724,3.033384830134201,2.67034955476879,1.8430915424768424,0.866209252432977,0.7784109758609228,1.529233674101901,2.029005547708527,2.1030454108268795,1.7575239657940276,1.0984242939963549,0.3799197045673421,0.7126906013096765,1.340670144652587,1.7070938687827355,1.7417307586605941,1.4683746707860466,0.9874670818167987,0.5052091321099555,0.5074314193840597,0.8019792354052491,0.9296287679068812,0.8128003064394563,0.4918669292982845,0,E_coli
10.620000000000001,10.16280470123554,8.856974544457124,6.889028306020212,4.536185946782072,2.125512220885581,0.3125596461238767,1.7651962300716209,2.7538837713661724,3.033384830134201,2.67034955476879,1.8430915424768424,0.866209252432977,0.7784109758609228,1.529233674101901,2.029005547708527,2.1030454108268795,1.7575239657940276,1.0984242939963549,0.3799197045673421,0.7126906013096765,1.340670144652587,1.7070938687827355,1.7417307586605941,1.4683746707860466,0.9874670818167987,0.5052091321099555,0.5074314193840597,0.8019792354052491,0.9296287679068812,0.8128003064394563,0.4918669292982845,1,Yeast
13.82,12.632162268690355,9.43326116522828,5.18378393173472,1.108731293723748,1.8674737332317337,3.108959896282338,2.8500810266685237,1.8933552692582318,1.547083571452475,1.8287653920384281,1.6602478363305793,1.0853289308100336,1.1757448602711875,1.7734839710120394,1.9354222278442712,1.5344705927452633,0.9183371183534427,0.7245196916203086,0.790699432248659,0.5412092332947362,0.04496034579738592,0.48660117818712934,0.7231904350271854,0.8511203348364372,1.3274402000027061,1.9364129968689823,2.178653574295772,1.7825455382853297,0.8327562605174775,0.6821430295386557,1.6460341941080452,0,E_coli
13.82,12.632162268690355,9.43326116522828,5.18378393173472,1.108731293723748,1.8674737332317337,3.108959896282338,2.8500810266685237,1.8933552692582318,1.547083571452475,1.8287653920384281,1.6602478363305793,1.0853289308100336,1.1757448602711875,1.7734839710120394,1.9354222278442712,1.5344705927452633,0.9183371183534427,0.7245196916203086,0.790699432248659,0.5412092332947362,0.04496034579738592,0.48660117818712934,0.7231904350271854,0.8511203348364372,1.3274402000027061,1.9364129968689823,2.178653574295772,1.7825455382853297,0.8327562605174775,0.6821430295386557,1.6460341941080452,1,Yeast
13.82,12.632162268690355,9.43326116522828,5.18378393173472,1.108731293723748,1.8674737332317337,3.108959896282338,2.8500810266685237,1.8933552692582318,1.547083571452475,1.8287653920384281,1.6602478363305793,1.0853289308100336,1.1757448602711875,1.7734839710120394,1.9354222278442712,1.5344705927452633,0.9183371183534427,0.7245196916203086,0.790699432248659,0.5412092332947362,0.04496034579738592,0.48660117818712934,0.7231904350271854,0.8511203348364372,1.3274402000027061,1.9364129968689823,2.178653574295772,1.7825455382853297,0.8327562605174775,0.6821430295386557,1.6460341941080452,0,Mammalian
11.74,10.979358238659282,8.878645526122977,5.933284048003148,2.8321849299321444,0.6662848419021941,1.733607297447432,2.2299148086239633,1.7265389711402177,0.5837464505516308,0.6996289340521396,1.6414323491515808,1.9399621922887778,1.5323214192227856,0.6091595756241136,0.6241056144781064,1.5839823231336894,2.1094226805824543,2.0733763578829656,1.5937598630697403,1.1092450925280823,1.2818714411725056,1.7702681666622218,2.0439201898638215,2.0080495962834384,1.781157324102192,1.5496121199406396,1.4021366047022923,1.2639820172208704,1.0418657412506362,0.7338029028038611,0.4048077673005969,1,Yeast
11.74,10.979358238659282,8.878645526122977,5.933284048003148,2.8321849299321444,0.6662848419021941,1.733607297447432,2.2299148086239633,1.7265389711402177,0.5837464505516308,0.6996289340521396,1.6414323491515808,1.9399621922887778,1.5323214192227856,0.6091595756241136,0.6241056144781064,1.5839823231336894,2.1094226805824543,2.0733763578829656,1.5937598630697403,1.1092450925280823,1.2818714411725056,1.7702681666622218,2.0439201898638215,2.0080495962834384,1.781157324102192,1.5496121199406396,1.4021366047022923,1.2639820172208704,1.0418657412506362,0.7338029028038611,0.4048077673005969,0,E_coli
11.74,10.979358238659282,8.878645526122977,5.933284048003148,2.8321849299321444,0.6662848419021941,1.733607297447432,2.2299148086239633,1.7265389711402177,0.5837464505516308,0.6996289340521396,1.6414323491515808,1.9399621922887778,1.5323214192227856,0.6091595756241136,0.6241056144781064,1.5839823231336894,2.1094226805824543,2.0733763578829656,1.5937598630697403,1.1092450925280823,1.2818714411725056,1.7702681666622218,2.0439201898638215,2.0080495962834384,1.781157324102192,1.5496121199406396,1.4021366047022923,1.2639820172208704,1.0418657412506362,0.7338029028038611,0.4048077673005969,0,Mammalian
21.840000000000003,17.54527298659901,7.525862798908575,2.073301706546478,5.737179024092737,3.5348014188475716,1.2267337210239069,2.9479923322978854,1.2770146997068756,2.377702385410788,3.8515958808143074,2.3257925719889982,0.668547024153351,2.2708393784917167,1.440098674321181,1.2562090890278128,2.5636302385484524,2.0338655989997214,0.710968455039303,1.0182388707384433,0.6613137849405256,1.1796702384551359,1.7713936643375212,1.0980648719288486,0.6980211004923547,1.42283492627753,1.1555578950312106,0.5245587824462324,0.6594587173232659,0.8236935827171968,1.0952683606926836,0.8971640031678965,0,E_coli
21.840000000000003,17.54527298659901,7.525862798908575,2.073301706546478,5.737179024092737,3.5348014188475716,1.2267337210239069,2.9479923322978854,1.2770146997068756,2.377702385410788,3.8515958808143074,2.3257925719889982,0.668547024153351,2.2708393784917167,1.440098674321181,1.2562090890278128,2.5636302385484524,2.0338655989997214,0.710968455039303,1.0182388707384433,0.6613137849405256,1.1796702384551359,1.7713936643375212,1.0980648719288486,0.6980211004923547,1.42283492627753,1.1555578950312106,0.5245587824462324,0.6594587173232659,0.8236935827171968,1.0952683606926836,0.8971640031678965,1,Yeast
21.840000000000003,17.54527298659901,7.525862798908575,2.073301706546478,5.737179024092737,3.5348014188475716,1.2267337210239069,2.9479923322978854,1.2770146997068756,2.377702385410788,3.8515958808143074,2.3257925719889982,0.668547024153351,2.2708393784917167,1.440098674321181,1.2562090890278128,2.5636302385484524,2.0338655989997214,0.710968455039303,1.0182388707384433,0.6613137849405256,1.1796702384551359,1.7713936643375212,1.0980648719288486,0.6980211004923547,1.42283492627753,1.1555578950312106,0.5245587824462324,0.6594587173232659,0.8236935827171968,1.0952683606926836,0.8971640031678965,0,Mammalian
15.020000000000001,13.675127862313474,10.058619041152186,5.2741349262842485,0.8248759133680313,2.6062432617124403,3.8542570671607925,3.3380244787844817,1.8967824426975968,1.2180432731463022,1.7593249542424634,1.6860650747453367,0.866644083880098,0.601565549135348,1.3916921107415448,1.6192982880182538,1.2293087488503451,0.6942185981391426,0.7166342559320447,0.742675641529706,0.4986990834874521,0.9156625729120627,1.5509591212961018,1.7037548558872275,1.1782259397391224,0.3331876830140847,1.157819894907206,1.911726878385129,1.9603588915169738,1.2946948083258445,0.2442712789942787,0.6907539346602919,0,E_coli
15.020000000000001,13.675127862313474,10.058619041152186,5.2741349262842485,0.8248759133680313,2.6062432617124403,3.8542570671607925,3.3380244787844817,1.8967824426975968,1.2180432731463022,1.7593249542424634,1.6860650747453367,0.866644083880098,0.601565549135348,1.3916921107415448,1.6192982880182538,1.2293087488503451,0.6942185981391426,0.7166342559320447,0.742675641529706,0.4986990834874521,0.9156625729120627,1.5509591212961018,1.7037548558872275,1.1782259397391224,0.3331876830140847,1.157819894907206,1.911726878385129,1.9603588915169738,1.2946948083258445,0.2442712789942787,0.6907539346602919,0,Mammalian
15.020000000000001,13.675127862313474,10.058619041152186,5.2741349262842485,0.8248759133680313,2.6062432617124403,3.8542570671607925,3.3380244787844817,1.8967824426975968,1.2180432731463022,1.7593249542424634,1.6860650747453367,0.866644083880098,0.601565549135348,1.3916921107415448,1.6192982880182538,1.2293087488503451,0.6942185981391426,0.7166342559320447,0.742675641529706,0.4986990834874521,0.9156625729120627,1.5509591212961018,1.7037548558872275,1.1782259397391224,0.3331876830140847,1.157819894907206,1.911726878385129,1.9603588915169738,1.2946948083258445,0.2442712789942787,0.6907539346602919,1,Yeast
22.060000000000002,17.982574974195966,8.344885531176784,1.4288528287451074,5.396166664313317,3.630474215567074,1.1276078670001173,4.154812615291312,3.8506670155432214,1.2656005633810132,0.960089654755557,1.1485395787774464,0.3254886696408889,1.7068050098147285,1.9435199143703235,1.1839849899351258,0.3101612483854169,0.5686119556139675,1.0513804973233047,0.9334042246509276,0.1870241684076984,0.5179936868079787,0.6208598784196485,1.0910084054045122,1.912266596321616,1.9682660596962738,1.3007208673749833,0.7553477840975581,0.42292365424564976,1.1759930072020388,1.9365953251790544,1.545158028350788,1,Yeast
22.060000000000002,17.982574974195966,8.344885531176784,1.4288528287451074,5.396166664313317,3.630474215567074,1.1276078670001173,4.154812615291312,3.8506670155432214,1.2656005633810132,0.960089654755557,1.1485395787774464,0.3254886696408889,1.7068050098147285,1.9435199143703235,1.1839849899351258,0.3101612483854169,0.5686119556139675,1.0513804973233047,0.9334042246509276,0.1870241684076984,0.5179936868079787,0.6208598784196485,1.0910084054045122,1.912266596321616,1.9682660596962738,1.3007208673749833,0.7553477840975581,0.42292365424564976,1.1759930072020388,1.9365953251790544,1.545158028350788,0,Mammalian
22.060000000000002,17.982574974195966,8.344885531176784,1.4288528287451074,5.396166664313317,3.630474215567074,1.1276078670001173,4.154812615291312,3.8506670155432214,1.2656005633810132,0.960089654755557,1.1485395787774464,0.3254886696408889,1.7068050098147285,1.9435199143703235,1.1839849899351258,0.3101612483854169,0.5686119556139675,1.0513804973233047,0.9334042246509276,0.1870241684076984,0.5179936868079787,0.6208598784196485,1.0910084054045122,1.912266596321616,1.9682660596962738,1.3007208673749833,0.7553477840975581,0.42292365424564976,1.1759930072020388,1.9365953251790544,1.545158028350788,0,E_coli
14.979999999999999,14.004788852489776,11.306275555419916,7.503474060668888,3.439863815683697,0.232861508315528,2.3671268770338925,3.206429932158262,2.7344369952210172,1.41249779742721,0.32340505329981156,1.4736471645132003,2.0267781596055694,1.8026190342007535,0.9850922145807577,0.10089063964224722,0.9602083107326235,1.400802468963813,1.30893657201347,0.8117635405149422,0.22876882478066352,0.37659204846894734,0.46816590269830066,0.24735596003958538,0.6478073163886418,1.3323742039242523,1.7924313130729033,1.8009816649892276,1.305056338287485,0.4454884731977303,0.554744661193252,1.2988142391978998,0,E_coli
14.979999999999999,14.004788852489776,11.306275555419916,7.503474060668888,3.439863815683697,0.232861508315528,2.3671268770338925,3.206429932158262,2.7344369952210172,1.41249779742721,0.32340505329981156,1.4736471645132003,2.0267781596055694,1.8026190342007535,0.9850922145807577,0.10089063964224722,0.9602083107326235,1.400802468963813,1.30893657201347,0.8117635405149422,0.22876882478066352,0.37659204846894734,0.46816590269830066,0.24735596003958538,0.6478073163886418,1.3323742039242523,1.7924313130729033,1.8009816649892276,1.305056338287485,0.4454884731977303,0.554744661193252,1.2988142391978998,1,Yeast
14.979999999999999,14.004788852489776,11.306275555419916,7.503474060668888,3.439863815683697,0.232861508315528,2.3671268770338925,3.206429932158262,2.7344369952210172,1.41249779742721,0.32340505329981156,1.4736471645132003,2.0267781596055694,1.8026190342007535,0.9850922145807577,0.10089063964224722,0.9602083107326235,1.400802468963813,1.30893657201347,0.8117635405149422,0.22876882478066352,0.37659204846894734,0.46816590269830066,0.24735596003958538,0.6478073163886418,1.3323742039242523,1.7924313130729033,1.8009816649892276,1.305056338287485,0.4454884731977303,0.554744661193252,1.2988142391978998,0,Mammalian
18.64,16.274310285709415,10.213390592831505,3.108878084354569,2.7887109680068205,4.822844445396214,3.579284056144013,0.6463453291506239,2.1972132173104413,3.1315466996121177,2.1892916416399975,1.010693214511565,1.9958625418284832,2.2919569222487652,1.4426717823660469,0.8280809519583966,1.4876155417311283,1.5270406600720534,0.9585546796017715,0.8673173289278151,1.1300338605251654,0.9474578149243376,0.8244691028240068,1.3063921398502507,1.7285410257428957,1.8892775683950886,1.843705459338988,1.547118770375208,0.9965175989971289,0.5165199392384595,0.5231178488734173,0.444378804065308,0,E_coli
18.64,16.274310285709415,10.213390592831505,3.108878084354569,2.7887109680068205,4.822844445396214,3.579284056144013,0.6463453291506239,2.1972132173104413,3.1315466996121177,2.1892916416399975,1.010693214511565,1.9958625418284832,2.2919569222487652,1.4426717823660469,0.8280809519583966,1.4876155417311283,1.5270406600720534,0.9585546796017715,0.8673173289278151,1.1300338605251654,0.9474578149243376,0.8244691028240068,1.3063921398502507,1.7285410257428957,1.8892775683950886,1.843705459338988,1.547118770375208,0.9965175989971289,0.5165199392384595,0.5231178488734173,0.444378804065308,0,Mammalian
18.64,16.274310285709415,10.213390592831505,3.108878084354569,2.7887109680068205,4.822844445396214,3.579284056144013,0.6463453291506239,2.1972132173104413,3.1315466996121177,2.1892916416399975,1.010693214511565,1.9958625418284832,2.2919569222487652,1.4426717823660469,0.8280809519583966,1.4876155417311283,1.5270406600720534,0.9585546796017715,0.8673173289278151,1.1300338605251654,0.9474578149243376,0.8244691028240068,1.3063921398502507,1.7285410257428957,1.8892775683950886,1.843705459338988,1.547118770375208,0.9965175989971289,0.5165199392384595,0.5231178488734173,0.444378804065308,1,Yeast
20.93,17.32599607097647,8.702288826536769,0.18873605507122151,4.251123864925026,3.3394331609288934,1.0243802328692135,3.1968824887023133,2.8918183478179422,0.9616251947973857,1.8881718078969356,2.0170353213527368,1.565977656537229,2.2363490854902093,1.8424903175595384,0.6963140233581694,1.8722446421341417,1.9507328834701325,0.5350208288172765,1.106833628892316,1.559475280771665,0.7287870033702596,0.7071695550388633,0.8452911816301754,0.1949016244763153,1.3807475713257322,1.5951175034150789,0.6513725551188426,0.85093872455848,1.0996700659571328,1.1626328117937141,2.7422237244655174,0,Mammalian
20.93,17.32599607097647,8.702288826536769,0.18873605507122151,4.251123864925026,3.3394331609288934,1.0243802328692135,3.1968824887023133,2.8918183478179422,0.9616251947973857,1.8881718078969356,2.0170353213527368,1.565977656537229,2.2363490854902093,1.8424903175595384,0.6963140233581694,1.8722446421341417,1.9507328834701325,0.5350208288172765,1.106833628892316,1.559475280771665,0.7287870033702596,0.7071695550388633,0.8452911816301754,0.1949016244763153,1.3807475713257322,1.5951175034150789,0.6513725551188426,0.85093872455848,1.0996700659571328,1.1626328117937141,2.7422237244655174,0,E_coli
20.93,17.32599607097647,8.702288826536769,0.18873605507122151,4.251123864925026,3.3394331609288934,1.0243802328692135,3.1968824887023133,2.8918183478179422,0.9616251947973857,1.8881718078969356,2.0170353213527368,1.565977656537229,2.2363490854902093,1.8424903175595384,0.6963140233581694,1.8722446421341417,1.9507328834701325,0.5350208288172765,1.106833628892316,1.559475280771665,0.7287870033702596,0.7071695550388633,0.8452911816301754,0.1949016244763153,1.3807475713257322,1.5951175034150789,0.6513725551188426,0.85093872455848,1.0996700659571328,1.1626328117937141,2.7422237244655174,1,Yeast
20.200000000000003,17.855511149092703,11.753981945468873,4.256113674194098,1.938997060615524,4.975112137660829,4.580586149290314,1.981312479014267,0.9211110013082149,2.3999665237342676,1.9436526374915415,0.25679929773196986,1.7825517766781318,2.6005291965910127,1.9695000375513778,0.39923614549192293,1.1580155439371265,1.7518390064665084,1.155579841758667,0.3226297953051125,1.534310647640052,2.0908388316546795,1.8419986690944439,1.3815774624427999,1.2958219489069394,1.097933208791653,0.6024294137191836,0.8990242022740079,1.3311237353921526,1.109127049177237,0.3183989874986527,0.5363706051568947,0,Mammalian
20.200000000000003,17.855511149092703,11.753981945468873,4.256113674194098,1.938997060615524,4.975112137660829,4.580586149290314,1.981312479014267,0.9211110013082149,2.3999665237342676,1.9436526374915415,0.25679929773196986,1.7825517766781318,2.6005291965910127,1.9695000375513778,0.39923614549192293,1.1580155439371265,1.7518390064665084,1.155579841758667,0.3226297953051125,1.534310647640052,2.0908388316546795,1.8419986690944439,1.3815774624427999,1.2958219489069394,1.097933208791653,0.6024294137191836,0.8990242022740079,1.3311237353921526,1.109127049177237,0.3183989874986527,0.5363706051568947,0,E_coli
20.200000000000003,17.855511149092703,11.753981945468873,4.256113674194098,1.938997060615524,4.975112137660829,4.580586149290314,1.981312479014267,0.9211110013082149,2.3999665237342676,1.9436526374915415,0.25679929773196986,1.7825517766781318,2.6005291965910127,1.9695000375513778,0.39923614549192293,1.1580155439371265,1.7518390064665084,1.155579841758667,0.3226297953051125,1.534310647640052,2.0908388316546795,1.8419986690944439,1.3815774624427999,1.2958219489069394,1.097933208791653,0.6024294137191836,0.8990242022740079,1.3311237353921526,1.109127049177237,0.3183989874986527,0.5363706051568947,1,Yeast
25.490000000000002,21.15121261994471,10.706680430110435,0.40864781018156,5.528811241221388,4.741126810538414,0.7047073539634645,3.1172265668530126,3.217126783476763,0.82108986548908,1.8772345402484354,2.191839820195011,0.6246741464729549,1.0135308050361604,0.8478956536501995,1.129325583248799,3.05,3.339710687525182,1.7590875382053095,0.5305403438796007,1.4344091477051326,0.7918737931444574,0.745966788512005,1.3336529139787505,0.5860846858914373,0.818413219142573,1.5744502028055753,1.000847868891177,0.6280914476826943,1.794674345839037,2.039042985430365,1.5171249277681083,1,Yeast
25.490000000000002,21.15121261994471,10.706680430110435,0.40864781018156,5.528811241221388,4.741126810538414,0.7047073539634645,3.1172265668530126,3.217126783476763,0.82108986548908,1.8772345402484354,2.191839820195011,0.6246741464729549,1.0135308050361604,0.8478956536501995,1.129325583248799,3.05,3.339710687525182,1.7590875382053095,0.5305403438796007,1.4344091477051326,0.7918737931444574,0.745966788512005,1.3336529139787505,0.5860846858914373,0.818413219142573,1.5744502028055753,1.000847868891177,0.6280914476826943,1.794674345839037,2.039042985430365,1.5171249277681083,0,Mammalian
25.490000000000002,21.15121261994471,10.706680430110435,0.40864781018156,5.528811241221388,4.741126810538414,0.7047073539634645,3.1172265668530126,3.217126783476763,0.82108986548908,1.8772345402484354,2.191839820195011,0.6246741464729549,1.0135308050361604,0.8478956536501995,1.129325583248799,3.05,3.339710687525182,1.7590875382053095,0.5305403438796007,1.4344091477051326,0.7918737931444574,0.745966788512005,1.3336529139787505,0.5860846858914373,0.818413219142573,1.5744502028055753,1.000847868891177,0.6280914476826943,1.794674345839037,2.039042985430365,1.5171249277681083,0,E_coli
32.53,23.80072688391935,5.779500653931445,6.052171933966675,4.985061500011435,2.1328706164073994,4.444599919175926,0.7305335385231784,2.8505824034732057,1.5106073532705968,2.096593745546546,2.9726283408746887,1.048165761202773,1.5624376568978613,1.2945575533128808,2.0449197335103415,1.1107204868912788,1.349563146444866,2.120708406965475,0.5760924532927065,1.1487790787313732,0.6874102573908495,0.5715172070467743,0.4533521823437265,1.2325501860001178,1.761704575570314,1.346322853445073,1.7986389468537296,0.8471227811923463,1.2628296018625775,1.4275496019158023,0.7335723852317548,1,Yeast
32.53,23.80072688391935,5.779500653931445,6.052171933966675,4.985061500011435,2.1328706164073994,4.444599919175926,0.7305335385231784,2.8505824034732057,1.5106073532705968,2.096593745546546,2.9726283408746887,1.048165761202773,1.5624376568978613,1.2945575533128808,2.0449197335103415,1.1107204868912788,1.349563146444866,2.120708406965475,0.5760924532927065,1.1487790787313732,0.6874102573908495,0.5715172070467743,0.4533521823437265,1.2325501860001178,1.761704575570314,1.346322853445073,1.7986389468537296,0.8471227811923463,1.2628296018625775,1.4275496019158023,0.7335723852317548,0,Mammalian
32.53,23.80072688391935,5.779500653931445,6.052171933966675,4.985061500011435,2.1328706164073994,4.444599919175926,0.7305335385231784,2.8505824034732057,1.5106073532705968,2.096593745546546,2.9726283408746887,1.048165761202773,1.5624376568978613,1.2945575533128808,2.0449197335103415,1.1107204868912788,1.349563146444866,2.120708406965475,0.5760924532927065,1.1487790787313732,0.6874102573908495,0.5715172070467743,0.4533521823437265,1.2325501860001178,1.761704575570314,1.346322853445073,1.7986389468537296,0.8471227811923463,1.2628296018625775,1.4275496019158023,0.7335723852317548,0,E_coli
26.75,21.348413321222257,8.924875181704818,2.3997200586484886,6.262122614353579,3.110009286393736,1.9193756669255746,3.5626992290279764,1.2186119958808401,1.9438841967256824,2.6542684491559356,1.0254621017602268,1.8902843894470516,1.9951446746618091,1.3583141312371672,2.1708112178198262,1.614465855941216,0.783289926870651,1.6242932535300396,0.856899647855,0.8191221590758293,1.5227314960294853,0.5240515734295921,1.3256864618587358,2.0240515812338664,1.1385299942966354,0.37914586401759653,0.9536778127386156,0.4016020148420956,0.41991272979627864,0.5056990702198949,0.22687507682302327,0,Mammalian
26.75,21.348413321222257,8.924875181704818,2.3997200586484886,6.262122614353579,3.110009286393736,1.9193756669255746,3.5626992290279764,1.2186119958808401,1.9438841967256824,2.6542684491559356,1.0254621017602268,1.8902843894470516,1.9951446746618091,1.3583141312371672,2.1708112178198262,1.614465855941216,0.783289926870651,1.6242932535300396,0.856899647855,0.8191221590758293,1.5227314960294853,0.5240515734295921,1.3256864618587358,2.0240515812338664,1.1385299942966354,0.37914586401759653,0.9536778127386156,0.4016020148420956,0.41991272979627864,0.5056990702198949,0.22687507682302327,0,E_coli
26.75,21.348413321222257,8.924875181704818,2.3997200586484886,6.262122614353579,3.110009286393736,1.9193756669255746,3.5626992290279764,1.2186119958808401,1.9438841967256824,2.6542684491559356,1.0254621017602268,1.8902843894470516,1.9951446746618091,1.3583141312371672,2.1708112178198262,1.614465855941216,0.783289926870651,1.6242932535300396,0.856899647855,0.8191221590758293,1.5227314960294853,0.5240515734295921,1.3256864618587358,2.0240515812338664,1.1385299942966354,0.37914586401759653,0.9536778127386156,0.4016020148420956,0.41991272979627864,0.5056990702198949,0.22687507682302327,1,Yeast
14.780000000000001,13.575621543917299,10.297509223351037,5.841862715990127,1.3789590852228586,2.0293688580467406,3.7139834671230916,3.6147026616249365,2.2177967168246093,0.44683565096133254,1.2903025863503752,1.8885017231961654,1.4381649290792733,0.3889471154072083,1.3753665920936868,2.4602180702698235,2.8120455188349998,2.371193556654684,1.432644921055873,0.6532499344654941,0.8181648557004043,0.9146221360143603,0.6034246542761185,0.46011395868433524,0.7998610647118545,0.8893080494481873,0.785303556245956,1.216257557257092,1.9713852355499881,2.418069718985018,2.238620583144637,1.4398359127344516,0,Mammalian
14.780000000000001,13.575621543917299,10.297509223351037,5.841862715990127,1.3789590852228586,2.0293688580467406,3.7139834671230916,3.6147026616249365,2.2177967168246093,0.44683565096133254,1.2903025863503752,1.8885017231961654,1.4381649290792733,0.3889471154072083,1.3753665920936868,2.4602180702698235,2.8120455188349998,2.371193556654684,1.432644921055873,0.6532499344654941,0.8181648557004043,0.9146221360143603,0.6034246542761185,0.46011395868433524,0.7998610647118545,0.8893080494481873,0.785303556245956,1.216257557257092,1.9713852355499881,2.418069718985018,2.238620583144637,1.4398359127344516,0,E_coli
14.780000000000001,13.575621543917299,10.297509223351037,5.841862715990127,1.3789590852228586,2.0293688580467406,3.7139834671230916,3.6147026616249365,2.2177967168246093,0.44683565096133254,1.2903025863503752,1.8885017231961654,1.4381649290792733,0.3889471154072083,1.3753665920936868,2.4602180702698235,2.8120455188349998,2.371193556654684,1.432644921055873,0.6532499344654941,0.8181648557004043,0.9146221360143603,0.6034246542761185,0.46011395868433524,0.7998610647118545,0.8893080494481873,0.785303556245956,1.216257557257092,1.9713852355499881,2.418069718985018,2.238620583144637,1.4398359127344516,1,Yeast
30.51,21.763869145943303,4.345684086968381,6.1777894459622225,3.7887289453044675,2.9854965790352654,3.9130560638489924,0.4385875034324922,2.826728695882501,1.4954714479123468,1.5913287276585912,1.693414628942651,2.975734835654405,1.45806401560273,2.0668324301298946,3.078014974458244,0.6806614430096647,1.9269166057352334,1.0703868106209897,1.7595536719909877,1.7527681292160138,2.352029324557216,3.332566233551046,1.3645910197338715,2.0255875394251466,2.3188024271512875,0.6920935296363753,0.5284051807992709,0.7633734682902906,2.386053667447968,2.6749541238338574,1.7098121430154403,0,E_coli
30.51,21.763869145943303,4.345684086968381,6.1777894459622225,3.7887289453044675,2.9854965790352654,3.9130560638489924,0.4385875034324922,2.826728695882501,1.4954714479123468,1.5913287276585912,1.693414628942651,2.975734835654405,1.45806401560273,2.0668324301298946,3.078014974458244,0.6806614430096647,1.9269166057352334,1.0703868106209897,1.7595536719909877,1.7527681292160138,2.352029324557216,3.332566233551046,1.3645910197338715,2.0255875394251466,2.3188024271512875,0.6920935296363753,0.5284051807992709,0.7633734682902906,2.386053667447968,2.6749541238338574,1.7098121430154403,1,Yeast
30.51,21.763869145943303,4.345684086968381,6.1777894459622225,3.7887289453044675,2.9854965790352654,3.9130560638489924,0.4385875034324922,2.826728695882501,1.4954714479123468,1.5913287276585912,1.693414628942651,2.975734835654405,1.45806401560273,2.0668324301298946,3.078014974458244,0.6806614430096647,1.9269166057352334,1.0703868106209897,1.7595536719909877,1.7527681292160138,2.352029324557216,3.332566233551046,1.3645910197338715,2.0255875394251466,2.3188024271512875,0.6920935296363753,0.5284051807992709,0.7633734682902906,2.386053667447968,2.6749541238338574,1.7098121430154403,0,Mammalian
10.09,9.765789958396688,8.830289295673243,7.390054923322252,5.607313405522272,3.679583027226714,1.8185648518720194,0.3475584285084446,1.1106629325435065,1.838984003122443,2.0689873978224393,1.8318832057979089,1.2277173095244915,0.4429710732603955,0.6577642655867085,1.4847925843540943,2.139369065869655,2.51041804211316,2.556516698057342,2.2905591051766208,1.771862492001439,1.093188909102867,0.36382919336744207,0.3096497700893499,0.8377516638442788,1.1646432840911176,1.272472956987291,1.1824724299587333,0.948498755709579,0.6453674064721395,0.35399635191194967,0.14586679488285093,0,E_coli
10.09,9.765789958396688,8.830289295673243,7.390054923322252,5.607313405522272,3.679583027226714,1.8185648518720194,0.3475584285084446,1.1106629325435065,1.838984003122443,2.0689873978224393,1.8318832057979089,1.2277173095244915,0.4429710732603955,0.6577642655867085,1.4847925843540943,2.139369065869655,2.51041804211316,2.556516698057342,2.2905591051766208,1.771862492001439,1.093188909102867,0.36382919336744207,0.3096497700893499,0.8377516638442788,1.1646432840911176,1.272472956987291,1.1824724299587333,0.948498755709579,0.6453674064721395,0.35399635191194967,0.14586679488285093,0,Mammalian
10.09,9.765789958396688,8.830289295673243,7.390054923322252,5.607313405522272,3.679583027226714,1.8185648518720194,0.3475584285084446,1.1106629325435065,1.838984003122443,2.0689873978224393,1.8318832057979089,1.2277173095244915,0.4429710732603955,0.6577642655867085,1.4847925843540943,2.139369065869655,2.51041804211316,2.556516698057342,2.2905591051766208,1.771862492001439,1.093188909102867,0.36382919336744207,0.3096497700893499,0.8377516638442788,1.1646432840911176,1.272472956987291,1.1824724299587333,0.948498755709579,0.6453674064721395,0.35399635191194967,0.14586679488285093,1,Yeast
21.27,18.14038106032274,10.450266355135565,2.420154137674026,3.344771356297212,3.8312484364983734,1.9210832268029947,2.8559554450410802,3.4188731983585394,1.7986682159726033,0.872509650884177,1.9719299262207401,1.1853885908856672,1.0759046048705916,2.6307745685395743,2.678681608453978,1.339589489358586,0.5573357001626604,1.2423202893484362,1.2822171314101773,1.7381985078387132,2.1528216586296347,1.7637786342512158,0.9182661594100103,0.6025828188271326,0.6093896494370545,0.8581917159074721,1.280480464291767,1.192318921278645,0.5665909301686183,0.13400234265557748,0.4387403013888578,0,E_coli
21.27,18.14038106032274,10.450266355135565,2.420154137674026,3.344771356297212,3.8312484364983734,1.9210832268029947,2.8559554450410802,3.4188731983585394,1.7986682159726033,0.872509650884177,1.9719299262207401,1.1853885908856672,1.0759046048705916,2.6307745685395743,2.678681608453978,1.339589489358586,0.5573357001626604,1.2423202893484362,1.2822171314101773,1.7381985078387132,2.1528216586296347,1.7637786342512158,0.9182661594100103,0.6025828188271326,0.6093896494370545,0.8581917159074721,1.280480464291767,1.192318921278645,0.5665909301686183,0.13400234265557748,0.4387403013888578,0,Mammalian
21.27,18.14038106032274,10.450266355135565,2.420154137674026,3.344771356297212,3.8312484364983734,1.9210832268029947,2.8559554450410802,3.4188731983585394,1.7986682159726033,0.872509650884177,1.9719299262207401,1.1853885908856672,1.0759046048705916,2.6307745685395743,2.678681608453978,1.339589489358586,0.5573357001626604,1.2423202893484362,1.2822171314101773,1.7381985078387132,2.1528216586296347,1.7637786342512158,0.9182661594100103,0.6025828188271326,0.6093896494370545,0.8581917159074721,1.280480464291767,1.192318921278645,0.5665909301686183,0.13400234265557748,0.4387403013888578,1,Yeast
45.7,19.92218289255175,7.485348827291835,0.4308001837745368,2.493964641494581,4.724531530814962,2.0473957523317075,4.0772720907060505,0.4882754081801101,2.8147060963993664,3.3789299310159326,0.5590235746174117,2.1415589367819043,2.1289872526281974,2.673342647086081,1.4233390185377304,1.4160508465447135,1.58190772794839,1.731607218776498,1.1284189075881628,1.9344074667975184,0.6006665984384401,2.3909835028288406,2.3100608733997423,2.0801892043192964,0.7163787932040936,4.259415153977587,1.842437563319881,1.8708109043038985,1.8058879435894064,0.607216645685734,1.9837809237686452,0,E_coli
45.7,19.92218289255175,7.485348827291835,0.4308001837745368,2.493964641494581,4.724531530814962,2.0473957523317075,4.0772720907060505,0.4882754081801101,2.8147060963993664,3.3789299310159326,0.5590235746174117,2.1415589367819043,2.1289872526281974,2.673342647086081,1.4233390185377304,1.4160508465447135,1.58190772794839,1.731607218776498,1.1284189075881628,1.9344074667975184,0.6006665984384401,2.3909835028288406,2.3100608733997423,2.0801892043192964,0.7163787932040936,4.259415153977587,1.842437563319881,1.8708109043038985,1.8058879435894064,0.607216645685734,1.9837809237686452,1,Yeast
45.7,19.92218289255175,7.485348827291835,0.4308001837745368,2.493964641494581,4.724531530814962,2.0473957523317075,4.0772720907060505,0.4882754081801101,2.8147060963993664,3.3789299310159326,0.5590235746174117,2.1415589367819043,2.1289872526281974,2.673342647086081,1.4233390185377304,1.4160508465447135,1.58190772794839,1.731607218776498,1.1284189075881628,1.9344074667975184,0.6006665984384401,2.3909835028288406,2.3100608733997423,2.0801892043192964,0.7163787932040936,4.259415153977587,1.842437563319881,1.8708109043038985,1.8058879435894064,0.607216645685734,1.9837809237686452,0,Mammalian
5.9799999999999995,5.896774325203788,5.651323856054782,5.256100010958352,4.731112922931021,4.10288673014056,3.4031537781032686,2.667530667203815,1.9348363669058692,1.2497179304244839,0.6850140660433718,0.4639366913747735,0.6860772702172956,0.9518166509698385,1.1216877716214733,1.1727324322964967,1.1086027241532468,0.9472251589508647,0.7234035064370208,0.513413787791051,0.4874908967540302,0.7021990237159302,0.9964528336465514,1.2756363945445337,1.4982684116334086,1.6416933337985002,1.694078220640884,1.6528848354898862,1.5250642987586556,1.3285463853320707,1.0966874707170355,0.8892669558043667,1,Yeast
5.9799999999999995,5.896774325203788,5.651323856054782,5.256100010958352,4.731112922931021,4.10288673014056,3.4031537781032686,2.667530667203815,1.9348363669058692,1.2497179304244839,0.6850140660433718,0.4639366913747735,0.6860772702172956,0.9518166509698385,1.1216877716214733,1.1727324322964967,1.1086027241532468,0.9472251589508647,0.7234035064370208,0.513413787791051,0.4874908967540302,0.7021990237159302,0.9964528336465514,1.2756363945445337,1.4982684116334086,1.6416933337985002,1.694078220640884,1.6528848354898862,1.5250642987586556,1.3285463853320707,1.0966874707170355,0.8892669558043667,0,Mammalian
5.9799999999999995,5.896774325203788,5.651323856054782,5.256100010958352,4.731112922931021,4.10288673014056,3.4031537781032686,2.667530667203815,1.9348363669058692,1.2497179304244839,0.6850140660433718,0.4639366913747735,0.6860772702172956,0.9518166509698385,1.1216877716214733,1.1727324322964967,1.1086027241532468,0.9472251589508647,0.7234035064370208,0.513413787791051,0.4874908967540302,0.7021990237159302,0.9964528336465514,1.2756363945445337,1.4982684116334086,1.6416933337985002,1.694078220640884,1.6528848354898862,1.5250642987586556,1.3285463853320707,1.0966874707170355,0.8892669558043667,0,E_coli
11.18,10.714110797970285,9.382946220535185,7.375468321834541,4.974539323951983,2.5270955713681995,0.7242904028677956,1.7527109940309256,2.8044396418776762,3.1940385771998945,2.9558497638493386,2.246366545896996,1.2908237092449941,0.3953781849310744,0.6152948361106855,1.0704265410918068,1.197079780131633,1.0628463552160883,0.9256797651485167,1.0865832826207666,1.4092943794363304,1.5982826831242307,1.497528237567479,1.070695392249386,0.38408110480080904,0.5077338271960495,1.3304118842977275,1.9773649085200917,2.305129501393689,2.238033907468632,1.7801737109808797,1.0251555258181768,0,E_coli
11.18,10.714110797970285,9.382946220535185,7.375468321834541,4.974539323951983,2.5270955713681995,0.7242904028677956,1.7527109940309256,2.8044396418776762,3.1940385771998945,2.9558497638493386,2.246366545896996,1.2908237092449941,0.3953781849310744,0.6152948361106855,1.0704265410918068,1.197079780131633,1.0628463552160883,0.9256797651485167,1.0865832826207666,1.4092943794363304,1.5982826831242307,1.497528237567479,1.070695392249386,0.38408110480080904,0.5077338271960495,1.3304118842977275,1.9773649085200917,2.305129501393689,2.238033907468632,1.7801737109808797,1.0251555258181768,1,Yeast
11.18,10.714110797970285,9.382946220535185,7.375468321834541,4.974539323951983,2.5270955713681995,0.7242904028677956,1.7527109940309256,2.8044396418776762,3.1940385771998945,2.9558497638493386,2.246366545896996,1.2908237092449941,0.3953781849310744,0.6152948361106855,1.0704265410918068,1.197079780131633,1.0628463552160883,0.9256797651485167,1.0865832826207666,1.4092943794363304,1.5982826831242307,1.497528237567479,1.070695392249386,0.38408110480080904,0.5077338271960495,1.3304118842977275,1.9773649085200917,2.305129501393689,2.238033907468632,1.7801737109808797,1.0251555258181768,0,Mammalian
20.41,17.50032383215565,10.328747982297163,2.8379418429310808,3.164150631060332,3.775629105634819,1.5025643411034937,1.1713402407734084,2.1753576735990032,1.2670973442583617,1.124605400188849,2.011824504584737,1.6329991189794437,0.5395755066236023,0.23450577378057424,0.30617084300229935,1.6286497474902328,2.7587378856747944,2.903491811873065,2.1129663131221763,1.1161573112154664,0.46063878385835483,0.4979809543791578,1.0336355349641915,1.2789132073420522,1.6243927123269042,2.2075138928384948,2.1476153689691624,1.1193111801430065,0.9541220778989215,1.8855683321887224,1.7558982505594327,0,E_coli
20.41,17.50032383215565,10.328747982297163,2.8379418429310808,3.164150631060332,3.775629105634819,1.5025643411034937,1.1713402407734084,2.1753576735990032,1.2670973442583617,1.124605400188849,2.011824504584737,1.6329991189794437,0.5395755066236023,0.23450577378057424,0.30617084300229935,1.6286497474902328,2.7587378856747944,2.903491811873065,2.1129663131221763,1.1161573112154664,0.46063878385835483,0.4979809543791578,1.0336355349641915,1.2789132073420522,1.6243927123269042,2.2075138928384948,2.1476153689691624,1.1193111801430065,0.9541220778989215,1.8855683321887224,1.7558982505594327,1,Yeast
20.41,17.50032383215565,10.328747982297163,2.8379418429310808,3.164150631060332,3.775629105634819,1.5025643411034937,1.1713402407734084,2.1753576735990032,1.2670973442583617,1.124605400188849,2.011824504584737,1.6329991189794437,0.5395755066236023,0.23450577378057424,0.30617084300229935,1.6286497474902328,2.7587378856747944,2.903491811873065,2.1129663131221763,1.1161573112154664,0.46063878385835483,0.4979809543791578,1.0336355349641915,1.2789132073420522,1.6243927123269042,2.2075138928384948,2.1476153689691624,1.1193111801430065,0.9541220778989215,1.8855683321887224,1.7558982505594327,0,Mammalian
35.97,21.25360469616193,2.585231388357147,7.165356467544232,2.0612668451008136,4.373715413440116,0.720659670024598,1.8350122667279212,1.611466094260233,1.7897116661084105,0.904159892044339,1.563423754189719,0.9986582906098136,2.129737473270239,1.4536849395604643,3.562523223641353,3.5003571246374268,1.380763826907034,1.6043153817609759,1.071942395083466,1.4407011145258828,1.6962257397326737,1.6644012831026822,2.5616587697738025,1.7780261603951926,0.509369927130847,1.0018592688932517,0.37306161711246877,1.3729679204148602,0.3722930236875172,1.3918124244130128,0.4859022774366497,0,E_coli
35.97,21.25360469616193,2.585231388357147,7.165356467544232,2.0612668451008136,4.373715413440116,0.720659670024598,1.8350122667279212,1.611466094260233,1.7897116661084105,0.904159892044339,1.563423754189719,0.9986582906098136,2.129737473270239,1.4536849395604643,3.562523223641353,3.5003571246374268,1.380763826907034,1.6043153817609759,1.071942395083466,1.4407011145258828,1.6962257397326737,1.6644012831026822,2.5616587697738025,1.7780261603951926,0.509369927130847,1.0018592688932517,0.37306161711246877,1.3729679204148602,0.3722930236875172,1.3918124244130128,0.4859022774366497,1,Yeast
35.97,21.25360469616193,2.585231388357147,7.165356467544232,2.0612668451008136,4.373715413440116,0.720659670024598,1.8350122667279212,1.611466094260233,1.7897116661084105,0.904159892044339,1.563423754189719,0.9986582906098136,2.129737473270239,1.4536849395604643,3.562523223641353,3.5003571246374268,1.380763826907034,1.6043153817609759,1.071942395083466,1.4407011145258828,1.6962257397326737,1.6644012831026822,2.5616587697738025,1.7780261603951926,0.509369927130847,1.0018592688932517,0.37306161711246877,1.3729679204148602,0.3722930236875172,1.3918124244130128,0.4859022774366497,0,Mammalian
29.25,22.50850963247276,7.722357574217423,3.971479640679608,5.922157529985183,0.9142445752234004,3.3856480940511386,2.6380981406136716,0.9370701563271139,2.601092727970337,1.0164271816604977,1.177684909217716,1.1940668165190793,0.8073159454698038,1.4974043021521464,0.9760713756023951,1.9168985366993208,1.7222664042967641,1.3202280394404173,1.788750645278801,0.7164103441826505,1.4926237385045817,1.5563047564822676,0.5766740444384681,1.863571711021896,1.2322282066774826,0.7630168204339155,1.6455995255002815,0.5746397536508314,0.9854939530510218,1.0639339171271542,0.5915637370093324,1,Yeast
29.25,22.50850963247276,7.722357574217423,3.971479640679608,5.922157529985183,0.9142445752234004,3.3856480940511386,2.6380981406136716,0.9370701563271139,2.601092727970337,1.0164271816604977,1.177684909217716,1.1940668165190793,0.8073159454698038,1.4974043021521464,0.9760713756023951,1.9168985366993208,1.7222664042967641,1.3202280394404173,1.788750645278801,0.7164103441826505,1.4926237385045817,1.5563047564822676,0.5766740444384681,1.863571711021896,1.2322282066774826,0.7630168204339155,1.6455995255002815,0.5746397536508314,0.9854939530510218,1.0639339171271542,0.5915637370093324,0,E_coli
29.25,22.50850963247276,7.722357574217423,3.971479640679608,5.922157529985183,0.9142445752234004,3.3856480940511386,2.6380981406136716,0.9370701563271139,2.601092727970337,1.0164271816604977,1.177684909217716,1.1940668165190793,0.8073159454698038,1.4974043021521464,0.9760713756023951,1.9168985366993208,1.7222664042967641,1.3202280394404173,1.788750645278801,0.7164103441826505,1.4926237385045817,1.5563047564822676,0.5766740444384681,1.863571711021896,1.2322282066774826,0.7630168204339155,1.6455995255002815,0.5746397536508314,0.9854939530510218,1.0639339171271542,0.5915637370093324,0,Mammalian
14.030000000000001,12.917898059781226,9.896458803550425,5.808797414078429,1.7914085248272948,1.5234249641226079,2.9727593447386345,2.872133759471158,1.6681127141726564,0.40441814087923905,1.1915345728778648,1.4451320442442344,0.8366844175065067,0.8510125259749017,2.0628778277129647,2.8144947299264267,2.690074348414928,1.7052589521324741,0.21724492611616306,1.2429084063189837,2.177540361782972,2.3256892700487093,1.7479531754921884,0.8110862438690686,0.45563140016413956,0.8161812779666607,0.673726223772305,0.06023083696877637,0.8148206277972948,1.4855869537820634,1.7417068557109396,1.6145815860322432,1,Yeast
14.030000000000001,12.917898059781226,9.896458803550425,5.808797414078429,1.7914085248272948,1.5234249641226079,2.9727593447386345,2.872133759471158,1.6681127141726564,0.40441814087923905,1.1915345728778648,1.4451320442442344,0.8366844175065067,0.8510125259749017,2.0628778277129647,2.8144947299264267,2.690074348414928,1.7052589521324741,0.21724492611616306,1.2429084063189837,2.177540361782972,2.3256892700487093,1.7479531754921884,0.8110862438690686,0.45563140016413956,0.8161812779666607,0.673726223772305,0.06023083696877637,0.8148206277972948,1.4855869537820634,1.7417068557109396,1.6145815860322432,0,Mammalian
14.030000000000001,12.917898059781226,9.896458803550425,5.808797414078429,1.7914085248272948,1.5234249641226079,2.9727593447386345,2.872133759471158,1.6681127141726564,0.40441814087923905,1.1915345728778648,1.4451320442442344,0.8366844175065067,0.8510125259749017,2.0628778277129647,2.8144947299264267,2.690074348414928,1.7052589521324741,0.21724492611616306,1.2429084063189837,2.177540361782972,2.3256892700487093,1.7479531754921884,0.8110862438690686,0.45563140016413956,0.8161812779666607,0.673726223772305,0.06023083696877637,0.8148206277972948,1.4855869537820634,1.7417068557109396,1.6145815860322432,0,E_coli
5.92,5.859908297221178,5.681723435923037,5.391649994943862,4.999815153898616,4.519974168466694,3.969162132520852,3.367398078155427,2.7377004566437635,2.1071633014666085,1.5116812287981325,1.0142047333590405,0.7537414103058063,0.8509166449034871,1.1274861855688234,1.40509917557921,1.6191355718407274,1.7471356085116494,1.7818366215466181,1.7237535229446665,1.578664747896241,1.3564290713572287,1.07021151392181,0.7359706285328788,0.37335801811736846,0.08578425447173312,0.4019469850172289,0.751103706281003,1.0639266548901136,1.3238922386651144,1.5186539165051223,1.6391978282760036,0,E_coli
5.92,5.859908297221178,5.681723435923037,5.391649994943862,4.999815153898616,4.519974168466694,3.969162132520852,3.367398078155427,2.7377004566437635,2.1071633014666085,1.5116812287981325,1.0142047333590405,0.7537414103058063,0.8509166449034871,1.1274861855688234,1.40509917557921,1.6191355718407274,1.7471356085116494,1.7818366215466181,1.7237535229446665,1.578664747896241,1.3564290713572287,1.07021151392181,0.7359706285328788,0.37335801811736846,0.08578425447173312,0.4019469850172289,0.751103706281003,1.0639266548901136,1.3238922386651144,1.5186539165051223,1.6391978282760036,1,Yeast
5.92,5.859908297221178,5.681723435923037,5.391649994943862,4.999815153898616,4.519974168466694,3.969162132520852,3.367398078155427,2.7377004566437635,2.1071633014666085,1.5116812287981325,1.0142047333590405,0.7537414103058063,0.8509166449034871,1.1274861855688234,1.40509917557921,1.6191355718407274,1.7471356085116494,1.7818366215466181,1.7237535229446665,1.578664747896241,1.3564290713572287,1.07021151392181,0.7359706285328788,0.37335801811736846,0.08578425447173312,0.4019469850172289,0.751103706281003,1.0639266548901136,1.3238922386651144,1.5186539165051223,1.6391978282760036,0,Mammalian
20.979999999999997,17.850634419761242,10.150342169335186,1.9535515116286188,3.3305281865172103,3.709585597465285,0.890423284810508,2.1818950082089885,3.1307690014138103,1.672428709929796,0.6789003581033982,1.8320215987743829,1.0314021942148552,1.1423078257355614,2.831664340053594,3.0496380502839497,1.87040102651811,0.3702720149033438,0.4600442605529208,0.6541454690117648,1.1450968613064132,1.299505114957566,0.6886231380725572,0.6669096715769346,1.321924907014909,1.2748327787300593,0.8880534626393448,0.9263223073569082,1.0702077792696887,1.29105312984247,1.538827504256646,1.3943228853566438,0,E_coli
20.979999999999997,17.850634419761242,10.150342169335186,1.9535515116286188,3.3305281865172103,3.709585597465285,0.890423284810508,2.1818950082089885,3.1307690014138103,1.672428709929796,0.6789003581033982,1.8320215987743829,1.0314021942148552,1.1423078257355614,2.831664340053594,3.0496380502839497,1.87040102651811,0.3702720149033438,0.4600442605529208,0.6541454690117648,1.1450968613064132,1.299505114957566,0.6886231380725572,0.6669096715769346,1.321924907014909,1.2748327787300593,0.8880534626393448,0.9263223073569082,1.0702077792696887,1.29105312984247,1.538827504256646,1.3943228853566438,0,Mammalian
20.979999999999997,17.850634419761242,10.150342169335186,1.9535515116286188,3.3305281865172103,3.709585597465285,0.890423284810508,2.1818950082089885,3.1307690014138103,1.672428709929796,0.6789003581033982,1.8320215987743829,1.0314021942148552,1.1423078257355614,2.831664340053594,3.0496380502839497,1.87040102651811,0.3702720149033438,0.4600442605529208,0.6541454690117648,1.1450968613064132,1.299505114957566,0.6886231380725572,0.6669096715769346,1.321924907014909,1.2748327787300593,0.8880534626393448,0.9263223073569082,1.0702077792696887,1.29105312984247,1.538827504256646,1.3943228853566438,1,Yeast
19.77,17.225133066818362,10.719893828955618,3.0578865495939938,2.7897921975129427,4.969658177178229,3.7649432055957126,1.4867966541417001,2.441348888914465,2.993272063578695,1.9983857202336495,1.2213729204829986,1.7204196442459299,1.3760139835057894,0.25285368813795056,1.1112780535046642,1.4305593311708547,0.816756192635154,0.670425687855279,1.136526307295247,0.8241034075648113,0.8630249233120786,1.683074375692632,1.6465821122174034,0.4431879991562351,1.3712883659149178,2.7859423309072704,3.03655479398439,2.07828518640457,0.6892566722516893,0.8921400405367009,1.2571683194529928,0,E_coli
19.77,17.225133066818362,10.719893828955618,3.0578865495939938,2.7897921975129427,4.969658177178229,3.7649432055957126,1.4867966541417001,2.441348888914465,2.993272063578695,1.9983857202336495,1.2213729204829986,1.7204196442459299,1.3760139835057894,0.25285368813795056,1.1112780535046642,1.4305593311708547,0.816756192635154,0.670425687855279,1.136526307295247,0.8241034075648113,0.8630249233120786,1.683074375692632,1.6465821122174034,0.4431879991562351,1.3712883659149178,2.7859423309072704,3.03655479398439,2.07828518640457,0.6892566722516893,0.8921400405367009,1.2571683194529928,0,Mammalian
19.77,17.225133066818362,10.719893828955618,3.0578865495939938,2.7897921975129427,4.969658177178229,3.7649432055957126,1.4867966541417001,2.441348888914465,2.993272063578695,1.9983857202336495,1.2213729204829986,1.7204196442459299,1.3760139835057894,0.25285368813795056,1.1112780535046642,1.4305593311708547,0.816756192635154,0.670425687855279,1.136526307295247,0.8241034075648113,0.8630249233120786,1.683074375692632,1.6465821122174034,0.4431879991562351,1.3712883659149178,2.7859423309072704,3.03655479398439,2.07828518640457,0.6892566722516893,0.8921400405367009,1.2571683194529928,1,Yeast
9.58,9.021960070120551,7.461541807981553,5.2127016697638675,2.7152347942005033,0.4340425794775211,1.259137082705884,2.134959633412045,2.180897073954415,1.5673831909074807,0.6080918920504651,0.49424888018014246,1.2125554697591934,1.5215992008876205,1.3774347395347115,0.8981593494510668,0.3400000000000001,0.42804181102170225,0.73700485382295,0.850648464251862,0.9197476764336157,1.1420929667534874,1.4276612928066987,1.5494595566088323,1.3669264621101862,0.8746583245625593,0.28692714363902877,0.6990808673224842,1.258917573479289,1.5051949838394547,1.3627711974318333,0.9095211834238612,0,Mammalian
9.58,9.021960070120551,7.461541807981553,5.2127016697638675,2.7152347942005033,0.4340425794775211,1.259137082705884,2.134959633412045,2.180897073954415,1.5673831909074807,0.6080918920504651,0.49424888018014246,1.2125554697591934,1.5215992008876205,1.3774347395347115,0.8981593494510668,0.3400000000000001,0.42804181102170225,0.73700485382295,0.850648464251862,0.9197476764336157,1.1420929667534874,1.4276612928066987,1.5494595566088323,1.3669264621101862,0.8746583245625593,0.28692714363902877,0.6990808673224842,1.258917573479289,1.5051949838394547,1.3627711974318333,0.9095211834238612,0,E_coli
9.58,9.021960070120551,7.461541807981553,5.2127016697638675,2.7152347942005033,0.4340425794775211,1.259137082705884,2.134959633412045,2.180897073954415,1.5673831909074807,0.6080918920504651,0.49424888018014246,1.2125554697591934,1.5215992008876205,1.3774347395347115,0.8981593494510668,0.3400000000000001,0.42804181102170225,0.73700485382295,0.850648464251862,0.9197476764336157,1.1420929667534874,1.4276612928066987,1.5494595566088323,1.3669264621101862,0.8746583245625593,0.28692714363902877,0.6990808673224842,1.258917573479289,1.5051949838394547,1.3627711974318333,0.9095211834238612,1,Yeast
15.84,14.492110070491625,10.867273853905013,6.069486714763254,1.490187255967462,1.6801019362210652,2.844314259302185,2.1610017980462497,0.6507778182622815,1.7886932263291075,2.9081181262897036,2.882791856755595,1.8380680622988605,0.5390421224128658,1.2659151923685983,1.9051202852895117,1.7541379649275024,1.0785502428766416,0.692349608922869,1.0910355725434449,1.407836108363133,1.5949590824395858,1.7832848360757,1.8074704127986545,1.4355794061137077,0.6867047297628297,0.5176867568995607,1.2586184925336263,1.6354954088893154,1.5210515080406637,1.0678439502174408,0.5604362388918223,1,Mammalian
15.84,14.492110070491625,10.867273853905013,6.069486714763254,1.490187255967462,1.6801019362210652,2.844314259302185,2.1610017980462497,0.6507778182622815,1.7886932263291075,2.9081181262897036,2.882791856755595,1.8380680622988605,0.5390421224128658,1.2659151923685983,1.9051202852895117,1.7541379649275024,1.0785502428766416,0.692349608922869,1.0910355725434449,1.407836108363133,1.5949590824395858,1.7832848360757,1.8074704127986545,1.4355794061137077,0.6867047297628297,0.5176867568995607,1.2586184925336263,1.6354954088893154,1.5210515080406637,1.0678439502174408,0.5604362388918223,2,Yeast
20.900000000000002,17.639010528070997,9.649263764749794,1.3973623529235446,4.213142328172724,4.587123360498359,2.056213183030464,1.7047980031595196,2.0792253043903113,0.5104217424391406,1.8209812906225873,2.5571050417060137,1.4956115057976131,0.9850538607055123,1.7020810692399455,0.8295339390801605,1.0925200226998124,2.5326229144649437,2.413622582805168,1.0140265587955146,0.683491641388391,0.8840363826239456,0.45014623635587275,1.9518177613161065,2.7363519754561945,2.3250859033447453,1.7153418660812703,1.798905352235932,1.5614791456940202,1.3345121555381145,1.7536362203411096,1.6711450175417324,2,Yeast
20.900000000000002,17.639010528070997,9.649263764749794,1.3973623529235446,4.213142328172724,4.587123360498359,2.056213183030464,1.7047980031595196,2.0792253043903113,0.5104217424391406,1.8209812906225873,2.5571050417060137,1.4956115057976131,0.9850538607055123,1.7020810692399455,0.8295339390801605,1.0925200226998124,2.5326229144649437,2.413622582805168,1.0140265587955146,0.683491641388391,0.8840363826239456,0.45014623635587275,1.9518177613161065,2.7363519754561945,2.3250859033447453,1.7153418660812703,1.798905352235932,1.5614791456940202,1.3345121555381145,1.7536362203411096,1.6711450175417324,1,Mammalian
15.68,13.728096366672922,8.764546434693793,3.054958315688083,1.837417668735057,3.2189589337034854,2.2030232922620963,0.12998663494018095,1.4749483516116262,1.5336634296405334,0.43754017837823533,1.2920845679496502,1.917028698673905,1.308708081339867,0.25981032106431284,1.3407172532976737,1.610465771135792,1.0124632963630242,1.0021216806193725,1.5336159702079804,1.2833566827647849,0.5814376139215723,1.1019606872930523,1.4221104378315352,0.9954533439986774,1.0835720841739005,1.8800989550969618,2.1455260203823263,1.9676109635504253,2.010140494546768,2.0326175383373815,1.3768653574790437,1,Mammalian
15.68,13.728096366672922,8.764546434693793,3.054958315688083,1.837417668735057,3.2189589337034854,2.2030232922620963,0.12998663494018095,1.4749483516116262,1.5336634296405334,0.43754017837823533,1.2920845679496502,1.917028698673905,1.308708081339867,0.25981032106431284,1.3407172532976737,1.610465771135792,1.0124632963630242,1.0021216806193725,1.5336159702079804,1.2833566827647849,0.5814376139215723,1.1019606872930523,1.4221104378315352,0.9954533439986774,1.0835720841739005,1.8800989550969618,2.1455260203823263,1.9676109635504253,2.010140494546768,2.0326175383373815,1.3768653574790437,2,Yeast
4.73,4.683394190981603,4.545040406521176,4.319277268036551,4.013163774874286,3.6362295111311442,3.2001422489042306,2.7183135126931632,2.2054797224324485,1.6773513244831253,1.1506778011077818,0.6459860397308335,0.23096893253993311,0.3765630868741175,0.7468182001580581,1.0772599912991714,1.3462912017836262,1.547839385026365,1.680512552560381,1.746219875891744,1.7497723740902644,1.6986341112205001,1.602687383555142,1.4739917194100516,1.3265214638064815,1.175781999243654,1.0379523880021875,0.9277799045141606,0.8545563217884782,0.8177798311873661,0.8071096674796796,0.8082526112031775,1,Mammalian
4.73,4.683394190981603,4.545040406521176,4.319277268036551,4.013163774874286,3.6362295111311442,3.2001422489042306,2.7183135126931632,2.2054797224324485,1.6773513244831253,1.1506778011077818,0.6459860397308335,0.23096893253993311,0.3765630868741175,0.7468182001580581,1.0772599912991714,1.3462912017836262,1.547839385026365,1.680512552560381,1.746219875891744,1.7497723740902644,1.6986341112205001,1.602687383555142,1.4739917194100516,1.3265214638064815,1.175781999243654,1.0379523880021875,0.9277799045141606,0.8545563217884782,0.8177798311873661,0.8071096674796796,0.8082526112031775,2,Yeast
9.17,8.793290363801491,7.7165371456289655,6.091768082322596,4.147941702252934,2.1701673730972866,0.7016209593362148,1.3727227614893582,2.186834867591527,2.4564183285363774,2.1874644582054046,1.4981677650753202,0.5700415726181302,0.43012425003850285,1.256665784141274,1.8053401901639943,1.9925109786397666,1.8127157017084616,1.328905033554853,0.6656884041482979,0.30652663420868453,0.8965820717825348,1.4327213877427665,1.7768834237922213,1.9241500102346367,1.9180040801855849,1.8213787952734448,1.6813716586821703,1.5046839079084924,1.2663256676611845,0.9444961522581784,0.557915665220826,2,Yeast
9.17,8.793290363801491,7.7165371456289655,6.091768082322596,4.147941702252934,2.1701673730972866,0.7016209593362148,1.3727227614893582,2.186834867591527,2.4564183285363774,2.1874644582054046,1.4981677650753202,0.5700415726181302,0.43012425003850285,1.256665784141274,1.8053401901639943,1.9925109786397666,1.8127157017084616,1.328905033554853,0.6656884041482979,0.30652663420868453,0.8965820717825348,1.4327213877427665,1.7768834237922213,1.9241500102346367,1.9180040801855849,1.8213787952734448,1.6813716586821703,1.5046839079084924,1.2663256676611845,0.9444961522581784,0.557915665220826,1,Mammalian
21.97,18.441092168879177,9.839671165502848,1.5321557154492176,4.784690373091013,4.443150764761882,0.7830377017232313,3.6962983853439204,4.978251543233573,3.1793409104628756,0.4935233510279389,1.9609556433913164,1.7266421557798373,0.23728189751654377,1.6048793988392025,1.9288762195002214,1.1834272263219243,0.37525040278218147,0.30890954633035445,1.3192429262900145,2.0673055987001785,1.72402068675511,0.6992035028572252,1.5537668054613374,1.8699763560784826,0.7665291675007296,1.4783102272915436,2.9867687317923086,3.233093327003883,2.462665454535286,1.8098641814475815,1.7776549836835442,2,Yeast
21.97,18.441092168879177,9.839671165502848,1.5321557154492176,4.784690373091013,4.443150764761882,0.7830377017232313,3.6962983853439204,4.978251543233573,3.1793409104628756,0.4935233510279389,1.9609556433913164,1.7266421557798373,0.23728189751654377,1.6048793988392025,1.9288762195002214,1.1834272263219243,0.37525040278218147,0.30890954633035445,1.3192429262900145,2.0673055987001785,1.72402068675511,0.6992035028572252,1.5537668054613374,1.8699763560784826,0.7665291675007296,1.4783102272915436,2.9867687317923086,3.233093327003883,2.462665454535286,1.8098641814475815,1.7776549836835442,1,Mammalian
14.440000000000001,13.631072987695559,11.360112916174756,8.059074604163005,4.338439489008305,0.8563636035253921,1.8610163913503657,3.437330772535171,3.8210979122181583,3.2154663407129984,2.066817407470708,1.1949984011010484,1.5253051507023199,1.9979256541935708,1.9479091246732256,1.3642430998932031,0.46389654018972815,0.5431855852998941,1.2749614177130828,1.630210702378638,1.5688439303582091,1.1936395915949793,0.7212571899025376,0.47767678113180007,0.5396394585665858,0.5600328910861243,0.5565334852189733,0.7540095639691242,1.0675746904233614,1.2920279614205212,1.340335890089711,1.259587843057103,2,Yeast
14.440000000000001,13.631072987695559,11.360112916174756,8.059074604163005,4.338439489008305,0.8563636035253921,1.8610163913503657,3.437330772535171,3.8210979122181583,3.2154663407129984,2.066817407470708,1.1949984011010484,1.5253051507023199,1.9979256541935708,1.9479091246732256,1.3642430998932031,0.46389654018972815,0.5431855852998941,1.2749614177130828,1.630210702378638,1.5688439303582091,1.1936395915949793,0.7212571899025376,0.47767678113180007,0.5396394585665858,0.5600328910861243,0.5565334852189733,0.7540095639691242,1.0675746904233614,1.2920279614205212,1.340335890089711,1.259587843057103,1,Mammalian
14.18,13.385293166507786,11.155500553662165,7.918254449132086,4.2773415369650145,0.8825390950966103,1.7505778640969643,3.253134944109156,3.585066033183976,2.9627231420632416,1.8706243808697582,1.2661745086480976,1.7717915819368526,2.217782612698174,2.1057324087175004,1.4602594029563942,0.5660388679233966,0.7198852747389846,1.4569722212031708,1.837277146377055,1.7914473808059628,1.4209172182327188,0.9421308089996668,0.6389884803298539,0.600084608793222,0.5526571197413218,0.44491922961326763,0.5566101421494162,0.8549972211270227,1.0794363198607548,1.1284539654082246,1.0438418994641434,1,Mammalian
14.18,13.385293166507786,11.155500553662165,7.918254449132086,4.2773415369650145,0.8825390950966103,1.7505778640969643,3.253134944109156,3.585066033183976,2.9627231420632416,1.8706243808697582,1.2661745086480976,1.7717915819368526,2.217782612698174,2.1057324087175004,1.4602594029563942,0.5660388679233966,0.7198852747389846,1.4569722212031708,1.837277146377055,1.7914473808059628,1.4209172182327188,0.9421308089996668,0.6389884803298539,0.600084608793222,0.5526571197413218,0.44491922961326763,0.5566101421494162,0.8549972211270227,1.0794363198607548,1.1284539654082246,1.0438418994641434,2,Yeast
13.95,13.157384824793864,10.933964441772158,7.707806681457478,4.08458352988791,0.7463672648372703,1.9255516347614803,3.3916307726003465,3.683729947541034,3.005260847261295,1.809206216263686,1.0312877208378026,1.5885251052447718,2.1027175603944124,2.033648062191333,1.4104142604682737,0.4627094120503711,0.5755265411462257,1.3431965743405958,1.7224951755581512,1.6800224361426626,1.3342213895820583,0.9362478155289026,0.7885071630277439,0.8447092242833236,0.8183963181206224,0.6713875752796233,0.6137296874683953,0.7747838352939397,0.9352122917666745,0.9386280565085111,0.8045565911254414,2,Yeast
13.95,13.157384824793864,10.933964441772158,7.707806681457478,4.08458352988791,0.7463672648372703,1.9255516347614803,3.3916307726003465,3.683729947541034,3.005260847261295,1.809206216263686,1.0312877208378026,1.5885251052447718,2.1027175603944124,2.033648062191333,1.4104142604682737,0.4627094120503711,0.5755265411462257,1.3431965743405958,1.7224951755581512,1.6800224361426626,1.3342213895820583,0.9362478155289026,0.7885071630277439,0.8447092242833236,0.8183963181206224,0.6713875752796233,0.6137296874683953,0.7747838352939397,0.9352122917666745,0.9386280565085111,0.8045565911254414,1,Mammalian
14.440000000000001,13.644394862486049,11.411965434082898,8.170540492411174,4.524386233485308,1.125255250428938,1.5243054983930029,3.0312293493738154,3.3680668459396053,2.746458575586539,1.6502387572185329,1.1310537948835337,1.7693746355025621,2.2452784064425138,2.1288537210064953,1.4577865381815043,0.46389654018972815,0.6235497182238272,1.43816814771488,1.8642408489029278,1.867760205430376,1.5609662973250351,1.1616323104626638,0.8946948621982127,0.7689770616100604,0.5847335031469681,0.27946286922279817,0.36310164985760646,0.7855663081493981,1.102363044797751,1.2353197223835952,1.2273584690813084,2,Yeast
14.440000000000001,13.644394862486049,11.411965434082898,8.170540492411174,4.524386233485308,1.125255250428938,1.5243054983930029,3.0312293493738154,3.3680668459396053,2.746458575586539,1.6502387572185329,1.1310537948835337,1.7693746355025621,2.2452784064425138,2.1288537210064953,1.4577865381815043,0.46389654018972815,0.6235497182238272,1.43816814771488,1.8642408489029278,1.867760205430376,1.5609662973250351,1.1616323104626638,0.8946948621982127,0.7689770616100604,0.5847335031469681,0.27946286922279817,0.36310164985760646,0.7855663081493981,1.102363044797751,1.2353197223835952,1.2273584690813084,1,Mammalian
14.49,13.691545394636236,11.450757046998833,8.196157713406532,4.534125912770909,1.1353794753911355,1.5938240971417283,3.1172607902208473,3.4775780152626035,2.871176558405644,1.7456774023674544,0.9990664362150149,1.4950511937319322,1.9416799070686075,1.8140393354823574,1.1524829072267446,0.34481879299133394,0.9937439086971974,1.760686043490297,2.129338946317582,2.048109853665142,1.6098071764933943,1.002863430439105,0.47113680683010944,0.346772472613116,0.4866556839426119,0.6284668173857029,0.8375990769431201,1.0621535494361702,1.1670766091929652,1.0745410879788466,0.8304948217590633,2,Yeast
14.49,13.691545394636236,11.450757046998833,8.196157713406532,4.534125912770909,1.1353794753911355,1.5938240971417283,3.1172607902208473,3.4775780152626035,2.871176558405644,1.7456774023674544,0.9990664362150149,1.4950511937319322,1.9416799070686075,1.8140393354823574,1.1524829072267446,0.34481879299133394,0.9937439086971974,1.760686043490297,2.129338946317582,2.048109853665142,1.6098071764933943,1.002863430439105,0.47113680683010944,0.346772472613116,0.4866556839426119,0.6284668173857029,0.8375990769431201,1.0621535494361702,1.1670766091929652,1.0745410879788466,0.8304948217590633,1,Mammalian
14.42,13.618107916741435,11.36737677616799,8.097420286737389,4.416483713738092,1.0039611611084271,1.7521945946640276,3.2958082364347714,3.6721451740433575,3.081859331442479,1.9847315878097476,1.242768503892801,1.6255071772103928,2.066304845047429,1.9902643756898193,1.4178345984769931,0.6942621983083916,0.8466394802921795,1.4486860776667945,1.7381544614086348,1.6224558254216552,1.2131276478001627,0.7805716660133701,0.6940534847043646,0.8169148185399031,0.7795125015282423,0.5346075298724209,0.36171513915552733,0.6450078431143463,0.9695435991176471,1.1458005419235335,1.1854829082977243,2,Yeast
14.42,13.618107916741435,11.36737677616799,8.097420286737389,4.416483713738092,1.0039611611084271,1.7521945946640276,3.2958082364347714,3.6721451740433575,3.081859331442479,1.9847315878097476,1.242768503892801,1.6255071772103928,2.066304845047429,1.9902643756898193,1.4178345984769931,0.6942621983083916,0.8466394802921795,1.4486860776667945,1.7381544614086348,1.6224558254216552,1.2131276478001627,0.7805716660133701,0.6940534847043646,0.8169148185399031,0.7795125015282423,0.5346075298724209,0.36171513915552733,0.6450078431143463,0.9695435991176471,1.1458005419235335,1.1854829082977243,1,Mammalian
13.95,13.169759384271005,10.981496007885108,7.807479854250834,4.243358772936742,0.9289234481598883,1.6311371046803922,3.07502915429333,3.3702675901646,2.7340095672455367,1.6458033811332082,1.1057367601015076,1.6732816682166392,2.080231552766618,1.9042528164349322,1.2029785564036277,0.3661966684720116,0.9719923813979473,1.7060992784017501,2.0185135233601654,1.8642170411803252,1.3544887265684515,0.7330590711779339,0.49131579769476696,0.7243592828742497,0.8082005056776019,0.6494196383302897,0.4471431415538131,0.5905333236353422,0.8947301153717705,1.1055285613859933,1.1927892580573398,2,Yeast
13.95,13.169759384271005,10.981496007885108,7.807479854250834,4.243358772936742,0.9289234481598883,1.6311371046803922,3.07502915429333,3.3702675901646,2.7340095672455367,1.6458033811332082,1.1057367601015076,1.6732816682166392,2.080231552766618,1.9042528164349322,1.2029785564036277,0.3661966684720116,0.9719923813979473,1.7060992784017501,2.0185135233601654,1.8642170411803252,1.3544887265684515,0.7330590711779339,0.49131579769476696,0.7243592828742497,0.8082005056776019,0.6494196383302897,0.4471431415538131,0.5905333236353422,0.8947301153717705,1.1055285613859933,1.1927892580573398,1,Mammalian
13.95,13.179358584970593,11.016794791414389,7.8760494093537705,4.340807879175185,1.0344947656674288,1.5241442710807465,3.006280846237242,3.3587083653367973,2.783912712494218,1.7224249576369224,1.045886049700658,1.515321734364129,1.9634534566517303,1.898386193773155,1.3685472357077868,0.7170076708097346,0.8252590315032532,1.3527973272208922,1.6221861553179833,1.5591393246593062,1.2895331424336969,1.0310388250019407,0.9046426802834846,0.776194638358587,0.49050612930749693,0.21518507801051778,0.6341573159628112,1.077159024357709,1.2933268915308327,1.2157271916024934,0.9190591397428141,2,Yeast
13.95,13.179358584970593,11.016794791414389,7.8760494093537705,4.340807879175185,1.0344947656674288,1.5241442710807465,3.006280846237242,3.3587083653367973,2.783912712494218,1.7224249576369224,1.045886049700658,1.515321734364129,1.9634534566517303,1.898386193773155,1.3685472357077868,0.7170076708097346,0.8252590315032532,1.3527973272208922,1.6221861553179833,1.5591393246593062,1.2895331424336969,1.0310388250019407,0.9046426802834846,0.776194638358587,0.49050612930749693,0.21518507801051778,0.6341573159628112,1.077159024357709,1.2933268915308327,1.2157271916024934,0.9190591397428141,1,Mammalian
14.72,13.852778576942098,11.426264452812285,7.924588858837836,4.028522396483021,0.5237433469107255,2.2625417644104253,3.6862249279613315,3.8481680943525443,3.036282548150389,1.8604288535541438,1.44908715761423,2.000744639571614,2.2761171052846314,1.907509567800894,1.0079717547263496,0.30594117081556776,1.249315976903826,1.8808765732983534,1.972209322621611,1.5671911989083893,0.9265289743718248,0.6866446735729658,1.0131995361119115,1.1301337609358968,0.8262671536133441,0.18880957975285306,0.6142637951061205,1.2677302293170412,1.579266857253554,1.4447042947167699,0.9244046070478898,2,Yeast
14.72,13.852778576942098,11.426264452812285,7.924588858837836,4.028522396483021,0.5237433469107255,2.2625417644104253,3.6862249279613315,3.8481680943525443,3.036282548150389,1.8604288535541438,1.44908715761423,2.000744639571614,2.2761171052846314,1.907509567800894,1.0079717547263496,0.30594117081556776,1.249315976903826,1.8808765732983534,1.972209322621611,1.5671911989083893,0.9265289743718248,0.6866446735729658,1.0131995361119115,1.1301337609358968,0.8262671536133441,0.18880957975285306,0.6142637951061205,1.2677302293170412,1.579266857253554,1.4447042947167699,0.9244046070478898,1,Mammalian
12.32,11.277614009858604,8.459643418427053,4.705776725278766,1.382225622394801,2.1721703902601974,3.1984181499760687,2.7457681243179985,1.2359177436816056,0.6485858942759597,2.0011119128921964,2.451117106057483,1.9355859978627903,0.9136298571357608,0.9664100927169567,1.65659347315379,1.681071087134628,0.9766457730090641,0.16243919783377625,1.1813391710199808,1.7131754489325244,1.5467551309242467,0.7960443528172032,0.2137972787004102,0.9508455872816418,1.1449994213497174,0.7338334321365274,0.6048629497709375,1.4870067433766583,2.117991542146609,2.116689066673926,1.510340931303404,2,Yeast
12.32,11.277614009858604,8.459643418427053,4.705776725278766,1.382225622394801,2.1721703902601974,3.1984181499760687,2.7457681243179985,1.2359177436816056,0.6485858942759597,2.0011119128921964,2.451117106057483,1.9355859978627903,0.9136298571357608,0.9664100927169567,1.65659347315379,1.681071087134628,0.9766457730090641,0.16243919783377625,1.1813391710199808,1.7131754489325244,1.5467551309242467,0.7960443528172032,0.2137972787004102,0.9508455872816418,1.1449994213497174,0.7338334321365274,0.6048629497709375,1.4870067433766583,2.117991542146609,2.116689066673926,1.510340931303404,1,Mammalian
41.260000000000005,24.030991952961376,1.9825898493666443,4.682991004425667,4.7748973845124745,3.090854192172848,3.341240248994258,1.3927694197781961,2.810609349003718,0.5987170819155055,0.8067516683846463,2.0991879203574606,0.6161095906275617,2.273213906271882,0.30610529844360135,1.7499323085075604,1.2844454056128645,2.736912850655322,0.9794728366020283,0.7797136230194911,1.2455203365134502,1.7727659463906313,2.149205576260682,1.0452963138799631,2.608462207372938,1.5504978021814604,2.4108806634577196,2.8374246235551968,2.3391970911071365,2.004805560856057,1.3310541534463987,1.536216801688324,1,Mammalian
41.260000000000005,24.030991952961376,1.9825898493666443,4.682991004425667,4.7748973845124745,3.090854192172848,3.341240248994258,1.3927694197781961,2.810609349003718,0.5987170819155055,0.8067516683846463,2.0991879203574606,0.6161095906275617,2.273213906271882,0.30610529844360135,1.7499323085075604,1.2844454056128645,2.736912850655322,0.9794728366020283,0.7797136230194911,1.2455203365134502,1.7727659463906313,2.149205576260682,1.0452963138799631,2.608462207372938,1.5504978021814604,2.4108806634577196,2.8374246235551968,2.3391970911071365,2.004805560856057,1.3310541534463987,1.536216801688324,2,Yeast
15.110000000000001,13.850914835704573,10.481838095255918,6.0790283429503775,2.0648312150931565,1.3415297438774634,2.1058688738387525,1.4142130235601205,0.3181543581418004,1.6067525318056675,2.214243274324856,1.7990902121583598,0.7277043433139537,0.7405323056880365,1.3384567521840007,1.1162377525039389,0.5470831746635971,1.5036062254792333,2.4481364724028136,2.6130970621149547,1.9047922698755984,0.7914278858416942,1.0812013942262668,1.8141712579885783,1.8834483811337592,1.5104738710491625,1.460678877720803,1.7845557494435937,1.7574654621132932,1.208582269811436,0.825406111846555,1.3423833111629864,1,Mammalian
15.110000000000001,13.850914835704573,10.481838095255918,6.0790283429503775,2.0648312150931565,1.3415297438774634,2.1058688738387525,1.4142130235601205,0.3181543581418004,1.6067525318056675,2.214243274324856,1.7990902121583598,0.7277043433139537,0.7405323056880365,1.3384567521840007,1.1162377525039389,0.5470831746635971,1.5036062254792333,2.4481364724028136,2.6130970621149547,1.9047922698755984,0.7914278858416942,1.0812013942262668,1.8141712579885783,1.8834483811337592,1.5104738710491625,1.460678877720803,1.7845557494435937,1.7574654621132932,1.208582269811436,0.825406111846555,1.3423833111629864,2,Yeast
29.17,22.545303946152906,8.037041148841574,3.419207285733236,5.353099174569309,0.6022107157504073,3.4623499219803104,2.790385873880978,0.5285516733612446,1.470598738197405,0.2897454996884689,2.045985036749314,1.4753404095925327,0.6992075274395697,1.0709647017740178,0.9601455013242571,2.06167407705486,0.9831626559877659,1.962449448221609,2.8135563861116117,0.8227144476390091,2.2154022770378816,2.741911967995339,0.9071838777285547,2.113961477555121,2.218884390198493,0.8812163914379259,0.5523559654866732,0.7150110773231161,1.7749742001934077,1.231808969343215,1.749605049095234,1,Mammalian
29.17,22.545303946152906,8.037041148841574,3.419207285733236,5.353099174569309,0.6022107157504073,3.4623499219803104,2.790385873880978,0.5285516733612446,1.470598738197405,0.2897454996884689,2.045985036749314,1.4753404095925327,0.6992075274395697,1.0709647017740178,0.9601455013242571,2.06167407705486,0.9831626559877659,1.962449448221609,2.8135563861116117,0.8227144476390091,2.2154022770378816,2.741911967995339,0.9071838777285547,2.113961477555121,2.218884390198493,0.8812163914379259,0.5523559654866732,0.7150110773231161,1.7749742001934077,1.231808969343215,1.749605049095234,2,Yeast
23.240000000000002,18.79188695817678,8.44692408189193,2.4932552414461338,5.928403693041719,3.562162724926585,1.5745168923450579,4.168801395521431,3.1429212913043156,0.9937638024148762,2.0439652283176883,1.3439454243148943,0.8077455823019859,1.724111172534829,0.9560730495471752,0.8133538497850312,1.3461797799699717,0.6804876550202532,0.8597372534390354,0.6871634520199288,1.2560762914557102,2.917165593620059,3.115760692102601,1.6302693366533534,0.4336424295038642,0.7107523475732189,0.619947755116874,2.4096228267078805,3.017921317172434,1.8477146439954029,0.2923226391420578,2.053997112445686,2,Yeast
23.240000000000002,18.79188695817678,8.44692408189193,2.4932552414461338,5.928403693041719,3.562162724926585,1.5745168923450579,4.168801395521431,3.1429212913043156,0.9937638024148762,2.0439652283176883,1.3439454243148943,0.8077455823019859,1.724111172534829,0.9560730495471752,0.8133538497850312,1.3461797799699717,0.6804876550202532,0.8597372534390354,0.6871634520199288,1.2560762914557102,2.917165593620059,3.115760692102601,1.6302693366533534,0.4336424295038642,0.7107523475732189,0.619947755116874,2.4096228267078805,3.017921317172434,1.8477146439954029,0.2923226391420578,2.053997112445686,1,Mammalian
20.43,17.144562372861166,9.06603040022649,1.0767653925659049,5.099308097149708,5.2893447612519,1.9679013431149053,2.051941444046792,3.5149009385258796,2.212861980305754,0.671580288242931,2.2241902092239902,1.8524861416304752,0.6100957141452633,2.2208927110001535,2.6938856492269334,1.5970284906663368,0.9511832464092335,2.019544722498196,2.170628713212247,1.6167274500518072,1.1613889488829783,0.8053410421680104,0.693233807783307,1.2213399986694495,1.399845378874389,0.9901659507434902,0.33239233159381854,0.1521327632676757,0.41864634854742927,0.774279586598593,1.1408839745229018,2,Mammalian
20.589999999999996,17.309451770947963,9.292246375848395,1.4015394690322716,4.621541275862923,4.803123987313325,1.942671604528224,1.431321601957556,1.896740113208612,0.5764143193744248,2.5086964017061884,3.3238035719913843,1.971150132153458,0.7591259844666013,2.301906894755325,2.149375803948237,0.9362157870918435,1.4463379172695572,1.6559275651174004,1.1172816999696609,1.7855588242231828,2.219346261630291,1.4863182716022183,0.2574654140552758,0.59781012281943,0.5475085614436809,1.2046383924118549,2.0347268288715035,2.221554203085181,2.094096356650637,1.9810753588769803,1.4018402905453635,2,Mammalian
24.0,20.402359781374845,11.52478182590111,1.9801796198013588,4.281321477848339,5.157337373965768,2.8665004935835547,2.829298538744414,3.564068871770134,2.134109785485152,0.23348100362513788,1.6087074192684456,1.2397645205749879,0.2449122753711574,1.2514694728353668,1.3645423981004492,1.276401190848709,1.3732146211329443,0.8118153795703946,0.2279913052136922,0.717734214297157,0.32030636495052783,1.7702274990899867,2.9844982279155454,2.652887686518065,0.7479882957577478,1.5226270695494852,2.6171485603259166,1.8673317687184643,0.20431941694577174,1.5611363691894051,1.681962878873737,2,Mammalian
19.080000000000002,16.255394128581376,9.3315107185723,1.9468889137835217,2.4925940272425278,2.835405463482902,0.8492507558631921,2.1519073140516585,2.5985330718266146,1.237853929521394,0.7237596544472448,1.227595445168176,0.2897498328754533,1.1393739889959598,1.7871770765863413,1.6288174098018644,2.292596780945137,3.0271347344343345,2.5727079795358843,1.2917922961704145,0.5769701341165628,0.41832005600260513,1.2680227102710069,2.255778889984465,2.069305650362783,1.0783598015809972,2.0599281789978146,2.7976196446598816,1.9961276296973203,0.9469499313253342,1.84809060329705,1.9528983755537501,2,Mammalian
5.12,5.039635931372467,4.802663794874388,4.421212417968344,3.9147403494428086,3.308955403897064,2.6344167013994384,1.924978277576784,1.2165648981945092,0.550249566904532,0.18320459429535474,0.6341374651964368,1.0383881016676983,1.3215744665070188,1.4730794636992415,1.492982187897807,1.3894603268895447,1.1777299480388685,0.8788793082621607,0.5184452670652921,0.12485397711195508,0.27307363527849826,0.6461375045436827,0.9687281985442889,1.219003629396149,1.380580637654862,1.4434775439910252,1.4046977618271905,1.268451666859513,1.0461715861296013,0.7570945474452968,0.4350550086923888,2,Mammalian
10.66,10.144600903021681,8.690026875862797,6.55444502263843,4.120691317073941,1.8876682373448852,1.0799449411992346,1.9057394801589806,2.274072989609786,1.94599131155241,1.0932827359363793,0.35594272524435233,1.260748218313198,2.050783334980002,2.391168562750494,2.241610051823476,1.7204650534085253,1.1566495534428531,1.1466080045573637,1.589980913903308,1.903505086647094,1.8779813466508863,1.5121586441848924,0.9190328665859344,0.3277072442397492,0.47591632332516076,0.8165555465137067,0.9222550946914959,0.8284234331066248,0.7173323589003209,0.7960533542026215,0.9763984532134481,2,Mammalian
25.689999999999998,20.235317760666646,7.824378825108111,3.279069173331153,6.287631336450066,2.0863946595706526,3.5949468580226425,5.257192595573877,2.1633119449018063,2.099522551947555,3.66286735313995,2.0744400702357386,0.9263537118553998,0.9697686451917678,0.7905111919699089,2.4827052181218194,2.366114959168298,0.768993584440757,0.5662423607792635,0.5389103597285563,0.29617568762082547,0.34673680710032906,0.9726610018951849,2.1440003288687355,1.9879339599305519,0.5996804501811522,1.350286215566612,1.4949752269127838,0.518691564887286,1.3045038915732692,1.523146479550471,0.8016816922138812,2,Mammalian
20.34,17.61535112625624,10.729202010066851,2.8914266796362886,3.1455264304997175,4.935431881051418,3.4373714698071267,1.2513129461440529,2.20565567724398,2.5556994231341257,2.2023946655658326,2.4246252048197228,2.466793115067577,1.956763370957836,1.9145123027480504,2.1176302971939602,1.5902201105507363,0.6578381446686543,0.91976575890768,1.168965443528581,1.0092556795768788,1.097481361627362,1.0747759325160615,0.527291394667223,0.20465344717692524,0.48894120174571426,0.03484641947148901,0.9027350303152776,1.6028718525586263,1.5736229948659661,1.105656074971865,1.3377146452380564,2,Mammalian
14.25,13.418577304582733,11.08977011495156,7.721723927701484,3.9621705158474003,0.6035705084115285,2.2092290257528977,3.634000609899684,3.830247573169558,3.0219811202792606,1.6700896497793682,0.7436033785195124,1.4625589684406741,2.008669678786986,1.9564580967127703,1.4804489373749143,1.1128791488746652,1.342046371715437,1.6486717323189959,1.5808693034095844,1.0754058473678128,0.3743676688726308,0.7983993897528372,1.4996986239304746,1.8558565483971845,1.7765980708733449,1.3216501300903472,0.6589376668221818,0.05318205176953227,0.47344254944054476,0.6550259948519884,0.595462315498984,2,Mammalian
18.63,16.344834875915772,10.49045173745672,3.6020942001570515,2.176194676808436,4.251721456003768,3.41869032451735,1.4677391913777424,1.727836784793861,1.8103060565355094,0.3712722211791721,1.747404808468976,3.0724034576740618,2.897025095612146,1.499426747759967,1.040903897933032,2.0524375751773793,2.0918644178488592,1.2594505331470218,0.5681393539526235,0.8386381924115132,0.7631250650212863,0.37093052003424065,0.3146532058765443,0.4284624197210444,0.6500893529711036,0.9030746946474553,0.9120657895945711,0.9604164222522685,1.3644165349211812,1.5795905085735413,1.2765858535169279,2,Mammalian
19.76,16.66916247908737,9.128470384075477,1.3638695640644514,3.5922680772791598,3.6349884380284396,0.8515012586026768,1.7011732883015633,1.8894054697456775,0.18068461951899012,2.476595771582142,3.09730142714703,1.5927620029107605,1.0794533603975471,2.3363699762143963,1.6720609903124335,0.8357032966310483,2.3321555646086916,2.311842153074214,0.6155974318386915,1.504002857184484,2.6129578019885042,2.2959971586255064,1.5431984856088334,1.3147421689803354,0.5804168473455454,0.9169222246187315,2.279896904793342,2.6777405902412776,2.040940608538907,1.0028256642773967,0.2800856731532986,2,Mammalian
19.46,16.382580659989433,8.876931832017004,1.107972138147151,3.6614326124324386,3.6479138761752075,0.8223937833508731,1.79028079502041,1.9846505680353996,0.10308743708119447,2.442522941586009,3.1278762189585843,1.7072537571671487,1.0163818520752959,2.1604803854893064,1.4629929821203007,1.0001999800039993,2.5604952275810007,2.5243349759112816,0.8100438536302047,1.3721134733016978,2.499858255270843,2.1850213251213986,1.4179433855835017,1.2261982395994402,0.529885128596542,0.9342590178415522,2.2747616745806227,2.6544491800821453,2.006413167664108,0.9692939308117777,0.30178828636651,2,Mammalian
6.6,6.517214488864073,6.272736645705745,5.878007191012149,5.35146037561383,4.7176387686696435,4.0061037633255285,3.250368945284307,2.487414113429726,1.7595853077304997,1.1264836035478436,0.7168549530588174,0.7269269084424063,0.9845896805335063,1.2328691302681671,1.393214193459881,1.4489996549343962,1.4038159488859767,1.2716075953310897,1.0738274621999984,0.8397414488495979,0.6124949709013412,0.4667390428328623,0.4836976526992497,0.615443765351971,0.7627401077471798,0.8778899447814295,0.9447829093004184,0.9626439721420521,0.9410354904870133,0.8979165016316134,0.8568521880073001,2,Mammalian
17.3,16.025586989722612,12.541075042697097,7.756526329050995,2.8823637420745274,1.1828002979473966,3.297327209903333,3.634736692398017,2.5489290631197328,0.8241634619693884,0.9022533986541318,1.7775160511543517,1.783650065350139,1.1930184927362382,0.8446362715226415,1.144853665094241,1.1493476410555694,0.5992892423990208,0.36259085480092385,1.1826881005539427,1.5854225293761521,1.3699116478621554,0.6266979254289106,0.32507679443789433,1.073387456226112,1.2993939968546888,0.905794720225646,0.06296846977270784,0.8805720334516047,1.5147332656611678,1.57661406970944,1.0603318222191154,2,Mammalian
19.689999999999998,16.68722895288598,9.266075734445932,1.2031474570751375,3.8802363976706,4.493779803273134,1.9189899225665572,1.1297716326952085,2.310136215838509,1.3201146691499246,1.287992156960484,2.561331621528986,2.4049039127885212,1.3420237012364316,1.0406316203359136,1.134194670033144,0.8598255637046393,0.7704402161195194,0.4490367756044513,0.3398383283366223,0.8840784611096704,0.6894398148793724,0.9031220523487737,1.9267471543825665,2.1407173247001423,1.237751022931991,0.9094888377436942,1.9507224686855669,2.0448491247641485,1.1217131051544773,0.15952047423860855,1.1053965454197126,2,Mammalian
21.79,18.363507854096667,9.976367434844985,1.1445898525714426,4.102544149603367,4.0112059957553345,0.6462757834592157,3.356164138802532,4.438455096330352,2.640697664954992,0.2962034094405952,2.0159879952029978,1.6708227021702156,0.6514881577454815,1.7952905432964166,1.90203111014427,0.9972462083156803,0.9019676804612768,1.0821580541067484,0.5679932326493997,0.10524941643231032,0.44931392669603104,1.5496196078580209,2.5595450495313887,2.5302798971376923,1.3869184329662891,1.0581875184809537,1.8278504829999258,1.7009425501199222,1.5874053100628858,1.945936282273881,1.4684956779833518,2,Mammalian
16.490000000000002,15.182077897123495,11.641831892805948,6.884613514414424,2.204172961493463,1.2650224594501298,2.900190400610456,2.743812995156128,1.4001474976792851,0.3000924483592937,1.4785605774572494,1.8013020959097803,1.3022473467996691,0.4453935286702304,0.536889237068684,0.7783682991555935,0.42579337712087534,0.414148802596319,1.20355650335932,1.64715413974598,1.5396880931585546,0.966515167386786,0.3953112761053344,0.7299506363740303,1.0072670870938036,0.9234613092905397,0.6692412536146997,0.5592532312852536,0.5377117995359004,0.36892940781502465,0.26674195100890286,0.5184295701409519,2,Mammalian
19.950000000000003,17.44855671308264,11.064133741286582,3.749062794220674,3.1321830433509783,5.138565807487774,3.9673162040918433,1.2206028680074235,1.461109636746952,1.9192973151416046,0.5367205159245383,1.6406667875927565,3.131962483534693,3.1472982131999685,1.8843960241215256,0.5014007244978346,1.1011357772772625,1.3603462961539792,1.2577862065633159,1.151927832093852,0.6661185671157588,0.31957863957917265,1.307441461810843,1.6983034242718662,1.3193023267641084,0.9126885372143975,1.2895798688291866,1.3203591016733809,0.6676274703900784,0.5722476167001157,1.187216849679215,1.2182067940895627,2,Mammalian
30.009999999999998,23.226105790810525,8.367278566113063,3.3989619799243758,5.4037138301781145,0.9825358600371421,3.487266687329687,2.4356358842745114,1.288835045250458,2.150188864044888,0.44681205841361926,2.9927912413756967,2.4792291253240912,0.8631146917154645,2.3537932100126735,1.1738131790651034,1.2210241602851277,1.6408452463349146,0.26062018606578474,2.245825410444402,2.3307237164191994,1.1745294344750992,0.8659356705211417,1.3605305230467823,2.125912563144179,1.6025794508771045,0.17801092056326442,0.8160604035082487,0.3674598527833957,1.164627844311489,1.460062191399509,1.6609669992690685,2,Mammalian
27.34,22.75362235886103,11.70273372765444,0.4406323417875164,5.534692405571124,4.786960728776472,0.335539194881348,3.243194511928538,3.2896054756062645,0.5820679671379435,2.0830366080573257,2.4067153417008575,0.5529866069651563,1.4804633056145182,1.834490543888832,0.42299552693630454,1.2503599481749244,1.5308755318953358,0.2780562013151502,1.3620047638762003,1.7373197086670358,0.610512917699588,0.9486460655966312,1.495828203336565,0.6334791353006672,0.7337489662920428,1.2656757849946163,0.5031991848971011,0.8240788907062101,1.3457667097928487,0.578497952122203,0.7832499277231616,0,Mammalian
27.34,22.75362235886103,11.70273372765444,0.4406323417875164,5.534692405571124,4.786960728776472,0.335539194881348,3.243194511928538,3.2896054756062645,0.5820679671379435,2.0830366080573257,2.4067153417008575,0.5529866069651563,1.4804633056145182,1.834490543888832,0.42299552693630454,1.2503599481749244,1.5308755318953358,0.2780562013151502,1.3620047638762003,1.7373197086670358,0.610512917699588,0.9486460655966312,1.495828203336565,0.6334791353006672,0.7337489662920428,1.2656757849946163,0.5031991848971011,0.8240788907062101,1.3457667097928487,0.578497952122203,0.7832499277231616,0,E_coli
27.34,22.75362235886103,11.70273372765444,0.4406323417875164,5.534692405571124,4.786960728776472,0.335539194881348,3.243194511928538,3.2896054756062645,0.5820679671379435,2.0830366080573257,2.4067153417008575,0.5529866069651563,1.4804633056145182,1.834490543888832,0.42299552693630454,1.2503599481749244,1.5308755318953358,0.2780562013151502,1.3620047638762003,1.7373197086670358,0.610512917699588,0.9486460655966312,1.495828203336565,0.6334791353006672,0.7337489662920428,1.2656757849946163,0.5031991848971011,0.8240788907062101,1.3457667097928487,0.578497952122203,0.7832499277231616,1,Yeast
27.53,22.909779594705938,11.777412418807716,0.41787847677593953,5.594513231835337,4.864940156637356,0.4215335623664566,3.1359352262719478,3.154335495461293,0.427687592591603,2.1625637594955056,2.39132013810338,0.43641921754571533,1.6461446372928836,1.9685379108277976,0.44779439228521756,1.33,1.7077768722717492,0.4617689478754101,1.120163014398409,1.5382272934581478,0.47789974096376914,0.9751201765992056,1.4265838405502744,0.49433549546129263,0.8764989475915004,1.355601346636301,0.5029926815875453,0.8272948440770972,1.3160505599275418,0.44056522993523506,1.0238972630255572,0,Mammalian
27.53,22.909779594705938,11.777412418807716,0.41787847677593953,5.594513231835337,4.864940156637356,0.4215335623664566,3.1359352262719478,3.154335495461293,0.427687592591603,2.1625637594955056,2.39132013810338,0.43641921754571533,1.6461446372928836,1.9685379108277976,0.44779439228521756,1.33,1.7077768722717492,0.4617689478754101,1.120163014398409,1.5382272934581478,0.47789974096376914,0.9751201765992056,1.4265838405502744,0.49433549546129263,0.8764989475915004,1.355601346636301,0.5029926815875453,0.8272948440770972,1.3160505599275418,0.44056522993523506,1.0238972630255572,0,E_coli
27.53,22.909779594705938,11.777412418807716,0.41787847677593953,5.594513231835337,4.864940156637356,0.4215335623664566,3.1359352262719478,3.154335495461293,0.427687592591603,2.1625637594955056,2.39132013810338,0.43641921754571533,1.6461446372928836,1.9685379108277976,0.44779439228521756,1.33,1.7077768722717492,0.4617689478754101,1.120163014398409,1.5382272934581478,0.47789974096376914,0.9751201765992056,1.4265838405502744,0.49433549546129263,0.8764989475915004,1.355601346636301,0.5029926815875453,0.8272948440770972,1.3160505599275418,0.44056522993523506,1.0238972630255572,1,Yeast
15.47,14.169891929415757,10.634006516820186,5.837146674637493,1.0528311050523331,2.5663647361015802,4.2927904028189365,4.060970217732112,2.401356404614208,0.42791172297177565,1.774509974039471,2.64186339525697,2.3861974752033674,1.3135508618672116,0.29203310097490826,1.02850439772484,1.2101652779682621,0.6988827818868768,0.7283235261385735,1.6101946712612862,2.0261865466639337,1.658299899457259,0.5843764019541141,0.8225179637813832,2.0600212178563417,2.704917159958287,2.5833455737634545,1.851789667333027,1.06910072101998,1.1841807633504424,1.6725016251979605,1.9071293245871803,1,Yeast
15.47,14.169891929415757,10.634006516820186,5.837146674637493,1.0528311050523331,2.5663647361015802,4.2927904028189365,4.060970217732112,2.401356404614208,0.42791172297177565,1.774509974039471,2.64186339525697,2.3861974752033674,1.3135508618672116,0.29203310097490826,1.02850439772484,1.2101652779682621,0.6988827818868768,0.7283235261385735,1.6101946712612862,2.0261865466639337,1.658299899457259,0.5843764019541141,0.8225179637813832,2.0600212178563417,2.704917159958287,2.5833455737634545,1.851789667333027,1.06910072101998,1.1841807633504424,1.6725016251979605,1.9071293245871803,0,E_coli
15.47,14.169891929415757,10.634006516820186,5.837146674637493,1.0528311050523331,2.5663647361015802,4.2927904028189365,4.060970217732112,2.401356404614208,0.42791172297177565,1.774509974039471,2.64186339525697,2.3861974752033674,1.3135508618672116,0.29203310097490826,1.02850439772484,1.2101652779682621,0.6988827818868768,0.7283235261385735,1.6101946712612862,2.0261865466639337,1.658299899457259,0.5843764019541141,0.8225179637813832,2.0600212178563417,2.704917159958287,2.5833455737634545,1.851789667333027,1.06910072101998,1.1841807633504424,1.6725016251979605,1.9071293245871803,0,Mammalian
16.509999999999998,15.177025885637583,11.590184653275752,6.835445434673313,2.290881575835812,1.0364547720920858,2.275801966037576,1.786958567895531,0.5223752939087795,1.6068107647573406,2.555306178521513,2.518164164991096,1.7463183551542494,1.1672618366375487,1.436115944072046,1.5010044274118495,1.0456098698845564,0.8853009581162641,1.4587207572862133,1.7238546724913841,1.4191730858371612,1.0766803137796137,1.5359654592885026,2.0629778070244558,2.036203342575028,1.4372800061878603,0.7983153739176508,1.1261969512384444,1.6178323647346204,1.7379555389484787,1.6074709538415597,1.4924717696362892,0,Mammalian
16.509999999999998,15.177025885637583,11.590184653275752,6.835445434673313,2.290881575835812,1.0364547720920858,2.275801966037576,1.786958567895531,0.5223752939087795,1.6068107647573406,2.555306178521513,2.518164164991096,1.7463183551542494,1.1672618366375487,1.436115944072046,1.5010044274118495,1.0456098698845564,0.8853009581162641,1.4587207572862133,1.7238546724913841,1.4191730858371612,1.0766803137796137,1.5359654592885026,2.0629778070244558,2.036203342575028,1.4372800061878603,0.7983153739176508,1.1261969512384444,1.6178323647346204,1.7379555389484787,1.6074709538415597,1.4924717696362892,0,E_coli
16.509999999999998,15.177025885637583,11.590184653275752,6.835445434673313,2.290881575835812,1.0364547720920858,2.275801966037576,1.786958567895531,0.5223752939087795,1.6068107647573406,2.555306178521513,2.518164164991096,1.7463183551542494,1.1672618366375487,1.436115944072046,1.5010044274118495,1.0456098698845564,0.8853009581162641,1.4587207572862133,1.7238546724913841,1.4191730858371612,1.0766803137796137,1.5359654592885026,2.0629778070244558,2.036203342575028,1.4372800061878603,0.7983153739176508,1.1261969512384444,1.6178323647346204,1.7379555389484787,1.6074709538415597,1.4924717696362892,1,Yeast
15.55,14.236703984494712,10.668114508923344,5.8396823155536115,1.105960881049198,2.607265591572965,4.234368066098346,3.8521136719994233,1.9983031975358063,0.6631289087757289,2.6340418995889423,3.6910181601921543,3.549014444800957,2.506299444031614,1.2309121965240137,0.735568393054098,0.8300000000000001,0.43262503589889006,0.6069683805966999,1.4787174033902917,1.9437549228323965,1.7527168643559934,1.015826206316573,0.5494048831460474,1.165926383061201,1.434833335041523,1.052029014820076,0.2046819001685907,0.8613732060772851,1.5461959076675793,1.6167435778308086,1.0384646620143023,0,Mammalian
15.55,14.236703984494712,10.668114508923344,5.8396823155536115,1.105960881049198,2.607265591572965,4.234368066098346,3.8521136719994233,1.9983031975358063,0.6631289087757289,2.6340418995889423,3.6910181601921543,3.549014444800957,2.506299444031614,1.2309121965240137,0.735568393054098,0.8300000000000001,0.43262503589889006,0.6069683805966999,1.4787174033902917,1.9437549228323965,1.7527168643559934,1.015826206316573,0.5494048831460474,1.165926383061201,1.434833335041523,1.052029014820076,0.2046819001685907,0.8613732060772851,1.5461959076675793,1.6167435778308086,1.0384646620143023,0,E_coli
15.55,14.236703984494712,10.668114508923344,5.8396823155536115,1.105960881049198,2.607265591572965,4.234368066098346,3.8521136719994233,1.9983031975358063,0.6631289087757289,2.6340418995889423,3.6910181601921543,3.549014444800957,2.506299444031614,1.2309121965240137,0.735568393054098,0.8300000000000001,0.43262503589889006,0.6069683805966999,1.4787174033902917,1.9437549228323965,1.7527168643559934,1.015826206316573,0.5494048831460474,1.165926383061201,1.434833335041523,1.052029014820076,0.2046819001685907,0.8613732060772851,1.5461959076675793,1.6167435778308086,1.0384646620143023,1,Yeast
19.67,17.20862206070851,10.908688722651695,3.4653019672778127,2.2268192418022688,4.362157800031762,3.126354757123449,0.22614467924105844,2.179377771839305,2.6799517535477024,1.263206043879723,0.9270830277435027,2.447803208461481,2.47797523278434,1.2736930696160653,0.7951481902144081,1.548063306199071,1.3070320990137339,0.30965304301595953,0.8284599975653383,1.2815537557927046,1.1308029475916934,1.0632597409123696,1.2342091329161597,1.059486917150345,0.5490647994919311,0.2061858943610902,0.46515514736282565,1.1635959298650267,1.9527018131949532,2.2770845028881896,1.9366074761537395,0,E_coli
19.67,17.20862206070851,10.908688722651695,3.4653019672778127,2.2268192418022688,4.362157800031762,3.126354757123449,0.22614467924105844,2.179377771839305,2.6799517535477024,1.263206043879723,0.9270830277435027,2.447803208461481,2.47797523278434,1.2736930696160653,0.7951481902144081,1.548063306199071,1.3070320990137339,0.30965304301595953,0.8284599975653383,1.2815537557927046,1.1308029475916934,1.0632597409123696,1.2342091329161597,1.059486917150345,0.5490647994919311,0.2061858943610902,0.46515514736282565,1.1635959298650267,1.9527018131949532,2.2770845028881896,1.9366074761537395,0,Mammalian
19.67,17.20862206070851,10.908688722651695,3.4653019672778127,2.2268192418022688,4.362157800031762,3.126354757123449,0.22614467924105844,2.179377771839305,2.6799517535477024,1.263206043879723,0.9270830277435027,2.447803208461481,2.47797523278434,1.2736930696160653,0.7951481902144081,1.548063306199071,1.3070320990137339,0.30965304301595953,0.8284599975653383,1.2815537557927046,1.1308029475916934,1.0632597409123696,1.2342091329161597,1.059486917150345,0.5490647994919311,0.2061858943610902,0.46515514736282565,1.1635959298650267,1.9527018131949532,2.2770845028881896,1.9366074761537395,1,Yeast
11.5,11.020283208205553,9.650963946095324,7.59001970585122,5.1312914739858595,2.6192988139390807,0.47593856010138125,1.3948075115142318,2.371880364077247,2.6030031517357575,2.159511531898154,1.2399830993014342,0.45042407427656106,1.3396782532140759,2.2689141145171865,2.809520732336333,2.871724220742654,2.4798949647170265,1.7515196311468662,0.8826222207956231,0.3860988754946176,0.8662289948182993,1.2091951312387526,1.2073159088639027,0.884863570560336,0.3864859383508026,0.4583902161491669,0.9843436206457667,1.3396617560615485,1.4094254832409943,1.1761039957226442,0.7075077455427248,0,E_coli
11.5,11.020283208205553,9.650963946095324,7.59001970585122,5.1312914739858595,2.6192988139390807,0.47593856010138125,1.3948075115142318,2.371880364077247,2.6030031517357575,2.159511531898154,1.2399830993014342,0.45042407427656106,1.3396782532140759,2.2689141145171865,2.809520732336333,2.871724220742654,2.4798949647170265,1.7515196311468662,0.8826222207956231,0.3860988754946176,0.8662289948182993,1.2091951312387526,1.2073159088639027,0.884863570560336,0.3864859383508026,0.4583902161491669,0.9843436206457667,1.3396617560615485,1.4094254832409943,1.1761039957226442,0.7075077455427248,0,Mammalian
11.5,11.020283208205553,9.650963946095324,7.59001970585122,5.1312914739858595,2.6192988139390807,0.47593856010138125,1.3948075115142318,2.371880364077247,2.6030031517357575,2.159511531898154,1.2399830993014342,0.45042407427656106,1.3396782532140759,2.2689141145171865,2.809520732336333,2.871724220742654,2.4798949647170265,1.7515196311468662,0.8826222207956231,0.3860988754946176,0.8662289948182993,1.2091951312387526,1.2073159088639027,0.884863570560336,0.3864859383508026,0.4583902161491669,0.9843436206457667,1.3396617560615485,1.4094254832409943,1.1761039957226442,0.7075077455427248,1,Yeast
20.55,17.192536480738788,8.925941235145643,1.2530510026154666,5.857600093958258,6.263247488963101,2.9455547312918404,1.1420914317551525,3.203810723807802,2.7791494656218227,1.1145204475217503,0.24884752444390332,0.17239655348535463,1.1525689302514968,1.7798449045935336,1.242990041807714,0.338378486313773,1.4232698793635228,1.5843470539542301,0.7674311355232363,0.2628491938318246,0.6607441861792673,0.6172758240925915,0.8545490322327693,0.8693657722812242,1.195341928626011,2.1735928843977774,2.575230610277481,2.0666182204046657,1.674766245388337,1.907664965829169,1.429367953554937,0,E_coli
20.55,17.192536480738788,8.925941235145643,1.2530510026154666,5.857600093958258,6.263247488963101,2.9455547312918404,1.1420914317551525,3.203810723807802,2.7791494656218227,1.1145204475217503,0.24884752444390332,0.17239655348535463,1.1525689302514968,1.7798449045935336,1.242990041807714,0.338378486313773,1.4232698793635228,1.5843470539542301,0.7674311355232363,0.2628491938318246,0.6607441861792673,0.6172758240925915,0.8545490322327693,0.8693657722812242,1.195341928626011,2.1735928843977774,2.575230610277481,2.0666182204046657,1.674766245388337,1.907664965829169,1.429367953554937,1,Yeast
20.55,17.192536480738788,8.925941235145643,1.2530510026154666,5.857600093958258,6.263247488963101,2.9455547312918404,1.1420914317551525,3.203810723807802,2.7791494656218227,1.1145204475217503,0.24884752444390332,0.17239655348535463,1.1525689302514968,1.7798449045935336,1.242990041807714,0.338378486313773,1.4232698793635228,1.5843470539542301,0.7674311355232363,0.2628491938318246,0.6607441861792673,0.6172758240925915,0.8545490322327693,0.8693657722812242,1.195341928626011,2.1735928843977774,2.575230610277481,2.0666182204046657,1.674766245388337,1.907664965829169,1.429367953554937,0,Mammalian
18.96,16.460043016007855,10.170629035537365,3.1332146737677378,2.6267352660556322,4.118115833782032,2.850745590543418,0.9823031264494323,1.2123068897227358,0.7949247973516297,0.5118344740283481,1.414808384034426,1.0408229396160316,0.43944549991850407,1.9900139291300911,2.5847886274747682,2.0208908926510607,1.4041132984134093,1.7503262532861426,1.7120681882916833,1.0194515940985938,0.7024581036108319,0.9989952848631855,1.2592149992451676,1.5668797034650706,1.4049403669340794,0.5825141442370599,1.0183933546680666,1.6809723072432,1.2743178035775615,1.074275724471184,2.477432080138011,1,Yeast
18.96,16.460043016007855,10.170629035537365,3.1332146737677378,2.6267352660556322,4.118115833782032,2.850745590543418,0.9823031264494323,1.2123068897227358,0.7949247973516297,0.5118344740283481,1.414808384034426,1.0408229396160316,0.43944549991850407,1.9900139291300911,2.5847886274747682,2.0208908926510607,1.4041132984134093,1.7503262532861426,1.7120681882916833,1.0194515940985938,0.7024581036108319,0.9989952848631855,1.2592149992451676,1.5668797034650706,1.4049403669340794,0.5825141442370599,1.0183933546680666,1.6809723072432,1.2743178035775615,1.074275724471184,2.477432080138011,0,E_coli
18.96,16.460043016007855,10.170629035537365,3.1332146737677378,2.6267352660556322,4.118115833782032,2.850745590543418,0.9823031264494323,1.2123068897227358,0.7949247973516297,0.5118344740283481,1.414808384034426,1.0408229396160316,0.43944549991850407,1.9900139291300911,2.5847886274747682,2.0208908926510607,1.4041132984134093,1.7503262532861426,1.7120681882916833,1.0194515940985938,0.7024581036108319,0.9989952848631855,1.2592149992451676,1.5668797034650706,1.4049403669340794,0.5825141442370599,1.0183933546680666,1.6809723072432,1.2743178035775615,1.074275724471184,2.477432080138011,0,Mammalian
20.92,17.467977861157653,9.057896123099477,1.0311373922302844,5.00743240614803,4.723590395974837,1.0564896543481903,2.4751190544692605,3.22447372086988,1.0573010836069026,2.0370666009730805,3.6811959647547714,2.9780368807346504,0.9288881447075042,0.7968445094775308,1.0072223326919423,1.2778106275970633,2.133889363091403,1.852514362632588,0.5691577648649974,1.3760710275728276,1.6833782293646495,0.7498653111557588,1.6017030086563475,2.517850119331879,1.9049057631292685,0.31547215925298155,1.7317332325159571,2.470980688293101,1.988587416807207,0.8900088720972226,0.16395181300531667,0,Mammalian
20.92,17.467977861157653,9.057896123099477,1.0311373922302844,5.00743240614803,4.723590395974837,1.0564896543481903,2.4751190544692605,3.22447372086988,1.0573010836069026,2.0370666009730805,3.6811959647547714,2.9780368807346504,0.9288881447075042,0.7968445094775308,1.0072223326919423,1.2778106275970633,2.133889363091403,1.852514362632588,0.5691577648649974,1.3760710275728276,1.6833782293646495,0.7498653111557588,1.6017030086563475,2.517850119331879,1.9049057631292685,0.31547215925298155,1.7317332325159571,2.470980688293101,1.988587416807207,0.8900088720972226,0.16395181300531667,1,Yeast
20.92,17.467977861157653,9.057896123099477,1.0311373922302844,5.00743240614803,4.723590395974837,1.0564896543481903,2.4751190544692605,3.22447372086988,1.0573010836069026,2.0370666009730805,3.6811959647547714,2.9780368807346504,0.9288881447075042,0.7968445094775308,1.0072223326919423,1.2778106275970633,2.133889363091403,1.852514362632588,0.5691577648649974,1.3760710275728276,1.6833782293646495,0.7498653111557588,1.6017030086563475,2.517850119331879,1.9049057631292685,0.31547215925298155,1.7317332325159571,2.470980688293101,1.988587416807207,0.8900088720972226,0.16395181300531667,0,E_coli
10.33,9.939596772840462,8.82206357192416,7.129680748609307,5.088675831854045,2.9633768464292407,1.0208198565625597,0.599233291492898,1.619756764269077,2.088241396561695,2.0431488086894767,1.6336466595746064,1.1306729669638382,0.9913618243319453,1.3128681763141399,1.6454052436077335,1.7753027910753703,1.6839681658934555,1.4489611297459404,1.192818897977463,1.0061270891363676,0.8598543057695632,0.6510623222096145,0.3884429116450793,0.5412836821894503,1.0886164669315728,1.649798690711597,2.0614168151285757,2.2157313015317817,2.0561991890205933,1.5867687379575433,0.8742951967181267,1,Yeast
10.33,9.939596772840462,8.82206357192416,7.129680748609307,5.088675831854045,2.9633768464292407,1.0208198565625597,0.599233291492898,1.619756764269077,2.088241396561695,2.0431488086894767,1.6336466595746064,1.1306729669638382,0.9913618243319453,1.3128681763141399,1.6454052436077335,1.7753027910753703,1.6839681658934555,1.4489611297459404,1.192818897977463,1.0061270891363676,0.8598543057695632,0.6510623222096145,0.3884429116450793,0.5412836821894503,1.0886164669315728,1.649798690711597,2.0614168151285757,2.2157313015317817,2.0561991890205933,1.5867687379575433,0.8742951967181267,0,Mammalian
10.33,9.939596772840462,8.82206357192416,7.129680748609307,5.088675831854045,2.9633768464292407,1.0208198565625597,0.599233291492898,1.619756764269077,2.088241396561695,2.0431488086894767,1.6336466595746064,1.1306729669638382,0.9913618243319453,1.3128681763141399,1.6454052436077335,1.7753027910753703,1.6839681658934555,1.4489611297459404,1.192818897977463,1.0061270891363676,0.8598543057695632,0.6510623222096145,0.3884429116450793,0.5412836821894503,1.0886164669315728,1.649798690711597,2.0614168151285757,2.2157313015317817,2.0561991890205933,1.5867687379575433,0.8742951967181267,0,E_coli
15.500000000000002,13.926956367397679,9.720649643979671,4.226770032890172,0.8794428478082076,4.19028235004017,5.058672720375581,3.7446864996506455,1.2282665953910727,1.2712432958927904,2.7386095219467226,2.822040571667807,1.8675083735317035,0.9759420809579864,1.2563984640102284,1.2618925708407096,0.6224146527838168,0.8542593916052265,1.552276803377839,1.47492581013976,0.5389002274822237,1.1822135695648925,2.6360732652815795,3.393073234630407,3.131606803327395,2.008257125270694,0.6590280340681276,0.8954585906953226,1.3034490005549006,1.030596400646475,0.9048304311507246,1.515895148634297,0,E_coli
15.500000000000002,13.926956367397679,9.720649643979671,4.226770032890172,0.8794428478082076,4.19028235004017,5.058672720375581,3.7446864996506455,1.2282665953910727,1.2712432958927904,2.7386095219467226,2.822040571667807,1.8675083735317035,0.9759420809579864,1.2563984640102284,1.2618925708407096,0.6224146527838168,0.8542593916052265,1.552276803377839,1.47492581013976,0.5389002274822237,1.1822135695648925,2.6360732652815795,3.393073234630407,3.131606803327395,2.008257125270694,0.6590280340681276,0.8954585906953226,1.3034490005549006,1.030596400646475,0.9048304311507246,1.515895148634297,1,Yeast
15.500000000000002,13.926956367397679,9.720649643979671,4.226770032890172,0.8794428478082076,4.19028235004017,5.058672720375581,3.7446864996506455,1.2282665953910727,1.2712432958927904,2.7386095219467226,2.822040571667807,1.8675083735317035,0.9759420809579864,1.2563984640102284,1.2618925708407096,0.6224146527838168,0.8542593916052265,1.552276803377839,1.47492581013976,0.5389002274822237,1.1822135695648925,2.6360732652815795,3.393073234630407,3.131606803327395,2.008257125270694,0.6590280340681276,0.8954585906953226,1.3034490005549006,1.030596400646475,0.9048304311507246,1.515895148634297,0,Mammalian
14.41,13.457089950748886,10.827986504052639,7.157013343956963,3.3811938955197993,1.4942040183889398,2.833394140328929,3.3779849498142682,2.6756812856325394,1.154329795013169,0.7519625486844336,2.1077788318495134,2.7455798316553124,2.530159513962884,1.688304941909418,0.9214073642719708,1.326386067478093,1.866444397845112,1.8944970641844907,1.4433542846991845,0.9038424498637027,0.965032016169318,1.3019246029210287,1.3333829958569263,0.9780233421119369,0.39257330622023084,0.34852918077025985,0.7859338977765195,0.9728247811048035,0.9330031066233436,0.8364001879248768,0.8276294634530701,0,Mammalian
14.41,13.457089950748886,10.827986504052639,7.157013343956963,3.3811938955197993,1.4942040183889398,2.833394140328929,3.3779849498142682,2.6756812856325394,1.154329795013169,0.7519625486844336,2.1077788318495134,2.7455798316553124,2.530159513962884,1.688304941909418,0.9214073642719708,1.326386067478093,1.866444397845112,1.8944970641844907,1.4433542846991845,0.9038424498637027,0.965032016169318,1.3019246029210287,1.3333829958569263,0.9780233421119369,0.39257330622023084,0.34852918077025985,0.7859338977765195,0.9728247811048035,0.9330031066233436,0.8364001879248768,0.8276294634530701,1,Yeast
14.41,13.457089950748886,10.827986504052639,7.157013343956963,3.3811938955197993,1.4942040183889398,2.833394140328929,3.3779849498142682,2.6756812856325394,1.154329795013169,0.7519625486844336,2.1077788318495134,2.7455798316553124,2.530159513962884,1.688304941909418,0.9214073642719708,1.326386067478093,1.866444397845112,1.8944970641844907,1.4433542846991845,0.9038424498637027,0.965032016169318,1.3019246029210287,1.3333829958569263,0.9780233421119369,0.39257330622023084,0.34852918077025985,0.7859338977765195,0.9728247811048035,0.9330031066233436,0.8364001879248768,0.8276294634530701,0,E_coli
14.61,13.655107659397085,11.02081749413051,7.34466966227666,3.574285329377062,1.6245697899140288,2.8336353745250733,3.375135420544013,2.689463044509285,1.1725588591275586,0.6037910099890855,1.9688957887867733,2.5844671093128544,2.34537037827319,1.4883190804791286,0.8330862679315945,1.4516542288024379,2.0411707531944643,2.083244595778024,1.6323534358158618,1.0563043727496222,0.9896605791039674,1.2714251189150358,1.3056343235446257,0.9811159626766084,0.49024932274975697,0.49759084930830283,0.8665585520137087,1.0446220451388115,1.030634321892999,0.9852961605950445,1.0164233108908831,1,Yeast
14.61,13.655107659397085,11.02081749413051,7.34466966227666,3.574285329377062,1.6245697899140288,2.8336353745250733,3.375135420544013,2.689463044509285,1.1725588591275586,0.6037910099890855,1.9688957887867733,2.5844671093128544,2.34537037827319,1.4883190804791286,0.8330862679315945,1.4516542288024379,2.0411707531944643,2.083244595778024,1.6323534358158618,1.0563043727496222,0.9896605791039674,1.2714251189150358,1.3056343235446257,0.9811159626766084,0.49024932274975697,0.49759084930830283,0.8665585520137087,1.0446220451388115,1.030634321892999,0.9852961605950445,1.0164233108908831,0,Mammalian
14.61,13.655107659397085,11.02081749413051,7.34466966227666,3.574285329377062,1.6245697899140288,2.8336353745250733,3.375135420544013,2.689463044509285,1.1725588591275586,0.6037910099890855,1.9688957887867733,2.5844671093128544,2.34537037827319,1.4883190804791286,0.8330862679315945,1.4516542288024379,2.0411707531944643,2.083244595778024,1.6323534358158618,1.0563043727496222,0.9896605791039674,1.2714251189150358,1.3056343235446257,0.9811159626766084,0.49024932274975697,0.49759084930830283,0.8665585520137087,1.0446220451388115,1.030634321892999,0.9852961605950445,1.0164233108908831,0,E_coli
14.25,13.298718500096316,10.673911678778142,7.0073799705501,3.2273266636243325,1.4017776448439783,2.8433481477657065,3.3887721806725835,2.6753910820451345,1.1645358189787218,0.885299354641281,2.2255957372140576,2.877985286670242,2.6795639813128838,1.8482958340378803,1.0151643077991674,1.2403628501370074,1.7306079878147336,1.7453045552269384,1.2945372426281176,0.7971530412688252,0.9748711589494036,1.347366447050486,1.3762607293309068,1.0046305580228814,0.3777953448585009,0.2795949553815527,0.7541265051429169,0.9423960551513897,0.8801846114155737,0.7349630430046915,0.6812149985564027,0,E_coli
14.25,13.298718500096316,10.673911678778142,7.0073799705501,3.2273266636243325,1.4017776448439783,2.8433481477657065,3.3887721806725835,2.6753910820451345,1.1645358189787218,0.885299354641281,2.2255957372140576,2.877985286670242,2.6795639813128838,1.8482958340378803,1.0151643077991674,1.2403628501370074,1.7306079878147336,1.7453045552269384,1.2945372426281176,0.7971530412688252,0.9748711589494036,1.347366447050486,1.3762607293309068,1.0046305580228814,0.3777953448585009,0.2795949553815527,0.7541265051429169,0.9423960551513897,0.8801846114155737,0.7349630430046915,0.6812149985564027,1,Yeast
14.25,13.298718500096316,10.673911678778142,7.0073799705501,3.2273266636243325,1.4017776448439783,2.8433481477657065,3.3887721806725835,2.6753910820451345,1.1645358189787218,0.885299354641281,2.2255957372140576,2.877985286670242,2.6795639813128838,1.8482958340378803,1.0151643077991674,1.2403628501370074,1.7306079878147336,1.7453045552269384,1.2945372426281176,0.7971530412688252,0.9748711589494036,1.347366447050486,1.3762607293309068,1.0046305580228814,0.3777953448585009,0.2795949553815527,0.7541265051429169,0.9423960551513897,0.8801846114155737,0.7349630430046915,0.6812149985564027,0,Mammalian
31.35,23.03310754703723,5.803920337352632,5.63678575053013,4.837582576993238,1.786724017109844,3.971232361658672,1.02413572521486,3.434966035674191,2.2331011948177424,1.4027466233132369,2.175234774763288,0.7094975268037332,2.2685841418741464,0.997881763747561,1.3986382126962604,1.9789138435010258,1.771410528590503,2.282840151843728,2.413942839467508,2.590508106387644,1.1115946243705868,1.2229598371226678,1.794247886999601,0.2191080413055151,1.5348331233302515,1.5266654992490465,2.015293726370089,2.415962711005852,1.2190043693599728,0.614051036201732,0.8874907026886982,1,Yeast
31.35,23.03310754703723,5.803920337352632,5.63678575053013,4.837582576993238,1.786724017109844,3.971232361658672,1.02413572521486,3.434966035674191,2.2331011948177424,1.4027466233132369,2.175234774763288,0.7094975268037332,2.2685841418741464,0.997881763747561,1.3986382126962604,1.9789138435010258,1.771410528590503,2.282840151843728,2.413942839467508,2.590508106387644,1.1115946243705868,1.2229598371226678,1.794247886999601,0.2191080413055151,1.5348331233302515,1.5266654992490465,2.015293726370089,2.415962711005852,1.2190043693599728,0.614051036201732,0.8874907026886982,0,E_coli
31.35,23.03310754703723,5.803920337352632,5.63678575053013,4.837582576993238,1.786724017109844,3.971232361658672,1.02413572521486,3.434966035674191,2.2331011948177424,1.4027466233132369,2.175234774763288,0.7094975268037332,2.2685841418741464,0.997881763747561,1.3986382126962604,1.9789138435010258,1.771410528590503,2.282840151843728,2.413942839467508,2.590508106387644,1.1115946243705868,1.2229598371226678,1.794247886999601,0.2191080413055151,1.5348331233302515,1.5266654992490465,2.015293726370089,2.415962711005852,1.2190043693599728,0.614051036201732,0.8874907026886982,0,Mammalian
16.35,15.288054962797483,12.350431426774072,8.214216916993847,3.807963267687084,0.532877141108711,2.5720925699931017,3.4626630657772837,2.940782234940373,1.5031463571354586,0.31956867143568435,1.570505020264806,2.1328228366937236,1.849797400575615,0.9471997687565676,0.3357973006725089,1.1672617529928755,1.527700463553196,1.252130675197522,0.48714094093647226,0.49409767469889604,1.254942460322095,1.559317216382348,1.3047426711359744,0.6049792117578118,0.30686073294589955,1.0351950362927587,1.375955279670687,1.2225996839034394,0.6759671784135679,0.24195386750338135,0.7280247343529497,0,E_coli
16.35,15.288054962797483,12.350431426774072,8.214216916993847,3.807963267687084,0.532877141108711,2.5720925699931017,3.4626630657772837,2.940782234940373,1.5031463571354586,0.31956867143568435,1.570505020264806,2.1328228366937236,1.849797400575615,0.9471997687565676,0.3357973006725089,1.1672617529928755,1.527700463553196,1.252130675197522,0.48714094093647226,0.49409767469889604,1.254942460322095,1.559317216382348,1.3047426711359744,0.6049792117578118,0.30686073294589955,1.0351950362927587,1.375955279670687,1.2225996839034394,0.6759671784135679,0.24195386750338135,0.7280247343529497,1,Yeast
16.35,15.288054962797483,12.350431426774072,8.214216916993847,3.807963267687084,0.532877141108711,2.5720925699931017,3.4626630657772837,2.940782234940373,1.5031463571354586,0.31956867143568435,1.570505020264806,2.1328228366937236,1.849797400575615,0.9471997687565676,0.3357973006725089,1.1672617529928755,1.527700463553196,1.252130675197522,0.48714094093647226,0.49409767469889604,1.254942460322095,1.559317216382348,1.3047426711359744,0.6049792117578118,0.30686073294589955,1.0351950362927587,1.375955279670687,1.2225996839034394,0.6759671784135679,0.24195386750338135,0.7280247343529497,0,Mammalian
15.690000000000001,14.632967014816842,11.710904714046034,7.605238637609782,3.27263621447402,1.0569348790990591,3.1741980556501104,4.000972836807533,3.4207584315736295,1.9238149746343667,0.3514613557740369,1.330897702934632,1.9775741041947144,1.8232165372947482,1.1785401419676063,0.949778066477593,1.4360013927569852,1.6472579191450683,1.297457321814683,0.6175328090126843,0.8694764409071118,1.6186451421079153,1.9674660003756548,1.7677850902497276,1.1281009497460432,0.37865033269374343,0.5163051274146248,0.7822812873048707,0.5853747422285461,0.06949310659725334,0.765380024596008,1.3759091308940854,0,E_coli
15.690000000000001,14.632967014816842,11.710904714046034,7.605238637609782,3.27263621447402,1.0569348790990591,3.1741980556501104,4.000972836807533,3.4207584315736295,1.9238149746343667,0.3514613557740369,1.330897702934632,1.9775741041947144,1.8232165372947482,1.1785401419676063,0.949778066477593,1.4360013927569852,1.6472579191450683,1.297457321814683,0.6175328090126843,0.8694764409071118,1.6186451421079153,1.9674660003756548,1.7677850902497276,1.1281009497460432,0.37865033269374343,0.5163051274146248,0.7822812873048707,0.5853747422285461,0.06949310659725334,0.765380024596008,1.3759091308940854,1,Yeast
15.690000000000001,14.632967014816842,11.710904714046034,7.605238637609782,3.27263621447402,1.0569348790990591,3.1741980556501104,4.000972836807533,3.4207584315736295,1.9238149746343667,0.3514613557740369,1.330897702934632,1.9775741041947144,1.8232165372947482,1.1785401419676063,0.949778066477593,1.4360013927569852,1.6472579191450683,1.297457321814683,0.6175328090126843,0.8694764409071118,1.6186451421079153,1.9674660003756548,1.7677850902497276,1.1281009497460432,0.37865033269374343,0.5163051274146248,0.7822812873048707,0.5853747422285461,0.06949310659725334,0.765380024596008,1.3759091308940854,0,Mammalian
16.37,15.30805045419478,12.370409669771872,8.234144082294119,3.8276438385413223,0.531057975952382,2.552230998249878,3.44266599139439,2.9208028819525365,1.4833908872130894,0.33393103749806563,1.5904319031119256,2.1528228172515966,1.8697427112067024,0.9666321967619347,0.32257321572010533,1.1475626344561767,1.5077506556264384,1.2321306976892317,0.4674632819195017,0.5133722365262046,1.2748145328511484,1.579254713695062,1.324684484542749,0.6247483691677458,0.28840215883342346,1.0154445247344868,1.3562098186342006,1.2030567358032778,0.6575588264020236,0.25194186281007963,0.7477552070080228,0,E_coli
16.37,15.30805045419478,12.370409669771872,8.234144082294119,3.8276438385413223,0.531057975952382,2.552230998249878,3.44266599139439,2.9208028819525365,1.4833908872130894,0.33393103749806563,1.5904319031119256,2.1528228172515966,1.8697427112067024,0.9666321967619347,0.32257321572010533,1.1475626344561767,1.5077506556264384,1.2321306976892317,0.4674632819195017,0.5133722365262046,1.2748145328511484,1.579254713695062,1.324684484542749,0.6247483691677458,0.28840215883342346,1.0154445247344868,1.3562098186342006,1.2030567358032778,0.6575588264020236,0.25194186281007963,0.7477552070080228,1,Yeast
16.37,15.30805045419478,12.370409669771872,8.234144082294119,3.8276438385413223,0.531057975952382,2.552230998249878,3.44266599139439,2.9208028819525365,1.4833908872130894,0.33393103749806563,1.5904319031119256,2.1528228172515966,1.8697427112067024,0.9666321967619347,0.32257321572010533,1.1475626344561767,1.5077506556264384,1.2321306976892317,0.4674632819195017,0.5133722365262046,1.2748145328511484,1.579254713695062,1.324684484542749,0.6247483691677458,0.28840215883342346,1.0154445247344868,1.3562098186342006,1.2030567358032778,0.6575588264020236,0.25194186281007963,0.7477552070080228,0,Mammalian
16.01,14.95673933741625,12.045566511374137,7.956111017113173,3.6343777419971857,0.8625939005449739,2.746265582770754,3.5364888922850013,2.9265732135091977,1.3999564342604431,0.3966467646853821,1.7922436685784726,2.421116398241062,2.1901650817808904,1.3234285830768422,0.3488335885597735,0.7955501241279521,1.1514357891263263,0.9097410039238659,0.3272700490919929,0.8448857916498678,1.531988048595992,1.7719761697795606,1.4631107112203843,0.7661391688005831,0.5751714711410517,1.2427163631393605,1.623100496673607,1.518703991471626,1.0137305439999265,0.4040899637571095,0.42963141749535816,1,Yeast
16.01,14.95673933741625,12.045566511374137,7.956111017113173,3.6343777419971857,0.8625939005449739,2.746265582770754,3.5364888922850013,2.9265732135091977,1.3999564342604431,0.3966467646853821,1.7922436685784726,2.421116398241062,2.1901650817808904,1.3234285830768422,0.3488335885597735,0.7955501241279521,1.1514357891263263,0.9097410039238659,0.3272700490919929,0.8448857916498678,1.531988048595992,1.7719761697795606,1.4631107112203843,0.7661391688005831,0.5751714711410517,1.2427163631393605,1.623100496673607,1.518703991471626,1.0137305439999265,0.4040899637571095,0.42963141749535816,0,Mammalian
16.01,14.95673933741625,12.045566511374137,7.956111017113173,3.6343777419971857,0.8625939005449739,2.746265582770754,3.5364888922850013,2.9265732135091977,1.3999564342604431,0.3966467646853821,1.7922436685784726,2.421116398241062,2.1901650817808904,1.3234285830768422,0.3488335885597735,0.7955501241279521,1.1514357891263263,0.9097410039238659,0.3272700490919929,0.8448857916498678,1.531988048595992,1.7719761697795606,1.4631107112203843,0.7661391688005831,0.5751714711410517,1.2427163631393605,1.623100496673607,1.518703991471626,1.0137305439999265,0.4040899637571095,0.42963141749535816,0,E_coli
15.71,14.652959937930277,11.73086848705584,7.62510070219933,3.291812643407549,1.0449369089011036,3.154648217875015,3.981116650653222,3.4008542970906737,1.904026162431269,0.343866009503953,1.3497523630591417,1.9965994402292933,1.8413697101125082,1.1920557384670016,0.943813739791004,1.4200352108310559,1.6295673161585391,1.2801799540882162,0.6084619209885646,0.8862903954122474,1.6379036859263054,1.9869989396593981,1.7872458291226785,1.1469917392727396,0.39089109252264076,0.4980166684032785,0.7624295864880475,0.5653755663081692,0.0744614035233978,0.7852594104431995,1.3958927784897348,0,E_coli
15.71,14.652959937930277,11.73086848705584,7.62510070219933,3.291812643407549,1.0449369089011036,3.154648217875015,3.981116650653222,3.4008542970906737,1.904026162431269,0.343866009503953,1.3497523630591417,1.9965994402292933,1.8413697101125082,1.1920557384670016,0.943813739791004,1.4200352108310559,1.6295673161585391,1.2801799540882162,0.6084619209885646,0.8862903954122474,1.6379036859263054,1.9869989396593981,1.7872458291226785,1.1469917392727396,0.39089109252264076,0.4980166684032785,0.7624295864880475,0.5653755663081692,0.0744614035233978,0.7852594104431995,1.3958927784897348,0,Mammalian
15.71,14.652959937930277,11.73086848705584,7.62510070219933,3.291812643407549,1.0449369089011036,3.154648217875015,3.981116650653222,3.4008542970906737,1.904026162431269,0.343866009503953,1.3497523630591417,1.9965994402292933,1.8413697101125082,1.1920557384670016,0.943813739791004,1.4200352108310559,1.6295673161585391,1.2801799540882162,0.6084619209885646,0.8862903954122474,1.6379036859263054,1.9869989396593981,1.7872458291226785,1.1469917392727396,0.39089109252264076,0.4980166684032785,0.7624295864880475,0.5653755663081692,0.0744614035233978,0.7852594104431995,1.3958927784897348,1,Yeast
15.570000000000002,14.517170919126812,11.609734657146804,7.535734904518811,3.2735329284378083,1.2045423065388543,3.1526787966667404,3.884147016162758,3.2248332566448177,1.6726337316593205,0.30540115497494336,1.5379137784941062,2.0979508635849182,1.7887991061309696,0.9159443478519054,0.7879599868994147,1.6015305179733543,1.9599347686524262,1.6702335218446833,1.0019215796390502,1.041782548808686,1.8110415669990108,2.2872032787861696,2.2032149986547016,1.611536678713079,0.7507753103249211,0.07581774094328561,0.587266922584684,0.6986225457386579,0.5552777730121402,0.6472453136522667,0.9765570755877017,0,Mammalian
15.570000000000002,14.517170919126812,11.609734657146804,7.535734904518811,3.2735329284378083,1.2045423065388543,3.1526787966667404,3.884147016162758,3.2248332566448177,1.6726337316593205,0.30540115497494336,1.5379137784941062,2.0979508635849182,1.7887991061309696,0.9159443478519054,0.7879599868994147,1.6015305179733543,1.9599347686524262,1.6702335218446833,1.0019215796390502,1.041782548808686,1.8110415669990108,2.2872032787861696,2.2032149986547016,1.611536678713079,0.7507753103249211,0.07581774094328561,0.587266922584684,0.6986225457386579,0.5552777730121402,0.6472453136522667,0.9765570755877017,0,E_coli
15.570000000000002,14.517170919126812,11.609734657146804,7.535734904518811,3.2735329284378083,1.2045423065388543,3.1526787966667404,3.884147016162758,3.2248332566448177,1.6726337316593205,0.30540115497494336,1.5379137784941062,2.0979508635849182,1.7887991061309696,0.9159443478519054,0.7879599868994147,1.6015305179733543,1.9599347686524262,1.6702335218446833,1.0019215796390502,1.041782548808686,1.8110415669990108,2.2872032787861696,2.2032149986547016,1.611536678713079,0.7507753103249211,0.07581774094328561,0.587266922584684,0.6986225457386579,0.5552777730121402,0.6472453136522667,0.9765570755877017,1,Yeast
15.29,14.240416079187513,11.345645960035425,7.305179982493562,3.1487133238950595,1.5562776254441664,3.371529562622302,3.985086572684985,3.211834844421623,1.5860789644451383,0.7936509514368001,2.053738569219734,2.6595700271530243,2.3455216193916755,1.322858242944404,0.17127399137634713,1.1328283188550685,1.6985372368966063,1.5871734843029914,0.922900743280938,0.31581171877327535,1.010426367329161,1.5006087380554625,1.530592241158637,1.2148732164959148,0.8958052445072905,0.854935528783752,0.8030007089501882,0.46664186790349377,0.4464048422651346,1.1836424214573993,1.810492253230629,0,E_coli
15.29,14.240416079187513,11.345645960035425,7.305179982493562,3.1487133238950595,1.5562776254441664,3.371529562622302,3.985086572684985,3.211834844421623,1.5860789644451383,0.7936509514368001,2.053738569219734,2.6595700271530243,2.3455216193916755,1.322858242944404,0.17127399137634713,1.1328283188550685,1.6985372368966063,1.5871734843029914,0.922900743280938,0.31581171877327535,1.010426367329161,1.5006087380554625,1.530592241158637,1.2148732164959148,0.8958052445072905,0.854935528783752,0.8030007089501882,0.46664186790349377,0.4464048422651346,1.1836424214573993,1.810492253230629,1,Yeast
15.29,14.240416079187513,11.345645960035425,7.305179982493562,3.1487133238950595,1.5562776254441664,3.371529562622302,3.985086572684985,3.211834844421623,1.5860789644451383,0.7936509514368001,2.053738569219734,2.6595700271530243,2.3455216193916755,1.322858242944404,0.17127399137634713,1.1328283188550685,1.6985372368966063,1.5871734843029914,0.922900743280938,0.31581171877327535,1.010426367329161,1.5006087380554625,1.530592241158637,1.2148732164959148,0.8958052445072905,0.854935528783752,0.8030007089501882,0.46664186790349377,0.4464048422651346,1.1836424214573993,1.810492253230629,0,Mammalian
15.030000000000001,14.043107435738788,11.312044118149995,7.469402692876362,3.4330574902511954,1.3049044701790882,3.054168255363444,3.886054485653421,3.40501016463792,2.0243304825065715,0.6008078171514106,1.4139052596891977,2.217016556841815,2.300838351930205,1.8197012702312552,1.202762803710904,0.9706183596038152,0.9690436668427579,0.6832786657072589,0.044921611196924116,0.7763382437986724,1.4661124022798848,1.7960573184254325,1.6636870128189185,1.1345949844382541,0.41449256759124997,0.29592471036522744,0.6963700809523334,0.7672371123290541,0.6192442387610521,0.6121832492333038,0.8330797747448406,1,Yeast
15.030000000000001,14.043107435738788,11.312044118149995,7.469402692876362,3.4330574902511954,1.3049044701790882,3.054168255363444,3.886054485653421,3.40501016463792,2.0243304825065715,0.6008078171514106,1.4139052596891977,2.217016556841815,2.300838351930205,1.8197012702312552,1.202762803710904,0.9706183596038152,0.9690436668427579,0.6832786657072589,0.044921611196924116,0.7763382437986724,1.4661124022798848,1.7960573184254325,1.6636870128189185,1.1345949844382541,0.41449256759124997,0.29592471036522744,0.6963700809523334,0.7672371123290541,0.6192442387610521,0.6121832492333038,0.8330797747448406,0,E_coli
15.030000000000001,14.043107435738788,11.312044118149995,7.469402692876362,3.4330574902511954,1.3049044701790882,3.054168255363444,3.886054485653421,3.40501016463792,2.0243304825065715,0.6008078171514106,1.4139052596891977,2.217016556841815,2.300838351930205,1.8197012702312552,1.202762803710904,0.9706183596038152,0.9690436668427579,0.6832786657072589,0.044921611196924116,0.7763382437986724,1.4661124022798848,1.7960573184254325,1.6636870128189185,1.1345949844382541,0.41449256759124997,0.29592471036522744,0.6963700809523334,0.7672371123290541,0.6192442387610521,0.6121832492333038,0.8330797747448406,0,Mammalian
15.030000000000001,14.011158969318737,11.201927128576227,7.284413664606981,3.270292661133128,1.596438569153906,3.236110131766504,3.8469251259691184,3.1419604766762395,1.600598177144927,0.49151499027972584,1.6584586798801582,2.2232279924233214,1.9687108034007024,1.207451366189736,0.8781419501032607,1.3884163640637488,1.6049939211289836,1.2402775987550043,0.6483270195854794,1.1391423174204232,1.949647077418448,2.3269955996815446,2.1130873620705213,1.404522823952826,0.5011116960109223,0.5083939239032995,0.9731115441659166,1.0041902135084784,0.6885054521131678,0.50083191690471,0.786411810499276,0,E_coli
15.030000000000001,14.011158969318737,11.201927128576227,7.284413664606981,3.270292661133128,1.596438569153906,3.236110131766504,3.8469251259691184,3.1419604766762395,1.600598177144927,0.49151499027972584,1.6584586798801582,2.2232279924233214,1.9687108034007024,1.207451366189736,0.8781419501032607,1.3884163640637488,1.6049939211289836,1.2402775987550043,0.6483270195854794,1.1391423174204232,1.949647077418448,2.3269955996815446,2.1130873620705213,1.404522823952826,0.5011116960109223,0.5083939239032995,0.9731115441659166,1.0041902135084784,0.6885054521131678,0.50083191690471,0.786411810499276,1,Yeast
15.030000000000001,14.011158969318737,11.201927128576227,7.284413664606981,3.270292661133128,1.596438569153906,3.236110131766504,3.8469251259691184,3.1419604766762395,1.600598177144927,0.49151499027972584,1.6584586798801582,2.2232279924233214,1.9687108034007024,1.207451366189736,0.8781419501032607,1.3884163640637488,1.6049939211289836,1.2402775987550043,0.6483270195854794,1.1391423174204232,1.949647077418448,2.3269955996815446,2.1130873620705213,1.404522823952826,0.5011116960109223,0.5083939239032995,0.9731115441659166,1.0041902135084784,0.6885054521131678,0.50083191690471,0.786411810499276,0,Mammalian
14.75,13.735171112517452,10.941586893435897,7.0662735581420275,3.189936449244615,1.9470712440710636,3.4868518341560333,3.979350485246168,3.1642156373979837,1.5759576450242934,0.9796500621001637,2.181854076484148,2.7831769722083815,2.506277518659257,1.5633448639249228,0.474090984720052,0.8127115109311545,1.2660021376735946,1.1041863180676248,0.4338638394584554,0.4483521030685656,1.1835857966413215,1.5049725109718524,1.324963390571274,0.7921738445859415,0.49215585855486915,0.8454055806494897,0.9795309641355671,0.6597058305211806,0.22327511014189544,0.9533618687147359,1.6165593658671802,1,Yeast
14.75,13.735171112517452,10.941586893435897,7.0662735581420275,3.189936449244615,1.9470712440710636,3.4868518341560333,3.979350485246168,3.1642156373979837,1.5759576450242934,0.9796500621001637,2.181854076484148,2.7831769722083815,2.506277518659257,1.5633448639249228,0.474090984720052,0.8127115109311545,1.2660021376735946,1.1041863180676248,0.4338638394584554,0.4483521030685656,1.1835857966413215,1.5049725109718524,1.324963390571274,0.7921738445859415,0.49215585855486915,0.8454055806494897,0.9795309641355671,0.6597058305211806,0.22327511014189544,0.9533618687147359,1.6165593658671802,0,E_coli
14.75,13.735171112517452,10.941586893435897,7.0662735581420275,3.189936449244615,1.9470712440710636,3.4868518341560333,3.979350485246168,3.1642156373979837,1.5759576450242934,0.9796500621001637,2.181854076484148,2.7831769722083815,2.506277518659257,1.5633448639249228,0.474090984720052,0.8127115109311545,1.2660021376735946,1.1041863180676248,0.4338638394584554,0.4483521030685656,1.1835857966413215,1.5049725109718524,1.324963390571274,0.7921738445859415,0.49215585855486915,0.8454055806494897,0.9795309641355671,0.6597058305211806,0.22327511014189544,0.9533618687147359,1.6165593658671802,0,Mammalian
14.79,13.82590104231237,11.161989708333333,7.425733838453299,3.5135375801423923,1.164582180419814,2.59837601507516,3.269591177590404,2.686479188257258,1.327948115706491,0.8593633934337082,1.9873778714066928,2.5381525929100177,2.27490648542511,1.43983778488487,0.9295358170530418,1.577624796965362,2.120965557473376,2.090607405691347,1.5204911414703166,0.7200639835297514,0.6396814179441871,1.1438254722518335,1.3086506469763381,1.062934415220725,0.5494769200621048,0.02740766787970839,0.4335953296282429,0.6421393522083519,0.7474278801049444,0.9216628074434686,1.1349804313910492,0,Mammalian
14.79,13.82590104231237,11.161989708333333,7.425733838453299,3.5135375801423923,1.164582180419814,2.59837601507516,3.269591177590404,2.686479188257258,1.327948115706491,0.8593633934337082,1.9873778714066928,2.5381525929100177,2.27490648542511,1.43983778488487,0.9295358170530418,1.577624796965362,2.120965557473376,2.090607405691347,1.5204911414703166,0.7200639835297514,0.6396814179441871,1.1438254722518335,1.3086506469763381,1.062934415220725,0.5494769200621048,0.02740766787970839,0.4335953296282429,0.6421393522083519,0.7474278801049444,0.9216628074434686,1.1349804313910492,0,E_coli
14.79,13.82590104231237,11.161989708333333,7.425733838453299,3.5135375801423923,1.164582180419814,2.59837601507516,3.269591177590404,2.686479188257258,1.327948115706491,0.8593633934337082,1.9873778714066928,2.5381525929100177,2.27490648542511,1.43983778488487,0.9295358170530418,1.577624796965362,2.120965557473376,2.090607405691347,1.5204911414703166,0.7200639835297514,0.6396814179441871,1.1438254722518335,1.3086506469763381,1.062934415220725,0.5494769200621048,0.02740766787970839,0.4335953296282429,0.6421393522083519,0.7474278801049444,0.9216628074434686,1.1349804313910492,1,Yeast
14.25,13.323338582377417,10.767443811467194,7.20198520932671,3.5441375263974253,1.5815757237664185,2.682185277645477,3.198925352063412,2.547155003325527,1.1469339555557394,0.81139681426166,2.0165594935776543,2.578668996102888,2.3327648627583653,1.491747086372083,0.7334497897640458,1.1975391434103524,1.7160763057702264,1.7356220780353506,1.3488449350683271,0.9967847264481318,1.1408313109104176,1.3736238965335785,1.2880836688832207,0.8493535124044249,0.24881397646028836,0.44481311348364005,0.80688727499135,0.8756572455241766,0.7616211646632319,0.7642489323291755,0.9483903549440674,0,E_coli
14.25,13.323338582377417,10.767443811467194,7.20198520932671,3.5441375263974253,1.5815757237664185,2.682185277645477,3.198925352063412,2.547155003325527,1.1469339555557394,0.81139681426166,2.0165594935776543,2.578668996102888,2.3327648627583653,1.491747086372083,0.7334497897640458,1.1975391434103524,1.7160763057702264,1.7356220780353506,1.3488449350683271,0.9967847264481318,1.1408313109104176,1.3736238965335785,1.2880836688832207,0.8493535124044249,0.24881397646028836,0.44481311348364005,0.80688727499135,0.8756572455241766,0.7616211646632319,0.7642489323291755,0.9483903549440674,1,Yeast
14.25,13.323338582377417,10.767443811467194,7.20198520932671,3.5441375263974253,1.5815757237664185,2.682185277645477,3.198925352063412,2.547155003325527,1.1469339555557394,0.81139681426166,2.0165594935776543,2.578668996102888,2.3327648627583653,1.491747086372083,0.7334497897640458,1.1975391434103524,1.7160763057702264,1.7356220780353506,1.3488449350683271,0.9967847264481318,1.1408313109104176,1.3736238965335785,1.2880836688832207,0.8493535124044249,0.24881397646028836,0.44481311348364005,0.80688727499135,0.8756572455241766,0.7616211646632319,0.7642489323291755,0.9483903549440674,0,Mammalian
14.75,13.734201665609133,10.937114851725791,7.048827083797602,3.0932033515517134,1.575559966187689,3.1526778296690017,3.60234844431658,2.707871905321413,0.961728440630808,0.9655908974681605,2.4134306538081716,2.9960500949251707,2.6541047414753347,1.702265665192984,1.0366499708223749,1.5487091398968367,1.9892894561514944,1.828276828783621,1.1796528425826984,0.7201802160599043,1.2055146836418826,1.6116258554947493,1.529705669874239,1.0071890311014016,0.39128915049175933,0.6389753646151969,0.9772191325955496,0.9376125591330526,0.6496193788817238,0.6623016449873858,1.0194926908407966,0,E_coli
14.75,13.734201665609133,10.937114851725791,7.048827083797602,3.0932033515517134,1.575559966187689,3.1526778296690017,3.60234844431658,2.707871905321413,0.961728440630808,0.9655908974681605,2.4134306538081716,2.9960500949251707,2.6541047414753347,1.702265665192984,1.0366499708223749,1.5487091398968367,1.9892894561514944,1.828276828783621,1.1796528425826984,0.7201802160599043,1.2055146836418826,1.6116258554947493,1.529705669874239,1.0071890311014016,0.39128915049175933,0.6389753646151969,0.9772191325955496,0.9376125591330526,0.6496193788817238,0.6623016449873858,1.0194926908407966,0,Mammalian
14.75,13.734201665609133,10.937114851725791,7.048827083797602,3.0932033515517134,1.575559966187689,3.1526778296690017,3.60234844431658,2.707871905321413,0.961728440630808,0.9655908974681605,2.4134306538081716,2.9960500949251707,2.6541047414753347,1.702265665192984,1.0366499708223749,1.5487091398968367,1.9892894561514944,1.828276828783621,1.1796528425826984,0.7201802160599043,1.2055146836418826,1.6116258554947493,1.529705669874239,1.0071890311014016,0.39128915049175933,0.6389753646151969,0.9772191325955496,0.9376125591330526,0.6496193788817238,0.6623016449873858,1.0194926908407966,1,Yeast
15.190000000000001,14.134291642723024,11.215733562474606,7.113581790685368,2.775814520300377,1.2391917334982898,3.5404585714854457,4.361807605802865,3.758064038410478,2.2235858487305045,0.43026616473092655,1.017888498072941,1.6956277068949068,1.5356903373293547,0.792320126444413,0.5304907170973026,1.2050311199301043,1.4352115935103318,1.0380412830494947,0.15814148566159225,0.9194740644814378,1.7936089038166207,2.198861908075415,2.036920082526712,1.418151854776467,0.6121378286478873,0.09289713640441234,0.3643997007616034,0.2320945351487056,0.5314253087025396,1.2642864904136775,1.8753041878589998,1,Yeast
15.190000000000001,14.134291642723024,11.215733562474606,7.113581790685368,2.775814520300377,1.2391917334982898,3.5404585714854457,4.361807605802865,3.758064038410478,2.2235858487305045,0.43026616473092655,1.017888498072941,1.6956277068949068,1.5356903373293547,0.792320126444413,0.5304907170973026,1.2050311199301043,1.4352115935103318,1.0380412830494947,0.15814148566159225,0.9194740644814378,1.7936089038166207,2.198861908075415,2.036920082526712,1.418151854776467,0.6121378286478873,0.09289713640441234,0.3643997007616034,0.2320945351487056,0.5314253087025396,1.2642864904136775,1.8753041878589998,0,Mammalian
15.190000000000001,14.134291642723024,11.215733562474606,7.113581790685368,2.775814520300377,1.2391917334982898,3.5404585714854457,4.361807605802865,3.758064038410478,2.2235858487305045,0.43026616473092655,1.017888498072941,1.6956277068949068,1.5356903373293547,0.792320126444413,0.5304907170973026,1.2050311199301043,1.4352115935103318,1.0380412830494947,0.15814148566159225,0.9194740644814378,1.7936089038166207,2.198861908075415,2.036920082526712,1.418151854776467,0.6121378286478873,0.09289713640441234,0.3643997007616034,0.2320945351487056,0.5314253087025396,1.2642864904136775,1.8753041878589998,0,E_coli
15.870000000000001,14.809580119416133,11.876238854278474,7.745747941607876,3.340761551998822,0.5623100643391417,2.9502535841402477,3.837357327103332,3.3073258698245183,1.886740639611427,0.6438738124934408,1.466809584208239,2.0144569670814696,1.7530340347485769,0.8826385474098647,0.3588223057782858,1.1691449867317572,1.506308180079695,1.2352904749371447,0.645569141833685,0.9095814814670851,1.611917239028932,1.9291965034439342,1.7088638796269275,1.069109718779835,0.4485677747777445,0.7329698513962545,1.0055298469471812,0.8428148723388184,0.42465991056282043,0.6970965960172065,1.2471419805293669,1,Yeast
15.870000000000001,14.809580119416133,11.876238854278474,7.745747941607876,3.340761551998822,0.5623100643391417,2.9502535841402477,3.837357327103332,3.3073258698245183,1.886740639611427,0.6438738124934408,1.466809584208239,2.0144569670814696,1.7530340347485769,0.8826385474098647,0.3588223057782858,1.1691449867317572,1.506308180079695,1.2352904749371447,0.645569141833685,0.9095814814670851,1.611917239028932,1.9291965034439342,1.7088638796269275,1.069109718779835,0.4485677747777445,0.7329698513962545,1.0055298469471812,0.8428148723388184,0.42465991056282043,0.6970965960172065,1.2471419805293669,0,E_coli
15.870000000000001,14.809580119416133,11.876238854278474,7.745747941607876,3.340761551998822,0.5623100643391417,2.9502535841402477,3.837357327103332,3.3073258698245183,1.886740639611427,0.6438738124934408,1.466809584208239,2.0144569670814696,1.7530340347485769,0.8826385474098647,0.3588223057782858,1.1691449867317572,1.506308180079695,1.2352904749371447,0.645569141833685,0.9095814814670851,1.611917239028932,1.9291965034439342,1.7088638796269275,1.069109718779835,0.4485677747777445,0.7329698513962545,1.0055298469471812,0.8428148723388184,0.42465991056282043,0.6970965960172065,1.2471419805293669,0,Mammalian
14.450000000000001,13.496859317016739,10.867109059108333,7.195214352749643,3.4178795951363865,1.5005545596539078,2.814114256253257,3.3574190413950507,2.656405660853674,1.1349142627767532,0.753467391579903,2.1130238437162236,2.7489544099673524,2.5311439309684385,1.6867144679430162,0.9178944984014453,1.3263860674780932,1.8687627655483943,1.898590433091665,1.450408080708816,0.9179294573783785,0.9818822795997989,1.3172084933926589,1.3492806607037162,0.9964481747610153,0.41870451452644397,0.35264525768682853,0.7800487776458576,0.9690997040286483,0.9385106177341285,0.8581027433782948,0.8632679762185715,1,Yeast
14.450000000000001,13.496859317016739,10.867109059108333,7.195214352749643,3.4178795951363865,1.5005545596539078,2.814114256253257,3.3574190413950507,2.656405660853674,1.1349142627767532,0.753467391579903,2.1130238437162236,2.7489544099673524,2.5311439309684385,1.6867144679430162,0.9178944984014453,1.3263860674780932,1.8687627655483943,1.898590433091665,1.450408080708816,0.9179294573783785,0.9818822795997989,1.3172084933926589,1.3492806607037162,0.9964481747610153,0.41870451452644397,0.35264525768682853,0.7800487776458576,0.9690997040286483,0.9385106177341285,0.8581027433782948,0.8632679762185715,0,Mammalian
14.450000000000001,13.496859317016739,10.867109059108333,7.195214352749643,3.4178795951363865,1.5005545596539078,2.814114256253257,3.3574190413950507,2.656405660853674,1.1349142627767532,0.753467391579903,2.1130238437162236,2.7489544099673524,2.5311439309684385,1.6867144679430162,0.9178944984014453,1.3263860674780932,1.8687627655483943,1.898590433091665,1.450408080708816,0.9179294573783785,0.9818822795997989,1.3172084933926589,1.3492806607037162,0.9964481747610153,0.41870451452644397,0.35264525768682853,0.7800487776458576,0.9690997040286483,0.9385106177341285,0.8581027433782948,0.8632679762185715,0,E_coli
15.21,14.154285846798786,11.235704244859127,7.1334713197533635,2.7950941571745203,1.2217772022800146,3.520580859206017,4.341821222276324,3.7380643231528747,2.203610158713787,0.410775261842187,1.0378881469983767,1.7155493694105037,1.5553337217704848,0.8098823332507328,0.5178475238679674,1.1859595271340422,1.4155647800998232,1.0182812601016187,0.14033375259837802,0.9394719834081358,1.8136088946871107,2.2188617395004226,2.0569187676452056,1.4381498934296257,0.6321334527561933,0.0819077994519464,0.3460641979273253,0.22210674468657113,0.5497880266014994,1.2840801357740934,1.8952731212405824,0,E_coli
15.21,14.154285846798786,11.235704244859127,7.1334713197533635,2.7950941571745203,1.2217772022800146,3.520580859206017,4.341821222276324,3.7380643231528747,2.203610158713787,0.410775261842187,1.0378881469983767,1.7155493694105037,1.5553337217704848,0.8098823332507328,0.5178475238679674,1.1859595271340422,1.4155647800998232,1.0182812601016187,0.14033375259837802,0.9394719834081358,1.8136088946871107,2.2188617395004226,2.0569187676452056,1.4381498934296257,0.6321334527561933,0.0819077994519464,0.3460641979273253,0.22210674468657113,0.5497880266014994,1.2840801357740934,1.8952731212405824,1,Yeast
15.21,14.154285846798786,11.235704244859127,7.1334713197533635,2.7950941571745203,1.2217772022800146,3.520580859206017,4.341821222276324,3.7380643231528747,2.203610158713787,0.410775261842187,1.0378881469983767,1.7155493694105037,1.5553337217704848,0.8098823332507328,0.5178475238679674,1.1859595271340422,1.4155647800998232,1.0182812601016187,0.14033375259837802,0.9394719834081358,1.8136088946871107,2.2188617395004226,2.0569187676452056,1.4381498934296257,0.6321334527561933,0.0819077994519464,0.3460641979273253,0.22210674468657113,0.5497880266014994,1.2840801357740934,1.8952731212405824,0,Mammalian
14.850000000000001,13.803219227234946,10.912153100354422,6.860619975500248,2.6357521040062077,1.552147013263535,3.707757140473436,4.438901646279332,3.7534417384619627,2.144597691553391,0.3542305854356955,1.2749967696197693,2.004874735636437,1.891985142869486,1.1686301560094334,0.47736014942249355,0.8500000000000002,1.0555760144703328,0.6735560300163479,0.22049447110377013,1.218045163345307,2.0359939300064096,2.3787133582614906,2.152404876625549,1.4776586601687294,0.6705276846690488,0.4416372042432206,0.678627603249676,0.5758941922651083,0.46304778372722327,0.9916035326611594,1.5492240659150167,0,Mammalian
14.850000000000001,13.803219227234946,10.912153100354422,6.860619975500248,2.6357521040062077,1.552147013263535,3.707757140473436,4.438901646279332,3.7534417384619627,2.144597691553391,0.3542305854356955,1.2749967696197693,2.004874735636437,1.891985142869486,1.1686301560094334,0.47736014942249355,0.8500000000000002,1.0555760144703328,0.6735560300163479,0.22049447110377013,1.218045163345307,2.0359939300064096,2.3787133582614906,2.152404876625549,1.4776586601687294,0.6705276846690488,0.4416372042432206,0.678627603249676,0.5758941922651083,0.46304778372722327,0.9916035326611594,1.5492240659150167,0,E_coli
14.850000000000001,13.803219227234946,10.912153100354422,6.860619975500248,2.6357521040062077,1.552147013263535,3.707757140473436,4.438901646279332,3.7534417384619627,2.144597691553391,0.3542305854356955,1.2749967696197693,2.004874735636437,1.891985142869486,1.1686301560094334,0.47736014942249355,0.8500000000000002,1.0555760144703328,0.6735560300163479,0.22049447110377013,1.218045163345307,2.0359939300064096,2.3787133582614906,2.152404876625549,1.4776586601687294,0.6705276846690488,0.4416372042432206,0.678627603249676,0.5758941922651083,0.46304778372722327,0.9916035326611594,1.5492240659150167,1,Yeast
13.75,12.804068713766663,10.193604576345344,6.542938403018475,2.7510050439777873,1.2076949868469231,2.9310767622375247,3.4701419175449635,2.7354825219957535,1.326688044540237,1.3401362522255493,2.622733083585118,3.307513453105154,3.1531611942601794,2.3482753712066216,1.3885083991915323,1.0855873986004076,1.3409308796002612,1.2958069653344118,0.855897950634492,0.6311367418541368,1.1575925891909897,1.5879581037750536,1.6084671778295128,1.2264319678872335,0.6611753385804505,0.5223630733573992,0.8634973681339813,1.01783712774635,0.897465419353417,0.6099693027327672,0.3220082745695752,0,Mammalian
13.75,12.804068713766663,10.193604576345344,6.542938403018475,2.7510050439777873,1.2076949868469231,2.9310767622375247,3.4701419175449635,2.7354825219957535,1.326688044540237,1.3401362522255493,2.622733083585118,3.307513453105154,3.1531611942601794,2.3482753712066216,1.3885083991915323,1.0855873986004076,1.3409308796002612,1.2958069653344118,0.855897950634492,0.6311367418541368,1.1575925891909897,1.5879581037750536,1.6084671778295128,1.2264319678872335,0.6611753385804505,0.5223630733573992,0.8634973681339813,1.01783712774635,0.897465419353417,0.6099693027327672,0.3220082745695752,0,E_coli
13.75,12.804068713766663,10.193604576345344,6.542938403018475,2.7510050439777873,1.2076949868469231,2.9310767622375247,3.4701419175449635,2.7354825219957535,1.326688044540237,1.3401362522255493,2.622733083585118,3.307513453105154,3.1531611942601794,2.3482753712066216,1.3885083991915323,1.0855873986004076,1.3409308796002612,1.2958069653344118,0.855897950634492,0.6311367418541368,1.1575925891909897,1.5879581037750536,1.6084671778295128,1.2264319678872335,0.6611753385804505,0.5223630733573992,0.8634973681339813,1.01783712774635,0.897465419353417,0.6099693027327672,0.3220082745695752,1,Yeast
13.89,12.942529207998067,10.327902149700085,6.672463986816738,2.8835670915865714,1.244963505034324,2.8980972970287757,3.4402346835630286,2.709506120309035,1.2635636387813487,1.2091924209623943,2.5078281727240563,3.1851732105901,3.0196960192405755,2.208280166764473,1.2752585674452583,1.1085576214162258,1.443201292710018,1.4182622942014147,0.9727669842683662,0.6436823863663681,1.0865171380472134,1.5078033201537888,1.5305901487266425,1.1468114858196548,0.5516468496573796,0.40981706264413453,0.803548285699151,0.9716920460412389,0.8639692094523549,0.6072337483062804,0.3926721298921205,0,E_coli
13.89,12.942529207998067,10.327902149700085,6.672463986816738,2.8835670915865714,1.244963505034324,2.8980972970287757,3.4402346835630286,2.709506120309035,1.2635636387813487,1.2091924209623943,2.5078281727240563,3.1851732105901,3.0196960192405755,2.208280166764473,1.2752585674452583,1.1085576214162258,1.443201292710018,1.4182622942014147,0.9727669842683662,0.6436823863663681,1.0865171380472134,1.5078033201537888,1.5305901487266425,1.1468114858196548,0.5516468496573796,0.40981706264413453,0.803548285699151,0.9716920460412389,0.8639692094523549,0.6072337483062804,0.3926721298921205,0,Mammalian
13.89,12.942529207998067,10.327902149700085,6.672463986816738,2.8835670915865714,1.244963505034324,2.8980972970287757,3.4402346835630286,2.709506120309035,1.2635636387813487,1.2091924209623943,2.5078281727240563,3.1851732105901,3.0196960192405755,2.208280166764473,1.2752585674452583,1.1085576214162258,1.443201292710018,1.4182622942014147,0.9727669842683662,0.6436823863663681,1.0865171380472134,1.5078033201537888,1.5305901487266425,1.1468114858196548,0.5516468496573796,0.40981706264413453,0.803548285699151,0.9716920460412389,0.8639692094523549,0.6072337483062804,0.3926721298921205,1,Yeast
14.41,13.461539675954981,10.844563712062264,7.187794727587247,3.4003327367039167,1.284174517152009,2.571206305217674,3.080970555962411,2.3355893694895355,0.8013882547428421,1.1775516532252888,2.5875954810633925,3.2486482351211112,3.0310733865061694,2.123210726485863,0.9693363153808594,0.6664082832618454,1.1784138122106425,1.2176346405024838,0.7351645575643297,0.18827357900568575,0.873899015505742,1.3572805541615123,1.4171274586989546,1.1049082754362358,0.7388555931751621,0.8561702110500157,1.184676022406096,1.3011437213438528,1.1389742675641132,0.7913357664146193,0.3965822280132479,1,Yeast
14.41,13.461539675954981,10.844563712062264,7.187794727587247,3.4003327367039167,1.284174517152009,2.571206305217674,3.080970555962411,2.3355893694895355,0.8013882547428421,1.1775516532252888,2.5875954810633925,3.2486482351211112,3.0310733865061694,2.123210726485863,0.9693363153808594,0.6664082832618454,1.1784138122106425,1.2176346405024838,0.7351645575643297,0.18827357900568575,0.873899015505742,1.3572805541615123,1.4171274586989546,1.1049082754362358,0.7388555931751621,0.8561702110500157,1.184676022406096,1.3011437213438528,1.1389742675641132,0.7913357664146193,0.3965822280132479,0,E_coli
14.41,13.461539675954981,10.844563712062264,7.187794727587247,3.4003327367039167,1.284174517152009,2.571206305217674,3.080970555962411,2.3355893694895355,0.8013882547428421,1.1775516532252888,2.5875954810633925,3.2486482351211112,3.0310733865061694,2.123210726485863,0.9693363153808594,0.6664082832618454,1.1784138122106425,1.2176346405024838,0.7351645575643297,0.18827357900568575,0.873899015505742,1.3572805541615123,1.4171274586989546,1.1049082754362358,0.7388555931751621,0.8561702110500157,1.184676022406096,1.3011437213438528,1.1389742675641132,0.7913357664146193,0.3965822280132479,0,Mammalian
14.25,13.30172046821938,10.685125366993942,7.0283527760945095,3.2407043114947345,1.2553696375462315,2.672068180722543,3.194501795719874,2.453879041221372,0.9465591616344954,1.153780060607169,2.5407129377250093,3.208291934866972,3.0061928750733995,2.1263343179239302,1.0444964397978467,0.8134494452638101,1.2642653818967122,1.2813136429180307,0.8045434914144702,0.3383245219038439,0.9157777612125177,1.3833045808184785,1.4309624763787072,1.0887964231455218,0.635551084075685,0.6970484674938364,1.0452512823968347,1.1772149098637492,1.029192243287124,0.7009056202372834,0.3350499924763818,0,E_coli
14.25,13.30172046821938,10.685125366993942,7.0283527760945095,3.2407043114947345,1.2553696375462315,2.672068180722543,3.194501795719874,2.453879041221372,0.9465591616344954,1.153780060607169,2.5407129377250093,3.208291934866972,3.0061928750733995,2.1263343179239302,1.0444964397978467,0.8134494452638101,1.2642653818967122,1.2813136429180307,0.8045434914144702,0.3383245219038439,0.9157777612125177,1.3833045808184785,1.4309624763787072,1.0887964231455218,0.635551084075685,0.6970484674938364,1.0452512823968347,1.1772149098637492,1.029192243287124,0.7009056202372834,0.3350499924763818,0,Mammalian
14.25,13.30172046821938,10.685125366993942,7.0283527760945095,3.2407043114947345,1.2553696375462315,2.672068180722543,3.194501795719874,2.453879041221372,0.9465591616344954,1.153780060607169,2.5407129377250093,3.208291934866972,3.0061928750733995,2.1263343179239302,1.0444964397978467,0.8134494452638101,1.2642653818967122,1.2813136429180307,0.8045434914144702,0.3383245219038439,0.9157777612125177,1.3833045808184785,1.4309624763787072,1.0887964231455218,0.635551084075685,0.6970484674938364,1.0452512823968347,1.1772149098637492,1.029192243287124,0.7009056202372834,0.3350499924763818,1,Yeast
14.450000000000001,13.50149514703746,10.884425873886398,7.22765906923569,3.4402452371510224,1.2943693469833117,2.546937423530746,3.053238285438886,2.3068033165734514,0.7660191622480295,1.1867951646991757,2.600722478282487,3.259886487227933,3.0385783587801307,2.124312907373941,0.9538201676456534,0.6306346010171026,1.1594102604537424,1.2045129656037532,0.7223303267751534,0.15392467365288318,0.8677339077416121,1.3536544010761686,1.416474281639884,1.1125009926493215,0.7677259858441235,0.8959995236343095,1.220321284228811,1.333326664208469,1.1682331998817335,0.8172809779315268,0.42015735755230316,0,Mammalian
14.450000000000001,13.50149514703746,10.884425873886398,7.22765906923569,3.4402452371510224,1.2943693469833117,2.546937423530746,3.053238285438886,2.3068033165734514,0.7660191622480295,1.1867951646991757,2.600722478282487,3.259886487227933,3.0385783587801307,2.124312907373941,0.9538201676456534,0.6306346010171026,1.1594102604537424,1.2045129656037532,0.7223303267751534,0.15392467365288318,0.8677339077416121,1.3536544010761686,1.416474281639884,1.1125009926493215,0.7677259858441235,0.8959995236343095,1.220321284228811,1.333326664208469,1.1682331998817335,0.8172809779315268,0.42015735755230316,0,E_coli
14.450000000000001,13.50149514703746,10.884425873886398,7.22765906923569,3.4402452371510224,1.2943693469833117,2.546937423530746,3.053238285438886,2.3068033165734514,0.7660191622480295,1.1867951646991757,2.600722478282487,3.259886487227933,3.0385783587801307,2.124312907373941,0.9538201676456534,0.6306346010171026,1.1594102604537424,1.2045129656037532,0.7223303267751534,0.15392467365288318,0.8677339077416121,1.3536544010761686,1.416474281639884,1.1125009926493215,0.7677259858441235,0.8959995236343095,1.220321284228811,1.333326664208469,1.1682331998817335,0.8172809779315268,0.42015735755230316,1,Yeast
14.43,13.481517378485004,10.864494666322619,7.207726710518232,3.4202887313822385,1.2891268744605007,2.559022479714916,3.067070556278182,2.321154803565113,0.7836480369945906,1.1820132526682927,2.5940901856588847,3.2542107541742578,3.034762290265329,2.1236677138267357,0.9614015301952985,0.6484597134749391,1.1687795482584034,1.210926422632515,0.7285012105953755,0.17079189926743707,0.870592219109048,1.3553211317355498,1.416659737683291,1.1085307293379831,0.7531635867813022,0.8760829231991506,1.2024644100358612,1.31718164599303,1.153523123192406,0.8041643153285669,0.4080500390156127,0,E_coli
14.43,13.481517378485004,10.864494666322619,7.207726710518232,3.4202887313822385,1.2891268744605007,2.559022479714916,3.067070556278182,2.321154803565113,0.7836480369945906,1.1820132526682927,2.5940901856588847,3.2542107541742578,3.034762290265329,2.1236677138267357,0.9614015301952985,0.6484597134749391,1.1687795482584034,1.210926422632515,0.7285012105953755,0.17079189926743707,0.870592219109048,1.3553211317355498,1.416659737683291,1.1085307293379831,0.7531635867813022,0.8760829231991506,1.2024644100358612,1.31718164599303,1.153523123192406,0.8041643153285669,0.4080500390156127,0,Mammalian
14.43,13.481517378485004,10.864494666322619,7.207726710518232,3.4202887313822385,1.2891268744605007,2.559022479714916,3.067070556278182,2.321154803565113,0.7836480369945906,1.1820132526682927,2.5940901856588847,3.2542107541742578,3.034762290265329,2.1236677138267357,0.9614015301952985,0.6484597134749391,1.1687795482584034,1.210926422632515,0.7285012105953755,0.17079189926743707,0.870592219109048,1.3553211317355498,1.416659737683291,1.1085307293379831,0.7531635867813022,0.8760829231991506,1.2024644100358612,1.31718164599303,1.153523123192406,0.8041643153285669,0.4080500390156127,1,Yeast
15.190000000000001,14.140403878333702,11.239466501417366,7.163367111160003,2.8430188819614854,1.0118483788178643,3.300952830996884,4.069911157049586,3.408523853017433,1.8186810930531545,0.14885979328142895,1.5316739330537237,2.24879037591558,2.126352336456595,1.4266787373467789,0.8300900928292415,1.0780074211247348,1.2966784617685094,1.0695644406152385,0.8338744103712327,1.36268436257242,2.025031568785837,2.290970779983081,2.027963954048936,1.3770131239066672,0.8048132098678701,0.9420650773388656,1.1711057743917042,1.0014373719811602,0.4581679333442002,0.31706449831379196,0.8853490454316745,0,E_coli
15.190000000000001,14.140403878333702,11.239466501417366,7.163367111160003,2.8430188819614854,1.0118483788178643,3.300952830996884,4.069911157049586,3.408523853017433,1.8186810930531545,0.14885979328142895,1.5316739330537237,2.24879037591558,2.126352336456595,1.4266787373467789,0.8300900928292415,1.0780074211247348,1.2966784617685094,1.0695644406152385,0.8338744103712327,1.36268436257242,2.025031568785837,2.290970779983081,2.027963954048936,1.3770131239066672,0.8048132098678701,0.9420650773388656,1.1711057743917042,1.0014373719811602,0.4581679333442002,0.31706449831379196,0.8853490454316745,0,Mammalian
15.190000000000001,14.140403878333702,11.239466501417366,7.163367111160003,2.8430188819614854,1.0118483788178643,3.300952830996884,4.069911157049586,3.408523853017433,1.8186810930531545,0.14885979328142895,1.5316739330537237,2.24879037591558,2.126352336456595,1.4266787373467789,0.8300900928292415,1.0780074211247348,1.2966784617685094,1.0695644406152385,0.8338744103712327,1.36268436257242,2.025031568785837,2.290970779983081,2.027963954048936,1.3770131239066672,0.8048132098678701,0.9420650773388656,1.1711057743917042,1.0014373719811602,0.4581679333442002,0.31706449831379196,0.8853490454316745,1,Yeast
13.77,12.829220773153784,10.23786139323736,6.638375225677614,3.026477447489595,1.7957176057744588,3.201441534993598,3.6402717459837834,2.8197004404803203,1.1597316232054868,0.7538505888713467,2.2582754552379876,2.9939632299588035,2.8432909722871287,1.9860975119882667,0.8054857688007098,0.3008321791298265,0.9043496377004239,0.9163053253105117,0.4513337775728313,0.6394586739601189,1.4280016750275417,1.9637871078585414,2.066490231589634,1.760991035171699,1.240004082152753,0.8147959662517499,0.7049154731508274,0.6717968753936551,0.5131313986996776,0.3700330155624636,0.4534880137020551,0,E_coli
13.77,12.829220773153784,10.23786139323736,6.638375225677614,3.026477447489595,1.7957176057744588,3.201441534993598,3.6402717459837834,2.8197004404803203,1.1597316232054868,0.7538505888713467,2.2582754552379876,2.9939632299588035,2.8432909722871287,1.9860975119882667,0.8054857688007098,0.3008321791298265,0.9043496377004239,0.9163053253105117,0.4513337775728313,0.6394586739601189,1.4280016750275417,1.9637871078585414,2.066490231589634,1.760991035171699,1.240004082152753,0.8147959662517499,0.7049154731508274,0.6717968753936551,0.5131313986996776,0.3700330155624636,0.4534880137020551,0,Mammalian
13.77,12.829220773153784,10.23786139323736,6.638375225677614,3.026477447489595,1.7957176057744588,3.201441534993598,3.6402717459837834,2.8197004404803203,1.1597316232054868,0.7538505888713467,2.2582754552379876,2.9939632299588035,2.8432909722871287,1.9860975119882667,0.8054857688007098,0.3008321791298265,0.9043496377004239,0.9163053253105117,0.4513337775728313,0.6394586739601189,1.4280016750275417,1.9637871078585414,2.066490231589634,1.760991035171699,1.240004082152753,0.8147959662517499,0.7049154731508274,0.6717968753936551,0.5131313986996776,0.3700330155624636,0.4534880137020551,1,Yeast
15.21,14.160399620867299,11.259445629557746,7.183293461963721,2.8626031709925766,0.9937341404941258,3.2809919240784646,4.049911253974954,3.3885478540883587,1.7988202509602385,0.15662584267208315,1.551669806293759,2.268658254911185,2.14581628254966,1.4442748449068512,0.835087580842686,1.066067540074268,1.2818040897611522,1.0573130549641343,0.837170868821903,1.3786124151953059,2.043179054204757,2.309424843322896,2.045903989382026,1.3925313068484952,0.8082340428996805,0.9280531012323866,1.153131472139309,0.9827108509200191,0.44045847891598305,0.3359733100705556,0.905327531449689,1,Yeast
15.21,14.160399620867299,11.259445629557746,7.183293461963721,2.8626031709925766,0.9937341404941258,3.2809919240784646,4.049911253974954,3.3885478540883587,1.7988202509602385,0.15662584267208315,1.551669806293759,2.268658254911185,2.14581628254966,1.4442748449068512,0.835087580842686,1.066067540074268,1.2818040897611522,1.0573130549641343,0.837170868821903,1.3786124151953059,2.043179054204757,2.309424843322896,2.045903989382026,1.3925313068484952,0.8082340428996805,0.9280531012323866,1.153131472139309,0.9827108509200191,0.44045847891598305,0.3359733100705556,0.905327531449689,0,Mammalian
15.21,14.160399620867299,11.259445629557746,7.183293461963721,2.8626031709925766,0.9937341404941258,3.2809919240784646,4.049911253974954,3.3885478540883587,1.7988202509602385,0.15662584267208315,1.551669806293759,2.268658254911185,2.14581628254966,1.4442748449068512,0.835087580842686,1.066067540074268,1.2818040897611522,1.0573130549641343,0.837170868821903,1.3786124151953059,2.043179054204757,2.309424843322896,2.045903989382026,1.3925313068484952,0.8082340428996805,0.9280531012323866,1.153131472139309,0.9827108509200191,0.44045847891598305,0.3359733100705556,0.905327531449689,0,E_coli
13.75,12.802314553922347,10.186994054626808,6.53027262490331,2.7421446518266004,1.2951274948939728,3.020363168569469,3.5722942153225254,2.849907782354304,1.4208963615731307,1.2198453145821535,2.456396606641903,3.131905205084505,2.982916106996621,2.211962565109268,1.37621675767568,1.292942380773405,1.6073904209634327,1.5713203268521325,1.1450384496046848,0.8314987519697542,1.1844263764154435,1.5704807791611617,1.5813883629410979,1.1853377713024984,0.5387301349408592,0.20863871942186973,0.671539842360944,0.8694954400663033,0.8033718531810504,0.6321154304863615,0.5491577444971064,1,Yeast
13.75,12.802314553922347,10.186994054626808,6.53027262490331,2.7421446518266004,1.2951274948939728,3.020363168569469,3.5722942153225254,2.849907782354304,1.4208963615731307,1.2198453145821535,2.456396606641903,3.131905205084505,2.982916106996621,2.211962565109268,1.37621675767568,1.292942380773405,1.6073904209634327,1.5713203268521325,1.1450384496046848,0.8314987519697542,1.1844263764154435,1.5704807791611617,1.5813883629410979,1.1853377713024984,0.5387301349408592,0.20863871942186973,0.671539842360944,0.8694954400663033,0.8033718531810504,0.6321154304863615,0.5491577444971064,0,Mammalian
13.75,12.802314553922347,10.186994054626808,6.53027262490331,2.7421446518266004,1.2951274948939728,3.020363168569469,3.5722942153225254,2.849907782354304,1.4208963615731307,1.2198453145821535,2.456396606641903,3.131905205084505,2.982916106996621,2.211962565109268,1.37621675767568,1.292942380773405,1.6073904209634327,1.5713203268521325,1.1450384496046848,0.8314987519697542,1.1844263764154435,1.5704807791611617,1.5813883629410979,1.1853377713024984,0.5387301349408592,0.20863871942186973,0.671539842360944,0.8694954400663033,0.8033718531810504,0.6321154304863615,0.5491577444971064,0,E_coli
13.89,12.942143585633442,10.326452615299557,6.669706108118278,2.88169104721187,1.2643427477176712,2.918399044667656,3.463391628764408,2.735589114360882,1.28612372952669,1.1805569134087075,2.4701131377137857,3.1454786842117666,2.981010313567078,2.1767783022721727,1.272294240231954,1.1569356075426152,1.5024678375037128,1.4788537292526478,1.0367461893126495,0.6924237868918401,1.0929250202313974,1.5037300122303525,1.5243067938134585,1.137168499999118,0.5212147009657183,0.3420338016398084,0.7617147860261743,0.9391325012663188,0.8431363053789268,0.61224633387625,0.44515820074888585,1,Yeast
13.89,12.942143585633442,10.326452615299557,6.669706108118278,2.88169104721187,1.2643427477176712,2.918399044667656,3.463391628764408,2.735589114360882,1.28612372952669,1.1805569134087075,2.4701131377137857,3.1454786842117666,2.981010313567078,2.1767783022721727,1.272294240231954,1.1569356075426152,1.5024678375037128,1.4788537292526478,1.0367461893126495,0.6924237868918401,1.0929250202313974,1.5037300122303525,1.5243067938134585,1.137168499999118,0.5212147009657183,0.3420338016398084,0.7617147860261743,0.9391325012663188,0.8431363053789268,0.61224633387625,0.44515820074888585,0,Mammalian
13.89,12.942143585633442,10.326452615299557,6.669706108118278,2.88169104721187,1.2643427477176712,2.918399044667656,3.463391628764408,2.735589114360882,1.28612372952669,1.1805569134087075,2.4701131377137857,3.1454786842117666,2.981010313567078,2.1767783022721727,1.272294240231954,1.1569356075426152,1.5024678375037128,1.4788537292526478,1.0367461893126495,0.6924237868918401,1.0929250202313974,1.5037300122303525,1.5243067938134585,1.137168499999118,0.5212147009657183,0.3420338016398084,0.7617147860261743,0.9391325012663188,0.8431363053789268,0.61224633387625,0.44515820074888585,0,E_coli
14.45,13.487093658057212,10.82503457301366,7.083409161144427,3.12217727550506,0.7389282316002496,2.6387900649202325,3.3636527866666253,2.826581807554741,1.6559823646145764,1.4522582210045523,2.405191072731666,2.9248801664808224,2.6717585982103893,1.8415296323491341,1.095166809573305,1.35,1.7738889443104886,1.689599187220564,1.0724767505119195,0.20062667600861145,0.8175897052181387,1.4555690753358415,1.6628499417044527,1.4581616114822713,1.021482791264753,0.6392785574838539,0.5213710070927302,0.47035519442295,0.384777013574259,0.5225173092376502,0.7777010259956113,0,E_coli
14.45,13.487093658057212,10.82503457301366,7.083409161144427,3.12217727550506,0.7389282316002496,2.6387900649202325,3.3636527866666253,2.826581807554741,1.6559823646145764,1.4522582210045523,2.405191072731666,2.9248801664808224,2.6717585982103893,1.8415296323491341,1.095166809573305,1.35,1.7738889443104886,1.689599187220564,1.0724767505119195,0.20062667600861145,0.8175897052181387,1.4555690753358415,1.6628499417044527,1.4581616114822713,1.021482791264753,0.6392785574838539,0.5213710070927302,0.47035519442295,0.384777013574259,0.5225173092376502,0.7777010259956113,1,Yeast
14.45,13.487093658057212,10.82503457301366,7.083409161144427,3.12217727550506,0.7389282316002496,2.6387900649202325,3.3636527866666253,2.826581807554741,1.6559823646145764,1.4522582210045523,2.405191072731666,2.9248801664808224,2.6717585982103893,1.8415296323491341,1.095166809573305,1.35,1.7738889443104886,1.689599187220564,1.0724767505119195,0.20062667600861145,0.8175897052181387,1.4555690753358415,1.6628499417044527,1.4581616114822713,1.021482791264753,0.6392785574838539,0.5213710070927302,0.47035519442295,0.384777013574259,0.5225173092376502,0.7777010259956113,0,Mammalian
14.650000000000002,13.681623018304892,11.00292192852934,7.2320128354427125,3.218432461249739,0.5395166475037059,2.563855680032502,3.358228139392667,2.8975202482989606,1.8281477449498,1.5924128635712,2.407698613767832,2.8586270003740792,2.5706840879383006,1.7410637415912793,1.0998098739937268,1.4786818454285562,1.9146271489127153,1.8121234642691566,1.1603391636242097,0.18933818135951935,0.793890805486312,1.4925300041483942,1.7594351568527793,1.612506251366961,1.2180023316864157,0.8087175576856315,0.5293841281672254,0.30740074525887956,0.2561601092238681,0.614662553890665,0.9559384080137586,0,Mammalian
14.650000000000002,13.681623018304892,11.00292192852934,7.2320128354427125,3.218432461249739,0.5395166475037059,2.563855680032502,3.358228139392667,2.8975202482989606,1.8281477449498,1.5924128635712,2.407698613767832,2.8586270003740792,2.5706840879383006,1.7410637415912793,1.0998098739937268,1.4786818454285562,1.9146271489127153,1.8121234642691566,1.1603391636242097,0.18933818135951935,0.793890805486312,1.4925300041483942,1.7594351568527793,1.612506251366961,1.2180023316864157,0.8087175576856315,0.5293841281672254,0.30740074525887956,0.2561601092238681,0.614662553890665,0.9559384080137586,0,E_coli
14.650000000000002,13.681623018304892,11.00292192852934,7.2320128354427125,3.218432461249739,0.5395166475037059,2.563855680032502,3.358228139392667,2.8975202482989606,1.8281477449498,1.5924128635712,2.407698613767832,2.8586270003740792,2.5706840879383006,1.7410637415912793,1.0998098739937268,1.4786818454285562,1.9146271489127153,1.8121234642691566,1.1603391636242097,0.18933818135951935,0.793890805486312,1.4925300041483942,1.7594351568527793,1.612506251366961,1.2180023316864157,0.8087175576856315,0.5293841281672254,0.30740074525887956,0.2561601092238681,0.614662553890665,0.9559384080137586,1,Yeast
14.89,13.89922865882884,11.155438138115592,7.282202834037274,3.1313144934776553,0.49525551221245473,2.8403453647147643,3.740549036929888,3.315468317967058,2.108243076313162,1.2813750945178806,1.8757736208024451,2.386761358129007,2.1982537388640195,1.416028520854885,0.5257490892058895,0.8080222769206304,1.210111766202124,1.0549065032688094,0.428424961285333,0.6328870542628146,1.4689638205855506,1.9705138907526483,1.968407294765784,1.4854863959514042,0.6980082528659515,0.1531074563446758,0.8025262297077586,1.1312354922055319,1.117158552219631,0.8489903613222213,0.45730163268953794,1,Yeast
14.89,13.89922865882884,11.155438138115592,7.282202834037274,3.1313144934776553,0.49525551221245473,2.8403453647147643,3.740549036929888,3.315468317967058,2.108243076313162,1.2813750945178806,1.8757736208024451,2.386761358129007,2.1982537388640195,1.416028520854885,0.5257490892058895,0.8080222769206304,1.210111766202124,1.0549065032688094,0.428424961285333,0.6328870542628146,1.4689638205855506,1.9705138907526483,1.968407294765784,1.4854863959514042,0.6980082528659515,0.1531074563446758,0.8025262297077586,1.1312354922055319,1.117158552219631,0.8489903613222213,0.45730163268953794,0,E_coli
14.89,13.89922865882884,11.155438138115592,7.282202834037274,3.1313144934776553,0.49525551221245473,2.8403453647147643,3.740549036929888,3.315468317967058,2.108243076313162,1.2813750945178806,1.8757736208024451,2.386761358129007,2.1982537388640195,1.416028520854885,0.5257490892058895,0.8080222769206304,1.210111766202124,1.0549065032688094,0.428424961285333,0.6328870542628146,1.4689638205855506,1.9705138907526483,1.968407294765784,1.4854863959514042,0.6980082528659515,0.1531074563446758,0.8025262297077586,1.1312354922055319,1.117158552219631,0.8489903613222213,0.45730163268953794,0,Mammalian
14.61,13.62241249377317,10.890334559199115,7.04424650540784,2.955599315069208,0.7852729321397913,2.9253609023050444,3.683401591210205,3.0880887830974384,1.680233947810786,1.0437047410499094,2.1766139131031874,2.887665364751377,2.7860051124050416,2.036221388420383,1.1670577274586031,1.1292918134831227,1.5502694440215066,1.5904075989353235,1.1771978392103157,0.6340704616735728,0.7502967926813797,1.1549354266082754,1.2849094057403552,1.1329199740969276,0.9089689295666591,0.8271642562077947,0.7838193115531042,0.5658410374043137,0.2075423603000035,0.4782120593354875,0.8891271391800699,0,Mammalian
14.61,13.62241249377317,10.890334559199115,7.04424650540784,2.955599315069208,0.7852729321397913,2.9253609023050444,3.683401591210205,3.0880887830974384,1.680233947810786,1.0437047410499094,2.1766139131031874,2.887665364751377,2.7860051124050416,2.036221388420383,1.1670577274586031,1.1292918134831227,1.5502694440215066,1.5904075989353235,1.1771978392103157,0.6340704616735728,0.7502967926813797,1.1549354266082754,1.2849094057403552,1.1329199740969276,0.9089689295666591,0.8271642562077947,0.7838193115531042,0.5658410374043137,0.2075423603000035,0.4782120593354875,0.8891271391800699,1,Yeast
14.61,13.62241249377317,10.890334559199115,7.04424650540784,2.955599315069208,0.7852729321397913,2.9253609023050444,3.683401591210205,3.0880887830974384,1.680233947810786,1.0437047410499094,2.1766139131031874,2.887665364751377,2.7860051124050416,2.036221388420383,1.1670577274586031,1.1292918134831227,1.5502694440215066,1.5904075989353235,1.1771978392103157,0.6340704616735728,0.7502967926813797,1.1549354266082754,1.2849094057403552,1.1329199740969276,0.9089689295666591,0.8271642562077947,0.7838193115531042,0.5658410374043137,0.2075423603000035,0.4782120593354875,0.8891271391800699,0,E_coli
14.61,13.591156995665658,10.78207001645908,6.858531937534766,2.764429082939901,1.0762683849983554,3.0140503788740762,3.5402614925916787,2.709506120309035,1.2135348890330375,1.4328165352737807,2.72270586057966,3.281256758267019,2.944571209823231,2.0035354611309244,1.2166233565777993,1.4516542288024379,1.7845332918541361,1.5537130144601918,0.7868195223886532,0.31115325829546925,1.1897368694632249,1.6852213969676864,1.6407657803016897,1.1468114858196548,0.5511618161944936,0.6203922797899682,0.887883860593317,0.788713878142882,0.3492640426183803,0.353930836599968,0.8514618681820357,1,Yeast
14.61,13.591156995665658,10.78207001645908,6.858531937534766,2.764429082939901,1.0762683849983554,3.0140503788740762,3.5402614925916787,2.709506120309035,1.2135348890330375,1.4328165352737807,2.72270586057966,3.281256758267019,2.944571209823231,2.0035354611309244,1.2166233565777993,1.4516542288024379,1.7845332918541361,1.5537130144601918,0.7868195223886532,0.31115325829546925,1.1897368694632249,1.6852213969676864,1.6407657803016897,1.1468114858196548,0.5511618161944936,0.6203922797899682,0.887883860593317,0.788713878142882,0.3492640426183803,0.353930836599968,0.8514618681820357,0,Mammalian
14.61,13.591156995665658,10.78207001645908,6.858531937534766,2.764429082939901,1.0762683849983554,3.0140503788740762,3.5402614925916787,2.709506120309035,1.2135348890330375,1.4328165352737807,2.72270586057966,3.281256758267019,2.944571209823231,2.0035354611309244,1.2166233565777993,1.4516542288024379,1.7845332918541361,1.5537130144601918,0.7868195223886532,0.31115325829546925,1.1897368694632249,1.6852213969676864,1.6407657803016897,1.1468114858196548,0.5511618161944936,0.6203922797899682,0.887883860593317,0.788713878142882,0.3492640426183803,0.353930836599968,0.8514618681820357,0,E_coli
13.79,12.846338863569516,10.243795482843142,6.6122700435151485,2.88124040396821,1.3981795673586581,2.9694008318831195,3.4644033711862754,2.686479188257258,1.1534226718456893,1.1262602458679878,2.512512285672719,3.2228874739261344,3.074815309355449,2.268610857064098,1.3165707960146535,1.090366910723175,1.414638487086019,1.4165074986287496,1.0346064079438981,0.7889094032936779,1.1670822446256763,1.5253519424656647,1.49729117349779,1.062934415220725,0.39835732110309463,0.40820574186603187,0.9009119236894833,1.0986682931376248,0.9938259408030221,0.7034425870921526,0.39079536507805646,0,Mammalian
13.79,12.846338863569516,10.243795482843142,6.6122700435151485,2.88124040396821,1.3981795673586581,2.9694008318831195,3.4644033711862754,2.686479188257258,1.1534226718456893,1.1262602458679878,2.512512285672719,3.2228874739261344,3.074815309355449,2.268610857064098,1.3165707960146535,1.090366910723175,1.414638487086019,1.4165074986287496,1.0346064079438981,0.7889094032936779,1.1670822446256763,1.5253519424656647,1.49729117349779,1.062934415220725,0.39835732110309463,0.40820574186603187,0.9009119236894833,1.0986682931376248,0.9938259408030221,0.7034425870921526,0.39079536507805646,1,Yeast
13.79,12.846338863569516,10.243795482843142,6.6122700435151485,2.88124040396821,1.3981795673586581,2.9694008318831195,3.4644033711862754,2.686479188257258,1.1534226718456893,1.1262602458679878,2.512512285672719,3.2228874739261344,3.074815309355449,2.268610857064098,1.3165707960146535,1.090366910723175,1.414638487086019,1.4165074986287496,1.0346064079438981,0.7889094032936779,1.1670822446256763,1.5253519424656647,1.49729117349779,1.062934415220725,0.39835732110309463,0.40820574186603187,0.9009119236894833,1.0986682931376248,0.9938259408030221,0.7034425870921526,0.39079536507805646,0,E_coli
14.469999999999999,13.506539403140517,10.84278862898185,7.098155941860331,3.131361141177233,0.7189723635882319,2.6307085168929385,3.362575454312663,2.83312029434857,1.6729202761816055,1.4656488048760108,2.404693524794219,2.9177056777838932,2.661147548408007,1.8307480829885705,1.0939878804654481,1.36209397619988,1.7874544749468853,1.7011907644606574,1.0799187190773936,0.1902914908914504,0.8130399095827862,1.4580733112895774,1.671683027036169,1.4731019644784507,1.0410750941043507,0.655447767151338,0.5187192977408266,0.45272522554763545,0.3690661394836586,0.5290585129484243,0.7950590048812423,0,Mammalian
14.469999999999999,13.506539403140517,10.84278862898185,7.098155941860331,3.131361141177233,0.7189723635882319,2.6307085168929385,3.362575454312663,2.83312029434857,1.6729202761816055,1.4656488048760108,2.404693524794219,2.9177056777838932,2.661147548408007,1.8307480829885705,1.0939878804654481,1.36209397619988,1.7874544749468853,1.7011907644606574,1.0799187190773936,0.1902914908914504,0.8130399095827862,1.4580733112895774,1.671683027036169,1.4731019644784507,1.0410750941043507,0.655447767151338,0.5187192977408266,0.45272522554763545,0.3690661394836586,0.5290585129484243,0.7950590048812423,1,Yeast
14.469999999999999,13.506539403140517,10.84278862898185,7.098155941860331,3.131361141177233,0.7189723635882319,2.6307085168929385,3.362575454312663,2.83312029434857,1.6729202761816055,1.4656488048760108,2.404693524794219,2.9177056777838932,2.661147548408007,1.8307480829885705,1.0939878804654481,1.36209397619988,1.7874544749468853,1.7011907644606574,1.0799187190773936,0.1902914908914504,0.8130399095827862,1.4580733112895774,1.671683027036169,1.4731019644784507,1.0410750941043507,0.655447767151338,0.5187192977408266,0.45272522554763545,0.3690661394836586,0.5290585129484243,0.7950590048812423,0,E_coli
15.68,14.372004169581382,10.816699989716565,6.005143375201767,1.3335575470909424,2.5446513743075316,4.197504922940213,3.875679470404047,2.079740831060186,0.39051279864561517,2.3737045618588075,3.414979014366826,3.27586836358038,2.2386045959164185,0.8877566002209382,0.16432137372569855,0.4860041152089152,0.061533425489398504,0.8901330362483981,1.8129573945877178,2.270703539663249,2.019259614945098,1.1270695995525373,0.06571257960081497,1.0993989610787736,1.5911695407508875,1.3924025996688754,0.6432184656182149,0.3003600640078203,1.0100673760054386,1.1909495884008892,0.7882627955391397,0,Mammalian
15.68,14.372004169581382,10.816699989716565,6.005143375201767,1.3335575470909424,2.5446513743075316,4.197504922940213,3.875679470404047,2.079740831060186,0.39051279864561517,2.3737045618588075,3.414979014366826,3.27586836358038,2.2386045959164185,0.8877566002209382,0.16432137372569855,0.4860041152089152,0.061533425489398504,0.8901330362483981,1.8129573945877178,2.270703539663249,2.019259614945098,1.1270695995525373,0.06571257960081497,1.0993989610787736,1.5911695407508875,1.3924025996688754,0.6432184656182149,0.3003600640078203,1.0100673760054386,1.1909495884008892,0.7882627955391397,1,Yeast
15.68,14.372004169581382,10.816699989716565,6.005143375201767,1.3335575470909424,2.5446513743075316,4.197504922940213,3.875679470404047,2.079740831060186,0.39051279864561517,2.3737045618588075,3.414979014366826,3.27586836358038,2.2386045959164185,0.8877566002209382,0.16432137372569855,0.4860041152089152,0.061533425489398504,0.8901330362483981,1.8129573945877178,2.270703539663249,2.019259614945098,1.1270695995525373,0.06571257960081497,1.0993989610787736,1.5911695407508875,1.3924025996688754,0.6432184656182149,0.3003600640078203,1.0100673760054386,1.1909495884008892,0.7882627955391397,0,E_coli
15.540000000000001,14.262445323665858,10.788403004599932,6.082334675920028,1.5019590871165567,2.365622284726385,4.029804820299402,3.7974399725279104,2.1453980494713805,0.4441437769835408,2.13250480764855,3.1357012273426443,3.0562195668243013,2.164522280041093,1.0257532141065904,0.3189268878756054,0.21213203435596464,0.3376230264915222,1.207596779010147,1.9807481843167603,2.232848488001572,1.774817138663942,0.7309027736433591,0.5210437663618266,1.4993555980234972,1.8411238847421696,1.4449357978068111,0.5771986965562109,0.7784783167290987,1.5048557540171954,1.6433316782554437,1.1520766917510228,0,Mammalian
15.540000000000001,14.262445323665858,10.788403004599932,6.082334675920028,1.5019590871165567,2.365622284726385,4.029804820299402,3.7974399725279104,2.1453980494713805,0.4441437769835408,2.13250480764855,3.1357012273426443,3.0562195668243013,2.164522280041093,1.0257532141065904,0.3189268878756054,0.21213203435596464,0.3376230264915222,1.207596779010147,1.9807481843167603,2.232848488001572,1.774817138663942,0.7309027736433591,0.5210437663618266,1.4993555980234972,1.8411238847421696,1.4449357978068111,0.5771986965562109,0.7784783167290987,1.5048557540171954,1.6433316782554437,1.1520766917510228,1,Yeast
15.540000000000001,14.262445323665858,10.788403004599932,6.082334675920028,1.5019590871165567,2.365622284726385,4.029804820299402,3.7974399725279104,2.1453980494713805,0.4441437769835408,2.13250480764855,3.1357012273426443,3.0562195668243013,2.164522280041093,1.0257532141065904,0.3189268878756054,0.21213203435596464,0.3376230264915222,1.207596779010147,1.9807481843167603,2.232848488001572,1.774817138663942,0.7309027736433591,0.5210437663618266,1.4993555980234972,1.8411238847421696,1.4449357978068111,0.5771986965562109,0.7784783167290987,1.5048557540171954,1.6433316782554437,1.1520766917510228,0,E_coli
16.32,14.941477991297237,11.189983382528915,6.0944002265423665,1.0046298681089982,2.8533820747523557,4.684807807673282,4.394169631850305,2.5118013326376922,0.1254865367995302,2.274651427865544,3.4915371185893505,3.4744809429737464,2.490900009575133,1.1291917475791986,0.036480698527783476,0.37013511046643466,0.0631484849522031,0.9002712354309504,1.8077822942320345,2.2720105142275213,2.03591811804388,1.1545792673998911,0.08341011815661624,1.1052846083066181,1.6344167679759762,1.4785790738585218,0.7655320686203948,0.15706440798334115,0.871059976228302,1.0801837450601242,0.7245867018104727,0,Mammalian
16.32,14.941477991297237,11.189983382528915,6.0944002265423665,1.0046298681089982,2.8533820747523557,4.684807807673282,4.394169631850305,2.5118013326376922,0.1254865367995302,2.274651427865544,3.4915371185893505,3.4744809429737464,2.490900009575133,1.1291917475791986,0.036480698527783476,0.37013511046643466,0.0631484849522031,0.9002712354309504,1.8077822942320345,2.2720105142275213,2.03591811804388,1.1545792673998911,0.08341011815661624,1.1052846083066181,1.6344167679759762,1.4785790738585218,0.7655320686203948,0.15706440798334115,0.871059976228302,1.0801837450601242,0.7245867018104727,1,Yeast
16.32,14.941477991297237,11.189983382528915,6.0944002265423665,1.0046298681089982,2.8533820747523557,4.684807807673282,4.394169631850305,2.5118013326376922,0.1254865367995302,2.274651427865544,3.4915371185893505,3.4744809429737464,2.490900009575133,1.1291917475791986,0.036480698527783476,0.37013511046643466,0.0631484849522031,0.9002712354309504,1.8077822942320345,2.2720105142275213,2.03591811804388,1.1545792673998911,0.08341011815661624,1.1052846083066181,1.6344167679759762,1.4785790738585218,0.7655320686203948,0.15706440798334115,0.871059976228302,1.0801837450601242,0.7245867018104727,0,E_coli
15.76,14.466869369529334,10.947201060153972,6.166246654129814,1.43500436173837,2.3655512072735205,4.134928930386707,3.970605914215392,2.356941427184414,0.42185763302069273,1.9253182128822344,2.9720407890408373,2.9628910164402833,2.1632850212836265,1.1403587209153485,0.5181300931290056,0.29832867780352623,0.5231457892016276,1.4006643876800597,2.1744197360851616,2.40650590475672,1.9122734179957614,0.8331442243331432,0.5515849701182322,1.5557721905285167,1.941117229846266,1.5761122910202268,0.6938563127778267,0.6302131677935348,1.3528687521901803,1.5105507196486934,1.0294916031154444,0,Mammalian
15.76,14.466869369529334,10.947201060153972,6.166246654129814,1.43500436173837,2.3655512072735205,4.134928930386707,3.970605914215392,2.356941427184414,0.42185763302069273,1.9253182128822344,2.9720407890408373,2.9628910164402833,2.1632850212836265,1.1403587209153485,0.5181300931290056,0.29832867780352623,0.5231457892016276,1.4006643876800597,2.1744197360851616,2.40650590475672,1.9122734179957614,0.8331442243331432,0.5515849701182322,1.5557721905285167,1.941117229846266,1.5761122910202268,0.6938563127778267,0.6302131677935348,1.3528687521901803,1.5105507196486934,1.0294916031154444,0,E_coli
15.76,14.466869369529334,10.947201060153972,6.166246654129814,1.43500436173837,2.3655512072735205,4.134928930386707,3.970605914215392,2.356941427184414,0.42185763302069273,1.9253182128822344,2.9720407890408373,2.9628910164402833,2.1632850212836265,1.1403587209153485,0.5181300931290056,0.29832867780352623,0.5231457892016276,1.4006643876800597,2.1744197360851616,2.40650590475672,1.9122734179957614,0.8331442243331432,0.5515849701182322,1.5557721905285167,1.941117229846266,1.5761122910202268,0.6938563127778267,0.6302131677935348,1.3528687521901803,1.5105507196486934,1.0294916031154444,1,Yeast
15.76,14.421537412103424,10.78470533168304,5.867511071333832,1.1283221417267655,2.8069668780651136,4.442845692726182,4.021679633662483,2.064029994324255,0.5389957824124391,2.730459629809002,3.8837503555625665,3.7699368143641223,2.6698945683497324,1.2174944514643282,0.5179667617857475,0.8319855767980598,0.5559836674045485,0.39579467698208826,1.2653466441232941,1.8104275439018844,1.7348930789644568,1.0962772158172576,0.4843937750070808,0.9741561386809703,1.2916688160449397,1.0141642605362449,0.25244042271026107,0.6530066373878674,1.3014536237515633,1.412283336456355,0.9608929146584523,0,Mammalian
15.76,14.421537412103424,10.78470533168304,5.867511071333832,1.1283221417267655,2.8069668780651136,4.442845692726182,4.021679633662483,2.064029994324255,0.5389957824124391,2.730459629809002,3.8837503555625665,3.7699368143641223,2.6698945683497324,1.2174944514643282,0.5179667617857475,0.8319855767980598,0.5559836674045485,0.39579467698208826,1.2653466441232941,1.8104275439018844,1.7348930789644568,1.0962772158172576,0.4843937750070808,0.9741561386809703,1.2916688160449397,1.0141642605362449,0.25244042271026107,0.6530066373878674,1.3014536237515633,1.412283336456355,0.9608929146584523,0,E_coli
15.76,14.421537412103424,10.78470533168304,5.867511071333832,1.1283221417267655,2.8069668780651136,4.442845692726182,4.021679633662483,2.064029994324255,0.5389957824124391,2.730459629809002,3.8837503555625665,3.7699368143641223,2.6698945683497324,1.2174944514643282,0.5179667617857475,0.8319855767980598,0.5559836674045485,0.39579467698208826,1.2653466441232941,1.8104275439018844,1.7348930789644568,1.0962772158172576,0.4843937750070808,0.9741561386809703,1.2916688160449397,1.0141642605362449,0.25244042271026107,0.6530066373878674,1.3014536237515633,1.412283336456355,0.9608929146584523,1,Yeast
15.540000000000001,14.234165187827372,10.687212259316707,5.897672574903223,1.3312065374705944,2.6459844560926986,4.226666028247331,3.8303717482058186,1.950855861274925,0.5162623630552647,2.6180875927589664,3.6985237326630656,3.5615016042316427,2.488362397745403,1.0789312142856897,0.3187635801996131,0.6451356446515725,0.36850546155169694,0.5894006958885942,1.4138798592934376,1.854391432239844,1.658873606400603,0.9201337997101343,0.47817414626898685,1.158689522058982,1.4483508103856089,1.091826505122314,0.27587274559009295,0.7899543617744295,1.4766881426450484,1.5886436650431122,1.115014556932662,0,Mammalian
15.540000000000001,14.234165187827372,10.687212259316707,5.897672574903223,1.3312065374705944,2.6459844560926986,4.226666028247331,3.8303717482058186,1.950855861274925,0.5162623630552647,2.6180875927589664,3.6985237326630656,3.5615016042316427,2.488362397745403,1.0789312142856897,0.3187635801996131,0.6451356446515725,0.36850546155169694,0.5894006958885942,1.4138798592934376,1.854391432239844,1.658873606400603,0.9201337997101343,0.47817414626898685,1.158689522058982,1.4483508103856089,1.091826505122314,0.27587274559009295,0.7899543617744295,1.4766881426450484,1.5886436650431122,1.115014556932662,0,E_coli
15.540000000000001,14.234165187827372,10.687212259316707,5.897672574903223,1.3312065374705944,2.6459844560926986,4.226666028247331,3.8303717482058186,1.950855861274925,0.5162623630552647,2.6180875927589664,3.6985237326630656,3.5615016042316427,2.488362397745403,1.0789312142856897,0.3187635801996131,0.6451356446515725,0.36850546155169694,0.5894006958885942,1.4138798592934376,1.854391432239844,1.658873606400603,0.9201337997101343,0.47817414626898685,1.158689522058982,1.4483508103856089,1.091826505122314,0.27587274559009295,0.7899543617744295,1.4766881426450484,1.5886436650431122,1.115014556932662,1,Yeast
15.06,13.840132475403973,10.524909500579438,6.046691325631809,1.7970875659918455,2.264092612325202,3.77165591504821,3.5206738894605096,1.9183039587617452,0.5854734694366062,2.2912646920236126,3.280139910479283,3.2040828726503063,2.3005983487021022,1.0865904476682813,0.11424359597443938,0.2942787793912432,0.34396530469046815,0.8973905882049698,1.5367292637536865,1.7790589900557732,1.434551640760167,0.6605019097261794,0.6762769052194845,1.375103604023718,1.5662693945786956,1.113286332491466,0.34056280799323435,0.9679247570179174,1.6495702368365721,1.7421078825817418,1.2509568631210968,0,Mammalian
15.06,13.840132475403973,10.524909500579438,6.046691325631809,1.7970875659918455,2.264092612325202,3.77165591504821,3.5206738894605096,1.9183039587617452,0.5854734694366062,2.2912646920236126,3.280139910479283,3.2040828726503063,2.3005983487021022,1.0865904476682813,0.11424359597443938,0.2942787793912432,0.34396530469046815,0.8973905882049698,1.5367292637536865,1.7790589900557732,1.434551640760167,0.6605019097261794,0.6762769052194845,1.375103604023718,1.5662693945786956,1.113286332491466,0.34056280799323435,0.9679247570179174,1.6495702368365721,1.7421078825817418,1.2509568631210968,0,E_coli
15.06,13.840132475403973,10.524909500579438,6.046691325631809,1.7970875659918455,2.264092612325202,3.77165591504821,3.5206738894605096,1.9183039587617452,0.5854734694366062,2.2912646920236126,3.280139910479283,3.2040828726503063,2.3005983487021022,1.0865904476682813,0.11424359597443938,0.2942787793912432,0.34396530469046815,0.8973905882049698,1.5367292637536865,1.7790589900557732,1.434551640760167,0.6605019097261794,0.6762769052194845,1.375103604023718,1.5662693945786956,1.113286332491466,0.34056280799323435,0.9679247570179174,1.6495702368365721,1.7421078825817418,1.2509568631210968,1,Yeast
14.13,13.179961044543505,10.557202033138179,6.8856827268108365,3.055402207231075,1.0819309819050877,2.706529342504091,3.2789175835969866,2.5891233723938107,1.2436308975353743,1.368823318006923,2.6277112891746524,3.275935148401007,3.0934969052742134,2.286820690186001,1.4138352761334354,1.3124404748406684,1.6448890879791311,1.631048437333256,1.2049586106037466,0.7902189221209789,1.0183328533966662,1.3587940051080634,1.3435707432622739,0.9343661822455381,0.33540335774727786,0.5215753294562385,0.9863074468866836,1.1596207615597034,1.032433601358257,0.7188024952259299,0.3738996121713363,1,Yeast
14.13,13.179961044543505,10.557202033138179,6.8856827268108365,3.055402207231075,1.0819309819050877,2.706529342504091,3.2789175835969866,2.5891233723938107,1.2436308975353743,1.368823318006923,2.6277112891746524,3.275935148401007,3.0934969052742134,2.286820690186001,1.4138352761334354,1.3124404748406684,1.6448890879791311,1.631048437333256,1.2049586106037466,0.7902189221209789,1.0183328533966662,1.3587940051080634,1.3435707432622739,0.9343661822455381,0.33540335774727786,0.5215753294562385,0.9863074468866836,1.1596207615597034,1.032433601358257,0.7188024952259299,0.3738996121713363,0,E_coli
14.13,13.179961044543505,10.557202033138179,6.8856827268108365,3.055402207231075,1.0819309819050877,2.706529342504091,3.2789175835969866,2.5891233723938107,1.2436308975353743,1.368823318006923,2.6277112891746524,3.275935148401007,3.0934969052742134,2.286820690186001,1.4138352761334354,1.3124404748406684,1.6448890879791311,1.631048437333256,1.2049586106037466,0.7902189221209789,1.0183328533966662,1.3587940051080634,1.3435707432622739,0.9343661822455381,0.33540335774727786,0.5215753294562385,0.9863074468866836,1.1596207615597034,1.032433601358257,0.7188024952259299,0.3738996121713363,0,Mammalian
13.77,12.823850588658084,10.213830172492653,6.569625146648671,2.8201482292737308,1.4039198693728001,3.03802461828156,3.5590193097631415,2.8017018192491503,1.273987204839105,1.0157771734936274,2.358822886939566,3.0558541187648554,2.899050986344458,2.082441469682801,1.1151603589091912,0.9646242791885346,1.3422222864127855,1.316765389278938,0.8498388676613161,0.5701026763379364,1.1330774470869878,1.599417304364393,1.6485031909905095,1.281509623848376,0.6782420875969661,0.31824840629904466,0.6349513439977766,0.8044268196575929,0.7287510884207694,0.565000029498653,0.5120901106412433,1,Yeast
13.77,12.823850588658084,10.213830172492653,6.569625146648671,2.8201482292737308,1.4039198693728001,3.03802461828156,3.5590193097631415,2.8017018192491503,1.273987204839105,1.0157771734936274,2.358822886939566,3.0558541187648554,2.899050986344458,2.082441469682801,1.1151603589091912,0.9646242791885346,1.3422222864127855,1.316765389278938,0.8498388676613161,0.5701026763379364,1.1330774470869878,1.599417304364393,1.6485031909905095,1.281509623848376,0.6782420875969661,0.31824840629904466,0.6349513439977766,0.8044268196575929,0.7287510884207694,0.565000029498653,0.5120901106412433,0,E_coli
13.77,12.823850588658084,10.213830172492653,6.569625146648671,2.8201482292737308,1.4039198693728001,3.03802461828156,3.5590193097631415,2.8017018192491503,1.273987204839105,1.0157771734936274,2.358822886939566,3.0558541187648554,2.899050986344458,2.082441469682801,1.1151603589091912,0.9646242791885346,1.3422222864127855,1.316765389278938,0.8498388676613161,0.5701026763379364,1.1330774470869878,1.599417304364393,1.6485031909905095,1.281509623848376,0.6782420875969661,0.31824840629904466,0.6349513439977766,0.8044268196575929,0.7287510884207694,0.565000029498653,0.5120901106412433,0,Mammalian
13.27,12.329627506713752,9.73891729912632,6.138689875807067,2.542331424646858,1.874214602077007,3.5077691307958467,3.969481355934015,3.141840637750906,1.4694182689723678,0.5408639461399386,2.032681415061399,2.798717281374664,2.6862848896212794,1.8778454658284007,0.7902460313290555,0.5103920062069938,0.98785980365906,0.9365563922080564,0.37249839751896485,0.5823603802848427,1.4341301765550203,1.9941833050228155,2.10113250661789,1.7721843603239995,1.1716120151781277,0.542325622838875,0.20493339065736882,0.32892080150452385,0.4671653211576596,0.6891923918924577,0.9285932341559954,0,Mammalian
13.27,12.329627506713752,9.73891729912632,6.138689875807067,2.542331424646858,1.874214602077007,3.5077691307958467,3.969481355934015,3.141840637750906,1.4694182689723678,0.5408639461399386,2.032681415061399,2.798717281374664,2.6862848896212794,1.8778454658284007,0.7902460313290555,0.5103920062069938,0.98785980365906,0.9365563922080564,0.37249839751896485,0.5823603802848427,1.4341301765550203,1.9941833050228155,2.10113250661789,1.7721843603239995,1.1716120151781277,0.542325622838875,0.20493339065736882,0.32892080150452385,0.4671653211576596,0.6891923918924577,0.9285932341559954,1,Yeast
13.27,12.329627506713752,9.73891729912632,6.138689875807067,2.542331424646858,1.874214602077007,3.5077691307958467,3.969481355934015,3.141840637750906,1.4694182689723678,0.5408639461399386,2.032681415061399,2.798717281374664,2.6862848896212794,1.8778454658284007,0.7902460313290555,0.5103920062069938,0.98785980365906,0.9365563922080564,0.37249839751896485,0.5823603802848427,1.4341301765550203,1.9941833050228155,2.10113250661789,1.7721843603239995,1.1716120151781277,0.542325622838875,0.20493339065736882,0.32892080150452385,0.4671653211576596,0.6891923918924577,0.9285932341559954,0,E_coli
13.97,13.021663323346672,10.404453539030348,6.744668934642793,2.947736558786639,1.2224218787358827,2.8530077644151346,3.401551547769131,2.679716641805321,1.2444214469605377,1.2114087045144417,2.5053834202922847,3.174966895073853,3.0033056232610824,2.191042223943577,1.2771922958203819,1.1569356075426152,1.5072618007255096,1.4888130763295206,1.0467160641364668,0.6777657716236094,1.0558023281910955,1.459685985850271,1.4760368406112683,1.0876206689979806,0.4847137046743619,0.40515186644220846,0.8292342341581697,1.0013330884342386,0.8923071407913882,0.6300163374468093,0.40276126449184363,1,Yeast
13.97,13.021663323346672,10.404453539030348,6.744668934642793,2.947736558786639,1.2224218787358827,2.8530077644151346,3.401551547769131,2.679716641805321,1.2444214469605377,1.2114087045144417,2.5053834202922847,3.174966895073853,3.0033056232610824,2.191042223943577,1.2771922958203819,1.1569356075426152,1.5072618007255096,1.4888130763295206,1.0467160641364668,0.6777657716236094,1.0558023281910955,1.459685985850271,1.4760368406112683,1.0876206689979806,0.4847137046743619,0.40515186644220846,0.8292342341581697,1.0013330884342386,0.8923071407913882,0.6300163374468093,0.40276126449184363,0,Mammalian
13.97,13.021663323346672,10.404453539030348,6.744668934642793,2.947736558786639,1.2224218787358827,2.8530077644151346,3.401551547769131,2.679716641805321,1.2444214469605377,1.2114087045144417,2.5053834202922847,3.174966895073853,3.0033056232610824,2.191042223943577,1.2771922958203819,1.1569356075426152,1.5072618007255096,1.4888130763295206,1.0467160641364668,0.6777657716236094,1.0558023281910955,1.459685985850271,1.4760368406112683,1.0876206689979806,0.4847137046743619,0.40515186644220846,0.8292342341581697,1.0013330884342386,0.8923071407913882,0.6300163374468093,0.40276126449184363,0,E_coli
13.629999999999999,12.678454409155853,10.052506772892103,6.382880156941553,2.608867827468477,1.5224668457737638,3.30011927202061,3.8738885848969926,3.1542433997249884,1.6188422450523667,0.6926986727057103,1.9007128501961814,2.5776832746084186,2.4098971016910116,1.5712814803036468,0.5286356000160608,0.773886296557834,1.2806451403343169,1.1938708733129644,0.5594849456761647,0.44302479661422567,1.376660642848516,2.0298054323356065,2.234814836978325,2.003234528279539,1.4884199469256156,0.902250556245004,0.39930235416027543,0.047818659421359815,0.45584850259785903,0.901592817381802,1.2548290775962976,1,Yeast
13.629999999999999,12.678454409155853,10.052506772892103,6.382880156941553,2.608867827468477,1.5224668457737638,3.30011927202061,3.8738885848969926,3.1542433997249884,1.6188422450523667,0.6926986727057103,1.9007128501961814,2.5776832746084186,2.4098971016910116,1.5712814803036468,0.5286356000160608,0.773886296557834,1.2806451403343169,1.1938708733129644,0.5594849456761647,0.44302479661422567,1.376660642848516,2.0298054323356065,2.234814836978325,2.003234528279539,1.4884199469256156,0.902250556245004,0.39930235416027543,0.047818659421359815,0.45584850259785903,0.901592817381802,1.2548290775962976,0,Mammalian
13.629999999999999,12.678454409155853,10.052506772892103,6.382880156941553,2.608867827468477,1.5224668457737638,3.30011927202061,3.8738885848969926,3.1542433997249884,1.6188422450523667,0.6926986727057103,1.9007128501961814,2.5776832746084186,2.4098971016910116,1.5712814803036468,0.5286356000160608,0.773886296557834,1.2806451403343169,1.1938708733129644,0.5594849456761647,0.44302479661422567,1.376660642848516,2.0298054323356065,2.234814836978325,2.003234528279539,1.4884199469256156,0.902250556245004,0.39930235416027543,0.047818659421359815,0.45584850259785903,0.901592817381802,1.2548290775962976,0,E_coli
13.870000000000001,12.894586660244485,10.198149775396425,6.411836199677174,2.447876082595279,1.4592438041642732,3.518099950428055,4.226003566753358,3.5826952167044226,2.0406695545178732,0.4150430922826312,1.4331082876887122,2.237206519873391,2.2275033315778034,1.5627219207510668,0.6216930319801426,0.3413209633175203,0.6858374037818394,0.4866709677666019,0.2353040844029126,1.1677605462463536,2.025249097331566,2.5127025128080285,2.481877980009684,1.961656183994345,1.1359463864370722,0.3219768712797894,0.5516634309795609,0.9201874691194181,0.9744533498907686,0.8006008199813036,0.556173205983727,0,E_coli
13.870000000000001,12.894586660244485,10.198149775396425,6.411836199677174,2.447876082595279,1.4592438041642732,3.518099950428055,4.226003566753358,3.5826952167044226,2.0406695545178732,0.4150430922826312,1.4331082876887122,2.237206519873391,2.2275033315778034,1.5627219207510668,0.6216930319801426,0.3413209633175203,0.6858374037818394,0.4866709677666019,0.2353040844029126,1.1677605462463536,2.025249097331566,2.5127025128080285,2.481877980009684,1.961656183994345,1.1359463864370722,0.3219768712797894,0.5516634309795609,0.9201874691194181,0.9744533498907686,0.8006008199813036,0.556173205983727,1,Yeast
13.870000000000001,12.894586660244485,10.198149775396425,6.411836199677174,2.447876082595279,1.4592438041642732,3.518099950428055,4.226003566753358,3.5826952167044226,2.0406695545178732,0.4150430922826312,1.4331082876887122,2.237206519873391,2.2275033315778034,1.5627219207510668,0.6216930319801426,0.3413209633175203,0.6858374037818394,0.4866709677666019,0.2353040844029126,1.1677605462463536,2.025249097331566,2.5127025128080285,2.481877980009684,1.961656183994345,1.1359463864370722,0.3219768712797894,0.5516634309795609,0.9201874691194181,0.9744533498907686,0.8006008199813036,0.556173205983727,0,Mammalian
13.59,12.618575482051732,9.937262340390179,6.1899077537920855,2.3573535616119585,1.775489742170739,3.6774607977829974,4.251760523947358,3.4617653320945143,1.754949628127483,0.24296758956996284,1.8933890224804533,2.793837733242754,2.806464918703393,2.093624061875047,1.042240135119004,0.4210700654285459,0.8328079856863954,0.9031138355614352,0.5820127893632001,0.642251426354357,1.2532784269435162,1.7015932842881256,1.7832383589599377,1.5234109050116973,1.0981290516438746,0.7333088778137777,0.49706901091830197,0.21649021042578612,0.2571240247396079,0.7715102601983516,1.189895680631535,0,E_coli
13.59,12.618575482051732,9.937262340390179,6.1899077537920855,2.3573535616119585,1.775489742170739,3.6774607977829974,4.251760523947358,3.4617653320945143,1.754949628127483,0.24296758956996284,1.8933890224804533,2.793837733242754,2.806464918703393,2.093624061875047,1.042240135119004,0.4210700654285459,0.8328079856863954,0.9031138355614352,0.5820127893632001,0.642251426354357,1.2532784269435162,1.7015932842881256,1.7832383589599377,1.5234109050116973,1.0981290516438746,0.7333088778137777,0.49706901091830197,0.21649021042578612,0.2571240247396079,0.7715102601983516,1.189895680631535,1,Yeast
13.59,12.618575482051732,9.937262340390179,6.1899077537920855,2.3573535616119585,1.775489742170739,3.6774607977829974,4.251760523947358,3.4617653320945143,1.754949628127483,0.24296758956996284,1.8933890224804533,2.793837733242754,2.806464918703393,2.093624061875047,1.042240135119004,0.4210700654285459,0.8328079856863954,0.9031138355614352,0.5820127893632001,0.642251426354357,1.2532784269435162,1.7015932842881256,1.7832383589599377,1.5234109050116973,1.0981290516438746,0.7333088778137777,0.49706901091830197,0.21649021042578612,0.2571240247396079,0.7715102601983516,1.189895680631535,0,Mammalian
13.59,12.586606876621994,9.826968718276788,6.005245634335228,2.2248202228176464,2.068371239219236,3.8253687943140537,4.184062138335879,3.1653357323025535,1.2834853892814766,0.7750704303170567,2.3520701937489203,3.047975246475663,2.785371421865939,1.8137126664581102,0.6662162934059632,0.7406078584514209,1.165200548448258,0.9541219966662221,0.19792391898943887,0.851371787831444,1.7526368676370079,2.2300116628232534,2.1538058264852142,1.6071246690312049,0.8579972523747746,0.3970363952275502,0.5189356677689599,0.43403680938135764,0.14784910195061687,0.652083498556663,1.1539995678893709,0,E_coli
13.59,12.586606876621994,9.826968718276788,6.005245634335228,2.2248202228176464,2.068371239219236,3.8253687943140537,4.184062138335879,3.1653357323025535,1.2834853892814766,0.7750704303170567,2.3520701937489203,3.047975246475663,2.785371421865939,1.8137126664581102,0.6662162934059632,0.7406078584514209,1.165200548448258,0.9541219966662221,0.19792391898943887,0.851371787831444,1.7526368676370079,2.2300116628232534,2.1538058264852142,1.6071246690312049,0.8579972523747746,0.3970363952275502,0.5189356677689599,0.43403680938135764,0.14784910195061687,0.652083498556663,1.1539995678893709,1,Yeast
13.59,12.586606876621994,9.826968718276788,6.005245634335228,2.2248202228176464,2.068371239219236,3.8253687943140537,4.184062138335879,3.1653357323025535,1.2834853892814766,0.7750704303170567,2.3520701937489203,3.047975246475663,2.785371421865939,1.8137126664581102,0.6662162934059632,0.7406078584514209,1.165200548448258,0.9541219966662221,0.19792391898943887,0.851371787831444,1.7526368676370079,2.2300116628232534,2.1538058264852142,1.6071246690312049,0.8579972523747746,0.3970363952275502,0.5189356677689599,0.43403680938135764,0.14784910195061687,0.652083498556663,1.1539995678893709,0,Mammalian
13.41,12.467963534786596,9.871643166998377,6.258316268826309,2.6134631090181855,1.740863966435451,3.37536458486102,3.8524195480908245,3.0421548827257454,1.3995245574418738,0.6701710650736309,2.1171736359221707,2.8642516812974264,2.738333460320056,1.924259878562807,0.8645432690881621,0.6306346010171026,1.0754818550461536,1.032774503886773,0.5017239766122651,0.533655486486661,1.3378816098173019,1.8786032786841693,1.9720910727604448,1.634225709474646,1.0328258548214364,0.4355723498184657,0.3045062211269875,0.4568202116024999,0.5054079110335846,0.61723013497717,0.8024161282347492,0,Mammalian
13.41,12.467963534786596,9.871643166998377,6.258316268826309,2.6134631090181855,1.740863966435451,3.37536458486102,3.8524195480908245,3.0421548827257454,1.3995245574418738,0.6701710650736309,2.1171736359221707,2.8642516812974264,2.738333460320056,1.924259878562807,0.8645432690881621,0.6306346010171026,1.0754818550461536,1.032774503886773,0.5017239766122651,0.533655486486661,1.3378816098173019,1.8786032786841693,1.9720910727604448,1.634225709474646,1.0328258548214364,0.4355723498184657,0.3045062211269875,0.4568202116024999,0.5054079110335846,0.61723013497717,0.8024161282347492,1,Yeast
13.41,12.467963534786596,9.871643166998377,6.258316268826309,2.6134631090181855,1.740863966435451,3.37536458486102,3.8524195480908245,3.0421548827257454,1.3995245574418738,0.6701710650736309,2.1171736359221707,2.8642516812974264,2.738333460320056,1.924259878562807,0.8645432690881621,0.6306346010171026,1.0754818550461536,1.032774503886773,0.5017239766122651,0.533655486486661,1.3378816098173019,1.8786032786841693,1.9720910727604448,1.634225709474646,1.0328258548214364,0.4355723498184657,0.3045062211269875,0.4568202116024999,0.5054079110335846,0.61723013497717,0.8024161282347492,0,E_coli
13.77,12.822291189392292,10.207270422649838,6.553013552880271,2.779875819416423,1.3584034807281393,3.04706921994781,3.5926791574741066,2.8617475429602663,1.3839692029086141,1.0648518143160886,2.32573099234878,2.996184078942116,2.827848031698609,2.021965311825542,1.148080891649808,1.17,1.5784140808555152,1.5627616831103854,1.087773202725195,0.5888388292767819,0.9106708370786468,1.3287254484685582,1.3598080097442387,0.9910605432368293,0.45184282459088587,0.5331179364030822,0.9452728106035063,1.1009269852508852,0.969912975631362,0.6675301111903297,0.35940827020837357,0,Mammalian
13.77,12.822291189392292,10.207270422649838,6.553013552880271,2.779875819416423,1.3584034807281393,3.04706921994781,3.5926791574741066,2.8617475429602663,1.3839692029086141,1.0648518143160886,2.32573099234878,2.996184078942116,2.827848031698609,2.021965311825542,1.148080891649808,1.17,1.5784140808555152,1.5627616831103854,1.087773202725195,0.5888388292767819,0.9106708370786468,1.3287254484685582,1.3598080097442387,0.9910605432368293,0.45184282459088587,0.5331179364030822,0.9452728106035063,1.1009269852508852,0.969912975631362,0.6675301111903297,0.35940827020837357,1,Yeast
13.77,12.822291189392292,10.207270422649838,6.553013552880271,2.779875819416423,1.3584034807281393,3.04706921994781,3.5926791574741066,2.8617475429602663,1.3839692029086141,1.0648518143160886,2.32573099234878,2.996184078942116,2.827848031698609,2.021965311825542,1.148080891649808,1.17,1.5784140808555152,1.5627616831103854,1.087773202725195,0.5888388292767819,0.9106708370786468,1.3287254484685582,1.3598080097442387,0.9910605432368293,0.45184282459088587,0.5331179364030822,0.9452728106035063,1.1009269852508852,0.969912975631362,0.6675301111903297,0.35940827020837357,0,E_coli
13.27,12.32293573317022,9.71050648780063,6.065007265077777,2.3522653783078877,1.7303294683618302,3.5399820523092997,4.0926486772499535,3.3576680144261455,1.8344046431406462,0.8448204272583685,1.868778501327981,2.5185663203434387,2.3524596633428008,1.581897986522227,0.9653137361750365,1.438367129769031,1.9548445367207508,1.9491264582988241,1.4284540137569115,0.6547627790834212,0.4263085291079827,0.8409467403771922,0.9122814272928642,0.6464251734729911,0.5632866501068267,1.0240675812411597,1.4369428618235691,1.5615879684387677,1.3813262438377114,0.9981323780406898,0.5598256340508604,0,E_coli
13.27,12.32293573317022,9.71050648780063,6.065007265077777,2.3522653783078877,1.7303294683618302,3.5399820523092997,4.0926486772499535,3.3576680144261455,1.8344046431406462,0.8448204272583685,1.868778501327981,2.5185663203434387,2.3524596633428008,1.581897986522227,0.9653137361750365,1.438367129769031,1.9548445367207508,1.9491264582988241,1.4284540137569115,0.6547627790834212,0.4263085291079827,0.8409467403771922,0.9122814272928642,0.6464251734729911,0.5632866501068267,1.0240675812411597,1.4369428618235691,1.5615879684387677,1.3813262438377114,0.9981323780406898,0.5598256340508604,0,Mammalian
13.27,12.32293573317022,9.71050648780063,6.065007265077777,2.3522653783078877,1.7303294683618302,3.5399820523092997,4.0926486772499535,3.3576680144261455,1.8344046431406462,0.8448204272583685,1.868778501327981,2.5185663203434387,2.3524596633428008,1.581897986522227,0.9653137361750365,1.438367129769031,1.9548445367207508,1.9491264582988241,1.4284540137569115,0.6547627790834212,0.4263085291079827,0.8409467403771922,0.9122814272928642,0.6464251734729911,0.5632866501068267,1.0240675812411597,1.4369428618235691,1.5615879684387677,1.3813262438377114,0.9981323780406898,0.5598256340508604,1,Yeast
13.97,13.022047221933143,10.406062789244347,6.748707729910004,2.9572846389774865,1.2352117208816955,2.8505953748902897,3.392693865029688,2.6638064496983644,1.2147028025525095,1.2008265983513053,2.513105901761809,3.189152885153264,3.0202297428295757,2.205157752908131,1.269879279136684,1.1085576214162258,1.4489239282313466,1.428102282506753,0.9901305010080977,0.6737491483189078,1.1083114806369412,1.5260534971981652,1.5478391362402684,1.1610061147751964,0.5467265983218212,0.3441146079155973,0.7516881306728666,0.9281344322488831,0.8329458419677697,0.6044234702977852,0.44213361142947166,1,Yeast
13.97,13.022047221933143,10.406062789244347,6.748707729910004,2.9572846389774865,1.2352117208816955,2.8505953748902897,3.392693865029688,2.6638064496983644,1.2147028025525095,1.2008265983513053,2.513105901761809,3.189152885153264,3.0202297428295757,2.205157752908131,1.269879279136684,1.1085576214162258,1.4489239282313466,1.428102282506753,0.9901305010080977,0.6737491483189078,1.1083114806369412,1.5260534971981652,1.5478391362402684,1.1610061147751964,0.5467265983218212,0.3441146079155973,0.7516881306728666,0.9281344322488831,0.8329458419677697,0.6044234702977852,0.44213361142947166,0,Mammalian
13.97,13.022047221933143,10.406062789244347,6.748707729910004,2.9572846389774865,1.2352117208816955,2.8505953748902897,3.392693865029688,2.6638064496983644,1.2147028025525095,1.2008265983513053,2.513105901761809,3.189152885153264,3.0202297428295757,2.205157752908131,1.269879279136684,1.1085576214162258,1.4489239282313466,1.428102282506753,0.9901305010080977,0.6737491483189078,1.1083114806369412,1.5260534971981652,1.5478391362402684,1.1610061147751964,0.5467265983218212,0.3441146079155973,0.7516881306728666,0.9281344322488831,0.8329458419677697,0.6044234702977852,0.44213361142947166,0,E_coli
14.31,13.351568613487753,10.703201424563213,6.9860937583384,3.071172790552204,0.886799478757211,2.687961236907347,3.3566118705692567,2.7596637830320088,1.5086431775969917,1.361385684610148,2.432767299342316,3.005168861882051,2.77905182163065,1.9503097109123897,1.1255950707157496,1.2503199590504823,1.6548309661532468,1.5869246750428203,1.0106431266357978,0.32359093504207703,0.8895550928515867,1.4638073313694395,1.61644663716012,1.3579601631202083,0.8740875970348052,0.5115956578891344,0.5483078622730144,0.5984535979546969,0.511548190321935,0.5048492434076423,0.6623997985911378,1,Yeast
14.31,13.351568613487753,10.703201424563213,6.9860937583384,3.071172790552204,0.886799478757211,2.687961236907347,3.3566118705692567,2.7596637830320088,1.5086431775969917,1.361385684610148,2.432767299342316,3.005168861882051,2.77905182163065,1.9503097109123897,1.1255950707157496,1.2503199590504823,1.6548309661532468,1.5869246750428203,1.0106431266357978,0.32359093504207703,0.8895550928515867,1.4638073313694395,1.61644663716012,1.3579601631202083,0.8740875970348052,0.5115956578891344,0.5483078622730144,0.5984535979546969,0.511548190321935,0.5048492434076423,0.6623997985911378,0,Mammalian
14.31,13.351568613487753,10.703201424563213,6.9860937583384,3.071172790552204,0.886799478757211,2.687961236907347,3.3566118705692567,2.7596637830320088,1.5086431775969917,1.361385684610148,2.432767299342316,3.005168861882051,2.77905182163065,1.9503097109123897,1.1255950707157496,1.2503199590504823,1.6548309661532468,1.5869246750428203,1.0106431266357978,0.32359093504207703,0.8895550928515867,1.4638073313694395,1.61644663716012,1.3579601631202083,0.8740875970348052,0.5115956578891344,0.5483078622730144,0.5984535979546969,0.511548190321935,0.5048492434076423,0.6623997985911378,0,E_coli
14.55,13.568502378456044,10.852657830553627,7.027305921597093,2.9560127478663194,0.783055131380404,2.934135949861399,3.727196100682289,3.1857824912097046,1.8290309511600045,0.9801427656607126,1.9182135392376416,2.5763950255934494,2.464599314030909,1.7182645164917252,0.7468652356668161,0.5507267925205745,0.9271852235670942,0.8470435497159154,0.5231528420071719,0.9624358986371061,1.6773873713237004,2.0799680075801783,1.9872463982717228,1.4255489885309771,0.6077497061003053,0.4987126638329627,1.137664128606979,1.4772590996719992,1.4455125056742866,1.116909773528141,0.621377471707196,1,Yeast
14.55,13.568502378456044,10.852657830553627,7.027305921597093,2.9560127478663194,0.783055131380404,2.934135949861399,3.727196100682289,3.1857824912097046,1.8290309511600045,0.9801427656607126,1.9182135392376416,2.5763950255934494,2.464599314030909,1.7182645164917252,0.7468652356668161,0.5507267925205745,0.9271852235670942,0.8470435497159154,0.5231528420071719,0.9624358986371061,1.6773873713237004,2.0799680075801783,1.9872463982717228,1.4255489885309771,0.6077497061003053,0.4987126638329627,1.137664128606979,1.4772590996719992,1.4455125056742866,1.116909773528141,0.621377471707196,0,Mammalian
14.55,13.568502378456044,10.852657830553627,7.027305921597093,2.9560127478663194,0.783055131380404,2.934135949861399,3.727196100682289,3.1857824912097046,1.8290309511600045,0.9801427656607126,1.9182135392376416,2.5763950255934494,2.464599314030909,1.7182645164917252,0.7468652356668161,0.5507267925205745,0.9271852235670942,0.8470435497159154,0.5231528420071719,0.9624358986371061,1.6773873713237004,2.0799680075801783,1.9872463982717228,1.4255489885309771,0.6077497061003053,0.4987126638329627,1.137664128606979,1.4772590996719992,1.4455125056742866,1.116909773528141,0.621377471707196,0,E_coli
14.71,13.661957497968348,10.765374259286778,6.694955375476371,2.373385250861256,1.3525215571609803,3.6909791410525665,4.448641155662603,3.7740064764157943,2.1871289494929953,0.5939774864015352,1.3779542518794652,2.0724025448546572,1.9437310600592557,1.1909607460946456,0.3517975559897678,0.7256031973468698,0.9707456737635003,0.6468398140299959,0.45296840706834857,1.3439968071974382,2.1319781935201103,2.4557769897241184,2.2147671784325613,1.5291419541597977,0.7166127945414572,0.45192481471959123,0.6536154179628413,0.48317980640470354,0.11070626613960495,0.8091445348503341,1.4019875644676445,0,E_coli
14.71,13.661957497968348,10.765374259286778,6.694955375476371,2.373385250861256,1.3525215571609803,3.6909791410525665,4.448641155662603,3.7740064764157943,2.1871289494929953,0.5939774864015352,1.3779542518794652,2.0724025448546572,1.9437310600592557,1.1909607460946456,0.3517975559897678,0.7256031973468698,0.9707456737635003,0.6468398140299959,0.45296840706834857,1.3439968071974382,2.1319781935201103,2.4557769897241184,2.2147671784325613,1.5291419541597977,0.7166127945414572,0.45192481471959123,0.6536154179628413,0.48317980640470354,0.11070626613960495,0.8091445348503341,1.4019875644676445,0,Mammalian
14.71,13.661957497968348,10.765374259286778,6.694955375476371,2.373385250861256,1.3525215571609803,3.6909791410525665,4.448641155662603,3.7740064764157943,2.1871289494929953,0.5939774864015352,1.3779542518794652,2.0724025448546572,1.9437310600592557,1.1909607460946456,0.3517975559897678,0.7256031973468698,0.9707456737635003,0.6468398140299959,0.45296840706834857,1.3439968071974382,2.1319781935201103,2.4557769897241184,2.2147671784325613,1.5291419541597977,0.7166127945414572,0.45192481471959123,0.6536154179628413,0.48317980640470354,0.11070626613960495,0.8091445348503341,1.4019875644676445,1,Yeast
13.41,12.462750051137435,9.84956737904938,6.201456418060711,2.4692566523500954,1.619253424991212,3.4017579488856575,3.952656434434778,3.2186830468953063,1.7055007755866172,0.8837274168611061,1.9946445107623891,2.651467569658529,2.4845946780145893,1.7017829282410337,0.9947779471393139,1.35,1.8435318929049866,1.8354210378582387,1.3228969639922425,0.596119971541406,0.5591619060831122,0.9762791564829035,1.0327473652361494,0.7248996093451484,0.4849901801205531,0.8855814482222831,1.2986342208934203,1.4299413594281989,1.2596862739039902,0.889764093208921,0.4598045438047473,0,E_coli
13.41,12.462750051137435,9.84956737904938,6.201456418060711,2.4692566523500954,1.619253424991212,3.4017579488856575,3.952656434434778,3.2186830468953063,1.7055007755866172,0.8837274168611061,1.9946445107623891,2.651467569658529,2.4845946780145893,1.7017829282410337,0.9947779471393139,1.35,1.8435318929049866,1.8354210378582387,1.3228969639922425,0.596119971541406,0.5591619060831122,0.9762791564829035,1.0327473652361494,0.7248996093451484,0.4849901801205531,0.8855814482222831,1.2986342208934203,1.4299413594281989,1.2596862739039902,0.889764093208921,0.4598045438047473,1,Yeast
13.41,12.462750051137435,9.84956737904938,6.201456418060711,2.4692566523500954,1.619253424991212,3.4017579488856575,3.952656434434778,3.2186830468953063,1.7055007755866172,0.8837274168611061,1.9946445107623891,2.651467569658529,2.4845946780145893,1.7017829282410337,0.9947779471393139,1.35,1.8435318929049866,1.8354210378582387,1.3228969639922425,0.596119971541406,0.5591619060831122,0.9762791564829035,1.0327473652361494,0.7248996093451484,0.4849901801205531,0.8855814482222831,1.2986342208934203,1.4299413594281989,1.2596862739039902,0.889764093208921,0.4598045438047473,0,Mammalian
15.040000000000001,14.01462584404176,11.182518749958351,7.207120604093012,2.9867701446759405,0.6109603464983158,2.9024216959104043,3.6797892734526667,3.121315896140698,1.764893964985201,0.6050624884625797,1.2353111116441287,1.6017645632203035,1.3117396868695481,1.0350308306273486,1.6329514622402153,2.296170725359942,2.436666895021558,1.9516474902871381,1.028322620890289,0.11564575408342949,0.7332147394089226,0.9502672162902157,0.7510848185488165,0.9170534752670617,1.631947840987578,2.164245528523119,2.1516206244184497,1.5211115825101742,0.5230936706463201,0.940392925437273,1.850254141777192,0,E_coli
15.040000000000001,14.01462584404176,11.182518749958351,7.207120604093012,2.9867701446759405,0.6109603464983158,2.9024216959104043,3.6797892734526667,3.121315896140698,1.764893964985201,0.6050624884625797,1.2353111116441287,1.6017645632203035,1.3117396868695481,1.0350308306273486,1.6329514622402153,2.296170725359942,2.436666895021558,1.9516474902871381,1.028322620890289,0.11564575408342949,0.7332147394089226,0.9502672162902157,0.7510848185488165,0.9170534752670617,1.631947840987578,2.164245528523119,2.1516206244184497,1.5211115825101742,0.5230936706463201,0.940392925437273,1.850254141777192,0,Mammalian
15.040000000000001,14.01462584404176,11.182518749958351,7.207120604093012,2.9867701446759405,0.6109603464983158,2.9024216959104043,3.6797892734526667,3.121315896140698,1.764893964985201,0.6050624884625797,1.2353111116441287,1.6017645632203035,1.3117396868695481,1.0350308306273486,1.6329514622402153,2.296170725359942,2.436666895021558,1.9516474902871381,1.028322620890289,0.11564575408342949,0.7332147394089226,0.9502672162902157,0.7510848185488165,0.9170534752670617,1.631947840987578,2.164245528523119,2.1516206244184497,1.5211115825101742,0.5230936706463201,0.940392925437273,1.850254141777192,1,Yeast
10.190000000000001,9.771272618232278,8.574481280326802,6.768479763603356,4.605837164415844,2.3906645284454995,0.5926005727892371,1.3451304242192905,2.2498980987367183,2.5147518906542428,2.1657749435548963,1.3393752433329826,0.23902209977379038,0.9224041145799563,1.9210435657390388,2.6039186644988055,2.8848743473503315,2.76094839583651,2.3079463189603606,1.6685859262906702,1.0542247552333635,0.7761780221582836,0.8926626485809966,1.004757691250166,0.9289556207380972,0.6767896954140371,0.39281360634605283,0.4642562299713352,0.7862204628211433,1.0621268182086452,1.2323719009100418,1.3100528971332506,0,E_coli
10.190000000000001,9.771272618232278,8.574481280326802,6.768479763603356,4.605837164415844,2.3906645284454995,0.5926005727892371,1.3451304242192905,2.2498980987367183,2.5147518906542428,2.1657749435548963,1.3393752433329826,0.23902209977379038,0.9224041145799563,1.9210435657390388,2.6039186644988055,2.8848743473503315,2.76094839583651,2.3079463189603606,1.6685859262906702,1.0542247552333635,0.7761780221582836,0.8926626485809966,1.004757691250166,0.9289556207380972,0.6767896954140371,0.39281360634605283,0.4642562299713352,0.7862204628211433,1.0621268182086452,1.2323719009100418,1.3100528971332506,0,Mammalian
10.190000000000001,9.771272618232278,8.574481280326802,6.768479763603356,4.605837164415844,2.3906645284454995,0.5926005727892371,1.3451304242192905,2.2498980987367183,2.5147518906542428,2.1657749435548963,1.3393752433329826,0.23902209977379038,0.9224041145799563,1.9210435657390388,2.6039186644988055,2.8848743473503315,2.76094839583651,2.3079463189603606,1.6685859262906702,1.0542247552333635,0.7761780221582836,0.8926626485809966,1.004757691250166,0.9289556207380972,0.6767896954140371,0.39281360634605283,0.4642562299713352,0.7862204628211433,1.0621268182086452,1.2323719009100418,1.3100528971332506,1,Yeast
10.200000000000001,9.8046154980671,8.672519498701945,6.957265161342961,4.887578219796788,2.731951795120378,0.7667214591640941,0.8575523687262256,1.8830384800085505,2.3193222735594463,2.207294227724001,1.694983146918746,1.0754127895217198,0.9704682326364041,1.4664496777572085,1.9242007307305835,2.106418761785035,1.980513260554341,1.6225643392171112,1.2164940596478668,1.0632087288499346,1.2668971885541755,1.5433815842511023,1.686052026650951,1.6405383515197345,1.4381498706734372,1.1603601741594338,0.9085015336277774,0.7519665394141445,0.6676850455603629,0.5821888012269981,0.47675477099978947,0,Mammalian
11.530000000000001,10.894154297477776,9.116623635274093,6.558314889342951,3.738581489811773,1.3512691729606388,1.3695572838479875,2.2777358138972317,2.405728816932558,1.8340175473504823,0.8840595136497523,0.25148012380642465,0.8588396917526798,1.1086373426370753,0.9634490315799725,0.7539738074229195,0.9533624704172071,1.2708774930493763,1.3100280303963117,0.9931713748905489,0.6970577251183444,1.2234964932022567,1.9968363413899815,2.5189876610340027,2.6046629070534792,2.23871843339283,1.569842473131415,0.9582907692392932,0.9707282605136138,1.3047170586511159,1.453326141554816,1.3957269610200917,0,Mammalian
11.530000000000001,10.894154297477776,9.116623635274093,6.558314889342951,3.738581489811773,1.3512691729606388,1.3695572838479875,2.2777358138972317,2.405728816932558,1.8340175473504823,0.8840595136497523,0.25148012380642465,0.8588396917526798,1.1086373426370753,0.9634490315799725,0.7539738074229195,0.9533624704172071,1.2708774930493763,1.3100280303963117,0.9931713748905489,0.6970577251183444,1.2234964932022567,1.9968363413899815,2.5189876610340027,2.6046629070534792,2.23871843339283,1.569842473131415,0.9582907692392932,0.9707282605136138,1.3047170586511159,1.453326141554816,1.3957269610200917,0,E_coli
11.530000000000001,10.894154297477776,9.116623635274093,6.558314889342951,3.738581489811773,1.3512691729606388,1.3695572838479875,2.2777358138972317,2.405728816932558,1.8340175473504823,0.8840595136497523,0.25148012380642465,0.8588396917526798,1.1086373426370753,0.9634490315799725,0.7539738074229195,0.9533624704172071,1.2708774930493763,1.3100280303963117,0.9931713748905489,0.6970577251183444,1.2234964932022567,1.9968363413899815,2.5189876610340027,2.6046629070534792,2.23871843339283,1.569842473131415,0.9582907692392932,0.9707282605136138,1.3047170586511159,1.453326141554816,1.3957269610200917,1,Yeast
18.96,16.038414917795922,8.873521671299828,1.2443673556653718,3.295956341181765,3.4767142592052505,1.339833244675144,2.7129311236049776,3.285496232174823,1.7438931504365471,1.5139783628980512,2.4888519276548857,1.5833972783996402,0.574305665955457,2.3615048177877886,2.6445613212257744,1.5864425612041553,0.7969262970930806,1.0733628346478126,0.8262261752607546,0.9729091579345227,1.1897993330634744,0.627408365125784,0.4942362082900071,1.1249508915348445,0.8853560633056163,0.480723582096882,1.4673407490216968,2.131237346282076,2.2069193159028666,1.8327521228633652,1.0882602960149619,0,Mammalian
18.96,16.038414917795922,8.873521671299828,1.2443673556653718,3.295956341181765,3.4767142592052505,1.339833244675144,2.7129311236049776,3.285496232174823,1.7438931504365471,1.5139783628980512,2.4888519276548857,1.5833972783996402,0.574305665955457,2.3615048177877886,2.6445613212257744,1.5864425612041553,0.7969262970930806,1.0733628346478126,0.8262261752607546,0.9729091579345227,1.1897993330634744,0.627408365125784,0.4942362082900071,1.1249508915348445,0.8853560633056163,0.480723582096882,1.4673407490216968,2.131237346282076,2.2069193159028666,1.8327521228633652,1.0882602960149619,0,E_coli
18.96,16.038414917795922,8.873521671299828,1.2443673556653718,3.295956341181765,3.4767142592052505,1.339833244675144,2.7129311236049776,3.285496232174823,1.7438931504365471,1.5139783628980512,2.4888519276548857,1.5833972783996402,0.574305665955457,2.3615048177877886,2.6445613212257744,1.5864425612041553,0.7969262970930806,1.0733628346478126,0.8262261752607546,0.9729091579345227,1.1897993330634744,0.627408365125784,0.4942362082900071,1.1249508915348445,0.8853560633056163,0.480723582096882,1.4673407490216968,2.131237346282076,2.2069193159028666,1.8327521228633652,1.0882602960149619,1,Yeast
24.39,19.723350859312195,8.905497292863089,1.1130471520055714,5.092108173509771,3.1156369890049387,0.7433281530193699,1.9266878304472967,0.3373656550058682,2.094550133734603,2.35103505461214,1.585709860166926,2.7259162602140212,2.756379897714636,1.3935467953892495,0.8083728301596189,0.3905124837953333,0.8974984600524792,1.7825235102737274,1.538711159828654,0.5759163902021525,0.5768105158988724,1.6823208652533286,2.0300795618179093,1.1334833103413844,1.475982725542735,2.4335331379035186,1.7281029553843101,0.5288999934508545,1.1296476642764683,0.3331150449355975,1.7486242262286915,0,E_coli
24.39,19.723350859312195,8.905497292863089,1.1130471520055714,5.092108173509771,3.1156369890049387,0.7433281530193699,1.9266878304472967,0.3373656550058682,2.094550133734603,2.35103505461214,1.585709860166926,2.7259162602140212,2.756379897714636,1.3935467953892495,0.8083728301596189,0.3905124837953333,0.8974984600524792,1.7825235102737274,1.538711159828654,0.5759163902021525,0.5768105158988724,1.6823208652533286,2.0300795618179093,1.1334833103413844,1.475982725542735,2.4335331379035186,1.7281029553843101,0.5288999934508545,1.1296476642764683,0.3331150449355975,1.7486242262286915,1,Yeast
24.39,19.723350859312195,8.905497292863089,1.1130471520055714,5.092108173509771,3.1156369890049387,0.7433281530193699,1.9266878304472967,0.3373656550058682,2.094550133734603,2.35103505461214,1.585709860166926,2.7259162602140212,2.756379897714636,1.3935467953892495,0.8083728301596189,0.3905124837953333,0.8974984600524792,1.7825235102737274,1.538711159828654,0.5759163902021525,0.5768105158988724,1.6823208652533286,2.0300795618179093,1.1334833103413844,1.475982725542735,2.4335331379035186,1.7281029553843101,0.5288999934508545,1.1296476642764683,0.3331150449355975,1.7486242262286915,0,Mammalian
41.55,22.13870941021248,4.965145326030426,4.224608683614777,6.251942482842957,2.3878874073416667,4.879035469699945,0.5360893693375154,3.226496633758705,2.808152763650789,2.402559424727008,1.9490290039605134,0.6144935706363278,3.3908575981818494,1.3813190332419927,2.240609546290975,1.135649593844861,0.5590131735846681,1.9022367010410723,0.5575434446374725,1.6381097097053128,1.6331681064510362,1.1165704211872016,1.1424655768404333,0.8937110675960936,1.3168930754773296,1.2180222500153144,0.6240688950176526,2.0730193973620312,0.5447347560943104,2.277630027479602,1.6907765241220059,0,E_coli
41.55,22.13870941021248,4.965145326030426,4.224608683614777,6.251942482842957,2.3878874073416667,4.879035469699945,0.5360893693375154,3.226496633758705,2.808152763650789,2.402559424727008,1.9490290039605134,0.6144935706363278,3.3908575981818494,1.3813190332419927,2.240609546290975,1.135649593844861,0.5590131735846681,1.9022367010410723,0.5575434446374725,1.6381097097053128,1.6331681064510362,1.1165704211872016,1.1424655768404333,0.8937110675960936,1.3168930754773296,1.2180222500153144,0.6240688950176526,2.0730193973620312,0.5447347560943104,2.277630027479602,1.6907765241220059,1,Yeast
41.55,22.13870941021248,4.965145326030426,4.224608683614777,6.251942482842957,2.3878874073416667,4.879035469699945,0.5360893693375154,3.226496633758705,2.808152763650789,2.402559424727008,1.9490290039605134,0.6144935706363278,3.3908575981818494,1.3813190332419927,2.240609546290975,1.135649593844861,0.5590131735846681,1.9022367010410723,0.5575434446374725,1.6381097097053128,1.6331681064510362,1.1165704211872016,1.1424655768404333,0.8937110675960936,1.3168930754773296,1.2180222500153144,0.6240688950176526,2.0730193973620312,0.5447347560943104,2.277630027479602,1.6907765241220059,0,Mammalian
30.889999999999997,22.654977203549546,5.607232147278065,5.933804816050494,5.371769952125863,0.7474518575274117,3.1302209948959163,0.5979373786022729,2.1291218535375696,0.3330907414326346,2.772046110752923,2.7541884584096223,0.22226158256127046,1.856139902266359,0.6305664210310995,1.4166762238227122,0.975141015443408,0.8357416278201797,1.1816816202572138,0.7085090622018362,1.472465282103052,0.3091997903222314,1.7459537584185731,1.607898602960646,0.21872387338547608,0.4417808177870436,1.1439445305022673,2.377878324558213,1.5747169153077134,1.2775366950741784,0.9821789302953697,1.1343973488858996,0,E_coli
30.889999999999997,22.654977203549546,5.607232147278065,5.933804816050494,5.371769952125863,0.7474518575274117,3.1302209948959163,0.5979373786022729,2.1291218535375696,0.3330907414326346,2.772046110752923,2.7541884584096223,0.22226158256127046,1.856139902266359,0.6305664210310995,1.4166762238227122,0.975141015443408,0.8357416278201797,1.1816816202572138,0.7085090622018362,1.472465282103052,0.3091997903222314,1.7459537584185731,1.607898602960646,0.21872387338547608,0.4417808177870436,1.1439445305022673,2.377878324558213,1.5747169153077134,1.2775366950741784,0.9821789302953697,1.1343973488858996,1,Yeast
30.889999999999997,22.654977203549546,5.607232147278065,5.933804816050494,5.371769952125863,0.7474518575274117,3.1302209948959163,0.5979373786022729,2.1291218535375696,0.3330907414326346,2.772046110752923,2.7541884584096223,0.22226158256127046,1.856139902266359,0.6305664210310995,1.4166762238227122,0.975141015443408,0.8357416278201797,1.1816816202572138,0.7085090622018362,1.472465282103052,0.3091997903222314,1.7459537584185731,1.607898602960646,0.21872387338547608,0.4417808177870436,1.1439445305022673,2.377878324558213,1.5747169153077134,1.2775366950741784,0.9821789302953697,1.1343973488858996,0,Mammalian
25.76,21.383893656932635,11.130102461117414,2.3000674173445015,3.9745047856175777,2.3504666088652044,2.1737518037928676,3.92758265500341,2.2475313947994837,1.702752828060443,3.513131691702966,2.590272187348606,0.8882997347656715,2.0816853848767667,1.6558240077134365,0.027519869007949626,1.10145358504115,0.6208087197824912,0.728542663092856,1.460848193754008,0.9489065162338812,0.8659711692625329,1.4100842613714433,0.9437475620333242,0.49416862444988113,0.7967330004475248,0.3666482931045295,0.6405421670506993,0.9492163682570436,0.9173138375742265,1.296391864297635,1.3877124030597128,1,Yeast
25.76,21.383893656932635,11.130102461117414,2.3000674173445015,3.9745047856175777,2.3504666088652044,2.1737518037928676,3.92758265500341,2.2475313947994837,1.702752828060443,3.513131691702966,2.590272187348606,0.8882997347656715,2.0816853848767667,1.6558240077134365,0.027519869007949626,1.10145358504115,0.6208087197824912,0.728542663092856,1.460848193754008,0.9489065162338812,0.8659711692625329,1.4100842613714433,0.9437475620333242,0.49416862444988113,0.7967330004475248,0.3666482931045295,0.6405421670506993,0.9492163682570436,0.9173138375742265,1.296391864297635,1.3877124030597128,0,Mammalian
25.76,21.383893656932635,11.130102461117414,2.3000674173445015,3.9745047856175777,2.3504666088652044,2.1737518037928676,3.92758265500341,2.2475313947994837,1.702752828060443,3.513131691702966,2.590272187348606,0.8882997347656715,2.0816853848767667,1.6558240077134365,0.027519869007949626,1.10145358504115,0.6208087197824912,0.728542663092856,1.460848193754008,0.9489065162338812,0.8659711692625329,1.4100842613714433,0.9437475620333242,0.49416862444988113,0.7967330004475248,0.3666482931045295,0.6405421670506993,0.9492163682570436,0.9173138375742265,1.296391864297635,1.3877124030597128,0,E_coli
6.510000000000001,6.420817691005633,6.157550590373728,5.7328031416102325,5.166813016627918,4.486343782268926,3.723226635631486,2.912638118459972,2.091222578749707,1.2952159122582452,0.5591733225464793,0.10854631922371671,0.632540673961423,1.0393328203185277,1.3078367359563492,1.4357463882271932,1.4287407042567244,1.299608974615288,1.0672997082478821,0.7560159535066462,0.39681343316301476,0.12433197868745235,0.432125940730995,0.7955533368300219,1.1200839817296848,1.3869351355369304,1.5871250075742542,1.7195969860187108,1.790998226199602,1.8149546095776043,1.810142295125314,1.7965549672247267,1,Yeast
6.510000000000001,6.420817691005633,6.157550590373728,5.7328031416102325,5.166813016627918,4.486343782268926,3.723226635631486,2.912638118459972,2.091222578749707,1.2952159122582452,0.5591733225464793,0.10854631922371671,0.632540673961423,1.0393328203185277,1.3078367359563492,1.4357463882271932,1.4287407042567244,1.299608974615288,1.0672997082478821,0.7560159535066462,0.39681343316301476,0.12433197868745235,0.432125940730995,0.7955533368300219,1.1200839817296848,1.3869351355369304,1.5871250075742542,1.7195969860187108,1.790998226199602,1.8149546095776043,1.810142295125314,1.7965549672247267,0,E_coli
6.510000000000001,6.420817691005633,6.157550590373728,5.7328031416102325,5.166813016627918,4.486343782268926,3.723226635631486,2.912638118459972,2.091222578749707,1.2952159122582452,0.5591733225464793,0.10854631922371671,0.632540673961423,1.0393328203185277,1.3078367359563492,1.4357463882271932,1.4287407042567244,1.299608974615288,1.0672997082478821,0.7560159535066462,0.39681343316301476,0.12433197868745235,0.432125940730995,0.7955533368300219,1.1200839817296848,1.3869351355369304,1.5871250075742542,1.7195969860187108,1.790998226199602,1.8149546095776043,1.810142295125314,1.7965549672247267,0,Mammalian
20.47,17.05922292718647,8.719011144219092,0.7224366581186032,5.392279554161537,5.41831093125893,2.05959916441286,1.429567968391242,2.4913299424032807,1.0873674686235149,1.2420627609021133,2.1248445529508784,1.2081340201363406,0.8719503063363873,1.7646780408934102,1.216181636192597,0.7454528824815156,1.5938812668482716,1.2758104601357716,0.66860825396067,1.2758540024394212,0.7564497885227055,1.381763397815629,3.222898642402965,3.63734451462669,2.190513950104081,0.4431715502469466,1.9687093690631978,2.0328133125351084,0.8121061562653423,0.9626650602462195,1.723381034547708,0,E_coli
20.47,17.05922292718647,8.719011144219092,0.7224366581186032,5.392279554161537,5.41831093125893,2.05959916441286,1.429567968391242,2.4913299424032807,1.0873674686235149,1.2420627609021133,2.1248445529508784,1.2081340201363406,0.8719503063363873,1.7646780408934102,1.216181636192597,0.7454528824815156,1.5938812668482716,1.2758104601357716,0.66860825396067,1.2758540024394212,0.7564497885227055,1.381763397815629,3.222898642402965,3.63734451462669,2.190513950104081,0.4431715502469466,1.9687093690631978,2.0328133125351084,0.8121061562653423,0.9626650602462195,1.723381034547708,1,Yeast
20.47,17.05922292718647,8.719011144219092,0.7224366581186032,5.392279554161537,5.41831093125893,2.05959916441286,1.429567968391242,2.4913299424032807,1.0873674686235149,1.2420627609021133,2.1248445529508784,1.2081340201363406,0.8719503063363873,1.7646780408934102,1.216181636192597,0.7454528824815156,1.5938812668482716,1.2758104601357716,0.66860825396067,1.2758540024394212,0.7564497885227055,1.381763397815629,3.222898642402965,3.63734451462669,2.190513950104081,0.4431715502469466,1.9687093690631978,2.0328133125351084,0.8121061562653423,0.9626650602462195,1.723381034547708,0,Mammalian
21.98,18.653384188501576,10.464868941164815,1.7852358590366662,3.938389414007313,4.368105699703321,1.3201246987434265,2.268298276389737,3.8125859167259026,2.964927356290732,1.0862845573699202,0.35889587433786196,0.7287537894286348,1.247141312401223,1.3111915020817173,0.34452470473179003,1.1314592347937253,1.9151882123514046,1.7217487502600914,1.911974656960246,2.4940226027904306,1.9055579099260276,0.2825440906600559,1.790328316996053,2.419377735613709,1.6230562023817834,1.0351700382019433,1.5223918522211637,0.980335654150652,0.6266362444351472,1.700565964354159,1.6959736992072703,0,Mammalian
21.98,18.653384188501576,10.464868941164815,1.7852358590366662,3.938389414007313,4.368105699703321,1.3201246987434265,2.268298276389737,3.8125859167259026,2.964927356290732,1.0862845573699202,0.35889587433786196,0.7287537894286348,1.247141312401223,1.3111915020817173,0.34452470473179003,1.1314592347937253,1.9151882123514046,1.7217487502600914,1.911974656960246,2.4940226027904306,1.9055579099260276,0.2825440906600559,1.790328316996053,2.419377735613709,1.6230562023817834,1.0351700382019433,1.5223918522211637,0.980335654150652,0.6266362444351472,1.700565964354159,1.6959736992072703,1,Yeast
21.98,18.653384188501576,10.464868941164815,1.7852358590366662,3.938389414007313,4.368105699703321,1.3201246987434265,2.268298276389737,3.8125859167259026,2.964927356290732,1.0862845573699202,0.35889587433786196,0.7287537894286348,1.247141312401223,1.3111915020817173,0.34452470473179003,1.1314592347937253,1.9151882123514046,1.7217487502600914,1.911974656960246,2.4940226027904306,1.9055579099260276,0.2825440906600559,1.790328316996053,2.419377735613709,1.6230562023817834,1.0351700382019433,1.5223918522211637,0.980335654150652,0.6266362444351472,1.700565964354159,1.6959736992072703,0,E_coli
15.38,14.1494656940832,10.840166410793541,6.465385661104555,2.37304641494957,1.2844387307550487,2.230792134890786,1.7479210526761315,0.3905722404828998,1.3222544201783237,2.260649788549724,2.303191382577946,1.6720030746339778,1.11674726742904,1.2119268496404831,1.1849963509127044,0.6592419889539802,0.3514216579769542,0.9988786022919779,1.2503054543699492,1.017410531888379,0.8244873560843335,1.2133905054909186,1.5228341740365008,1.3878952860227494,0.9811482769309811,0.8801977080893485,1.0209713911260248,0.7768733748250893,0.08314072013820027,1.0248080286597412,1.8985517436189654,1,Yeast
15.38,14.1494656940832,10.840166410793541,6.465385661104555,2.37304641494957,1.2844387307550487,2.230792134890786,1.7479210526761315,0.3905722404828998,1.3222544201783237,2.260649788549724,2.303191382577946,1.6720030746339778,1.11674726742904,1.2119268496404831,1.1849963509127044,0.6592419889539802,0.3514216579769542,0.9988786022919779,1.2503054543699492,1.017410531888379,0.8244873560843335,1.2133905054909186,1.5228341740365008,1.3878952860227494,0.9811482769309811,0.8801977080893485,1.0209713911260248,0.7768733748250893,0.08314072013820027,1.0248080286597412,1.8985517436189654,0,Mammalian
15.38,14.1494656940832,10.840166410793541,6.465385661104555,2.37304641494957,1.2844387307550487,2.230792134890786,1.7479210526761315,0.3905722404828998,1.3222544201783237,2.260649788549724,2.303191382577946,1.6720030746339778,1.11674726742904,1.2119268496404831,1.1849963509127044,0.6592419889539802,0.3514216579769542,0.9988786022919779,1.2503054543699492,1.017410531888379,0.8244873560843335,1.2133905054909186,1.5228341740365008,1.3878952860227494,0.9811482769309811,0.8801977080893485,1.0209713911260248,0.7768733748250893,0.08314072013820027,1.0248080286597412,1.8985517436189654,0,E_coli
16.26,14.921037829543378,11.322983721427589,6.587465945649295,2.3514622445461413,2.1503356540793876,3.1940533615385878,2.6729162192632825,1.1153981420360908,0.5657780170100725,1.5257828451507396,1.440387382887393,0.500365716987004,0.9050757836130099,1.932363699200447,2.297240854608909,2.0310588371585894,1.67443182413082,1.7646251816972462,1.8966438754286912,1.5916007296878882,0.8853381861316744,0.2708318799455229,0.5359173672868572,0.5461565569893282,0.5048294702201009,1.037033539514538,1.5119602585629017,1.535143830067752,1.0796037451064542,0.5608293057901895,0.7950897761828553,0,E_coli
16.26,14.921037829543378,11.322983721427589,6.587465945649295,2.3514622445461413,2.1503356540793876,3.1940533615385878,2.6729162192632825,1.1153981420360908,0.5657780170100725,1.5257828451507396,1.440387382887393,0.500365716987004,0.9050757836130099,1.932363699200447,2.297240854608909,2.0310588371585894,1.67443182413082,1.7646251816972462,1.8966438754286912,1.5916007296878882,0.8853381861316744,0.2708318799455229,0.5359173672868572,0.5461565569893282,0.5048294702201009,1.037033539514538,1.5119602585629017,1.535143830067752,1.0796037451064542,0.5608293057901895,0.7950897761828553,0,Mammalian
16.26,14.921037829543378,11.322983721427589,6.587465945649295,2.3514622445461413,2.1503356540793876,3.1940533615385878,2.6729162192632825,1.1153981420360908,0.5657780170100725,1.5257828451507396,1.440387382887393,0.500365716987004,0.9050757836130099,1.932363699200447,2.297240854608909,2.0310588371585894,1.67443182413082,1.7646251816972462,1.8966438754286912,1.5916007296878882,0.8853381861316744,0.2708318799455229,0.5359173672868572,0.5461565569893282,0.5048294702201009,1.037033539514538,1.5119602585629017,1.535143830067752,1.0796037451064542,0.5608293057901895,0.7950897761828553,1,Yeast
21.0,17.7001616806251,9.652577430604493,1.4773929637024161,3.9300433851320715,3.816539336387977,0.6047634890441199,2.581881467619454,3.12793859791865,1.245111716822002,1.992490321784437,3.115080051862577,2.010161926303296,0.5132829555428737,2.1514480255695734,2.219616111103433,1.2133424908079327,1.2946905426729585,1.4989047611221906,1.1194493363763918,1.2693332881388608,1.395784765565924,1.4762241548195323,1.8750313373972203,1.4514820452388337,0.4197982403941868,2.5265106861243067,3.9080516309448288,3.724459829913979,2.3646892779464044,1.0367517996532836,0.5365804333819738,0,Mammalian
21.0,17.7001616806251,9.652577430604493,1.4773929637024161,3.9300433851320715,3.816539336387977,0.6047634890441199,2.581881467619454,3.12793859791865,1.245111716822002,1.992490321784437,3.115080051862577,2.010161926303296,0.5132829555428737,2.1514480255695734,2.219616111103433,1.2133424908079327,1.2946905426729585,1.4989047611221906,1.1194493363763918,1.2693332881388608,1.395784765565924,1.4762241548195323,1.8750313373972203,1.4514820452388337,0.4197982403941868,2.5265106861243067,3.9080516309448288,3.724459829913979,2.3646892779464044,1.0367517996532836,0.5365804333819738,0,E_coli
21.0,17.7001616806251,9.652577430604493,1.4773929637024161,3.9300433851320715,3.816539336387977,0.6047634890441199,2.581881467619454,3.12793859791865,1.245111716822002,1.992490321784437,3.115080051862577,2.010161926303296,0.5132829555428737,2.1514480255695734,2.219616111103433,1.2133424908079327,1.2946905426729585,1.4989047611221906,1.1194493363763918,1.2693332881388608,1.395784765565924,1.4762241548195323,1.8750313373972203,1.4514820452388337,0.4197982403941868,2.5265106861243067,3.9080516309448288,3.724459829913979,2.3646892779464044,1.0367517996532836,0.5365804333819738,1,Yeast
17.72,15.431072040942068,9.587272641732461,2.7213210675472927,2.465340356631259,4.365815618500036,3.2435164334237276,0.9817327280785673,1.5180868874942228,1.5831153784060201,0.5913590952449544,2.1653080568208103,3.1721495250199063,2.575283182077156,0.8161474667045913,1.2954998851650699,2.1927608168699106,1.6893248951679505,0.26784206647985964,1.392581917753558,2.260809882553937,2.2722256269652235,1.773301827900505,1.0907035204345275,0.30035346180476047,0.9226042488183208,1.6583362273294489,1.699225230735796,1.0089117859494448,0.12630616263363018,0.7048293296795646,0.791202090485638,0,Mammalian
17.72,15.431072040942068,9.587272641732461,2.7213210675472927,2.465340356631259,4.365815618500036,3.2435164334237276,0.9817327280785673,1.5180868874942228,1.5831153784060201,0.5913590952449544,2.1653080568208103,3.1721495250199063,2.575283182077156,0.8161474667045913,1.2954998851650699,2.1927608168699106,1.6893248951679505,0.26784206647985964,1.392581917753558,2.260809882553937,2.2722256269652235,1.773301827900505,1.0907035204345275,0.30035346180476047,0.9226042488183208,1.6583362273294489,1.699225230735796,1.0089117859494448,0.12630616263363018,0.7048293296795646,0.791202090485638,1,Yeast
17.72,15.431072040942068,9.587272641732461,2.7213210675472927,2.465340356631259,4.365815618500036,3.2435164334237276,0.9817327280785673,1.5180868874942228,1.5831153784060201,0.5913590952449544,2.1653080568208103,3.1721495250199063,2.575283182077156,0.8161474667045913,1.2954998851650699,2.1927608168699106,1.6893248951679505,0.26784206647985964,1.392581917753558,2.260809882553937,2.2722256269652235,1.773301827900505,1.0907035204345275,0.30035346180476047,0.9226042488183208,1.6583362273294489,1.699225230735796,1.0089117859494448,0.12630616263363018,0.7048293296795646,0.791202090485638,0,E_coli
20.17,17.6947287196915,11.36954138728553,3.9322803157749044,1.961081263419643,4.174477429284846,3.325761566975086,1.5290839550323951,1.7895063765371744,1.6058171824869172,0.25905802592106025,1.865003824286429,2.6305950144734704,1.8104854678894688,0.20319776162963907,1.7189022097678264,2.176809592040608,1.262285210625924,0.3442934699646818,1.565648477952676,1.7817134436739925,1.1349360570971858,0.4901765902208841,0.3294779536501158,0.4926123509746719,1.4229484517272426,1.8635596471497209,1.2577431080615262,0.6951455622552013,2.16635243224317,2.9173914049646745,2.4433950587726607,1,Yeast
20.17,17.6947287196915,11.36954138728553,3.9322803157749044,1.961081263419643,4.174477429284846,3.325761566975086,1.5290839550323951,1.7895063765371744,1.6058171824869172,0.25905802592106025,1.865003824286429,2.6305950144734704,1.8104854678894688,0.20319776162963907,1.7189022097678264,2.176809592040608,1.262285210625924,0.3442934699646818,1.565648477952676,1.7817134436739925,1.1349360570971858,0.4901765902208841,0.3294779536501158,0.4926123509746719,1.4229484517272426,1.8635596471497209,1.2577431080615262,0.6951455622552013,2.16635243224317,2.9173914049646745,2.4433950587726607,0,E_coli
20.17,17.6947287196915,11.36954138728553,3.9322803157749044,1.961081263419643,4.174477429284846,3.325761566975086,1.5290839550323951,1.7895063765371744,1.6058171824869172,0.25905802592106025,1.865003824286429,2.6305950144734704,1.8104854678894688,0.20319776162963907,1.7189022097678264,2.176809592040608,1.262285210625924,0.3442934699646818,1.565648477952676,1.7817134436739925,1.1349360570971858,0.4901765902208841,0.3294779536501158,0.4926123509746719,1.4229484517272426,1.8635596471497209,1.2577431080615262,0.6951455622552013,2.16635243224317,2.9173914049646745,2.4433950587726607,0,Mammalian
19.67,16.984438274210664,10.169009318690039,2.285056397806531,3.4230084816449162,5.108982331167718,3.168159570480686,0.41685569308387954,2.8914347330619465,3.1263188810992353,1.3597904396481073,1.2270280062209589,2.412714965789768,1.815879582920494,0.26410700146017096,1.9363690972530305,2.549999999999999,1.717981639562018,0.4775533454611061,1.177132064107934,1.1905044660932083,0.8058783552562128,1.6460854456962069,2.077933057031548,1.45224143462545,0.24250787536406412,0.6728527291020017,0.5011395817909023,0.6735863305124025,2.0435604773783753,2.59338515786493,1.7977364452406681,0,E_coli
19.67,16.984438274210664,10.169009318690039,2.285056397806531,3.4230084816449162,5.108982331167718,3.168159570480686,0.41685569308387954,2.8914347330619465,3.1263188810992353,1.3597904396481073,1.2270280062209589,2.412714965789768,1.815879582920494,0.26410700146017096,1.9363690972530305,2.549999999999999,1.717981639562018,0.4775533454611061,1.177132064107934,1.1905044660932083,0.8058783552562128,1.6460854456962069,2.077933057031548,1.45224143462545,0.24250787536406412,0.6728527291020017,0.5011395817909023,0.6735863305124025,2.0435604773783753,2.59338515786493,1.7977364452406681,1,Yeast
19.67,16.984438274210664,10.169009318690039,2.285056397806531,3.4230084816449162,5.108982331167718,3.168159570480686,0.41685569308387954,2.8914347330619465,3.1263188810992353,1.3597904396481073,1.2270280062209589,2.412714965789768,1.815879582920494,0.26410700146017096,1.9363690972530305,2.549999999999999,1.717981639562018,0.4775533454611061,1.177132064107934,1.1905044660932083,0.8058783552562128,1.6460854456962069,2.077933057031548,1.45224143462545,0.24250787536406412,0.6728527291020017,0.5011395817909023,0.6735863305124025,2.0435604773783753,2.59338515786493,1.7977364452406681,0,Mammalian
17.369999999999997,15.79123937946742,11.535648366585082,5.8751659338918625,0.5330784598861862,3.4844066583962574,5.012913721626258,4.32985122109166,2.2838227518259777,0.7580024355063228,1.9529363579910775,2.255618533895511,1.437056086855811,0.5868322831283169,1.60255889214209,2.2123649070339466,1.9882907232092597,1.2591298515360165,0.983020987584496,1.3424244126177336,1.3610568067535813,0.9779279152155872,0.9090572130702598,1.3461721381113843,1.5261564920551294,1.2126275989190134,0.5390577862342809,0.32849343603836456,0.9745878757843128,1.4829254663387081,1.898330525835915,2.2214621737366613,1,Yeast
17.369999999999997,15.79123937946742,11.535648366585082,5.8751659338918625,0.5330784598861862,3.4844066583962574,5.012913721626258,4.32985122109166,2.2838227518259777,0.7580024355063228,1.9529363579910775,2.255618533895511,1.437056086855811,0.5868322831283169,1.60255889214209,2.2123649070339466,1.9882907232092597,1.2591298515360165,0.983020987584496,1.3424244126177336,1.3610568067535813,0.9779279152155872,0.9090572130702598,1.3461721381113843,1.5261564920551294,1.2126275989190134,0.5390577862342809,0.32849343603836456,0.9745878757843128,1.4829254663387081,1.898330525835915,2.2214621737366613,0,Mammalian
17.369999999999997,15.79123937946742,11.535648366585082,5.8751659338918625,0.5330784598861862,3.4844066583962574,5.012913721626258,4.32985122109166,2.2838227518259777,0.7580024355063228,1.9529363579910775,2.255618533895511,1.437056086855811,0.5868322831283169,1.60255889214209,2.2123649070339466,1.9882907232092597,1.2591298515360165,0.983020987584496,1.3424244126177336,1.3610568067535813,0.9779279152155872,0.9090572130702598,1.3461721381113843,1.5261564920551294,1.2126275989190134,0.5390577862342809,0.32849343603836456,0.9745878757843128,1.4829254663387081,1.898330525835915,2.2214621737366613,0,E_coli
20.27,17.729226641949406,11.265229457081805,3.751960490103448,1.9995624350611958,3.8628965825536095,2.440170862059838,0.5079766171634261,2.572315296852676,2.7370257960657187,1.4103139379152552,1.2646622572130384,1.7594417887748957,1.0189725671240621,1.618225097643698,2.9710442609587426,2.8939419482774698,1.2259065943926941,1.1358134464935772,2.765667445268447,2.8259150554715706,1.4254147596240108,0.5666792720693351,1.8051111635926556,1.868527231157665,1.168826367059389,1.1044754305571198,1.264135353817188,0.6857978998683544,0.38601870346777856,1.0814203686798083,1.0749950359534521,1,Yeast
20.27,17.729226641949406,11.265229457081805,3.751960490103448,1.9995624350611958,3.8628965825536095,2.440170862059838,0.5079766171634261,2.572315296852676,2.7370257960657187,1.4103139379152552,1.2646622572130384,1.7594417887748957,1.0189725671240621,1.618225097643698,2.9710442609587426,2.8939419482774698,1.2259065943926941,1.1358134464935772,2.765667445268447,2.8259150554715706,1.4254147596240108,0.5666792720693351,1.8051111635926556,1.868527231157665,1.168826367059389,1.1044754305571198,1.264135353817188,0.6857978998683544,0.38601870346777856,1.0814203686798083,1.0749950359534521,0,E_coli
20.27,17.729226641949406,11.265229457081805,3.751960490103448,1.9995624350611958,3.8628965825536095,2.440170862059838,0.5079766171634261,2.572315296852676,2.7370257960657187,1.4103139379152552,1.2646622572130384,1.7594417887748957,1.0189725671240621,1.618225097643698,2.9710442609587426,2.8939419482774698,1.2259065943926941,1.1358134464935772,2.765667445268447,2.8259150554715706,1.4254147596240108,0.5666792720693351,1.8051111635926556,1.868527231157665,1.168826367059389,1.1044754305571198,1.264135353817188,0.6857978998683544,0.38601870346777856,1.0814203686798083,1.0749950359534521,0,Mammalian
25.71,21.403887918611584,11.022163424305752,0.4100927858674377,5.238838253752781,4.596616551984196,0.422143061557975,3.076060010090448,3.5029398547117765,1.9433293787099655,2.091615073264642,2.0007732646298235,0.36877328210890264,1.2554676989402274,1.434248067530133,0.3094554082038227,0.6747592163134934,0.30073304417590635,1.3389823009603725,2.672676896019034,2.437787545364522,0.6927801279909516,1.1631750258406808,1.6668975732407048,0.6010094627140627,0.8806163622964982,1.4761118494067755,1.5117548325850325,2.291412643127546,2.3797912931965937,0.9684170664385878,0.997579074121483,0,E_coli
25.71,21.403887918611584,11.022163424305752,0.4100927858674377,5.238838253752781,4.596616551984196,0.422143061557975,3.076060010090448,3.5029398547117765,1.9433293787099655,2.091615073264642,2.0007732646298235,0.36877328210890264,1.2554676989402274,1.434248067530133,0.3094554082038227,0.6747592163134934,0.30073304417590635,1.3389823009603725,2.672676896019034,2.437787545364522,0.6927801279909516,1.1631750258406808,1.6668975732407048,0.6010094627140627,0.8806163622964982,1.4761118494067755,1.5117548325850325,2.291412643127546,2.3797912931965937,0.9684170664385878,0.997579074121483,0,Mammalian
25.71,21.403887918611584,11.022163424305752,0.4100927858674377,5.238838253752781,4.596616551984196,0.422143061557975,3.076060010090448,3.5029398547117765,1.9433293787099655,2.091615073264642,2.0007732646298235,0.36877328210890264,1.2554676989402274,1.434248067530133,0.3094554082038227,0.6747592163134934,0.30073304417590635,1.3389823009603725,2.672676896019034,2.437787545364522,0.6927801279909516,1.1631750258406808,1.6668975732407048,0.6010094627140627,0.8806163622964982,1.4761118494067755,1.5117548325850325,2.291412643127546,2.3797912931965937,0.9684170664385878,0.997579074121483,1,Yeast
20.799999999999997,17.469513745692826,9.312669242183082,0.6549549620740165,4.480525800146286,4.677882843258944,1.998346287902643,2.291937708840198,2.7368464865055513,0.8442134172967789,1.7120712389056827,2.8306148549468952,1.9770363391506136,1.5073914047776054,2.558537459303966,2.2687738578962717,0.7382411530116706,0.7119492227713905,0.9987774956185378,0.33615975534892995,1.0313737586106906,1.241664504616996,0.6338959833413119,0.8823385262602473,1.5122404932094025,2.319970419020056,3.394481261378392,3.6702147729064496,2.564933534801766,0.8358974220481189,1.2812564943343578,1.6112497929674268,0,E_coli
20.799999999999997,17.469513745692826,9.312669242183082,0.6549549620740165,4.480525800146286,4.677882843258944,1.998346287902643,2.291937708840198,2.7368464865055513,0.8442134172967789,1.7120712389056827,2.8306148549468952,1.9770363391506136,1.5073914047776054,2.558537459303966,2.2687738578962717,0.7382411530116706,0.7119492227713905,0.9987774956185378,0.33615975534892995,1.0313737586106906,1.241664504616996,0.6338959833413119,0.8823385262602473,1.5122404932094025,2.319970419020056,3.394481261378392,3.6702147729064496,2.564933534801766,0.8358974220481189,1.2812564943343578,1.6112497929674268,2,Mammalian
20.799999999999997,17.469513745692826,9.312669242183082,0.6549549620740165,4.480525800146286,4.677882843258944,1.998346287902643,2.291937708840198,2.7368464865055513,0.8442134172967789,1.7120712389056827,2.8306148549468952,1.9770363391506136,1.5073914047776054,2.558537459303966,2.2687738578962717,0.7382411530116706,0.7119492227713905,0.9987774956185378,0.33615975534892995,1.0313737586106906,1.241664504616996,0.6338959833413119,0.8823385262602473,1.5122404932094025,2.319970419020056,3.394481261378392,3.6702147729064496,2.564933534801766,0.8358974220481189,1.2812564943343578,1.6112497929674268,1,Yeast
7.86,7.703467111811195,7.24529148343358,6.518936201865636,5.577630860329286,4.491160857255495,3.343181962680094,2.23423762463735,1.3158231181028903,0.9257401031944801,1.1949207938281814,1.5580163976502268,1.750203212841776,1.7190119131153314,1.4725042764001117,1.049083236721416,0.5234500931320958,0.33422547750890585,0.8802418932707039,1.4523283502518434,1.9264155117556754,2.2535024760747455,2.4060999667071234,2.3756779306862437,2.172143991973366,1.8224786275259104,1.3686502195852286,0.8672953503033991,0.4134561351919272,0.3481316219537654,0.6370517034968207,0.8605961130003374,0,E_coli
7.86,7.703467111811195,7.24529148343358,6.518936201865636,5.577630860329286,4.491160857255495,3.343181962680094,2.23423762463735,1.3158231181028903,0.9257401031944801,1.1949207938281814,1.5580163976502268,1.750203212841776,1.7190119131153314,1.4725042764001117,1.049083236721416,0.5234500931320958,0.33422547750890585,0.8802418932707039,1.4523283502518434,1.9264155117556754,2.2535024760747455,2.4060999667071234,2.3756779306862437,2.172143991973366,1.8224786275259104,1.3686502195852286,0.8672953503033991,0.4134561351919272,0.3481316219537654,0.6370517034968207,0.8605961130003374,2,Mammalian
7.86,7.703467111811195,7.24529148343358,6.518936201865636,5.577630860329286,4.491160857255495,3.343181962680094,2.23423762463735,1.3158231181028903,0.9257401031944801,1.1949207938281814,1.5580163976502268,1.750203212841776,1.7190119131153314,1.4725042764001117,1.049083236721416,0.5234500931320958,0.33422547750890585,0.8802418932707039,1.4523283502518434,1.9264155117556754,2.2535024760747455,2.4060999667071234,2.3756779306862437,2.172143991973366,1.8224786275259104,1.3686502195852286,0.8672953503033991,0.4134561351919272,0.3481316219537654,0.6370517034968207,0.8605961130003374,1,Yeast
19.26,16.868335226377997,10.796218620377056,3.7600644273885835,1.3788341338443313,2.9781462816462065,1.451440663249997,1.3201158419785617,3.116452503433598,2.743006978591652,0.7144155640020481,2.2752718224852746,3.6635306816696342,3.1322136883393465,1.216652307750594,1.2128286548657181,2.2770595073471407,2.010339739524336,1.1654702205819527,1.2238327650317462,1.2463802225962803,0.5072303469959558,0.46436775390566953,0.9119481425530548,0.7398133506787103,1.3160019620957695,2.211382307251915,2.3710560925450457,1.6725715878645742,0.8277085321025589,0.8523972731581418,0.7145781118734481,0,E_coli
19.26,16.868335226377997,10.796218620377056,3.7600644273885835,1.3788341338443313,2.9781462816462065,1.451440663249997,1.3201158419785617,3.116452503433598,2.743006978591652,0.7144155640020481,2.2752718224852746,3.6635306816696342,3.1322136883393465,1.216652307750594,1.2128286548657181,2.2770595073471407,2.010339739524336,1.1654702205819527,1.2238327650317462,1.2463802225962803,0.5072303469959558,0.46436775390566953,0.9119481425530548,0.7398133506787103,1.3160019620957695,2.211382307251915,2.3710560925450457,1.6725715878645742,0.8277085321025589,0.8523972731581418,0.7145781118734481,1,Yeast
19.26,16.868335226377997,10.796218620377056,3.7600644273885835,1.3788341338443313,2.9781462816462065,1.451440663249997,1.3201158419785617,3.116452503433598,2.743006978591652,0.7144155640020481,2.2752718224852746,3.6635306816696342,3.1322136883393465,1.216652307750594,1.2128286548657181,2.2770595073471407,2.010339739524336,1.1654702205819527,1.2238327650317462,1.2463802225962803,0.5072303469959558,0.46436775390566953,0.9119481425530548,0.7398133506787103,1.3160019620957695,2.211382307251915,2.3710560925450457,1.6725715878645742,0.8277085321025589,0.8523972731581418,0.7145781118734481,2,Mammalian
18.31,15.453688874554388,8.453165787337147,1.463186371663303,3.8731836715142696,3.9617327188072218,1.0822857858066273,2.1558579755113896,3.3590910432527408,2.2575033279744643,0.707961483738283,1.508997554379841,1.14573777959614,0.4312186705191263,1.7861554261060073,2.1089902808939742,1.3403357788255899,0.22548635734344274,0.8085256132290999,1.2490161015380388,1.1337318368717568,0.5043638458500307,1.18820735167267,2.1872967633555844,2.3226509344150736,1.6559560927645647,1.2360570295324358,1.2075038362053945,0.5059499077821298,0.7882012736853399,1.6347775453852496,1.5148923856398395,2,Mammalian
12.16,11.490015904910258,9.611127638865199,6.886384098477428,3.828245424239632,0.9914368814612077,1.2195546462754066,2.4418754416241533,2.666882247004951,2.054753770016834,0.9315747216899526,0.3653771245321242,1.3733782196294484,1.9366599256341848,1.9620316548456336,1.5365217344697246,0.8919641248391103,0.5248622433016281,0.8240744514047988,1.0926361571087102,1.1439002904823878,1.0641413776440107,0.9805599654581191,0.9257464296321841,0.8741504908251353,0.9270169743968849,1.2216397399048806,1.6328345326042202,1.9265153420282122,1.9298455796257068,1.5708953167061577,0.8912525295848515,2,Mammalian
12.16,11.490015904910258,9.611127638865199,6.886384098477428,3.828245424239632,0.9914368814612077,1.2195546462754066,2.4418754416241533,2.666882247004951,2.054753770016834,0.9315747216899526,0.3653771245321242,1.3733782196294484,1.9366599256341848,1.9620316548456336,1.5365217344697246,0.8919641248391103,0.5248622433016281,0.8240744514047988,1.0926361571087102,1.1439002904823878,1.0641413776440107,0.9805599654581191,0.9257464296321841,0.8741504908251353,0.9270169743968849,1.2216397399048806,1.6328345326042202,1.9265153420282122,1.9298455796257068,1.5708953167061577,0.8912525295848515,0,E_coli
12.16,11.490015904910258,9.611127638865199,6.886384098477428,3.828245424239632,0.9914368814612077,1.2195546462754066,2.4418754416241533,2.666882247004951,2.054753770016834,0.9315747216899526,0.3653771245321242,1.3733782196294484,1.9366599256341848,1.9620316548456336,1.5365217344697246,0.8919641248391103,0.5248622433016281,0.8240744514047988,1.0926361571087102,1.1439002904823878,1.0641413776440107,0.9805599654581191,0.9257464296321841,0.8741504908251353,0.9270169743968849,1.2216397399048806,1.6328345326042202,1.9265153420282122,1.9298455796257068,1.5708953167061577,0.8912525295848515,1,Yeast
42.61,24.401078685897723,4.481611947327048,6.328543222903902,3.2343612083441835,1.1225184469931246,4.35696221139828,1.9114456847826466,4.716819573116276,1.7695878706898611,0.770557335368539,3.5638585357071153,1.9744346312140182,3.2737993131494725,2.4649237459015163,2.9602199172188484,2.930682514364188,1.4688788446666223,0.8187309359360629,1.1359973332967843,1.1572576439749696,1.3458765188494315,2.39294217157085,1.1437269482475465,1.864889571708522,1.4915823897472413,2.5898841181831203,0.7936582425192386,2.707336367443586,0.4786356736827223,1.2896645433078064,0.588762344159003,1,Yeast
42.61,24.401078685897723,4.481611947327048,6.328543222903902,3.2343612083441835,1.1225184469931246,4.35696221139828,1.9114456847826466,4.716819573116276,1.7695878706898611,0.770557335368539,3.5638585357071153,1.9744346312140182,3.2737993131494725,2.4649237459015163,2.9602199172188484,2.930682514364188,1.4688788446666223,0.8187309359360629,1.1359973332967843,1.1572576439749696,1.3458765188494315,2.39294217157085,1.1437269482475465,1.864889571708522,1.4915823897472413,2.5898841181831203,0.7936582425192386,2.707336367443586,0.4786356736827223,1.2896645433078064,0.588762344159003,0,E_coli
42.61,24.401078685897723,4.481611947327048,6.328543222903902,3.2343612083441835,1.1225184469931246,4.35696221139828,1.9114456847826466,4.716819573116276,1.7695878706898611,0.770557335368539,3.5638585357071153,1.9744346312140182,3.2737993131494725,2.4649237459015163,2.9602199172188484,2.930682514364188,1.4688788446666223,0.8187309359360629,1.1359973332967843,1.1572576439749696,1.3458765188494315,2.39294217157085,1.1437269482475465,1.864889571708522,1.4915823897472413,2.5898841181831203,0.7936582425192386,2.707336367443586,0.4786356736827223,1.2896645433078064,0.588762344159003,2,Mammalian
40.620000000000005,21.9440941636287,5.85062400755534,6.665119468197251,3.3893409882949603,0.7371216661597746,4.2899440861908005,3.822014055613224,4.005390479116113,1.434876403508037,0.38850036421354134,3.2429745955011153,0.750730655460932,3.8439389234286434,0.6138965357004093,2.448001877214558,1.3741906709041518,2.2898223113114415,1.5400234764645642,1.7305938760017976,1.0950599411040924,1.3317108803291708,1.5830469902579307,0.7867829980586083,0.5550199183867149,1.160815279885606,2.0183276772730494,2.6248638878280044,0.7216750469595362,0.7593469874696195,1.930238398685912,1.7007959122856366,1,Yeast
40.620000000000005,21.9440941636287,5.85062400755534,6.665119468197251,3.3893409882949603,0.7371216661597746,4.2899440861908005,3.822014055613224,4.005390479116113,1.434876403508037,0.38850036421354134,3.2429745955011153,0.750730655460932,3.8439389234286434,0.6138965357004093,2.448001877214558,1.3741906709041518,2.2898223113114415,1.5400234764645642,1.7305938760017976,1.0950599411040924,1.3317108803291708,1.5830469902579307,0.7867829980586083,0.5550199183867149,1.160815279885606,2.0183276772730494,2.6248638878280044,0.7216750469595362,0.7593469874696195,1.930238398685912,1.7007959122856366,0,E_coli
40.620000000000005,21.9440941636287,5.85062400755534,6.665119468197251,3.3893409882949603,0.7371216661597746,4.2899440861908005,3.822014055613224,4.005390479116113,1.434876403508037,0.38850036421354134,3.2429745955011153,0.750730655460932,3.8439389234286434,0.6138965357004093,2.448001877214558,1.3741906709041518,2.2898223113114415,1.5400234764645642,1.7305938760017976,1.0950599411040924,1.3317108803291708,1.5830469902579307,0.7867829980586083,0.5550199183867149,1.160815279885606,2.0183276772730494,2.6248638878280044,0.7216750469595362,0.7593469874696195,1.930238398685912,1.7007959122856366,2,Mammalian
21.24,17.807900292087037,9.402896492270939,0.6581937958574178,4.8610470435310535,5.059278886231122,2.348822493087473,2.5728941514311345,3.040185819101228,1.1030725347776258,1.5563981971538157,2.809786722976962,2.013934527368838,1.4392344916841793,2.5052480189611073,2.249109616148264,0.7201388754955538,0.7467067656524119,1.011363522798114,0.20286555667087453,1.1385592917035159,1.4515572037943485,0.7633812945999163,0.6027227114259375,1.272505475562206,2.0979500742782395,3.2765665061208162,3.7791623504274443,2.9204746359667735,1.144519990328146,0.879791010279476,1.6696746730793839,2,Mammalian
21.24,17.807900292087037,9.402896492270939,0.6581937958574178,4.8610470435310535,5.059278886231122,2.348822493087473,2.5728941514311345,3.040185819101228,1.1030725347776258,1.5563981971538157,2.809786722976962,2.013934527368838,1.4392344916841793,2.5052480189611073,2.249109616148264,0.7201388754955538,0.7467067656524119,1.011363522798114,0.20286555667087453,1.1385592917035159,1.4515572037943485,0.7633812945999163,0.6027227114259375,1.272505475562206,2.0979500742782395,3.2765665061208162,3.7791623504274443,2.9204746359667735,1.144519990328146,0.879791010279476,1.6696746730793839,1,Yeast
21.24,17.807900292087037,9.402896492270939,0.6581937958574178,4.8610470435310535,5.059278886231122,2.348822493087473,2.5728941514311345,3.040185819101228,1.1030725347776258,1.5563981971538157,2.809786722976962,2.013934527368838,1.4392344916841793,2.5052480189611073,2.249109616148264,0.7201388754955538,0.7467067656524119,1.011363522798114,0.20286555667087453,1.1385592917035159,1.4515572037943485,0.7633812945999163,0.6027227114259375,1.272505475562206,2.0979500742782395,3.2765665061208162,3.7791623504274443,2.9204746359667735,1.144519990328146,0.879791010279476,1.6696746730793839,0,E_coli
21.659999999999997,18.191019097644325,9.689132842336505,1.059569461049737,4.999228299173172,5.324730955512949,2.5914347712683226,2.3264090441629417,2.8423493097773056,1.183598733986485,1.4745342728594228,2.4634249769164676,1.588550899950162,1.5654770455110298,2.670803655790298,2.1804076694918058,0.5500909015790034,1.4452664430719413,1.7431988078956553,0.7072403402679058,0.9838738232218848,1.7197986782041617,1.4894340388071883,1.0406706544894586,1.1589005139391704,1.869961722924673,2.805481327848228,3.0039020588025553,2.0525629712611493,1.0830722752963222,1.6429990199286082,1.5342804564879158,1,Yeast
21.659999999999997,18.191019097644325,9.689132842336505,1.059569461049737,4.999228299173172,5.324730955512949,2.5914347712683226,2.3264090441629417,2.8423493097773056,1.183598733986485,1.4745342728594228,2.4634249769164676,1.588550899950162,1.5654770455110298,2.670803655790298,2.1804076694918058,0.5500909015790034,1.4452664430719413,1.7431988078956553,0.7072403402679058,0.9838738232218848,1.7197986782041617,1.4894340388071883,1.0406706544894586,1.1589005139391704,1.869961722924673,2.805481327848228,3.0039020588025553,2.0525629712611493,1.0830722752963222,1.6429990199286082,1.5342804564879158,2,Mammalian
21.659999999999997,18.191019097644325,9.689132842336505,1.059569461049737,4.999228299173172,5.324730955512949,2.5914347712683226,2.3264090441629417,2.8423493097773056,1.183598733986485,1.4745342728594228,2.4634249769164676,1.588550899950162,1.5654770455110298,2.670803655790298,2.1804076694918058,0.5500909015790034,1.4452664430719413,1.7431988078956553,0.7072403402679058,0.9838738232218848,1.7197986782041617,1.4894340388071883,1.0406706544894586,1.1589005139391704,1.869961722924673,2.805481327848228,3.0039020588025553,2.0525629712611493,1.0830722752963222,1.6429990199286082,1.5342804564879158,0,E_coli
20.75,17.37924425281871,9.135359179253351,0.41110286830781073,4.674191296620433,4.755353136024377,2.1050013928335716,2.712576347371617,3.1138115742133436,1.0742120703095246,1.736760125745378,3.012499852199517,2.1905884172270538,1.4896962761948165,2.5199460604499735,2.269018924366018,0.7158910531638183,0.7951108008031922,1.0882399712643922,0.1427084381974466,1.112695979551723,1.5552009432064982,1.0190451745632658,0.613767137243599,1.0818398588954914,1.8868576881268628,2.9808208059672987,3.367690114792394,2.489089344719853,1.0590570955966512,1.2536769680017459,1.51999454121875,2,Mammalian
20.75,17.37924425281871,9.135359179253351,0.41110286830781073,4.674191296620433,4.755353136024377,2.1050013928335716,2.712576347371617,3.1138115742133436,1.0742120703095246,1.736760125745378,3.012499852199517,2.1905884172270538,1.4896962761948165,2.5199460604499735,2.269018924366018,0.7158910531638183,0.7951108008031922,1.0882399712643922,0.1427084381974466,1.112695979551723,1.5552009432064982,1.0190451745632658,0.613767137243599,1.0818398588954914,1.8868576881268628,2.9808208059672987,3.367690114792394,2.489089344719853,1.0590570955966512,1.2536769680017459,1.51999454121875,1,Yeast
20.75,17.37924425281871,9.135359179253351,0.41110286830781073,4.674191296620433,4.755353136024377,2.1050013928335716,2.712576347371617,3.1138115742133436,1.0742120703095246,1.736760125745378,3.012499852199517,2.1905884172270538,1.4896962761948165,2.5199460604499735,2.269018924366018,0.7158910531638183,0.7951108008031922,1.0882399712643922,0.1427084381974466,1.112695979551723,1.5552009432064982,1.0190451745632658,0.613767137243599,1.0818398588954914,1.8868576881268628,2.9808208059672987,3.367690114792394,2.489089344719853,1.0590570955966512,1.2536769680017459,1.51999454121875,0,E_coli
21.24,17.84407714105712,9.531254419833726,0.7967834044161566,4.522924032306994,4.683612510698906,1.910516331636588,2.343733839946883,2.77733082758408,0.7717084095556304,1.9852742253934352,3.2088800163761446,2.352391559818667,1.619792796729027,2.587735266450352,2.3112768207126373,0.7201388754955538,0.8395930499202459,1.1843195234165358,0.2593698675625673,0.9675831127630403,1.4530694381474858,1.062445187875234,0.9225161705942473,1.406141342166969,2.253369176363774,3.3669249874829843,3.725566847779046,2.723305907746967,0.8796441413304266,1.041461756179978,1.7501507820736115,0,E_coli
21.24,17.84407714105712,9.531254419833726,0.7967834044161566,4.522924032306994,4.683612510698906,1.910516331636588,2.343733839946883,2.77733082758408,0.7717084095556304,1.9852742253934352,3.2088800163761446,2.352391559818667,1.619792796729027,2.587735266450352,2.3112768207126373,0.7201388754955538,0.8395930499202459,1.1843195234165358,0.2593698675625673,0.9675831127630403,1.4530694381474858,1.062445187875234,0.9225161705942473,1.406141342166969,2.253369176363774,3.3669249874829843,3.725566847779046,2.723305907746967,0.8796441413304266,1.041461756179978,1.7501507820736115,1,Yeast
21.24,17.84407714105712,9.531254419833726,0.7967834044161566,4.522924032306994,4.683612510698906,1.910516331636588,2.343733839946883,2.77733082758408,0.7717084095556304,1.9852742253934352,3.2088800163761446,2.352391559818667,1.619792796729027,2.587735266450352,2.3112768207126373,0.7201388754955538,0.8395930499202459,1.1843195234165358,0.2593698675625673,0.9675831127630403,1.4530694381474858,1.062445187875234,0.9225161705942473,1.406141342166969,2.253369176363774,3.3669249874829843,3.725566847779046,2.723305907746967,0.8796441413304266,1.041461756179978,1.7501507820736115,2,Mammalian
21.659999999999997,18.265399834773298,9.957074578821276,1.215793375792753,4.093967434775001,4.232424657917772,1.4611160363939166,2.5700485947661216,3.1037633192177445,1.2302162175257434,1.8445489936813535,2.994906245032402,2.0167583189649414,1.0186991364368654,2.2103879470337895,1.958595927328906,0.5500909015790034,1.455413706828162,1.8492725128511165,1.0091396457456894,0.30205473921966003,0.6521579266289027,0.49430491226109846,1.1795184643651835,1.7347775817892184,2.3099432336546903,3.2818555500238076,3.70177144174603,2.925214429815777,1.596411824678133,1.3147272984182967,1.2779123084235506,0,E_coli
21.659999999999997,18.265399834773298,9.957074578821276,1.215793375792753,4.093967434775001,4.232424657917772,1.4611160363939166,2.5700485947661216,3.1037633192177445,1.2302162175257434,1.8445489936813535,2.994906245032402,2.0167583189649414,1.0186991364368654,2.2103879470337895,1.958595927328906,0.5500909015790034,1.455413706828162,1.8492725128511165,1.0091396457456894,0.30205473921966003,0.6521579266289027,0.49430491226109846,1.1795184643651835,1.7347775817892184,2.3099432336546903,3.2818555500238076,3.70177144174603,2.925214429815777,1.596411824678133,1.3147272984182967,1.2779123084235506,1,Yeast
21.659999999999997,18.265399834773298,9.957074578821276,1.215793375792753,4.093967434775001,4.232424657917772,1.4611160363939166,2.5700485947661216,3.1037633192177445,1.2302162175257434,1.8445489936813535,2.994906245032402,2.0167583189649414,1.0186991364368654,2.2103879470337895,1.958595927328906,0.5500909015790034,1.455413706828162,1.8492725128511165,1.0091396457456894,0.30205473921966003,0.6521579266289027,0.49430491226109846,1.1795184643651835,1.7347775817892184,2.3099432336546903,3.2818555500238076,3.70177144174603,2.925214429815777,1.596411824678133,1.3147272984182967,1.2779123084235506,2,Mammalian
21.659999999999997,18.26903145660862,9.969521156684827,1.1902685093300773,4.021252120101057,4.16974658207117,1.6551986835500427,2.9493044507500286,3.472444737184514,1.5134008940754191,1.247981580879018,2.4037171882928194,1.517039690118089,1.630034416388239,3.038575558177742,2.8448562631705245,1.373535583812812,0.9164451500427134,1.1993755906836663,0.8483885712909406,1.3954824551249556,1.670853234951742,1.039468242932784,0.267225623070771,0.7111452363614393,1.6914051331583002,2.9195371930819616,3.328890268320083,2.3380228148218736,0.43021852012047024,1.328710772906173,2.1269378462209625,1,Yeast
21.659999999999997,18.26903145660862,9.969521156684827,1.1902685093300773,4.021252120101057,4.16974658207117,1.6551986835500427,2.9493044507500286,3.472444737184514,1.5134008940754191,1.247981580879018,2.4037171882928194,1.517039690118089,1.630034416388239,3.038575558177742,2.8448562631705245,1.373535583812812,0.9164451500427134,1.1993755906836663,0.8483885712909406,1.3954824551249556,1.670853234951742,1.039468242932784,0.267225623070771,0.7111452363614393,1.6914051331583002,2.9195371930819616,3.328890268320083,2.3380228148218736,0.43021852012047024,1.328710772906173,2.1269378462209625,0,E_coli
21.659999999999997,18.26903145660862,9.969521156684827,1.1902685093300773,4.021252120101057,4.16974658207117,1.6551986835500427,2.9493044507500286,3.472444737184514,1.5134008940754191,1.247981580879018,2.4037171882928194,1.517039690118089,1.630034416388239,3.038575558177742,2.8448562631705245,1.373535583812812,0.9164451500427134,1.1993755906836663,0.8483885712909406,1.3954824551249556,1.670853234951742,1.039468242932784,0.267225623070771,0.7111452363614393,1.6914051331583002,2.9195371930819616,3.328890268320083,2.3380228148218736,0.43021852012047024,1.328710772906173,2.1269378462209625,2,Mammalian
20.799999999999997,17.40985965715597,9.113259853840644,0.43080973971638803,4.869150954334022,4.997645203268747,2.1859107311688475,2.2952818410968328,2.706282568840834,0.7145798168610873,1.9730779517355879,3.163889436566275,2.260593844330379,1.5135132376955311,2.547800530456607,2.2795217065883397,0.710633520177596,0.990016459882739,1.3721773702121352,0.5870986939212237,0.8146600069127766,1.187708312248805,0.6704765676727162,0.6150190916018787,1.1477084375346631,1.9204610943635212,3.0422260619200197,3.4458634059918327,2.5107396376407807,0.8087303517914676,1.1586267691415315,1.7633899088454235,2,Mammalian
20.799999999999997,17.40985965715597,9.113259853840644,0.43080973971638803,4.869150954334022,4.997645203268747,2.1859107311688475,2.2952818410968328,2.706282568840834,0.7145798168610873,1.9730779517355879,3.163889436566275,2.260593844330379,1.5135132376955311,2.547800530456607,2.2795217065883397,0.710633520177596,0.990016459882739,1.3721773702121352,0.5870986939212237,0.8146600069127766,1.187708312248805,0.6704765676727162,0.6150190916018787,1.1477084375346631,1.9204610943635212,3.0422260619200197,3.4458634059918327,2.5107396376407807,0.8087303517914676,1.1586267691415315,1.7633899088454235,0,E_coli
20.799999999999997,17.40985965715597,9.113259853840644,0.43080973971638803,4.869150954334022,4.997645203268747,2.1859107311688475,2.2952818410968328,2.706282568840834,0.7145798168610873,1.9730779517355879,3.163889436566275,2.260593844330379,1.5135132376955311,2.547800530456607,2.2795217065883397,0.710633520177596,0.990016459882739,1.3721773702121352,0.5870986939212237,0.8146600069127766,1.187708312248805,0.6704765676727162,0.6150190916018787,1.1477084375346631,1.9204610943635212,3.0422260619200197,3.4458634059918327,2.5107396376407807,0.8087303517914676,1.1586267691415315,1.7633899088454235,1,Yeast
21.479999999999997,18.08088922165464,9.755585425356884,0.9063928465514057,4.335941651881331,4.6103906649743065,2.2985107353377203,2.9247188163871534,3.190628693388165,1.1094393211922646,1.8172115200270458,3.1567585091579904,2.5401149272165564,2.066391161358026,2.804143868087026,2.354803105067173,0.6537583651472465,1.0860355864847608,1.532074850669816,0.7059191721109942,0.4331140373455949,0.8402839752380249,0.44794816763270145,0.8541538647640837,1.270074226542737,1.7573529733450075,2.7540123006373594,3.1359524734887847,2.2070429036759616,0.5629944180958237,1.379647130845489,2.0226377518800236,0,E_coli
21.479999999999997,18.08088922165464,9.755585425356884,0.9063928465514057,4.335941651881331,4.6103906649743065,2.2985107353377203,2.9247188163871534,3.190628693388165,1.1094393211922646,1.8172115200270458,3.1567585091579904,2.5401149272165564,2.066391161358026,2.804143868087026,2.354803105067173,0.6537583651472465,1.0860355864847608,1.532074850669816,0.7059191721109942,0.4331140373455949,0.8402839752380249,0.44794816763270145,0.8541538647640837,1.270074226542737,1.7573529733450075,2.7540123006373594,3.1359524734887847,2.2070429036759616,0.5629944180958237,1.379647130845489,2.0226377518800236,1,Yeast
21.479999999999997,18.08088922165464,9.755585425356884,0.9063928465514057,4.335941651881331,4.6103906649743065,2.2985107353377203,2.9247188163871534,3.190628693388165,1.1094393211922646,1.8172115200270458,3.1567585091579904,2.5401149272165564,2.066391161358026,2.804143868087026,2.354803105067173,0.6537583651472465,1.0860355864847608,1.532074850669816,0.7059191721109942,0.4331140373455949,0.8402839752380249,0.44794816763270145,0.8541538647640837,1.270074226542737,1.7573529733450075,2.7540123006373594,3.1359524734887847,2.2070429036759616,0.5629944180958237,1.379647130845489,2.0226377518800236,2,Mammalian
21.119999999999997,17.74478614790218,9.488426770899471,0.7841704506564214,4.391091959774265,4.526021074039132,2.0668427826808173,2.91533085850192,3.2701795232244493,1.1810737981800203,1.7673093508742275,3.16038783702552,2.5698162750923914,1.9945793411206052,2.6639084858448943,2.2209306367017567,0.5412947441089747,1.063261058861635,1.4335736858005939,0.5562879838207371,0.7340522805760706,1.158306948020329,0.7243923273570079,0.8720956293144416,1.4167307033743257,2.0406830729601753,2.971661874188092,3.2540555348751248,2.259274875365356,0.6673294294541003,1.4594093021691494,2.075224008548261,1,Yeast
21.119999999999997,17.74478614790218,9.488426770899471,0.7841704506564214,4.391091959774265,4.526021074039132,2.0668427826808173,2.91533085850192,3.2701795232244493,1.1810737981800203,1.7673093508742275,3.16038783702552,2.5698162750923914,1.9945793411206052,2.6639084858448943,2.2209306367017567,0.5412947441089747,1.063261058861635,1.4335736858005939,0.5562879838207371,0.7340522805760706,1.158306948020329,0.7243923273570079,0.8720956293144416,1.4167307033743257,2.0406830729601753,2.971661874188092,3.2540555348751248,2.259274875365356,0.6673294294541003,1.4594093021691494,2.075224008548261,2,Mammalian
21.119999999999997,17.74478614790218,9.488426770899471,0.7841704506564214,4.391091959774265,4.526021074039132,2.0668427826808173,2.91533085850192,3.2701795232244493,1.1810737981800203,1.7673093508742275,3.16038783702552,2.5698162750923914,1.9945793411206052,2.6639084858448943,2.2209306367017567,0.5412947441089747,1.063261058861635,1.4335736858005939,0.5562879838207371,0.7340522805760706,1.158306948020329,0.7243923273570079,0.8720956293144416,1.4167307033743257,2.0406830729601753,2.971661874188092,3.2540555348751248,2.259274875365356,0.6673294294541003,1.4594093021691494,2.075224008548261,0,E_coli
21.439999999999998,17.99728084233497,9.552203430431938,0.5691102819361138,4.876069820454273,5.226595250540883,2.5246974784344416,2.0917601362616547,2.443737368694553,0.7073684131481307,1.9599303412872837,2.8545475652698036,1.7043028231193718,1.6900144364179779,3.186228383777856,2.979861987197954,1.292826361117378,0.5215993206879945,1.1224072831546976,0.5061938250579776,0.5619566297854225,0.8541091185074553,0.3932047622346073,0.6670105888115518,0.9544357877017291,1.685199061305945,3.0479583301844286,3.6812655143960242,2.910858934988535,1.2386277244274826,0.7078671717756331,1.1816028947703794,0,E_coli
21.439999999999998,17.99728084233497,9.552203430431938,0.5691102819361138,4.876069820454273,5.226595250540883,2.5246974784344416,2.0917601362616547,2.443737368694553,0.7073684131481307,1.9599303412872837,2.8545475652698036,1.7043028231193718,1.6900144364179779,3.186228383777856,2.979861987197954,1.292826361117378,0.5215993206879945,1.1224072831546976,0.5061938250579776,0.5619566297854225,0.8541091185074553,0.3932047622346073,0.6670105888115518,0.9544357877017291,1.685199061305945,3.0479583301844286,3.6812655143960242,2.910858934988535,1.2386277244274826,0.7078671717756331,1.1816028947703794,1,Yeast
21.439999999999998,17.99728084233497,9.552203430431938,0.5691102819361138,4.876069820454273,5.226595250540883,2.5246974784344416,2.0917601362616547,2.443737368694553,0.7073684131481307,1.9599303412872837,2.8545475652698036,1.7043028231193718,1.6900144364179779,3.186228383777856,2.979861987197954,1.292826361117378,0.5215993206879945,1.1224072831546976,0.5061938250579776,0.5619566297854225,0.8541091185074553,0.3932047622346073,0.6670105888115518,0.9544357877017291,1.685199061305945,3.0479583301844286,3.6812655143960242,2.910858934988535,1.2386277244274826,0.7078671717756331,1.1816028947703794,2,Mammalian
20.799999999999997,17.417239803581385,9.143350534830386,0.544462745915045,4.769527095066711,4.836483436515151,1.9684321427545541,2.4192314330306943,2.948908762386911,1.0220770758274464,1.6442144070644076,2.8183314299070807,1.993983709030567,1.7685614155515121,2.9400124517554547,2.6564062085138773,1.0124228365658294,0.6321865558077606,1.0698858596421321,0.2522751911452387,0.8757596626681918,1.2625806692285046,0.827534858847965,0.9241360161001337,1.4258811700550993,2.080246120391934,3.0843949673182802,3.4346735017653613,2.489796230776426,0.8476734510259524,1.220794681354441,1.782563311912261,0,E_coli
20.799999999999997,17.417239803581385,9.143350534830386,0.544462745915045,4.769527095066711,4.836483436515151,1.9684321427545541,2.4192314330306943,2.948908762386911,1.0220770758274464,1.6442144070644076,2.8183314299070807,1.993983709030567,1.7685614155515121,2.9400124517554547,2.6564062085138773,1.0124228365658294,0.6321865558077606,1.0698858596421321,0.2522751911452387,0.8757596626681918,1.2625806692285046,0.827534858847965,0.9241360161001337,1.4258811700550993,2.080246120391934,3.0843949673182802,3.4346735017653613,2.489796230776426,0.8476734510259524,1.220794681354441,1.782563311912261,2,Mammalian
20.799999999999997,17.417239803581385,9.143350534830386,0.544462745915045,4.769527095066711,4.836483436515151,1.9684321427545541,2.4192314330306943,2.948908762386911,1.0220770758274464,1.6442144070644076,2.8183314299070807,1.993983709030567,1.7685614155515121,2.9400124517554547,2.6564062085138773,1.0124228365658294,0.6321865558077606,1.0698858596421321,0.2522751911452387,0.8757596626681918,1.2625806692285046,0.827534858847965,0.9241360161001337,1.4258811700550993,2.080246120391934,3.0843949673182802,3.4346735017653613,2.489796230776426,0.8476734510259524,1.220794681354441,1.782563311912261,1,Yeast
21.159999999999997,17.75753127870561,9.423898395284388,0.5746982587197587,4.6748350500120335,4.901774469517757,2.276577359206711,2.4506100542832123,2.769471535620024,0.7305073204000739,1.9485463923395563,3.1223807050984185,2.1824223883804383,1.5197101383970413,2.682362683621894,2.4855956190124995,0.9626006440887112,0.7178204757525394,1.0543617754790544,0.2784016692665947,1.0344727035345684,1.4232816277167557,0.9578821203892954,0.936833719222425,1.4735085386214988,2.1930761113225232,3.1950413363300276,3.52112684621006,2.557501906063159,0.9134821838195741,1.211414834937474,1.7520807569509573,0,E_coli
21.159999999999997,17.75753127870561,9.423898395284388,0.5746982587197587,4.6748350500120335,4.901774469517757,2.276577359206711,2.4506100542832123,2.769471535620024,0.7305073204000739,1.9485463923395563,3.1223807050984185,2.1824223883804383,1.5197101383970413,2.682362683621894,2.4855956190124995,0.9626006440887112,0.7178204757525394,1.0543617754790544,0.2784016692665947,1.0344727035345684,1.4232816277167557,0.9578821203892954,0.936833719222425,1.4735085386214988,2.1930761113225232,3.1950413363300276,3.52112684621006,2.557501906063159,0.9134821838195741,1.211414834937474,1.7520807569509573,1,Yeast
21.159999999999997,17.75753127870561,9.423898395284388,0.5746982587197587,4.6748350500120335,4.901774469517757,2.276577359206711,2.4506100542832123,2.769471535620024,0.7305073204000739,1.9485463923395563,3.1223807050984185,2.1824223883804383,1.5197101383970413,2.682362683621894,2.4855956190124995,0.9626006440887112,0.7178204757525394,1.0543617754790544,0.2784016692665947,1.0344727035345684,1.4232816277167557,0.9578821203892954,0.936833719222425,1.4735085386214988,2.1930761113225232,3.1950413363300276,3.52112684621006,2.557501906063159,0.9134821838195741,1.211414834937474,1.7520807569509573,2,Mammalian
20.96,17.575611650937184,9.294111342065156,0.5832775771639056,4.65354261135701,4.787922567865091,2.098518078137596,2.530508149499118,2.9239662180545936,0.885295475631233,1.8212777489556264,3.0507462201753754,2.205416062721041,1.6428397751783355,2.7158940708101436,2.458296771403817,0.87783825389419,0.7696894307135318,1.1506489366674033,0.3472605709209072,0.9079207838146137,1.2981585917828968,0.8208749162364515,0.7879654362348077,1.3085952604512656,2.0813747050530362,3.191952151366585,3.6020712986762087,2.687668321220844,1.0140183635026374,1.0439328781818844,1.5628991341365275,2,Mammalian
20.96,17.575611650937184,9.294111342065156,0.5832775771639056,4.65354261135701,4.787922567865091,2.098518078137596,2.530508149499118,2.9239662180545936,0.885295475631233,1.8212777489556264,3.0507462201753754,2.205416062721041,1.6428397751783355,2.7158940708101436,2.458296771403817,0.87783825389419,0.7696894307135318,1.1506489366674033,0.3472605709209072,0.9079207838146137,1.2981585917828968,0.8208749162364515,0.7879654362348077,1.3085952604512656,2.0813747050530362,3.191952151366585,3.6020712986762087,2.687668321220844,1.0140183635026374,1.0439328781818844,1.5628991341365275,1,Yeast
20.96,17.575611650937184,9.294111342065156,0.5832775771639056,4.65354261135701,4.787922567865091,2.098518078137596,2.530508149499118,2.9239662180545936,0.885295475631233,1.8212777489556264,3.0507462201753754,2.205416062721041,1.6428397751783355,2.7158940708101436,2.458296771403817,0.87783825389419,0.7696894307135318,1.1506489366674033,0.3472605709209072,0.9079207838146137,1.2981585917828968,0.8208749162364515,0.7879654362348077,1.3085952604512656,2.0813747050530362,3.191952151366585,3.6020712986762087,2.687668321220844,1.0140183635026374,1.0439328781818844,1.5628991341365275,0,E_coli
21.659999999999997,18.12776723220546,9.463619825695497,0.39801580234876865,5.283956389667757,5.448385906289896,2.162223950132966,2.0713399332405933,3.1037633192177445,1.495323711038868,1.141440508673538,2.6637307922333084,2.506561686035756,2.1872413056161744,2.463869643338259,1.8141176847275715,0.5500909015790034,1.3112423160246245,1.3199077135252426,0.6866359927738906,1.5501756228606356,1.8642814716912937,1.3352299522906652,1.4033750190575593,1.7347775817892184,1.8052972695033749,2.564885257164559,3.1610844305570227,2.589113540282757,1.101657862064044,0.42838714947130224,0.945908534000515,2,Mammalian
21.659999999999997,18.12776723220546,9.463619825695497,0.39801580234876865,5.283956389667757,5.448385906289896,2.162223950132966,2.0713399332405933,3.1037633192177445,1.495323711038868,1.141440508673538,2.6637307922333084,2.506561686035756,2.1872413056161744,2.463869643338259,1.8141176847275715,0.5500909015790034,1.3112423160246245,1.3199077135252426,0.6866359927738906,1.5501756228606356,1.8642814716912937,1.3352299522906652,1.4033750190575593,1.7347775817892184,1.8052972695033749,2.564885257164559,3.1610844305570227,2.589113540282757,1.101657862064044,0.42838714947130224,0.945908534000515,0,E_coli
21.659999999999997,18.12776723220546,9.463619825695497,0.39801580234876865,5.283956389667757,5.448385906289896,2.162223950132966,2.0713399332405933,3.1037633192177445,1.495323711038868,1.141440508673538,2.6637307922333084,2.506561686035756,2.1872413056161744,2.463869643338259,1.8141176847275715,0.5500909015790034,1.3112423160246245,1.3199077135252426,0.6866359927738906,1.5501756228606356,1.8642814716912937,1.3352299522906652,1.4033750190575593,1.7347775817892184,1.8052972695033749,2.564885257164559,3.1610844305570227,2.589113540282757,1.101657862064044,0.42838714947130224,0.945908534000515,1,Yeast
21.159999999999997,17.723575578862018,9.311697580707639,0.4121774133262372,4.840053602987969,4.9335104947016175,2.0211474638889055,2.4784485866487964,3.0368279098268873,1.0423233659744657,1.727191693190718,3.08127123603598,2.337034636811656,1.6059393586482713,2.59568316249102,2.423169642919974,0.9626006440887112,0.6683460073228173,1.0368306129517064,0.26066277175789876,0.8169381313882831,1.1592927268942859,0.6738286512915788,0.6366419416392395,1.1667374366567895,2.118678647101871,3.36027637080686,3.7701940808354397,2.782941306608821,1.0912339013347243,1.2414382023018034,1.7622214424329319,1,Yeast
21.159999999999997,17.723575578862018,9.311697580707639,0.4121774133262372,4.840053602987969,4.9335104947016175,2.0211474638889055,2.4784485866487964,3.0368279098268873,1.0423233659744657,1.727191693190718,3.08127123603598,2.337034636811656,1.6059393586482713,2.59568316249102,2.423169642919974,0.9626006440887112,0.6683460073228173,1.0368306129517064,0.26066277175789876,0.8169381313882831,1.1592927268942859,0.6738286512915788,0.6366419416392395,1.1667374366567895,2.118678647101871,3.36027637080686,3.7701940808354397,2.782941306608821,1.0912339013347243,1.2414382023018034,1.7622214424329319,2,Mammalian
21.159999999999997,17.723575578862018,9.311697580707639,0.4121774133262372,4.840053602987969,4.9335104947016175,2.0211474638889055,2.4784485866487964,3.0368279098268873,1.0423233659744657,1.727191693190718,3.08127123603598,2.337034636811656,1.6059393586482713,2.59568316249102,2.423169642919974,0.9626006440887112,0.6683460073228173,1.0368306129517064,0.26066277175789876,0.8169381313882831,1.1592927268942859,0.6738286512915788,0.6366419416392395,1.1667374366567895,2.118678647101871,3.36027637080686,3.7701940808354397,2.782941306608821,1.0912339013347243,1.2414382023018034,1.7622214424329319,0,E_coli
21.479999999999997,17.920718689786398,9.230260158937046,0.08393026550677354,5.135018919067811,4.95455698434775,1.665912282825347,2.782380722527224,3.3732398309465124,1.1450372089457257,2.0692025013287205,3.4904626084170896,2.4007929830676504,1.2143279942795737,2.8607711961244906,2.913892377984184,1.2567418191498214,0.724137836426209,1.4688754594580016,0.8065462838817127,0.7687998149284437,1.4323096338517978,1.1572484267362622,1.0053313592431838,1.7559194295057932,2.467667239452223,3.066251060921071,3.150635238323635,2.278403080632305,0.7575457846150198,0.6414890731800496,1.1267941641350132,1,Yeast
21.479999999999997,17.920718689786398,9.230260158937046,0.08393026550677354,5.135018919067811,4.95455698434775,1.665912282825347,2.782380722527224,3.3732398309465124,1.1450372089457257,2.0692025013287205,3.4904626084170896,2.4007929830676504,1.2143279942795737,2.8607711961244906,2.913892377984184,1.2567418191498214,0.724137836426209,1.4688754594580016,0.8065462838817127,0.7687998149284437,1.4323096338517978,1.1572484267362622,1.0053313592431838,1.7559194295057932,2.467667239452223,3.066251060921071,3.150635238323635,2.278403080632305,0.7575457846150198,0.6414890731800496,1.1267941641350132,2,Mammalian
21.479999999999997,17.920718689786398,9.230260158937046,0.08393026550677354,5.135018919067811,4.95455698434775,1.665912282825347,2.782380722527224,3.3732398309465124,1.1450372089457257,2.0692025013287205,3.4904626084170896,2.4007929830676504,1.2143279942795737,2.8607711961244906,2.913892377984184,1.2567418191498214,0.724137836426209,1.4688754594580016,0.8065462838817127,0.7687998149284437,1.4323096338517978,1.1572484267362622,1.0053313592431838,1.7559194295057932,2.467667239452223,3.066251060921071,3.150635238323635,2.278403080632305,0.7575457846150198,0.6414890731800496,1.1267941641350132,0,E_coli
21.159999999999997,17.699651365966965,9.250219865659686,0.4050769965770991,4.8002062095045614,4.787291322726638,1.9643688413042584,2.6437205202924154,2.992635839277528,0.819622828872562,1.954760802733285,3.098219330293558,2.0666355397573968,1.6739197203283736,2.9049648944944604,2.536857150918737,0.7580237463298897,0.9493437709680498,1.3204293409432266,0.4803476585905132,1.059209655835745,1.4413206701915755,0.9130793917144038,0.8825073048274427,1.2833279913847762,1.9620963136913459,3.199822671650558,3.7359353794877688,2.84104079467892,1.1512368454980377,1.2248526066894458,1.7589338967644534,1,Yeast
21.159999999999997,17.699651365966965,9.250219865659686,0.4050769965770991,4.8002062095045614,4.787291322726638,1.9643688413042584,2.6437205202924154,2.992635839277528,0.819622828872562,1.954760802733285,3.098219330293558,2.0666355397573968,1.6739197203283736,2.9049648944944604,2.536857150918737,0.7580237463298897,0.9493437709680498,1.3204293409432266,0.4803476585905132,1.059209655835745,1.4413206701915755,0.9130793917144038,0.8825073048274427,1.2833279913847762,1.9620963136913459,3.199822671650558,3.7359353794877688,2.84104079467892,1.1512368454980377,1.2248526066894458,1.7589338967644534,0,E_coli
21.159999999999997,17.699651365966965,9.250219865659686,0.4050769965770991,4.8002062095045614,4.787291322726638,1.9643688413042584,2.6437205202924154,2.992635839277528,0.819622828872562,1.954760802733285,3.098219330293558,2.0666355397573968,1.6739197203283736,2.9049648944944604,2.536857150918737,0.7580237463298897,0.9493437709680498,1.3204293409432266,0.4803476585905132,1.059209655835745,1.4413206701915755,0.9130793917144038,0.8825073048274427,1.2833279913847762,1.9620963136913459,3.199822671650558,3.7359353794877688,2.84104079467892,1.1512368454980377,1.2248526066894458,1.7589338967644534,2,Mammalian
17.980000000000004,15.852145447292482,10.348104295791996,3.7278745858422875,2.113784240326774,4.514728196853954,4.171171510724953,2.7344847710457163,2.818305054387866,3.0765270296495153,1.9188261717724262,0.6587908525379353,2.2657868749173593,2.800972978220678,1.9104981392430656,1.031393096595949,2.0461182761512102,2.4189964992307926,1.6876808027187762,1.103033667582712,1.8209210114179704,2.0078711711493624,1.3108221902041037,0.7387439041639398,1.187921133919172,1.1161449566581587,0.7621891268865393,1.5020286435043362,2.1105384841255432,1.8739396234323664,0.9526358814660675,0.37118322450207336,0,E_coli
17.980000000000004,15.852145447292482,10.348104295791996,3.7278745858422875,2.113784240326774,4.514728196853954,4.171171510724953,2.7344847710457163,2.818305054387866,3.0765270296495153,1.9188261717724262,0.6587908525379353,2.2657868749173593,2.800972978220678,1.9104981392430656,1.031393096595949,2.0461182761512102,2.4189964992307926,1.6876808027187762,1.103033667582712,1.8209210114179704,2.0078711711493624,1.3108221902041037,0.7387439041639398,1.187921133919172,1.1161449566581587,0.7621891268865393,1.5020286435043362,2.1105384841255432,1.8739396234323664,0.9526358814660675,0.37118322450207336,1,Yeast
17.980000000000004,15.852145447292482,10.348104295791996,3.7278745858422875,2.113784240326774,4.514728196853954,4.171171510724953,2.7344847710457163,2.818305054387866,3.0765270296495153,1.9188261717724262,0.6587908525379353,2.2657868749173593,2.800972978220678,1.9104981392430656,1.031393096595949,2.0461182761512102,2.4189964992307926,1.6876808027187762,1.103033667582712,1.8209210114179704,2.0078711711493624,1.3108221902041037,0.7387439041639398,1.187921133919172,1.1161449566581587,0.7621891268865393,1.5020286435043362,2.1105384841255432,1.8739396234323664,0.9526358814660675,0.37118322450207336,2,Mammalian
37.07000000000001,20.64039379465926,4.810051569651298,6.545469175271514,4.423548089373047,3.4122503934441144,3.239008501984476,1.8625788717826697,3.116613221937372,0.6612858317339506,2.6471152331513146,1.9138329444055726,4.148767217604124,1.437722116522611,2.112884481752709,2.9997068806327225,1.9960210419732558,1.0145120690261684,0.7429641865970331,2.784617866063488,1.0797158775362645,3.151618947177264,0.7362212803083511,2.812165710110659,1.60552858113618,4.748969539044338,1.4502625169158079,1.8205948676791168,0.8134903188935333,1.701786608832535,1.492464072076303,0.5724668958747566,1,Yeast
37.07000000000001,20.64039379465926,4.810051569651298,6.545469175271514,4.423548089373047,3.4122503934441144,3.239008501984476,1.8625788717826697,3.116613221937372,0.6612858317339506,2.6471152331513146,1.9138329444055726,4.148767217604124,1.437722116522611,2.112884481752709,2.9997068806327225,1.9960210419732558,1.0145120690261684,0.7429641865970331,2.784617866063488,1.0797158775362645,3.151618947177264,0.7362212803083511,2.812165710110659,1.60552858113618,4.748969539044338,1.4502625169158079,1.8205948676791168,0.8134903188935333,1.701786608832535,1.492464072076303,0.5724668958747566,2,Mammalian
37.07000000000001,20.64039379465926,4.810051569651298,6.545469175271514,4.423548089373047,3.4122503934441144,3.239008501984476,1.8625788717826697,3.116613221937372,0.6612858317339506,2.6471152331513146,1.9138329444055726,4.148767217604124,1.437722116522611,2.112884481752709,2.9997068806327225,1.9960210419732558,1.0145120690261684,0.7429641865970331,2.784617866063488,1.0797158775362645,3.151618947177264,0.7362212803083511,2.812165710110659,1.60552858113618,4.748969539044338,1.4502625169158079,1.8205948676791168,0.8134903188935333,1.701786608832535,1.492464072076303,0.5724668958747566,0,E_coli
18.89,16.417732349158786,10.1480655685922,2.9699668333680345,2.6600204725056598,4.250993431262805,2.711931276911856,1.2095352829747728,2.8402962844986055,2.841485984065544,1.374771498212575,1.7523032384165955,2.6237256987823314,1.96123587912192,0.9762754567413406,2.1241653465116848,2.572877766237642,1.8086015125313315,1.262441826025801,1.7276065670179463,1.3443607066421668,0.2130060773253936,1.6936816308808393,2.3895916746738943,1.741297509405965,0.3091149538338916,1.5112877006182333,2.1925121323850756,1.7458089339433742,0.7355490393861623,0.740794290073204,1.1206378540511404,1,Yeast
18.89,16.417732349158786,10.1480655685922,2.9699668333680345,2.6600204725056598,4.250993431262805,2.711931276911856,1.2095352829747728,2.8402962844986055,2.841485984065544,1.374771498212575,1.7523032384165955,2.6237256987823314,1.96123587912192,0.9762754567413406,2.1241653465116848,2.572877766237642,1.8086015125313315,1.262441826025801,1.7276065670179463,1.3443607066421668,0.2130060773253936,1.6936816308808393,2.3895916746738943,1.741297509405965,0.3091149538338916,1.5112877006182333,2.1925121323850756,1.7458089339433742,0.7355490393861623,0.740794290073204,1.1206378540511404,2,Mammalian
18.89,16.417732349158786,10.1480655685922,2.9699668333680345,2.6600204725056598,4.250993431262805,2.711931276911856,1.2095352829747728,2.8402962844986055,2.841485984065544,1.374771498212575,1.7523032384165955,2.6237256987823314,1.96123587912192,0.9762754567413406,2.1241653465116848,2.572877766237642,1.8086015125313315,1.262441826025801,1.7276065670179463,1.3443607066421668,0.2130060773253936,1.6936816308808393,2.3895916746738943,1.741297509405965,0.3091149538338916,1.5112877006182333,2.1925121323850756,1.7458089339433742,0.7355490393861623,0.740794290073204,1.1206378540511404,0,E_coli
5.34,5.285092267712143,5.122271008659322,4.857189226954774,4.499101293360926,4.060646748785787,3.5576369376006816,3.009004237718035,2.437324726434865,1.8711255588040043,1.3529469395634741,0.9640734533634937,0.8446196210106854,1.0152844787835362,1.2996704134286146,1.576026958313914,1.7962739212046699,1.9412970766041304,2.0041499387781743,1.9846772555872443,1.8874605164609477,1.7207699737602802,1.4958331762515624,1.2262115201072892,0.927279988951131,0.6161311327852872,0.31469681853089476,0.1200523458946376,0.2949543128736639,0.5038004779631097,0.665118465672628,0.7658164170083853,0,E_coli
5.34,5.285092267712143,5.122271008659322,4.857189226954774,4.499101293360926,4.060646748785787,3.5576369376006816,3.009004237718035,2.437324726434865,1.8711255588040043,1.3529469395634741,0.9640734533634937,0.8446196210106854,1.0152844787835362,1.2996704134286146,1.576026958313914,1.7962739212046699,1.9412970766041304,2.0041499387781743,1.9846772555872443,1.8874605164609477,1.7207699737602802,1.4958331762515624,1.2262115201072892,0.927279988951131,0.6161311327852872,0.31469681853089476,0.1200523458946376,0.2949543128736639,0.5038004779631097,0.665118465672628,0.7658164170083853,1,Yeast
5.34,5.285092267712143,5.122271008659322,4.857189226954774,4.499101293360926,4.060646748785787,3.5576369376006816,3.009004237718035,2.437324726434865,1.8711255588040043,1.3529469395634741,0.9640734533634937,0.8446196210106854,1.0152844787835362,1.2996704134286146,1.576026958313914,1.7962739212046699,1.9412970766041304,2.0041499387781743,1.9846772555872443,1.8874605164609477,1.7207699737602802,1.4958331762515624,1.2262115201072892,0.927279988951131,0.6161311327852872,0.31469681853089476,0.1200523458946376,0.2949543128736639,0.5038004779631097,0.665118465672628,0.7658164170083853,2,Mammalian
9.12,8.705522282996126,7.527052432063305,5.770323506506537,3.72151571929154,1.79665337921571,1.166463226313751,2.074327243274437,2.6863254843053466,2.690460693935777,2.1393586223410006,1.218008662421753,0.3834936944562166,1.0368773292162916,1.727171191550766,2.0071063575188517,1.8195054273071019,1.2235511382774127,0.4388667090373804,0.791858856568896,1.6418446353499179,2.24702946253031,2.471337048365931,2.2797937688544794,1.724197028292198,0.9272977179804812,0.055814143613204185,0.7216552799398609,1.259047072492126,1.478377232991123,1.3878197192594166,1.1120034375568708,2,Mammalian
9.12,8.705522282996126,7.527052432063305,5.770323506506537,3.72151571929154,1.79665337921571,1.166463226313751,2.074327243274437,2.6863254843053466,2.690460693935777,2.1393586223410006,1.218008662421753,0.3834936944562166,1.0368773292162916,1.727171191550766,2.0071063575188517,1.8195054273071019,1.2235511382774127,0.4388667090373804,0.791858856568896,1.6418446353499179,2.24702946253031,2.471337048365931,2.2797937688544794,1.724197028292198,0.9272977179804812,0.055814143613204185,0.7216552799398609,1.259047072492126,1.478377232991123,1.3878197192594166,1.1120034375568708,0,E_coli
9.12,8.705522282996126,7.527052432063305,5.770323506506537,3.72151571929154,1.79665337921571,1.166463226313751,2.074327243274437,2.6863254843053466,2.690460693935777,2.1393586223410006,1.218008662421753,0.3834936944562166,1.0368773292162916,1.727171191550766,2.0071063575188517,1.8195054273071019,1.2235511382774127,0.4388667090373804,0.791858856568896,1.6418446353499179,2.24702946253031,2.471337048365931,2.2797937688544794,1.724197028292198,0.9272977179804812,0.055814143613204185,0.7216552799398609,1.259047072492126,1.478377232991123,1.3878197192594166,1.1120034375568708,1,Yeast
20.32,17.39908539357166,10.185727698207213,2.5129821411167454,3.142140229409756,3.944205292051723,1.8929924918536225,1.0965306548560187,2.0043139765516793,1.435278960263654,1.087116073920037,1.0656047116521692,0.14393338181875917,1.5633122455360573,2.2111911072521955,1.4084339258757927,0.7871467461661761,2.048211960243298,2.269691586686853,1.6814606445414446,1.5640626136548295,1.4114500880980054,0.48926832177124047,1.2303236006145644,2.006570577726982,1.6546991547137282,0.5696289159409168,0.6135474289424848,0.9414595588182476,1.0072349112026924,1.4003509280004742,1.658035407856526,1,Yeast
20.32,17.39908539357166,10.185727698207213,2.5129821411167454,3.142140229409756,3.944205292051723,1.8929924918536225,1.0965306548560187,2.0043139765516793,1.435278960263654,1.087116073920037,1.0656047116521692,0.14393338181875917,1.5633122455360573,2.2111911072521955,1.4084339258757927,0.7871467461661761,2.048211960243298,2.269691586686853,1.6814606445414446,1.5640626136548295,1.4114500880980054,0.48926832177124047,1.2303236006145644,2.006570577726982,1.6546991547137282,0.5696289159409168,0.6135474289424848,0.9414595588182476,1.0072349112026924,1.4003509280004742,1.658035407856526,0,E_coli
20.32,17.39908539357166,10.185727698207213,2.5129821411167454,3.142140229409756,3.944205292051723,1.8929924918536225,1.0965306548560187,2.0043139765516793,1.435278960263654,1.087116073920037,1.0656047116521692,0.14393338181875917,1.5633122455360573,2.2111911072521955,1.4084339258757927,0.7871467461661761,2.048211960243298,2.269691586686853,1.6814606445414446,1.5640626136548295,1.4114500880980054,0.48926832177124047,1.2303236006145644,2.006570577726982,1.6546991547137282,0.5696289159409168,0.6135474289424848,0.9414595588182476,1.0072349112026924,1.4003509280004742,1.658035407856526,2,Mammalian
35.980000000000004,21.719329890678146,0.46296010616212074,4.113632498423542,3.1044349978215,1.2683503562763805,4.182467127658828,1.68163673569019,1.3940239672172865,2.2347442774400434,4.287805085323481,3.348978696563619,3.5706816763483795,0.9630569488506878,2.5797647468600347,1.1614425564880186,0.9304837451562487,2.0363703723556443,0.3852745751716688,3.0714782370503477,0.6883635261518769,1.9719847281578127,0.6376404295444836,1.3165948245742354,1.452548511693766,2.604574536512513,0.8506491719675411,0.4418292752399438,2.275010190384804,1.5275389618430215,1.0758960162838678,0.8276646527781851,2,Mammalian
35.980000000000004,21.719329890678146,0.46296010616212074,4.113632498423542,3.1044349978215,1.2683503562763805,4.182467127658828,1.68163673569019,1.3940239672172865,2.2347442774400434,4.287805085323481,3.348978696563619,3.5706816763483795,0.9630569488506878,2.5797647468600347,1.1614425564880186,0.9304837451562487,2.0363703723556443,0.3852745751716688,3.0714782370503477,0.6883635261518769,1.9719847281578127,0.6376404295444836,1.3165948245742354,1.452548511693766,2.604574536512513,0.8506491719675411,0.4418292752399438,2.275010190384804,1.5275389618430215,1.0758960162838678,0.8276646527781851,1,Yeast
35.980000000000004,21.719329890678146,0.46296010616212074,4.113632498423542,3.1044349978215,1.2683503562763805,4.182467127658828,1.68163673569019,1.3940239672172865,2.2347442774400434,4.287805085323481,3.348978696563619,3.5706816763483795,0.9630569488506878,2.5797647468600347,1.1614425564880186,0.9304837451562487,2.0363703723556443,0.3852745751716688,3.0714782370503477,0.6883635261518769,1.9719847281578127,0.6376404295444836,1.3165948245742354,1.452548511693766,2.604574536512513,0.8506491719675411,0.4418292752399438,2.275010190384804,1.5275389618430215,1.0758960162838678,0.8276646527781851,0,E_coli
15.100000000000001,13.869862066205032,10.564671638686988,6.213343923332091,2.2827667893257337,1.8356986611069062,2.772121287161771,2.3308300510457944,1.0964362873603752,1.1367461302107449,1.9718309916303174,2.0825414897435515,1.5568673189990656,0.9372200459108215,0.6823816911763236,0.3709279433078678,0.33734255586866013,1.2042667700756238,1.8037801725215632,1.8116272908506486,1.1911885964381927,0.2314620625386774,0.6921141142182696,1.0977500216241733,0.9238113810510229,0.7542025792461574,1.3460110974140558,1.844993313639607,1.7685614674926495,1.2059079610145353,1.0400498890616294,1.645985394760988,2,Mammalian
15.100000000000001,13.869862066205032,10.564671638686988,6.213343923332091,2.2827667893257337,1.8356986611069062,2.772121287161771,2.3308300510457944,1.0964362873603752,1.1367461302107449,1.9718309916303174,2.0825414897435515,1.5568673189990656,0.9372200459108215,0.6823816911763236,0.3709279433078678,0.33734255586866013,1.2042667700756238,1.8037801725215632,1.8116272908506486,1.1911885964381927,0.2314620625386774,0.6921141142182696,1.0977500216241733,0.9238113810510229,0.7542025792461574,1.3460110974140558,1.844993313639607,1.7685614674926495,1.2059079610145353,1.0400498890616294,1.645985394760988,1,Yeast
15.100000000000001,13.869862066205032,10.564671638686988,6.213343923332091,2.2827667893257337,1.8356986611069062,2.772121287161771,2.3308300510457944,1.0964362873603752,1.1367461302107449,1.9718309916303174,2.0825414897435515,1.5568673189990656,0.9372200459108215,0.6823816911763236,0.3709279433078678,0.33734255586866013,1.2042667700756238,1.8037801725215632,1.8116272908506486,1.1911885964381927,0.2314620625386774,0.6921141142182696,1.0977500216241733,0.9238113810510229,0.7542025792461574,1.3460110974140558,1.844993313639607,1.7685614674926495,1.2059079610145353,1.0400498890616294,1.645985394760988,0,E_coli
15.040000000000001,13.661253588980994,9.961430602281983,5.090272665156101,0.5582757994641195,2.6683180197516334,3.711392745532182,2.889998251536164,1.1839496261847737,1.4074903089610329,2.335387784555169,2.116912260339759,0.9635541826029107,1.0743548773771798,2.2534075696587825,2.5783235789169985,1.8798404187589968,0.6335553973041865,1.2686643656757577,2.2617989052006817,2.4563452507683268,1.859027231044922,0.8859859291554798,0.7312732780263774,1.2903733113548708,1.431714146333127,1.1403311361121542,0.6444491142476555,0.39681164039002376,0.8447822865287298,1.4223737292646803,1.8828381513889492,1,Yeast
15.040000000000001,13.661253588980994,9.961430602281983,5.090272665156101,0.5582757994641195,2.6683180197516334,3.711392745532182,2.889998251536164,1.1839496261847737,1.4074903089610329,2.335387784555169,2.116912260339759,0.9635541826029107,1.0743548773771798,2.2534075696587825,2.5783235789169985,1.8798404187589968,0.6335553973041865,1.2686643656757577,2.2617989052006817,2.4563452507683268,1.859027231044922,0.8859859291554798,0.7312732780263774,1.2903733113548708,1.431714146333127,1.1403311361121542,0.6444491142476555,0.39681164039002376,0.8447822865287298,1.4223737292646803,1.8828381513889492,2,Mammalian
15.040000000000001,13.661253588980994,9.961430602281983,5.090272665156101,0.5582757994641195,2.6683180197516334,3.711392745532182,2.889998251536164,1.1839496261847737,1.4074903089610329,2.335387784555169,2.116912260339759,0.9635541826029107,1.0743548773771798,2.2534075696587825,2.5783235789169985,1.8798404187589968,0.6335553973041865,1.2686643656757577,2.2617989052006817,2.4563452507683268,1.859027231044922,0.8859859291554798,0.7312732780263774,1.2903733113548708,1.431714146333127,1.1403311361121542,0.6444491142476555,0.39681164039002376,0.8447822865287298,1.4223737292646803,1.8828381513889492,0,E_coli
14.360000000000001,13.152339938564452,9.914922246195774,5.667499607765204,1.7837661876397954,1.5005169354272285,2.350534461059169,1.7265692891067324,0.460308299176024,1.4086123528160583,2.1594747007306547,2.024306448055922,1.5509527757941988,1.8150403860865125,2.3244976767423378,2.178876264746019,1.2391125856838034,0.36735304576006567,1.6017686801518545,2.3903696212400334,2.4292304796503377,1.8503420676156113,1.0371154484768064,0.49951628069890813,0.6435186630624448,1.0447875269776008,1.471791127055982,1.6629131287045336,1.3834604988314818,0.6254542429807223,0.38683806317863895,1.2155572746817453,2,Mammalian
14.360000000000001,13.152339938564452,9.914922246195774,5.667499607765204,1.7837661876397954,1.5005169354272285,2.350534461059169,1.7265692891067324,0.460308299176024,1.4086123528160583,2.1594747007306547,2.024306448055922,1.5509527757941988,1.8150403860865125,2.3244976767423378,2.178876264746019,1.2391125856838034,0.36735304576006567,1.6017686801518545,2.3903696212400334,2.4292304796503377,1.8503420676156113,1.0371154484768064,0.49951628069890813,0.6435186630624448,1.0447875269776008,1.471791127055982,1.6629131287045336,1.3834604988314818,0.6254542429807223,0.38683806317863895,1.2155572746817453,1,Yeast
14.360000000000001,13.152339938564452,9.914922246195774,5.667499607765204,1.7837661876397954,1.5005169354272285,2.350534461059169,1.7265692891067324,0.460308299176024,1.4086123528160583,2.1594747007306547,2.024306448055922,1.5509527757941988,1.8150403860865125,2.3244976767423378,2.178876264746019,1.2391125856838034,0.36735304576006567,1.6017686801518545,2.3903696212400334,2.4292304796503377,1.8503420676156113,1.0371154484768064,0.49951628069890813,0.6435186630624448,1.0447875269776008,1.471791127055982,1.6629131287045336,1.3834604988314818,0.6254542429807223,0.38683806317863895,1.2155572746817453,0,E_coli
20.46,17.045935432328395,8.734623604851524,0.8120643359161885,4.914950561490874,4.380608130627987,0.4951581817844239,3.5581785664656462,4.642338000299198,2.7152174082214726,0.8987529103201594,2.28710408675933,1.5919714910289178,0.9083622509568866,2.730249620187792,3.038184198462869,1.9944924166313596,1.365987612931068,1.546161420901128,1.2926390291611505,1.2045178560154717,1.0551769904149317,0.499197236802858,1.248803431636871,1.678540404928652,1.0646863054008133,0.6871514519880165,1.506108196139047,1.5217176099367424,0.9985509747667125,1.1815070611528806,1.5044498592369153,2,Mammalian
20.46,17.045935432328395,8.734623604851524,0.8120643359161885,4.914950561490874,4.380608130627987,0.4951581817844239,3.5581785664656462,4.642338000299198,2.7152174082214726,0.8987529103201594,2.28710408675933,1.5919714910289178,0.9083622509568866,2.730249620187792,3.038184198462869,1.9944924166313596,1.365987612931068,1.546161420901128,1.2926390291611505,1.2045178560154717,1.0551769904149317,0.499197236802858,1.248803431636871,1.678540404928652,1.0646863054008133,0.6871514519880165,1.506108196139047,1.5217176099367424,0.9985509747667125,1.1815070611528806,1.5044498592369153,0,E_coli
20.46,17.045935432328395,8.734623604851524,0.8120643359161885,4.914950561490874,4.380608130627987,0.4951581817844239,3.5581785664656462,4.642338000299198,2.7152174082214726,0.8987529103201594,2.28710408675933,1.5919714910289178,0.9083622509568866,2.730249620187792,3.038184198462869,1.9944924166313596,1.365987612931068,1.546161420901128,1.2926390291611505,1.2045178560154717,1.0551769904149317,0.499197236802858,1.248803431636871,1.678540404928652,1.0646863054008133,0.6871514519880165,1.506108196139047,1.5217176099367424,0.9985509747667125,1.1815070611528806,1.5044498592369153,1,Yeast
43.1,24.128815669312267,4.453506265383152,6.615333891111723,4.579966953177654,3.5518624108924635,2.6253596837280817,0.7456674606533821,3.347504496192402,0.8995808417257734,1.5975178471225624,2.1599940738651653,2.3768285837179333,1.0509122944905813,1.150657768534531,0.8052348639943498,3.0271108337819435,2.1922246934669025,1.825018617164229,1.0839846535689757,4.230626618201916,2.391811383858102,3.404308329225932,2.8948251925878203,2.110595567125938,1.7707486942575426,0.33597332770155847,1.2102260264287104,1.1326018756753864,1.116772219122306,1.5579491881073253,2.3427336256515012,2,Mammalian
43.1,24.128815669312267,4.453506265383152,6.615333891111723,4.579966953177654,3.5518624108924635,2.6253596837280817,0.7456674606533821,3.347504496192402,0.8995808417257734,1.5975178471225624,2.1599940738651653,2.3768285837179333,1.0509122944905813,1.150657768534531,0.8052348639943498,3.0271108337819435,2.1922246934669025,1.825018617164229,1.0839846535689757,4.230626618201916,2.391811383858102,3.404308329225932,2.8948251925878203,2.110595567125938,1.7707486942575426,0.33597332770155847,1.2102260264287104,1.1326018756753864,1.116772219122306,1.5579491881073253,2.3427336256515012,1,Yeast
43.1,24.128815669312267,4.453506265383152,6.615333891111723,4.579966953177654,3.5518624108924635,2.6253596837280817,0.7456674606533821,3.347504496192402,0.8995808417257734,1.5975178471225624,2.1599940738651653,2.3768285837179333,1.0509122944905813,1.150657768534531,0.8052348639943498,3.0271108337819435,2.1922246934669025,1.825018617164229,1.0839846535689757,4.230626618201916,2.391811383858102,3.404308329225932,2.8948251925878203,2.110595567125938,1.7707486942575426,0.33597332770155847,1.2102260264287104,1.1326018756753864,1.116772219122306,1.5579491881073253,2.3427336256515012,0,E_coli
20.299999999999997,17.877156553967186,11.634409773585208,4.140513347231062,1.953896874265878,4.599411027254954,4.009412402309554,1.6524092725345363,1.0078836869686851,1.8781184809004574,1.5726917688009405,1.4927123232413142,1.887290495401079,1.543610029012807,0.6453590113049268,0.9686002952520628,1.2354756169184404,0.6239682920009983,0.41869159062370787,1.0419667175049654,0.7316145528936973,0.43117969711461085,1.7684667126099132,2.5098310289785783,2.2550766003713507,1.2441402533041321,0.5718041586742559,1.125484624619216,1.3935428722134595,1.503369348849864,1.6475243845962206,1.6665617896207647,0,E_coli
20.299999999999997,17.877156553967186,11.634409773585208,4.140513347231062,1.953896874265878,4.599411027254954,4.009412402309554,1.6524092725345363,1.0078836869686851,1.8781184809004574,1.5726917688009405,1.4927123232413142,1.887290495401079,1.543610029012807,0.6453590113049268,0.9686002952520628,1.2354756169184404,0.6239682920009983,0.41869159062370787,1.0419667175049654,0.7316145528936973,0.43117969711461085,1.7684667126099132,2.5098310289785783,2.2550766003713507,1.2441402533041321,0.5718041586742559,1.125484624619216,1.3935428722134595,1.503369348849864,1.6475243845962206,1.6665617896207647,1,Yeast
20.299999999999997,17.877156553967186,11.634409773585208,4.140513347231062,1.953896874265878,4.599411027254954,4.009412402309554,1.6524092725345363,1.0078836869686851,1.8781184809004574,1.5726917688009405,1.4927123232413142,1.887290495401079,1.543610029012807,0.6453590113049268,0.9686002952520628,1.2354756169184404,0.6239682920009983,0.41869159062370787,1.0419667175049654,0.7316145528936973,0.43117969711461085,1.7684667126099132,2.5098310289785783,2.2550766003713507,1.2441402533041321,0.5718041586742559,1.125484624619216,1.3935428722134595,1.503369348849864,1.6475243845962206,1.6665617896207647,2,Mammalian
24.02,19.095067118912382,7.898620814224679,1.8924249919609424,4.85122807687847,2.0540641644318858,2.879729627743492,3.1488937635526897,0.33833381524034783,2.9114404286902116,2.5758205466596036,0.6126425165385537,3.170329916373837,3.0537495077998367,0.9008637310382706,0.6993464618021723,0.7810249675906649,2.138000039615131,2.6311314209185013,1.006830810524265,1.7089921684484748,2.731065208752547,1.5717890202725766,0.5382850474587971,1.513119370527293,1.6020654083579677,1.869816602002906,1.3993675328035238,1.047444574014717,1.958425962467061,1.5926556910328378,0.3153480033307595,0,E_coli
24.02,19.095067118912382,7.898620814224679,1.8924249919609424,4.85122807687847,2.0540641644318858,2.879729627743492,3.1488937635526897,0.33833381524034783,2.9114404286902116,2.5758205466596036,0.6126425165385537,3.170329916373837,3.0537495077998367,0.9008637310382706,0.6993464618021723,0.7810249675906649,2.138000039615131,2.6311314209185013,1.006830810524265,1.7089921684484748,2.731065208752547,1.5717890202725766,0.5382850474587971,1.513119370527293,1.6020654083579677,1.869816602002906,1.3993675328035238,1.047444574014717,1.958425962467061,1.5926556910328378,0.3153480033307595,1,Yeast
24.02,19.095067118912382,7.898620814224679,1.8924249919609424,4.85122807687847,2.0540641644318858,2.879729627743492,3.1488937635526897,0.33833381524034783,2.9114404286902116,2.5758205466596036,0.6126425165385537,3.170329916373837,3.0537495077998367,0.9008637310382706,0.6993464618021723,0.7810249675906649,2.138000039615131,2.6311314209185013,1.006830810524265,1.7089921684484748,2.731065208752547,1.5717890202725766,0.5382850474587971,1.513119370527293,1.6020654083579677,1.869816602002906,1.3993675328035238,1.047444574014717,1.958425962467061,1.5926556910328378,0.3153480033307595,2,Mammalian
5.6,5.552484233215557,5.411556688347048,5.182023828426297,4.871724089869602,4.4912827924272385,4.053798204322694,3.574495257791279,3.0704103785756693,2.560226443070841,2.0644996121419923,1.6067788994508454,1.2164308561316166,0.932280463914539,0.7926776633056585,0.7884449373016285,0.8485281374238571,0.9044709404378811,0.9197469959903949,0.8797949971840447,0.7817742604821172,0.6296104335265058,0.4321587286129053,0.206937221712752,0.12239324791349503,0.3639235468309672,0.6299417681405395,0.8838685983764184,1.1111387717484944,1.3003270322040064,1.4422744074553127,1.530217824102099,2,Mammalian
5.6,5.552484233215557,5.411556688347048,5.182023828426297,4.871724089869602,4.4912827924272385,4.053798204322694,3.574495257791279,3.0704103785756693,2.560226443070841,2.0644996121419923,1.6067788994508454,1.2164308561316166,0.932280463914539,0.7926776633056585,0.7884449373016285,0.8485281374238571,0.9044709404378811,0.9197469959903949,0.8797949971840447,0.7817742604821172,0.6296104335265058,0.4321587286129053,0.206937221712752,0.12239324791349503,0.3639235468309672,0.6299417681405395,0.8838685983764184,1.1111387717484944,1.3003270322040064,1.4422744074553127,1.530217824102099,0,E_coli
5.6,5.552484233215557,5.411556688347048,5.182023828426297,4.871724089869602,4.4912827924272385,4.053798204322694,3.574495257791279,3.0704103785756693,2.560226443070841,2.0644996121419923,1.6067788994508454,1.2164308561316166,0.932280463914539,0.7926776633056585,0.7884449373016285,0.8485281374238571,0.9044709404378811,0.9197469959903949,0.8797949971840447,0.7817742604821172,0.6296104335265058,0.4321587286129053,0.206937221712752,0.12239324791349503,0.3639235468309672,0.6299417681405395,0.8838685983764184,1.1111387717484944,1.3003270322040064,1.4422744074553127,1.530217824102099,1,Yeast
6.65,6.556452462890627,6.280666313890928,5.8369927430040045,5.24866276591023,4.546916001252034,3.770209466986665,2.964363556252868,2.1861776979632404,1.5184922100299354,1.107550121215588,1.0984315462284162,1.3436952094596102,1.605981808656622,1.7796448639439184,1.8309699352400166,1.7557049866079437,1.5654857646158882,1.2836001390288312,0.9460921687221184,0.617871980816794,0.46299156389612195,0.6289586940690243,0.912041300314066,1.1687716085395594,1.351140094381489,1.4391968499431789,1.4263891083077045,1.3166079785359055,1.124145762762067,0.8768364654751835,0.6304488442388201,1,Yeast
6.65,6.556452462890627,6.280666313890928,5.8369927430040045,5.24866276591023,4.546916001252034,3.770209466986665,2.964363556252868,2.1861776979632404,1.5184922100299354,1.107550121215588,1.0984315462284162,1.3436952094596102,1.605981808656622,1.7796448639439184,1.8309699352400166,1.7557049866079437,1.5654857646158882,1.2836001390288312,0.9460921687221184,0.617871980816794,0.46299156389612195,0.6289586940690243,0.912041300314066,1.1687716085395594,1.351140094381489,1.4391968499431789,1.4263891083077045,1.3166079785359055,1.124145762762067,0.8768364654751835,0.6304488442388201,2,Mammalian
6.65,6.556452462890627,6.280666313890928,5.8369927430040045,5.24866276591023,4.546916001252034,3.770209466986665,2.964363556252868,2.1861776979632404,1.5184922100299354,1.107550121215588,1.0984315462284162,1.3436952094596102,1.605981808656622,1.7796448639439184,1.8309699352400166,1.7557049866079437,1.5654857646158882,1.2836001390288312,0.9460921687221184,0.617871980816794,0.46299156389612195,0.6289586940690243,0.912041300314066,1.1687716085395594,1.351140094381489,1.4391968499431789,1.4263891083077045,1.3166079785359055,1.124145762762067,0.8768364654751835,0.6304488442388201,0,E_coli
6.91,6.807199910664724,6.504124108384482,6.016492251271175,5.369699187247127,4.597777063175406,3.7424139494558752,2.85309638716819,1.9922419441708132,1.2626558936545156,0.9031178145983563,1.0984668738724417,1.492244707893064,1.8284457182643008,2.0338118338896853,2.0902751869266947,2.002023975880409,1.7876319111970524,1.4787644217012041,1.1250177613461303,0.8158190271991524,0.7140606477588294,0.8876366360498145,1.169525481017665,1.4286959214215242,1.6079281925809137,1.6812245526788347,1.6387624110548322,1.4824222357690564,1.2241462486932009,0.8858532846120398,0.5066254491594033,0,E_coli
6.91,6.807199910664724,6.504124108384482,6.016492251271175,5.369699187247127,4.597777063175406,3.7424139494558752,2.85309638716819,1.9922419441708132,1.2626558936545156,0.9031178145983563,1.0984668738724417,1.492244707893064,1.8284457182643008,2.0338118338896853,2.0902751869266947,2.002023975880409,1.7876319111970524,1.4787644217012041,1.1250177613461303,0.8158190271991524,0.7140606477588294,0.8876366360498145,1.169525481017665,1.4286959214215242,1.6079281925809137,1.6812245526788347,1.6387624110548322,1.4824222357690564,1.2241462486932009,0.8858532846120398,0.5066254491594033,1,Yeast
6.91,6.807199910664724,6.504124108384482,6.016492251271175,5.369699187247127,4.597777063175406,3.7424139494558752,2.85309638716819,1.9922419441708132,1.2626558936545156,0.9031178145983563,1.0984668738724417,1.492244707893064,1.8284457182643008,2.0338118338896853,2.0902751869266947,2.002023975880409,1.7876319111970524,1.4787644217012041,1.1250177613461303,0.8158190271991524,0.7140606477588294,0.8876366360498145,1.169525481017665,1.4286959214215242,1.6079281925809137,1.6812245526788347,1.6387624110548322,1.4824222357690564,1.2241462486932009,0.8858532846120398,0.5066254491594033,2,Mammalian
18.900000000000002,16.3228179300311,9.87296895067121,2.8329507138760803,2.9766000276529034,4.0706648888058,2.3550815169525867,1.824704321369029,3.203119432560829,2.876831530529007,1.246863686983201,0.6575993138114992,1.0773354362302967,0.5844013006731292,0.669247759836299,0.6824632841105331,0.6463745044476926,2.041174695173919,2.9310961658148775,2.6009834080763654,1.3758248396538975,0.9630825909087793,1.3359023066853273,0.9215198110679543,0.9489077409059273,1.6513772625932945,1.591232385179474,0.7452263371859448,0.35539646004221204,0.8189293249819464,0.6402603530763729,0.4046961708445063,2,Mammalian
18.900000000000002,16.3228179300311,9.87296895067121,2.8329507138760803,2.9766000276529034,4.0706648888058,2.3550815169525867,1.824704321369029,3.203119432560829,2.876831530529007,1.246863686983201,0.6575993138114992,1.0773354362302967,0.5844013006731292,0.669247759836299,0.6824632841105331,0.6463745044476926,2.041174695173919,2.9310961658148775,2.6009834080763654,1.3758248396538975,0.9630825909087793,1.3359023066853273,0.9215198110679543,0.9489077409059273,1.6513772625932945,1.591232385179474,0.7452263371859448,0.35539646004221204,0.8189293249819464,0.6402603530763729,0.4046961708445063,0,E_coli
18.900000000000002,16.3228179300311,9.87296895067121,2.8329507138760803,2.9766000276529034,4.0706648888058,2.3550815169525867,1.824704321369029,3.203119432560829,2.876831530529007,1.246863686983201,0.6575993138114992,1.0773354362302967,0.5844013006731292,0.669247759836299,0.6824632841105331,0.6463745044476926,2.041174695173919,2.9310961658148775,2.6009834080763654,1.3758248396538975,0.9630825909087793,1.3359023066853273,0.9215198110679543,0.9489077409059273,1.6513772625932945,1.591232385179474,0.7452263371859448,0.35539646004221204,0.8189293249819464,0.6402603530763729,0.4046961708445063,1,Yeast
40.64,22.215203652661952,4.608482988806711,5.597380966621893,3.433774438093579,1.0097848408056451,3.6245872010441857,1.9576472002570817,3.178084229426057,1.6589437133876814,2.020638606035384,2.6550575170903987,1.448838360647378,4.2984691857306885,0.9543430446811542,2.675179128349101,1.1686744627996266,1.8002330658351906,2.2724850363014646,2.247517240246479,1.9288342396117482,1.13174516606585,3.049321631156058,0.3549344020474339,2.353588883104564,1.4451678215656307,0.7613147391761227,2.2057005720142002,2.05291475446817,0.4339865453086703,0.9127707040855333,0.6862884762241399,0,E_coli
40.64,22.215203652661952,4.608482988806711,5.597380966621893,3.433774438093579,1.0097848408056451,3.6245872010441857,1.9576472002570817,3.178084229426057,1.6589437133876814,2.020638606035384,2.6550575170903987,1.448838360647378,4.2984691857306885,0.9543430446811542,2.675179128349101,1.1686744627996266,1.8002330658351906,2.2724850363014646,2.247517240246479,1.9288342396117482,1.13174516606585,3.049321631156058,0.3549344020474339,2.353588883104564,1.4451678215656307,0.7613147391761227,2.2057005720142002,2.05291475446817,0.4339865453086703,0.9127707040855333,0.6862884762241399,2,Mammalian
40.64,22.215203652661952,4.608482988806711,5.597380966621893,3.433774438093579,1.0097848408056451,3.6245872010441857,1.9576472002570817,3.178084229426057,1.6589437133876814,2.020638606035384,2.6550575170903987,1.448838360647378,4.2984691857306885,0.9543430446811542,2.675179128349101,1.1686744627996266,1.8002330658351906,2.2724850363014646,2.247517240246479,1.9288342396117482,1.13174516606585,3.049321631156058,0.3549344020474339,2.353588883104564,1.4451678215656307,0.7613147391761227,2.2057005720142002,2.05291475446817,0.4339865453086703,0.9127707040855333,0.6862884762241399,1,Yeast
18.66,16.431070764230853,10.724064055827215,3.9988770722338947,1.6129887777154694,3.5707024833002086,2.712679036054993,0.5167824317392788,1.652405891914322,2.1185562566131773,1.382771624007766,1.3933422137255491,1.9648671248243164,1.6656227310793836,1.1719334117016484,1.5663737209477502,1.5102979838429247,0.642348869728261,1.418576950405295,2.4729695872005664,2.4341939959889975,1.317095292271249,0.47171003151050483,1.5563812101217323,1.9716883040599575,1.8793445840376402,1.7779229273290045,1.5797681101826766,1.0191486518853343,0.4837939601179409,0.649350779369556,0.5638204234502618,1,Yeast
18.66,16.431070764230853,10.724064055827215,3.9988770722338947,1.6129887777154694,3.5707024833002086,2.712679036054993,0.5167824317392788,1.652405891914322,2.1185562566131773,1.382771624007766,1.3933422137255491,1.9648671248243164,1.6656227310793836,1.1719334117016484,1.5663737209477502,1.5102979838429247,0.642348869728261,1.418576950405295,2.4729695872005664,2.4341939959889975,1.317095292271249,0.47171003151050483,1.5563812101217323,1.9716883040599575,1.8793445840376402,1.7779229273290045,1.5797681101826766,1.0191486518853343,0.4837939601179409,0.649350779369556,0.5638204234502618,2,Mammalian
18.66,16.431070764230853,10.724064055827215,3.9988770722338947,1.6129887777154694,3.5707024833002086,2.712679036054993,0.5167824317392788,1.652405891914322,2.1185562566131773,1.382771624007766,1.3933422137255491,1.9648671248243164,1.6656227310793836,1.1719334117016484,1.5663737209477502,1.5102979838429247,0.642348869728261,1.418576950405295,2.4729695872005664,2.4341939959889975,1.317095292271249,0.47171003151050483,1.5563812101217323,1.9716883040599575,1.8793445840376402,1.7779229273290045,1.5797681101826766,1.0191486518853343,0.4837939601179409,0.649350779369556,0.5638204234502618,0,E_coli
20.32,17.17498664511291,9.449921143900522,1.6641854734450412,4.393135372541296,4.816887420833078,2.069164513249546,0.9265402725331918,1.8770238441437341,0.7777293649450948,1.8229874169712883,2.572511840131885,1.3475440493990076,1.183312320440303,2.9625468188957425,3.114514889860887,2.1609257275528932,2.0328213994810476,2.0927125407364144,0.9962259433467683,0.7118014459159893,1.8475588387625688,1.7333309340500536,0.6979535641070717,0.32369968877939487,0.393668087054229,0.5322848555086558,1.7854887160104418,2.5512791566286284,2.4015191299100844,1.5463417287558308,0.5955228855048825,2,Mammalian
20.32,17.17498664511291,9.449921143900522,1.6641854734450412,4.393135372541296,4.816887420833078,2.069164513249546,0.9265402725331918,1.8770238441437341,0.7777293649450948,1.8229874169712883,2.572511840131885,1.3475440493990076,1.183312320440303,2.9625468188957425,3.114514889860887,2.1609257275528932,2.0328213994810476,2.0927125407364144,0.9962259433467683,0.7118014459159893,1.8475588387625688,1.7333309340500536,0.6979535641070717,0.32369968877939487,0.393668087054229,0.5322848555086558,1.7854887160104418,2.5512791566286284,2.4015191299100844,1.5463417287558308,0.5955228855048825,0,E_coli
20.32,17.17498664511291,9.449921143900522,1.6641854734450412,4.393135372541296,4.816887420833078,2.069164513249546,0.9265402725331918,1.8770238441437341,0.7777293649450948,1.8229874169712883,2.572511840131885,1.3475440493990076,1.183312320440303,2.9625468188957425,3.114514889860887,2.1609257275528932,2.0328213994810476,2.0927125407364144,0.9962259433467683,0.7118014459159893,1.8475588387625688,1.7333309340500536,0.6979535641070717,0.32369968877939487,0.393668087054229,0.5322848555086558,1.7854887160104418,2.5512791566286284,2.4015191299100844,1.5463417287558308,0.5955228855048825,1,Yeast
27.29,21.0476418374253,7.174248066308368,4.418241477891724,6.732512070320864,1.9922315784546567,3.4720613645725202,3.581895709152813,0.3585787645941517,3.017606113879224,2.372772063560425,0.8869413569668043,1.6492140848952668,1.1711463579546895,2.3238024664845387,1.7539403428982783,0.9139474820797964,2.602363019641261,1.653586030328417,0.9716450951592143,2.4675030299376055,1.6522670933365198,1.2832885237481286,1.7091520903898243,0.7258245446264074,1.379669389517141,1.34705613129276,1.9920667712450744,3.59449619869262,3.591603540849973,2.145579870134572,0.6886516628749814,2,Mammalian
27.29,21.0476418374253,7.174248066308368,4.418241477891724,6.732512070320864,1.9922315784546567,3.4720613645725202,3.581895709152813,0.3585787645941517,3.017606113879224,2.372772063560425,0.8869413569668043,1.6492140848952668,1.1711463579546895,2.3238024664845387,1.7539403428982783,0.9139474820797964,2.602363019641261,1.653586030328417,0.9716450951592143,2.4675030299376055,1.6522670933365198,1.2832885237481286,1.7091520903898243,0.7258245446264074,1.379669389517141,1.34705613129276,1.9920667712450744,3.59449619869262,3.591603540849973,2.145579870134572,0.6886516628749814,0,E_coli
27.29,21.0476418374253,7.174248066308368,4.418241477891724,6.732512070320864,1.9922315784546567,3.4720613645725202,3.581895709152813,0.3585787645941517,3.017606113879224,2.372772063560425,0.8869413569668043,1.6492140848952668,1.1711463579546895,2.3238024664845387,1.7539403428982783,0.9139474820797964,2.602363019641261,1.653586030328417,0.9716450951592143,2.4675030299376055,1.6522670933365198,1.2832885237481286,1.7091520903898243,0.7258245446264074,1.379669389517141,1.34705613129276,1.9920667712450744,3.59449619869262,3.591603540849973,2.145579870134572,0.6886516628749814,1,Yeast
17.46,15.503459367486146,10.4431321563546,4.402455158755556,1.879743739341646,3.6404276865552654,3.036533168787491,0.9182333540304107,1.936614536927421,2.9315410413394485,2.150763988333976,0.47898928841025323,2.108534196191529,3.183477767807377,2.8734716582815794,1.69329408272707,1.247798060585125,1.7739153881488554,1.7708832412717277,1.4177677094317995,1.3236860373206107,1.1623058078374822,0.4956953788983615,0.6034921000447762,1.4015434832217626,1.5906460832013554,1.1377691850625686,0.5738352162896744,0.7634803812144015,0.9416730234769116,0.8953054752138925,0.9783365114308894,1,Yeast
17.46,15.503459367486146,10.4431321563546,4.402455158755556,1.879743739341646,3.6404276865552654,3.036533168787491,0.9182333540304107,1.936614536927421,2.9315410413394485,2.150763988333976,0.47898928841025323,2.108534196191529,3.183477767807377,2.8734716582815794,1.69329408272707,1.247798060585125,1.7739153881488554,1.7708832412717277,1.4177677094317995,1.3236860373206107,1.1623058078374822,0.4956953788983615,0.6034921000447762,1.4015434832217626,1.5906460832013554,1.1377691850625686,0.5738352162896744,0.7634803812144015,0.9416730234769116,0.8953054752138925,0.9783365114308894,2,Mammalian
17.46,15.503459367486146,10.4431321563546,4.402455158755556,1.879743739341646,3.6404276865552654,3.036533168787491,0.9182333540304107,1.936614536927421,2.9315410413394485,2.150763988333976,0.47898928841025323,2.108534196191529,3.183477767807377,2.8734716582815794,1.69329408272707,1.247798060585125,1.7739153881488554,1.7708832412717277,1.4177677094317995,1.3236860373206107,1.1623058078374822,0.4956953788983615,0.6034921000447762,1.4015434832217626,1.5906460832013554,1.1377691850625686,0.5738352162896744,0.7634803812144015,0.9416730234769116,0.8953054752138925,0.9783365114308894,0,E_coli
5.9,5.84414982785962,5.678438008387079,5.4083203195189675,5.042693316871322,4.5936171678155615,4.075968181020487,3.507081310607355,2.906515468163001,2.296289719296177,1.7027012826784351,1.1640268268733018,0.7612018700791928,0.6629912295144005,0.8686471465306819,1.1506829142829667,1.3986421987055875,1.578379674401079,1.678925838610604,1.69864038134376,1.6412612205586445,1.514358986652204,1.3284492662337062,1.0962873694730773,0.8322066049540889,0.5514804698797557,0.26987999088829395,0.026783394650143184,0.24264672027373124,0.44323490061107723,0.5943744737198827,0.6881981723758495,2,Mammalian
5.9,5.84414982785962,5.678438008387079,5.4083203195189675,5.042693316871322,4.5936171678155615,4.075968181020487,3.507081310607355,2.906515468163001,2.296289719296177,1.7027012826784351,1.1640268268733018,0.7612018700791928,0.6629912295144005,0.8686471465306819,1.1506829142829667,1.3986421987055875,1.578379674401079,1.678925838610604,1.69864038134376,1.6412612205586445,1.514358986652204,1.3284492662337062,1.0962873694730773,0.8322066049540889,0.5514804698797557,0.26987999088829395,0.026783394650143184,0.24264672027373124,0.44323490061107723,0.5943744737198827,0.6881981723758495,0,E_coli
5.9,5.84414982785962,5.678438008387079,5.4083203195189675,5.042693316871322,4.5936171678155615,4.075968181020487,3.507081310607355,2.906515468163001,2.296289719296177,1.7027012826784351,1.1640268268733018,0.7612018700791928,0.6629912295144005,0.8686471465306819,1.1506829142829667,1.3986421987055875,1.578379674401079,1.678925838610604,1.69864038134376,1.6412612205586445,1.514358986652204,1.3284492662337062,1.0962873694730773,0.8322066049540889,0.5514804698797557,0.26987999088829395,0.026783394650143184,0.24264672027373124,0.44323490061107723,0.5943744737198827,0.6881981723758495,1,Yeast
10.82,10.470503153802925,9.459178275663517,7.892921170057559,5.93524944427501,3.786949013372349,1.668002706283268,0.41220724029791034,1.8440526369770618,2.888149461074163,3.406140251467048,3.4123839478385785,2.982424328085711,2.2364036365844076,1.321643803579779,0.41904075263542506,0.5403702434442519,1.154322895220132,1.5312821442396827,1.6459443204593498,1.5327167375244264,1.265975152052506,0.9522834724907139,0.7222661720151411,0.6614150527905648,0.687074884054788,0.6690452976320671,0.5595532453637432,0.3793923615311004,0.21790766666467246,0.25197050881486543,0.3703816036697516,2,Mammalian
10.82,10.470503153802925,9.459178275663517,7.892921170057559,5.93524944427501,3.786949013372349,1.668002706283268,0.41220724029791034,1.8440526369770618,2.888149461074163,3.406140251467048,3.4123839478385785,2.982424328085711,2.2364036365844076,1.321643803579779,0.41904075263542506,0.5403702434442519,1.154322895220132,1.5312821442396827,1.6459443204593498,1.5327167375244264,1.265975152052506,0.9522834724907139,0.7222661720151411,0.6614150527905648,0.687074884054788,0.6690452976320671,0.5595532453637432,0.3793923615311004,0.21790766666467246,0.25197050881486543,0.3703816036697516,1,Yeast
10.82,10.470503153802925,9.459178275663517,7.892921170057559,5.93524944427501,3.786949013372349,1.668002706283268,0.41220724029791034,1.8440526369770618,2.888149461074163,3.406140251467048,3.4123839478385785,2.982424328085711,2.2364036365844076,1.321643803579779,0.41904075263542506,0.5403702434442519,1.154322895220132,1.5312821442396827,1.6459443204593498,1.5327167375244264,1.265975152052506,0.9522834724907139,0.7222661720151411,0.6614150527905648,0.687074884054788,0.6690452976320671,0.5595532453637432,0.3793923615311004,0.21790766666467246,0.25197050881486543,0.3703816036697516,0,E_coli
17.84,15.533689144344931,9.639611737480514,2.72383961429824,2.6396418728724407,4.533203486699147,3.2875596776602167,0.8322286833046345,2.1401458658574946,2.671968960064485,1.4367868751748394,0.6236098554461246,2.0399771094481376,2.195081972127892,1.2679302494348639,0.2925486266473814,0.5688585061331158,0.2806879132475329,0.853162616594965,1.6051416104082803,1.7401262052279318,1.461397463773943,1.4686941051225102,1.5918827030610971,1.3136878140764927,0.8574958182732032,0.7718374458245819,1.0400489207200556,1.771424558310384,2.569744699332769,2.702656361210224,1.8519062917704143,0,E_coli
17.84,15.533689144344931,9.639611737480514,2.72383961429824,2.6396418728724407,4.533203486699147,3.2875596776602167,0.8322286833046345,2.1401458658574946,2.671968960064485,1.4367868751748394,0.6236098554461246,2.0399771094481376,2.195081972127892,1.2679302494348639,0.2925486266473814,0.5688585061331158,0.2806879132475329,0.853162616594965,1.6051416104082803,1.7401262052279318,1.461397463773943,1.4686941051225102,1.5918827030610971,1.3136878140764927,0.8574958182732032,0.7718374458245819,1.0400489207200556,1.771424558310384,2.569744699332769,2.702656361210224,1.8519062917704143,2,Mammalian
17.84,15.533689144344931,9.639611737480514,2.72383961429824,2.6396418728724407,4.533203486699147,3.2875596776602167,0.8322286833046345,2.1401458658574946,2.671968960064485,1.4367868751748394,0.6236098554461246,2.0399771094481376,2.195081972127892,1.2679302494348639,0.2925486266473814,0.5688585061331158,0.2806879132475329,0.853162616594965,1.6051416104082803,1.7401262052279318,1.461397463773943,1.4686941051225102,1.5918827030610971,1.3136878140764927,0.8574958182732032,0.7718374458245819,1.0400489207200556,1.771424558310384,2.569744699332769,2.702656361210224,1.8519062917704143,1,Yeast
11.58,10.92929204797727,9.105780729504792,6.4650184106464765,3.507169398785934,0.7850349963471556,1.395661154660807,2.5999139713685118,2.8833962712739756,2.4156346282564414,1.5182498367285153,0.5802525001248082,0.32768347824509475,0.5870619199416071,0.5569319144785385,0.646673865181552,1.103539759138745,1.5304045744323367,1.6652689704401744,1.423021731069077,0.871340046277094,0.2831039696840115,0.5853699515961373,0.9294063388915407,0.9256489306445155,0.6889992313191149,0.843539670948958,1.4915743970597515,2.1005601324548024,2.419103352097817,2.3896220669494923,2.147747450077542,2,Mammalian
11.58,10.92929204797727,9.105780729504792,6.4650184106464765,3.507169398785934,0.7850349963471556,1.395661154660807,2.5999139713685118,2.8833962712739756,2.4156346282564414,1.5182498367285153,0.5802525001248082,0.32768347824509475,0.5870619199416071,0.5569319144785385,0.646673865181552,1.103539759138745,1.5304045744323367,1.6652689704401744,1.423021731069077,0.871340046277094,0.2831039696840115,0.5853699515961373,0.9294063388915407,0.9256489306445155,0.6889992313191149,0.843539670948958,1.4915743970597515,2.1005601324548024,2.419103352097817,2.3896220669494923,2.147747450077542,1,Yeast
11.58,10.92929204797727,9.105780729504792,6.4650184106464765,3.507169398785934,0.7850349963471556,1.395661154660807,2.5999139713685118,2.8833962712739756,2.4156346282564414,1.5182498367285153,0.5802525001248082,0.32768347824509475,0.5870619199416071,0.5569319144785385,0.646673865181552,1.103539759138745,1.5304045744323367,1.6652689704401744,1.423021731069077,0.871340046277094,0.2831039696840115,0.5853699515961373,0.9294063388915407,0.9256489306445155,0.6889992313191149,0.843539670948958,1.4915743970597515,2.1005601324548024,2.419103352097817,2.3896220669494923,2.147747450077542,0,E_coli
23.69,19.385717282497428,9.150522850097373,1.2415603007296871,6.061359094126079,5.100957429274807,2.1714278461447885,2.993477831646139,2.711094260390977,1.1354301390704604,1.3025451247641653,1.2750173913232266,1.729816348784877,2.201541349552759,1.4883656179958273,0.2979378579105214,0.45398237851264683,0.708503891784002,1.4194627466180447,1.6323828586910236,1.4213838496283895,1.3214767672965984,0.657944443521375,0.6182722248998156,1.33257942025048,0.6117366460461136,1.330160523543764,2.756272067282783,2.6256673977385696,1.6144357390575594,1.8562015692705758,1.6525501105548206,2,Mammalian
23.69,19.385717282497428,9.150522850097373,1.2415603007296871,6.061359094126079,5.100957429274807,2.1714278461447885,2.993477831646139,2.711094260390977,1.1354301390704604,1.3025451247641653,1.2750173913232266,1.729816348784877,2.201541349552759,1.4883656179958273,0.2979378579105214,0.45398237851264683,0.708503891784002,1.4194627466180447,1.6323828586910236,1.4213838496283895,1.3214767672965984,0.657944443521375,0.6182722248998156,1.33257942025048,0.6117366460461136,1.330160523543764,2.756272067282783,2.6256673977385696,1.6144357390575594,1.8562015692705758,1.6525501105548206,1,Yeast
23.69,19.385717282497428,9.150522850097373,1.2415603007296871,6.061359094126079,5.100957429274807,2.1714278461447885,2.993477831646139,2.711094260390977,1.1354301390704604,1.3025451247641653,1.2750173913232266,1.729816348784877,2.201541349552759,1.4883656179958273,0.2979378579105214,0.45398237851264683,0.708503891784002,1.4194627466180447,1.6323828586910236,1.4213838496283895,1.3214767672965984,0.657944443521375,0.6182722248998156,1.33257942025048,0.6117366460461136,1.330160523543764,2.756272067282783,2.6256673977385696,1.6144357390575594,1.8562015692705758,1.6525501105548206,0,E_coli
19.880000000000003,16.710822509170065,8.940657622894495,0.7178647015871364,4.283481443905524,4.471366042264385,1.5946881356429996,1.7630244029074718,2.516759930471262,0.9447238197288382,1.6636734012378647,2.971601458039549,2.5587205251412257,1.6545647705610862,1.847793054125667,1.8133149147064582,1.4005713120009273,1.2915137730482082,1.1106286878362253,1.3246944047864597,1.6170954367533246,0.9783639869869541,1.0299034812119592,2.275117926120056,2.2881257509967172,1.0110498321591612,1.4175704617865583,2.321560665777144,1.7362425931791992,0.408803551572307,1.2505036530812488,1.272450916381886,2,Mammalian
19.880000000000003,16.710822509170065,8.940657622894495,0.7178647015871364,4.283481443905524,4.471366042264385,1.5946881356429996,1.7630244029074718,2.516759930471262,0.9447238197288382,1.6636734012378647,2.971601458039549,2.5587205251412257,1.6545647705610862,1.847793054125667,1.8133149147064582,1.4005713120009273,1.2915137730482082,1.1106286878362253,1.3246944047864597,1.6170954367533246,0.9783639869869541,1.0299034812119592,2.275117926120056,2.2881257509967172,1.0110498321591612,1.4175704617865583,2.321560665777144,1.7362425931791992,0.408803551572307,1.2505036530812488,1.272450916381886,0,E_coli
19.880000000000003,16.710822509170065,8.940657622894495,0.7178647015871364,4.283481443905524,4.471366042264385,1.5946881356429996,1.7630244029074718,2.516759930471262,0.9447238197288382,1.6636734012378647,2.971601458039549,2.5587205251412257,1.6545647705610862,1.847793054125667,1.8133149147064582,1.4005713120009273,1.2915137730482082,1.1106286878362253,1.3246944047864597,1.6170954367533246,0.9783639869869541,1.0299034812119592,2.275117926120056,2.2881257509967172,1.0110498321591612,1.4175704617865583,2.321560665777144,1.7362425931791992,0.408803551572307,1.2505036530812488,1.272450916381886,1,Yeast
18.689999999999998,16.009061039533456,9.203922821142111,1.3737067022470575,4.379501045210498,5.968454257498023,3.8272102703540614,0.9133420494549731,3.367399826973751,4.075112161302869,2.5787313744897298,0.362859035204636,1.3378394969251746,1.2362695698724842,0.6384065030642837,2.020759185422283,2.6585898517823314,2.0291995523608173,0.6826048665897495,0.5067309106965503,0.8929107724561264,1.0588216034146871,1.5269336925746233,1.5179197967904154,0.7332246622264897,0.9494932069756034,1.7841857459109882,1.6499496104655422,0.8407534881872046,1.3850934794278653,1.9794072857044476,1.440782049315839,1,Yeast
18.689999999999998,16.009061039533456,9.203922821142111,1.3737067022470575,4.379501045210498,5.968454257498023,3.8272102703540614,0.9133420494549731,3.367399826973751,4.075112161302869,2.5787313744897298,0.362859035204636,1.3378394969251746,1.2362695698724842,0.6384065030642837,2.020759185422283,2.6585898517823314,2.0291995523608173,0.6826048665897495,0.5067309106965503,0.8929107724561264,1.0588216034146871,1.5269336925746233,1.5179197967904154,0.7332246622264897,0.9494932069756034,1.7841857459109882,1.6499496104655422,0.8407534881872046,1.3850934794278653,1.9794072857044476,1.440782049315839,2,Mammalian
18.689999999999998,16.009061039533456,9.203922821142111,1.3737067022470575,4.379501045210498,5.968454257498023,3.8272102703540614,0.9133420494549731,3.367399826973751,4.075112161302869,2.5787313744897298,0.362859035204636,1.3378394969251746,1.2362695698724842,0.6384065030642837,2.020759185422283,2.6585898517823314,2.0291995523608173,0.6826048665897495,0.5067309106965503,0.8929107724561264,1.0588216034146871,1.5269336925746233,1.5179197967904154,0.7332246622264897,0.9494932069756034,1.7841857459109882,1.6499496104655422,0.8407534881872046,1.3850934794278653,1.9794072857044476,1.440782049315839,0,E_coli
20.87,17.550950186343258,9.41810209619685,1.7341710385328848,5.130681714310438,5.258074656784766,1.8326647333045967,1.98456856883991,3.548098091109492,2.363541613253753,0.487343897369331,1.699658015480081,1.2634891071817926,0.8536363660292784,2.4040552434397098,2.618317624650837,1.4043147795277235,0.20725984641589876,0.9200981361043643,0.4432788358456962,0.8793613527045809,1.7190932990244117,1.6077076926029983,0.6953481559969394,0.5207686010745769,1.1277832238038001,1.0670023767397838,0.37557350755360197,0.7113536629856064,1.7327336863004865,2.116862894996989,1.5759213884503251,2,Mammalian
20.87,17.550950186343258,9.41810209619685,1.7341710385328848,5.130681714310438,5.258074656784766,1.8326647333045967,1.98456856883991,3.548098091109492,2.363541613253753,0.487343897369331,1.699658015480081,1.2634891071817926,0.8536363660292784,2.4040552434397098,2.618317624650837,1.4043147795277235,0.20725984641589876,0.9200981361043643,0.4432788358456962,0.8793613527045809,1.7190932990244117,1.6077076926029983,0.6953481559969394,0.5207686010745769,1.1277832238038001,1.0670023767397838,0.37557350755360197,0.7113536629856064,1.7327336863004865,2.116862894996989,1.5759213884503251,1,Yeast
20.87,17.550950186343258,9.41810209619685,1.7341710385328848,5.130681714310438,5.258074656784766,1.8326647333045967,1.98456856883991,3.548098091109492,2.363541613253753,0.487343897369331,1.699658015480081,1.2634891071817926,0.8536363660292784,2.4040552434397098,2.618317624650837,1.4043147795277235,0.20725984641589876,0.9200981361043643,0.4432788358456962,0.8793613527045809,1.7190932990244117,1.6077076926029983,0.6953481559969394,0.5207686010745769,1.1277832238038001,1.0670023767397838,0.37557350755360197,0.7113536629856064,1.7327336863004865,2.116862894996989,1.5759213884503251,0,E_coli
16.58,15.107138560600061,11.171505104432823,6.055199794897038,1.6449087598341254,2.423437278390646,3.264178709989529,2.2417786807243893,0.19972484853609748,1.7333242092593162,2.658446037299678,2.292547137869316,1.1294716482233131,1.2287452638903626,2.0917153082362785,2.03782128882547,1.0007996802557448,0.5498673693450152,1.867165309134949,2.410627264293789,1.9960829645384646,0.8977955226687931,0.3394410365655136,1.0803876110743302,1.0509566998108115,0.39458736375344977,0.8012912000877126,1.518985438446956,1.587394647326243,0.9419027711333541,0.24740390186589384,1.122602082019637,1,Yeast
16.58,15.107138560600061,11.171505104432823,6.055199794897038,1.6449087598341254,2.423437278390646,3.264178709989529,2.2417786807243893,0.19972484853609748,1.7333242092593162,2.658446037299678,2.292547137869316,1.1294716482233131,1.2287452638903626,2.0917153082362785,2.03782128882547,1.0007996802557448,0.5498673693450152,1.867165309134949,2.410627264293789,1.9960829645384646,0.8977955226687931,0.3394410365655136,1.0803876110743302,1.0509566998108115,0.39458736375344977,0.8012912000877126,1.518985438446956,1.587394647326243,0.9419027711333541,0.24740390186589384,1.122602082019637,0,E_coli
16.58,15.107138560600061,11.171505104432823,6.055199794897038,1.6449087598341254,2.423437278390646,3.264178709989529,2.2417786807243893,0.19972484853609748,1.7333242092593162,2.658446037299678,2.292547137869316,1.1294716482233131,1.2287452638903626,2.0917153082362785,2.03782128882547,1.0007996802557448,0.5498673693450152,1.867165309134949,2.410627264293789,1.9960829645384646,0.8977955226687931,0.3394410365655136,1.0803876110743302,1.0509566998108115,0.39458736375344977,0.8012912000877126,1.518985438446956,1.587394647326243,0.9419027711333541,0.24740390186589384,1.122602082019637,2,Mammalian
17.05,15.575844652712227,11.622948920874293,6.430370824573249,1.6386095351647962,2.0157120421536763,3.107327287345935,2.3322914369162038,1.1288892433390831,2.203991846561478,3.0960071410525654,2.7521552442056847,1.453647880639113,1.0842288186804678,2.241055030868602,2.656939919748586,2.0874146689146365,0.9759463304490248,0.8492047231303997,1.4969075703032486,1.5599420995820619,1.203798813223804,1.1234073528091193,1.352305175019528,1.2611935126194203,0.7830780292204067,0.6770097080579378,1.1329750167116097,1.2364656389612834,0.8210921331960636,0.32992841086402813,0.8028669569357902,1,Yeast
17.05,15.575844652712227,11.622948920874293,6.430370824573249,1.6386095351647962,2.0157120421536763,3.107327287345935,2.3322914369162038,1.1288892433390831,2.203991846561478,3.0960071410525654,2.7521552442056847,1.453647880639113,1.0842288186804678,2.241055030868602,2.656939919748586,2.0874146689146365,0.9759463304490248,0.8492047231303997,1.4969075703032486,1.5599420995820619,1.203798813223804,1.1234073528091193,1.352305175019528,1.2611935126194203,0.7830780292204067,0.6770097080579378,1.1329750167116097,1.2364656389612834,0.8210921331960636,0.32992841086402813,0.8028669569357902,0,E_coli
17.05,15.575844652712227,11.622948920874293,6.430370824573249,1.6386095351647962,2.0157120421536763,3.107327287345935,2.3322914369162038,1.1288892433390831,2.203991846561478,3.0960071410525654,2.7521552442056847,1.453647880639113,1.0842288186804678,2.241055030868602,2.656939919748586,2.0874146689146365,0.9759463304490248,0.8492047231303997,1.4969075703032486,1.5599420995820619,1.203798813223804,1.1234073528091193,1.352305175019528,1.2611935126194203,0.7830780292204067,0.6770097080579378,1.1329750167116097,1.2364656389612834,0.8210921331960636,0.32992841086402813,0.8028669569357902,2,Mammalian
17.71,15.884346480270406,11.070652750848362,4.976819104425377,0.4100098314091757,3.4373504777716124,3.7557428910198105,2.011734031302613,0.41562218885749785,2.096333147387375,2.268038480854182,1.0563511270694945,0.9248855623206875,2.273818226176448,2.5171119523033973,1.5899365167261061,0.16763054614240133,1.1836080778147102,1.5049117190993238,0.800048822640144,0.4907662257118476,1.6353228540074036,2.0456100755078035,1.5781329775979314,0.5962031500497978,0.2699638720092751,0.5059162270098467,0.5611052934249697,1.5323273626934661,2.440501555014692,2.608056898069978,1.897935810446864,1,Yeast
17.71,15.884346480270406,11.070652750848362,4.976819104425377,0.4100098314091757,3.4373504777716124,3.7557428910198105,2.011734031302613,0.41562218885749785,2.096333147387375,2.268038480854182,1.0563511270694945,0.9248855623206875,2.273818226176448,2.5171119523033973,1.5899365167261061,0.16763054614240133,1.1836080778147102,1.5049117190993238,0.800048822640144,0.4907662257118476,1.6353228540074036,2.0456100755078035,1.5781329775979314,0.5962031500497978,0.2699638720092751,0.5059162270098467,0.5611052934249697,1.5323273626934661,2.440501555014692,2.608056898069978,1.897935810446864,0,E_coli
17.71,15.884346480270406,11.070652750848362,4.976819104425377,0.4100098314091757,3.4373504777716124,3.7557428910198105,2.011734031302613,0.41562218885749785,2.096333147387375,2.268038480854182,1.0563511270694945,0.9248855623206875,2.273818226176448,2.5171119523033973,1.5899365167261061,0.16763054614240133,1.1836080778147102,1.5049117190993238,0.800048822640144,0.4907662257118476,1.6353228540074036,2.0456100755078035,1.5781329775979314,0.5962031500497978,0.2699638720092751,0.5059162270098467,0.5611052934249697,1.5323273626934661,2.440501555014692,2.608056898069978,1.897935810446864,2,Mammalian
34.150000000000006,23.612447815187522,3.414077202557755,6.8438247899430085,2.880908218705655,3.405343332375455,2.3698867676152187,1.8939027751660635,1.9927630722092964,1.0783391750794409,1.6850464829914573,0.7157376532713777,1.596252436823706,0.8289828008783705,1.6697838225077628,0.69556647097967,1.847836572860273,2.265106106406706,2.001552350346639,1.1668086622549387,1.7152616554312443,1.2809382485860499,0.701207640724741,1.2335205004513847,2.3685217622050616,1.380161044264649,1.2543363721809655,1.659674036151435,0.40326597517749907,1.7077996900102304,0.952097788434663,0.5434635011193119,0,E_coli
34.150000000000006,23.612447815187522,3.414077202557755,6.8438247899430085,2.880908218705655,3.405343332375455,2.3698867676152187,1.8939027751660635,1.9927630722092964,1.0783391750794409,1.6850464829914573,0.7157376532713777,1.596252436823706,0.8289828008783705,1.6697838225077628,0.69556647097967,1.847836572860273,2.265106106406706,2.001552350346639,1.1668086622549387,1.7152616554312443,1.2809382485860499,0.701207640724741,1.2335205004513847,2.3685217622050616,1.380161044264649,1.2543363721809655,1.659674036151435,0.40326597517749907,1.7077996900102304,0.952097788434663,0.5434635011193119,1,Yeast
34.150000000000006,23.612447815187522,3.414077202557755,6.8438247899430085,2.880908218705655,3.405343332375455,2.3698867676152187,1.8939027751660635,1.9927630722092964,1.0783391750794409,1.6850464829914573,0.7157376532713777,1.596252436823706,0.8289828008783705,1.6697838225077628,0.69556647097967,1.847836572860273,2.265106106406706,2.001552350346639,1.1668086622549387,1.7152616554312443,1.2809382485860499,0.701207640724741,1.2335205004513847,2.3685217622050616,1.380161044264649,1.2543363721809655,1.659674036151435,0.40326597517749907,1.7077996900102304,0.952097788434663,0.5434635011193119,2,Mammalian
37.47,22.986281900222693,1.6826793818872883,8.736423285054007,0.4005146321881847,3.606300356179541,1.6816355250711519,3.095976778056782,2.209407636645629,4.2762808819951275,1.1279853748140642,1.9279956645978602,0.5733027159950919,1.727144453357888,1.627655576575704,1.9337620624695235,0.7451845409024538,0.6872134426980979,1.8605239561835607,1.4818279742084908,0.7733715493222156,1.605012319918532,1.7130301138279251,0.1251841927714437,1.3928093534766282,0.29844186303032827,2.372521772713334,1.6721808131567166,2.8532803002745397,2.4881174763619955,1.2742830346609073,2.2004708799069608,2,Mammalian
37.47,22.986281900222693,1.6826793818872883,8.736423285054007,0.4005146321881847,3.606300356179541,1.6816355250711519,3.095976778056782,2.209407636645629,4.2762808819951275,1.1279853748140642,1.9279956645978602,0.5733027159950919,1.727144453357888,1.627655576575704,1.9337620624695235,0.7451845409024538,0.6872134426980979,1.8605239561835607,1.4818279742084908,0.7733715493222156,1.605012319918532,1.7130301138279251,0.1251841927714437,1.3928093534766282,0.29844186303032827,2.372521772713334,1.6721808131567166,2.8532803002745397,2.4881174763619955,1.2742830346609073,2.2004708799069608,1,Yeast
37.47,22.986281900222693,1.6826793818872883,8.736423285054007,0.4005146321881847,3.606300356179541,1.6816355250711519,3.095976778056782,2.209407636645629,4.2762808819951275,1.1279853748140642,1.9279956645978602,0.5733027159950919,1.727144453357888,1.627655576575704,1.9337620624695235,0.7451845409024538,0.6872134426980979,1.8605239561835607,1.4818279742084908,0.7733715493222156,1.605012319918532,1.7130301138279251,0.1251841927714437,1.3928093534766282,0.29844186303032827,2.372521772713334,1.6721808131567166,2.8532803002745397,2.4881174763619955,1.2742830346609073,2.2004708799069608,0,E_coli
20.61,18.16509348197965,11.91966895476066,4.585419109892182,1.347205842613725,3.3444763222661673,2.2827594586637017,0.41732725392495407,2.355475831118451,2.6379843640954204,1.3396591859341447,0.3857994239281023,1.2445599668797298,0.7710066038977154,0.5186703458354225,1.5360723663208993,1.4541320435228713,0.49056851555401365,1.4832057086701156,2.2789722503294936,1.8080952554273069,0.47394428841692043,1.3506238111771487,2.070931787667626,1.7951973732759423,1.4647802291746548,1.772053954433019,1.584545862378883,0.8266186870432037,1.5341348038355864,2.445268191777244,2.5715684556204335,1,Yeast
20.61,18.16509348197965,11.91966895476066,4.585419109892182,1.347205842613725,3.3444763222661673,2.2827594586637017,0.41732725392495407,2.355475831118451,2.6379843640954204,1.3396591859341447,0.3857994239281023,1.2445599668797298,0.7710066038977154,0.5186703458354225,1.5360723663208993,1.4541320435228713,0.49056851555401365,1.4832057086701156,2.2789722503294936,1.8080952554273069,0.47394428841692043,1.3506238111771487,2.070931787667626,1.7951973732759423,1.4647802291746548,1.772053954433019,1.584545862378883,0.8266186870432037,1.5341348038355864,2.445268191777244,2.5715684556204335,2,Mammalian
20.61,18.16509348197965,11.91966895476066,4.585419109892182,1.347205842613725,3.3444763222661673,2.2827594586637017,0.41732725392495407,2.355475831118451,2.6379843640954204,1.3396591859341447,0.3857994239281023,1.2445599668797298,0.7710066038977154,0.5186703458354225,1.5360723663208993,1.4541320435228713,0.49056851555401365,1.4832057086701156,2.2789722503294936,1.8080952554273069,0.47394428841692043,1.3506238111771487,2.070931787667626,1.7951973732759423,1.4647802291746548,1.772053954433019,1.584545862378883,0.8266186870432037,1.5341348038355864,2.445268191777244,2.5715684556204335,0,E_coli
16.080000000000002,14.620491431301973,10.70457266166141,5.54898531409156,0.7562655123122537,2.73171075042014,3.9158711029932296,3.1626848002791688,1.3177390691376731,0.6795092345370254,1.7211305760814228,1.6585571792073766,0.7248987745477716,0.5367020775140193,1.3119491633358176,1.3472952164292635,0.82377181306476,0.8845780044381134,1.4304166012954318,1.4403695836704997,0.821558165585082,0.2942604290638916,0.8263091883342247,0.7268830957622443,0.2785026852082037,1.7187955724021433,3.098993451648037,3.7413145235409,3.282990469390171,1.8438038307362996,0.4694013501357389,1.778420399140697,2,Mammalian
16.080000000000002,14.620491431301973,10.70457266166141,5.54898531409156,0.7562655123122537,2.73171075042014,3.9158711029932296,3.1626848002791688,1.3177390691376731,0.6795092345370254,1.7211305760814228,1.6585571792073766,0.7248987745477716,0.5367020775140193,1.3119491633358176,1.3472952164292635,0.82377181306476,0.8845780044381134,1.4304166012954318,1.4403695836704997,0.821558165585082,0.2942604290638916,0.8263091883342247,0.7268830957622443,0.2785026852082037,1.7187955724021433,3.098993451648037,3.7413145235409,3.282990469390171,1.8438038307362996,0.4694013501357389,1.778420399140697,1,Yeast
16.080000000000002,14.620491431301973,10.70457266166141,5.54898531409156,0.7562655123122537,2.73171075042014,3.9158711029932296,3.1626848002791688,1.3177390691376731,0.6795092345370254,1.7211305760814228,1.6585571792073766,0.7248987745477716,0.5367020775140193,1.3119491633358176,1.3472952164292635,0.82377181306476,0.8845780044381134,1.4304166012954318,1.4403695836704997,0.821558165585082,0.2942604290638916,0.8263091883342247,0.7268830957622443,0.2785026852082037,1.7187955724021433,3.098993451648037,3.7413145235409,3.282990469390171,1.8438038307362996,0.4694013501357389,1.778420399140697,0,E_coli
38.56,22.110102695077412,3.0716157381562086,6.032108521000777,3.818186612303887,2.2427117614373944,4.426995032263812,2.5657618127045674,5.241426001430554,1.669286977268774,3.558449468760334,1.5243630548645875,1.7429382055382445,2.2273124924939114,1.942718490635071,1.9843605115820149,2.0376947759662145,2.8952197526249077,0.7277564845148841,2.7740449649594123,1.9296959315036926,0.5107967266219247,0.9130757134591592,0.9468433815477987,1.8952185814643443,1.872885638944358,1.926774682339625,2.852139029080945,0.4962771576816553,1.4859168504750178,2.1536890560336537,0.2805912541512118,1,Yeast
38.56,22.110102695077412,3.0716157381562086,6.032108521000777,3.818186612303887,2.2427117614373944,4.426995032263812,2.5657618127045674,5.241426001430554,1.669286977268774,3.558449468760334,1.5243630548645875,1.7429382055382445,2.2273124924939114,1.942718490635071,1.9843605115820149,2.0376947759662145,2.8952197526249077,0.7277564845148841,2.7740449649594123,1.9296959315036926,0.5107967266219247,0.9130757134591592,0.9468433815477987,1.8952185814643443,1.872885638944358,1.926774682339625,2.852139029080945,0.4962771576816553,1.4859168504750178,2.1536890560336537,0.2805912541512118,2,Mammalian
38.56,22.110102695077412,3.0716157381562086,6.032108521000777,3.818186612303887,2.2427117614373944,4.426995032263812,2.5657618127045674,5.241426001430554,1.669286977268774,3.558449468760334,1.5243630548645875,1.7429382055382445,2.2273124924939114,1.942718490635071,1.9843605115820149,2.0376947759662145,2.8952197526249077,0.7277564845148841,2.7740449649594123,1.9296959315036926,0.5107967266219247,0.9130757134591592,0.9468433815477987,1.8952185814643443,1.872885638944358,1.926774682339625,2.852139029080945,0.4962771576816553,1.4859168504750178,2.1536890560336537,0.2805912541512118,0,E_coli
33.36,18.420776407370536,4.422513442860515,4.303771375180014,4.65368711104647,2.50969407943576,2.8849229724433965,1.204054308007111,1.8353942510841015,2.5180637537032036,3.0459339787829722,2.052007524187008,2.8061362065423823,1.8915462125310587,0.8226136536840104,2.1492131551696843,0.6107372593840991,1.855295089077395,0.641692980888179,2.2879519376053823,3.2054092488749824,1.2546094538597747,1.675163254935625,2.185120103254015,2.084545020642976,1.5090235921322979,0.9339795075691447,2.235582004248999,0.4469311021159902,3.0559148188412775,0.47867288568249144,3.118037841379444,2,Mammalian
33.36,18.420776407370536,4.422513442860515,4.303771375180014,4.65368711104647,2.50969407943576,2.8849229724433965,1.204054308007111,1.8353942510841015,2.5180637537032036,3.0459339787829722,2.052007524187008,2.8061362065423823,1.8915462125310587,0.8226136536840104,2.1492131551696843,0.6107372593840991,1.855295089077395,0.641692980888179,2.2879519376053823,3.2054092488749824,1.2546094538597747,1.675163254935625,2.185120103254015,2.084545020642976,1.5090235921322979,0.9339795075691447,2.235582004248999,0.4469311021159902,3.0559148188412775,0.47867288568249144,3.118037841379444,1,Yeast
33.36,18.420776407370536,4.422513442860515,4.303771375180014,4.65368711104647,2.50969407943576,2.8849229724433965,1.204054308007111,1.8353942510841015,2.5180637537032036,3.0459339787829722,2.052007524187008,2.8061362065423823,1.8915462125310587,0.8226136536840104,2.1492131551696843,0.6107372593840991,1.855295089077395,0.641692980888179,2.2879519376053823,3.2054092488749824,1.2546094538597747,1.675163254935625,2.185120103254015,2.084545020642976,1.5090235921322979,0.9339795075691447,2.235582004248999,0.4469311021159902,3.0559148188412775,0.47867288568249144,3.118037841379444,0,E_coli
17.17,15.246021382453169,10.329575024190541,4.582215063679043,1.3247469755945263,2.273771135908418,1.4501805155889014,0.6104228281951636,2.2094868125619693,2.4834592310357633,1.6183728460776377,1.29047572942178,1.8481847764827215,1.665343585852112,0.8167786844777685,0.7086676250066809,1.1681181447096864,1.359145688859369,1.626061716342371,1.6823870786598891,1.0834337149102198,0.2729642891976747,1.2224509036646498,1.6590868176326068,1.329348722162378,0.8739637809155194,0.9964818089795592,0.8126840267060892,0.2922838825979064,1.2445083921921978,1.9768559104382524,2.1047466528607215,2,Mammalian
17.17,15.246021382453169,10.329575024190541,4.582215063679043,1.3247469755945263,2.273771135908418,1.4501805155889014,0.6104228281951636,2.2094868125619693,2.4834592310357633,1.6183728460776377,1.29047572942178,1.8481847764827215,1.665343585852112,0.8167786844777685,0.7086676250066809,1.1681181447096864,1.359145688859369,1.626061716342371,1.6823870786598891,1.0834337149102198,0.2729642891976747,1.2224509036646498,1.6590868176326068,1.329348722162378,0.8739637809155194,0.9964818089795592,0.8126840267060892,0.2922838825979064,1.2445083921921978,1.9768559104382524,2.1047466528607215,1,Yeast
17.17,15.246021382453169,10.329575024190541,4.582215063679043,1.3247469755945263,2.273771135908418,1.4501805155889014,0.6104228281951636,2.2094868125619693,2.4834592310357633,1.6183728460776377,1.29047572942178,1.8481847764827215,1.665343585852112,0.8167786844777685,0.7086676250066809,1.1681181447096864,1.359145688859369,1.626061716342371,1.6823870786598891,1.0834337149102198,0.2729642891976747,1.2224509036646498,1.6590868176326068,1.329348722162378,0.8739637809155194,0.9964818089795592,0.8126840267060892,0.2922838825979064,1.2445083921921978,1.9768559104382524,2.1047466528607215,0,E_coli
23.29,19.522542327970235,10.262750979418938,0.8315991961721934,5.87068206049462,6.348726703199949,3.0578355609293197,1.3922827148915689,2.589000408260771,1.7604298946798922,1.6952306943551554,2.069568112174779,0.9666039687742172,1.5614577133915288,2.6011342105849518,2.0623646150122794,1.5404220200970908,2.2778284403097646,1.8457091556314458,0.2714233523744667,1.8271823395578415,2.345668252402889,1.2916258478984284,0.4012728542881509,1.4942813945256634,1.655140159061369,1.7515110098368873,1.8426129131919207,1.2928161548126298,1.3596760950591475,2.0352757288562957,1.6157646695469523,1,Yeast
23.29,19.522542327970235,10.262750979418938,0.8315991961721934,5.87068206049462,6.348726703199949,3.0578355609293197,1.3922827148915689,2.589000408260771,1.7604298946798922,1.6952306943551554,2.069568112174779,0.9666039687742172,1.5614577133915288,2.6011342105849518,2.0623646150122794,1.5404220200970908,2.2778284403097646,1.8457091556314458,0.2714233523744667,1.8271823395578415,2.345668252402889,1.2916258478984284,0.4012728542881509,1.4942813945256634,1.655140159061369,1.7515110098368873,1.8426129131919207,1.2928161548126298,1.3596760950591475,2.0352757288562957,1.6157646695469523,2,Mammalian
23.29,19.522542327970235,10.262750979418938,0.8315991961721934,5.87068206049462,6.348726703199949,3.0578355609293197,1.3922827148915689,2.589000408260771,1.7604298946798922,1.6952306943551554,2.069568112174779,0.9666039687742172,1.5614577133915288,2.6011342105849518,2.0623646150122794,1.5404220200970908,2.2778284403097646,1.8457091556314458,0.2714233523744667,1.8271823395578415,2.345668252402889,1.2916258478984284,0.4012728542881509,1.4942813945256634,1.655140159061369,1.7515110098368873,1.8426129131919207,1.2928161548126298,1.3596760950591475,2.0352757288562957,1.6157646695469523,0,E_coli
18.090000000000003,15.714032564597694,9.687150472602742,2.7589563876239875,2.5039421952826832,4.011920325026876,2.3815938744438343,0.5883127464668364,2.794890815662007,3.120054525843291,2.1612650336088417,2.1046808996634385,2.49891998249693,1.7020833121235244,0.24630915744224446,1.56327033035616,1.9285486771144775,1.0818673308839324,0.3622067081282569,1.0873214534163704,1.0308906420526285,1.4637209699270148,2.4116179029291414,2.4831998403467046,1.3749128439752698,0.8785051909084747,2.110025667859045,2.2683560032180607,1.210015242833246,0.31545360497243435,1.2643135147812394,1.0918851921490507,2,Mammalian
18.090000000000003,15.714032564597694,9.687150472602742,2.7589563876239875,2.5039421952826832,4.011920325026876,2.3815938744438343,0.5883127464668364,2.794890815662007,3.120054525843291,2.1612650336088417,2.1046808996634385,2.49891998249693,1.7020833121235244,0.24630915744224446,1.56327033035616,1.9285486771144775,1.0818673308839324,0.3622067081282569,1.0873214534163704,1.0308906420526285,1.4637209699270148,2.4116179029291414,2.4831998403467046,1.3749128439752698,0.8785051909084747,2.110025667859045,2.2683560032180607,1.210015242833246,0.31545360497243435,1.2643135147812394,1.0918851921490507,1,Yeast
18.090000000000003,15.714032564597694,9.687150472602742,2.7589563876239875,2.5039421952826832,4.011920325026876,2.3815938744438343,0.5883127464668364,2.794890815662007,3.120054525843291,2.1612650336088417,2.1046808996634385,2.49891998249693,1.7020833121235244,0.24630915744224446,1.56327033035616,1.9285486771144775,1.0818673308839324,0.3622067081282569,1.0873214534163704,1.0308906420526285,1.4637209699270148,2.4116179029291414,2.4831998403467046,1.3749128439752698,0.8785051909084747,2.110025667859045,2.2683560032180607,1.210015242833246,0.31545360497243435,1.2643135147812394,1.0918851921490507,0,E_coli
16.94,14.927969791420173,9.770180486965685,3.67241485949513,1.4972665388816604,3.3962283366785138,2.838329212403844,1.123028812767299,0.9589738763500635,1.1251877457554411,0.2680403036400473,0.7482644300242086,0.9122647637648544,0.20568845623932386,1.9510335094147477,3.4218546897819286,3.703241823051797,2.629058983312672,0.8865589061301333,0.9733474618021383,1.5354923300687002,1.1664016442158458,0.9225650625608177,1.4318824996503012,1.4975877618617666,0.9764619380123986,0.6570101093894585,1.0967531768650944,1.4876253616548025,1.736387983857751,1.7761497409731009,1.522188100133508,0,E_coli
16.94,14.927969791420173,9.770180486965685,3.67241485949513,1.4972665388816604,3.3962283366785138,2.838329212403844,1.123028812767299,0.9589738763500635,1.1251877457554411,0.2680403036400473,0.7482644300242086,0.9122647637648544,0.20568845623932386,1.9510335094147477,3.4218546897819286,3.703241823051797,2.629058983312672,0.8865589061301333,0.9733474618021383,1.5354923300687002,1.1664016442158458,0.9225650625608177,1.4318824996503012,1.4975877618617666,0.9764619380123986,0.6570101093894585,1.0967531768650944,1.4876253616548025,1.736387983857751,1.7761497409731009,1.522188100133508,1,Yeast
16.94,14.927969791420173,9.770180486965685,3.67241485949513,1.4972665388816604,3.3962283366785138,2.838329212403844,1.123028812767299,0.9589738763500635,1.1251877457554411,0.2680403036400473,0.7482644300242086,0.9122647637648544,0.20568845623932386,1.9510335094147477,3.4218546897819286,3.703241823051797,2.629058983312672,0.8865589061301333,0.9733474618021383,1.5354923300687002,1.1664016442158458,0.9225650625608177,1.4318824996503012,1.4975877618617666,0.9764619380123986,0.6570101093894585,1.0967531768650944,1.4876253616548025,1.736387983857751,1.7761497409731009,1.522188100133508,2,Mammalian
15.89,14.4520601629077,10.605874536255458,5.58677578404575,1.1760356581963352,2.517273784421455,3.4583772811205726,2.55386899463617,0.7458859576345257,1.3021640436398096,2.1345632011570124,1.7869050796559902,0.8085094350928862,1.3374695546503674,2.100237440041897,1.9078634819131086,0.8080222769206309,0.8416440801283244,2.05246753346246,2.424078420857134,1.7742929965441885,0.4002305765482786,1.108818676454482,2.134691502652399,2.343129133915505,1.8107247171821912,0.9929967896377778,0.5164193346466165,0.2791719656963066,0.4437329644875668,1.4659979812220136,2.3842871587014667,1,Yeast
15.89,14.4520601629077,10.605874536255458,5.58677578404575,1.1760356581963352,2.517273784421455,3.4583772811205726,2.55386899463617,0.7458859576345257,1.3021640436398096,2.1345632011570124,1.7869050796559902,0.8085094350928862,1.3374695546503674,2.100237440041897,1.9078634819131086,0.8080222769206309,0.8416440801283244,2.05246753346246,2.424078420857134,1.7742929965441885,0.4002305765482786,1.108818676454482,2.134691502652399,2.343129133915505,1.8107247171821912,0.9929967896377778,0.5164193346466165,0.2791719656963066,0.4437329644875668,1.4659979812220136,2.3842871587014667,2,Mammalian
15.89,14.4520601629077,10.605874536255458,5.58677578404575,1.1760356581963352,2.517273784421455,3.4583772811205726,2.55386899463617,0.7458859576345257,1.3021640436398096,2.1345632011570124,1.7869050796559902,0.8085094350928862,1.3374695546503674,2.100237440041897,1.9078634819131086,0.8080222769206309,0.8416440801283244,2.05246753346246,2.424078420857134,1.7742929965441885,0.4002305765482786,1.108818676454482,2.134691502652399,2.343129133915505,1.8107247171821912,0.9929967896377778,0.5164193346466165,0.2791719656963066,0.4437329644875668,1.4659979812220136,2.3842871587014667,0,E_coli
35.6,21.224012547409075,2.4938758400627203,7.938961807368133,1.0782716622886794,3.9786611720298772,1.2649579493961363,1.801281506733094,2.282457914850916,1.7036099952336616,2.2256433791442443,1.7534843411478163,2.418608785276896,1.7786593858150672,1.4053798526671408,1.0081408483528729,1.678630394101098,1.5429909404086903,0.8011864679823232,1.4179062749270286,0.5038508829312318,1.2845620269072326,1.2276210983872564,0.6387991847365752,1.8621455010107062,3.0468474246414723,2.8832402165636317,2.366790363662409,1.4615731435190134,1.1603647276361837,1.2728928608120342,0.27781304345615104,1,Yeast
35.6,21.224012547409075,2.4938758400627203,7.938961807368133,1.0782716622886794,3.9786611720298772,1.2649579493961363,1.801281506733094,2.282457914850916,1.7036099952336616,2.2256433791442443,1.7534843411478163,2.418608785276896,1.7786593858150672,1.4053798526671408,1.0081408483528729,1.678630394101098,1.5429909404086903,0.8011864679823232,1.4179062749270286,0.5038508829312318,1.2845620269072326,1.2276210983872564,0.6387991847365752,1.8621455010107062,3.0468474246414723,2.8832402165636317,2.366790363662409,1.4615731435190134,1.1603647276361837,1.2728928608120342,0.27781304345615104,0,Mammalian
42.59,22.355379081999182,5.807229314859678,4.75977965620367,3.0911020096543487,2.0546274532777344,2.127047105681368,3.6139653996381487,0.4053281040202434,4.556109075648483,1.7901081744289147,0.5278318958809636,3.3535868006687104,2.9916004497363424,0.8193200332548333,1.9629540473886977,1.4263590010933425,2.9137581849698053,1.1214189819968863,0.3836302897206367,0.9317817197425075,1.2863335387819992,2.676654682568928,1.5111832278824902,3.090422160173486,1.2483880078619956,1.0878642774293494,2.736536128065514,2.0743015120866954,2.10387297955656,1.4274719586699436,1.2131008973011832,0,Mammalian
42.59,22.355379081999182,5.807229314859678,4.75977965620367,3.0911020096543487,2.0546274532777344,2.127047105681368,3.6139653996381487,0.4053281040202434,4.556109075648483,1.7901081744289147,0.5278318958809636,3.3535868006687104,2.9916004497363424,0.8193200332548333,1.9629540473886977,1.4263590010933425,2.9137581849698053,1.1214189819968863,0.3836302897206367,0.9317817197425075,1.2863335387819992,2.676654682568928,1.5111832278824902,3.090422160173486,1.2483880078619956,1.0878642774293494,2.736536128065514,2.0743015120866954,2.10387297955656,1.4274719586699436,1.2131008973011832,1,Yeast
46.74,17.734413710623027,10.04087648234376,1.1788079971008543,2.913972929855084,2.526585750471811,3.626074237510096,1.2324072600305311,3.2192923442223362,3.2191094983616355,0.9779748780673789,0.7066632351019553,4.052296469183731,1.5866467190369213,0.40061290282249706,2.235216698308956,0.2720294101747109,0.3646673074885254,1.6026047220391406,3.1482128928411774,1.3264429839697323,1.239208654140928,1.175490867091088,2.048153203122383,1.1423470586610063,1.3940305408672597,1.904647359449139,1.7445500143450001,3.47301081198869,2.2348438656985743,1.656519632473304,3.169785347058108,0,Mammalian
46.74,17.734413710623027,10.04087648234376,1.1788079971008543,2.913972929855084,2.526585750471811,3.626074237510096,1.2324072600305311,3.2192923442223362,3.2191094983616355,0.9779748780673789,0.7066632351019553,4.052296469183731,1.5866467190369213,0.40061290282249706,2.235216698308956,0.2720294101747109,0.3646673074885254,1.6026047220391406,3.1482128928411774,1.3264429839697323,1.239208654140928,1.175490867091088,2.048153203122383,1.1423470586610063,1.3940305408672597,1.904647359449139,1.7445500143450001,3.47301081198869,2.2348438656985743,1.656519632473304,3.169785347058108,1,Yeast
28.16,18.96186178235152,1.9282177737051192,6.219455210433815,1.5205670047177153,4.1769750776607655,2.794887197455058,3.584367947036317,3.4841384941714018,2.0115064970450103,2.6033326528210217,1.2383186565348463,1.9150492509632568,0.4466920517742698,1.0574733456149819,0.7454012305320128,0.9402127418834517,0.45651370244617034,0.9133454189070189,1.1767256422542456,1.1851890038181403,1.672196141524903,1.794805119244617,1.0063051545239763,1.2852933336141747,0.7190367198952937,2.251915792740006,1.6724950395910445,1.3780382345121724,2.335711995581633,0.7168967741887524,0.7144438404522419,0,Mammalian
28.16,18.96186178235152,1.9282177737051192,6.219455210433815,1.5205670047177153,4.1769750776607655,2.794887197455058,3.584367947036317,3.4841384941714018,2.0115064970450103,2.6033326528210217,1.2383186565348463,1.9150492509632568,0.4466920517742698,1.0574733456149819,0.7454012305320128,0.9402127418834517,0.45651370244617034,0.9133454189070189,1.1767256422542456,1.1851890038181403,1.672196141524903,1.794805119244617,1.0063051545239763,1.2852933336141747,0.7190367198952937,2.251915792740006,1.6724950395910445,1.3780382345121724,2.335711995581633,0.7168967741887524,0.7144438404522419,1,Yeast
27.17,18.297050554387912,1.7049942453101985,5.721489933416241,1.1017284422177431,4.414710087220622,2.984873899514718,3.1723258424527447,2.971578480941781,1.3958177811343697,1.9713795479872234,0.9569194418295205,1.692042558163173,0.045526598314179594,1.301835383948733,0.8536403156090133,1.11521298414249,0.6908670141913822,1.3068469170755415,1.4696311062314789,1.2234356456160191,1.6093384420024812,1.8725288814229883,0.6498902859034829,1.6179991754026741,1.078507455282725,1.4291556459435193,1.4102720464320961,0.5861669062726094,1.5893910047907513,0.5162466479952582,0.8032130631044517,1,Yeast
11.489999999999998,10.987735021965982,9.560923972242003,7.43513940992836,4.94320218402107,2.4878895315436687,0.8505181896167106,1.6915969537696312,2.49938801103483,2.647111429002801,2.2143869053456693,1.4017017905409164,0.45043606173889367,0.41943289931131905,1.0435878283473667,1.3576602371895807,1.3908630414242806,1.25140543814987,1.0770245297391468,0.9468836599916186,0.8299117355487351,0.6867453768854088,0.6282656055545056,0.8266585628406139,1.1557073895650911,1.4184054560397032,1.507734832093632,1.3998037865330981,1.1565059590736946,0.9320901773954465,0.8993346715251003,1.008191329707736,0,Mammalian
11.489999999999998,10.987735021965982,9.560923972242003,7.43513940992836,4.94320218402107,2.4878895315436687,0.8505181896167106,1.6915969537696312,2.49938801103483,2.647111429002801,2.2143869053456693,1.4017017905409164,0.45043606173889367,0.41943289931131905,1.0435878283473667,1.3576602371895807,1.3908630414242806,1.25140543814987,1.0770245297391468,0.9468836599916186,0.8299117355487351,0.6867453768854088,0.6282656055545056,0.8266585628406139,1.1557073895650911,1.4184054560397032,1.507734832093632,1.3998037865330981,1.1565059590736946,0.9320901773954465,0.8993346715251003,1.008191329707736,1,Yeast
37.71,20.85171982390091,3.01909104579989,4.097391041066676,2.7081862914131114,0.501313062952976,2.190409313772803,1.7602577623981386,0.958095904963852,3.3880347530461163,1.3644888830816309,1.5898325265842312,1.0672413583283753,1.0861827460491231,2.1275272545564925,1.4344171559656211,0.7278049189171493,0.6217260409570652,1.0462960069190266,1.2695066222533298,0.3780002644572512,0.5196869910961747,3.2763334029428095,2.9527317239900497,0.7417898872939012,2.2556503329455335,1.9260631678917235,0.7705584626725017,1.3747140408629535,3.444276499734191,1.4900264884664411,2.166841818712561,0,Mammalian
37.71,20.85171982390091,3.01909104579989,4.097391041066676,2.7081862914131114,0.501313062952976,2.190409313772803,1.7602577623981386,0.958095904963852,3.3880347530461163,1.3644888830816309,1.5898325265842312,1.0672413583283753,1.0861827460491231,2.1275272545564925,1.4344171559656211,0.7278049189171493,0.6217260409570652,1.0462960069190266,1.2695066222533298,0.3780002644572512,0.5196869910961747,3.2763334029428095,2.9527317239900497,0.7417898872939012,2.2556503329455335,1.9260631678917235,0.7705584626725017,1.3747140408629535,3.444276499734191,1.4900264884664411,2.166841818712561,1,Yeast
10.66,10.374145817657775,9.545495929054988,8.257287112074867,6.637099284456871,4.8419980044904,3.0420829807883614,1.4155486313356782,0.46265282940837493,1.176725504441956,1.7656457023882421,1.97946039553584,1.8523386834880589,1.4655970239853264,0.922677349408177,0.3317860839854909,0.2102379604162864,0.627938019046604,0.8786490618936611,0.9525655728403194,0.8711885276717326,0.6803119681004474,0.4404366720210429,0.21851031094409062,0.09773617263032792,0.09933317494791373,0.06789999446131297,0.12406761419311524,0.3218462974293234,0.5523718891333224,0.7622213088362576,0.9079369330160773,1,Yeast
10.66,10.374145817657775,9.545495929054988,8.257287112074867,6.637099284456871,4.8419980044904,3.0420829807883614,1.4155486313356782,0.46265282940837493,1.176725504441956,1.7656457023882421,1.97946039553584,1.8523386834880589,1.4655970239853264,0.922677349408177,0.3317860839854909,0.2102379604162864,0.627938019046604,0.8786490618936611,0.9525655728403194,0.8711885276717326,0.6803119681004474,0.4404366720210429,0.21851031094409062,0.09773617263032792,0.09933317494791373,0.06789999446131297,0.12406761419311524,0.3218462974293234,0.5523718891333224,0.7622213088362576,0.9079369330160773,0,Mammalian
18.36,15.458566055535762,8.338862505030328,0.7515315157868075,3.718366045287873,3.7371461903543475,0.7670309657840984,2.430304941785788,3.3904430780704025,1.9234313992632845,0.9032806976779655,2.0700280518384613,1.4029859079816613,1.0582753838856014,2.7562436571163955,3.0425207573030417,1.8531055015837608,1.302530370720285,2.225577926813901,2.2749030346177235,1.5008059212531601,0.5875570046297484,0.4213256676698904,1.1826157518310108,1.6775266717296917,1.4970920635069345,0.6868641163355006,0.3257784176119718,1.0036762834632247,1.2188362635072176,1.0578023268397587,0.6245460787424921,1,Yeast
18.36,15.458566055535762,8.338862505030328,0.7515315157868075,3.718366045287873,3.7371461903543475,0.7670309657840984,2.430304941785788,3.3904430780704025,1.9234313992632845,0.9032806976779655,2.0700280518384613,1.4029859079816613,1.0582753838856014,2.7562436571163955,3.0425207573030417,1.8531055015837608,1.302530370720285,2.225577926813901,2.2749030346177235,1.5008059212531601,0.5875570046297484,0.4213256676698904,1.1826157518310108,1.6775266717296917,1.4970920635069345,0.6868641163355006,0.3257784176119718,1.0036762834632247,1.2188362635072176,1.0578023268397587,0.6245460787424921,0,Mammalian
8.69,8.4574025056373,7.780440977277518,6.719645394630647,5.369757464180514,3.852371969930298,2.3136806844642974,0.9949259668437347,0.9340501574898846,1.776944687869542,2.4092185137222017,2.6986181572932155,2.642060753739686,2.2828163210658228,1.6961425119237572,0.9860550022863662,0.3827531841800926,0.6968617748040783,1.2525143136819636,1.652158207902351,1.8386179818235462,1.803302303115297,1.5674156635193275,1.1747421664134732,0.684507343491012,0.17781993253249642,0.37141362320534294,0.7993047230755345,1.132565082607281,1.35918787532352,1.4909240671792787,1.552859577592091,0,Mammalian
8.69,8.4574025056373,7.780440977277518,6.719645394630647,5.369757464180514,3.852371969930298,2.3136806844642974,0.9949259668437347,0.9340501574898846,1.776944687869542,2.4092185137222017,2.6986181572932155,2.642060753739686,2.2828163210658228,1.6961425119237572,0.9860550022863662,0.3827531841800926,0.6968617748040783,1.2525143136819636,1.652158207902351,1.8386179818235462,1.803302303115297,1.5674156635193275,1.1747421664134732,0.684507343491012,0.17781993253249642,0.37141362320534294,0.7993047230755345,1.132565082607281,1.35918787532352,1.4909240671792787,1.552859577592091,1,Yeast
27.950000000000003,21.961976817399798,8.709227552803876,2.36656573850498,4.851936284571913,1.3703520552192334,2.004312077020638,1.1425879678476965,1.878412077482764,2.778798182494871,1.4383155254756022,2.891349071295238,2.5264256341198394,0.3247083210772463,2.412305675138251,1.655349397496765,0.9200543462209174,2.459439672584393,1.6938297647645506,0.9301113841136236,1.5341759134425033,1.0494329746545876,1.028015157382485,1.2275984497021353,1.5218962077510063,1.8649134283422713,1.7130344365774104,1.395256654634978,1.0366253288095633,0.95202606715547,1.1294940874356547,0.8216312269666113,1,Yeast
27.950000000000003,21.961976817399798,8.709227552803876,2.36656573850498,4.851936284571913,1.3703520552192334,2.004312077020638,1.1425879678476965,1.878412077482764,2.778798182494871,1.4383155254756022,2.891349071295238,2.5264256341198394,0.3247083210772463,2.412305675138251,1.655349397496765,0.9200543462209174,2.459439672584393,1.6938297647645506,0.9301113841136236,1.5341759134425033,1.0494329746545876,1.028015157382485,1.2275984497021353,1.5218962077510063,1.8649134283422713,1.7130344365774104,1.395256654634978,1.0366253288095633,0.95202606715547,1.1294940874356547,0.8216312269666113,0,Mammalian
19.770000000000003,16.68346704690991,9.077048169316408,0.884092575121159,4.089601684891508,4.328336420832961,1.2912323242250046,2.402302674315308,3.6990811315564045,2.343875513204445,0.5163476743634099,2.0941621105884547,1.8269872850018518,0.06762511169502627,1.8364333437888591,2.3677532048106396,1.3418271125595884,0.39088817706392953,1.5708758614522798,1.6208805519472937,0.9378699027157764,0.9297826017020822,1.2161467895011022,0.9314761563868147,0.5390721493115697,1.282223734839512,2.223629406923347,2.721642124304612,2.4410808190131688,1.425447320013251,0.4299087632795565,1.2359340891836987,1,Yeast
19.770000000000003,16.68346704690991,9.077048169316408,0.884092575121159,4.089601684891508,4.328336420832961,1.2912323242250046,2.402302674315308,3.6990811315564045,2.343875513204445,0.5163476743634099,2.0941621105884547,1.8269872850018518,0.06762511169502627,1.8364333437888591,2.3677532048106396,1.3418271125595884,0.39088817706392953,1.5708758614522798,1.6208805519472937,0.9378699027157764,0.9297826017020822,1.2161467895011022,0.9314761563868147,0.5390721493115697,1.282223734839512,2.223629406923347,2.721642124304612,2.4410808190131688,1.425447320013251,0.4299087632795565,1.2359340891836987,0,Mammalian
15.899999999999999,14.843216986143329,11.933954596341842,7.877623080125563,3.621416154806356,0.5147485294980844,2.356209578233538,3.142834188799902,2.691550833634292,1.5249644297939289,0.32702140878372415,0.7274069820281961,1.0268433584406862,0.8580630240009633,0.6756927591967972,0.8473076539222568,0.9542536350467838,0.770713493927834,0.5250490429497358,0.7176501555617473,0.9886943147355999,0.9729040663487089,0.6370714864650717,0.13612339233787343,0.3730336579486468,0.646175676188145,0.7011478207611439,0.7488967163314144,0.9673785727125165,1.1682715428808217,1.1424340533837016,0.8826159129215029,1,Yeast
15.899999999999999,14.843216986143329,11.933954596341842,7.877623080125563,3.621416154806356,0.5147485294980844,2.356209578233538,3.142834188799902,2.691550833634292,1.5249644297939289,0.32702140878372415,0.7274069820281961,1.0268433584406862,0.8580630240009633,0.6756927591967972,0.8473076539222568,0.9542536350467838,0.770713493927834,0.5250490429497358,0.7176501555617473,0.9886943147355999,0.9729040663487089,0.6370714864650717,0.13612339233787343,0.3730336579486468,0.646175676188145,0.7011478207611439,0.7488967163314144,0.9673785727125165,1.1682715428808217,1.1424340533837016,0.8826159129215029,0,Mammalian
48.24,16.083679097530734,12.48099823851533,1.9134187112798755,2.6393967330065413,3.758591986202248,3.223174946250398,0.01758931193358484,4.019563631637667,0.6906225741857547,2.3457996706288626,1.5317539486640652,1.2902727859461678,1.0069573214423782,1.2023469021525484,1.8602922594134592,2.9188011237492697,1.914616083885912,1.055285058379726,1.370829763058973,0.6690510250245623,1.161480942020726,0.45168931327706535,2.029263206064571,2.059783535038528,1.1968574415015178,1.015705482413941,1.1866713660227115,1.6483785213216964,2.3717654167127638,3.1933218834042973,0.33806567293629564,1,Yeast
48.24,16.083679097530734,12.48099823851533,1.9134187112798755,2.6393967330065413,3.758591986202248,3.223174946250398,0.01758931193358484,4.019563631637667,0.6906225741857547,2.3457996706288626,1.5317539486640652,1.2902727859461678,1.0069573214423782,1.2023469021525484,1.8602922594134592,2.9188011237492697,1.914616083885912,1.055285058379726,1.370829763058973,0.6690510250245623,1.161480942020726,0.45168931327706535,2.029263206064571,2.059783535038528,1.1968574415015178,1.015705482413941,1.1866713660227115,1.6483785213216964,2.3717654167127638,3.1933218834042973,0.33806567293629564,0,Mammalian
22.35,19.135840606050575,11.132339133394645,2.281011594534184,3.6832655377915606,4.908589447121896,2.6042308607346913,0.7082154285607892,2.1348908581063104,1.4450572990804536,0.5163992592571985,1.6553659750550471,1.4202459287616924,0.5717907260932664,1.2878207786978502,1.2781575866747472,0.30805843601498833,1.2063114790960139,1.894762769527916,1.6733320122624982,0.9586199540600872,0.7404768015935486,1.4931682131758466,2.2257018515604656,2.3267232375110924,1.575122109053474,0.3620859494115553,0.6673503604948597,0.8751595646684793,0.3917669212343939,0.590146583223862,1.156279756680111,1,Yeast
22.35,19.135840606050575,11.132339133394645,2.281011594534184,3.6832655377915606,4.908589447121896,2.6042308607346913,0.7082154285607892,2.1348908581063104,1.4450572990804536,0.5163992592571985,1.6553659750550471,1.4202459287616924,0.5717907260932664,1.2878207786978502,1.2781575866747472,0.30805843601498833,1.2063114790960139,1.894762769527916,1.6733320122624982,0.9586199540600872,0.7404768015935486,1.4931682131758466,2.2257018515604656,2.3267232375110924,1.575122109053474,0.3620859494115553,0.6673503604948597,0.8751595646684793,0.3917669212343939,0.590146583223862,1.156279756680111,0,Mammalian
4.42,4.375134590752245,4.242019370405924,4.025044027932566,3.7313494505144034,3.370573886220484,2.954516951396013,2.49674589982181,2.0121924422949578,1.5168689604172256,1.0282174066584788,0.5695121910942278,0.22951652772166814,0.3854584520415009,0.7005983427241788,0.9743777488328307,1.184736257569591,1.3255993350643587,1.3959962965082358,1.3985221926423963,1.3389622227741718,1.2262306899247428,1.0726484217199537,0.8950214578453649,0.7176918385846779,0.5786983246058757,0.5279836888030771,0.5826476902141869,0.6982360686989002,0.8236173489790166,0.9283776708355636,0.9964863400970586,1,Yeast
4.42,4.375134590752245,4.242019370405924,4.025044027932566,3.7313494505144034,3.370573886220484,2.954516951396013,2.49674589982181,2.0121924422949578,1.5168689604172256,1.0282174066584788,0.5695121910942278,0.22951652772166814,0.3854584520415009,0.7005983427241788,0.9743777488328307,1.184736257569591,1.3255993350643587,1.3959962965082358,1.3985221926423963,1.3389622227741718,1.2262306899247428,1.0726484217199537,0.8950214578453649,0.7176918385846779,0.5786983246058757,0.5279836888030771,0.5826476902141869,0.6982360686989002,0.8236173489790166,0.9283776708355636,0.9964863400970586,0,Mammalian
9.24,8.858118892643402,7.7675603826672655,6.124494052784423,4.160622009387528,2.1465997008043405,0.3833402933713186,1.0740340858882897,1.8902404178659,2.115803512281278,1.809825292440998,1.134300988343615,0.5011949633035179,0.9686484763261024,1.64806239087404,2.047773487866655,2.075620389184882,1.7430093527378885,1.1353521824948873,0.3943804850935844,0.39575669424271964,0.9930210353960124,1.3696392615624318,1.4895906670663333,1.3997825412063656,1.2255709410097297,1.1334280304514845,1.1834578451965052,1.2521200991603558,1.1967045553773432,0.9575402353953875,0.5609423557296446,1,Yeast
9.24,8.858118892643402,7.7675603826672655,6.124494052784423,4.160622009387528,2.1465997008043405,0.3833402933713186,1.0740340858882897,1.8902404178659,2.115803512281278,1.809825292440998,1.134300988343615,0.5011949633035179,0.9686484763261024,1.64806239087404,2.047773487866655,2.075620389184882,1.7430093527378885,1.1353521824948873,0.3943804850935844,0.39575669424271964,0.9930210353960124,1.3696392615624318,1.4895906670663333,1.3997825412063656,1.2255709410097297,1.1334280304514845,1.1834578451965052,1.2521200991603558,1.1967045553773432,0.9575402353953875,0.5609423557296446,0,Mammalian
20.89,17.912442246385012,10.580789176539765,2.911078557232278,3.089370642991479,3.6779243804882533,1.446534962749145,1.5015896685227719,2.3352008938155495,1.2066911982149948,0.6308117354608479,1.5065114220540212,1.0910225783200578,1.2539729555480348,1.8212522326424563,1.162677422199041,0.4477722635447623,1.7502748112294169,1.856453375690101,0.779681546095799,0.7307478325404799,1.5535694883970521,1.5557550405113723,1.1228715386940744,0.45059603362996936,0.6275863352932726,1.684531022187642,1.9982714641035784,1.2118854603697737,0.23712515280093907,1.3844552054013075,1.6798875503887927,1,Yeast
20.89,17.912442246385012,10.580789176539765,2.911078557232278,3.089370642991479,3.6779243804882533,1.446534962749145,1.5015896685227719,2.3352008938155495,1.2066911982149948,0.6308117354608479,1.5065114220540212,1.0910225783200578,1.2539729555480348,1.8212522326424563,1.162677422199041,0.4477722635447623,1.7502748112294169,1.856453375690101,0.779681546095799,0.7307478325404799,1.5535694883970521,1.5557550405113723,1.1228715386940744,0.45059603362996936,0.6275863352932726,1.684531022187642,1.9982714641035784,1.2118854603697737,0.23712515280093907,1.3844552054013075,1.6798875503887927,0,Mammalian
42.1,25.297703368550064,2.0730774445147504,6.384305035637742,2.5010658469221547,3.2139346824170616,1.3458578117553246,1.5489204558990552,2.6206124486406375,2.85103059006618,3.3670277934033366,2.323205955905988,0.7571560114920725,2.7182727237212547,1.765049764904667,2.019598617114047,2.2798245546532736,2.1230666298436427,0.901831483646184,1.2241176750562488,1.649148860732573,2.7166808599379397,1.2588260952978854,1.369368646906963,0.2756635522330143,1.327741105975565,1.6234706465974187,0.19436791720922714,1.9676616677583165,0.9448300812210054,0.9433661653774464,0.7671347054240819,1,Yeast
42.1,25.297703368550064,2.0730774445147504,6.384305035637742,2.5010658469221547,3.2139346824170616,1.3458578117553246,1.5489204558990552,2.6206124486406375,2.85103059006618,3.3670277934033366,2.323205955905988,0.7571560114920725,2.7182727237212547,1.765049764904667,2.019598617114047,2.2798245546532736,2.1230666298436427,0.901831483646184,1.2241176750562488,1.649148860732573,2.7166808599379397,1.2588260952978854,1.369368646906963,0.2756635522330143,1.327741105975565,1.6234706465974187,0.19436791720922714,1.9676616677583165,0.9448300812210054,0.9433661653774464,0.7671347054240819,0,Mammalian
18.689999999999998,16.549958882561672,11.008278918396552,4.283171444253009,1.4430528636247169,3.9916479488820653,3.679819397593657,1.6738791823900914,1.2348688811779887,2.2458042361819626,2.042305876594261,1.089970758271949,0.3959921926100776,0.2860141581109369,0.6956393101536452,1.5093201838183152,1.9360010330575754,1.684547172900879,0.9552239345699373,0.232511052607656,0.14912340731279805,0.07182858709095699,0.15364757774396307,0.2772654788914761,0.6708940648852277,1.3553372951712859,1.8685801642235216,1.8838313900264707,1.4460120419857472,0.9965775110128023,0.8417511146565441,0.5799408403699864,1,Yeast
18.689999999999998,16.549958882561672,11.008278918396552,4.283171444253009,1.4430528636247169,3.9916479488820653,3.679819397593657,1.6738791823900914,1.2348688811779887,2.2458042361819626,2.042305876594261,1.089970758271949,0.3959921926100776,0.2860141581109369,0.6956393101536452,1.5093201838183152,1.9360010330575754,1.684547172900879,0.9552239345699373,0.232511052607656,0.14912340731279805,0.07182858709095699,0.15364757774396307,0.2772654788914761,0.6708940648852277,1.3553372951712859,1.8685801642235216,1.8838313900264707,1.4460120419857472,0.9965775110128023,0.8417511146565441,0.5799408403699864,0,Mammalian
15.38,14.329204327206087,11.426337791861055,7.351677257491947,3.0336339892139574,0.6791238485638995,2.9361457419922194,3.5972964853359377,2.794490223328859,1.0684459356357943,1.0264179883198656,2.5786969551535743,3.2906771293658643,3.019545048609145,1.9617134858311467,0.5638457670748159,0.8786353054595517,1.7322915043298643,1.9617736827130825,1.625033447640243,0.975472802981246,0.34722138367186506,0.11538144306866359,0.04625013091918388,0.3644508083670828,0.8805359806590558,1.2685768234476562,1.317920453610186,0.9533948082500566,0.26525975042475447,0.5246362018119034,1.1454582471420052,2,Yeast
15.38,14.329204327206087,11.426337791861055,7.351677257491947,3.0336339892139574,0.6791238485638995,2.9361457419922194,3.5972964853359377,2.794490223328859,1.0684459356357943,1.0264179883198656,2.5786969551535743,3.2906771293658643,3.019545048609145,1.9617134858311467,0.5638457670748159,0.8786353054595517,1.7322915043298643,1.9617736827130825,1.625033447640243,0.975472802981246,0.34722138367186506,0.11538144306866359,0.04625013091918388,0.3644508083670828,0.8805359806590558,1.2685768234476562,1.317920453610186,0.9533948082500566,0.26525975042475447,0.5246362018119034,1.1454582471420052,0,Mammalian
36.050000000000004,21.747307300826883,1.658445356753304,5.711297884780368,3.5187374894323327,5.282080498096361,1.5480429657758712,2.2104885637486036,1.411906404809332,2.1318248962379176,2.7052015286457243,1.6541010165981083,4.370625748751084,1.964306209251002,1.2952557861568508,0.8828986593079624,3.044289736539544,0.6753631692627666,1.743918591767061,0.7803597049819954,1.0672008319815816,2.0254549772624997,3.67643275426308,1.3026278614516251,0.6430554440002734,1.3068318787933186,2.4598253114775193,1.363931600014498,0.6387483299667355,0.8292477706295186,1.3589586816016856,0.3107673475207866,2,Yeast
36.050000000000004,21.747307300826883,1.658445356753304,5.711297884780368,3.5187374894323327,5.282080498096361,1.5480429657758712,2.2104885637486036,1.411906404809332,2.1318248962379176,2.7052015286457243,1.6541010165981083,4.370625748751084,1.964306209251002,1.2952557861568508,0.8828986593079624,3.044289736539544,0.6753631692627666,1.743918591767061,0.7803597049819954,1.0672008319815816,2.0254549772624997,3.67643275426308,1.3026278614516251,0.6430554440002734,1.3068318787933186,2.4598253114775193,1.363931600014498,0.6387483299667355,0.8292477706295186,1.3589586816016856,0.3107673475207866,0,Mammalian
13.82,12.64133916467913,9.478470309647951,5.309473206572059,1.3547594950806867,1.4048997694746552,2.466668933140332,2.080222632209764,1.1648850038363796,1.305423366528556,1.767679204003752,1.7039335741835697,1.6178253998495802,2.011604149702465,2.275739502477473,1.8968393045024579,0.9484724561103504,0.5373206687704947,1.2313576379264133,1.3154001334264105,0.7628272548025146,0.891560104991388,1.8022638797388069,2.228421561786169,1.8958488673512761,1.0601147086750773,0.8855425617334008,1.4705397621866578,1.5238642542630656,0.877703246078161,0.22512787181190672,1.1287479662226152,2,Yeast
13.82,12.64133916467913,9.478470309647951,5.309473206572059,1.3547594950806867,1.4048997694746552,2.466668933140332,2.080222632209764,1.1648850038363796,1.305423366528556,1.767679204003752,1.7039335741835697,1.6178253998495802,2.011604149702465,2.275739502477473,1.8968393045024579,0.9484724561103504,0.5373206687704947,1.2313576379264133,1.3154001334264105,0.7628272548025146,0.891560104991388,1.8022638797388069,2.228421561786169,1.8958488673512761,1.0601147086750773,0.8855425617334008,1.4705397621866578,1.5238642542630656,0.877703246078161,0.22512787181190672,1.1287479662226152,0,Mammalian
5.800000000000001,5.7193691246675575,5.481079663940397,5.095751627150178,4.580465088824451,3.9578713699402184,3.255033245212159,2.5020950198006946,1.73100776132558,0.9753803422563883,0.2909464592430206,0.44261699359895174,0.9890603999135257,1.4432207001458681,1.784056703942219,2.0059846223462934,2.1107818456676193,2.1063295009069365,2.0056887620670425,1.8260367279462004,1.5874403325667412,1.3115331706050433,1.020202999881634,0.7344786228495486,0.4741435755450076,0.2606949718372985,0.1398109843602902,0.16627457342572674,0.22700723760201835,0.26152850299356867,0.2695689939108227,0.2641051464529696,0,Mammalian
5.800000000000001,5.7193691246675575,5.481079663940397,5.095751627150178,4.580465088824451,3.9578713699402184,3.255033245212159,2.5020950198006946,1.73100776132558,0.9753803422563883,0.2909464592430206,0.44261699359895174,0.9890603999135257,1.4432207001458681,1.784056703942219,2.0059846223462934,2.1107818456676193,2.1063295009069365,2.0056887620670425,1.8260367279462004,1.5874403325667412,1.3115331706050433,1.020202999881634,0.7344786228495486,0.4741435755450076,0.2606949718372985,0.1398109843602902,0.16627457342572674,0.22700723760201835,0.26152850299356867,0.2695689939108227,0.2641051464529696,2,Yeast
20.14,17.126311129977886,9.649076979315188,1.4481459466822166,3.9415485221546978,4.910393876178757,2.6348280128392916,0.31152694602423725,1.7960788564392272,1.4541844974076181,0.9037389685134867,1.2562145112758374,1.2309674385588483,1.5503767795697605,1.6635868085067822,0.6953812293783472,1.0530906893520613,2.4068541712339058,2.7096079730617704,2.25498125877277,1.8926137231956985,1.5444817371814468,1.3145829529998165,2.0178070124609775,2.414311649611947,1.8511838239578242,1.0407463987894015,1.1742372092590732,1.0813545706563152,0.3666746161700343,0.38297888031678695,0.48862191159176954,2,Yeast
20.14,17.126311129977886,9.649076979315188,1.4481459466822166,3.9415485221546978,4.910393876178757,2.6348280128392916,0.31152694602423725,1.7960788564392272,1.4541844974076181,0.9037389685134867,1.2562145112758374,1.2309674385588483,1.5503767795697605,1.6635868085067822,0.6953812293783472,1.0530906893520613,2.4068541712339058,2.7096079730617704,2.25498125877277,1.8926137231956985,1.5444817371814468,1.3145829529998165,2.0178070124609775,2.414311649611947,1.8511838239578242,1.0407463987894015,1.1742372092590732,1.0813545706563152,0.3666746161700343,0.38297888031678695,0.48862191159176954,0,Mammalian
19.549999999999997,16.33431709269136,8.496459273688794,1.0757413985204134,4.722280794098129,4.525255178953175,1.546691074626817,2.808254569715003,3.6170678921513915,1.9466116523080381,1.3803186759874004,2.561453011626833,1.9817795521849138,1.3214204863592742,2.0161085465001394,1.4474558163135138,0.6258594091327545,2.4919380960292554,3.152160953261951,2.297686392796617,0.736052852975465,0.5151643364751816,1.0963341271131424,1.281273632425119,0.9961023358909931,0.32380524187242865,1.3012577410253032,1.9250815872659506,1.5409218363889785,0.7177693551108145,0.9632311817764254,1.014919725934048,0,Mammalian
19.549999999999997,16.33431709269136,8.496459273688794,1.0757413985204134,4.722280794098129,4.525255178953175,1.546691074626817,2.808254569715003,3.6170678921513915,1.9466116523080381,1.3803186759874004,2.561453011626833,1.9817795521849138,1.3214204863592742,2.0161085465001394,1.4474558163135138,0.6258594091327545,2.4919380960292554,3.152160953261951,2.297686392796617,0.736052852975465,0.5151643364751816,1.0963341271131424,1.281273632425119,0.9961023358909931,0.32380524187242865,1.3012577410253032,1.9250815872659506,1.5409218363889785,0.7177693551108145,0.9632311817764254,1.014919725934048,2,Yeast
48.120000000000005,15.507099531873777,11.545175533896733,3.3768608620228204,1.7674127232973953,5.475502479602039,2.1824194600592133,2.6696777970769676,2.33775084854752,4.5754024814866066,0.7518398250248568,0.6885742918792224,2.1524124219690726,2.66087191298212,1.6479587706640395,0.9228695949300292,1.6747537132366666,0.3499536082300132,1.3306918342181147,2.345058249852447,1.7236962745122593,1.920695109705783,4.425215932171953,1.3494022704725084,0.6220297180323007,1.5345430084252545,0.6655053737710516,1.730970664418506,2.190215556631875,2.268772403518655,0.49473402252509874,0.5089852780977588,2,Yeast
48.120000000000005,15.507099531873777,11.545175533896733,3.3768608620228204,1.7674127232973953,5.475502479602039,2.1824194600592133,2.6696777970769676,2.33775084854752,4.5754024814866066,0.7518398250248568,0.6885742918792224,2.1524124219690726,2.66087191298212,1.6479587706640395,0.9228695949300292,1.6747537132366666,0.3499536082300132,1.3306918342181147,2.345058249852447,1.7236962745122593,1.920695109705783,4.425215932171953,1.3494022704725084,0.6220297180323007,1.5345430084252545,0.6655053737710516,1.730970664418506,2.190215556631875,2.268772403518655,0.49473402252509874,0.5089852780977588,0,Mammalian
15.979999999999999,14.489782395801386,10.487209027183752,5.207080734490162,0.42820819003917415,3.2963979470034457,4.495461746376106,3.638612024591871,1.5799370566387603,0.8276585044844949,2.1636757524701147,2.367300285125103,1.5895211292831817,0.6918302766900457,1.0155907416935608,1.1942332126445898,0.8640601830891178,1.099335498854092,1.8278098485317464,2.1002577754388865,1.6814007537488695,0.8519038716604997,0.6899343010096123,1.1068786569235456,1.0136068750061105,0.6245009304430887,1.0559673621719659,1.6770782547834235,1.8401499479222951,1.629841546090454,1.652025404923372,2.0815643007593394,2,Yeast
15.979999999999999,14.489782395801386,10.487209027183752,5.207080734490162,0.42820819003917415,3.2963979470034457,4.495461746376106,3.638612024591871,1.5799370566387603,0.8276585044844949,2.1636757524701147,2.367300285125103,1.5895211292831817,0.6918302766900457,1.0155907416935608,1.1942332126445898,0.8640601830891178,1.099335498854092,1.8278098485317464,2.1002577754388865,1.6814007537488695,0.8519038716604997,0.6899343010096123,1.1068786569235456,1.0136068750061105,0.6245009304430887,1.0559673621719659,1.6770782547834235,1.8401499479222951,1.629841546090454,1.652025404923372,2.0815643007593394,0,Mammalian
34.09,20.10344284104891,3.3855372788527625,9.152550218803016,0.17553846475164778,3.2653447687740034,3.200777382748933,4.389520852817032,0.9309439039124843,2.221534339804489,1.285380616790602,1.8769040617024322,1.5086393477571765,2.222514559432411,1.476263383523954,1.8556197685948501,0.5333854141237816,1.1067275344097705,2.3243659497105598,1.6114536266223993,1.1169299960925259,3.0217102719833253,3.424324093966725,2.076274492193723,1.55291450111337,1.4003890770922995,3.552859173467541,2.215342726127741,2.549600154851773,2.1123637276556697,1.038712518861295,0.8791873748851496,0,Mammalian
34.09,20.10344284104891,3.3855372788527625,9.152550218803016,0.17553846475164778,3.2653447687740034,3.200777382748933,4.389520852817032,0.9309439039124843,2.221534339804489,1.285380616790602,1.8769040617024322,1.5086393477571765,2.222514559432411,1.476263383523954,1.8556197685948501,0.5333854141237816,1.1067275344097705,2.3243659497105598,1.6114536266223993,1.1169299960925259,3.0217102719833253,3.424324093966725,2.076274492193723,1.55291450111337,1.4003890770922995,3.552859173467541,2.215342726127741,2.549600154851773,2.1123637276556697,1.038712518861295,0.8791873748851496,2,Yeast
21.94,18.182176893659328,9.160390333105985,1.8886168448624618,5.608586207142797,4.804142167096714,0.7640845107071011,2.766573391073884,3.278706150340795,1.2955952523262044,1.5100772167752978,1.9555519594444786,0.322044851124489,1.9152466977811788,2.9129222636070957,2.046817969279434,0.3773592452822633,1.0589241751812133,0.9170535426133279,0.6884288638263653,1.4792527334642627,1.3924282249641697,0.539206523750132,0.9476415905544403,1.415374854841445,1.0955357802460461,0.26288192064166066,0.7753047885351885,1.5022181004934931,1.6637733695525143,1.226840132910391,0.5743706583110517,2,Yeast
21.94,18.182176893659328,9.160390333105985,1.8886168448624618,5.608586207142797,4.804142167096714,0.7640845107071011,2.766573391073884,3.278706150340795,1.2955952523262044,1.5100772167752978,1.9555519594444786,0.322044851124489,1.9152466977811788,2.9129222636070957,2.046817969279434,0.3773592452822633,1.0589241751812133,0.9170535426133279,0.6884288638263653,1.4792527334642627,1.3924282249641697,0.539206523750132,0.9476415905544403,1.415374854841445,1.0955357802460461,0.26288192064166066,0.7753047885351885,1.5022181004934931,1.6637733695525143,1.226840132910391,0.5743706583110517,0,Mammalian
47.06,15.017600447258676,11.426969649542551,3.3041234794715098,2.6548707214459477,5.35611961554098,1.8139240021726397,2.8187765700902383,2.4838581809663154,3.883327553444995,0.8741152356442454,1.4803821818303027,2.0327250063539686,2.471223456693477,0.41377217565781627,1.3651901644380493,1.3464768843169947,0.5981958142562607,1.5442415581853484,2.0278408620938486,1.834631745827541,1.883328982543309,3.6661731064196332,2.01320090017817,1.9684634964475984,0.9964394948670425,1.5144379076894208,2.396902071114304,2.9862713972701997,1.5969968251869242,0.5640302046286214,2.9551581211460105,0,Mammalian
47.06,15.017600447258676,11.426969649542551,3.3041234794715098,2.6548707214459477,5.35611961554098,1.8139240021726397,2.8187765700902383,2.4838581809663154,3.883327553444995,0.8741152356442454,1.4803821818303027,2.0327250063539686,2.471223456693477,0.41377217565781627,1.3651901644380493,1.3464768843169947,0.5981958142562607,1.5442415581853484,2.0278408620938486,1.834631745827541,1.883328982543309,3.6661731064196332,2.01320090017817,1.9684634964475984,0.9964394948670425,1.5144379076894208,2.396902071114304,2.9862713972701997,1.5969968251869242,0.5640302046286214,2.9551581211460105,2,Yeast
15.900000000000002,14.651816579179698,11.277713966691417,6.759868987155622,2.3798272812321457,1.1944946233435731,2.5942425085949803,2.410302683598728,1.1570839969426097,0.6190629126692209,1.6500168752758309,1.9559075195300055,1.5767216255436913,1.087747206885083,1.1467162366355064,1.309000993263171,1.1516944039110382,0.8169070976011844,0.6014170883309748,0.4328329900731383,0.2230311680822323,0.6340009301267283,1.046574069086538,1.064762318554931,0.5925846977600036,0.36466309324768603,1.1798111523623807,1.679180242543762,1.6039414344389102,1.0415120470057209,0.7176249191424204,1.222965532283159,0,Mammalian
15.900000000000002,14.651816579179698,11.277713966691417,6.759868987155622,2.3798272812321457,1.1944946233435731,2.5942425085949803,2.410302683598728,1.1570839969426097,0.6190629126692209,1.6500168752758309,1.9559075195300055,1.5767216255436913,1.087747206885083,1.1467162366355064,1.309000993263171,1.1516944039110382,0.8169070976011844,0.6014170883309748,0.4328329900731383,0.2230311680822323,0.6340009301267283,1.046574069086538,1.064762318554931,0.5925846977600036,0.36466309324768603,1.1798111523623807,1.679180242543762,1.6039414344389102,1.0415120470057209,0.7176249191424204,1.222965532283159,2,Yeast
15.89,14.376823186766766,10.30426943440408,4.903255513965789,0.2742451347800256,3.89655360548361,5.284944805659049,4.576551394818059,2.574667890390958,0.3868121960350447,1.1642476905151078,1.5398123417427863,0.9465217232733742,0.09861683117008324,0.79061147064103,0.8378779829063849,0.3354101966249685,0.9888502866701583,1.785638252438643,1.945450783260101,1.322044042369739,0.1932715042036589,1.1009298318839238,1.9026006282986465,2.0176434903594282,1.5541971742019733,0.9978160829604851,0.852044755897792,0.691582087286656,0.12594796831577804,0.8430084479087984,1.6490780931263664,0,Yeast
15.89,14.376823186766766,10.30426943440408,4.903255513965789,0.2742451347800256,3.89655360548361,5.284944805659049,4.576551394818059,2.574667890390958,0.3868121960350447,1.1642476905151078,1.5398123417427863,0.9465217232733742,0.09861683117008324,0.79061147064103,0.8378779829063849,0.3354101966249685,0.9888502866701583,1.785638252438643,1.945450783260101,1.322044042369739,0.1932715042036589,1.1009298318839238,1.9026006282986465,2.0176434903594282,1.5541971742019733,0.9978160829604851,0.852044755897792,0.691582087286656,0.12594796831577804,0.8430084479087984,1.6490780931263664,0,E_coli
15.89,14.376823186766766,10.30426943440408,4.903255513965789,0.2742451347800256,3.89655360548361,5.284944805659049,4.576551394818059,2.574667890390958,0.3868121960350447,1.1642476905151078,1.5398123417427863,0.9465217232733742,0.09861683117008324,0.79061147064103,0.8378779829063849,0.3354101966249685,0.9888502866701583,1.785638252438643,1.945450783260101,1.322044042369739,0.1932715042036589,1.1009298318839238,1.9026006282986465,2.0176434903594282,1.5541971742019733,0.9978160829604851,0.852044755897792,0.691582087286656,0.12594796831577804,0.8430084479087984,1.6490780931263664,0,Mammalian
18.83,16.294706054874705,9.840256313049855,2.4002007767204,3.518746557660905,5.409925899393435,3.9142854783284604,0.8914072430954207,1.6476891297396863,2.147780816228408,1.1407040535652997,1.51847220891,2.2113124433314515,1.5055992421157893,1.0152683363792463,2.4673401498916445,2.978002686365478,2.268072502133368,1.662155656271563,2.0829863038976817,1.9265236454302357,1.1704057726527504,1.8456979951517964,2.70199654109047,2.460512249865397,1.2481495894819647,0.2741313897523671,1.1028372466411591,1.2009273851966278,0.9864914988730025,0.9508095609134335,0.7412531714855911,0,E_coli
18.83,16.294706054874705,9.840256313049855,2.4002007767204,3.518746557660905,5.409925899393435,3.9142854783284604,0.8914072430954207,1.6476891297396863,2.147780816228408,1.1407040535652997,1.51847220891,2.2113124433314515,1.5055992421157893,1.0152683363792463,2.4673401498916445,2.978002686365478,2.268072502133368,1.662155656271563,2.0829863038976817,1.9265236454302357,1.1704057726527504,1.8456979951517964,2.70199654109047,2.460512249865397,1.2481495894819647,0.2741313897523671,1.1028372466411591,1.2009273851966278,0.9864914988730025,0.9508095609134335,0.7412531714855911,0,Mammalian
18.83,16.294706054874705,9.840256313049855,2.4002007767204,3.518746557660905,5.409925899393435,3.9142854783284604,0.8914072430954207,1.6476891297396863,2.147780816228408,1.1407040535652997,1.51847220891,2.2113124433314515,1.5055992421157893,1.0152683363792463,2.4673401498916445,2.978002686365478,2.268072502133368,1.662155656271563,2.0829863038976817,1.9265236454302357,1.1704057726527504,1.8456979951517964,2.70199654109047,2.460512249865397,1.2481495894819647,0.2741313897523671,1.1028372466411591,1.2009273851966278,0.9864914988730025,0.9508095609134335,0.7412531714855911,0,Yeast
16.57,14.916761630119002,10.532508752563624,4.910965112176605,0.5033050546709309,3.355655481533154,4.010565667024734,2.671739156041325,0.4653103836172361,1.482167569818977,2.3344894705558965,2.1104620431698886,1.4963624119187342,1.3350057475772772,1.2520223345624593,0.7043330742818491,0.32756678708318326,0.9045515647377488,0.9897607529704403,0.585184583363476,0.6362967749296785,1.0613535347737322,1.0462172294752177,0.9321902390276144,1.4871739127949972,2.0098179397510183,1.848922511764971,0.9620527387652773,0.6910209608640898,1.7003296280618523,2.074297495392317,1.6416745041827512,0,Mammalian
16.57,14.916761630119002,10.532508752563624,4.910965112176605,0.5033050546709309,3.355655481533154,4.010565667024734,2.671739156041325,0.4653103836172361,1.482167569818977,2.3344894705558965,2.1104620431698886,1.4963624119187342,1.3350057475772772,1.2520223345624593,0.7043330742818491,0.32756678708318326,0.9045515647377488,0.9897607529704403,0.585184583363476,0.6362967749296785,1.0613535347737322,1.0462172294752177,0.9321902390276144,1.4871739127949972,2.0098179397510183,1.848922511764971,0.9620527387652773,0.6910209608640898,1.7003296280618523,2.074297495392317,1.6416745041827512,0,Yeast
16.57,14.916761630119002,10.532508752563624,4.910965112176605,0.5033050546709309,3.355655481533154,4.010565667024734,2.671739156041325,0.4653103836172361,1.482167569818977,2.3344894705558965,2.1104620431698886,1.4963624119187342,1.3350057475772772,1.2520223345624593,0.7043330742818491,0.32756678708318326,0.9045515647377488,0.9897607529704403,0.585184583363476,0.6362967749296785,1.0613535347737322,1.0462172294752177,0.9321902390276144,1.4871739127949972,2.0098179397510183,1.848922511764971,0.9620527387652773,0.6910209608640898,1.7003296280618523,2.074297495392317,1.6416745041827512,0,E_coli
20.21,16.993627280615247,9.089827124592638,0.9686625098392934,4.658635514724596,4.908993409211254,1.7734545070277878,1.7199148035539662,3.1451690221585022,2.27059384943842,1.5233258291775895,2.1137925416014265,1.5842228630881978,0.8406962976649374,1.614901741437911,1.7532174977278792,1.7984715733088472,2.26903032624425,2.0541585764635246,1.087293833194476,0.9357651506242051,1.071473542662568,0.5059851781348556,1.2729355144371577,1.9850722460541665,1.7937175712765991,1.0718631092822346,0.4622191322574426,0.6633978021463409,1.5796174508985372,2.051583231895061,1.4643623009825262,0,E_coli
20.21,16.993627280615247,9.089827124592638,0.9686625098392934,4.658635514724596,4.908993409211254,1.7734545070277878,1.7199148035539662,3.1451690221585022,2.27059384943842,1.5233258291775895,2.1137925416014265,1.5842228630881978,0.8406962976649374,1.614901741437911,1.7532174977278792,1.7984715733088472,2.26903032624425,2.0541585764635246,1.087293833194476,0.9357651506242051,1.071473542662568,0.5059851781348556,1.2729355144371577,1.9850722460541665,1.7937175712765991,1.0718631092822346,0.4622191322574426,0.6633978021463409,1.5796174508985372,2.051583231895061,1.4643623009825262,0,Mammalian
20.21,16.993627280615247,9.089827124592638,0.9686625098392934,4.658635514724596,4.908993409211254,1.7734545070277878,1.7199148035539662,3.1451690221585022,2.27059384943842,1.5233258291775895,2.1137925416014265,1.5842228630881978,0.8406962976649374,1.614901741437911,1.7532174977278792,1.7984715733088472,2.26903032624425,2.0541585764635246,1.087293833194476,0.9357651506242051,1.071473542662568,0.5059851781348556,1.2729355144371577,1.9850722460541665,1.7937175712765991,1.0718631092822346,0.4622191322574426,0.6633978021463409,1.5796174508985372,2.051583231895061,1.4643623009825262,0,Yeast
4.39,4.3451251699651,4.21204025624296,3.9953067663995525,3.702338714621939,3.3431276683406175,2.9298732803896224,2.4765347293349227,1.9983239182522299,1.5111722255175073,1.0312447487520873,0.5748770570902082,0.16595006131535378,0.23668075485242523,0.5420469543362164,0.7842790379762311,0.9533624704172069,1.0459479631184472,1.0620823373811554,1.0048411695734563,0.8801182660776107,0.6963953054749947,0.46461716968993033,0.20006515361897123,0.11705348239610507,0.4075192184910922,0.7026047716655016,0.9800917722327847,1.2265971046262645,1.4308276435320226,1.5835837007240656,1.6780413482585885,0,Mammalian
4.39,4.3451251699651,4.21204025624296,3.9953067663995525,3.702338714621939,3.3431276683406175,2.9298732803896224,2.4765347293349227,1.9983239182522299,1.5111722255175073,1.0312447487520873,0.5748770570902082,0.16595006131535378,0.23668075485242523,0.5420469543362164,0.7842790379762311,0.9533624704172069,1.0459479631184472,1.0620823373811554,1.0048411695734563,0.8801182660776107,0.6963953054749947,0.46461716968993033,0.20006515361897123,0.11705348239610507,0.4075192184910922,0.7026047716655016,0.9800917722327847,1.2265971046262645,1.4308276435320226,1.5835837007240656,1.6780413482585885,0,Yeast
4.39,4.3451251699651,4.21204025624296,3.9953067663995525,3.702338714621939,3.3431276683406175,2.9298732803896224,2.4765347293349227,1.9983239182522299,1.5111722255175073,1.0312447487520873,0.5748770570902082,0.16595006131535378,0.23668075485242523,0.5420469543362164,0.7842790379762311,0.9533624704172069,1.0459479631184472,1.0620823373811554,1.0048411695734563,0.8801182660776107,0.6963953054749947,0.46461716968993033,0.20006515361897123,0.11705348239610507,0.4075192184910922,0.7026047716655016,0.9800917722327847,1.2265971046262645,1.4308276435320226,1.5835837007240656,1.6780413482585885,0,E_coli
19.71,17.305877271521805,11.10255035762436,3.6425445907541367,2.5281374075233924,5.265524444108056,4.808688866122426,2.6832195828237424,1.6260800738635548,1.9657729611929886,1.4390142633434568,0.7511240660168658,1.0118207362748994,0.6885462888764126,0.40814039327457463,1.4343318469560986,1.7066048165876018,1.1422013103636026,1.1274427236614553,1.8936186895861553,1.9298030648960849,1.0739496804719346,0.5989992480836228,1.3986818231186728,1.4721628963480557,0.7159968957253845,0.43508123956251343,1.449972519325085,2.0548966341504133,2.2606446915953873,2.1608617343911733,1.8617009999030396,0,Yeast
19.71,17.305877271521805,11.10255035762436,3.6425445907541367,2.5281374075233924,5.265524444108056,4.808688866122426,2.6832195828237424,1.6260800738635548,1.9657729611929886,1.4390142633434568,0.7511240660168658,1.0118207362748994,0.6885462888764126,0.40814039327457463,1.4343318469560986,1.7066048165876018,1.1422013103636026,1.1274427236614553,1.8936186895861553,1.9298030648960849,1.0739496804719346,0.5989992480836228,1.3986818231186728,1.4721628963480557,0.7159968957253845,0.43508123956251343,1.449972519325085,2.0548966341504133,2.2606446915953873,2.1608617343911733,1.8617009999030396,0,Mammalian
19.71,17.305877271521805,11.10255035762436,3.6425445907541367,2.5281374075233924,5.265524444108056,4.808688866122426,2.6832195828237424,1.6260800738635548,1.9657729611929886,1.4390142633434568,0.7511240660168658,1.0118207362748994,0.6885462888764126,0.40814039327457463,1.4343318469560986,1.7066048165876018,1.1422013103636026,1.1274427236614553,1.8936186895861553,1.9298030648960849,1.0739496804719346,0.5989992480836228,1.3986818231186728,1.4721628963480557,0.7159968957253845,0.43508123956251343,1.449972519325085,2.0548966341504133,2.2606446915953873,2.1608617343911733,1.8617009999030396,0,E_coli
18.52,16.164219632091676,10.158644390941193,3.2254777910050514,2.674501346882442,4.520359084386916,3.383610599544395,1.5180151317441744,2.5608397971405297,3.053647726732917,2.1186475923035206,1.0621440415436432,1.0356940180740941,0.6079187275579199,1.2039344929560232,2.348249517566999,2.574062936293516,1.771600392259186,0.8060575968923599,0.7978445324933754,0.3979906751227378,0.7567081664646612,1.9338419948740866,2.3296179108693376,1.7135050432902885,0.9149821104196276,1.3367584422480987,1.4311722548861203,0.640612104915985,0.5357702312706761,1.2618243624922862,1.1528132542675582,0,E_coli
18.52,16.164219632091676,10.158644390941193,3.2254777910050514,2.674501346882442,4.520359084386916,3.383610599544395,1.5180151317441744,2.5608397971405297,3.053647726732917,2.1186475923035206,1.0621440415436432,1.0356940180740941,0.6079187275579199,1.2039344929560232,2.348249517566999,2.574062936293516,1.771600392259186,0.8060575968923599,0.7978445324933754,0.3979906751227378,0.7567081664646612,1.9338419948740866,2.3296179108693376,1.7135050432902885,0.9149821104196276,1.3367584422480987,1.4311722548861203,0.640612104915985,0.5357702312706761,1.2618243624922862,1.1528132542675582,0,Mammalian
18.52,16.164219632091676,10.158644390941193,3.2254777910050514,2.674501346882442,4.520359084386916,3.383610599544395,1.5180151317441744,2.5608397971405297,3.053647726732917,2.1186475923035206,1.0621440415436432,1.0356940180740941,0.6079187275579199,1.2039344929560232,2.348249517566999,2.574062936293516,1.771600392259186,0.8060575968923599,0.7978445324933754,0.3979906751227378,0.7567081664646612,1.9338419948740866,2.3296179108693376,1.7135050432902885,0.9149821104196276,1.3367584422480987,1.4311722548861203,0.640612104915985,0.5357702312706761,1.2618243624922862,1.1528132542675582,0,Yeast
15.28,13.885748929739641,10.13749997663165,5.189476986125836,0.7986262868151409,2.94265792889052,4.0630544054722755,3.222947581643603,1.190886751529944,1.0492409456900351,2.425536968788543,2.552072769767444,1.5356257988321511,0.23160630823757208,1.505689618286118,2.1382170444809323,1.781010948871454,0.6506156318352352,0.848445738540737,2.034979038145753,2.622527004582622,2.540565865430856,2.002208185906145,1.3472123993220795,0.859877168571452,0.730569934447325,0.9992154990582567,1.379279155835689,1.5992503150551132,1.532387698449453,1.200842580805394,0.7378555724760406,0,Mammalian
15.28,13.885748929739641,10.13749997663165,5.189476986125836,0.7986262868151409,2.94265792889052,4.0630544054722755,3.222947581643603,1.190886751529944,1.0492409456900351,2.425536968788543,2.552072769767444,1.5356257988321511,0.23160630823757208,1.505689618286118,2.1382170444809323,1.781010948871454,0.6506156318352352,0.848445738540737,2.034979038145753,2.622527004582622,2.540565865430856,2.002208185906145,1.3472123993220795,0.859877168571452,0.730569934447325,0.9992154990582567,1.379279155835689,1.5992503150551132,1.532387698449453,1.200842580805394,0.7378555724760406,0,Yeast
15.28,13.885748929739641,10.13749997663165,5.189476986125836,0.7986262868151409,2.94265792889052,4.0630544054722755,3.222947581643603,1.190886751529944,1.0492409456900351,2.425536968788543,2.552072769767444,1.5356257988321511,0.23160630823757208,1.505689618286118,2.1382170444809323,1.781010948871454,0.6506156318352352,0.848445738540737,2.034979038145753,2.622527004582622,2.540565865430856,2.002208185906145,1.3472123993220795,0.859877168571452,0.730569934447325,0.9992154990582567,1.379279155835689,1.5992503150551132,1.532387698449453,1.200842580805394,0.7378555724760406,0,E_coli
15.2,13.825722463044308,10.132942739753023,5.27976454969269,1.293283582106222,3.06727317475517,4.1270297505642395,3.257419696688099,1.159661408001989,1.2061972216451153,2.7827070162355914,3.143054324615517,2.3410799520154155,0.8964163000945145,0.49593486770852974,1.2425633989216722,1.1311056537742183,0.39376296226808954,0.8317709147062352,1.6208460333491888,1.8422199913454052,1.438180149421761,0.65311289780852,0.3874419485414013,0.9232472143423147,1.161298066328261,1.2236638328108282,1.3791109068209242,1.5960538017289183,1.6387977514257925,1.3866270775028022,0.9000144193988289,0,E_coli
15.2,13.825722463044308,10.132942739753023,5.27976454969269,1.293283582106222,3.06727317475517,4.1270297505642395,3.257419696688099,1.159661408001989,1.2061972216451153,2.7827070162355914,3.143054324615517,2.3410799520154155,0.8964163000945145,0.49593486770852974,1.2425633989216722,1.1311056537742183,0.39376296226808954,0.8317709147062352,1.6208460333491888,1.8422199913454052,1.438180149421761,0.65311289780852,0.3874419485414013,0.9232472143423147,1.161298066328261,1.2236638328108282,1.3791109068209242,1.5960538017289183,1.6387977514257925,1.3866270775028022,0.9000144193988289,0,Mammalian
15.2,13.825722463044308,10.132942739753023,5.27976454969269,1.293283582106222,3.06727317475517,4.1270297505642395,3.257419696688099,1.159661408001989,1.2061972216451153,2.7827070162355914,3.143054324615517,2.3410799520154155,0.8964163000945145,0.49593486770852974,1.2425633989216722,1.1311056537742183,0.39376296226808954,0.8317709147062352,1.6208460333491888,1.8422199913454052,1.438180149421761,0.65311289780852,0.3874419485414013,0.9232472143423147,1.161298066328261,1.2236638328108282,1.3791109068209242,1.5960538017289183,1.6387977514257925,1.3866270775028022,0.9000144193988289,0,Yeast
20.86,18.175549933195114,11.293759038798798,3.136438303152297,3.207431106278105,5.695968779198924,4.5148514792999705,1.44678872500003,1.3183822894159372,2.1879189292120045,1.2134544727732914,0.6352817013469607,1.6362659045513752,1.335376258698035,0.7861997615233992,1.9623183946084368,2.4696558464693013,1.7640452842249912,0.3718939532085084,0.765552090482098,0.9542367128842368,0.25653437988572025,0.8556392006493777,1.3722179337645537,1.0407055966767893,0.5438456663739473,1.1728587137548798,1.4145882008383945,1.059269504831593,0.9773795267786967,1.228706618501186,0.9292845597949323,0,Mammalian
20.86,18.175549933195114,11.293759038798798,3.136438303152297,3.207431106278105,5.695968779198924,4.5148514792999705,1.44678872500003,1.3183822894159372,2.1879189292120045,1.2134544727732914,0.6352817013469607,1.6362659045513752,1.335376258698035,0.7861997615233992,1.9623183946084368,2.4696558464693013,1.7640452842249912,0.3718939532085084,0.765552090482098,0.9542367128842368,0.25653437988572025,0.8556392006493777,1.3722179337645537,1.0407055966767893,0.5438456663739473,1.1728587137548798,1.4145882008383945,1.059269504831593,0.9773795267786967,1.228706618501186,0.9292845597949323,0,E_coli
20.86,18.175549933195114,11.293759038798798,3.136438303152297,3.207431106278105,5.695968779198924,4.5148514792999705,1.44678872500003,1.3183822894159372,2.1879189292120045,1.2134544727732914,0.6352817013469607,1.6362659045513752,1.335376258698035,0.7861997615233992,1.9623183946084368,2.4696558464693013,1.7640452842249912,0.3718939532085084,0.765552090482098,0.9542367128842368,0.25653437988572025,0.8556392006493777,1.3722179337645537,1.0407055966767893,0.5438456663739473,1.1728587137548798,1.4145882008383945,1.059269504831593,0.9773795267786967,1.228706618501186,0.9292845597949323,0,Yeast
20.73,18.291953672315085,11.996579206348654,4.39535811184085,1.6794300567890883,4.402890593145972,3.7289623254135114,1.2926707788590586,1.8786553861047277,2.8282338433317706,1.964156177489143,0.15377340313456406,1.7915348425501492,2.5134624265555257,2.062359617629538,1.1448071163370277,1.028834291807967,1.3653121453967474,1.41992401300222,1.2363593031645126,0.8101914109586988,0.5840580320717019,1.193459494485408,1.6099454992878848,1.4828533104321873,1.0485852956939652,0.8655762781612432,0.822660275975928,0.4564071317266675,0.16123364035296597,0.6823038754534543,0.9159572862492393,0,E_coli
20.73,18.291953672315085,11.996579206348654,4.39535811184085,1.6794300567890883,4.402890593145972,3.7289623254135114,1.2926707788590586,1.8786553861047277,2.8282338433317706,1.964156177489143,0.15377340313456406,1.7915348425501492,2.5134624265555257,2.062359617629538,1.1448071163370277,1.028834291807967,1.3653121453967474,1.41992401300222,1.2363593031645126,0.8101914109586988,0.5840580320717019,1.193459494485408,1.6099454992878848,1.4828533104321873,1.0485852956939652,0.8655762781612432,0.822660275975928,0.4564071317266675,0.16123364035296597,0.6823038754534543,0.9159572862492393,0,Mammalian
20.73,18.291953672315085,11.996579206348654,4.39535811184085,1.6794300567890883,4.402890593145972,3.7289623254135114,1.2926707788590586,1.8786553861047277,2.8282338433317706,1.964156177489143,0.15377340313456406,1.7915348425501492,2.5134624265555257,2.062359617629538,1.1448071163370277,1.028834291807967,1.3653121453967474,1.41992401300222,1.2363593031645126,0.8101914109586988,0.5840580320717019,1.193459494485408,1.6099454992878848,1.4828533104321873,1.0485852956939652,0.8655762781612432,0.822660275975928,0.4564071317266675,0.16123364035296597,0.6823038754534543,0.9159572862492393,0,Yeast
14.309999999999999,13.333512408607895,10.633476200343528,6.8366859768785755,2.810626875427428,0.8741801383186816,2.974329814064795,3.7025293883760138,3.0948159363382164,1.6321159790889521,0.5048649901615886,1.64354406765757,2.2598883062918835,2.0320645497560528,1.1313376050978723,0.1291341845994252,1.1435471131527548,1.7314344169125941,1.701308380903542,1.1333196725563373,0.323040184421662,0.6240991556809283,1.1409369791749353,1.2398799208186515,0.9758659335108537,0.6524506502513076,0.7163424915657128,0.9051980715839375,0.8558775902306804,0.5434934700309719,0.16732799015580954,0.35059111122842784,0,Mammalian
14.309999999999999,13.333512408607895,10.633476200343528,6.8366859768785755,2.810626875427428,0.8741801383186816,2.974329814064795,3.7025293883760138,3.0948159363382164,1.6321159790889521,0.5048649901615886,1.64354406765757,2.2598883062918835,2.0320645497560528,1.1313376050978723,0.1291341845994252,1.1435471131527548,1.7314344169125941,1.701308380903542,1.1333196725563373,0.323040184421662,0.6240991556809283,1.1409369791749353,1.2398799208186515,0.9758659335108537,0.6524506502513076,0.7163424915657128,0.9051980715839375,0.8558775902306804,0.5434934700309719,0.16732799015580954,0.35059111122842784,0,Yeast
14.309999999999999,13.333512408607895,10.633476200343528,6.8366859768785755,2.810626875427428,0.8741801383186816,2.974329814064795,3.7025293883760138,3.0948159363382164,1.6321159790889521,0.5048649901615886,1.64354406765757,2.2598883062918835,2.0320645497560528,1.1313376050978723,0.1291341845994252,1.1435471131527548,1.7314344169125941,1.701308380903542,1.1333196725563373,0.323040184421662,0.6240991556809283,1.1409369791749353,1.2398799208186515,0.9758659335108537,0.6524506502513076,0.7163424915657128,0.9051980715839375,0.8558775902306804,0.5434934700309719,0.16732799015580954,0.35059111122842784,0,E_coli
19.43,17.055608880512334,10.935278880412778,3.589039197988257,2.324908921575829,4.838122355563791,4.068828969986627,1.6723614468117058,1.8394622229287914,2.6921787727992386,1.8965354216984716,0.7282630985170039,1.8450687477557797,2.279317531307601,1.5299998772046755,0.2354373763157995,1.0538026380684382,1.6016833916491042,1.5539318049381574,1.1566133132636756,0.48452129396917665,0.4420276134198411,1.3576992221274282,1.8578173467280488,1.7278248552494753,1.1447648289257821,0.6096338500584442,0.4126243408900019,0.09465166729894417,0.4441010395041954,0.906010886960884,1.105206279468921,0,E_coli
19.43,17.055608880512334,10.935278880412778,3.589039197988257,2.324908921575829,4.838122355563791,4.068828969986627,1.6723614468117058,1.8394622229287914,2.6921787727992386,1.8965354216984716,0.7282630985170039,1.8450687477557797,2.279317531307601,1.5299998772046755,0.2354373763157995,1.0538026380684382,1.6016833916491042,1.5539318049381574,1.1566133132636756,0.48452129396917665,0.4420276134198411,1.3576992221274282,1.8578173467280488,1.7278248552494753,1.1447648289257821,0.6096338500584442,0.4126243408900019,0.09465166729894417,0.4441010395041954,0.906010886960884,1.105206279468921,0,Yeast
19.43,17.055608880512334,10.935278880412778,3.589039197988257,2.324908921575829,4.838122355563791,4.068828969986627,1.6723614468117058,1.8394622229287914,2.6921787727992386,1.8965354216984716,0.7282630985170039,1.8450687477557797,2.279317531307601,1.5299998772046755,0.2354373763157995,1.0538026380684382,1.6016833916491042,1.5539318049381574,1.1566133132636756,0.48452129396917665,0.4420276134198411,1.3576992221274282,1.8578173467280488,1.7278248552494753,1.1447648289257821,0.6096338500584442,0.4126243408900019,0.09465166729894417,0.4441010395041954,0.906010886960884,1.105206279468921,0,Mammalian
23.1,19.58460432241502,10.915298450013399,1.5449414581425411,4.232596659261555,4.745905175278181,1.5640580878163985,1.9797873229597207,3.1859312399097512,1.616894689040298,1.0382958791714505,2.5350523494415853,1.7882697402004122,0.5023683510541332,2.6133714887474877,3.196024886181458,2.1920310216782983,0.6523775875128375,0.245603073943594,0.1131963572885019,0.5059765502951029,0.7674842410641506,0.3128596469807892,0.46441800737381456,0.8451284722260383,0.47174659315938494,0.32535441957615613,0.833385176870592,0.6000038223569483,0.1652795524623447,0.7816365185885708,0.7028148090987003,0,Yeast
23.1,19.58460432241502,10.915298450013399,1.5449414581425411,4.232596659261555,4.745905175278181,1.5640580878163985,1.9797873229597207,3.1859312399097512,1.616894689040298,1.0382958791714505,2.5350523494415853,1.7882697402004122,0.5023683510541332,2.6133714887474877,3.196024886181458,2.1920310216782983,0.6523775875128375,0.245603073943594,0.1131963572885019,0.5059765502951029,0.7674842410641506,0.3128596469807892,0.46441800737381456,0.8451284722260383,0.47174659315938494,0.32535441957615613,0.833385176870592,0.6000038223569483,0.1652795524623447,0.7816365185885708,0.7028148090987003,0,Mammalian
23.1,19.58460432241502,10.915298450013399,1.5449414581425411,4.232596659261555,4.745905175278181,1.5640580878163985,1.9797873229597207,3.1859312399097512,1.616894689040298,1.0382958791714505,2.5350523494415853,1.7882697402004122,0.5023683510541332,2.6133714887474877,3.196024886181458,2.1920310216782983,0.6523775875128375,0.245603073943594,0.1131963572885019,0.5059765502951029,0.7674842410641506,0.3128596469807892,0.46441800737381456,0.8451284722260383,0.47174659315938494,0.32535441957615613,0.833385176870592,0.6000038223569483,0.1652795524623447,0.7816365185885708,0.7028148090987003,0,E_coli
24.81,19.887582101156575,8.50012859075611,2.0267918181009446,5.948789003849538,3.43012207178568,1.0084975733717052,2.738195809857343,1.1360609459961768,2.088897121473704,2.8131888295743437,1.3374804595714753,1.404308450677199,2.0046699717276417,1.1598259796827814,0.2302256300610963,0.9128526715741163,1.4074185309559317,1.4398502052174647,1.7017897940189388,2.149387765691388,1.4045560938295725,0.40313572859130636,1.4471104344691343,0.9219357499209326,2.1141996846281215,3.69880803546074,3.329672571737544,1.783356216724973,1.8307618022918142,1.803621628503158,0.8493634690059284,0,Yeast
24.81,19.887582101156575,8.50012859075611,2.0267918181009446,5.948789003849538,3.43012207178568,1.0084975733717052,2.738195809857343,1.1360609459961768,2.088897121473704,2.8131888295743437,1.3374804595714753,1.404308450677199,2.0046699717276417,1.1598259796827814,0.2302256300610963,0.9128526715741163,1.4074185309559317,1.4398502052174647,1.7017897940189388,2.149387765691388,1.4045560938295725,0.40313572859130636,1.4471104344691343,0.9219357499209326,2.1141996846281215,3.69880803546074,3.329672571737544,1.783356216724973,1.8307618022918142,1.803621628503158,0.8493634690059284,0,Mammalian
24.81,19.887582101156575,8.50012859075611,2.0267918181009446,5.948789003849538,3.43012207178568,1.0084975733717052,2.738195809857343,1.1360609459961768,2.088897121473704,2.8131888295743437,1.3374804595714753,1.404308450677199,2.0046699717276417,1.1598259796827814,0.2302256300610963,0.9128526715741163,1.4074185309559317,1.4398502052174647,1.7017897940189388,2.149387765691388,1.4045560938295725,0.40313572859130636,1.4471104344691343,0.9219357499209326,2.1141996846281215,3.69880803546074,3.329672571737544,1.783356216724973,1.8307618022918142,1.803621628503158,0.8493634690059284,0,E_coli
22.650000000000002,18.038861336728008,7.636210479389067,3.0530641152598927,5.373729126326847,2.1935645188644606,2.2577716943121207,3.7117422481864417,2.299163081991602,2.646617950205685,2.7309832870407265,0.8515369795712326,0.9119474412235704,0.8413583796118727,1.4217266920623226,2.530866046687873,1.9231484602078954,0.7171509985205947,1.1093704495155225,0.667885954091423,0.9744388656635125,1.256404940750716,1.1238206607969787,1.564294153514418,1.1101572512067293,1.0592081285991888,2.0350466270914587,1.4635489576358511,0.30175493102299084,1.4319284818375668,1.0221983875376435,1.1902912800951728,0,E_coli
22.650000000000002,18.038861336728008,7.636210479389067,3.0530641152598927,5.373729126326847,2.1935645188644606,2.2577716943121207,3.7117422481864417,2.299163081991602,2.646617950205685,2.7309832870407265,0.8515369795712326,0.9119474412235704,0.8413583796118727,1.4217266920623226,2.530866046687873,1.9231484602078954,0.7171509985205947,1.1093704495155225,0.667885954091423,0.9744388656635125,1.256404940750716,1.1238206607969787,1.564294153514418,1.1101572512067293,1.0592081285991888,2.0350466270914587,1.4635489576358511,0.30175493102299084,1.4319284818375668,1.0221983875376435,1.1902912800951728,0,Yeast
22.650000000000002,18.038861336728008,7.636210479389067,3.0530641152598927,5.373729126326847,2.1935645188644606,2.2577716943121207,3.7117422481864417,2.299163081991602,2.646617950205685,2.7309832870407265,0.8515369795712326,0.9119474412235704,0.8413583796118727,1.4217266920623226,2.530866046687873,1.9231484602078954,0.7171509985205947,1.1093704495155225,0.667885954091423,0.9744388656635125,1.256404940750716,1.1238206607969787,1.564294153514418,1.1101572512067293,1.0592081285991888,2.0350466270914587,1.4635489576358511,0.30175493102299084,1.4319284818375668,1.0221983875376435,1.1902912800951728,0,Mammalian
18.700000000000003,16.17604801741649,9.824092365280084,2.7466540892460247,2.994410177971227,4.399985390956315,2.882524935365529,1.3429828223373832,2.4116227128706393,2.2978152225854758,0.9924395835140004,0.7261942412314293,0.9756553993181422,0.37955300350345456,1.0770254073529861,1.4737815155462697,0.9062008607367351,1.2364015015303396,2.479559795807439,2.9988451640327276,2.686710698976263,2.0739474454176228,1.5973842669627751,1.2011072256246558,0.8443197799213649,0.5086982075797128,0.6902008853487069,1.4699797039745757,1.837168976400964,1.3033638087704769,0.10348237034025139,1.336425553567625,0,Mammalian
18.700000000000003,16.17604801741649,9.824092365280084,2.7466540892460247,2.994410177971227,4.399985390956315,2.882524935365529,1.3429828223373832,2.4116227128706393,2.2978152225854758,0.9924395835140004,0.7261942412314293,0.9756553993181422,0.37955300350345456,1.0770254073529861,1.4737815155462697,0.9062008607367351,1.2364015015303396,2.479559795807439,2.9988451640327276,2.686710698976263,2.0739474454176228,1.5973842669627751,1.2011072256246558,0.8443197799213649,0.5086982075797128,0.6902008853487069,1.4699797039745757,1.837168976400964,1.3033638087704769,0.10348237034025139,1.336425553567625,0,E_coli
18.700000000000003,16.17604801741649,9.824092365280084,2.7466540892460247,2.994410177971227,4.399985390956315,2.882524935365529,1.3429828223373832,2.4116227128706393,2.2978152225854758,0.9924395835140004,0.7261942412314293,0.9756553993181422,0.37955300350345456,1.0770254073529861,1.4737815155462697,0.9062008607367351,1.2364015015303396,2.479559795807439,2.9988451640327276,2.686710698976263,2.0739474454176228,1.5973842669627751,1.2011072256246558,0.8443197799213649,0.5086982075797128,0.6902008853487069,1.4699797039745757,1.837168976400964,1.3033638087704769,0.10348237034025139,1.336425553567625,0,Yeast
23.680000000000003,19.77295036731138,10.327078678514635,0.6473460910375534,4.819182652576973,4.6305097018478,1.2903509310196617,1.5327795021714985,1.7788775440591214,0.5443945562953925,1.3989575074500715,0.7968537884953438,1.2514807251758209,2.7637924035644024,2.2745163869632057,0.14786080681430527,2.392530041608673,3.2187099400038295,2.274904146294758,0.9552042060157283,0.9374887352146569,1.2668633249783514,2.018174218214653,2.234646371115231,1.443881810690262,0.4842557119393854,0.3724094307350716,0.32660537152116137,1.1433238504291754,1.0977129403641328,0.26120625255575347,1.8612218685157982,0,E_coli
23.680000000000003,19.77295036731138,10.327078678514635,0.6473460910375534,4.819182652576973,4.6305097018478,1.2903509310196617,1.5327795021714985,1.7788775440591214,0.5443945562953925,1.3989575074500715,0.7968537884953438,1.2514807251758209,2.7637924035644024,2.2745163869632057,0.14786080681430527,2.392530041608673,3.2187099400038295,2.274904146294758,0.9552042060157283,0.9374887352146569,1.2668633249783514,2.018174218214653,2.234646371115231,1.443881810690262,0.4842557119393854,0.3724094307350716,0.32660537152116137,1.1433238504291754,1.0977129403641328,0.26120625255575347,1.8612218685157982,0,Mammalian
23.680000000000003,19.77295036731138,10.327078678514635,0.6473460910375534,4.819182652576973,4.6305097018478,1.2903509310196617,1.5327795021714985,1.7788775440591214,0.5443945562953925,1.3989575074500715,0.7968537884953438,1.2514807251758209,2.7637924035644024,2.2745163869632057,0.14786080681430527,2.392530041608673,3.2187099400038295,2.274904146294758,0.9552042060157283,0.9374887352146569,1.2668633249783514,2.018174218214653,2.234646371115231,1.443881810690262,0.4842557119393854,0.3724094307350716,0.32660537152116137,1.1433238504291754,1.0977129403641328,0.26120625255575347,1.8612218685157982,0,Yeast
12.14,11.165407656384755,8.514764432258037,4.918367141768296,1.3380152924293354,1.448329838578715,2.787967921541551,2.712326929095437,1.6129544669819258,0.18168253731160688,1.0422279063670077,1.4952893192818058,1.1730841459401082,0.4841809010892878,0.8155060589606249,1.2653587830606783,1.0789810007595124,0.27340682239540814,0.9069263277053243,1.9442592666341,2.4733725371068798,2.2985655983141013,1.5005739358472074,0.3935506772695435,0.6231997171397408,1.2005524907940992,1.2262856657117827,0.88918484347695,0.7678651941940623,1.0221861492982718,1.0590176371703623,0.6812307404534163,0,Mammalian
12.14,11.165407656384755,8.514764432258037,4.918367141768296,1.3380152924293354,1.448329838578715,2.787967921541551,2.712326929095437,1.6129544669819258,0.18168253731160688,1.0422279063670077,1.4952893192818058,1.1730841459401082,0.4841809010892878,0.8155060589606249,1.2653587830606783,1.0789810007595124,0.27340682239540814,0.9069263277053243,1.9442592666341,2.4733725371068798,2.2985655983141013,1.5005739358472074,0.3935506772695435,0.6231997171397408,1.2005524907940992,1.2262856657117827,0.88918484347695,0.7678651941940623,1.0221861492982718,1.0590176371703623,0.6812307404534163,0,E_coli
12.14,11.165407656384755,8.514764432258037,4.918367141768296,1.3380152924293354,1.448329838578715,2.787967921541551,2.712326929095437,1.6129544669819258,0.18168253731160688,1.0422279063670077,1.4952893192818058,1.1730841459401082,0.4841809010892878,0.8155060589606249,1.2653587830606783,1.0789810007595124,0.27340682239540814,0.9069263277053243,1.9442592666341,2.4733725371068798,2.2985655983141013,1.5005739358472074,0.3935506772695435,0.6231997171397408,1.2005524907940992,1.2262856657117827,0.88918484347695,0.7678651941940623,1.0221861492982718,1.0590176371703623,0.6812307404534163,0,Yeast
11.93,10.961277970544304,8.327633194637132,4.756907087068102,1.1949468738689106,1.4974024545364721,2.8017825937257035,2.679739049052947,1.5344187572013204,0.10477011522241166,1.192653170374222,1.6702982481427195,1.3593908325344348,0.6259917986364759,0.7092922163317674,1.147917646528911,0.9916148445843274,0.2499038388872364,0.9168640279269443,1.9003149577351093,2.3792197347528665,2.1600384448514016,1.3281983090622091,0.23224189716797725,0.842946663525491,1.4026360021540043,1.379331512935915,0.9161294544504125,0.5584549998117609,0.818903063000433,0.9502193555388612,0.6987965783152491,0,Yeast
11.93,10.961277970544304,8.327633194637132,4.756907087068102,1.1949468738689106,1.4974024545364721,2.8017825937257035,2.679739049052947,1.5344187572013204,0.10477011522241166,1.192653170374222,1.6702982481427195,1.3593908325344348,0.6259917986364759,0.7092922163317674,1.147917646528911,0.9916148445843274,0.2499038388872364,0.9168640279269443,1.9003149577351093,2.3792197347528665,2.1600384448514016,1.3281983090622091,0.23224189716797725,0.842946663525491,1.4026360021540043,1.379331512935915,0.9161294544504125,0.5584549998117609,0.818903063000433,0.9502193555388612,0.6987965783152491,0,E_coli
11.93,10.961277970544304,8.327633194637132,4.756907087068102,1.1949468738689106,1.4974024545364721,2.8017825937257035,2.679739049052947,1.5344187572013204,0.10477011522241166,1.192653170374222,1.6702982481427195,1.3593908325344348,0.6259917986364759,0.7092922163317674,1.147917646528911,0.9916148445843274,0.2499038388872364,0.9168640279269443,1.9003149577351093,2.3792197347528665,2.1600384448514016,1.3281983090622091,0.23224189716797725,0.842946663525491,1.4026360021540043,1.379331512935915,0.9161294544504125,0.5584549998117609,0.818903063000433,0.9502193555388612,0.6987965783152491,0,Mammalian
23.14,19.691589287758664,11.102864025729236,1.5846254927932433,4.682510895141655,5.834888661029907,3.0409363711936614,0.9394115502862745,2.9205624895294378,2.4437156232485218,0.710746007483188,1.3832171303522722,1.609512727673021,1.1106439327286037,1.3887234724849775,1.3403526021599468,0.5240229002629568,1.0527644030455412,1.5929361770453057,1.251361293684211,0.5159931289404114,0.33834043694177174,0.5063342731034941,0.9754940084669991,1.2741721801835157,0.9131546096218209,0.10240967307490238,1.0294488691919061,1.666286766203384,1.852136515977271,1.6921867039238994,1.273748847030862,0,E_coli
23.14,19.691589287758664,11.102864025729236,1.5846254927932433,4.682510895141655,5.834888661029907,3.0409363711936614,0.9394115502862745,2.9205624895294378,2.4437156232485218,0.710746007483188,1.3832171303522722,1.609512727673021,1.1106439327286037,1.3887234724849775,1.3403526021599468,0.5240229002629568,1.0527644030455412,1.5929361770453057,1.251361293684211,0.5159931289404114,0.33834043694177174,0.5063342731034941,0.9754940084669991,1.2741721801835157,0.9131546096218209,0.10240967307490238,1.0294488691919061,1.666286766203384,1.852136515977271,1.6921867039238994,1.273748847030862,0,Mammalian
23.14,19.691589287758664,11.102864025729236,1.5846254927932433,4.682510895141655,5.834888661029907,3.0409363711936614,0.9394115502862745,2.9205624895294378,2.4437156232485218,0.710746007483188,1.3832171303522722,1.609512727673021,1.1106439327286037,1.3887234724849775,1.3403526021599468,0.5240229002629568,1.0527644030455412,1.5929361770453057,1.251361293684211,0.5159931289404114,0.33834043694177174,0.5063342731034941,0.9754940084669991,1.2741721801835157,0.9131546096218209,0.10240967307490238,1.0294488691919061,1.666286766203384,1.852136515977271,1.6921867039238994,1.273748847030862,0,Yeast
18.490000000000002,16.899677852409194,12.60939202332618,6.887946060226114,1.3404851386880672,2.646118676093342,4.349064284124625,3.886807334728048,2.0930014344847936,0.6617591230352705,1.6474472733093726,1.8495660484188567,1.0447316680869574,0.22243159658986011,1.2706428578201778,1.6377700814661487,1.3150285168010611,0.9463957499428,1.2795234456925006,1.520900105776163,1.1886896031163443,0.42530543315651215,0.4982541775177083,0.9340275764459425,0.7750774124205891,0.30961360224262235,0.9790266084292469,1.6202348291837922,1.7014853399591152,1.174099122129075,0.3025331232487809,0.49604575028605136,0,Yeast
18.490000000000002,16.899677852409194,12.60939202332618,6.887946060226114,1.3404851386880672,2.646118676093342,4.349064284124625,3.886807334728048,2.0930014344847936,0.6617591230352705,1.6474472733093726,1.8495660484188567,1.0447316680869574,0.22243159658986011,1.2706428578201778,1.6377700814661487,1.3150285168010611,0.9463957499428,1.2795234456925006,1.520900105776163,1.1886896031163443,0.42530543315651215,0.4982541775177083,0.9340275764459425,0.7750774124205891,0.30961360224262235,0.9790266084292469,1.6202348291837922,1.7014853399591152,1.174099122129075,0.3025331232487809,0.49604575028605136,0,Mammalian
18.490000000000002,16.899677852409194,12.60939202332618,6.887946060226114,1.3404851386880672,2.646118676093342,4.349064284124625,3.886807334728048,2.0930014344847936,0.6617591230352705,1.6474472733093726,1.8495660484188567,1.0447316680869574,0.22243159658986011,1.2706428578201778,1.6377700814661487,1.3150285168010611,0.9463957499428,1.2795234456925006,1.520900105776163,1.1886896031163443,0.42530543315651215,0.4982541775177083,0.9340275764459425,0.7750774124205891,0.30961360224262235,0.9790266084292469,1.6202348291837922,1.7014853399591152,1.174099122129075,0.3025331232487809,0.49604575028605136,0,E_coli
21.85,18.907935720005053,11.440399643741669,2.784324198078746,3.573677406117149,5.661848229950337,3.934212164768261,0.7088248465339515,2.1235123297987006,2.5579795756035035,1.2453396230342109,1.0924063791002578,2.0316008680033013,1.8057321978896386,1.0243687219201825,0.7987413771493004,0.48010415536631273,0.44303774630539644,1.3840110536450152,1.7173916723177716,1.326629345888663,0.7563478200817075,0.5956276204676217,0.2827153895923409,0.4583616314580613,1.1045421927326153,1.283260195859335,0.9332635005731377,0.49262794151678047,0.8441369241944614,1.4841876531507587,2.0288942260885845,0,Mammalian
21.85,18.907935720005053,11.440399643741669,2.784324198078746,3.573677406117149,5.661848229950337,3.934212164768261,0.7088248465339515,2.1235123297987006,2.5579795756035035,1.2453396230342109,1.0924063791002578,2.0316008680033013,1.8057321978896386,1.0243687219201825,0.7987413771493004,0.48010415536631273,0.44303774630539644,1.3840110536450152,1.7173916723177716,1.326629345888663,0.7563478200817075,0.5956276204676217,0.2827153895923409,0.4583616314580613,1.1045421927326153,1.283260195859335,0.9332635005731377,0.49262794151678047,0.8441369241944614,1.4841876531507587,2.0288942260885845,0,Yeast
21.85,18.907935720005053,11.440399643741669,2.784324198078746,3.573677406117149,5.661848229950337,3.934212164768261,0.7088248465339515,2.1235123297987006,2.5579795756035035,1.2453396230342109,1.0924063791002578,2.0316008680033013,1.8057321978896386,1.0243687219201825,0.7987413771493004,0.48010415536631273,0.44303774630539644,1.3840110536450152,1.7173916723177716,1.326629345888663,0.7563478200817075,0.5956276204676217,0.2827153895923409,0.4583616314580613,1.1045421927326153,1.283260195859335,0.9332635005731377,0.49262794151678047,0.8441369241944614,1.4841876531507587,2.0288942260885845,0,E_coli
15.21,14.290516073392071,11.730779916169425,8.075534054917327,4.0774227864913195,0.5815951416494423,2.120306734534798,3.368050167084618,3.355094567980432,2.4108687374909556,1.0420722157713733,0.3335519294531033,1.1322394394869721,1.3580633818918129,1.075628139554896,0.6912322394078331,0.8507055894961547,1.1722352702772614,1.2067394919008383,0.9362037399894882,0.6187803441270078,0.6957549567312223,0.9269788878082355,0.9462354668939009,0.697954468363233,0.27895277755943987,0.20252086948372355,0.5390960346108883,0.7308680849466979,0.8292345018804073,0.934712121492907,1.055027769346726,0,E_coli
15.21,14.290516073392071,11.730779916169425,8.075534054917327,4.0774227864913195,0.5815951416494423,2.120306734534798,3.368050167084618,3.355094567980432,2.4108687374909556,1.0420722157713733,0.3335519294531033,1.1322394394869721,1.3580633818918129,1.075628139554896,0.6912322394078331,0.8507055894961547,1.1722352702772614,1.2067394919008383,0.9362037399894882,0.6187803441270078,0.6957549567312223,0.9269788878082355,0.9462354668939009,0.697954468363233,0.27895277755943987,0.20252086948372355,0.5390960346108883,0.7308680849466979,0.8292345018804073,0.934712121492907,1.055027769346726,0,Yeast
15.21,14.290516073392071,11.730779916169425,8.075534054917327,4.0774227864913195,0.5815951416494423,2.120306734534798,3.368050167084618,3.355094567980432,2.4108687374909556,1.0420722157713733,0.3335519294531033,1.1322394394869721,1.3580633818918129,1.075628139554896,0.6912322394078331,0.8507055894961547,1.1722352702772614,1.2067394919008383,0.9362037399894882,0.6187803441270078,0.6957549567312223,0.9269788878082355,0.9462354668939009,0.697954468363233,0.27895277755943987,0.20252086948372355,0.5390960346108883,0.7308680849466979,0.8292345018804073,0.934712121492907,1.055027769346726,0,Mammalian
10.809999999999999,10.395444266579029,9.208323521618894,7.409429880880769,5.239288840339258,2.986144702310652,1.0102090694696269,1.0376131294749975,2.075864689957292,2.5728264414100006,2.5106591560250746,2.012824339741804,1.284829227552844,0.6810231664722488,0.8032334558273634,1.1769881137590712,1.322308587282106,1.1761648034701522,0.7951545485513527,0.3076094563544875,0.29399397902798513,0.6592994279365954,0.8439633111673175,0.8092007632417723,0.6214384836719696,0.5267620837924728,0.7646537225646821,1.0909588042638976,1.2934580951147086,1.2849687749084064,1.0531961036569597,0.660841786061419,0,Mammalian
10.809999999999999,10.395444266579029,9.208323521618894,7.409429880880769,5.239288840339258,2.986144702310652,1.0102090694696269,1.0376131294749975,2.075864689957292,2.5728264414100006,2.5106591560250746,2.012824339741804,1.284829227552844,0.6810231664722488,0.8032334558273634,1.1769881137590712,1.322308587282106,1.1761648034701522,0.7951545485513527,0.3076094563544875,0.29399397902798513,0.6592994279365954,0.8439633111673175,0.8092007632417723,0.6214384836719696,0.5267620837924728,0.7646537225646821,1.0909588042638976,1.2934580951147086,1.2849687749084064,1.0531961036569597,0.660841786061419,0,E_coli
10.809999999999999,10.395444266579029,9.208323521618894,7.409429880880769,5.239288840339258,2.986144702310652,1.0102090694696269,1.0376131294749975,2.075864689957292,2.5728264414100006,2.5106591560250746,2.012824339741804,1.284829227552844,0.6810231664722488,0.8032334558273634,1.1769881137590712,1.322308587282106,1.1761648034701522,0.7951545485513527,0.3076094563544875,0.29399397902798513,0.6592994279365954,0.8439633111673175,0.8092007632417723,0.6214384836719696,0.5267620837924728,0.7646537225646821,1.0909588042638976,1.2934580951147086,1.2849687749084064,1.0531961036569597,0.660841786061419,0,Yeast
18.46,16.704018999964447,12.010626562958098,5.880088604286488,0.3513384342666442,3.6990424846089627,4.9560073632156785,3.98120696177971,1.8206260691563754,0.38972086347071283,1.4971408559949402,1.4556859433367464,0.713770029716748,0.9032239981084613,1.4028019447258355,1.2054074834973576,0.4110960958218893,0.5305999041957287,1.1450963649671284,1.1922085275304506,0.7695946119774537,0.2576148728525441,0.22422692014846193,0.07848072757277198,0.45444550422268,1.111975967933468,1.610352416242175,1.7849524906235543,1.6722493182837566,1.420474373226844,1.1097739593377802,0.7331731713693309,0,Yeast
18.46,16.704018999964447,12.010626562958098,5.880088604286488,0.3513384342666442,3.6990424846089627,4.9560073632156785,3.98120696177971,1.8206260691563754,0.38972086347071283,1.4971408559949402,1.4556859433367464,0.713770029716748,0.9032239981084613,1.4028019447258355,1.2054074834973576,0.4110960958218893,0.5305999041957287,1.1450963649671284,1.1922085275304506,0.7695946119774537,0.2576148728525441,0.22422692014846193,0.07848072757277198,0.45444550422268,1.111975967933468,1.610352416242175,1.7849524906235543,1.6722493182837566,1.420474373226844,1.1097739593377802,0.7331731713693309,0,Mammalian
18.46,16.704018999964447,12.010626562958098,5.880088604286488,0.3513384342666442,3.6990424846089627,4.9560073632156785,3.98120696177971,1.8206260691563754,0.38972086347071283,1.4971408559949402,1.4556859433367464,0.713770029716748,0.9032239981084613,1.4028019447258355,1.2054074834973576,0.4110960958218893,0.5305999041957287,1.1450963649671284,1.1922085275304506,0.7695946119774537,0.2576148728525441,0.22422692014846193,0.07848072757277198,0.45444550422268,1.111975967933468,1.610352416242175,1.7849524906235543,1.6722493182837566,1.420474373226844,1.1097739593377802,0.7331731713693309,0,E_coli
17.15,15.719681391859499,11.842682591176274,6.620695703033571,1.525888804831822,2.516978293690384,4.344293973771955,4.179981116637825,2.6298465373802977,0.7200625357015236,1.1390726896671501,1.7832321986788702,1.5186822578586368,0.796221316015247,0.7209904665082688,1.043298416054863,0.8720665112249182,0.2683444331843868,0.5654738742659811,1.0947372657067156,1.2040394853885799,0.9765329544751309,0.8351194901666756,1.0179075182124342,1.1216537744905335,0.9417435228473885,0.6253376392151815,0.607724253102457,0.8952968628223329,1.187624078714855,1.4616540769295805,1.6943627284679557,0,E_coli
17.15,15.719681391859499,11.842682591176274,6.620695703033571,1.525888804831822,2.516978293690384,4.344293973771955,4.179981116637825,2.6298465373802977,0.7200625357015236,1.1390726896671501,1.7832321986788702,1.5186822578586368,0.796221316015247,0.7209904665082688,1.043298416054863,0.8720665112249182,0.2683444331843868,0.5654738742659811,1.0947372657067156,1.2040394853885799,0.9765329544751309,0.8351194901666756,1.0179075182124342,1.1216537744905335,0.9417435228473885,0.6253376392151815,0.607724253102457,0.8952968628223329,1.187624078714855,1.4616540769295805,1.6943627284679557,0,Yeast
17.15,15.719681391859499,11.842682591176274,6.620695703033571,1.525888804831822,2.516978293690384,4.344293973771955,4.179981116637825,2.6298465373802977,0.7200625357015236,1.1390726896671501,1.7832321986788702,1.5186822578586368,0.796221316015247,0.7209904665082688,1.043298416054863,0.8720665112249182,0.2683444331843868,0.5654738742659811,1.0947372657067156,1.2040394853885799,0.9765329544751309,0.8351194901666756,1.0179075182124342,1.1216537744905335,0.9417435228473885,0.6253376392151815,0.607724253102457,0.8952968628223329,1.187624078714855,1.4616540769295805,1.6943627284679557,0,Mammalian
15.84,14.697748753639114,11.561814125110374,7.220064189206191,2.758809852596749,1.3423081333699465,3.3949990574928424,3.910066975169623,3.045806434228908,1.4418457905508064,0.6091971975651825,1.6047084064183952,1.9424119390578423,1.5418765059717445,0.7394536073491202,0.40166766967253814,0.8221921916437788,0.8707721328100424,0.5600396805721604,0.35808491201097825,0.6258262679221933,0.746476088648716,0.6674126183682619,0.7958425198630011,1.2396221864785206,1.63095862049836,1.7707970786962983,1.6506521317874259,1.3863425040729425,1.1103213080242422,0.8607649691908864,0.6160833593700685,0,Yeast
15.84,14.697748753639114,11.561814125110374,7.220064189206191,2.758809852596749,1.3423081333699465,3.3949990574928424,3.910066975169623,3.045806434228908,1.4418457905508064,0.6091971975651825,1.6047084064183952,1.9424119390578423,1.5418765059717445,0.7394536073491202,0.40166766967253814,0.8221921916437788,0.8707721328100424,0.5600396805721604,0.35808491201097825,0.6258262679221933,0.746476088648716,0.6674126183682619,0.7958425198630011,1.2396221864785206,1.63095862049836,1.7707970786962983,1.6506521317874259,1.3863425040729425,1.1103213080242422,0.8607649691908864,0.6160833593700685,0,Mammalian
15.84,14.697748753639114,11.561814125110374,7.220064189206191,2.758809852596749,1.3423081333699465,3.3949990574928424,3.910066975169623,3.045806434228908,1.4418457905508064,0.6091971975651825,1.6047084064183952,1.9424119390578423,1.5418765059717445,0.7394536073491202,0.40166766967253814,0.8221921916437788,0.8707721328100424,0.5600396805721604,0.35808491201097825,0.6258262679221933,0.746476088648716,0.6674126183682619,0.7958425198630011,1.2396221864785206,1.63095862049836,1.7707970786962983,1.6506521317874259,1.3863425040729425,1.1103213080242422,0.8607649691908864,0.6160833593700685,0,E_coli
10.73,10.323532292751581,9.159624462639503,7.395999682195991,5.268251572459479,3.0572053523312572,1.094689233301379,0.8933745700594408,1.9008046024403955,2.39410491279753,2.343702038441066,1.8651232972948992,1.1363151815777963,0.37703109682470964,0.3946679720104561,0.7928832019736147,0.8993886812718958,0.7109668672349878,0.3321390633726487,0.3631666476569159,0.8341028162441015,1.1942959330685365,1.3307400998325123,1.2097452027777622,0.8601987347941232,0.37250720719876873,0.2595083658612856,0.7008304702270085,0.9946786764215406,1.0567088704398848,0.8759583152833673,0.49745231855722083,0,Mammalian
10.73,10.323532292751581,9.159624462639503,7.395999682195991,5.268251572459479,3.0572053523312572,1.094689233301379,0.8933745700594408,1.9008046024403955,2.39410491279753,2.343702038441066,1.8651232972948992,1.1363151815777963,0.37703109682470964,0.3946679720104561,0.7928832019736147,0.8993886812718958,0.7109668672349878,0.3321390633726487,0.3631666476569159,0.8341028162441015,1.1942959330685365,1.3307400998325123,1.2097452027777622,0.8601987347941232,0.37250720719876873,0.2595083658612856,0.7008304702270085,0.9946786764215406,1.0567088704398848,0.8759583152833673,0.49745231855722083,0,E_coli
10.73,10.323532292751581,9.159624462639503,7.395999682195991,5.268251572459479,3.0572053523312572,1.094689233301379,0.8933745700594408,1.9008046024403955,2.39410491279753,2.343702038441066,1.8651232972948992,1.1363151815777963,0.37703109682470964,0.3946679720104561,0.7928832019736147,0.8993886812718958,0.7109668672349878,0.3321390633726487,0.3631666476569159,0.8341028162441015,1.1942959330685365,1.3307400998325123,1.2097452027777622,0.8601987347941232,0.37250720719876873,0.2595083658612856,0.7008304702270085,0.9946786764215406,1.0567088704398848,0.8759583152833673,0.49745231855722083,0,Yeast
10.66,10.254418187703434,9.093199105134785,7.334204252311838,5.213505323402491,3.0139543483135194,1.0841754860287385,0.9590085346097312,1.945770135271771,2.426190967681003,2.3652844654079512,1.878061076470596,1.144631883682118,0.4037896454225722,0.4490628566607418,0.8390551510634331,0.9475230867899737,0.7604752608172753,0.3685363622104016,0.2994708111066417,0.7648185729577189,1.125666489282319,1.2642708864519647,1.14750286729879,0.8059643792900992,0.3431387404728196,0.3288810381351964,0.7549562628644205,1.0370306862244392,1.0879264305746237,0.8956019408708352,0.5037672617805997,0,Mammalian
10.66,10.254418187703434,9.093199105134785,7.334204252311838,5.213505323402491,3.0139543483135194,1.0841754860287385,0.9590085346097312,1.945770135271771,2.426190967681003,2.3652844654079512,1.878061076470596,1.144631883682118,0.4037896454225722,0.4490628566607418,0.8390551510634331,0.9475230867899737,0.7604752608172753,0.3685363622104016,0.2994708111066417,0.7648185729577189,1.125666489282319,1.2642708864519647,1.14750286729879,0.8059643792900992,0.3431387404728196,0.3288810381351964,0.7549562628644205,1.0370306862244392,1.0879264305746237,0.8956019408708352,0.5037672617805997,0,Yeast
10.66,10.254418187703434,9.093199105134785,7.334204252311838,5.213505323402491,3.0139543483135194,1.0841754860287385,0.9590085346097312,1.945770135271771,2.426190967681003,2.3652844654079512,1.878061076470596,1.144631883682118,0.4037896454225722,0.4490628566607418,0.8390551510634331,0.9475230867899737,0.7604752608172753,0.3685363622104016,0.2994708111066417,0.7648185729577189,1.125666489282319,1.2642708864519647,1.14750286729879,0.8059643792900992,0.3431387404728196,0.3288810381351964,0.7549562628644205,1.0370306862244392,1.0879264305746237,0.8956019408708352,0.5037672617805997,0,E_coli
19.3,17.40296466623793,12.37033710878552,5.909996904634552,0.3991444317156153,3.561082858717519,4.320594201294367,2.8062129247128116,0.6465023726005703,2.0189299386092703,2.7711212395674467,2.114622829025596,0.7414570387228572,1.0695401039346335,1.739040695802365,1.6017404912715885,1.2024142381059861,1.2729029954844435,1.2891978368116384,0.7877055926052507,0.4477298059647357,1.017423258056706,1.1177290860840345,0.6623024557288171,0.9520686331467042,1.7887846399075793,2.091299924689549,1.642243636468966,0.7065855951047475,0.4344280555195829,0.8619543777846996,0.6658976766035384,0,Yeast
19.3,17.40296466623793,12.37033710878552,5.909996904634552,0.3991444317156153,3.561082858717519,4.320594201294367,2.8062129247128116,0.6465023726005703,2.0189299386092703,2.7711212395674467,2.114622829025596,0.7414570387228572,1.0695401039346335,1.739040695802365,1.6017404912715885,1.2024142381059861,1.2729029954844435,1.2891978368116384,0.7877055926052507,0.4477298059647357,1.017423258056706,1.1177290860840345,0.6623024557288171,0.9520686331467042,1.7887846399075793,2.091299924689549,1.642243636468966,0.7065855951047475,0.4344280555195829,0.8619543777846996,0.6658976766035384,0,Mammalian
19.3,17.40296466623793,12.37033710878552,5.909996904634552,0.3991444317156153,3.561082858717519,4.320594201294367,2.8062129247128116,0.6465023726005703,2.0189299386092703,2.7711212395674467,2.114622829025596,0.7414570387228572,1.0695401039346335,1.739040695802365,1.6017404912715885,1.2024142381059861,1.2729029954844435,1.2891978368116384,0.7877055926052507,0.4477298059647357,1.017423258056706,1.1177290860840345,0.6623024557288171,0.9520686331467042,1.7887846399075793,2.091299924689549,1.642243636468966,0.7065855951047475,0.4344280555195829,0.8619543777846996,0.6658976766035384,0,E_coli
13.920000000000002,13.208908791631401,11.20712587510652,8.280257223373125,4.949490593659614,1.7979436336596968,0.936781760306117,2.4707727029478246,3.034618711432839,2.696972634908351,1.7482780248129932,0.5872759578115155,0.6080238517281674,1.2927594983165396,1.5213897997911792,1.3235800653164063,0.8905054744357275,0.5747150019606816,0.653271558266738,0.7454564272443603,0.636807807105243,0.4781105683734353,0.6624976464155466,1.0245434526268777,1.273220042342131,1.3120362841660262,1.1574405729320387,0.90576674885183,0.6871140195152935,0.5643652537720771,0.4620941872685829,0.304732114427124,0,Yeast
13.920000000000002,13.208908791631401,11.20712587510652,8.280257223373125,4.949490593659614,1.7979436336596968,0.936781760306117,2.4707727029478246,3.034618711432839,2.696972634908351,1.7482780248129932,0.5872759578115155,0.6080238517281674,1.2927594983165396,1.5213897997911792,1.3235800653164063,0.8905054744357275,0.5747150019606816,0.653271558266738,0.7454564272443603,0.636807807105243,0.4781105683734353,0.6624976464155466,1.0245434526268777,1.273220042342131,1.3120362841660262,1.1574405729320387,0.90576674885183,0.6871140195152935,0.5643652537720771,0.4620941872685829,0.304732114427124,0,Mammalian
13.920000000000002,13.208908791631401,11.20712587510652,8.280257223373125,4.949490593659614,1.7979436336596968,0.936781760306117,2.4707727029478246,3.034618711432839,2.696972634908351,1.7482780248129932,0.5872759578115155,0.6080238517281674,1.2927594983165396,1.5213897997911792,1.3235800653164063,0.8905054744357275,0.5747150019606816,0.653271558266738,0.7454564272443603,0.636807807105243,0.4781105683734353,0.6624976464155466,1.0245434526268777,1.273220042342131,1.3120362841660262,1.1574405729320387,0.90576674885183,0.6871140195152935,0.5643652537720771,0.4620941872685829,0.304732114427124,0,E_coli
17.18,15.475304427423813,10.955956488854348,5.1803450678897205,0.982537264865357,3.5452244317523025,4.19350056745202,2.792364459768829,0.49445829449609846,1.474182024096098,2.233050606120354,1.7208496585257318,0.6506967713795941,1.031551512536756,1.4526962188099455,1.0416245541431923,0.4534313619501857,1.1949163201950799,1.6685874995287646,1.476594633758692,0.856013320820742,0.45156318555296293,0.5895625146435637,0.7398624668818593,1.1267257851864443,1.5237192408533957,1.4937673415335273,0.9094273112864265,0.2333568714319779,0.9152546114988357,1.2322418669165687,0.9365436550187456,0,Mammalian
17.18,15.475304427423813,10.955956488854348,5.1803450678897205,0.982537264865357,3.5452244317523025,4.19350056745202,2.792364459768829,0.49445829449609846,1.474182024096098,2.233050606120354,1.7208496585257318,0.6506967713795941,1.031551512536756,1.4526962188099455,1.0416245541431923,0.4534313619501857,1.1949163201950799,1.6685874995287646,1.476594633758692,0.856013320820742,0.45156318555296293,0.5895625146435637,0.7398624668818593,1.1267257851864443,1.5237192408533957,1.4937673415335273,0.9094273112864265,0.2333568714319779,0.9152546114988357,1.2322418669165687,0.9365436550187456,0,E_coli
17.18,15.475304427423813,10.955956488854348,5.1803450678897205,0.982537264865357,3.5452244317523025,4.19350056745202,2.792364459768829,0.49445829449609846,1.474182024096098,2.233050606120354,1.7208496585257318,0.6506967713795941,1.031551512536756,1.4526962188099455,1.0416245541431923,0.4534313619501857,1.1949163201950799,1.6685874995287646,1.476594633758692,0.856013320820742,0.45156318555296293,0.5895625146435637,0.7398624668818593,1.1267257851864443,1.5237192408533957,1.4937673415335273,0.9094273112864265,0.2333568714319779,0.9152546114988357,1.2322418669165687,0.9365436550187456,0,Yeast
22.62,18.269666187460242,8.01698866249508,1.8961172702502629,6.3742519381969185,4.908301428356379,1.065361493594914,1.2212291858743416,0.4140573465268117,1.7483595686823,2.3871526466206414,1.0256977911522058,1.869389886169899,2.672537878430393,1.7735156483409842,1.4163895801830184,1.4199295757184578,0.12022250704158954,1.4273100816584168,1.4657050427529728,0.6793247057523245,2.3047441762611003,2.701801530386899,1.6247395202163877,1.5060400106860297,1.6910221944258166,0.555927536724667,1.0157009050987802,1.4105359357467813,0.8448878773636342,1.2858620281036364,1.2245688626745075,0,Mammalian
22.62,18.269666187460242,8.01698866249508,1.8961172702502629,6.3742519381969185,4.908301428356379,1.065361493594914,1.2212291858743416,0.4140573465268117,1.7483595686823,2.3871526466206414,1.0256977911522058,1.869389886169899,2.672537878430393,1.7735156483409842,1.4163895801830184,1.4199295757184578,0.12022250704158954,1.4273100816584168,1.4657050427529728,0.6793247057523245,2.3047441762611003,2.701801530386899,1.6247395202163877,1.5060400106860297,1.6910221944258166,0.555927536724667,1.0157009050987802,1.4105359357467813,0.8448878773636342,1.2858620281036364,1.2245688626745075,0,Yeast
22.62,18.269666187460242,8.01698866249508,1.8961172702502629,6.3742519381969185,4.908301428356379,1.065361493594914,1.2212291858743416,0.4140573465268117,1.7483595686823,2.3871526466206414,1.0256977911522058,1.869389886169899,2.672537878430393,1.7735156483409842,1.4163895801830184,1.4199295757184578,0.12022250704158954,1.4273100816584168,1.4657050427529728,0.6793247057523245,2.3047441762611003,2.701801530386899,1.6247395202163877,1.5060400106860297,1.6910221944258166,0.555927536724667,1.0157009050987802,1.4105359357467813,0.8448878773636342,1.2858620281036364,1.2245688626745075,0,E_coli
18.54,16.156838953308174,10.072494966874254,2.9306650774778804,2.466346023613935,4.372546629013064,3.0382903489570503,0.4250376161091838,2.2553780004461204,2.7156140741065338,1.398446070540389,0.732851000474509,1.935221378517441,1.7623982447040356,0.5047993602277772,0.9791241543175598,1.5467385040788242,1.0007524670054402,0.18142236543038856,1.0894840146089044,1.1351476973649561,0.3484317428289886,0.6476662044136026,1.1181087048096823,0.7400473465283536,0.19747287467108285,0.983684316712444,1.06374677787185,0.39025019295295593,0.6165185598945061,1.1579044301958157,0.9033679315661174,0,Mammalian
18.54,16.156838953308174,10.072494966874254,2.9306650774778804,2.466346023613935,4.372546629013064,3.0382903489570503,0.4250376161091838,2.2553780004461204,2.7156140741065338,1.398446070540389,0.732851000474509,1.935221378517441,1.7623982447040356,0.5047993602277772,0.9791241543175598,1.5467385040788242,1.0007524670054402,0.18142236543038856,1.0894840146089044,1.1351476973649561,0.3484317428289886,0.6476662044136026,1.1181087048096823,0.7400473465283536,0.19747287467108285,0.983684316712444,1.06374677787185,0.39025019295295593,0.6165185598945061,1.1579044301958157,0.9033679315661174,0,E_coli
18.54,16.156838953308174,10.072494966874254,2.9306650774778804,2.466346023613935,4.372546629013064,3.0382903489570503,0.4250376161091838,2.2553780004461204,2.7156140741065338,1.398446070540389,0.732851000474509,1.935221378517441,1.7623982447040356,0.5047993602277772,0.9791241543175598,1.5467385040788242,1.0007524670054402,0.18142236543038856,1.0894840146089044,1.1351476973649561,0.3484317428289886,0.6476662044136026,1.1181087048096823,0.7400473465283536,0.19747287467108285,0.983684316712444,1.06374677787185,0.39025019295295593,0.6165185598945061,1.1579044301958157,0.9033679315661174,0,Yeast
18.54,16.29160514352256,10.536908273314646,3.732286136967212,1.4622469133212685,3.457878367215125,2.4096561510300707,0.2087825343154308,2.2553780004461204,2.702436671262657,1.5242592416370513,0.3199757498647388,1.4098235536465786,1.2633850533465047,0.19549128041050087,1.113599194783888,1.5467385040788242,0.9593825353505019,0.201480145967595,1.054770014726137,1.0882432592007498,0.33325743077042513,0.620774801867668,1.0810803750545697,0.7400473465283536,0.16550189615984578,0.9107101943331557,1.0285957235137828,0.4458229703255369,0.4807899908830853,0.9837629466535349,0.7856377708226729,0,Yeast
18.54,16.29160514352256,10.536908273314646,3.732286136967212,1.4622469133212685,3.457878367215125,2.4096561510300707,0.2087825343154308,2.2553780004461204,2.702436671262657,1.5242592416370513,0.3199757498647388,1.4098235536465786,1.2633850533465047,0.19549128041050087,1.113599194783888,1.5467385040788242,0.9593825353505019,0.201480145967595,1.054770014726137,1.0882432592007498,0.33325743077042513,0.620774801867668,1.0810803750545697,0.7400473465283536,0.16550189615984578,0.9107101943331557,1.0285957235137828,0.4458229703255369,0.4807899908830853,0.9837629466535349,0.7856377708226729,0,Mammalian
18.54,16.29160514352256,10.536908273314646,3.732286136967212,1.4622469133212685,3.457878367215125,2.4096561510300707,0.2087825343154308,2.2553780004461204,2.702436671262657,1.5242592416370513,0.3199757498647388,1.4098235536465786,1.2633850533465047,0.19549128041050087,1.113599194783888,1.5467385040788242,0.9593825353505019,0.201480145967595,1.054770014726137,1.0882432592007498,0.33325743077042513,0.620774801867668,1.0810803750545697,0.7400473465283536,0.16550189615984578,0.9107101943331557,1.0285957235137828,0.4458229703255369,0.4807899908830853,0.9837629466535349,0.7856377708226729,0,E_coli
16.5,14.856651787196755,10.50706643669073,4.95226791222375,0.0,2.951124428238793,3.420693155618853,1.9551339195897668,0.6826419266350405,2.2306400608828127,2.6537524004837025,1.7126175896091083,0.0,1.6006451085890236,2.3842195973127276,2.139855923278793,1.1840608092492542,0.15738222021579715,0.5158230494801439,0.483662600766087,0.0,0.49835679212831707,0.6178016403947001,0.33552063117508835,0.6826419266350405,1.2584997777966587,1.3694350620247016,0.8781151714892202,0.0,0.8369650604694386,1.2454732692572916,1.14015052566948,0,Mammalian
16.5,14.856651787196755,10.50706643669073,4.95226791222375,0.0,2.951124428238793,3.420693155618853,1.9551339195897668,0.6826419266350405,2.2306400608828127,2.6537524004837025,1.7126175896091083,0.0,1.6006451085890236,2.3842195973127276,2.139855923278793,1.1840608092492542,0.15738222021579715,0.5158230494801439,0.483662600766087,0.0,0.49835679212831707,0.6178016403947001,0.33552063117508835,0.6826419266350405,1.2584997777966587,1.3694350620247016,0.8781151714892202,0.0,0.8369650604694386,1.2454732692572916,1.14015052566948,0,Yeast
16.5,14.856651787196755,10.50706643669073,4.95226791222375,0.0,2.951124428238793,3.420693155618853,1.9551339195897668,0.6826419266350405,2.2306400608828127,2.6537524004837025,1.7126175896091083,0.0,1.6006451085890236,2.3842195973127276,2.139855923278793,1.1840608092492542,0.15738222021579715,0.5158230494801439,0.483662600766087,0.0,0.49835679212831707,0.6178016403947001,0.33552063117508835,0.6826419266350405,1.2584997777966587,1.3694350620247016,0.8781151714892202,0.0,0.8369650604694386,1.2454732692572916,1.14015052566948,0,E_coli
23.840000000000003,18.31908573790523,6.037131360536183,4.302925641378062,6.3389294574443475,1.7981600038640504,3.2196908744209343,4.046353000388088,1.9231628191152166,2.273204190826269,1.6204347701537087,0.800552561698851,2.107923947176222,1.9119740512085608,1.8164195163730636,1.3020751311003573,1.0489041900955502,1.7035469106048915,1.5481888539225677,2.584687810760229,2.8941890930660503,1.3316321183611222,1.040990011786484,1.5731728356901309,0.7371870666071214,0.9420894429087069,1.0238741173325956,1.756051320857108,2.1048276556627767,0.9433906659255632,1.0352679676413057,1.424273779242285,0,Yeast
23.840000000000003,18.31908573790523,6.037131360536183,4.302925641378062,6.3389294574443475,1.7981600038640504,3.2196908744209343,4.046353000388088,1.9231628191152166,2.273204190826269,1.6204347701537087,0.800552561698851,2.107923947176222,1.9119740512085608,1.8164195163730636,1.3020751311003573,1.0489041900955502,1.7035469106048915,1.5481888539225677,2.584687810760229,2.8941890930660503,1.3316321183611222,1.040990011786484,1.5731728356901309,0.7371870666071214,0.9420894429087069,1.0238741173325956,1.756051320857108,2.1048276556627767,0.9433906659255632,1.0352679676413057,1.424273779242285,0,E_coli
23.840000000000003,18.31908573790523,6.037131360536183,4.302925641378062,6.3389294574443475,1.7981600038640504,3.2196908744209343,4.046353000388088,1.9231628191152166,2.273204190826269,1.6204347701537087,0.800552561698851,2.107923947176222,1.9119740512085608,1.8164195163730636,1.3020751311003573,1.0489041900955502,1.7035469106048915,1.5481888539225677,2.584687810760229,2.8941890930660503,1.3316321183611222,1.040990011786484,1.5731728356901309,0.7371870666071214,0.9420894429087069,1.0238741173325956,1.756051320857108,2.1048276556627767,0.9433906659255632,1.0352679676413057,1.424273779242285,0,Mammalian
14.85,13.131905253662019,8.667029811040777,3.203212775375319,1.350735941102383,3.505451965689836,3.195065669240198,1.3656608919382875,0.9752444478711759,1.9108467888224598,1.53742649068775,0.4090882284512592,1.2238204030237376,1.7947807456499312,1.4459011821219019,0.7624661611779243,0.9319334740205436,1.0847892403601653,0.7197917634612295,0.5819760500698741,0.8320387882244978,0.670124120332509,0.7575256846874049,1.4690796078230308,1.805297279368815,1.5596411999414652,1.484123070471947,2.071481738456992,2.342367924440349,1.7849838101065534,0.6714704364515021,0.7326516571966839,0,E_coli
14.85,13.131905253662019,8.667029811040777,3.203212775375319,1.350735941102383,3.505451965689836,3.195065669240198,1.3656608919382875,0.9752444478711759,1.9108467888224598,1.53742649068775,0.4090882284512592,1.2238204030237376,1.7947807456499312,1.4459011821219019,0.7624661611779243,0.9319334740205436,1.0847892403601653,0.7197917634612295,0.5819760500698741,0.8320387882244978,0.670124120332509,0.7575256846874049,1.4690796078230308,1.805297279368815,1.5596411999414652,1.484123070471947,2.071481738456992,2.342367924440349,1.7849838101065534,0.6714704364515021,0.7326516571966839,0,Yeast
14.85,13.131905253662019,8.667029811040777,3.203212775375319,1.350735941102383,3.505451965689836,3.195065669240198,1.3656608919382875,0.9752444478711759,1.9108467888224598,1.53742649068775,0.4090882284512592,1.2238204030237376,1.7947807456499312,1.4459011821219019,0.7624661611779243,0.9319334740205436,1.0847892403601653,0.7197917634612295,0.5819760500698741,0.8320387882244978,0.670124120332509,0.7575256846874049,1.4690796078230308,1.805297279368815,1.5596411999414652,1.484123070471947,2.071481738456992,2.342367924440349,1.7849838101065534,0.6714704364515021,0.7326516571966839,0,Mammalian
29.01,20.57868265829725,3.870881034098069,7.224783796348342,5.17325070049142,2.1212726919548404,3.6390275523072986,1.5328728267582425,2.735664903513531,0.2247368871903787,3.047928023813035,2.413277290199092,1.0049556748811033,2.4654375371116855,0.7049089474692866,1.3614188697869174,1.1354734695271407,0.7473539615164007,1.2454284201612338,0.7299350449871033,0.8309339371830831,0.9461870057973542,0.9842161230820049,1.2180217992808926,1.5938436358954104,1.345191067068025,1.5200477779766295,1.2738541619546477,0.9303171896867901,1.9955253179868837,2.391793899321085,1.6754730309593577,0,Mammalian
29.01,20.57868265829725,3.870881034098069,7.224783796348342,5.17325070049142,2.1212726919548404,3.6390275523072986,1.5328728267582425,2.735664903513531,0.2247368871903787,3.047928023813035,2.413277290199092,1.0049556748811033,2.4654375371116855,0.7049089474692866,1.3614188697869174,1.1354734695271407,0.7473539615164007,1.2454284201612338,0.7299350449871033,0.8309339371830831,0.9461870057973542,0.9842161230820049,1.2180217992808926,1.5938436358954104,1.345191067068025,1.5200477779766295,1.2738541619546477,0.9303171896867901,1.9955253179868837,2.391793899321085,1.6754730309593577,0,E_coli
29.01,20.57868265829725,3.870881034098069,7.224783796348342,5.17325070049142,2.1212726919548404,3.6390275523072986,1.5328728267582425,2.735664903513531,0.2247368871903787,3.047928023813035,2.413277290199092,1.0049556748811033,2.4654375371116855,0.7049089474692866,1.3614188697869174,1.1354734695271407,0.7473539615164007,1.2454284201612338,0.7299350449871033,0.8309339371830831,0.9461870057973542,0.9842161230820049,1.2180217992808926,1.5938436358954104,1.345191067068025,1.5200477779766295,1.2738541619546477,0.9303171896867901,1.9955253179868837,2.391793899321085,1.6754730309593577,0,Yeast
15.15,13.813941879431058,10.233486281186634,5.531971248188437,1.1352616343356607,1.9222590619951616,2.9173425403421613,2.1603607869844406,0.5581863322561447,1.3306961691191428,2.110866379971401,1.766855161932411,0.6202015982739748,0.9727182834323621,1.8818282439539014,1.9487345000741234,1.33330416634765,1.1623277905940967,1.8095617134175284,1.995450732002044,1.3592656084395365,0.5266258973566456,1.5779830756788045,2.524164668916562,2.718350238376658,2.19683859989856,1.4465643314281693,1.2700801993677204,1.5328822540617488,1.6006902765457542,1.5329527306747428,1.571370174284159,0,E_coli
15.15,13.813941879431058,10.233486281186634,5.531971248188437,1.1352616343356607,1.9222590619951616,2.9173425403421613,2.1603607869844406,0.5581863322561447,1.3306961691191428,2.110866379971401,1.766855161932411,0.6202015982739748,0.9727182834323621,1.8818282439539014,1.9487345000741234,1.33330416634765,1.1623277905940967,1.8095617134175284,1.995450732002044,1.3592656084395365,0.5266258973566456,1.5779830756788045,2.524164668916562,2.718350238376658,2.19683859989856,1.4465643314281693,1.2700801993677204,1.5328822540617488,1.6006902765457542,1.5329527306747428,1.571370174284159,0,Yeast
15.15,13.813941879431058,10.233486281186634,5.531971248188437,1.1352616343356607,1.9222590619951616,2.9173425403421613,2.1603607869844406,0.5581863322561447,1.3306961691191428,2.110866379971401,1.766855161932411,0.6202015982739748,0.9727182834323621,1.8818282439539014,1.9487345000741234,1.33330416634765,1.1623277905940967,1.8095617134175284,1.995450732002044,1.3592656084395365,0.5266258973566456,1.5779830756788045,2.524164668916562,2.718350238376658,2.19683859989856,1.4465643314281693,1.2700801993677204,1.5328822540617488,1.6006902765457542,1.5329527306747428,1.571370174284159,0,Mammalian
19.97,17.38226799332044,10.755617571309429,2.9107686178086825,3.1193812007631645,5.4902841692843865,4.384838282171978,1.563610054622162,0.8161504774521315,1.393025651609207,0.7451431450897463,1.9332501909102409,2.7862563577260424,2.1673662581523097,0.5856355592230332,1.3740596778402143,1.9870832896484223,1.3308120775807448,0.7427950716426186,1.681245540729042,1.891009456820978,1.2612859316506417,0.9239626718140652,1.1659851732387354,0.9170051243884395,1.1449485869035536,2.060182246508847,2.4080989301037556,1.9167471579658562,1.1146475302177328,1.022288686157488,1.272594875649804,0,Mammalian
19.97,17.38226799332044,10.755617571309429,2.9107686178086825,3.1193812007631645,5.4902841692843865,4.384838282171978,1.563610054622162,0.8161504774521315,1.393025651609207,0.7451431450897463,1.9332501909102409,2.7862563577260424,2.1673662581523097,0.5856355592230332,1.3740596778402143,1.9870832896484223,1.3308120775807448,0.7427950716426186,1.681245540729042,1.891009456820978,1.2612859316506417,0.9239626718140652,1.1659851732387354,0.9170051243884395,1.1449485869035536,2.060182246508847,2.4080989301037556,1.9167471579658562,1.1146475302177328,1.022288686157488,1.272594875649804,0,E_coli
19.97,17.38226799332044,10.755617571309429,2.9107686178086825,3.1193812007631645,5.4902841692843865,4.384838282171978,1.563610054622162,0.8161504774521315,1.393025651609207,0.7451431450897463,1.9332501909102409,2.7862563577260424,2.1673662581523097,0.5856355592230332,1.3740596778402143,1.9870832896484223,1.3308120775807448,0.7427950716426186,1.681245540729042,1.891009456820978,1.2612859316506417,0.9239626718140652,1.1659851732387354,0.9170051243884395,1.1449485869035536,2.060182246508847,2.4080989301037556,1.9167471579658562,1.1146475302177328,1.022288686157488,1.272594875649804,0,Yeast
15.439999999999998,14.268478678165652,11.06633754030448,6.672471702299592,2.190667105309571,1.3465497354621063,3.2764152459175873,3.4705029745075837,2.3181217323780685,0.5451674539176636,1.0594434041240621,1.9100578781117223,1.792711992566341,0.8860113610826972,0.35895503928256595,1.4228196913016382,1.9233304448274087,1.7454304070936104,1.0541561703647444,0.19656561335876035,0.45872870466512544,0.6751982414053621,0.43385478210790673,0.07912272574633739,0.5705362686775481,0.7775335953675947,0.5839117074176332,0.06682339458604823,0.5432580610903628,0.9690574531146358,1.0115233304590125,0.6386510999117733,0,Mammalian
15.439999999999998,14.268478678165652,11.06633754030448,6.672471702299592,2.190667105309571,1.3465497354621063,3.2764152459175873,3.4705029745075837,2.3181217323780685,0.5451674539176636,1.0594434041240621,1.9100578781117223,1.792711992566341,0.8860113610826972,0.35895503928256595,1.4228196913016382,1.9233304448274087,1.7454304070936104,1.0541561703647444,0.19656561335876035,0.45872870466512544,0.6751982414053621,0.43385478210790673,0.07912272574633739,0.5705362686775481,0.7775335953675947,0.5839117074176332,0.06682339458604823,0.5432580610903628,0.9690574531146358,1.0115233304590125,0.6386510999117733,0,Yeast
15.439999999999998,14.268478678165652,11.06633754030448,6.672471702299592,2.190667105309571,1.3465497354621063,3.2764152459175873,3.4705029745075837,2.3181217323780685,0.5451674539176636,1.0594434041240621,1.9100578781117223,1.792711992566341,0.8860113610826972,0.35895503928256595,1.4228196913016382,1.9233304448274087,1.7454304070936104,1.0541561703647444,0.19656561335876035,0.45872870466512544,0.6751982414053621,0.43385478210790673,0.07912272574633739,0.5705362686775481,0.7775335953675947,0.5839117074176332,0.06682339458604823,0.5432580610903628,0.9690574531146358,1.0115233304590125,0.6386510999117733,0,E_coli
9.989999999999998,9.373187979249728,7.652423982946643,5.187213473345881,2.497142915923613,0.6539681160614502,1.964425698427522,2.8034181191820267,2.7549947182292915,2.0112498578314075,0.9486830523147457,0.4903651139692159,1.0737749331483055,1.2676576030594373,0.9498815982535795,0.2683668487685795,0.5303772242470447,1.165009569941796,1.441154765418517,1.289098781920625,0.7984986424902927,0.3498305038245216,0.6968753381062034,0.9964765403469809,0.9060927670656627,0.43541529803991824,0.4580107274788528,1.2447391283530784,1.8559322639406919,2.070145624627789,1.8078794635969917,1.1615252080811107,0,Mammalian
9.989999999999998,9.373187979249728,7.652423982946643,5.187213473345881,2.497142915923613,0.6539681160614502,1.964425698427522,2.8034181191820267,2.7549947182292915,2.0112498578314075,0.9486830523147457,0.4903651139692159,1.0737749331483055,1.2676576030594373,0.9498815982535795,0.2683668487685795,0.5303772242470447,1.165009569941796,1.441154765418517,1.289098781920625,0.7984986424902927,0.3498305038245216,0.6968753381062034,0.9964765403469809,0.9060927670656627,0.43541529803991824,0.4580107274788528,1.2447391283530784,1.8559322639406919,2.070145624627789,1.8078794635969917,1.1615252080811107,0,E_coli
9.989999999999998,9.373187979249728,7.652423982946643,5.187213473345881,2.497142915923613,0.6539681160614502,1.964425698427522,2.8034181191820267,2.7549947182292915,2.0112498578314075,0.9486830523147457,0.4903651139692159,1.0737749331483055,1.2676576030594373,0.9498815982535795,0.2683668487685795,0.5303772242470447,1.165009569941796,1.441154765418517,1.289098781920625,0.7984986424902927,0.3498305038245216,0.6968753381062034,0.9964765403469809,0.9060927670656627,0.43541529803991824,0.4580107274788528,1.2447391283530784,1.8559322639406919,2.070145624627789,1.8078794635969917,1.1615252080811107,0,Yeast
15.100000000000001,13.803094354192627,10.325846075270132,5.779373580029124,1.9037147897313584,2.4397053447050063,3.4038011968187583,2.7932623399624243,1.2257347062291957,0.5308766796444495,1.3528417753145034,1.1752908148645966,0.33238709874981676,1.2674326887585337,2.187185403587359,2.3199991960303326,1.640121946685673,0.5849362660931988,0.7914655493721232,1.30266123575147,1.1414976751868642,0.4992220528415231,0.6463762919538986,1.2072270276239576,1.2683747198463193,0.827053610901778,0.2857348390540138,0.5581862792856759,0.7183118219031029,0.6762879406654179,1.0330609656596708,1.5812585819860097,0,E_coli
15.100000000000001,13.803094354192627,10.325846075270132,5.779373580029124,1.9037147897313584,2.4397053447050063,3.4038011968187583,2.7932623399624243,1.2257347062291957,0.5308766796444495,1.3528417753145034,1.1752908148645966,0.33238709874981676,1.2674326887585337,2.187185403587359,2.3199991960303326,1.640121946685673,0.5849362660931988,0.7914655493721232,1.30266123575147,1.1414976751868642,0.4992220528415231,0.6463762919538986,1.2072270276239576,1.2683747198463193,0.827053610901778,0.2857348390540138,0.5581862792856759,0.7183118219031029,0.6762879406654179,1.0330609656596708,1.5812585819860097,0,Mammalian
15.100000000000001,13.803094354192627,10.325846075270132,5.779373580029124,1.9037147897313584,2.4397053447050063,3.4038011968187583,2.7932623399624243,1.2257347062291957,0.5308766796444495,1.3528417753145034,1.1752908148645966,0.33238709874981676,1.2674326887585337,2.187185403587359,2.3199991960303326,1.640121946685673,0.5849362660931988,0.7914655493721232,1.30266123575147,1.1414976751868642,0.4992220528415231,0.6463762919538986,1.2072270276239576,1.2683747198463193,0.827053610901778,0.2857348390540138,0.5581862792856759,0.7183118219031029,0.6762879406654179,1.0330609656596708,1.5812585819860097,0,Yeast
18.73,16.419755852873717,10.559106468155294,3.9051293781254204,2.211267695780427,3.479270215386987,1.9861430625673981,1.3728557182058791,3.384113508053471,3.52871821997406,1.9601714918057314,1.4152529457768748,2.478777091044241,2.111302903638102,0.6209584909953835,1.8601673618918002,2.9637982387470303,2.701783416668697,1.5189645666552736,0.8589164195437905,1.1024958000913008,0.7028893635813614,0.1779444990996388,0.8435973420019279,0.801233901310991,0.15360220489031617,0.8220970285642494,1.2939377716994347,1.0872268950376518,0.39589608208761484,0.5645205757640936,1.1326204988256128,0,Mammalian
17.540000000000003,15.484770724383875,10.227291627652797,4.030322934623803,0.8138089362846157,2.4539308905412214,1.3383778316680424,1.2234170415575878,3.2399720842640294,3.552071459409643,2.0958248002984763,0.2566578850090723,1.9694287516863334,2.484186046171926,1.8548213725562837,1.0466407473452422,0.8981091247727083,0.5551991483179236,0.8105515635754232,1.8087701566137102,2.279795596676414,2.0004816241220236,1.3971501894624483,1.2153078717144028,1.2923547861132438,1.1435472269272882,0.9357903167172091,0.8553508551369086,0.6916628113679008,0.3730035430885881,0.12361560991092206,0.1359116628239089,0,Mammalian
18.5,16.357551743919167,10.77925533277103,3.976360404829253,2.262487338836417,4.94503650252393,4.589770374221649,2.1302714160380654,1.054483152125051,2.7119887062785493,2.7066164220474342,1.385661258535092,0.7457978508593864,1.635656611640863,1.693695572691926,1.44353704454978,1.722904524342542,1.7960610259877887,1.0595118541493758,0.37663581591835626,1.6624307912044012,2.3991757684422694,2.329889588951758,1.622162408284728,0.5872523153504096,0.6223683604070749,1.7960164917584316,2.710321369720609,3.023848619179528,2.5967824356021008,1.6587522808829565,0.7213158998398735,0,Mammalian
11.58,10.916359121279893,9.055644879970856,6.360055755257986,3.3506021410041416,0.7708866391101178,1.7856882880368237,2.9296394529671064,3.0901307268076015,2.4034827623889745,1.200895089164557,0.2966124430242611,1.2686656094753839,1.8162381157236083,1.7396957261637689,1.102310111215491,0.17720045146669353,1.0236770446707624,1.9425212252736088,2.4982431952686546,2.606173204319833,2.302928468842112,1.7187285679954698,1.0305260596260344,0.4131489939955424,0.13151528128743312,0.30286452580241363,0.3348158761458831,0.2796678263908905,0.2650469762815939,0.32307799204206006,0.3797089666243458,0,Mammalian
17.45,15.931745019840697,11.833561256826766,6.362104103606206,1.0549679118322939,2.794468547941084,4.442957497509799,4.009397088533263,2.2717776120893567,0.5631821215618849,1.2660795245645182,1.416905898936298,0.5627100105410147,0.8826441685863009,2.0758398680955725,2.592057483584225,2.2982819670353765,1.5012266468085531,0.8974195087347322,0.9239173918672582,0.7980581583528503,0.2536733694609288,0.5560105951148084,1.1519467934917613,1.3721612446099707,1.263505124868409,1.1111784640517084,1.0505976268719335,0.8439806425076334,0.40163227234755955,0.6106234520910416,1.2043454329279066,0,Mammalian
21.08,18.012257294759866,10.418973482066333,2.1175024022185536,3.20931643172898,4.101611108961095,1.8381105735304653,1.159397026103548,2.2691685130933386,1.5305265331449227,0.8343195129203664,1.382954504077696,1.4026746803205576,1.8201574436192098,2.041885230749412,1.1810192205915848,0.6209669878504007,1.528520935598593,1.2109163886375756,0.23754153869648778,1.5471342850381364,1.866888134673127,1.059916779455006,0.6960606888558679,1.2514288869870962,1.0324693407440149,0.6375775953175761,0.7012572703802704,0.9006482589121675,1.8038555412401187,2.4228721560556026,2.0425175365405623,0,Mammalian
18.479999999999997,15.81879653889559,9.154807260225299,1.6808692302884676,3.587147431722725,5.027866911511438,3.5173053640650473,1.479602971067141,1.6168638919286862,1.6631240238674987,1.0404733433251236,0.34682368620062604,0.5390010570055969,1.5273917105359434,2.026118724630431,1.7432803722143744,1.2000000000000004,0.9753480584250807,0.43182906485713474,0.65097289009633,1.5977133200536178,1.7191148411519854,0.988508508518188,0.7798748208359415,1.3148958722945414,1.1048348981975535,0.3714678535102998,0.6433629089951485,0.8194896647030719,0.4213576072450038,0.3675749729203448,0.7830170164876835,0,Mammalian
28.490000000000002,21.161452055568244,5.923681121428509,5.034011714125578,5.106616560519062,1.7971711945736322,2.959225052241767,0.9635874415128673,2.822522330130871,2.771824630514247,2.4287653035870527,1.552112991350011,1.7060688023635702,2.462213242050292,0.28890670537687396,2.328323850522174,2.444769927825521,1.2051192676121578,1.1283032968521316,1.2013194428468017,2.70594389107689,2.0172840900599507,0.4503830155640383,1.55722488846647,0.8489803860588335,1.3241979633733356,1.209741968236567,0.587902216579142,1.6264268209107535,1.772187365378023,1.4327708321247106,1.3386757459291327,0,Mammalian
22.5,17.74660832293119,7.140980581686093,1.9150634501848416,3.908383091889073,0.7558744290383758,3.1157284049072733,3.196772734296797,1.2823800079577956,1.9786065825564194,1.2243204230590665,1.00772025928175,1.5043201626807166,0.9929507358228193,1.981426350675948,1.3813353852090688,0.869252552484029,2.4654342273706797,1.754779587931797,0.7604351483394903,2.39513738744944,2.3657087948798514,1.5849084640492088,1.1030929844194513,1.2590081473883181,2.1069469837034185,1.8866366727693964,0.9061918644430654,1.1013080179630677,1.006416760060227,0.9640735348967423,1.2768697843929264,0,Mammalian
25.43,20.26094996740063,8.532136884058914,2.029200292949121,5.244975252881882,2.6292891352589516,1.6058682829888482,1.5835891012299126,1.2245211153991122,3.5665271699991954,3.2718341896594967,2.171321689852519,2.224687309736064,0.7491618152894242,1.6831996681362478,2.7594994082821835,1.7023806859806645,0.7652670969113121,1.3062390069074885,0.6957068926555208,1.1059340250273504,1.4609748843518278,1.0456171693694556,0.7783772466101987,0.9210581077986952,1.2039446386567643,1.2571602587987396,1.02216771330533,0.6510844053137587,0.2674263202373697,0.9265741403597032,1.2441525314904422,0,Mammalian
19.67,17.24639516426054,11.037868430614418,3.688211220497258,2.0058658560825,4.196267452092375,3.104485444340374,0.4141612859502422,1.952104450898413,2.4568887402448434,1.1829478665689308,0.8742094050840618,2.178317162806857,2.157110306047015,1.3967752114506546,1.7587835113804895,2.2970633426181344,1.855148563860415,0.7232129161211083,0.6923087622734024,1.2232888956223857,1.2358294101378067,1.2238333550607323,1.1959983764634214,0.7593999030699197,0.14922207201403934,0.566599856008428,0.46860616767835617,0.3797377825163912,1.2992129274497035,1.8502550062488619,1.772062580968341,0,Mammalian
19.25,16.817765536607737,10.633019597061395,3.534508161362862,2.4082322962251848,3.9845944516741465,2.478766125860023,1.6760349387568538,3.7649547873440388,4.03375023851127,2.2998420974125526,0.9152111312424893,2.339438898680891,2.314659082818264,0.8522955487709285,1.5306884538402648,2.8773772780085682,2.9542422329928386,1.9911280807126566,0.8921703652739199,0.6369727038235933,0.5531006223074008,0.4827427980196725,0.6180056326131041,0.3590479762583405,0.30911901206538284,0.9226514948368976,1.0565799532237456,0.6447546985795238,0.4575586202300255,0.8843155220533284,0.9737967419016021,0,Mammalian
11.950000000000001,11.306091481144712,9.495181574286516,6.853270144996249,3.8593541865113288,1.0521076952570279,1.2577225188090773,2.5730101180062332,2.920206405217384,2.405303542706683,1.3105530421313076,0.3203151044018993,1.3583262922796948,2.220696563938213,2.597884308922294,2.4967743743519724,2.0459960899278373,1.438683353708143,0.8697722242869965,0.47512306611649546,0.26582721448800795,0.1601779567513755,0.21228589723804625,0.323624878374635,0.34204466218224283,0.2197920506666559,0.07574114239521036,0.3454821959351071,0.5957103648558844,0.7159901264021508,0.6664855836906741,0.48451991853891874,0,Mammalian
19.25,16.845639584816798,10.7234769110811,3.6533850427286696,2.228094510218243,3.8847593550186112,2.4718392540269276,1.3795534511905962,3.4366509494004105,3.8280202576232454,2.425908087898651,1.2701432597820461,2.0261771888930946,1.7565902112865468,0.24328167702893397,1.5896459840918158,2.5539185578244274,2.2819532190950405,1.402627387731141,1.298910579132993,1.3763370506304209,0.7321910002895607,0.6144492081826046,1.316797610233956,1.2459655902091598,0.6403482133470936,1.1458137321071038,1.7571136537074037,1.5850227682297056,0.7067148042474689,0.5890985380368156,1.4993386487994231,0,Mammalian
18.99,16.650089583177675,10.704051920161191,3.890030222237746,2.066541843028527,3.4908318509619516,2.0389322283740197,1.1892964295757942,3.20430065344023,3.3520486368858147,1.8467448886706543,1.6115990718943134,2.6728580422836736,2.2543349446442136,0.8429116680828891,2.0646757290833104,3.2097507691408067,2.956005285682618,1.6827891561390536,0.6769621071504521,0.9169607240846757,0.6370880882104155,0.271538510158476,0.8088451595514473,0.7185104886934622,0.23792215960391905,1.0157990805979935,1.4879522538549972,1.2361301417317905,0.4013144926204608,0.5910167644896034,1.3270404432850085,0,Mammalian
19.28,16.934541512787998,10.967591581998843,4.077352963833051,1.7492944185629984,3.2366605923516247,1.812932019360998,1.0812871666114845,3.102487179285145,3.131088046625786,1.4408967073889696,1.6336960998051073,2.9739076458236973,2.6567114090031554,1.1026256980241862,1.6880033855582115,2.8721072403376584,2.784209286046229,1.8482862917429272,1.2879717409502738,1.2306762439300443,0.6943569948405293,0.6322717314575216,1.3189538976515693,1.3295763619932874,0.6638428064693285,0.5810947124700873,1.1611804610684546,1.2025299721511873,0.8400470022719881,0.6428412003211248,0.7833432933874965,0,Mammalian
18.52,16.197683487998443,10.307117401245684,3.6333051576504665,2.3974398447611756,3.7337741862939784,2.2066716457527424,1.177985557673343,3.1743339067189202,3.3084892106798844,1.7086621401573465,1.4724999304512494,2.679199387822822,2.3263185147027197,0.682103187656077,1.6383170776771425,2.76702005775166,2.4987920524730622,1.2688000302336389,0.7732972431145745,1.2331662945348774,0.8974447238353906,0.18851297449443732,0.7133045882348898,0.7082402478358588,0.31899117709178176,1.0200744004800777,1.5179938072806258,1.3516929093046406,0.6738679484756294,0.3888413766090838,0.9150446037401382,0,Mammalian
18.57,16.248409651772057,10.358590757721688,3.66933767370115,2.29695947671141,3.623639625828551,2.073410542920189,1.2217459086495956,3.2922947026671996,3.4424361970386195,1.806748394332075,1.2515061260026126,2.426096813878147,2.05538284884422,0.46199527080520264,1.9164195467986853,3.073906309567681,2.8195490898112103,1.5717691564916934,0.6734053248943779,0.9169618295087181,0.5421186935662111,0.34521195435261787,1.0373743055547944,1.0216631493743413,0.3321071874325537,0.6000974538396457,1.1025857475105856,0.9234784324823042,0.23719471741727552,0.7162683261536583,1.3470704342695872,0,Mammalian
18.93,16.601395588682752,10.695024218302205,4.005916019419526,2.318762573009064,3.5906313669774246,2.1411802540435643,1.3965789420735173,3.307851788776778,3.4143993935779973,1.8067502214609499,1.4247014966031442,2.5633040935546183,2.164814927345891,0.524663162781374,1.8765751751162891,3.058512710452582,2.8289833951446757,1.6142692041346332,0.7842075969040411,1.0109321856579052,0.6580550127495163,0.2652718532268108,0.8778908735172857,0.8130907350882033,0.06800175861988625,0.8704413539457384,1.4068340717669356,1.2477292855341076,0.5421770635552415,0.3793203425912975,0.9906359896980523,0,Mammalian
19.009999999999998,16.649360472588917,10.66362085288502,3.907581450111502,2.4739851628470797,3.7443460570506053,2.1297165520769368,1.2227522404663924,3.442955900336475,3.705767893060084,2.147484108271621,1.4051415731880148,2.529200615546104,2.3025227168344697,0.8793316390204655,1.6592899286300504,2.7763465201591826,2.5913429524309413,1.4461158128823708,0.6298776962097813,0.9006174031750965,0.6056771322794151,0.318756548206905,0.7936440337047495,0.6439368512037923,0.15188252460385124,1.0373050367412828,1.4837083663922146,1.2214049096969695,0.5215408026009349,0.7606097333860699,1.3825254806464655,0,Mammalian
18.75,16.432053419616715,10.551637272914135,3.872558503827204,2.218258585031819,3.5048613769539125,2.0148894753828936,1.4143431710033922,3.4093527810086193,3.5382203758913864,1.9312172879341853,1.3767231580959747,2.486538815236304,2.13243939595015,0.6668975524910423,1.8902180320990376,2.9948789624958136,2.720386050286643,1.4991440088499042,0.8076900052644899,1.1028198283525128,0.7223417877861664,0.16537652856409346,0.8481965826482487,0.8208005937064131,0.15597168159856034,0.8183359977262746,1.3210435411985262,1.1362402899248063,0.433270006008451,0.5531389910871095,1.1691939504981557,0,Mammalian
47.339999999999996,23.645953042788157,4.865068514426609,1.1418835331444779,4.661861602871176,1.9215753139124339,3.0397536180922486,0.9940579382021869,5.073439912540647,2.018162203827765,3.5367776465944956,0.8145816103755418,0.2808480162714931,2.269656010281872,0.4405267776912607,1.0617559885588617,0.6670832032063163,2.730077625838525,1.8176754819728902,1.533237635837249,1.1359521523094642,0.6971183037821499,2.3979677242103414,1.1383858234952988,1.5591688342958772,1.0766041976349396,0.8358405234099288,0.20898602272074102,1.427789723697175,1.2320549818674231,0.346588492628235,1.5001562652681049,0,Mammalian
51.44,21.53674463617863,7.261969612211262,2.456599986494987,1.8379428343643265,3.3325831124007212,4.597787138945201,1.1205077192791337,5.633973878987526,1.0274506252184368,1.9300900948381854,3.0905496172501983,2.1643993449418155,2.4050901499370063,2.6699115158877538,3.0289370240344344,2.7585503439306676,2.3927819237513295,1.956838597780787,0.49044525696729363,1.584697605496071,0.8700160504225309,2.2257435323746715,1.0368011688250507,1.4961077270324645,1.245987361330168,1.739841934304542,0.9639292939829679,2.218575018420446,1.179822877234392,0.8252720602146059,1.4051963197725477,0,Mammalian
43.58,20.565912702216906,6.930287164026417,2.6225595572456486,3.9416315372342283,1.7230499278422535,2.6220680168645902,0.46363615218587667,5.18929224429901,1.8020905156380262,3.3331577484552763,0.6880783307771776,1.2110051135125353,2.50999880754757,2.200987887853027,1.8900320431439075,1.3207573584879235,2.8819200956145634,1.0679670794411191,2.7947275790841597,1.460099085074315,0.3215639403893303,1.5462057944212315,0.13870716646059558,2.0447117164182695,0.8754493916995546,1.1189532424353665,2.2230231777560117,1.9902557879559544,1.2614023692621703,1.1270441341291348,1.3293122493111105,0,Mammalian
9.86,9.299945407862857,7.73052933114935,5.458613759484887,2.919281913075865,0.6391768997920632,1.3199948704595847,2.3065382813755657,2.48370146238559,1.9941740772017362,1.1610519004625144,0.6647186185671798,1.0846146916403818,1.4192601489618208,1.3590047556211693,0.9618052046968586,0.46818799642878495,0.49739920846156627,0.8180215613672662,0.92674996541292,0.7884167716189618,0.5123416698641944,0.318346849433234,0.3559569814899642,0.42476704879696514,0.5773671882975725,0.9363457516139441,1.3698178060047792,1.6892019053079161,1.7577290450038936,1.5304728036982922,1.0995906742262465,0,Mammalian
20.97,17.982513420470767,10.559201227506414,2.416678406695968,3.062572091765861,3.9819422480387523,1.6087397404240393,1.6156106304988693,3.121107898331803,2.4163185932331492,0.7637125946320182,1.5010394955923092,1.8860322936590257,1.4797704079071672,1.2747663251081351,1.1381697639092816,0.8102468759581852,0.8640762636949868,0.8555240798486475,0.5387292307142755,0.4211503500251376,0.2495625896822059,0.7364992660703542,1.595906182827295,2.0644818931080122,2.0491512863209214,1.8008705518804322,1.3379179728756956,1.0315845833890005,1.765590975993257,2.240681237709865,1.6775985238513658,0,Mammalian
9.81,9.266431716894084,7.746945411403239,5.559220532785809,3.1385397666820967,0.9960517597767681,0.9190928405410034,1.7165531049435272,1.7770539683900672,1.2411159752982726,0.5897452439442,0.9605389939982981,1.5762981640192284,1.8313543454915846,1.6685669015704834,1.2094550720589554,0.703491293478462,0.5018659735541121,0.5431916449206957,0.43143219228893437,0.24255691989506287,0.5495200284948895,0.9336933986887829,1.0917842173487404,0.9151388929715057,0.4267579729353969,0.3883895127413673,1.1099029594469279,1.6792910324526007,1.922081700871345,1.7946875064921766,1.4249277377935756,0,Mammalian
4.390000000000001,4.345733225737683,4.2143875924876415,4.00027464824682,3.7104076369797774,3.35425108222494,2.9433883729290886,2.4911295175720825,2.0121010923424354,1.521925575322928,1.0374028014065353,0.5798760797185696,0.22292957640063224,0.3558286859282326,0.6707050705670171,0.9450302499356555,1.1569356075426152,1.3005858880573251,1.3750859614772235,1.3830159511291722,1.3300867842403854,1.2250898794007643,1.0801555556262161,0.9117084368647189,0.7430001306826132,0.6086829099385603,0.5523978125636335,0.5919114099245698,0.6922764749701192,0.8064704852259738,0.9038868696992054,0.9678357383201561,0,Mammalian
29.220000000000002,21.302734083911098,5.151820553144462,5.189292491852084,3.8473331657033953,2.4531123867462186,4.141432294238339,0.8399426869525463,3.018453616354825,2.6843353081111365,1.6016487652035676,0.9965059253736632,1.3172981234718206,1.6481975994101719,1.3993160734771846,2.3018697031597317,1.5211837495845133,0.14421165085452492,0.26961431144022124,0.7153219408777629,1.3833206611261863,1.0947129494729788,0.892181210303193,1.8693443878401885,2.2730019282689757,1.3652942687620304,0.9618760150659654,1.4909209156839525,1.061497581004179,1.1834499898699775,2.3391525479450292,2.042475327881813,0,Mammalian
14.67,13.000685616464972,8.64720682000245,3.2712777078074606,1.2464966677148934,3.529333836813574,3.387371078336053,1.6395930271686914,0.5527004027126902,1.6692946725473212,1.5592212871400852,0.5145464330005254,0.7026403790802005,1.3171863334936638,1.137698414055002,0.6509607568435922,0.7988116173416608,0.8614073082669583,0.39742738717232257,0.4817500829211127,1.0117536847326307,1.052145090476983,0.8040326221084101,0.9282526903577617,1.156167057496982,1.1411694893647815,1.330888381554405,1.7682982577779658,1.7970244952397398,1.1115261489986887,0.1916293727377196,1.2049131091896452,0,Mammalian
43.019999999999996,20.40189529452997,7.317148442141267,2.5139914604520315,4.993397639574901,2.471757813837516,2.8028537156219215,3.313273147285968,1.9224865714945394,2.7849984281754114,1.5997441445958078,1.5035212833567562,1.4618518252904924,1.715435167851248,0.8024697891424285,0.9661604455761614,1.13780490419052,0.5407874980916638,0.9537381629164148,2.7087015517671644,3.791088454964084,2.537489692639536,1.7084442333555956,0.6771826146815073,3.8394329506351834,3.7817870892324814,2.5277317471742315,1.2978820178990707,2.053050798353682,2.4650758480044708,0.590579940632523,1.653184099630449,0,Mammalian
15.71,14.409104788095355,10.905378671629954,6.249999249293296,1.7786191992617455,1.495386239947515,2.8307813804056905,2.473664784986042,1.1574317007994295,0.7908465630570167,1.5566171844756902,1.5471719573482,0.9385745459574044,0.7766192394757625,1.1470211920671574,1.0239160818126383,0.6835934464285046,1.3757949432307064,2.1566769356749216,2.2803259114844976,1.5798222957685066,0.3113065305663248,1.1726672095092328,2.2171639487738783,2.5882333468960144,2.318930401055138,1.7635095057938923,1.3688080514232956,1.1659129810972533,0.8340018058168439,0.3637424425262958,0.3650092573988232,0,Mammalian
17.630000000000003,15.322710417507029,9.43179766401989,2.556190518703749,2.8431683707082684,4.685939428624409,3.4481049535030883,1.4690370986674135,2.6437479865717712,3.1333118844687933,1.908416887619637,0.0618790335851796,1.4648276899594197,1.6106630078312265,0.8798584995702877,1.057268634984127,1.4637281168304461,1.035678187346608,0.1363564504243638,0.5995547676002774,0.6015486041947689,0.7149940423951364,1.5237951698248948,1.8566182815856749,1.3218156389972493,0.20278873451219578,0.8446965695103809,1.2306847117164523,0.9771451945967751,1.071928271741561,1.7005593087869333,2.0714562496735636,0,Mammalian
24.76,21.23994065140142,12.497191229442628,2.8571989331701704,3.473963700029394,4.751083781040764,2.326259596838639,0.7761869815441881,1.9950458620814076,0.943697157674966,1.1915446743827447,2.146807724885334,1.3531024623477972,0.7375216469797475,2.0177641548688094,1.9216855866553018,0.940212741883453,1.4257422775484898,1.6920508037967208,0.9718783473265662,1.3138385081895472,2.1765562708787547,2.1594758499859377,1.420582819488374,0.511265105587947,0.765382581476635,1.4477707593454918,1.4679330827494168,0.838163654464142,1.2086795815402842,1.9076594890644665,1.7035330862906493,0,Mammalian
19.93,17.402613472213144,10.941386557724961,3.3320217144201267,2.4570752802916167,4.558702353662158,3.20041249147407,0.16263720008200916,2.3192436625489896,2.807896136791064,1.3187056592389523,0.9663443058219372,2.5206891359998473,2.5459650213036364,1.365185658629036,0.9642588634095,1.5961516218705536,1.2671343713846328,0.38857996479960616,1.031729659760378,1.3881388452196235,1.166853154390457,1.1972946279522134,1.4410016441044984,1.2035401255156994,0.5436630369290542,0.1635640002170055,0.48341882758413474,1.1171293089989827,1.9428357506777674,2.354536383937014,2.1195803600201164,0,Mammalian
19.47,16.977292048620207,10.611001539976296,3.1347148011565498,2.5322011812895404,4.5273767570699,3.110437938371823,0.06639639928421072,2.39382157718148,2.843431020733127,1.3227699458676296,0.9486047549162195,2.4760866601417613,2.4426468499635896,1.2024045434671113,1.074463602586146,1.851512894905137,1.6010724794699105,0.7757952963519318,0.9493671345662246,1.2248051186026387,1.0637055784573195,1.262657812946654,1.5567784152184525,1.286319655692305,0.5614206421622544,0.252384464117429,0.5290684784232138,0.9664390567380056,1.6927731844693878,2.0835700425356576,1.8585142271526534,0,Mammalian
21.619999999999997,18.3614463251189,10.310734610044246,1.5795184091135424,3.9235240090350723,4.536818876340143,1.669997677988203,1.662905494647886,2.9676499543453296,1.7441300922510103,0.6197980168321333,2.2110553557723454,2.100693393271024,0.9261041389848984,0.7844703621926905,0.7550584816299944,0.17720045146669341,1.0942762951636595,1.213552077411727,0.45761298600945716,0.5040916299562201,0.9378851998645332,1.0097457874090534,1.4398651029521494,1.6839993314945698,1.3105957503150982,0.723947652706663,0.2875433733580009,0.6360332118693982,1.773078767613776,2.4885177962557994,2.331019379129306,0,Mammalian
20.43,17.941660795893057,11.563586996565272,3.9979251474711988,1.8471095884001703,4.148971252138567,3.0888799575471473,0.54337600896225,2.0418938838748306,2.456349912323025,1.015977698310847,1.1524675639054245,2.612390830482686,2.5730953004557082,1.4040723804081041,1.2850852242334108,2.0721245136332898,1.9014190904803738,0.9313446529931769,0.1526815875839459,0.5357887520667747,0.44082179671511024,0.8288863720715426,1.222917612259807,1.107280166441428,0.6820272514435742,0.42217948150474094,0.07733246324268048,0.7049331389634491,1.5633320268926625,1.9596824877443095,1.6795167609148194,0,Mammalian
19.310000000000002,16.873568140983327,10.641751210721223,3.297558371842004,2.340277941528871,4.400527835899343,3.130609158418048,0.23011199738567992,2.171556167404503,2.6697023205653236,1.2746109750457206,0.8685188289717238,2.313898928235984,2.2647138648507084,1.0225268823866873,1.0187387016186678,1.847078774714278,1.5914603925486648,0.6039436589743817,0.7711447307785619,1.2143040468918005,1.0736799018270557,1.0449269310356855,1.2584984595320958,1.0982457884314707,0.573603939155394,0.19166186596678314,0.4224873838657077,1.0566156292635223,1.7887959859048141,2.0651558290228595,1.6580385739385803,0,Mammalian
20.43,17.925103538388814,11.499194696560838,3.8573969513564172,2.0503894737954442,4.450056365368301,3.4636568523090054,0.8036020185575354,1.5225997405784466,1.946813184025011,0.5476704796203,1.5525713397051535,2.9136614514559636,2.751435348697002,1.4125947540157298,1.1843322391029891,2.0721245136332898,1.9436732855349943,0.9597397888715853,0.2202836416397957,0.7687103587933132,0.8728521583052319,1.0222423392191462,1.1171281782660194,0.7622926144142054,0.17886012699124557,0.4941446511209274,0.4374177155330766,0.4816267603987753,1.2956664653100116,1.7607887005693612,1.595262234457965,0,Mammalian
20.189999999999998,17.712534668697604,11.367314819020399,3.8641164021290426,1.9775213468659605,4.179845090993311,3.025833091435266,0.19861788226698382,2.1793777718393055,2.6780158879759943,1.304061887477633,0.8662362027449406,2.273575348991142,2.1822426379715743,0.8204818148098205,1.009759251727231,1.9864792976520034,1.8028100668054297,0.7685397286682359,0.3961148067836294,0.9729212243550426,1.0533382314522581,1.1905287072083253,1.333928579194107,1.0594869171503452,0.46462781948083975,0.02936938784217592,0.19421351411974574,0.9400472043194045,1.841924635689475,2.3471356192343227,2.2649575792667487,0,Mammalian
18.700000000000003,16.274976143798312,10.082430976960046,2.8314927950036646,2.7411431327372813,4.633369659151252,3.1801788910430733,0.5580507838290018,2.647311277774488,3.289655970951851,2.0237083804096523,0.7393336142879434,1.8972351278872495,1.9608396493709255,0.9866237220469399,1.242826337792742,1.9561697267875295,1.693282841274445,0.9367334959981249,1.0985743124702223,1.328921617969067,0.8656102692437858,0.12706770454698177,0.5610601735432129,0.5818444797091435,0.2723591412786428,0.338023510772659,0.48660610229386064,1.03951937387062,1.756347076174693,1.9715856816419979,1.3883958183189087,0,Mammalian
18.7,16.26167534968379,10.029423875112972,2.7009559456651724,2.879727080138007,4.862426919455097,3.475973087726161,0.5822078208942254,2.2048128461894776,2.834595677420549,1.6230413611557752,1.098342548054304,2.3664733256099586,2.4030353090108267,1.405488522629137,1.2957043951432337,1.8912958520548813,1.5995167972645254,0.7544454812687765,0.9596334249058348,1.26258209765891,0.8499651793998025,0.1175972686436817,0.4595722106508425,0.4481074796048948,0.3357118510914473,0.6402099349954347,0.7662121587782116,1.086306765958674,1.6833022693510418,1.8597098474725895,1.2372489470187003,0,Mammalian
18.47,16.04381749726475,9.848373006154171,2.599394695633919,2.983492524627702,4.8811788648226715,3.429993179003922,0.6627648324645569,2.4309361546310155,3.076397036317875,1.8392692722149218,0.8980388150552456,2.1272057490359115,2.1894762482741017,1.1748583127300978,1.1078058418983887,1.744849563716023,1.4533929564246781,0.7354849783919881,1.1644704289102172,1.4739590366860824,1.0497609426245424,0.3609625470405226,0.4543851452588055,0.4054003109369417,0.09904552233108106,0.49528168096123587,0.7169840396430095,1.1672244064148987,1.7983993549895034,1.962283454456411,1.3206240201548947,0,Mammalian
24.869999999999997,19.199297366271487,6.943423158983392,3.2948018972935986,4.321012804895328,1.034626703191,3.7028231429178557,2.2992415682461904,1.483176945638646,2.8959510072527976,1.1500967948620182,1.9917192431398667,1.7397457907897234,0.870888257853324,2.792528759429096,2.0143368269266597,1.0346496991735905,2.247838904896908,1.6403817817378743,0.9356098031632052,1.045642496797903,0.5813755066539646,0.7707759261928424,0.7778281338639985,1.030915199192453,1.1127192327213589,0.8262311442289934,0.8318312554402821,1.6853381536802337,2.449677713253854,2.086870929364012,0.8976926791300168,0,Mammalian
20.119999999999997,17.608239612525008,11.17241782277622,3.558215782666752,2.3781734203249805,4.622958628455858,3.4304779020996286,0.6837804886876262,2.2359648458697983,2.9368026001651586,1.7584055168591881,0.6449309233220878,1.954054055620094,2.1033247468689558,1.1978419436283962,0.7973514529529656,1.0904127658827178,0.5140176526710937,0.8458150412053702,1.9798744343633041,2.3201202927141296,1.7546360399116634,0.7836195472249374,0.37318873801833463,0.4382478842327136,0.159568131174938,0.40657147866465654,0.8853244257280557,1.5537714625743848,2.18477724953336,2.2443090310597342,1.4454614726969364,0,Mammalian
19.67,17.200760142086605,10.875845558469958,3.3916065197609138,2.375053070293164,4.5646456944926985,3.3600110670157606,0.5727144353625757,2.193065073384259,2.897124511488853,1.7475114327041894,0.5124106677611957,1.7865868287374032,1.9164710773410312,0.9891614315865952,0.4703973723020095,0.8077747210701751,0.36087808169623864,0.9505705189805457,1.722363674821814,1.6537783578215228,1.1499770000913365,1.7419287108884283,2.4801654423277193,2.3661499495809832,1.4635966713665336,0.38710622482237683,0.34546936765320685,0.3222538748784697,0.3615174319486141,0.8671339562040132,1.1274027270073392,0,Mammalian
19.669999999999998,17.227717377736745,10.972228875483008,3.5683368090504715,2.140645083349617,4.333441437379932,3.2035093337269194,0.41712181459090764,1.9391459305940335,2.475259622661581,1.2045446233951074,0.865726275218959,2.191171716482049,2.162154359382362,1.1710547092030912,1.1198888174479738,1.5430165261590687,1.0073611583372029,0.24801763469485164,1.2049339126204024,1.3486228987735807,0.7056714291076714,0.9358451271901219,1.6451972746624137,1.6396075932553482,1.0810261173377165,0.7970335691261599,0.9107998698692806,0.899122579476103,1.256029480889966,1.843486699579224,2.187302916484091,0,Mammalian
13.84,13.126757807118453,11.126753576337988,8.227321242416243,4.977397995592897,1.9878388599219698,0.7389487581687901,1.8769502173735608,2.151360270854169,1.59021292036612,0.6102467296016033,0.848104209843693,1.6949447331870713,2.0618541169394287,1.8464739309371587,1.1672463694591868,0.4632493928760185,0.9601376042137987,1.5923160555905835,1.8478759502345714,1.6984861769553565,1.2865311106649095,0.9146828564843906,0.8998259761810068,1.0411767309108835,1.0281951944151566,0.8235985768526428,0.584368248986577,0.5540904723967032,0.6432139525734321,0.6048245786994205,0.38347124636694235,2,Mammalian
19.57,16.815142769096692,9.866097688550306,1.985607638454106,3.794141342394597,5.364059963827884,3.4864040031649726,0.8771258053114515,2.3065201979765524,2.4837749936381948,1.2944845630967763,1.198453295870276,1.626508924589434,1.2511199255203815,1.3930333093551153,1.8590288225270772,1.5852129194527795,1.0240304583137079,1.106394196794003,0.9848995825354276,0.7411562835617201,1.4526204297730285,1.8877902271417357,1.6725765233103056,1.4928377595459614,1.6661908141699933,1.3856662299800402,0.5247692933571715,0.9681154659956772,1.717728851348516,1.7456633353342907,1.144499139760598,2,Mammalian
13.42,12.735663643885985,10.818009503290856,8.041415152995853,4.932430124693969,2.052044850803627,0.28470964006919325,1.4254222277200204,1.6710586308006194,1.1194662945128133,0.119467007400313,0.9227230618485585,1.6429612560049756,1.8185200936259398,1.409828134093547,0.5834251655745086,0.6414047084329829,1.5715422539966513,2.1759239919166062,2.2766983784477772,1.8660215250559875,1.0772749823467587,0.23579078467013914,0.8291039837538354,1.4341419219961313,1.6716062504785025,1.5392521431372888,1.1341512807199963,0.6061147121673588,0.12460901048708177,0.30754414501848154,0.5286256200135314,2,Mammalian
13.24,12.560949182931008,10.658753707521939,7.906555693456847,4.8285221724707394,1.979340977977668,0.1910499739605254,1.3852314947005495,1.5968492492026973,1.0141612998425171,0.11466184020912076,1.0857596437547328,1.811345800879682,1.9817155567189695,1.5531191938866125,0.6682106857945337,0.4981967482832458,1.4893751885144606,2.1436737506668497,2.293439980337506,1.9306827611640354,1.1890343877425495,0.3748498669958245,0.7173154563959325,1.2918484722755916,1.5276259673353387,1.4113842822311207,1.038118041643174,0.555035219907722,0.1138750384999522,0.2325673614330818,0.40746674830467705,2,Mammalian
13.24,12.560741002419038,10.657928328309383,7.904727541543394,4.825353919358154,1.9746389402244753,0.20058978401944413,1.3947532083045933,1.6085147238913793,1.0278322820162729,0.10499704915933473,1.0656809757935894,1.789349046192374,1.9578960143300022,1.5279312595474401,0.643559141104033,0.5263078946776305,1.5179859508006364,2.1716207837075427,2.3198686319751616,1.9542734212130515,1.2068014426775675,0.3655923804908856,0.688854581397915,1.2729023462248148,1.5161071031422653,1.407624887073824,1.04323527421886,0.5711435362197358,0.14953688367567047,0.2110135856286944,0.3718173700520037,2,Mammalian
13.219999999999999,12.540742446132151,10.637936904097348,7.884760622589915,4.805468950188536,1.9551180978056835,0.22510110642434045,1.4156409830361918,1.6289977728292189,1.0474071512529315,0.08191557148147516,1.0411961852204685,1.7652413812257386,1.933184095562687,1.5016369064072344,0.6114489946633469,0.5375872022286243,1.5390315177727352,2.195485921917223,2.3461445825979297,1.983694024280304,1.2420553415038744,0.4184657611158841,0.682817075111223,1.2523443041422124,1.4893179280912017,1.375622629379729,1.005460454601134,0.5256891218360464,0.0902042630003942,0.25454805395091595,0.4281031740758716,2,Mammalian
13.24,12.56090259797124,10.658574997162363,7.906188048354394,4.827993102072516,1.9790866351120824,0.2039520257329592,1.3888721604204175,1.600154120734677,1.0163606562655325,0.07486832966153047,1.0755900050708929,1.802009433519415,1.9720739632269941,1.542484011558305,0.6534547318531969,0.4957822102496214,1.4935551909129845,2.1483958056073202,2.2976414545568584,1.9337036496201938,1.1900579013266916,0.3710810647435005,0.7170099449424022,1.2954948050439379,1.5350794945634187,1.4232170825688217,1.0552479875480445,0.5789946487600613,0.14934920792654618,0.20559146404333564,0.3705105234889955,2,Mammalian
13.92,13.205659927505039,11.201894117123441,8.294651327374256,5.030355248629012,2.0124276004507173,0.6910418194739876,1.8812997056812986,2.1968338274169903,1.6679788196110048,0.6346086922239907,0.5271942243155877,1.3891796567531403,1.7489748497107471,1.542723878465464,0.905847626157826,0.42638011210655724,1.041054865861968,1.5593848721473074,1.6556335387422083,1.3091455016600586,0.6481184213240728,0.2816173208043549,0.9206367642307429,1.3466703882971571,1.4229557557343893,1.1727794174485318,0.7264829916467409,0.38554378394291294,0.5882256227953688,0.881647989965245,1.0498831248601943,2,Mammalian
13.55,12.844418258171025,10.86744958064481,8.005813006326507,4.80356077189679,1.8384530598288913,0.4254827312293352,1.6638044692508296,1.8695867732570544,1.2337877949892109,0.19943158011094483,1.0865334321143638,1.9211836025912035,2.1823315350691717,1.8087510880300026,0.9380953315408785,0.39204591567825287,1.3867031337260862,2.1382220118694595,2.3949919768743175,2.1249292858445332,1.4425892021762423,0.5967900326748952,0.5291864764891042,1.1276725133044043,1.4487818830817576,1.4334181222302091,1.157299290595004,0.7536133000347414,0.35867635412320636,0.07008120783903757,0.10270514272886631,2,Mammalian
13.370000000000001,12.67562661992774,10.731568474233802,7.922166226735863,4.786845324568009,1.895601075273651,0.29104116654926354,1.4726292655036488,1.644718790090617,1.0062897575689276,0.07482149762988059,1.1719146009531844,1.9126852212356957,2.0686586782813143,1.6036357143053095,0.6846845518536702,0.5990826320300064,1.6083059046903496,2.2729974894013982,2.4095140646315296,2.013562428340571,1.232824219545098,0.42995427261198227,0.8071281702421633,1.3845938399122162,1.6097353966671286,1.4675102926263006,1.0611205523288005,0.5521896687762077,0.16362275907330187,0.3300342999981714,0.49877096517199176,2,Mammalian
19.86,17.053171588121064,9.969605461939446,1.9944294224322994,4.084618724411323,5.681337410540933,3.6815096227196347,0.5446095328615174,2.420994105617101,2.8425659866362847,1.6140455510429856,0.8024222624815373,1.2930627985178034,1.0000458876760085,0.9875690377368861,1.4833169995433073,1.3303383028387932,0.736649402398323,0.660551960394263,0.5865137460011731,0.16232619551494265,0.8601222845080115,1.4407576318287456,1.8434126012621923,2.1216944974635847,1.9143372654499728,0.969869794430078,0.49830674553034277,1.5917062170913843,1.8726154295932367,1.3100608084170624,0.47989099830916554,2,Mammalian
19.62,16.880342020788536,9.95864212528976,2.0975691743131386,3.816879767780344,5.502835985817158,3.7280664309169786,0.861824247940728,2.0872230957078473,2.526435620258306,1.637290031620014,1.1953075068905463,1.2894741750180414,0.8662280929080315,1.0987701138777413,1.5098088597929755,1.1792370414806346,0.6675837581278689,0.8624627739944309,0.7287184367187627,0.7348887852176191,1.4360455756152064,1.6461936289939807,1.3516349097947933,1.5512252411380336,1.9379285963165194,1.5504398387884877,0.408457631577739,1.0263642938216326,1.8445674095038331,1.83578160517857,1.1905144893989463,2,Mammalian
19.36,16.663354653420384,9.852742362127719,2.081828318866893,3.597586656299889,5.245028901746743,3.5331352973686476,1.0262304567891893,2.1363462639692146,2.366164345251786,1.390501542130748,1.2704848201442533,1.5238984006048009,1.1063922559972172,1.275868333079719,1.7041537207133255,1.3977839604173459,0.834889268698314,0.9327603598042423,0.7930342515687303,0.61527707575784,1.3206657943756082,1.6795877054820973,1.5677305469214868,1.6607301528017062,1.816900988668282,1.3279581362940787,0.35697439750385307,1.1512332670201955,1.7864068501736048,1.6445542900797332,0.9736150773328075,2,Mammalian
19.130000000000003,16.45075115863322,9.688337706580562,1.962647808765427,3.5577469834591753,5.119170451101981,3.324294390393927,0.9185551431723967,2.3656117453826466,2.582896393540962,1.4530491142047068,1.0346580119458761,1.3125256271721182,0.8844301226753553,1.0425220082203148,1.478173811013336,1.17,0.7011101600537595,0.9574385341816095,0.8712533824146724,0.858365030695639,1.5782681932562383,1.8992119220400085,1.6136032841212793,1.4429418110608851,1.5677674511990862,1.223925790929553,0.60436312032702,1.1527889458970597,1.6041002031044966,1.3788714987527764,0.730817222675088,2,Mammalian
19.880000000000003,17.159295265792068,10.283913027780306,2.490149910937368,3.5688367621592767,5.356710418050839,3.8489896499524865,1.5041742529551383,1.8863541432772322,1.9041875116680056,0.991550766539229,1.5315747126779071,1.945070223474208,1.487449988919476,1.3602761778412937,1.6695201421404327,1.3309395177843357,0.5444974814018391,0.45581527507894465,0.39606024022481423,0.7608857425726722,1.5409539389077909,1.7252874781118746,1.255800959066603,1.1810453192578256,1.6138990799013224,1.4680873808325736,0.8682928974919787,1.0085429478034726,1.3478347250543572,1.126597667358352,0.5681716359424177,2,Mammalian
19.54,16.837735504071276,10.012006892643646,2.2350858110525955,3.5293669442518847,5.210524036318318,3.5546960974477324,1.17481697650774,2.1560267804507833,2.317127008467772,1.267407214964721,1.1827206702617905,1.489865199788024,1.0309398009771735,1.1263755261176516,1.553971943174944,1.2535549449465708,0.7753843062115393,1.0083711376247282,0.921471584856959,0.7856503209707439,1.4546259489252762,1.8410299279198283,1.741934349201111,1.7396403427085236,1.7766504703832227,1.2096013813378659,0.2460078336057309,1.286321978526866,1.934323567188144,1.7813117957390279,1.0905550775907633,2,Mammalian
19.89,17.188303087224426,10.36474752289738,2.594669291413101,3.2130554022624067,4.895212481962243,3.2920046575992443,1.3557547274841573,2.5585410842799923,2.6696114135246765,1.4502485372383258,0.7937534376417877,1.0189757231247225,0.6196897423460932,1.2057502733967738,1.8044031459285161,1.640274367293472,1.3246313149261442,1.423786040882547,1.177698723778542,0.5054070522813913,0.866395904024863,1.2704067717605034,1.3955352843004047,1.857758735695074,2.210768567930475,1.8093364998356098,0.766825930315302,0.6786215213055395,1.272033522489825,1.1850995543813567,0.6507107414644834,2,Mammalian
19.62,16.920938609792593,10.103873712805502,2.323714462634702,3.3769060508977993,5.030265786671497,3.331299611426069,1.0146439978284356,2.3557599648922727,2.601006194680809,1.5993092940756493,1.241629007005181,1.41287636706584,1.1160446077581119,1.4938321476912304,1.951975635870753,1.6332176829804415,0.959222105016876,0.8231357451919844,0.5879492272549384,0.5565293689081651,1.3932018658016385,1.7397413642407136,1.51802987375988,1.451204667788371,1.5579167139521606,1.087386237316051,0.43063216398224036,1.3949053574846364,1.9979481997336443,1.824004630594648,1.1358292272046384,2,Mammalian
19.57,16.8701291755765,10.050215977310724,2.25779272159885,3.4216791890251392,5.0792165460199055,3.3670697099626894,0.8907144938034136,2.231512451237574,2.5040517467340253,1.5883630396075745,1.4265686464807195,1.641359537304424,1.2833387762863386,1.4201143424914218,1.7527074648781917,1.3551752654177245,0.666250176135683,0.8423718706713819,0.8328878895643174,0.8198779170666447,1.4889652114498941,1.8489968499880998,1.7641234359230054,1.8390628537305833,1.9505693161694468,1.4326040848775914,0.33405910390868354,0.9955152423737824,1.637637568335879,1.5048070648912029,0.8480991039052657,2,Mammalian
19.89,17.18191980711309,10.336508420344526,2.478677687795794,3.1837612468300462,4.899122418771899,3.2167164118989082,0.5141608350492414,2.0833466281898603,2.381411813831061,1.6265670513419492,1.7726081390639412,2.019251448583449,1.4671614158642412,1.068023529554288,1.2262070060743568,0.9353608929178089,0.9153593790674514,1.4203065449597463,1.309840895582643,0.6914804470831144,0.8942415107619942,1.218752115295899,1.1783515528370452,1.472639408276832,1.7607831762834134,1.381053229075375,0.8359283583059053,1.5241203042668796,2.0930355377697083,1.937678804043863,1.3060402509759654,2,Mammalian
20.04,17.31452198599925,10.418377676149609,2.4750928393852463,3.261563417653062,5.082290717580632,3.491674838512147,0.6346422251904995,1.6151862749325465,1.8634801630939914,1.1078900151452697,1.5347981534847683,1.743660752746291,0.8898714740584596,0.7376557611258178,1.6060439208626762,1.7323394586512195,1.507130907963704,1.31119935782392,0.7126637708914827,0.42886860659897885,1.5265101349296497,1.9954057746899745,1.7987778069931415,1.6098364194133277,1.609164585805866,1.1268964633080247,0.29986686943620866,1.1687270726022232,1.724020376971521,1.5352112268309899,0.8726036073948573,2,Mammalian
19.57,16.857002740936107,9.998852134227276,2.1351254059570484,3.568617901693212,5.2952635084196285,3.6315624734941885,0.9954754980994687,1.933573518373783,2.180048647775559,1.2170082943306308,1.1372426030240428,1.3612480114055454,0.9260529890863375,1.3409648204132212,1.8849359577253175,1.5852129194527786,0.8629445362178682,0.7632230568629179,0.7059985811137718,0.8025237646795924,1.4984446606165864,1.8245306185038965,1.7179611816204694,1.8230451034035415,1.9734477148873117,1.4844265210482517,0.5510493692711798,1.1487061113634236,1.781368522494983,1.6641125719539558,1.040846318414846,2,Mammalian
19.89,17.133604330813125,10.155217361926823,2.106839720015859,3.720220554961057,5.583960609546634,3.9895732454436734,1.3263499322644408,1.8827461786417368,2.2046491305651075,1.2517941477555181,0.8439988621380717,1.1525834678336533,1.2352441617669234,1.7938245803041328,2.0271260804996047,1.3313526955694348,0.34864964019871664,1.11837479232756,1.2974443434946785,0.8533624788904202,0.927701218622802,1.1918825960814947,1.074850470166704,1.1717793422013965,1.3144242406759024,0.8092449747617304,0.38017293300077387,1.47610394340771,1.9972465601592722,1.7278445271114622,0.946488667679836,2,Mammalian
19.36,16.664259159417618,9.856276212103912,2.0947359410217024,3.5991148507809596,5.244937755594344,3.5327904473536074,1.005130847562706,2.1160041176653808,2.353831052197846,1.3964309921583984,1.2834951939198342,1.5161003117554883,1.0838064043835955,1.2810797820442874,1.728331386746971,1.4230249470757703,0.8436257494463412,0.9326322485832368,0.8107124144468353,0.6499792843934924,1.3345598863003036,1.6892748365173489,1.5719469390395433,1.6455171144728804,1.7865143976048818,1.2959223233765713,0.3643209011335201,1.172236778744885,1.7880520547286762,1.6306927697652391,0.950958373987259,2,Mammalian
19.18,16.526171288210936,9.82722231635016,2.2174211751057187,3.450422055350821,5.063363413314598,3.3895619698187454,0.8310223451973664,1.957096641638753,2.1681318345837237,1.2068467577278434,1.1172409227543474,1.3233057284624392,1.0138783736852348,1.4732616615974972,1.8543547258933548,1.3532922818075923,0.6616481808706678,1.0591439772838391,1.0097865154131418,0.5291506924575652,1.1578046386841152,1.6149089456302355,1.5458662644888426,1.6133730924018517,1.7931879212208768,1.3738145765531233,0.373489613692317,0.9651161244320772,1.6230351231885796,1.5506478709151321,0.9927403080655803,2,Mammalian
19.86,17.025439712344177,9.874552520461492,1.7138502800602928,4.077030594245437,5.67890859914984,3.7582518468321964,1.3629459048283452,2.592515966597584,2.757600000045767,1.7486051848011641,1.7146767470375222,1.8144528488980438,0.860635413167039,1.1106902808862014,2.0618045060054735,1.8651005334833837,0.7834055095261867,0.650995011153431,1.1190978797970217,0.9590073189389606,0.9840240965172838,1.2222068698390545,1.1659545157265476,1.2598654542992256,1.5052690314559876,1.2365678159797708,0.35726984425189123,0.6825594149478702,1.3391161602670882,1.393850237047007,1.0650464111327949,2,Mammalian
19.619999999999997,16.835160158912768,9.81938416057465,1.8600661951585997,3.846866642498983,5.389303396404223,3.511340393094295,1.0379976399852586,2.2626625297144765,2.3813069257400286,1.3545477915770574,1.2966603701839847,1.3910135753490835,0.8914055042645986,1.4691719928051308,1.9121172715214125,1.3464768843169943,0.6511809289980964,1.1461089919204848,0.9980755050118753,0.39306367082704735,1.3240703024231741,1.8609756259489816,1.8028963396215,1.8876329825011235,2.036410998770823,1.5097927371721573,0.6002188017228276,1.3703281427085727,2.0158854018590677,1.8108139263369463,1.0085355415396529,2,Mammalian
11.67,10.955328677405697,8.956456319740935,6.078311686622784,2.9198150681001405,0.8996091134785235,2.5399929089302358,3.6243535238362274,3.6381723514353954,2.7492968319827837,1.3275351010015832,0.28621821646281936,1.4457308881445443,2.094025622650927,2.1097113179179043,1.6435223641968264,1.1292918134831227,1.2158802920477072,1.6179714463296868,1.7564642797124528,1.4762557673829122,0.8466286513342774,0.12812423846400645,0.7264742869597874,1.229594218126877,1.3837601545974267,1.1796000805647775,0.7011813461022205,0.1131860257666451,0.5420204153548376,1.033533334791866,1.3447276267541277,2,Mammalian
19.229999999999997,16.919316798545683,10.942978522514386,3.7111566795893034,2.2127379186792164,4.867071738117911,4.292649301459293,2.0186636731169414,1.957671165116366,3.042357326945976,2.624892400130683,1.1842309341423196,0.7096718713379365,1.3292049495783194,1.1563014795487594,0.6436622868160462,0.5731491952362837,0.7673633595575108,1.208901060386485,1.6821896229998725,1.6988550703509762,1.1137672916600312,0.19424677514134212,0.6199372700101302,1.0558994314194559,1.2179308795310195,1.3687507654833442,1.4672097964190158,1.3594293612445112,1.134107337925353,1.0023161004053711,0.9758836883506462,2,Mammalian
18.5,16.836071952928386,12.398867870340165,6.629844221569243,1.3060204085426532,2.2808380280005824,3.433818605231518,2.64313408368983,1.2579856319822804,1.6075756772779553,2.1420302626924776,1.718341717548514,0.6829203906743578,0.3943793215214378,0.7628348312778844,0.4576763134351165,0.5854912467321778,1.3056660245443672,1.5643179062179082,1.1898781060554013,0.39883799551008525,0.4319468775441023,0.9456593452987707,1.1931840632583255,1.4540536956131098,1.7087154743363402,1.6379155312654332,1.1207722199162506,0.5352183533930434,0.8060801656241182,1.0327755310258313,0.7162557240971386,2,Mammalian
26.05,20.2715704391241,7.771699933211848,3.6799024852681326,4.937653198252433,0.7764318889110274,2.7353161337406653,1.6897984065495746,1.6495193271121924,2.871726848526103,0.8247527282579946,2.0933017894081076,2.1974951665236864,0.43277841538931516,2.2819660295864037,1.9025295584558468,0.24186773244895673,1.1497750701775786,0.5480584161752027,0.5644964599975117,0.5261346311713869,1.0617828307897734,2.0146403886214626,1.8320161997678386,1.0686842328224644,0.9136588281988125,1.2585210058143967,1.7262940886244535,2.409601260950596,2.753356408864427,1.9704113094925717,0.5489087315925412,2,Mammalian
21.330000000000002,18.225888962647463,10.486463528344533,1.9082455683423112,3.919323539827144,5.141468675880321,2.851936676009126,0.5472572689770503,2.291657200819279,2.0897405637216937,1.1336606551038078,1.5828048079925257,2.0378063676149556,2.215456612080616,2.223901829256019,1.6640018031508097,0.9972462083156797,1.2949158410162491,1.27861874221593,0.5289088318269716,0.410978286439053,0.623138604365718,0.44073027493448996,1.2819328209080896,1.8435040748349734,1.5560399038920534,0.6895013292423763,0.3120921600029453,0.43834352549158345,0.365909008665002,0.9522042277886786,1.4355440979427165,2,Mammalian
21.21,17.9189457588051,9.78117620456257,0.9241442528040716,4.641607099030302,5.2776286468690445,2.3099070537910493,1.331657068978917,3.11481560799137,2.584186835955477,1.230939379273478,0.977042995582497,0.42973221858487615,1.0926955647765182,1.9997585647999196,1.7091130349737116,0.5008991914547286,1.1395036289675626,2.2089317264654875,3.0016934307429417,3.349937267239417,2.7373521096493345,1.2025587597031937,0.5610408126153859,1.2663821414617924,0.7710279441786366,0.6784309698417041,1.5518368232677653,1.4892729985137507,0.6057213114408196,0.3678041077034236,0.770522397694394,2,Mammalian
17.26,15.198542514343051,9.85275628528963,3.3386771485577547,2.0955393433552527,4.701502767199977,4.45648839496158,2.428247396649117,0.25356369185193695,1.0611013006384193,1.0308593751209396,0.769441314625756,1.3801103199977462,1.6285007729953354,1.2085876147439418,0.46070770418594154,0.3794733192202061,0.9306640544612247,1.3867511563148174,1.6213910013432753,1.511291581320469,1.147420506386244,0.7265585503398824,0.37349313581655535,0.796558506435287,1.4863226113062475,1.7677753077449667,1.3699623661815576,0.5344231668966388,0.78638823257853,1.2219468315708357,0.9191903178437185,2,Mammalian
45.57,17.766494948047757,11.527370368928967,2.4921490889187154,5.743294303677826,4.30035782944323,0.43057938352255926,4.614409941847699,1.3745784816845867,1.5863249149908032,1.1591110440488104,1.5108860290460384,1.9376018381082756,1.7248057694201433,3.3418133621967416,2.0188398104397733,0.5119570294468101,1.5853549149490032,1.5179517362104722,1.3809695167674292,2.032398653304033,1.9345104673815643,0.4989012659577439,1.8848857400784278,1.0023642041143008,4.138123901910795,1.8899839578315059,1.119273394616368,1.3262071377990816,1.8835082737552227,1.3668794768859767,0.25203841943326855,2,Mammalian
18.049999999999997,15.812438648078327,10.095763387050619,3.4312646667181905,2.150060128578868,3.9228677098564093,2.7588237591431084,0.36582126991382447,2.0782332651636866,2.4159654704979907,1.0826204085218167,1.4606110720916938,2.8325637154568635,2.7374496699757627,1.3208265865916868,0.8676374095709662,2.0270421801235408,2.085992055939142,1.2078738488715617,0.5733381775808056,1.0080789223777114,0.9042328380211544,0.2572142323731551,0.5289598910579846,1.0734740311563595,1.363477311091405,1.4655618503348717,1.411167406328681,1.4018563149019312,1.606705672630438,1.6976493585544183,1.4219385459353875,2,Mammalian
18.95,15.779038303836183,8.022756104731863,0.5714691656475593,4.978103453519255,4.815097263643098,1.5720718872610373,2.5647353774727977,3.6903760301954733,2.1881275446211457,0.3486209302399793,1.7982833099423738,1.365027348116834,0.9426604929169505,1.9637153794445268,1.6494452185430233,0.66007575322837,1.939838324215641,2.3736824596046127,1.4081013776314064,0.9970289739606267,2.113969486889277,2.356369491880126,1.7675504487208358,0.9424037116643263,0.45305630739750025,0.8475320666257518,1.05793326192529,0.7853149495812632,0.893056179461358,1.2857307710192951,1.0050296998909538,2,Mammalian
27.64,22.00099144465889,9.35791023032499,2.2165553273984653,4.695926572846495,1.02640536806087,3.3246716383826076,3.4125431943238733,0.529434531808796,2.7653930384907044,2.0938074418921,0.8300752373483046,2.6624430251651994,1.967100967130522,0.8616541965178526,1.4023557232532093,0.7467261881037789,0.8540289035485271,0.7233012985612305,0.7289357190523338,1.2476387998706582,0.7333680698844822,1.0541103323069616,1.1540808313750412,0.45221574113292545,1.704084544355279,2.4184618259817836,2.4355035311802955,2.0685908694666186,1.50262488073739,1.6004768336673338,1.3323214682297264,2,Mammalian
19.759999999999998,16.773185903166485,9.468495117294763,1.7426591552067325,2.751620697247932,2.778752573778393,0.9546528375561758,3.247956412225244,3.721177279591339,2.0152945136595624,1.7243965547699924,2.647854353009348,1.684512979479893,0.5159089590880799,2.099488696283261,2.0802647805575134,0.7117583859709701,0.7109269755137819,1.0052667777401332,0.39058555080952095,1.4901509965332387,2.0192599761695798,1.3124893767775492,0.6720286540499124,1.578746228452569,1.6158313215163285,0.7996167910106208,0.6724735422650628,0.9728563963769647,0.5110796056035828,0.6045372102189209,1.4469060970295826,2,Mammalian
22.67,19.17904783403463,10.55280930312691,1.2358709100625491,4.6505479247238775,5.151975944491017,1.826877273247355,2.018344629028329,3.497708451290768,1.9859292004599007,0.9483278252720758,2.9200727149167673,2.5748210681715946,0.46892629906988215,2.1296830405879494,3.0863819571419744,2.1734074629484468,0.27918122889182884,1.3000928270325063,1.6318417695989316,1.0729380763188818,1.3096549426065889,2.0194074700777715,2.2219595844285522,2.001658210027162,1.6559404626178134,1.3690950455483546,1.1293456037339007,0.8366028634491238,0.6598220868163132,0.7493934813734285,0.7468035301201047,2,Mammalian
12.25,11.613874979812753,9.827593646116007,7.23160857417913,4.319760342107789,1.7315324362352689,1.3098331127054559,2.38828894115913,2.763880477230443,2.396953233244612,1.5596198712182674,0.6690532368279716,0.5875335000975697,0.9296817753437622,0.9282547128599661,0.6852164995201601,0.7424957912338627,1.2051417671928082,1.595029955659152,1.7145163116739268,1.565629396392558,1.316006066598962,1.2387848681915716,1.397491403569861,1.553822611363478,1.5255227470165238,1.281832654429468,0.8961467486894873,0.498477247391863,0.2584077746682707,0.26469969014498645,0.29207802207888756,2,Mammalian
14.969999999999999,13.906719481305396,10.985177097640209,6.92987190027213,2.714334737623266,0.9183190273225705,2.969074687738081,3.536495372364279,2.814698563543662,1.3586460202793638,0.1906160904143884,1.308796620135941,1.76939964923334,1.6553238827194572,1.3081400454989645,1.108392063766147,1.0541821474489117,0.9218215700461844,0.778662773713053,0.8416290000292149,0.9506405714417173,0.8577812047773744,0.5535354208387272,0.308389838537953,0.4148156173352749,0.40477974010596873,0.18505751651295796,0.5536059661016192,1.0924716551716742,1.4004223187954492,1.309943242222203,0.8257878003593065,2,Mammalian
21.61,18.547177817126006,10.917834610078666,2.4555695720412167,3.142687742990509,4.240747111402056,1.891784037661217,1.4478573463706268,3.1350757633671544,2.6375645768770997,0.8799762745344932,0.6672423006841023,1.2725295769448612,1.6299007914376415,2.015750012274354,1.7162569937913816,0.7130918594402826,0.429833557783902,0.7957051235197036,0.8955976123955527,1.4237004237163242,1.7556955675659918,1.8639712736452974,2.3817548156543844,2.8153685296862756,2.4090405566541753,1.2579266429351879,0.71768990907607,1.2709285303933149,1.1546883476281802,0.5330283618292964,0.5997807990023245,2,Mammalian
34.7,21.865013622624105,0.05695638614436363,6.083117272855026,2.0250885986470077,5.463654493390815,0.14263701864075876,3.057654049440356,2.111915704178767,2.1517500754762535,2.2866953232496265,3.475721659463656,1.047403751327509,1.063010862784746,0.45992187581424065,0.5380216971617584,0.9912618221236983,0.7103132062937324,1.133431335362846,0.47739416587991146,1.3718787794648262,1.2019024484171403,0.8573078313253105,0.33026263374920234,1.0636785503351578,0.5960088599846364,1.3044308021658981,1.1159989458599724,0.587801126052903,0.5874484752372267,1.5068921628614196,1.2600385203403983,2,Mammalian
19.15,16.545970081772357,10.059238547028084,2.8779756199160413,2.0900199522379244,3.1825124475629605,1.6142730663442475,1.4298556346845537,2.4099913023054422,1.8810642863893012,0.8384816886181081,0.8265466889799988,0.397946037777562,0.6833858936260617,1.5047414094762648,1.4068932048391753,0.5787054518492118,0.648860568200967,0.9862448538092407,0.7692745670080628,0.6910795310072543,0.7827755099803047,0.6452435149953114,0.607895765871901,0.4945118025003268,0.6097114926677781,1.4739254430294013,2.0399096963721717,1.8593183245714866,1.147710587771995,0.8115847169588846,1.111221533618793,2,Mammalian
20.92,17.303737696793974,8.580009019985425,0.7684616212506615,5.307883960967161,4.978252880317451,2.229878764949723,2.3398061099313368,2.1829718144858377,0.32445612061306345,1.757022611509213,1.883708862124722,0.6613716892935523,1.3346435655072622,1.3753652097150222,0.46768669358740117,1.714526173611823,2.06050752125607,1.082969050471219,0.85920507650999,1.414600822122122,0.9609690489850066,0.5493129880078207,0.8389347559065159,1.0909784861125393,1.7476113691600568,1.815247626184151,0.8517584236155177,1.11133247030759,2.175094948164612,2.2250027698198807,1.5200412340521359,2,Mammalian
50.18000000000001,16.317460821781573,9.731892290635898,5.930637960506246,1.8664979937685193,3.052675969149697,2.9362773734132466,1.3343517408060634,1.8235713532677642,0.7647290751033822,2.5855225244224065,1.3473644119185144,1.6759534052030132,1.0643263954939668,1.7966914005827344,2.6865109923328565,1.2414507642270798,1.415314612494291,0.8199893193076087,0.3664756005796601,1.5712684615841148,1.37522617469643,0.8833432715416845,3.33548211410117,1.0072673525639457,1.3964137592034969,3.253437922023994,4.142816069920961,3.764901173268378,0.494511893453331,1.6907941285085808,3.868488205132857,2,Mammalian
14.73,13.522806527303599,10.269914419412236,5.943460597154969,1.7747283656258233,1.237496040655521,2.4721788743288116,2.09221119743615,0.7220134188510909,0.8121812240496931,1.8016945842271286,2.0152208517617223,1.7773041418881526,1.7337424717227938,1.8380997637723073,1.4999757591102318,0.5474486277268398,0.8151930858272385,1.995639442188578,2.599331217529536,2.4178135951755055,1.5728752264614925,0.44402779883459365,0.5559567956413687,1.0496173698062354,0.9868099755483415,0.5504818829481959,0.28859926290146487,0.5481848542734554,0.603021811774638,0.4196516913429196,0.17800618391814532,2,Mammalian
12.65,11.989386794753782,10.142717234165307,7.4848484204962835,4.550486975759604,1.9714329621319864,1.023746518919427,1.7005081350763502,1.7699485522786849,1.180305519627205,0.6420663705070475,1.2817800335391716,1.909613323557456,2.0169606730543648,1.5443711690379163,0.6366770552564314,0.5103920062069938,1.4931240911660801,2.1460918489760235,2.344658522227197,2.131972958196892,1.7072593757130679,1.3692889390275393,1.2749423417042602,1.2171615021378994,0.9641067143712968,0.4864905190496648,0.1011606656264386,0.6144400242914331,0.9018992609684641,0.8828154920282735,0.5976538805626918,2,Mammalian
16.37,14.958172178124084,11.159300310915686,6.125426967153052,1.3268804953741264,2.08473399662216,3.3503846502821184,2.6845370363982837,0.9632955699483714,1.3722716405889523,2.5255952068098866,2.556708787401616,1.6659545939887856,1.1602770840406125,1.9990419518831826,2.488735663061836,2.14478437144623,1.160973776716984,0.13707213543795707,0.9501961702769549,1.410292681837735,1.5249874459737947,1.5218628888083592,1.4130235232810293,1.0428142907142397,0.47844661601828614,0.6365026425467493,1.116037147852451,1.177224699587255,0.7640836116212848,0.24279282379512554,0.6676887946076574,2,Mammalian
19.36,16.878195406171436,10.52169999975889,3.017931318556151,2.8586968085656097,5.0669591534802665,3.8848182260648114,1.0171401682044383,1.572993453278799,2.223268581284119,1.0827912595292613,1.136161932960553,2.3920539061724724,2.3070769725656537,1.3512201422403713,1.661057002786735,2.348659191964641,2.009843906629955,0.8856994271442705,0.5475946696434701,1.025715173900229,0.770061578357048,0.11187396911807893,0.3932007132074128,0.532627070230229,0.7007238698304864,0.9354443811128267,0.8775940171552382,0.9609573604966203,1.521250317754522,1.737281851235984,1.1700161280693764,2,Mammalian
14.82,13.623622486630715,10.398390868329416,6.110626811512308,2.0722176817060087,1.5617679664415527,2.7727732110681202,2.570503198601144,1.4626016376004087,0.4813727429646695,0.7395744600274137,0.561462083677877,0.3010526602554395,1.3543798279989927,2.115553537580544,2.254995988624487,1.8164801127455255,1.2553998803603683,1.1563828126860247,1.2184427320855344,1.037275748336959,1.038689652354869,1.5251412779611782,1.8777030409217716,1.717671810820858,1.0493935092069435,0.14191558984597144,0.6349241387718502,0.9964638464540996,0.8832241588622904,0.5130709066727216,0.4031335413472308,2,Mammalian
8.79,8.561117953131673,7.8946752733829655,6.849262330631367,5.516065361130877,4.010201715325882,2.4616112871629996,1.0228065942071585,0.5296261579612087,1.4328799299944528,2.104812840453065,2.434061097833639,2.4262507157842013,2.125852859286307,1.6048647886241036,0.9542454443134608,0.29614185789921715,0.4363254708209998,0.9376829091406912,1.27543469449009,1.4123923158058764,1.3503177585900448,1.1204953698078093,0.7835577083944724,0.4561755504224755,0.4201319672688447,0.6623597205014239,0.8760617345373537,0.9649240084800748,0.9075285392071174,0.7172618799627535,0.4424289014590205,1,Yeast
8.79,8.561117953131673,7.8946752733829655,6.849262330631367,5.516065361130877,4.010201715325882,2.4616112871629996,1.0228065942071585,0.5296261579612087,1.4328799299944528,2.104812840453065,2.434061097833639,2.4262507157842013,2.125852859286307,1.6048647886241036,0.9542454443134608,0.29614185789921715,0.4363254708209998,0.9376829091406912,1.27543469449009,1.4123923158058764,1.3503177585900448,1.1204953698078093,0.7835577083944724,0.4561755504224755,0.4201319672688447,0.6623597205014239,0.8760617345373537,0.9649240084800748,0.9075285392071174,0.7172618799627535,0.4424289014590205,1,Mammalian
8.79,8.561117953131673,7.8946752733829655,6.849262330631367,5.516065361130877,4.010201715325882,2.4616112871629996,1.0228065942071585,0.5296261579612087,1.4328799299944528,2.104812840453065,2.434061097833639,2.4262507157842013,2.125852859286307,1.6048647886241036,0.9542454443134608,0.29614185789921715,0.4363254708209998,0.9376829091406912,1.27543469449009,1.4123923158058764,1.3503177585900448,1.1204953698078093,0.7835577083944724,0.4561755504224755,0.4201319672688447,0.6623597205014239,0.8760617345373537,0.9649240084800748,0.9075285392071174,0.7172618799627535,0.4424289014590205,0,E_coli
12.07,11.512641706080117,9.932690336314328,7.588737738637656,4.856514826521416,2.1614876724355434,0.323342597302649,1.7607165741869844,2.5068635070565626,2.450984342670562,1.7636326623694556,0.744357972205559,0.584906493827696,1.4495098443678178,1.9802493902352787,2.0588469313415714,1.73761330565808,1.2031946258855453,0.835831161622429,0.997203795969307,1.2913072643994405,1.3970426362722541,1.2892195121066554,1.0914919449885103,0.9890578127632752,1.0272239061661015,1.0486926923332205,0.9247097121010391,0.6592978705904392,0.4442605305673053,0.5920028617035994,0.845604055342596,1,Yeast
12.07,11.512641706080117,9.932690336314328,7.588737738637656,4.856514826521416,2.1614876724355434,0.323342597302649,1.7607165741869844,2.5068635070565626,2.450984342670562,1.7636326623694556,0.744357972205559,0.584906493827696,1.4495098443678178,1.9802493902352787,2.0588469313415714,1.73761330565808,1.2031946258855453,0.835831161622429,0.997203795969307,1.2913072643994405,1.3970426362722541,1.2892195121066554,1.0914919449885103,0.9890578127632752,1.0272239061661015,1.0486926923332205,0.9247097121010391,0.6592978705904392,0.4442605305673053,0.5920028617035994,0.845604055342596,1,Mammalian
12.07,11.512641706080117,9.932690336314328,7.588737738637656,4.856514826521416,2.1614876724355434,0.323342597302649,1.7607165741869844,2.5068635070565626,2.450984342670562,1.7636326623694556,0.744357972205559,0.584906493827696,1.4495098443678178,1.9802493902352787,2.0588469313415714,1.73761330565808,1.2031946258855453,0.835831161622429,0.997203795969307,1.2913072643994405,1.3970426362722541,1.2892195121066554,1.0914919449885103,0.9890578127632752,1.0272239061661015,1.0486926923332205,0.9247097121010391,0.6592978705904392,0.4442605305673053,0.5920028617035994,0.845604055342596,0,E_coli
18.28,15.388629640332937,8.342203662618168,1.1223748436514287,3.3248914393093867,3.06541210316404,1.041726061758127,3.4226900037946226,3.986435561260313,2.102570453054517,1.1955287081742882,2.5847268295918475,2.0974318666029417,0.4071699416996323,1.0811217664323336,1.1063845045007068,0.4554119014694278,1.4420290616382072,1.6362667130649229,0.8947733003971359,1.097011644255073,1.600188009345628,1.428455363633839,1.5653802824842593,1.9036626581196507,1.459379364194869,0.3908997183201246,0.8134249857952204,1.0877692467313245,0.558198121037521,0.4281070260693518,1.0727475497858858,0,E_coli
18.28,15.388629640332937,8.342203662618168,1.1223748436514287,3.3248914393093867,3.06541210316404,1.041726061758127,3.4226900037946226,3.986435561260313,2.102570453054517,1.1955287081742882,2.5847268295918475,2.0974318666029417,0.4071699416996323,1.0811217664323336,1.1063845045007068,0.4554119014694278,1.4420290616382072,1.6362667130649229,0.8947733003971359,1.097011644255073,1.600188009345628,1.428455363633839,1.5653802824842593,1.9036626581196507,1.459379364194869,0.3908997183201246,0.8134249857952204,1.0877692467313245,0.558198121037521,0.4281070260693518,1.0727475497858858,1,Yeast
9.18,8.944251787230941,8.257734565242014,7.180672892738361,5.8072884329051675,4.258214671175708,2.67619224142011,1.2659415364476514,0.8311573927132824,1.6191561506062835,2.303965658643616,2.664545499262776,2.6864241321899174,2.407616032039507,1.8971331271596221,1.243282756401168,0.5458937625582472,0.18819039764077442,0.6963283314382139,1.067876511766129,1.2417336954711957,1.2158241758665216,1.01681151086043,0.6967505106492888,0.34810542733209215,0.29178469094556203,0.5662080933972992,0.7927897648940516,0.8925378807450965,0.8497191677120335,0.6790233278644707,0.4293228794014843,0,E_coli
9.18,8.944251787230941,8.257734565242014,7.180672892738361,5.8072884329051675,4.258214671175708,2.67619224142011,1.2659415364476514,0.8311573927132824,1.6191561506062835,2.303965658643616,2.664545499262776,2.6864241321899174,2.407616032039507,1.8971331271596221,1.243282756401168,0.5458937625582472,0.18819039764077442,0.6963283314382139,1.067876511766129,1.2417336954711957,1.2158241758665216,1.01681151086043,0.6967505106492888,0.34810542733209215,0.29178469094556203,0.5662080933972992,0.7927897648940516,0.8925378807450965,0.8497191677120335,0.6790233278644707,0.4293228794014843,1,Yeast
9.18,8.944251787230941,8.257734565242014,7.180672892738361,5.8072884329051675,4.258214671175708,2.67619224142011,1.2659415364476514,0.8311573927132824,1.6191561506062835,2.303965658643616,2.664545499262776,2.6864241321899174,2.407616032039507,1.8971331271596221,1.243282756401168,0.5458937625582472,0.18819039764077442,0.6963283314382139,1.067876511766129,1.2417336954711957,1.2158241758665216,1.01681151086043,0.6967505106492888,0.34810542733209215,0.29178469094556203,0.5662080933972992,0.7927897648940516,0.8925378807450965,0.8497191677120335,0.6790233278644707,0.4293228794014843,1,Mammalian
9.100000000000001,8.865764190373264,8.183679363072176,7.113619537036847,5.749055932840545,4.2089509244879375,2.6312601385012986,1.1988018667300258,0.6994459825296894,1.5155037616722171,2.194250829262811,2.53860750761033,2.54108966284471,2.2421130376345855,1.7118621858550447,1.0392978115791842,0.32649655434629055,0.37857123650847696,0.9307728319307322,1.3134953774565894,1.493841564645733,1.4719563499242765,1.2765497194298887,0.9636351640770439,0.6267178930931183,0.454103004193793,0.584990748174759,0.7846457771878381,0.9000314362240297,0.895966320780168,0.7882397443626027,0.6378787998112326,1,Yeast
9.100000000000001,8.865764190373264,8.183679363072176,7.113619537036847,5.749055932840545,4.2089509244879375,2.6312601385012986,1.1988018667300258,0.6994459825296894,1.5155037616722171,2.194250829262811,2.53860750761033,2.54108966284471,2.2421130376345855,1.7118621858550447,1.0392978115791842,0.32649655434629055,0.37857123650847696,0.9307728319307322,1.3134953774565894,1.493841564645733,1.4719563499242765,1.2765497194298887,0.9636351640770439,0.6267178930931183,0.454103004193793,0.584990748174759,0.7846457771878381,0.9000314362240297,0.895966320780168,0.7882397443626027,0.6378787998112326,1,Mammalian
9.100000000000001,8.865764190373264,8.183679363072176,7.113619537036847,5.749055932840545,4.2089509244879375,2.6312601385012986,1.1988018667300258,0.6994459825296894,1.5155037616722171,2.194250829262811,2.53860750761033,2.54108966284471,2.2421130376345855,1.7118621858550447,1.0392978115791842,0.32649655434629055,0.37857123650847696,0.9307728319307322,1.3134953774565894,1.493841564645733,1.4719563499242765,1.2765497194298887,0.9636351640770439,0.6267178930931183,0.454103004193793,0.584990748174759,0.7846457771878381,0.9000314362240297,0.895966320780168,0.7882397443626027,0.6378787998112326,0,E_coli
9.47,9.234814765496624,8.549788363791933,7.47445880765425,6.10147795999704,4.547677508387743,2.9438823450041003,1.431309623618608,0.386461059146093,1.117254128365721,1.8254610254766055,2.1914682431167947,2.213603658487062,1.935459027758376,1.4312275874843854,0.8043351134687068,0.3220248437620922,0.7046083891496576,1.2100260186005942,1.5621344062007403,1.7147984377640129,1.6636289158957627,1.4329351404696165,1.069154821363069,0.633756932714491,0.20313918245763687,0.22919438292258495,0.5053116130344567,0.6534461451758327,0.6561213337143551,0.5245561578938733,0.29104416269670524,0,E_coli
9.47,9.234814765496624,8.549788363791933,7.47445880765425,6.10147795999704,4.547677508387743,2.9438823450041003,1.431309623618608,0.386461059146093,1.117254128365721,1.8254610254766055,2.1914682431167947,2.213603658487062,1.935459027758376,1.4312275874843854,0.8043351134687068,0.3220248437620922,0.7046083891496576,1.2100260186005942,1.5621344062007403,1.7147984377640129,1.6636289158957627,1.4329351404696165,1.069154821363069,0.633756932714491,0.20313918245763687,0.22919438292258495,0.5053116130344567,0.6534461451758327,0.6561213337143551,0.5245561578938733,0.29104416269670524,1,Mammalian
9.47,9.234814765496624,8.549788363791933,7.47445880765425,6.10147795999704,4.547677508387743,2.9438823450041003,1.431309623618608,0.386461059146093,1.117254128365721,1.8254610254766055,2.1914682431167947,2.213603658487062,1.935459027758376,1.4312275874843854,0.8043351134687068,0.3220248437620922,0.7046083891496576,1.2100260186005942,1.5621344062007403,1.7147984377640129,1.6636289158957627,1.4329351404696165,1.069154821363069,0.633756932714491,0.20313918245763687,0.22919438292258495,0.5053116130344567,0.6534461451758327,0.6561213337143551,0.5245561578938733,0.29104416269670524,1,Yeast
9.280000000000001,9.04202331997336,8.348682516666763,7.259689033935705,5.867959165033388,4.290630745139355,2.6588326741366295,1.1164418992686853,0.44664627303808707,1.456328733088737,2.2133366207638008,2.6157858829739418,2.669410751740524,2.417474305582485,1.9308081036457996,1.2985952579994116,0.6217716622683929,0.171349082288979,0.6094104886940244,0.9683500270361389,1.1372369591541434,1.1138003223137372,0.9295801896799826,0.654470224002469,0.4482266243555667,0.5501005252394418,0.8101422156063537,1.0247247054712598,1.1260522078156896,1.101168234581378,0.9753969625975,0.8172064449825511,0,E_coli
9.280000000000001,9.04202331997336,8.348682516666763,7.259689033935705,5.867959165033388,4.290630745139355,2.6588326741366295,1.1164418992686853,0.44664627303808707,1.456328733088737,2.2133366207638008,2.6157858829739418,2.669410751740524,2.417474305582485,1.9308081036457996,1.2985952579994116,0.6217716622683929,0.171349082288979,0.6094104886940244,0.9683500270361389,1.1372369591541434,1.1138003223137372,0.9295801896799826,0.654470224002469,0.4482266243555667,0.5501005252394418,0.8101422156063537,1.0247247054712598,1.1260522078156896,1.101168234581378,0.9753969625975,0.8172064449825511,1,Yeast
9.280000000000001,9.04202331997336,8.348682516666763,7.259689033935705,5.867959165033388,4.290630745139355,2.6588326741366295,1.1164418992686853,0.44664627303808707,1.456328733088737,2.2133366207638008,2.6157858829739418,2.669410751740524,2.417474305582485,1.9308081036457996,1.2985952579994116,0.6217716622683929,0.171349082288979,0.6094104886940244,0.9683500270361389,1.1372369591541434,1.1138003223137372,0.9295801896799826,0.654470224002469,0.4482266243555667,0.5501005252394418,0.8101422156063537,1.0247247054712598,1.1260522078156896,1.101168234581378,0.9753969625975,0.8172064449825511,1,Mammalian
6.76,6.668488861088969,6.398459035261089,5.963193933780353,5.384098423916945,4.689688331023162,3.9143974338262844,3.0975911715064055,2.2839136567754754,1.529311019354781,0.9332637439380838,0.7263672555268076,0.9539497489443497,1.263808410931362,1.4929289175228555,1.6013301080596702,1.5837297749300543,1.4496589146251795,1.2178956246578723,0.9144467568879293,0.5745157286709793,0.2764837420751691,0.32384216040732794,0.6030266722552555,0.8617066835034269,1.0533276261000313,1.16193960515989,1.1828075064453487,1.120444427704357,0.9892576249035328,0.8167922576502779,0.6530572032605798,1,Mammalian
6.76,6.668488861088969,6.398459035261089,5.963193933780353,5.384098423916945,4.689688331023162,3.9143974338262844,3.0975911715064055,2.2839136567754754,1.529311019354781,0.9332637439380838,0.7263672555268076,0.9539497489443497,1.263808410931362,1.4929289175228555,1.6013301080596702,1.5837297749300543,1.4496589146251795,1.2178956246578723,0.9144467568879293,0.5745157286709793,0.2764837420751691,0.32384216040732794,0.6030266722552555,0.8617066835034269,1.0533276261000313,1.16193960515989,1.1828075064453487,1.120444427704357,0.9892576249035328,0.8167922576502779,0.6530572032605798,1,Yeast
6.76,6.668488861088969,6.398459035261089,5.963193933780353,5.384098423916945,4.689688331023162,3.9143974338262844,3.0975911715064055,2.2839136567754754,1.529311019354781,0.9332637439380838,0.7263672555268076,0.9539497489443497,1.263808410931362,1.4929289175228555,1.6013301080596702,1.5837297749300543,1.4496589146251795,1.2178956246578723,0.9144467568879293,0.5745157286709793,0.2764837420751691,0.32384216040732794,0.6030266722552555,0.8617066835034269,1.0533276261000313,1.16193960515989,1.1828075064453487,1.120444427704357,0.9892576249035328,0.8167922576502779,0.6530572032605798,0,E_coli
9.100000000000001,8.862088489445252,8.169133334305346,7.08143707897893,5.693013242004323,4.1230368478556185,2.507832952046224,1.0213374065896652,0.6721449909510192,1.6298009536342548,2.350300295684813,2.716816569064505,2.7306632433262057,2.4341472516561034,1.898199706946142,1.2123745398032615,0.47707441767506276,0.25928151454259835,0.8327346168527168,1.2456325322914064,1.4567088658588623,1.463411596973292,1.2912807228867675,0.9906718497687091,0.638921834921498,0.38368890427085706,0.44542539316570035,0.63496752852874,0.7493181954542544,0.7430297874609463,0.6249033648054501,0.4461833041969814,0,E_coli
9.100000000000001,8.862088489445252,8.169133334305346,7.08143707897893,5.693013242004323,4.1230368478556185,2.507832952046224,1.0213374065896652,0.6721449909510192,1.6298009536342548,2.350300295684813,2.716816569064505,2.7306632433262057,2.4341472516561034,1.898199706946142,1.2123745398032615,0.47707441767506276,0.25928151454259835,0.8327346168527168,1.2456325322914064,1.4567088658588623,1.463411596973292,1.2912807228867675,0.9906718497687091,0.638921834921498,0.38368890427085706,0.44542539316570035,0.63496752852874,0.7493181954542544,0.7430297874609463,0.6249033648054501,0.4461833041969814,1,Yeast
9.100000000000001,8.862088489445252,8.169133334305346,7.08143707897893,5.693013242004323,4.1230368478556185,2.507832952046224,1.0213374065896652,0.6721449909510192,1.6298009536342548,2.350300295684813,2.716816569064505,2.7306632433262057,2.4341472516561034,1.898199706946142,1.2123745398032615,0.47707441767506276,0.25928151454259835,0.8327346168527168,1.2456325322914064,1.4567088658588623,1.463411596973292,1.2912807228867675,0.9906718497687091,0.638921834921498,0.38368890427085706,0.44542539316570035,0.63496752852874,0.7493181954542544,0.7430297874609463,0.6249033648054501,0.4461833041969814,1,Mammalian
9.23,8.980752320091964,8.255273169464571,7.118136443908083,5.669894757209306,4.037782249627139,2.3672838340519724,0.8551739236918969,0.8163720466494948,1.8181052119003442,2.517389225515537,2.8360656789539886,2.7835552788135765,2.410477680721272,1.797483611938368,1.045705341085206,0.29068883707497295,0.5226425192083015,1.0944760319930296,1.4731757713681048,1.6210023207900282,1.539240585708719,1.2593447911784366,0.8372821138166586,0.35289755092564024,0.2256827750304185,0.6275149045236648,0.9338612048296199,1.0892497087228619,1.0877369636004295,0.959496876259141,0.7814280821289732,1,Mammalian
9.23,8.980752320091964,8.255273169464571,7.118136443908083,5.669894757209306,4.037782249627139,2.3672838340519724,0.8551739236918969,0.8163720466494948,1.8181052119003442,2.517389225515537,2.8360656789539886,2.7835552788135765,2.410477680721272,1.797483611938368,1.045705341085206,0.29068883707497295,0.5226425192083015,1.0944760319930296,1.4731757713681048,1.6210023207900282,1.539240585708719,1.2593447911784366,0.8372821138166586,0.35289755092564024,0.2256827750304185,0.6275149045236648,0.9338612048296199,1.0892497087228619,1.0877369636004295,0.959496876259141,0.7814280821289732,1,Yeast
9.23,8.980752320091964,8.255273169464571,7.118136443908083,5.669894757209306,4.037782249627139,2.3672838340519724,0.8551739236918969,0.8163720466494948,1.8181052119003442,2.517389225515537,2.8360656789539886,2.7835552788135765,2.410477680721272,1.797483611938368,1.045705341085206,0.29068883707497295,0.5226425192083015,1.0944760319930296,1.4731757713681048,1.6210023207900282,1.539240585708719,1.2593447911784366,0.8372821138166586,0.35289755092564024,0.2256827750304185,0.6275149045236648,0.9338612048296199,1.0892497087228619,1.0877369636004295,0.959496876259141,0.7814280821289732,0,E_coli
35.410000000000004,24.025634928883647,3.0344056533597947,6.845395877546841,2.0213521070461313,5.64570795696412,2.743776903380598,2.9353950043129466,1.8881826121248422,3.0854728890288907,3.4281845285293433,1.299165216445129,2.4272485329845592,0.6905524001520972,2.1956643031060668,0.6663270635554124,3.5582720525558473,2.8997984526097675,1.4225174063484702,1.8547649979414362,1.9322514055234699,1.0855127622200813,0.8034824306548829,1.3473360545375779,0.7908011275089357,0.15482191969792025,1.1313077393347188,1.2760938163470958,1.0197081564433261,1.420922322201714,0.28858751348075357,0.8158367671577825,1,Mammalian
35.410000000000004,24.025634928883647,3.0344056533597947,6.845395877546841,2.0213521070461313,5.64570795696412,2.743776903380598,2.9353950043129466,1.8881826121248422,3.0854728890288907,3.4281845285293433,1.299165216445129,2.4272485329845592,0.6905524001520972,2.1956643031060668,0.6663270635554124,3.5582720525558473,2.8997984526097675,1.4225174063484702,1.8547649979414362,1.9322514055234699,1.0855127622200813,0.8034824306548829,1.3473360545375779,0.7908011275089357,0.15482191969792025,1.1313077393347188,1.2760938163470958,1.0197081564433261,1.420922322201714,0.28858751348075357,0.8158367671577825,0,E_coli
35.410000000000004,24.025634928883647,3.0344056533597947,6.845395877546841,2.0213521070461313,5.64570795696412,2.743776903380598,2.9353950043129466,1.8881826121248422,3.0854728890288907,3.4281845285293433,1.299165216445129,2.4272485329845592,0.6905524001520972,2.1956643031060668,0.6663270635554124,3.5582720525558473,2.8997984526097675,1.4225174063484702,1.8547649979414362,1.9322514055234699,1.0855127622200813,0.8034824306548829,1.3473360545375779,0.7908011275089357,0.15482191969792025,1.1313077393347188,1.2760938163470958,1.0197081564433261,1.420922322201714,0.28858751348075357,0.8158367671577825,1,Yeast
6.550000000000001,6.453828698382141,6.169969568283694,5.7121298329652035,5.10231298913091,4.3696082420297815,3.5485981080195903,2.677484386934857,1.7960767284326191,0.9440276066626073,0.1690899562499339,0.5440239384253778,1.1112573086833806,1.5400624199534447,1.8191622480294218,1.9470378641412844,1.9307252523339518,1.7850672608726497,1.5316970040421736,1.1979211190589556,0.8164186802569283,0.4325535593614872,0.21940859904239501,0.4535942692097045,0.7383145573417745,0.9595992618104674,1.0959415879016599,1.1416864152805601,1.101530704688392,0.9907455877073942,0.8381291586831536,0.6933861066907099,1,Yeast
6.550000000000001,6.453828698382141,6.169969568283694,5.7121298329652035,5.10231298913091,4.3696082420297815,3.5485981080195903,2.677484386934857,1.7960767284326191,0.9440276066626073,0.1690899562499339,0.5440239384253778,1.1112573086833806,1.5400624199534447,1.8191622480294218,1.9470378641412844,1.9307252523339518,1.7850672608726497,1.5316970040421736,1.1979211190589556,0.8164186802569283,0.4325535593614872,0.21940859904239501,0.4535942692097045,0.7383145573417745,0.9595992618104674,1.0959415879016599,1.1416864152805601,1.101530704688392,0.9907455877073942,0.8381291586831536,0.6933861066907099,0,E_coli
6.550000000000001,6.453828698382141,6.169969568283694,5.7121298329652035,5.10231298913091,4.3696082420297815,3.5485981080195903,2.677484386934857,1.7960767284326191,0.9440276066626073,0.1690899562499339,0.5440239384253778,1.1112573086833806,1.5400624199534447,1.8191622480294218,1.9470378641412844,1.9307252523339518,1.7850672608726497,1.5316970040421736,1.1979211190589556,0.8164186802569283,0.4325535593614872,0.21940859904239501,0.4535942692097045,0.7383145573417745,0.9595992618104674,1.0959415879016599,1.1416864152805601,1.101530704688392,0.9907455877073942,0.8381291586831536,0.6933861066907099,1,Mammalian
19.029999999999998,16.67968355646548,10.665157291239826,3.605185407726121,2.2968590142857743,4.426623906691114,3.577561716751845,1.3449004689178308,1.1109066342660427,1.3682353212004972,0.7729130141358765,1.9174553928677929,2.770591736106105,2.364858337092175,1.0719813718554105,0.2677201699041205,0.6702984409947566,0.8239193656255863,1.655561104893337,2.132077406096912,1.5958088012830636,0.3128571919810047,1.1703778779847698,1.7269504200768289,1.2858018704076037,1.0747968365999712,1.9197936971268212,2.1831042018520153,1.5217274296214334,0.5061283246856424,0.6310774422210573,0.7271680603717856,0,E_coli
19.029999999999998,16.67968355646548,10.665157291239826,3.605185407726121,2.2968590142857743,4.426623906691114,3.577561716751845,1.3449004689178308,1.1109066342660427,1.3682353212004972,0.7729130141358765,1.9174553928677929,2.770591736106105,2.364858337092175,1.0719813718554105,0.2677201699041205,0.6702984409947566,0.8239193656255863,1.655561104893337,2.132077406096912,1.5958088012830636,0.3128571919810047,1.1703778779847698,1.7269504200768289,1.2858018704076037,1.0747968365999712,1.9197936971268212,2.1831042018520153,1.5217274296214334,0.5061283246856424,0.6310774422210573,0.7271680603717856,1,Yeast
19.029999999999998,16.67968355646548,10.665157291239826,3.605185407726121,2.2968590142857743,4.426623906691114,3.577561716751845,1.3449004689178308,1.1109066342660427,1.3682353212004972,0.7729130141358765,1.9174553928677929,2.770591736106105,2.364858337092175,1.0719813718554105,0.2677201699041205,0.6702984409947566,0.8239193656255863,1.655561104893337,2.132077406096912,1.5958088012830636,0.3128571919810047,1.1703778779847698,1.7269504200768289,1.2858018704076037,1.0747968365999712,1.9197936971268212,2.1831042018520153,1.5217274296214334,0.5061283246856424,0.6310774422210573,0.7271680603717856,1,Mammalian
12.8,12.106776500248648,10.16960219207879,7.387044516352174,4.348190837903762,1.9036303620434178,1.7766595208130849,2.575746488920245,2.601734104346183,1.839474493219426,0.6168528676243432,0.664145487759368,1.6040529697025996,1.9747132392159576,1.7175838267148542,0.9618673054348497,0.2469817807045693,1.0960720145418335,1.7617566644858074,1.9744533375628963,1.7163224456484218,1.109788983987993,0.4159940315555782,0.5177452793992979,0.9500419202761335,1.110795445590718,1.0163595214091925,0.8189818324745856,0.7099913873572563,0.6980164828869808,0.6169653831233466,0.3940360955772988,1,Mammalian
12.8,12.106776500248648,10.16960219207879,7.387044516352174,4.348190837903762,1.9036303620434178,1.7766595208130849,2.575746488920245,2.601734104346183,1.839474493219426,0.6168528676243432,0.664145487759368,1.6040529697025996,1.9747132392159576,1.7175838267148542,0.9618673054348497,0.2469817807045693,1.0960720145418335,1.7617566644858074,1.9744533375628963,1.7163224456484218,1.109788983987993,0.4159940315555782,0.5177452793992979,0.9500419202761335,1.110795445590718,1.0163595214091925,0.8189818324745856,0.7099913873572563,0.6980164828869808,0.6169653831233466,0.3940360955772988,0,E_coli
12.8,12.106776500248648,10.16960219207879,7.387044516352174,4.348190837903762,1.9036303620434178,1.7766595208130849,2.575746488920245,2.601734104346183,1.839474493219426,0.6168528676243432,0.664145487759368,1.6040529697025996,1.9747132392159576,1.7175838267148542,0.9618673054348497,0.2469817807045693,1.0960720145418335,1.7617566644858074,1.9744533375628963,1.7163224456484218,1.109788983987993,0.4159940315555782,0.5177452793992979,0.9500419202761335,1.110795445590718,1.0163595214091925,0.8189818324745856,0.7099913873572563,0.6980164828869808,0.6169653831233466,0.3940360955772988,1,Yeast
12.84,12.08338960707054,9.96677589027142,6.913782114703332,3.519438734919987,0.41311131296629267,1.8826656542229667,3.062391812705387,3.0918371071037085,2.19429635388556,0.7762734577205531,0.6891652531471342,1.7761949171781544,2.2174679027511806,1.9480890473440564,1.106684085804591,0.2140093455903274,1.2063966991877058,2.0114216663592765,2.343203390644504,2.189744815112115,1.694918495995958,1.123100362703752,0.7900452116706886,0.7250815837797644,0.5877321777974529,0.2411695000284179,0.24208515917114762,0.681542553348577,0.9338066820300558,0.9195448317627111,0.6861957268821386,0,E_coli
12.84,12.08338960707054,9.96677589027142,6.913782114703332,3.519438734919987,0.41311131296629267,1.8826656542229667,3.062391812705387,3.0918371071037085,2.19429635388556,0.7762734577205531,0.6891652531471342,1.7761949171781544,2.2174679027511806,1.9480890473440564,1.106684085804591,0.2140093455903274,1.2063966991877058,2.0114216663592765,2.343203390644504,2.189744815112115,1.694918495995958,1.123100362703752,0.7900452116706886,0.7250815837797644,0.5877321777974529,0.2411695000284179,0.24208515917114762,0.681542553348577,0.9338066820300558,0.9195448317627111,0.6861957268821386,1,Yeast
12.84,12.08338960707054,9.96677589027142,6.913782114703332,3.519438734919987,0.41311131296629267,1.8826656542229667,3.062391812705387,3.0918371071037085,2.19429635388556,0.7762734577205531,0.6891652531471342,1.7761949171781544,2.2174679027511806,1.9480890473440564,1.106684085804591,0.2140093455903274,1.2063966991877058,2.0114216663592765,2.343203390644504,2.189744815112115,1.694918495995958,1.123100362703752,0.7900452116706886,0.7250815837797644,0.5877321777974529,0.2411695000284179,0.24208515917114762,0.681542553348577,0.9338066820300558,0.9195448317627111,0.6861957268821386,1,Mammalian
17.18,15.340833192361366,10.495465023993592,4.376305665993312,0.982537264865357,3.9536850498087466,4.120349253661775,2.1624752239963563,0.49445829449609846,2.3747813213375264,2.6492958550849615,1.4024909726772168,0.6506967713795941,2.158905870944367,2.5294410571827424,1.6347915832913733,0.4534313619501857,1.6049711386442302,2.1576331530377173,1.6514079782904303,0.856013320820742,1.5728303675146256,2.2296581822684303,2.0230851389798232,1.1267257851864443,0.3885968319060898,0.8236510942070375,0.800802800236474,0.2333568714319779,0.4745970729086794,0.8618223776460209,0.7517920364165362,0,E_coli
17.18,15.340833192361366,10.495465023993592,4.376305665993312,0.982537264865357,3.9536850498087466,4.120349253661775,2.1624752239963563,0.49445829449609846,2.3747813213375264,2.6492958550849615,1.4024909726772168,0.6506967713795941,2.158905870944367,2.5294410571827424,1.6347915832913733,0.4534313619501857,1.6049711386442302,2.1576331530377173,1.6514079782904303,0.856013320820742,1.5728303675146256,2.2296581822684303,2.0230851389798232,1.1267257851864443,0.3885968319060898,0.8236510942070375,0.800802800236474,0.2333568714319779,0.4745970729086794,0.8618223776460209,0.7517920364165362,1,Mammalian
17.18,15.340833192361366,10.495465023993592,4.376305665993312,0.982537264865357,3.9536850498087466,4.120349253661775,2.1624752239963563,0.49445829449609846,2.3747813213375264,2.6492958550849615,1.4024909726772168,0.6506967713795941,2.158905870944367,2.5294410571827424,1.6347915832913733,0.4534313619501857,1.6049711386442302,2.1576331530377173,1.6514079782904303,0.856013320820742,1.5728303675146256,2.2296581822684303,2.0230851389798232,1.1267257851864443,0.3885968319060898,0.8236510942070375,0.800802800236474,0.2333568714319779,0.4745970729086794,0.8618223776460209,0.7517920364165362,1,Yeast
11.03,10.555375721233164,9.199501892041352,7.155195531100302,4.708535018702308,2.1927052364889823,0.11131087686172543,1.8070663337343795,2.8455916584604233,3.137118632164268,2.7517898399316434,1.866646313950723,0.7682207994466116,0.6867779513622556,1.573830200935714,2.142922731732006,2.256390923576852,1.9247335380464023,1.255868933975164,0.4874626270115828,0.6704574738182114,1.3325076678334298,1.7489959694965675,1.8288709445635876,1.5859407660125453,1.1065418255720112,0.5385402355080396,0.27993810639154415,0.5878958723728019,0.7605379442651625,0.6925797691178076,0.4208669654859656,1,Mammalian
11.03,10.555375721233164,9.199501892041352,7.155195531100302,4.708535018702308,2.1927052364889823,0.11131087686172543,1.8070663337343795,2.8455916584604233,3.137118632164268,2.7517898399316434,1.866646313950723,0.7682207994466116,0.6867779513622556,1.573830200935714,2.142922731732006,2.256390923576852,1.9247335380464023,1.255868933975164,0.4874626270115828,0.6704574738182114,1.3325076678334298,1.7489959694965675,1.8288709445635876,1.5859407660125453,1.1065418255720112,0.5385402355080396,0.27993810639154415,0.5878958723728019,0.7605379442651625,0.6925797691178076,0.4208669654859656,1,Yeast
11.03,10.555375721233164,9.199501892041352,7.155195531100302,4.708535018702308,2.1927052364889823,0.11131087686172543,1.8070663337343795,2.8455916584604233,3.137118632164268,2.7517898399316434,1.866646313950723,0.7682207994466116,0.6867779513622556,1.573830200935714,2.142922731732006,2.256390923576852,1.9247335380464023,1.255868933975164,0.4874626270115828,0.6704574738182114,1.3325076678334298,1.7489959694965675,1.8288709445635876,1.5859407660125453,1.1065418255720112,0.5385402355080396,0.27993810639154415,0.5878958723728019,0.7605379442651625,0.6925797691178076,0.4208669654859656,0,E_coli
41.620000000000005,21.79420238061723,6.900630789470227,5.902306537157485,7.562176521328891,4.844914476253492,3.8086687933332217,0.5719234019742836,3.7130197887070375,1.8682334531324039,4.464514265193479,2.355144764831842,1.8171860917869955,2.495081957905833,1.738510169501933,2.3459839325249634,1.5861904047118685,1.5155120586869764,0.7928879448533069,0.6514799812099922,1.8683858762646528,1.4092436964991006,1.9960897943480915,1.535412375610245,1.0409053985209007,1.0911574085474423,1.5016135513761022,1.6556573570475586,2.1674997544296914,2.836144500459327,0.7911652663361985,1.7043903485521423,1,Mammalian
41.620000000000005,21.79420238061723,6.900630789470227,5.902306537157485,7.562176521328891,4.844914476253492,3.8086687933332217,0.5719234019742836,3.7130197887070375,1.8682334531324039,4.464514265193479,2.355144764831842,1.8171860917869955,2.495081957905833,1.738510169501933,2.3459839325249634,1.5861904047118685,1.5155120586869764,0.7928879448533069,0.6514799812099922,1.8683858762646528,1.4092436964991006,1.9960897943480915,1.535412375610245,1.0409053985209007,1.0911574085474423,1.5016135513761022,1.6556573570475586,2.1674997544296914,2.836144500459327,0.7911652663361985,1.7043903485521423,0,E_coli
41.620000000000005,21.79420238061723,6.900630789470227,5.902306537157485,7.562176521328891,4.844914476253492,3.8086687933332217,0.5719234019742836,3.7130197887070375,1.8682334531324039,4.464514265193479,2.355144764831842,1.8171860917869955,2.495081957905833,1.738510169501933,2.3459839325249634,1.5861904047118685,1.5155120586869764,0.7928879448533069,0.6514799812099922,1.8683858762646528,1.4092436964991006,1.9960897943480915,1.535412375610245,1.0409053985209007,1.0911574085474423,1.5016135513761022,1.6556573570475586,2.1674997544296914,2.836144500459327,0.7911652663361985,1.7043903485521423,1,Yeast
12.100000000000001,11.556608396109015,10.015274631394162,7.725424526895115,5.049912897231038,2.403125288724304,0.4431469480394394,1.6033163992464414,2.418492511560541,2.4921960697971715,1.985423665070245,1.2004019062354343,0.726828088878425,1.070391253137839,1.4074328494339192,1.3968599119659042,1.044030650891055,0.48198441282411114,0.24764815762379414,0.7135861110049884,0.9920363382579939,1.0229019406144244,0.8943997864296912,0.8123057374201854,0.9062527084238625,1.0158857044295517,0.9523213211895666,0.6609679011032347,0.35491486750013734,0.7482991310414832,1.3394491397500117,1.7792935592869261,1,Yeast
12.100000000000001,11.556608396109015,10.015274631394162,7.725424526895115,5.049912897231038,2.403125288724304,0.4431469480394394,1.6033163992464414,2.418492511560541,2.4921960697971715,1.985423665070245,1.2004019062354343,0.726828088878425,1.070391253137839,1.4074328494339192,1.3968599119659042,1.044030650891055,0.48198441282411114,0.24764815762379414,0.7135861110049884,0.9920363382579939,1.0229019406144244,0.8943997864296912,0.8123057374201854,0.9062527084238625,1.0158857044295517,0.9523213211895666,0.6609679011032347,0.35491486750013734,0.7482991310414832,1.3394491397500117,1.7792935592869261,1,Mammalian
12.100000000000001,11.556608396109015,10.015274631394162,7.725424526895115,5.049912897231038,2.403125288724304,0.4431469480394394,1.6033163992464414,2.418492511560541,2.4921960697971715,1.985423665070245,1.2004019062354343,0.726828088878425,1.070391253137839,1.4074328494339192,1.3968599119659042,1.044030650891055,0.48198441282411114,0.24764815762379414,0.7135861110049884,0.9920363382579939,1.0229019406144244,0.8943997864296912,0.8123057374201854,0.9062527084238625,1.0158857044295517,0.9523213211895666,0.6609679011032347,0.35491486750013734,0.7482991310414832,1.3394491397500117,1.7792935592869261,0,E_coli
39.57000000000001,21.507245788563818,5.602544736158829,7.8559773947143485,3.2501894566312153,3.525360830775847,4.0646965339561465,0.8226779540053583,3.3943042471043094,0.6180903934433636,2.2112508925024867,3.6775548006210563,2.2370593393711937,2.50295415748185,2.162250110183943,1.1251578184698356,1.5435349040433144,1.3533521678248839,1.5059806519478223,2.11834471797429,2.1269995580863665,0.875982565933493,1.866996421305816,0.8417820675094607,1.684309555304382,0.6249936844388473,2.307200208032363,0.7282568013368217,2.9237145702061635,2.7215484574986286,0.708203612279611,1.2507338101242693,1,Yeast
39.57000000000001,21.507245788563818,5.602544736158829,7.8559773947143485,3.2501894566312153,3.525360830775847,4.0646965339561465,0.8226779540053583,3.3943042471043094,0.6180903934433636,2.2112508925024867,3.6775548006210563,2.2370593393711937,2.50295415748185,2.162250110183943,1.1251578184698356,1.5435349040433144,1.3533521678248839,1.5059806519478223,2.11834471797429,2.1269995580863665,0.875982565933493,1.866996421305816,0.8417820675094607,1.684309555304382,0.6249936844388473,2.307200208032363,0.7282568013368217,2.9237145702061635,2.7215484574986286,0.708203612279611,1.2507338101242693,0,E_coli
39.57000000000001,21.507245788563818,5.602544736158829,7.8559773947143485,3.2501894566312153,3.525360830775847,4.0646965339561465,0.8226779540053583,3.3943042471043094,0.6180903934433636,2.2112508925024867,3.6775548006210563,2.2370593393711937,2.50295415748185,2.162250110183943,1.1251578184698356,1.5435349040433144,1.3533521678248839,1.5059806519478223,2.11834471797429,2.1269995580863665,0.875982565933493,1.866996421305816,0.8417820675094607,1.684309555304382,0.6249936844388473,2.307200208032363,0.7282568013368217,2.9237145702061635,2.7215484574986286,0.708203612279611,1.2507338101242693,1,Mammalian
11.57,11.047616567166251,9.567455803840787,7.373351810624616,4.818231055124473,2.296020411278788,0.18314015754969037,1.317848873027136,2.0267357902174217,2.0096417636806256,1.4642161773899596,0.8211324713358983,0.9888087130520469,1.5785142457279502,1.9047729425856728,1.832940013376388,1.4200352108310552,0.8775669220250399,0.7003814074054395,1.0370011771866603,1.3212350240741262,1.3673508396908238,1.217068490403663,1.037220090433234,1.0018692712384014,1.0586678205685403,1.0103288846564327,0.7461177927523458,0.27430792840584123,0.320390648062043,0.8894975356712348,1.3004739708336075,1,Yeast
11.57,11.047616567166251,9.567455803840787,7.373351810624616,4.818231055124473,2.296020411278788,0.18314015754969037,1.317848873027136,2.0267357902174217,2.0096417636806256,1.4642161773899596,0.8211324713358983,0.9888087130520469,1.5785142457279502,1.9047729425856728,1.832940013376388,1.4200352108310552,0.8775669220250399,0.7003814074054395,1.0370011771866603,1.3212350240741262,1.3673508396908238,1.217068490403663,1.037220090433234,1.0018692712384014,1.0586678205685403,1.0103288846564327,0.7461177927523458,0.27430792840584123,0.320390648062043,0.8894975356712348,1.3004739708336075,0,E_coli
11.57,11.047616567166251,9.567455803840787,7.373351810624616,4.818231055124473,2.296020411278788,0.18314015754969037,1.317848873027136,2.0267357902174217,2.0096417636806256,1.4642161773899596,0.8211324713358983,0.9888087130520469,1.5785142457279502,1.9047729425856728,1.832940013376388,1.4200352108310552,0.8775669220250399,0.7003814074054395,1.0370011771866603,1.3212350240741262,1.3673508396908238,1.217068490403663,1.037220090433234,1.0018692712384014,1.0586678205685403,1.0103288846564327,0.7461177927523458,0.27430792840584123,0.320390648062043,0.8894975356712348,1.3004739708336075,1,Mammalian
11.55,11.027424894651437,9.546701561127389,7.351702087085313,4.795420729465374,2.2719146526059406,0.16254231172000402,1.34513937166271,2.0550114785350004,2.0380008256419835,1.4894954495502695,0.8263989549147531,0.9561436787808778,1.539345476218379,1.8641829088410427,1.7911387751311025,1.3761177275218859,0.8315509424791125,0.6770337203972385,1.0404319299866445,1.3347878161034312,1.388049286730267,1.24764311628118,1.0817515372343578,1.0565641594760786,1.1154225576175223,1.066977552911008,0.803257422142902,0.3329726399014987,0.26441009179167524,0.8307018630338583,1.240761800759861,1,Mammalian
11.55,11.027424894651437,9.546701561127389,7.351702087085313,4.795420729465374,2.2719146526059406,0.16254231172000402,1.34513937166271,2.0550114785350004,2.0380008256419835,1.4894954495502695,0.8263989549147531,0.9561436787808778,1.539345476218379,1.8641829088410427,1.7911387751311025,1.3761177275218859,0.8315509424791125,0.6770337203972385,1.0404319299866445,1.3347878161034312,1.388049286730267,1.24764311628118,1.0817515372343578,1.0565641594760786,1.1154225576175223,1.066977552911008,0.803257422142902,0.3329726399014987,0.26441009179167524,0.8307018630338583,1.240761800759861,1,Yeast
11.55,11.027424894651437,9.546701561127389,7.351702087085313,4.795420729465374,2.2719146526059406,0.16254231172000402,1.34513937166271,2.0550114785350004,2.0380008256419835,1.4894954495502695,0.8263989549147531,0.9561436787808778,1.539345476218379,1.8641829088410427,1.7911387751311025,1.3761177275218859,0.8315509424791125,0.6770337203972385,1.0404319299866445,1.3347878161034312,1.388049286730267,1.24764311628118,1.0817515372343578,1.0565641594760786,1.1154225576175223,1.066977552911008,0.803257422142902,0.3329726399014987,0.26441009179167524,0.8307018630338583,1.240761800759861,0,E_coli
11.830000000000002,11.307241149843797,9.825963102990544,7.630022980185143,5.072363369435439,2.5467786777152646,0.4164730338049258,1.0732755007986403,1.7869188372482647,1.7761750074676035,1.2466563717423058,0.7142828918431636,1.1119188436643157,1.7494138479162311,2.0806838897378106,2.0004876039881414,1.563105882530035,0.9453732954736307,0.5546089631289832,0.8133599432244445,1.1100204194450702,1.1863238564845413,1.0960756745906384,1.0275251285872438,1.1167457495273088,1.247428187949004,1.2329487777728558,0.9849314253504029,0.5205967747967369,0.06453158441248338,0.631558451402338,1.0409895417456487,1,Yeast
11.830000000000002,11.307241149843797,9.825963102990544,7.630022980185143,5.072363369435439,2.5467786777152646,0.4164730338049258,1.0732755007986403,1.7869188372482647,1.7761750074676035,1.2466563717423058,0.7142828918431636,1.1119188436643157,1.7494138479162311,2.0806838897378106,2.0004876039881414,1.563105882530035,0.9453732954736307,0.5546089631289832,0.8133599432244445,1.1100204194450702,1.1863238564845413,1.0960756745906384,1.0275251285872438,1.1167457495273088,1.247428187949004,1.2329487777728558,0.9849314253504029,0.5205967747967369,0.06453158441248338,0.631558451402338,1.0409895417456487,0,E_coli
11.830000000000002,11.307241149843797,9.825963102990544,7.630022980185143,5.072363369435439,2.5467786777152646,0.4164730338049258,1.0732755007986403,1.7869188372482647,1.7761750074676035,1.2466563717423058,0.7142828918431636,1.1119188436643157,1.7494138479162311,2.0806838897378106,2.0004876039881414,1.563105882530035,0.9453732954736307,0.5546089631289832,0.8133599432244445,1.1100204194450702,1.1863238564845413,1.0960756745906384,1.0275251285872438,1.1167457495273088,1.247428187949004,1.2329487777728558,0.9849314253504029,0.5205967747967369,0.06453158441248338,0.631558451402338,1.0409895417456487,1,Mammalian
11.97,11.431990681334977,9.907377514286434,7.646971088632873,5.014590075092765,2.420237255453444,0.3603950010345886,1.362595014312273,2.085180462045797,2.064986069994058,1.4982103860271154,0.8367859990503853,1.0396244992856896,1.6615754456534013,1.9946193610806895,1.8921297545162734,1.394453297891328,0.6742920245958012,0.45540703782797387,1.0800396133583634,1.545473506884843,1.7143979567549303,1.6142188730958955,1.3609440609551113,1.1082519752756934,0.9398396964104574,0.7816321889008777,0.510265705013348,0.09043737492423369,0.43358779835597416,0.9348788462443398,1.2977249027406568,0,E_coli
11.97,11.431990681334977,9.907377514286434,7.646971088632873,5.014590075092765,2.420237255453444,0.3603950010345886,1.362595014312273,2.085180462045797,2.064986069994058,1.4982103860271154,0.8367859990503853,1.0396244992856896,1.6615754456534013,1.9946193610806895,1.8921297545162734,1.394453297891328,0.6742920245958012,0.45540703782797387,1.0800396133583634,1.545473506884843,1.7143979567549303,1.6142188730958955,1.3609440609551113,1.1082519752756934,0.9398396964104574,0.7816321889008777,0.510265705013348,0.09043737492423369,0.43358779835597416,0.9348788462443398,1.2977249027406568,1,Mammalian
11.97,11.431990681334977,9.907377514286434,7.646971088632873,5.014590075092765,2.420237255453444,0.3603950010345886,1.362595014312273,2.085180462045797,2.064986069994058,1.4982103860271154,0.8367859990503853,1.0396244992856896,1.6615754456534013,1.9946193610806895,1.8921297545162734,1.394453297891328,0.6742920245958012,0.45540703782797387,1.0800396133583634,1.545473506884843,1.7143979567549303,1.6142188730958955,1.3609440609551113,1.1082519752756934,0.9398396964104574,0.7816321889008777,0.510265705013348,0.09043737492423369,0.43358779835597416,0.9348788462443398,1.2977249027406568,1,Yeast
12.07,11.538156453494162,10.030293187290312,7.792487662617203,5.1826544361151345,2.609800033515353,0.6186809603059593,1.324916940756309,2.076901197282053,2.1218314662055966,1.6079520260081352,0.8366811449955711,0.5799421983721385,1.1112601920567062,1.4523940770543675,1.4428185340937285,1.1859595271340415,0.995380988696992,1.17196741351362,1.484602938750291,1.6262949570917944,1.4873170007004972,1.1030856065340024,0.6536499729730147,0.581275680489368,0.8717444550812042,1.0419907879096197,0.9562731926868093,0.6425922150953968,0.2981328476135219,0.495019088093937,0.8225038399157856,1,Mammalian
12.07,11.538156453494162,10.030293187290312,7.792487662617203,5.1826544361151345,2.609800033515353,0.6186809603059593,1.324916940756309,2.076901197282053,2.1218314662055966,1.6079520260081352,0.8366811449955711,0.5799421983721385,1.1112601920567062,1.4523940770543675,1.4428185340937285,1.1859595271340415,0.995380988696992,1.17196741351362,1.484602938750291,1.6262949570917944,1.4873170007004972,1.1030856065340024,0.6536499729730147,0.581275680489368,0.8717444550812042,1.0419907879096197,0.9562731926868093,0.6425922150953968,0.2981328476135219,0.495019088093937,0.8225038399157856,1,Yeast
12.07,11.538156453494162,10.030293187290312,7.792487662617203,5.1826544361151345,2.609800033515353,0.6186809603059593,1.324916940756309,2.076901197282053,2.1218314662055966,1.6079520260081352,0.8366811449955711,0.5799421983721385,1.1112601920567062,1.4523940770543675,1.4428185340937285,1.1859595271340415,0.995380988696992,1.17196741351362,1.484602938750291,1.6262949570917944,1.4873170007004972,1.1030856065340024,0.6536499729730147,0.581275680489368,0.8717444550812042,1.0419907879096197,0.9562731926868093,0.6425922150953968,0.2981328476135219,0.495019088093937,0.8225038399157856,0,E_coli
11.57,11.048120376950374,9.569394333678376,7.3774277444676075,4.82475951538901,2.3046165854297356,0.18086024032483716,1.3030950812935718,2.0129891117349215,1.9984212199202793,1.4585670317569701,0.8270834712076738,0.9965011017698736,1.5765700450991362,1.8933114429486018,1.812428715512156,1.3920129309744211,0.8499106993125094,0.7060800512758656,1.0680154485770106,1.3585729920553966,1.403510128563832,1.245939256221863,1.052370481228863,1.0032321944777542,1.0564686293070074,1.0128316436030669,0.7566267313891502,0.2928491046465579,0.29161279881258007,0.8548649288731288,1.2618552661112745,1,Mammalian
11.57,11.048120376950374,9.569394333678376,7.3774277444676075,4.82475951538901,2.3046165854297356,0.18086024032483716,1.3030950812935718,2.0129891117349215,1.9984212199202793,1.4585670317569701,0.8270834712076738,0.9965011017698736,1.5765700450991362,1.8933114429486018,1.812428715512156,1.3920129309744211,0.8499106993125094,0.7060800512758656,1.0680154485770106,1.3585729920553966,1.403510128563832,1.245939256221863,1.052370481228863,1.0032321944777542,1.0564686293070074,1.0128316436030669,0.7566267313891502,0.2928491046465579,0.29161279881258007,0.8548649288731288,1.2618552661112745,0,E_coli
11.57,11.048120376950374,9.569394333678376,7.3774277444676075,4.82475951538901,2.3046165854297356,0.18086024032483716,1.3030950812935718,2.0129891117349215,1.9984212199202793,1.4585670317569701,0.8270834712076738,0.9965011017698736,1.5765700450991362,1.8933114429486018,1.812428715512156,1.3920129309744211,0.8499106993125094,0.7060800512758656,1.0680154485770106,1.3585729920553966,1.403510128563832,1.245939256221863,1.052370481228863,1.0032321944777542,1.0564686293070074,1.0128316436030669,0.7566267313891502,0.2928491046465579,0.29161279881258007,0.8548649288731288,1.2618552661112745,1,Yeast
11.780000000000001,11.242821673203206,9.720630049767372,7.4639722679039675,4.835949902009206,2.2438474764888494,0.20082395892334676,1.4926817111819484,2.216881470312836,2.1970823973992526,1.6442927750819196,1.0245414191589035,1.1734411573384704,1.7533997563597472,2.085830980796023,1.999257010138244,1.5289865924853627,0.8524609419790061,0.5190430107828469,0.9877129097510825,1.4031211617913473,1.5424164737498682,1.425547932971361,1.1792264454143937,0.9807326580590655,0.9093334520658267,0.8411243269955293,0.6341724909338724,0.2739989066667991,0.2989061796299269,0.7615437431571209,1.111456757537017,1,Yeast
11.780000000000001,11.242821673203206,9.720630049767372,7.4639722679039675,4.835949902009206,2.2438474764888494,0.20082395892334676,1.4926817111819484,2.216881470312836,2.1970823973992526,1.6442927750819196,1.0245414191589035,1.1734411573384704,1.7533997563597472,2.085830980796023,1.999257010138244,1.5289865924853627,0.8524609419790061,0.5190430107828469,0.9877129097510825,1.4031211617913473,1.5424164737498682,1.425547932971361,1.1792264454143937,0.9807326580590655,0.9093334520658267,0.8411243269955293,0.6341724909338724,0.2739989066667991,0.2989061796299269,0.7615437431571209,1.111456757537017,1,Mammalian
11.780000000000001,11.242821673203206,9.720630049767372,7.4639722679039675,4.835949902009206,2.2438474764888494,0.20082395892334676,1.4926817111819484,2.216881470312836,2.1970823973992526,1.6442927750819196,1.0245414191589035,1.1734411573384704,1.7533997563597472,2.085830980796023,1.999257010138244,1.5289865924853627,0.8524609419790061,0.5190430107828469,0.9877129097510825,1.4031211617913473,1.5424164737498682,1.425547932971361,1.1792264454143937,0.9807326580590655,0.9093334520658267,0.8411243269955293,0.6341724909338724,0.2739989066667991,0.2989061796299269,0.7615437431571209,1.111456757537017,0,E_coli
12.07,11.492206068059982,9.85892169005897,7.450145362876844,4.669423549711618,1.9652821198960915,0.3376164270669378,1.7737413867898122,2.3942234889687293,2.2386693313322685,1.5851352821194173,1.0481856116173984,1.3799365480799213,1.9088091505285716,2.0674043012548404,1.750118346601251,1.0621205204683692,0.4347650115316998,0.9479765450190347,1.5296964244985767,1.7400464691147586,1.5303698994673063,1.0105497815352202,0.578622039396536,0.9054799196395293,1.3472604396732737,1.4809388370093042,1.235019273299269,0.7233927854168087,0.5796383906657381,1.1804294219321056,1.7112130696803136,1,Yeast
12.07,11.492206068059982,9.85892169005897,7.450145362876844,4.669423549711618,1.9652821198960915,0.3376164270669378,1.7737413867898122,2.3942234889687293,2.2386693313322685,1.5851352821194173,1.0481856116173984,1.3799365480799213,1.9088091505285716,2.0674043012548404,1.750118346601251,1.0621205204683692,0.4347650115316998,0.9479765450190347,1.5296964244985767,1.7400464691147586,1.5303698994673063,1.0105497815352202,0.578622039396536,0.9054799196395293,1.3472604396732737,1.4809388370093042,1.235019273299269,0.7233927854168087,0.5796383906657381,1.1804294219321056,1.7112130696803136,0,E_coli
12.07,11.492206068059982,9.85892169005897,7.450145362876844,4.669423549711618,1.9652821198960915,0.3376164270669378,1.7737413867898122,2.3942234889687293,2.2386693313322685,1.5851352821194173,1.0481856116173984,1.3799365480799213,1.9088091505285716,2.0674043012548404,1.750118346601251,1.0621205204683692,0.4347650115316998,0.9479765450190347,1.5296964244985767,1.7400464691147586,1.5303698994673063,1.0105497815352202,0.578622039396536,0.9054799196395293,1.3472604396732737,1.4809388370093042,1.235019273299269,0.7233927854168087,0.5796383906657381,1.1804294219321056,1.7112130696803136,1,Mammalian
20.43,17.263101723212102,9.49566569178551,1.2192908865618497,3.7590369639326773,4.0363986798679905,1.2886578502920905,1.6470163591735762,2.152348078374809,0.564658383059994,2.2433314964763182,3.2379658239418663,2.1975348312677627,0.5924355766311198,1.4926913487977471,1.1356962672194464,0.45221676218380025,1.8384280530830546,1.8265910541473314,0.4155967999550037,1.3358232789615045,2.0705817937585973,1.4076898227511867,0.8780698018719709,1.9268621511452937,2.3497025869631982,2.2706485497337487,2.1934641626205185,1.832936970148538,1.0334482950212986,0.5302452227918133,0.7566816641621056,0,E_coli
20.43,17.263101723212102,9.49566569178551,1.2192908865618497,3.7590369639326773,4.0363986798679905,1.2886578502920905,1.6470163591735762,2.152348078374809,0.564658383059994,2.2433314964763182,3.2379658239418663,2.1975348312677627,0.5924355766311198,1.4926913487977471,1.1356962672194464,0.45221676218380025,1.8384280530830546,1.8265910541473314,0.4155967999550037,1.3358232789615045,2.0705817937585973,1.4076898227511867,0.8780698018719709,1.9268621511452937,2.3497025869631982,2.2706485497337487,2.1934641626205185,1.832936970148538,1.0334482950212986,0.5302452227918133,0.7566816641621056,1,Mammalian
20.43,17.263101723212102,9.49566569178551,1.2192908865618497,3.7590369639326773,4.0363986798679905,1.2886578502920905,1.6470163591735762,2.152348078374809,0.564658383059994,2.2433314964763182,3.2379658239418663,2.1975348312677627,0.5924355766311198,1.4926913487977471,1.1356962672194464,0.45221676218380025,1.8384280530830546,1.8265910541473314,0.4155967999550037,1.3358232789615045,2.0705817937585973,1.4076898227511867,0.8780698018719709,1.9268621511452937,2.3497025869631982,2.2706485497337487,2.1934641626205185,1.832936970148538,1.0334482950212986,0.5302452227918133,0.7566816641621056,1,Yeast
10.15,9.768583353401006,8.675346212968583,7.015253865211942,5.004403311294379,2.8964535419686612,0.9453446570614993,0.6514044126601124,1.7214788556902654,2.2240818523923798,2.186657720166419,1.7161132800611132,0.9732022977401816,0.16275570347477017,0.6354833674262802,1.1816051287798566,1.4480676779764128,1.4270433914600276,1.1779312567298834,0.8264621499867439,0.5980937517978703,0.6920929375880812,0.903743443125271,1.0570426206239483,1.1480028525275243,1.2390627490243957,1.3708557565465522,1.5121397335913964,1.5925792443829752,1.5607338195018765,1.4184007569189097,1.2374971843791047,0,E_coli
10.15,9.768583353401006,8.675346212968583,7.015253865211942,5.004403311294379,2.8964535419686612,0.9453446570614993,0.6514044126601124,1.7214788556902654,2.2240818523923798,2.186657720166419,1.7161132800611132,0.9732022977401816,0.16275570347477017,0.6354833674262802,1.1816051287798566,1.4480676779764128,1.4270433914600276,1.1779312567298834,0.8264621499867439,0.5980937517978703,0.6920929375880812,0.903743443125271,1.0570426206239483,1.1480028525275243,1.2390627490243957,1.3708557565465522,1.5121397335913964,1.5925792443829752,1.5607338195018765,1.4184007569189097,1.2374971843791047,1,Mammalian
10.15,9.768583353401006,8.675346212968583,7.015253865211942,5.004403311294379,2.8964535419686612,0.9453446570614993,0.6514044126601124,1.7214788556902654,2.2240818523923798,2.186657720166419,1.7161132800611132,0.9732022977401816,0.16275570347477017,0.6354833674262802,1.1816051287798566,1.4480676779764128,1.4270433914600276,1.1779312567298834,0.8264621499867439,0.5980937517978703,0.6920929375880812,0.903743443125271,1.0570426206239483,1.1480028525275243,1.2390627490243957,1.3708557565465522,1.5121397335913964,1.5925792443829752,1.5607338195018765,1.4184007569189097,1.2374971843791047,1,Yeast
16.21,14.775180332152503,10.910973140686187,5.777821614644904,0.8449769819705975,2.6626040155101767,4.0725635354208904,3.5302217488582053,1.7908067627248314,0.2151015734237284,1.4189727730631767,1.6388830490188764,0.9956690257021078,0.2529430093760895,0.7172871826975014,0.6510223861039536,0.13000000000000023,1.2107569365572077,2.0738971231540004,2.265348478561118,1.6897978142748353,0.9075000636902413,1.4404272044627098,2.209278474786096,2.3122307710475196,1.6966760414169715,0.6947424016272912,0.49530649028225443,1.0413646998382775,1.0991175274818143,0.7662636143172097,0.3495423753978518,1,Yeast
16.21,14.775180332152503,10.910973140686187,5.777821614644904,0.8449769819705975,2.6626040155101767,4.0725635354208904,3.5302217488582053,1.7908067627248314,0.2151015734237284,1.4189727730631767,1.6388830490188764,0.9956690257021078,0.2529430093760895,0.7172871826975014,0.6510223861039536,0.13000000000000023,1.2107569365572077,2.0738971231540004,2.265348478561118,1.6897978142748353,0.9075000636902413,1.4404272044627098,2.209278474786096,2.3122307710475196,1.6966760414169715,0.6947424016272912,0.49530649028225443,1.0413646998382775,1.0991175274818143,0.7662636143172097,0.3495423753978518,0,E_coli
16.21,14.775180332152503,10.910973140686187,5.777821614644904,0.8449769819705975,2.6626040155101767,4.0725635354208904,3.5302217488582053,1.7908067627248314,0.2151015734237284,1.4189727730631767,1.6388830490188764,0.9956690257021078,0.2529430093760895,0.7172871826975014,0.6510223861039536,0.13000000000000023,1.2107569365572077,2.0738971231540004,2.265348478561118,1.6897978142748353,0.9075000636902413,1.4404272044627098,2.209278474786096,2.3122307710475196,1.6966760414169715,0.6947424016272912,0.49530649028225443,1.0413646998382775,1.0991175274818143,0.7662636143172097,0.3495423753978518,1,Mammalian
13.26,12.580708455668415,10.677799315385547,7.924442866241362,4.844869553976437,1.9939866004555675,0.1855521952644328,1.3767233758342752,1.5907728909136365,1.0102244433480414,0.09483448447740046,1.0795531607331308,1.80278770411172,1.9702984606071285,1.5387236276313485,0.6501192443953024,0.5108815909777918,1.5072367302621097,2.1630962439823613,2.3134314517549317,1.9502909383805573,1.2066355220784373,0.3789345719780821,0.6977554810071964,1.275712196984206,1.5153474556591398,1.40359839111245,1.0356820084529192,0.5592501716820796,0.13019432562477942,0.22280701829872127,0.3899812230431961,0,E_coli
13.26,12.580708455668415,10.677799315385547,7.924442866241362,4.844869553976437,1.9939866004555675,0.1855521952644328,1.3767233758342752,1.5907728909136365,1.0102244433480414,0.09483448447740046,1.0795531607331308,1.80278770411172,1.9702984606071285,1.5387236276313485,0.6501192443953024,0.5108815909777918,1.5072367302621097,2.1630962439823613,2.3134314517549317,1.9502909383805573,1.2066355220784373,0.3789345719780821,0.6977554810071964,1.275712196984206,1.5153474556591398,1.40359839111245,1.0356820084529192,0.5592501716820796,0.13019432562477942,0.22280701829872127,0.3899812230431961,1,Yeast
13.26,12.580708455668415,10.677799315385547,7.924442866241362,4.844869553976437,1.9939866004555675,0.1855521952644328,1.3767233758342752,1.5907728909136365,1.0102244433480414,0.09483448447740046,1.0795531607331308,1.80278770411172,1.9702984606071285,1.5387236276313485,0.6501192443953024,0.5108815909777918,1.5072367302621097,2.1630962439823613,2.3134314517549317,1.9502909383805573,1.2066355220784373,0.3789345719780821,0.6977554810071964,1.275712196984206,1.5153474556591398,1.40359839111245,1.0356820084529192,0.5592501716820796,0.13019432562477942,0.22280701829872127,0.3899812230431961,1,Mammalian
18.39,15.960354019509763,9.80077790130712,2.7751434410795914,2.7812651350843294,4.284505725962748,2.6657924570400997,1.250967469261849,3.0619604645462766,3.147844941409079,1.6304378022954118,1.7768107394415789,2.921602705882608,2.6598244867726,1.5699783320796403,1.4898546532282522,1.586600138661282,0.7546722176074621,1.2265505153256029,2.2424038452420514,2.154043238189836,1.2476344962420058,1.4274948541126802,2.0938592690470395,1.8442879692595593,0.9852069283037261,0.8480008425808944,0.9519582001035415,0.36619612962512366,0.7165578481239336,1.2999502147017348,1.100907021169223,0,E_coli
18.39,15.960354019509763,9.80077790130712,2.7751434410795914,2.7812651350843294,4.284505725962748,2.6657924570400997,1.250967469261849,3.0619604645462766,3.147844941409079,1.6304378022954118,1.7768107394415789,2.921602705882608,2.6598244867726,1.5699783320796403,1.4898546532282522,1.586600138661282,0.7546722176074621,1.2265505153256029,2.2424038452420514,2.154043238189836,1.2476344962420058,1.4274948541126802,2.0938592690470395,1.8442879692595593,0.9852069283037261,0.8480008425808944,0.9519582001035415,0.36619612962512366,0.7165578481239336,1.2999502147017348,1.100907021169223,1,Yeast
18.39,15.960354019509763,9.80077790130712,2.7751434410795914,2.7812651350843294,4.284505725962748,2.6657924570400997,1.250967469261849,3.0619604645462766,3.147844941409079,1.6304378022954118,1.7768107394415789,2.921602705882608,2.6598244867726,1.5699783320796403,1.4898546532282522,1.586600138661282,0.7546722176074621,1.2265505153256029,2.2424038452420514,2.154043238189836,1.2476344962420058,1.4274948541126802,2.0938592690470395,1.8442879692595593,0.9852069283037261,0.8480008425808944,0.9519582001035415,0.36619612962512366,0.7165578481239336,1.2999502147017348,1.100907021169223,1,Mammalian
20.759999999999998,18.169514620311592,11.54061188086321,3.7056201268931837,2.26334205909813,4.549622874930859,3.325036271291275,0.39834749033151085,2.0894332512380442,2.6446178180381192,1.3403116209703372,0.6426039571313102,1.8988658757276002,1.7199776046258055,0.4824734593714453,0.9712574307478522,1.4572576985557493,0.8641845767851493,0.2438214776847861,0.9732597536893604,0.8424422020982654,0.8758503776544343,1.798552912671968,2.0837384848153464,1.2934715646742354,0.17048333955133452,1.4572577144398091,1.865113195197798,1.3369675559408731,0.7182412159045014,0.9334633311570543,0.7621351400276349,0,E_coli
20.759999999999998,18.169514620311592,11.54061188086321,3.7056201268931837,2.26334205909813,4.549622874930859,3.325036271291275,0.39834749033151085,2.0894332512380442,2.6446178180381192,1.3403116209703372,0.6426039571313102,1.8988658757276002,1.7199776046258055,0.4824734593714453,0.9712574307478522,1.4572576985557493,0.8641845767851493,0.2438214776847861,0.9732597536893604,0.8424422020982654,0.8758503776544343,1.798552912671968,2.0837384848153464,1.2934715646742354,0.17048333955133452,1.4572577144398091,1.865113195197798,1.3369675559408731,0.7182412159045014,0.9334633311570543,0.7621351400276349,1,Yeast
20.759999999999998,18.169514620311592,11.54061188086321,3.7056201268931837,2.26334205909813,4.549622874930859,3.325036271291275,0.39834749033151085,2.0894332512380442,2.6446178180381192,1.3403116209703372,0.6426039571313102,1.8988658757276002,1.7199776046258055,0.4824734593714453,0.9712574307478522,1.4572576985557493,0.8641845767851493,0.2438214776847861,0.9732597536893604,0.8424422020982654,0.8758503776544343,1.798552912671968,2.0837384848153464,1.2934715646742354,0.17048333955133452,1.4572577144398091,1.865113195197798,1.3369675559408731,0.7182412159045014,0.9334633311570543,0.7621351400276349,1,Mammalian
19.779999999999998,17.27690878471289,10.843045876262153,3.1676449829472317,2.8846449810391834,5.376110298817703,4.424284596080899,1.7119420181283977,1.4353481480535848,2.3323596133527595,1.7471371405737794,1.442575931938916,2.166398888946068,2.0333186179083533,0.8799868995862826,0.6172519273429523,1.4436758638974327,1.3573210401176077,0.6698193802793153,0.08910889846247774,0.22733429348408157,0.7083262667586475,1.260739143403741,1.2340775234582668,0.396201582378395,1.039624742173294,2.244683166717091,2.67217758342263,2.1644995510151492,1.143088146244277,0.7767065712922394,1.2987270965437645,1,Mammalian
19.779999999999998,17.27690878471289,10.843045876262153,3.1676449829472317,2.8846449810391834,5.376110298817703,4.424284596080899,1.7119420181283977,1.4353481480535848,2.3323596133527595,1.7471371405737794,1.442575931938916,2.166398888946068,2.0333186179083533,0.8799868995862826,0.6172519273429523,1.4436758638974327,1.3573210401176077,0.6698193802793153,0.08910889846247774,0.22733429348408157,0.7083262667586475,1.260739143403741,1.2340775234582668,0.396201582378395,1.039624742173294,2.244683166717091,2.67217758342263,2.1644995510151492,1.143088146244277,0.7767065712922394,1.2987270965437645,0,E_coli
19.779999999999998,17.27690878471289,10.843045876262153,3.1676449829472317,2.8846449810391834,5.376110298817703,4.424284596080899,1.7119420181283977,1.4353481480535848,2.3323596133527595,1.7471371405737794,1.442575931938916,2.166398888946068,2.0333186179083533,0.8799868995862826,0.6172519273429523,1.4436758638974327,1.3573210401176077,0.6698193802793153,0.08910889846247774,0.22733429348408157,0.7083262667586475,1.260739143403741,1.2340775234582668,0.396201582378395,1.039624742173294,2.244683166717091,2.67217758342263,2.1644995510151492,1.143088146244277,0.7767065712922394,1.2987270965437645,1,Yeast
19.040000000000003,16.622000944275243,10.437492014710168,3.131962669143929,2.4484789205119695,4.635025776872851,3.6375703847600054,1.2620268358336268,1.3951764771473822,1.7758713587162793,0.7993410679783803,0.9325706376784564,1.5674920404604311,1.087683330856317,0.7739171223119584,1.5520931765207961,1.4647866738880444,0.6753178872711691,1.4297753999594898,2.0495653748051748,1.4882831041926043,0.26513540690429255,1.4111660618648751,1.869954353303859,1.2730603275629242,1.0349929643038152,1.7657900190080487,1.7404935473659626,1.272215815291006,1.9949701503763781,2.783394787646374,2.7478047164584196,1,Mammalian
19.040000000000003,16.622000944275243,10.437492014710168,3.131962669143929,2.4484789205119695,4.635025776872851,3.6375703847600054,1.2620268358336268,1.3951764771473822,1.7758713587162793,0.7993410679783803,0.9325706376784564,1.5674920404604311,1.087683330856317,0.7739171223119584,1.5520931765207961,1.4647866738880444,0.6753178872711691,1.4297753999594898,2.0495653748051748,1.4882831041926043,0.26513540690429255,1.4111660618648751,1.869954353303859,1.2730603275629242,1.0349929643038152,1.7657900190080487,1.7404935473659626,1.272215815291006,1.9949701503763781,2.783394787646374,2.7478047164584196,1,Yeast
19.040000000000003,16.622000944275243,10.437492014710168,3.131962669143929,2.4484789205119695,4.635025776872851,3.6375703847600054,1.2620268358336268,1.3951764771473822,1.7758713587162793,0.7993410679783803,0.9325706376784564,1.5674920404604311,1.087683330856317,0.7739171223119584,1.5520931765207961,1.4647866738880444,0.6753178872711691,1.4297753999594898,2.0495653748051748,1.4882831041926043,0.26513540690429255,1.4111660618648751,1.869954353303859,1.2730603275629242,1.0349929643038152,1.7657900190080487,1.7404935473659626,1.272215815291006,1.9949701503763781,2.783394787646374,2.7478047164584196,0,E_coli
5.22,5.16758028680381,5.012064275611278,4.758618555336534,4.415647748996515,3.994495619410208,3.5090493092153285,2.975274915466754,2.4107387491746826,1.8342531576097298,1.2661665174890626,0.7324217634152738,0.31075212239905775,0.39483427752435335,0.7413978569554984,1.0496700631245839,1.2844454056128658,1.4371488219636548,1.5061104762149733,1.4939549593610286,1.4069221671464514,1.2546061837321227,1.0500426787108597,0.8108596667468868,0.5649236083115013,0.37665263278555644,0.3815275262018543,0.5603286973970455,0.7743759363503113,0.9667016598216915,1.1151746784246603,1.2083062226923391,1,Mammalian
5.22,5.16758028680381,5.012064275611278,4.758618555336534,4.415647748996515,3.994495619410208,3.5090493092153285,2.975274915466754,2.4107387491746826,1.8342531576097298,1.2661665174890626,0.7324217634152738,0.31075212239905775,0.39483427752435335,0.7413978569554984,1.0496700631245839,1.2844454056128658,1.4371488219636548,1.5061104762149733,1.4939549593610286,1.4069221671464514,1.2546061837321227,1.0500426787108597,0.8108596667468868,0.5649236083115013,0.37665263278555644,0.3815275262018543,0.5603286973970455,0.7743759363503113,0.9667016598216915,1.1151746784246603,1.2083062226923391,0,E_coli
5.22,5.16758028680381,5.012064275611278,4.758618555336534,4.415647748996515,3.994495619410208,3.5090493092153285,2.975274915466754,2.4107387491746826,1.8342531576097298,1.2661665174890626,0.7324217634152738,0.31075212239905775,0.39483427752435335,0.7413978569554984,1.0496700631245839,1.2844454056128658,1.4371488219636548,1.5061104762149733,1.4939549593610286,1.4069221671464514,1.2546061837321227,1.0500426787108597,0.8108596667468868,0.5649236083115013,0.37665263278555644,0.3815275262018543,0.5603286973970455,0.7743759363503113,0.9667016598216915,1.1151746784246603,1.2083062226923391,1,Yeast
9.24,8.945686636953836,8.095664061176912,6.784447667518733,5.156061887550833,3.385998270526637,1.661551386231272,0.2558619052040635,1.076617944387546,1.8138406876649962,2.1009441563125155,1.9636498769272375,1.483913740909042,0.7871340400654646,0.21433140477915408,0.823107294148018,1.4029255147726125,1.7458410464920833,1.8069084931070676,1.5916990329081715,1.1500788343346373,0.581866806856039,0.3401900002617927,0.866878189540119,1.3806135599155667,1.7403205915637003,1.911247347557547,1.8961106326606527,1.7250926050802489,1.446856635616663,1.1219858012367443,0.830197193051376,2,Yeast
9.24,8.945686636953836,8.095664061176912,6.784447667518733,5.156061887550833,3.385998270526637,1.661551386231272,0.2558619052040635,1.076617944387546,1.8138406876649962,2.1009441563125155,1.9636498769272375,1.483913740909042,0.7871340400654646,0.21433140477915408,0.823107294148018,1.4029255147726125,1.7458410464920833,1.8069084931070676,1.5916990329081715,1.1500788343346373,0.581866806856039,0.3401900002617927,0.866878189540119,1.3806135599155667,1.7403205915637003,1.911247347557547,1.8961106326606527,1.7250926050802489,1.446856635616663,1.1219858012367443,0.830197193051376,1,Mammalian
9.24,8.945686636953836,8.095664061176912,6.784447667518733,5.156061887550833,3.385998270526637,1.661551386231272,0.2558619052040635,1.076617944387546,1.8138406876649962,2.1009441563125155,1.9636498769272375,1.483913740909042,0.7871340400654646,0.21433140477915408,0.823107294148018,1.4029255147726125,1.7458410464920833,1.8069084931070676,1.5916990329081715,1.1500788343346373,0.581866806856039,0.3401900002617927,0.866878189540119,1.3806135599155667,1.7403205915637003,1.911247347557547,1.8961106326606527,1.7250926050802489,1.446856635616663,1.1219858012367443,0.830197193051376,0,E_coli
8.76,8.467102736130416,7.621274395358993,6.3168469165230485,4.697435294243188,2.937511184754508,1.2203045117849811,0.2863153003122766,1.4452312560329312,2.174282744109543,2.4473034894202006,2.298793098953019,1.8199322699452916,1.1641626782510535,0.6682559076266302,0.9179176773722376,1.4199295757184582,1.7547810072639232,1.8265887929701414,1.6277065148883534,1.200541313726351,0.6255166815084773,0.1783844863582676,0.6938916919724721,1.1988772316569682,1.5457163327139678,1.7040483186682114,1.6774020086854031,1.4947403598104907,1.2001213390011092,0.8413945839040479,0.46670731824060785,1,Mammalian
8.48,8.190321261822435,7.3542910282277045,6.0668020375264415,4.473101961023793,2.7534289372658756,1.1283579075979457,0.6467814781039322,1.6313470978547662,2.2915517308675404,2.503132288332678,2.2878237899116267,1.725618837724465,0.9357921198142056,0.10079179293648528,0.7943681435247839,1.467310464761974,1.896013953149398,2.039120294359874,1.901824607175404,1.5314492700312443,1.0114439001136113,0.4822772581516846,0.4240449670564025,0.8152954349932496,1.1274150650200092,1.2758305330036672,1.2585594868039152,1.105740297943569,0.863880595588994,0.5808917184198202,0.29259830225174804,2,Yeast
8.48,8.190321261822435,7.3542910282277045,6.0668020375264415,4.473101961023793,2.7534289372658756,1.1283579075979457,0.6467814781039322,1.6313470978547662,2.2915517308675404,2.503132288332678,2.2878237899116267,1.725618837724465,0.9357921198142056,0.10079179293648528,0.7943681435247839,1.467310464761974,1.896013953149398,2.039120294359874,1.901824607175404,1.5314492700312443,1.0114439001136113,0.4822772581516846,0.4240449670564025,0.8152954349932496,1.1274150650200092,1.2758305330036672,1.2585594868039152,1.105740297943569,0.863880595588994,0.5808917184198202,0.29259830225174804,1,Mammalian
8.48,8.190321261822435,7.3542910282277045,6.0668020375264415,4.473101961023793,2.7534289372658756,1.1283579075979457,0.6467814781039322,1.6313470978547662,2.2915517308675404,2.503132288332678,2.2878237899116267,1.725618837724465,0.9357921198142056,0.10079179293648528,0.7943681435247839,1.467310464761974,1.896013953149398,2.039120294359874,1.901824607175404,1.5314492700312443,1.0114439001136113,0.4822772581516846,0.4240449670564025,0.8152954349932496,1.1274150650200092,1.2758305330036672,1.2585594868039152,1.105740297943569,0.863880595588994,0.5808917184198202,0.29259830225174804,0,E_coli
13.16,12.468150369968615,10.52540883747343,7.700896315909765,4.522135043789601,1.6099068000487675,1.119229336590138,2.375955927536531,2.7164912706469413,2.197913461792421,1.1367913820416347,0.3812795312654215,1.309679481154571,1.9533585471316763,2.0894434671186515,1.7777738802802536,1.2083873551142452,0.6504823096840662,0.4228914838694,0.4579599852216231,0.4724732001678676,0.6511196262755062,1.0176585200683033,1.3503075889762748,1.4994249486049545,1.430336424652376,1.2297527307211982,1.0796319152490401,1.0931621002833283,1.1540237819332475,1.116721987904875,0.9830505451129871,1,Mammalian
13.16,12.468150369968615,10.52540883747343,7.700896315909765,4.522135043789601,1.6099068000487675,1.119229336590138,2.375955927536531,2.7164912706469413,2.197913461792421,1.1367913820416347,0.3812795312654215,1.309679481154571,1.9533585471316763,2.0894434671186515,1.7777738802802536,1.2083873551142452,0.6504823096840662,0.4228914838694,0.4579599852216231,0.4724732001678676,0.6511196262755062,1.0176585200683033,1.3503075889762748,1.4994249486049545,1.430336424652376,1.2297527307211982,1.0796319152490401,1.0931621002833283,1.1540237819332475,1.116721987904875,0.9830505451129871,2,Yeast
13.16,12.468150369968615,10.52540883747343,7.700896315909765,4.522135043789601,1.6099068000487675,1.119229336590138,2.375955927536531,2.7164912706469413,2.197913461792421,1.1367913820416347,0.3812795312654215,1.309679481154571,1.9533585471316763,2.0894434671186515,1.7777738802802536,1.2083873551142452,0.6504823096840662,0.4228914838694,0.4579599852216231,0.4724732001678676,0.6511196262755062,1.0176585200683033,1.3503075889762748,1.4994249486049545,1.430336424652376,1.2297527307211982,1.0796319152490401,1.0931621002833283,1.1540237819332475,1.116721987904875,0.9830505451129871,0,E_coli
6.84,6.700698347945094,6.29191330601786,5.640318805346475,4.78814466165707,3.7900457600979927,2.7091665825451923,1.6131656517604496,0.5768660673679676,0.4212296921748945,1.187217216180491,1.7776915486617206,2.15719986193841,2.319950444737974,2.277181779587912,2.0546848476955426,1.6900887550658399,1.2299562315587231,0.7293342820747023,0.28820548101256216,0.3784881180796791,0.7355136897214443,1.0194399383636026,1.1935821933357018,1.25364490200352,1.2103427995136737,1.0859340765650305,0.9118059694461851,0.7261585220668463,0.5704092296096605,0.47703532396242765,0.4445373738775679,2,Yeast
20.6,17.42655661615304,9.644002312893617,2.0753987640810623,4.616053267295193,4.963455809761166,2.0618860033596627,1.1416062055552285,2.2199777937984035,0.7985793312524435,1.5824421211820974,2.8940115801068127,2.2215186074845765,0.573789049872294,1.557298105335066,1.5965303604275392,0.31016124838541625,1.7147087724993901,2.613520822374323,2.2406470345912886,1.4032077019842224,1.2154747780107078,0.999473345876389,0.790399181148712,1.3796008825171053,1.6914112714982423,1.5538447407309621,1.4357191279381363,1.390796698006332,1.1362930504113227,0.7369352114547386,0.3629774382680495,0,E_coli
20.6,17.42655661615304,9.644002312893617,2.0753987640810623,4.616053267295193,4.963455809761166,2.0618860033596627,1.1416062055552285,2.2199777937984035,0.7985793312524435,1.5824421211820974,2.8940115801068127,2.2215186074845765,0.573789049872294,1.557298105335066,1.5965303604275392,0.31016124838541625,1.7147087724993901,2.613520822374323,2.2406470345912886,1.4032077019842224,1.2154747780107078,0.999473345876389,0.790399181148712,1.3796008825171053,1.6914112714982423,1.5538447407309621,1.4357191279381363,1.390796698006332,1.1362930504113227,0.7369352114547386,0.3629774382680495,1,Mammalian
20.6,17.42655661615304,9.644002312893617,2.0753987640810623,4.616053267295193,4.963455809761166,2.0618860033596627,1.1416062055552285,2.2199777937984035,0.7985793312524435,1.5824421211820974,2.8940115801068127,2.2215186074845765,0.573789049872294,1.557298105335066,1.5965303604275392,0.31016124838541625,1.7147087724993901,2.613520822374323,2.2406470345912886,1.4032077019842224,1.2154747780107078,0.999473345876389,0.790399181148712,1.3796008825171053,1.6914112714982423,1.5538447407309621,1.4357191279381363,1.390796698006332,1.1362930504113227,0.7369352114547386,0.3629774382680495,2,Yeast
29.01,20.998522630515932,4.9012535120105705,5.080719813562605,3.6788823331106806,2.264029660329072,2.5510143616003127,1.4937074860658606,2.838761001133771,1.2650271476666664,2.80342183121374,1.4056062152787447,1.4825292280039808,1.3858183863183062,1.3127462175878948,2.2175511835375303,0.5797413216254304,1.745032111401448,0.657206376959131,1.5734786315929252,1.5303914166758343,1.9004417172981412,3.3339858067366746,1.8209338023917243,1.1278457245749514,1.9183706491434231,1.0599419724038923,0.6920406132543222,0.9743890285737887,1.8509218398336407,1.4636613597738628,1.4407859883654037,0,E_coli
29.01,20.998522630515932,4.9012535120105705,5.080719813562605,3.6788823331106806,2.264029660329072,2.5510143616003127,1.4937074860658606,2.838761001133771,1.2650271476666664,2.80342183121374,1.4056062152787447,1.4825292280039808,1.3858183863183062,1.3127462175878948,2.2175511835375303,0.5797413216254304,1.745032111401448,0.657206376959131,1.5734786315929252,1.5303914166758343,1.9004417172981412,3.3339858067366746,1.8209338023917243,1.1278457245749514,1.9183706491434231,1.0599419724038923,0.6920406132543222,0.9743890285737887,1.8509218398336407,1.4636613597738628,1.4407859883654037,2,Yeast
29.01,20.998522630515932,4.9012535120105705,5.080719813562605,3.6788823331106806,2.264029660329072,2.5510143616003127,1.4937074860658606,2.838761001133771,1.2650271476666664,2.80342183121374,1.4056062152787447,1.4825292280039808,1.3858183863183062,1.3127462175878948,2.2175511835375303,0.5797413216254304,1.745032111401448,0.657206376959131,1.5734786315929252,1.5303914166758343,1.9004417172981412,3.3339858067366746,1.8209338023917243,1.1278457245749514,1.9183706491434231,1.0599419724038923,0.6920406132543222,0.9743890285737887,1.8509218398336407,1.4636613597738628,1.4407859883654037,1,Mammalian
7.470000000000001,7.279546907990435,6.724926237499295,5.8546370145993984,4.744000943525693,3.4876733077143913,2.191099013465447,0.9684936891426773,0.31706272840789274,1.0750076052895656,1.6735809572323155,2.003493471410836,2.0764614851346583,1.9385427066517542,1.6633605506581077,1.3482938234798467,1.1042191811411357,1.0041436183471169,1.0037558289875124,0.9895671866139044,0.8855395510697709,0.6791854260540505,0.4409362840029656,0.4392602037802751,0.7459699901836152,1.0948467064769243,1.3683103667168084,1.5110240702664768,1.4955207962682595,1.3189755910284382,1.004284243153605,0.6105210553434627,1,Mammalian
7.470000000000001,7.279546907990435,6.724926237499295,5.8546370145993984,4.744000943525693,3.4876733077143913,2.191099013465447,0.9684936891426773,0.31706272840789274,1.0750076052895656,1.6735809572323155,2.003493471410836,2.0764614851346583,1.9385427066517542,1.6633605506581077,1.3482938234798467,1.1042191811411357,1.0041436183471169,1.0037558289875124,0.9895671866139044,0.8855395510697709,0.6791854260540505,0.4409362840029656,0.4392602037802751,0.7459699901836152,1.0948467064769243,1.3683103667168084,1.5110240702664768,1.4955207962682595,1.3189755910284382,1.004284243153605,0.6105210553434627,0,E_coli
11.32,10.635350292679474,8.737899326280276,6.056643368036051,3.1897631551810806,0.9058932067232163,1.3136491492573583,1.9304222375977746,1.675900707573172,0.8165716532300334,0.39754322753513094,1.22169232207559,1.6182143585365567,1.4565348523997268,0.8901052440145323,0.6154042696811011,1.2044085685513866,1.7095975651174338,1.8637514218571551,1.7216488152322442,1.521728771964897,1.513259925035629,1.649189556993172,1.7081611371122447,1.5941633599966294,1.3663422256742126,1.1555436431790467,1.0331513653778308,0.9389008724298681,0.7894609754487635,0.5751840093426392,0.3469512343972695,2,Yeast
11.32,10.635350292679474,8.737899326280276,6.056643368036051,3.1897631551810806,0.9058932067232163,1.3136491492573583,1.9304222375977746,1.675900707573172,0.8165716532300334,0.39754322753513094,1.22169232207559,1.6182143585365567,1.4565348523997268,0.8901052440145323,0.6154042696811011,1.2044085685513866,1.7095975651174338,1.8637514218571551,1.7216488152322442,1.521728771964897,1.513259925035629,1.649189556993172,1.7081611371122447,1.5941633599966294,1.3663422256742126,1.1555436431790467,1.0331513653778308,0.9389008724298681,0.7894609754487635,0.5751840093426392,0.3469512343972695,1,Mammalian
11.32,10.635350292679474,8.737899326280276,6.056643368036051,3.1897631551810806,0.9058932067232163,1.3136491492573583,1.9304222375977746,1.675900707573172,0.8165716532300334,0.39754322753513094,1.22169232207559,1.6182143585365567,1.4565348523997268,0.8901052440145323,0.6154042696811011,1.2044085685513866,1.7095975651174338,1.8637514218571551,1.7216488152322442,1.521728771964897,1.513259925035629,1.649189556993172,1.7081611371122447,1.5941633599966294,1.3663422256742126,1.1555436431790467,1.0331513653778308,0.9389008724298681,0.7894609754487635,0.5751840093426392,0.3469512343972695,0,E_coli
24.230000000000004,20.215063019282667,10.66056447315023,1.198391258642721,3.5925927278472916,2.929348022237621,0.41373769694473367,1.9143552324401356,0.9081274916467857,1.7149077637675723,2.8633651237165005,1.7489665620149335,0.5936177039736105,1.8468386686597524,1.195559141529563,0.6895737919463162,1.912302277360982,1.8218466207148736,1.1138647690283396,0.6975461990361498,0.5335408925726598,1.5487953282312916,1.9177346913031919,1.211738436629597,0.8728713873849436,1.0809161979133637,0.19905897373308606,1.5324473502612599,2.6606445890611954,2.474958826693871,1.1942106993278772,0.32888182009224914,2,Yeast
24.230000000000004,20.215063019282667,10.66056447315023,1.198391258642721,3.5925927278472916,2.929348022237621,0.41373769694473367,1.9143552324401356,0.9081274916467857,1.7149077637675723,2.8633651237165005,1.7489665620149335,0.5936177039736105,1.8468386686597524,1.195559141529563,0.6895737919463162,1.912302277360982,1.8218466207148736,1.1138647690283396,0.6975461990361498,0.5335408925726598,1.5487953282312916,1.9177346913031919,1.211738436629597,0.8728713873849436,1.0809161979133637,0.19905897373308606,1.5324473502612599,2.6606445890611954,2.474958826693871,1.1942106993278772,0.32888182009224914,0,E_coli
24.230000000000004,20.215063019282667,10.66056447315023,1.198391258642721,3.5925927278472916,2.929348022237621,0.41373769694473367,1.9143552324401356,0.9081274916467857,1.7149077637675723,2.8633651237165005,1.7489665620149335,0.5936177039736105,1.8468386686597524,1.195559141529563,0.6895737919463162,1.912302277360982,1.8218466207148736,1.1138647690283396,0.6975461990361498,0.5335408925726598,1.5487953282312916,1.9177346913031919,1.211738436629597,0.8728713873849436,1.0809161979133637,0.19905897373308606,1.5324473502612599,2.6606445890611954,2.474958826693871,1.1942106993278772,0.32888182009224914,1,Mammalian
20.19,17.164549139049818,9.689471763923343,1.580051206884806,3.4706241359822307,3.9440648685153197,1.144760171373819,2.098241532604526,3.3055687230839768,1.988026531977337,0.7576928235163545,2.4538693697895586,2.4293975560875793,1.0170961566187537,0.4414009313885413,0.7300677860024232,0.33060550509633085,1.6611949984410819,2.3606352767836443,1.9541354960877735,0.8877317847203827,0.01382594585625339,0.30185263908926235,0.8400514798912564,1.4649967293372925,1.5466232091730012,1.1077795953544338,1.095226365300601,1.57896418566428,1.6898924054770275,1.320847580731946,0.696006746163485,2,Yeast
20.19,17.164549139049818,9.689471763923343,1.580051206884806,3.4706241359822307,3.9440648685153197,1.144760171373819,2.098241532604526,3.3055687230839768,1.988026531977337,0.7576928235163545,2.4538693697895586,2.4293975560875793,1.0170961566187537,0.4414009313885413,0.7300677860024232,0.33060550509633085,1.6611949984410819,2.3606352767836443,1.9541354960877735,0.8877317847203827,0.01382594585625339,0.30185263908926235,0.8400514798912564,1.4649967293372925,1.5466232091730012,1.1077795953544338,1.095226365300601,1.57896418566428,1.6898924054770275,1.320847580731946,0.696006746163485,1,Mammalian
20.19,17.164549139049818,9.689471763923343,1.580051206884806,3.4706241359822307,3.9440648685153197,1.144760171373819,2.098241532604526,3.3055687230839768,1.988026531977337,0.7576928235163545,2.4538693697895586,2.4293975560875793,1.0170961566187537,0.4414009313885413,0.7300677860024232,0.33060550509633085,1.6611949984410819,2.3606352767836443,1.9541354960877735,0.8877317847203827,0.01382594585625339,0.30185263908926235,0.8400514798912564,1.4649967293372925,1.5466232091730012,1.1077795953544338,1.095226365300601,1.57896418566428,1.6898924054770275,1.320847580731946,0.696006746163485,0,E_coli
12.92,12.24969457554427,10.366968366161906,7.627675398213596,4.5378646524913835,1.6689864003152022,0.8844191490906711,2.1436184678976242,2.5139418875313004,2.055914633281326,1.06283544450191,0.16022041348058186,1.12264953107901,1.7317812662007321,1.8720990416778003,1.6192512723105223,1.1700427342623008,0.7852225215749346,0.636359840728284,0.5927729650332288,0.5820357668915482,0.771739263751106,1.099016278864581,1.3468965512282909,1.390430216197695,1.237417833427041,1.052224048170105,1.0722969646246268,1.2559764297534834,1.350279360122023,1.220094088228857,0.9087873543099805,0,E_coli
12.92,12.24969457554427,10.366968366161906,7.627675398213596,4.5378646524913835,1.6689864003152022,0.8844191490906711,2.1436184678976242,2.5139418875313004,2.055914633281326,1.06283544450191,0.16022041348058186,1.12264953107901,1.7317812662007321,1.8720990416778003,1.6192512723105223,1.1700427342623008,0.7852225215749346,0.636359840728284,0.5927729650332288,0.5820357668915482,0.771739263751106,1.099016278864581,1.3468965512282909,1.390430216197695,1.237417833427041,1.052224048170105,1.0722969646246268,1.2559764297534834,1.350279360122023,1.220094088228857,0.9087873543099805,2,Yeast
12.92,12.24969457554427,10.366968366161906,7.627675398213596,4.5378646524913835,1.6689864003152022,0.8844191490906711,2.1436184678976242,2.5139418875313004,2.055914633281326,1.06283544450191,0.16022041348058186,1.12264953107901,1.7317812662007321,1.8720990416778003,1.6192512723105223,1.1700427342623008,0.7852225215749346,0.636359840728284,0.5927729650332288,0.5820357668915482,0.771739263751106,1.099016278864581,1.3468965512282909,1.390430216197695,1.237417833427041,1.052224048170105,1.0722969646246268,1.2559764297534834,1.350279360122023,1.220094088228857,0.9087873543099805,1,Mammalian
12.92,12.249131447557785,10.364824008662119,7.623239599646624,4.530890037410236,1.659949716325178,0.8918318098885819,2.1532703651511462,2.522184468274097,2.061011528903421,1.0640031692333187,0.17926052613501642,1.1385105230107846,1.752911612399507,1.8972601267797848,1.6450992013874517,1.1900420160649796,0.7876558284314173,0.6162179618838789,0.563266036889901,0.5518742106614851,0.7435214774313792,1.0683167871226018,1.3117302334447958,1.3540256674069782,1.2094028611903591,1.050059041941928,1.1015204908813223,1.2951695307939954,1.3814984660137926,1.2324411684802439,0.8926173254395066,0,E_coli
12.92,12.249131447557785,10.364824008662119,7.623239599646624,4.530890037410236,1.659949716325178,0.8918318098885819,2.1532703651511462,2.522184468274097,2.061011528903421,1.0640031692333187,0.17926052613501642,1.1385105230107846,1.752911612399507,1.8972601267797848,1.6450992013874517,1.1900420160649796,0.7876558284314173,0.6162179618838789,0.563266036889901,0.5518742106614851,0.7435214774313792,1.0683167871226018,1.3117302334447958,1.3540256674069782,1.2094028611903591,1.050059041941928,1.1015204908813223,1.2951695307939954,1.3814984660137926,1.2324411684802439,0.8926173254395066,2,Yeast
12.92,12.249131447557785,10.364824008662119,7.623239599646624,4.530890037410236,1.659949716325178,0.8918318098885819,2.1532703651511462,2.522184468274097,2.061011528903421,1.0640031692333187,0.17926052613501642,1.1385105230107846,1.752911612399507,1.8972601267797848,1.6450992013874517,1.1900420160649796,0.7876558284314173,0.6162179618838789,0.563266036889901,0.5518742106614851,0.7435214774313792,1.0683167871226018,1.3117302334447958,1.3540256674069782,1.2094028611903591,1.050059041941928,1.1015204908813223,1.2951695307939954,1.3814984660137926,1.2324411684802439,0.8926173254395066,1,Mammalian
13.18,12.506138215803114,10.613221328717891,7.8588297261550535,4.7538009614654015,1.8910008799282374,0.9362107558988046,2.1145409068384704,2.5037586097740725,2.076490802502699,1.1159877963135096,0.10125222407880986,1.001201330859767,1.580207243248095,1.6920584360756057,1.4135734663262405,0.9500526301210899,0.6093708755286644,0.5897141189676774,0.6118847349699373,0.5611671843240493,0.6660793327820556,0.9685892142296869,1.2374163375858263,1.3379061342195147,1.2854780441307896,1.232500383817355,1.3235966500353853,1.4756909246495589,1.490929313084452,1.2560123134069554,0.7993716109646846,2,Yeast
13.18,12.506138215803114,10.613221328717891,7.8588297261550535,4.7538009614654015,1.8910008799282374,0.9362107558988046,2.1145409068384704,2.5037586097740725,2.076490802502699,1.1159877963135096,0.10125222407880986,1.001201330859767,1.580207243248095,1.6920584360756057,1.4135734663262405,0.9500526301210899,0.6093708755286644,0.5897141189676774,0.6118847349699373,0.5611671843240493,0.6660793327820556,0.9685892142296869,1.2374163375858263,1.3379061342195147,1.2854780441307896,1.232500383817355,1.3235966500353853,1.4756909246495589,1.490929313084452,1.2560123134069554,0.7993716109646846,0,E_coli
13.18,12.506138215803114,10.613221328717891,7.8588297261550535,4.7538009614654015,1.8910008799282374,0.9362107558988046,2.1145409068384704,2.5037586097740725,2.076490802502699,1.1159877963135096,0.10125222407880986,1.001201330859767,1.580207243248095,1.6920584360756057,1.4135734663262405,0.9500526301210899,0.6093708755286644,0.5897141189676774,0.6118847349699373,0.5611671843240493,0.6660793327820556,0.9685892142296869,1.2374163375858263,1.3379061342195147,1.2854780441307896,1.232500383817355,1.3235966500353853,1.4756909246495589,1.490929313084452,1.2560123134069554,0.7993716109646846,1,Mammalian
13.23,12.558262292040675,10.671503082186668,7.926465030488627,4.83124605911826,1.961465219404984,0.7823467574737855,1.9351117332726464,2.3025721166841375,1.849798538642748,0.862924045719267,0.3107863620226923,1.29841191430614,1.8961483539418285,2.017573869985453,1.73244732447116,1.2224974437601088,0.7197559604909326,0.4241055248409441,0.33073150362069553,0.3830374264351613,0.6705653078063506,1.0225276801527665,1.2481873089213598,1.241435317472777,1.0134449183292957,0.7599735253972726,0.8430190194282381,1.1532867583528732,1.3488351255886768,1.3102385951566826,1.1035999107445291,0,E_coli
13.23,12.558262292040675,10.671503082186668,7.926465030488627,4.83124605911826,1.961465219404984,0.7823467574737855,1.9351117332726464,2.3025721166841375,1.849798538642748,0.862924045719267,0.3107863620226923,1.29841191430614,1.8961483539418285,2.017573869985453,1.73244732447116,1.2224974437601088,0.7197559604909326,0.4241055248409441,0.33073150362069553,0.3830374264351613,0.6705653078063506,1.0225276801527665,1.2481873089213598,1.241435317472777,1.0134449183292957,0.7599735253972726,0.8430190194282381,1.1532867583528732,1.3488351255886768,1.3102385951566826,1.1035999107445291,1,Mammalian
13.23,12.558262292040675,10.671503082186668,7.926465030488627,4.83124605911826,1.961465219404984,0.7823467574737855,1.9351117332726464,2.3025721166841375,1.849798538642748,0.862924045719267,0.3107863620226923,1.29841191430614,1.8961483539418285,2.017573869985453,1.73244732447116,1.2224974437601088,0.7197559604909326,0.4241055248409441,0.33073150362069553,0.3830374264351613,0.6705653078063506,1.0225276801527665,1.2481873089213598,1.241435317472777,1.0134449183292957,0.7599735253972726,0.8430190194282381,1.1532867583528732,1.3488351255886768,1.3102385951566826,1.1035999107445291,2,Yeast
12.690000000000001,12.018909718794276,10.134100831995895,7.3924165403965825,4.302969143383893,1.4622114838598652,1.1372877321033283,2.4112727075225586,2.7802848554550716,2.3187129409805682,1.3182270335760418,0.15416776518428896,0.8739453439939848,1.4924326925037195,1.6396800744156927,1.3899094372530307,0.9400531899844821,0.5726449102104996,0.49408669147900175,0.4701176460377142,0.3776139429501974,0.5135528276241331,0.8466682791806427,1.0941208980362878,1.1286346275598558,0.9688644678649185,0.8250680037773463,0.9724532602795811,1.263045445297566,1.4202178104391798,1.339327308142538,1.0888228566035587,0,E_coli
12.690000000000001,12.018909718794276,10.134100831995895,7.3924165403965825,4.302969143383893,1.4622114838598652,1.1372877321033283,2.4112727075225586,2.7802848554550716,2.3187129409805682,1.3182270335760418,0.15416776518428896,0.8739453439939848,1.4924326925037195,1.6396800744156927,1.3899094372530307,0.9400531899844821,0.5726449102104996,0.49408669147900175,0.4701176460377142,0.3776139429501974,0.5135528276241331,0.8466682791806427,1.0941208980362878,1.1286346275598558,0.9688644678649185,0.8250680037773463,0.9724532602795811,1.263045445297566,1.4202178104391798,1.339327308142538,1.0888228566035587,2,Yeast
12.690000000000001,12.018909718794276,10.134100831995895,7.3924165403965825,4.302969143383893,1.4622114838598652,1.1372877321033283,2.4112727075225586,2.7802848554550716,2.3187129409805682,1.3182270335760418,0.15416776518428896,0.8739453439939848,1.4924326925037195,1.6396800744156927,1.3899094372530307,0.9400531899844821,0.5726449102104996,0.49408669147900175,0.4701176460377142,0.3776139429501974,0.5135528276241331,0.8466682791806427,1.0941208980362878,1.1286346275598558,0.9688644678649185,0.8250680037773463,0.9724532602795811,1.263045445297566,1.4202178104391798,1.339327308142538,1.0888228566035587,1,Mammalian
13.18,12.505862692965758,10.611667440821309,7.853104364602142,4.734339138688122,1.8077906188681365,0.6686640393257854,1.9915212611941606,2.403513641613347,1.98624146316121,1.0516810375248176,0.39473506857890767,1.193737181814649,1.7675098490688927,1.8922865488641338,1.6396625254990151,1.2159769734661923,0.8926430966534772,0.7961483200047363,0.7459654805353577,0.6494503923959525,0.6891364545720052,0.9279566607133217,1.1402669091909128,1.1745306188339877,1.0429821694529935,0.9427126380763401,1.0918824582015836,1.353823713950885,1.4813494100006077,1.3722092809140294,1.0943135031910005,2,Yeast
13.18,12.505862692965758,10.611667440821309,7.853104364602142,4.734339138688122,1.8077906188681365,0.6686640393257854,1.9915212611941606,2.403513641613347,1.98624146316121,1.0516810375248176,0.39473506857890767,1.193737181814649,1.7675098490688927,1.8922865488641338,1.6396625254990151,1.2159769734661923,0.8926430966534772,0.7961483200047363,0.7459654805353577,0.6494503923959525,0.6891364545720052,0.9279566607133217,1.1402669091909128,1.1745306188339877,1.0429821694529935,0.9427126380763401,1.0918824582015836,1.353823713950885,1.4813494100006077,1.3722092809140294,1.0943135031910005,1,Mammalian
13.18,12.505862692965758,10.611667440821309,7.853104364602142,4.734339138688122,1.8077906188681365,0.6686640393257854,1.9915212611941606,2.403513641613347,1.98624146316121,1.0516810375248176,0.39473506857890767,1.193737181814649,1.7675098490688927,1.8922865488641338,1.6396625254990151,1.2159769734661923,0.8926430966534772,0.7961483200047363,0.7459654805353577,0.6494503923959525,0.6891364545720052,0.9279566607133217,1.1402669091909128,1.1745306188339877,1.0429821694529935,0.9427126380763401,1.0918824582015836,1.353823713950885,1.4813494100006077,1.3722092809140294,1.0943135031910005,0,E_coli
13.52,12.831400803222149,10.894507951200882,8.06683231499706,4.854134849697281,1.7987983184745664,0.63632710801903,2.1582188972436667,2.6942115983940336,2.38462318179416,1.5355749013780045,0.6111779009118945,0.7238129428090936,1.2101970391278258,1.3151177052541096,1.056948881847966,0.6100819617067861,0.24657985622201095,0.2488783004823823,0.18006190190589522,0.14730314364745328,0.6411719152802792,1.1462535248659922,1.5012015781187478,1.6035036211618205,1.4524545580867438,1.1742119416399264,1.0022039292663334,1.0414276108534752,1.0816390220608596,0.9262009613455628,0.5427616617489939,2,Yeast
13.52,12.831400803222149,10.894507951200882,8.06683231499706,4.854134849697281,1.7987983184745664,0.63632710801903,2.1582188972436667,2.6942115983940336,2.38462318179416,1.5355749013780045,0.6111779009118945,0.7238129428090936,1.2101970391278258,1.3151177052541096,1.056948881847966,0.6100819617067861,0.24657985622201095,0.2488783004823823,0.18006190190589522,0.14730314364745328,0.6411719152802792,1.1462535248659922,1.5012015781187478,1.6035036211618205,1.4524545580867438,1.1742119416399264,1.0022039292663334,1.0414276108534752,1.0816390220608596,0.9262009613455628,0.5427616617489939,1,Mammalian
13.52,12.831400803222149,10.894507951200882,8.06683231499706,4.854134849697281,1.7987983184745664,0.63632710801903,2.1582188972436667,2.6942115983940336,2.38462318179416,1.5355749013780045,0.6111779009118945,0.7238129428090936,1.2101970391278258,1.3151177052541096,1.056948881847966,0.6100819617067861,0.24657985622201095,0.2488783004823823,0.18006190190589522,0.14730314364745328,0.6411719152802792,1.1462535248659922,1.5012015781187478,1.6035036211618205,1.4524545580867438,1.1742119416399264,1.0022039292663334,1.0414276108534752,1.0816390220608596,0.9262009613455628,0.5427616617489939,0,E_coli
12.9,12.230950226470355,10.351967465503298,7.618935436981392,4.53859158379079,1.6890193684993664,0.9118997602347203,2.141098782673258,2.5010425973171433,2.036880083932923,1.0415074937314641,0.19928798565139536,1.1528676452338946,1.7596798726988656,1.8975236354709888,1.6422136428974274,1.1910499569707398,0.8033345240490931,0.645218184210234,0.5848242180187208,0.5484388057642521,0.7237669523783837,1.0519841475886091,1.3032221327381919,1.3501058945153617,1.2008210271543938,1.0221066589291616,1.052466413147591,1.2416511202621052,1.3340050532450993,1.1954059726865236,0.8668537565633361,0,E_coli
12.9,12.230950226470355,10.351967465503298,7.618935436981392,4.53859158379079,1.6890193684993664,0.9118997602347203,2.141098782673258,2.5010425973171433,2.036880083932923,1.0415074937314641,0.19928798565139536,1.1528676452338946,1.7596798726988656,1.8975236354709888,1.6422136428974274,1.1910499569707398,0.8033345240490931,0.645218184210234,0.5848242180187208,0.5484388057642521,0.7237669523783837,1.0519841475886091,1.3032221327381919,1.3501058945153617,1.2008210271543938,1.0221066589291616,1.052466413147591,1.2416511202621052,1.3340050532450993,1.1954059726865236,0.8668537565633361,2,Yeast
12.9,12.230950226470355,10.351967465503298,7.618935436981392,4.53859158379079,1.6890193684993664,0.9118997602347203,2.141098782673258,2.5010425973171433,2.036880083932923,1.0415074937314641,0.19928798565139536,1.1528676452338946,1.7596798726988656,1.8975236354709888,1.6422136428974274,1.1910499569707398,0.8033345240490931,0.645218184210234,0.5848242180187208,0.5484388057642521,0.7237669523783837,1.0519841475886091,1.3032221327381919,1.3501058945153617,1.2008210271543938,1.0221066589291616,1.052466413147591,1.2416511202621052,1.3340050532450993,1.1954059726865236,0.8668537565633361,1,Mammalian
13.420000000000002,12.703329302182809,10.689386107472123,7.75582911668374,4.438102510261939,1.3193559845310852,1.1707726815228092,2.619457440708466,3.007684024444719,2.47648119810115,1.3533096459329883,0.3491004039264846,1.2926363223128954,2.051241933819069,2.302480828281132,2.1060143981399047,1.6700299398513796,1.2795359650794187,1.1158461406895734,1.0526355323763177,0.9134162485213171,0.7401536899384695,0.7267386830642779,0.855250529978744,0.9094156415523235,0.7992631123970803,0.6170462599985195,0.6165944631040543,0.8042438707141679,0.9139316730974428,0.8115683588413353,0.5021407782003265,0,E_coli
13.420000000000002,12.703329302182809,10.689386107472123,7.75582911668374,4.438102510261939,1.3193559845310852,1.1707726815228092,2.619457440708466,3.007684024444719,2.47648119810115,1.3533096459329883,0.3491004039264846,1.2926363223128954,2.051241933819069,2.302480828281132,2.1060143981399047,1.6700299398513796,1.2795359650794187,1.1158461406895734,1.0526355323763177,0.9134162485213171,0.7401536899384695,0.7267386830642779,0.855250529978744,0.9094156415523235,0.7992631123970803,0.6170462599985195,0.6165944631040543,0.8042438707141679,0.9139316730974428,0.8115683588413353,0.5021407782003265,2,Yeast
13.420000000000002,12.703329302182809,10.689386107472123,7.75582911668374,4.438102510261939,1.3193559845310852,1.1707726815228092,2.619457440708466,3.007684024444719,2.47648119810115,1.3533096459329883,0.3491004039264846,1.2926363223128954,2.051241933819069,2.302480828281132,2.1060143981399047,1.6700299398513796,1.2795359650794187,1.1158461406895734,1.0526355323763177,0.9134162485213171,0.7401536899384695,0.7267386830642779,0.855250529978744,0.9094156415523235,0.7992631123970803,0.6170462599985195,0.6165944631040543,0.8042438707141679,0.9139316730974428,0.8115683588413353,0.5021407782003265,1,Mammalian
13.18,12.474529919702666,10.495440111465419,7.623533447293663,4.399106548858041,1.4349412367241565,1.109605184279852,2.3884608553883098,2.678998050112889,2.099902121663604,0.9767830793391632,0.29661626994075185,1.3543525572454491,1.9639060654054348,2.0556987996124674,1.7297592461912676,1.2159769734661923,0.8045938835554487,0.6365363990388506,0.4956528589731425,0.33551220840815976,0.6338696130872598,1.1218606007336798,1.4774200639747201,1.579420604997713,1.4506843441114272,1.2796758198175318,1.3138573719342226,1.5097755728869375,1.6075753304506402,1.4632807195630804,1.1317538271107637,0,E_coli
13.18,12.474529919702666,10.495440111465419,7.623533447293663,4.399106548858041,1.4349412367241565,1.109605184279852,2.3884608553883098,2.678998050112889,2.099902121663604,0.9767830793391632,0.29661626994075185,1.3543525572454491,1.9639060654054348,2.0556987996124674,1.7297592461912676,1.2159769734661923,0.8045938835554487,0.6365363990388506,0.4956528589731425,0.33551220840815976,0.6338696130872598,1.1218606007336798,1.4774200639747201,1.579420604997713,1.4506843441114272,1.2796758198175318,1.3138573719342226,1.5097755728869375,1.6075753304506402,1.4632807195630804,1.1317538271107637,2,Yeast
13.18,12.474529919702666,10.495440111465419,7.623533447293663,4.399106548858041,1.4349412367241565,1.109605184279852,2.3884608553883098,2.678998050112889,2.099902121663604,0.9767830793391632,0.29661626994075185,1.3543525572454491,1.9639060654054348,2.0556987996124674,1.7297592461912676,1.2159769734661923,0.8045938835554487,0.6365363990388506,0.4956528589731425,0.33551220840815976,0.6338696130872598,1.1218606007336798,1.4774200639747201,1.579420604997713,1.4506843441114272,1.2796758198175318,1.3138573719342226,1.5097755728869375,1.6075753304506402,1.4632807195630804,1.1317538271107637,1,Mammalian
12.030000000000001,11.359934359061155,9.47854451907251,6.744359421431192,3.6749968064256087,1.002695527489819,1.7766047004935241,3.070623069884277,3.4337510473436117,2.9658306148624614,1.959848748804949,0.7849279054551409,0.27429911802470935,0.8726036500838213,1.0143683484266575,0.7511793908906655,0.28017851452243825,0.32551245792204214,0.6494687916931744,0.7130142252332119,0.5067866863870197,0.14769097872201142,0.28823307613100857,0.528067042275889,0.524932133581719,0.3089830576976268,0.44112477053216437,0.9709348481017869,1.452833686666616,1.7333756630036967,1.774553519318655,1.6645783441121111,1,Mammalian
12.030000000000001,11.359934359061155,9.47854451907251,6.744359421431192,3.6749968064256087,1.002695527489819,1.7766047004935241,3.070623069884277,3.4337510473436117,2.9658306148624614,1.959848748804949,0.7849279054551409,0.27429911802470935,0.8726036500838213,1.0143683484266575,0.7511793908906655,0.28017851452243825,0.32551245792204214,0.6494687916931744,0.7130142252332119,0.5067866863870197,0.14769097872201142,0.28823307613100857,0.528067042275889,0.524932133581719,0.3089830576976268,0.44112477053216437,0.9709348481017869,1.452833686666616,1.7333756630036967,1.774553519318655,1.6645783441121111,0,E_coli
12.030000000000001,11.359934359061155,9.47854451907251,6.744359421431192,3.6749968064256087,1.002695527489819,1.7766047004935241,3.070623069884277,3.4337510473436117,2.9658306148624614,1.959848748804949,0.7849279054551409,0.27429911802470935,0.8726036500838213,1.0143683484266575,0.7511793908906655,0.28017851452243825,0.32551245792204214,0.6494687916931744,0.7130142252332119,0.5067866863870197,0.14769097872201142,0.28823307613100857,0.528067042275889,0.524932133581719,0.3089830576976268,0.44112477053216437,0.9709348481017869,1.452833686666616,1.7333756630036967,1.774553519318655,1.6645783441121111,2,Yeast
21.16,17.988471652352764,10.166194492303074,2.0737095018978935,4.199728711749697,4.856341884772044,2.2049151594494347,1.2481669505045723,2.653912769979497,1.9167303243415326,0.26386581711552703,0.6666684813567405,0.4737213695107269,1.5665164565891787,2.5492350634636347,2.418880286767817,1.5702865980450822,0.8651897813238709,0.1786141112864282,1.6019142632078647,3.0205540457304996,3.4059412279238224,2.5857670837248365,1.4187971623380278,1.2491385068677356,1.588790389557461,1.927173904650656,2.0144114618224864,1.4010424935009038,0.2796393363259496,0.8958350491414644,1.369734035188655,0,E_coli
21.16,17.988471652352764,10.166194492303074,2.0737095018978935,4.199728711749697,4.856341884772044,2.2049151594494347,1.2481669505045723,2.653912769979497,1.9167303243415326,0.26386581711552703,0.6666684813567405,0.4737213695107269,1.5665164565891787,2.5492350634636347,2.418880286767817,1.5702865980450822,0.8651897813238709,0.1786141112864282,1.6019142632078647,3.0205540457304996,3.4059412279238224,2.5857670837248365,1.4187971623380278,1.2491385068677356,1.588790389557461,1.927173904650656,2.0144114618224864,1.4010424935009038,0.2796393363259496,0.8958350491414644,1.369734035188655,2,Yeast
21.16,17.988471652352764,10.166194492303074,2.0737095018978935,4.199728711749697,4.856341884772044,2.2049151594494347,1.2481669505045723,2.653912769979497,1.9167303243415326,0.26386581711552703,0.6666684813567405,0.4737213695107269,1.5665164565891787,2.5492350634636347,2.418880286767817,1.5702865980450822,0.8651897813238709,0.1786141112864282,1.6019142632078647,3.0205540457304996,3.4059412279238224,2.5857670837248365,1.4187971623380278,1.2491385068677356,1.588790389557461,1.927173904650656,2.0144114618224864,1.4010424935009038,0.2796393363259496,0.8958350491414644,1.369734035188655,1,Mammalian
21.439999999999998,18.21792347302666,10.229830117362456,1.4708642290529197,4.163390751866546,5.064963207451158,2.4910247961909477,0.702582258589692,2.0920756275133017,1.1718337790249618,0.7870514843161558,2.014644816222844,1.6545582264419831,0.24939222114567094,0.9244022411551254,0.9602590721508059,0.0,1.066561345382399,1.5173856792167162,1.5570037749956653,1.706693003472727,1.4722789058443393,0.5011480724340294,0.7045848543464849,1.3481912211421736,1.1120055895755552,0.6478897234868869,0.8119762966541386,0.5856735562431625,0.16619750267976457,0.8306815927013235,0.9166919444659213,1,Mammalian
21.439999999999998,18.21792347302666,10.229830117362456,1.4708642290529197,4.163390751866546,5.064963207451158,2.4910247961909477,0.702582258589692,2.0920756275133017,1.1718337790249618,0.7870514843161558,2.014644816222844,1.6545582264419831,0.24939222114567094,0.9244022411551254,0.9602590721508059,0.0,1.066561345382399,1.5173856792167162,1.5570037749956653,1.706693003472727,1.4722789058443393,0.5011480724340294,0.7045848543464849,1.3481912211421736,1.1120055895755552,0.6478897234868869,0.8119762966541386,0.5856735562431625,0.16619750267976457,0.8306815927013235,0.9166919444659213,0,E_coli
21.439999999999998,18.21792347302666,10.229830117362456,1.4708642290529197,4.163390751866546,5.064963207451158,2.4910247961909477,0.702582258589692,2.0920756275133017,1.1718337790249618,0.7870514843161558,2.014644816222844,1.6545582264419831,0.24939222114567094,0.9244022411551254,0.9602590721508059,0.0,1.066561345382399,1.5173856792167162,1.5570037749956653,1.706693003472727,1.4722789058443393,0.5011480724340294,0.7045848543464849,1.3481912211421736,1.1120055895755552,0.6478897234868869,0.8119762966541386,0.5856735562431625,0.16619750267976457,0.8306815927013235,0.9166919444659213,2,Yeast
9.46,9.166760663719378,8.318530624578015,7.00571997570883,5.366114472309488,3.567748479512893,1.790955974999321,0.3141908213831746,1.1753227522036855,2.0769076575744574,2.5725839025270134,2.6818128823192926,2.478162704769288,2.071201025250429,1.5889902202432373,1.1557693191996297,0.8514693182963201,0.6527026463931533,0.4582004369019563,0.24467315128630474,0.35210303858077024,0.7227856667423406,1.0841417634348582,1.3380436734590597,1.423171257492349,1.3103115871711848,1.0063609721481797,0.5575664978523331,0.17535258476404897,0.5975112054798689,1.057058975714388,1.3696777457815585,1,Mammalian
9.46,9.166760663719378,8.318530624578015,7.00571997570883,5.366114472309488,3.567748479512893,1.790955974999321,0.3141908213831746,1.1753227522036855,2.0769076575744574,2.5725839025270134,2.6818128823192926,2.478162704769288,2.071201025250429,1.5889902202432373,1.1557693191996297,0.8514693182963201,0.6527026463931533,0.4582004369019563,0.24467315128630474,0.35210303858077024,0.7227856667423406,1.0841417634348582,1.3380436734590597,1.423171257492349,1.3103115871711848,1.0063609721481797,0.5575664978523331,0.17535258476404897,0.5975112054798689,1.057058975714388,1.3696777457815585,0,E_coli
9.46,9.166760663719378,8.318530624578015,7.00571997570883,5.366114472309488,3.567748479512893,1.790955974999321,0.3141908213831746,1.1753227522036855,2.0769076575744574,2.5725839025270134,2.6818128823192926,2.478162704769288,2.071201025250429,1.5889902202432373,1.1557693191996297,0.8514693182963201,0.6527026463931533,0.4582004369019563,0.24467315128630474,0.35210303858077024,0.7227856667423406,1.0841417634348582,1.3380436734590597,1.423171257492349,1.3103115871711848,1.0063609721481797,0.5575664978523331,0.17535258476404897,0.5975112054798689,1.057058975714388,1.3696777457815585,2,Yeast
41.769999999999996,24.55028280615428,2.479280386846841,6.9318884868559145,2.3563912718947155,2.512449272417884,2.7395404130759022,0.468937720329315,3.2370828300458747,1.0820161472320726,2.5800113009134082,1.9669733298615817,0.288807413454733,1.8112739436349157,0.736862222260358,0.5455861114384806,1.3514806694881003,1.919395024562752,1.6145424639105113,1.5368771006509239,1.7197513140662397,1.9887162251943957,0.78831549502113,0.2981679862444966,2.100546298328648,1.4260824521028845,1.8659977737035123,2.159279834935038,1.9680614496095976,1.1727785048229933,0.7648048523368718,1.3382588845790049,1,Mammalian
41.769999999999996,24.55028280615428,2.479280386846841,6.9318884868559145,2.3563912718947155,2.512449272417884,2.7395404130759022,0.468937720329315,3.2370828300458747,1.0820161472320726,2.5800113009134082,1.9669733298615817,0.288807413454733,1.8112739436349157,0.736862222260358,0.5455861114384806,1.3514806694881003,1.919395024562752,1.6145424639105113,1.5368771006509239,1.7197513140662397,1.9887162251943957,0.78831549502113,0.2981679862444966,2.100546298328648,1.4260824521028845,1.8659977737035123,2.159279834935038,1.9680614496095976,1.1727785048229933,0.7648048523368718,1.3382588845790049,2,Yeast
41.769999999999996,24.55028280615428,2.479280386846841,6.9318884868559145,2.3563912718947155,2.512449272417884,2.7395404130759022,0.468937720329315,3.2370828300458747,1.0820161472320726,2.5800113009134082,1.9669733298615817,0.288807413454733,1.8112739436349157,0.736862222260358,0.5455861114384806,1.3514806694881003,1.919395024562752,1.6145424639105113,1.5368771006509239,1.7197513140662397,1.9887162251943957,0.78831549502113,0.2981679862444966,2.100546298328648,1.4260824521028845,1.8659977737035123,2.159279834935038,1.9680614496095976,1.1727785048229933,0.7648048523368718,1.3382588845790049,0,E_coli
21.360000000000003,18.145831657657293,10.218408416302227,1.7996235749947225,3.8688579398161442,4.327063983882444,1.3925500369111325,2.4440712680548473,4.071390203984935,3.2387009257454706,1.2168738844851992,0.9689950991552668,1.5841100357976092,1.752672467875418,1.5983490990667757,1.0741611446729313,1.7507141400011608,2.5569000361126446,2.164776000657693,1.1941846222367554,1.9314747196134905,2.4793361083020744,1.8216633637288833,0.7059588607975046,0.810544142471901,0.7811680365726206,0.4374025828819334,0.7669602734879786,0.8054433831752947,0.8310895895094089,1.139385086713731,1.0249398018253268,0,E_coli
21.360000000000003,18.145831657657293,10.218408416302227,1.7996235749947225,3.8688579398161442,4.327063983882444,1.3925500369111325,2.4440712680548473,4.071390203984935,3.2387009257454706,1.2168738844851992,0.9689950991552668,1.5841100357976092,1.752672467875418,1.5983490990667757,1.0741611446729313,1.7507141400011608,2.5569000361126446,2.164776000657693,1.1941846222367554,1.9314747196134905,2.4793361083020744,1.8216633637288833,0.7059588607975046,0.810544142471901,0.7811680365726206,0.4374025828819334,0.7669602734879786,0.8054433831752947,0.8310895895094089,1.139385086713731,1.0249398018253268,2,Yeast
21.360000000000003,18.145831657657293,10.218408416302227,1.7996235749947225,3.8688579398161442,4.327063983882444,1.3925500369111325,2.4440712680548473,4.071390203984935,3.2387009257454706,1.2168738844851992,0.9689950991552668,1.5841100357976092,1.752672467875418,1.5983490990667757,1.0741611446729313,1.7507141400011608,2.5569000361126446,2.164776000657693,1.1941846222367554,1.9314747196134905,2.4793361083020744,1.8216633637288833,0.7059588607975046,0.810544142471901,0.7811680365726206,0.4374025828819334,0.7669602734879786,0.8054433831752947,0.8310895895094089,1.139385086713731,1.0249398018253268,1,Mammalian
18.689999999999998,16.521207788776216,10.912465375451218,4.14033212695646,1.7418986247826656,4.241022774649131,3.8769065576452992,1.7207154386409225,0.5773821240355478,1.7809917385566316,1.7419801820401706,1.3368002024038985,1.3962444268802903,1.2929457764640373,0.9158246464909202,0.9765290338615442,1.0901834707974616,0.9568864768570271,1.2409257172025945,1.6112220668982056,1.3496146208260829,0.39959973899724666,0.789373247471781,1.6141526081083883,1.7233774638320531,1.2020011546519935,0.522667675961404,0.607923831108206,1.054149447013305,1.352006727811193,1.326603548989083,0.8480483297051391,0,E_coli
18.689999999999998,16.521207788776216,10.912465375451218,4.14033212695646,1.7418986247826656,4.241022774649131,3.8769065576452992,1.7207154386409225,0.5773821240355478,1.7809917385566316,1.7419801820401706,1.3368002024038985,1.3962444268802903,1.2929457764640373,0.9158246464909202,0.9765290338615442,1.0901834707974616,0.9568864768570271,1.2409257172025945,1.6112220668982056,1.3496146208260829,0.39959973899724666,0.789373247471781,1.6141526081083883,1.7233774638320531,1.2020011546519935,0.522667675961404,0.607923831108206,1.054149447013305,1.352006727811193,1.326603548989083,0.8480483297051391,1,Mammalian
18.689999999999998,16.521207788776216,10.912465375451218,4.14033212695646,1.7418986247826656,4.241022774649131,3.8769065576452992,1.7207154386409225,0.5773821240355478,1.7809917385566316,1.7419801820401706,1.3368002024038985,1.3962444268802903,1.2929457764640373,0.9158246464909202,0.9765290338615442,1.0901834707974616,0.9568864768570271,1.2409257172025945,1.6112220668982056,1.3496146208260829,0.39959973899724666,0.789373247471781,1.6141526081083883,1.7233774638320531,1.2020011546519935,0.522667675961404,0.607923831108206,1.054149447013305,1.352006727811193,1.326603548989083,0.8480483297051391,2,Yeast
8.76,8.467102736130416,7.621274395358993,6.3168469165230485,4.697435294243188,2.937511184754508,1.2203045117849811,0.2863153003122766,1.4452312560329312,2.174282744109543,2.4473034894202006,2.298793098953019,1.8199322699452916,1.1641626782510535,0.6682559076266302,0.9179176773722376,1.4199295757184582,1.7547810072639232,1.8265887929701414,1.6277065148883534,1.200541313726351,0.6255166815084773,0.1783844863582676,0.6938916919724721,1.1988772316569682,1.5457163327139678,1.7040483186682114,1.6774020086854031,1.4947403598104907,1.2001213390011092,0.8413945839040479,0.46670731824060785,0,E_coli
