p_0,p_1,p_2,p_3,p_4,p_5,p_6,p_7,p_8,p_9,p_10,p_11,p_12,p_13,p_14,p_15,p_16,p_17,p_18,p_19,p_20,p_21,p_22,p_23,p_24,p_25,p_26,p_27,p_28,p_29,p_30,p_31,p_32,p_33,p_34,p_35,p_36,p_37,p_38,p_39,p_40,p_41,p_42,p_43,p_44,p_45,p_46,p_47,p_48,p_49,p_50,target,experimental_characteristics
0.2,0.2,0.05,0.2,0.05,0.05,0.2,0.2,0.05,0.2,0.05,0.05,0.2,0.1,0.1,0.05,0.05,0.2,0.1,0.1,0.0,0.0,0.0,0.0,0.0,0.0,0.0,0.0,0.0,0.0,0.0,0.0,0.0,0.0,0.0,0.0,0.0,0.0,0.0,0.0,0,0,0,0,0,0,0,0,0,0,0,1,Mammalian
0.2857142857142857,0.07142857142857142,0.14285714285714285,0.07142857142857142,0.2857142857142857,0.2857142857142857,0.2857142857142857,0.2857142857142857,0.07142857142857142,0.07142857142857142,0.2857142857142857,0.14285714285714285,0.2857142857142857,0.2857142857142857,0.0,0.0,0.0,0.0,0.0,0.0,0.0,0.0,0.0,0.0,0.0,0.0,0.0,0.0,0.0,0.0,0.0,0.0,0.0,0.0,0.0,0.0,0.0,0.0,0.0,0.0,0,0,0,0,0,0,0,0,0,0,0,1,Mammalian
0.2727272727272727,0.09090909090909091,0.09090909090909091,0.09090909090909091,0.2727272727272727,0.2727272727272727,0.2727272727272727,0.2727272727272727,0.09090909090909091,0.09090909090909091,0.2727272727272727,0.0,0.0,0.0,0.0,0.0,0.0,0.0,0.0,0.0,0.0,0.0,0.0,0.0,0.0,0.0,0.0,0.0,0.0,0.0,0.0,0.0,0.0,0.0,0.0,0.0,0.0,0.0,0.0,0.0,0,0,0,0,0,0,0,0,0,0,0,1,Mammalian
0.21428571428571427,0.2857142857142857,0.07142857142857142,0.07142857142857142,0.21428571428571427,0.21428571428571427,0.21428571428571427,0.21428571428571427,0.07142857142857142,0.07142857142857142,0.21428571428571427,0.2857142857142857,0.2857142857142857,0.2857142857142857,0.0,0.0,0.0,0.0,0.0,0.0,0.0,0.0,0.0,0.0,0.0,0.0,0.0,0.0,0.0,0.0,0.0,0.0,0.0,0.0,0.0,0.0,0.0,0.0,0.0,0.0,0,0,0,0,0,0,0,0,0,0,0,1,Mammalian
0.2857142857142857,0.14285714285714285,0.07142857142857142,0.07142857142857142,0.2857142857142857,0.2857142857142857,0.2857142857142857,0.2857142857142857,0.07142857142857142,0.07142857142857142,0.2857142857142857,0.14285714285714285,0.2857142857142857,0.2857142857142857,0.0,0.0,0.0,0.0,0.0,0.0,0.0,0.0,0.0,0.0,0.0,0.0,0.0,0.0,0.0,0.0,0.0,0.0,0.0,0.0,0.0,0.0,0.0,0.0,0.0,0.0,0,0,0,0,0,0,0,0,0,0,0,1,Mammalian
0.21428571428571427,0.07142857142857142,0.07142857142857142,0.07142857142857142,0.21428571428571427,0.21428571428571427,0.21428571428571427,0.21428571428571427,0.07142857142857142,0.07142857142857142,0.21428571428571427,0.21428571428571427,0.21428571428571427,0.21428571428571427,0.0,0.0,0.0,0.0,0.0,0.0,0.0,0.0,0.0,0.0,0.0,0.0,0.0,0.0,0.0,0.0,0.0,0.0,0.0,0.0,0.0,0.0,0.0,0.0,0.0,0.0,0,0,0,0,0,0,0,0,0,0,0,1,Mammalian
0.2857142857142857,0.14285714285714285,0.14285714285714285,0.07142857142857142,0.21428571428571427,0.21428571428571427,0.2857142857142857,0.2857142857142857,0.07142857142857142,0.07142857142857142,0.21428571428571427,0.14285714285714285,0.14285714285714285,0.2857142857142857,0.0,0.0,0.0,0.0,0.0,0.0,0.0,0.0,0.0,0.0,0.0,0.0,0.0,0.0,0.0,0.0,0.0,0.0,0.0,0.0,0.0,0.0,0.0,0.0,0.0,0.0,0,0,0,0,0,0,0,0,0,0,0,1,Mammalian
0.21428571428571427,0.21428571428571427,0.14285714285714285,0.07142857142857142,0.21428571428571427,0.21428571428571427,0.21428571428571427,0.21428571428571427,0.07142857142857142,0.07142857142857142,0.21428571428571427,0.14285714285714285,0.21428571428571427,0.21428571428571427,0.0,0.0,0.0,0.0,0.0,0.0,0.0,0.0,0.0,0.0,0.0,0.0,0.0,0.0,0.0,0.0,0.0,0.0,0.0,0.0,0.0,0.0,0.0,0.0,0.0,0.0,0,0,0,0,0,0,0,0,0,0,0,1,Mammalian
0.2857142857142857,0.07142857142857142,0.14285714285714285,0.07142857142857142,0.2857142857142857,0.2857142857142857,0.2857142857142857,0.2857142857142857,0.07142857142857142,0.07142857142857142,0.2857142857142857,0.14285714285714285,0.2857142857142857,0.2857142857142857,0.0,0.0,0.0,0.0,0.0,0.0,0.0,0.0,0.0,0.0,0.0,0.0,0.0,0.0,0.0,0.0,0.0,0.0,0.0,0.0,0.0,0.0,0.0,0.0,0.0,0.0,0,0,0,0,0,0,0,0,0,0,0,1,Mammalian
0.21428571428571427,0.14285714285714285,0.14285714285714285,0.07142857142857142,0.2857142857142857,0.2857142857142857,0.21428571428571427,0.21428571428571427,0.07142857142857142,0.07142857142857142,0.2857142857142857,0.14285714285714285,0.2857142857142857,0.14285714285714285,0.0,0.0,0.0,0.0,0.0,0.0,0.0,0.0,0.0,0.0,0.0,0.0,0.0,0.0,0.0,0.0,0.0,0.0,0.0,0.0,0.0,0.0,0.0,0.0,0.0,0.0,0,0,0,0,0,0,0,0,0,0,0,1,Mammalian
0.21428571428571427,0.07142857142857142,0.21428571428571427,0.14285714285714285,0.07142857142857142,0.07142857142857142,0.07142857142857142,0.21428571428571427,0.07142857142857142,0.21428571428571427,0.21428571428571427,0.21428571428571427,0.07142857142857142,0.14285714285714285,0.0,0.0,0.0,0.0,0.0,0.0,0.0,0.0,0.0,0.0,0.0,0.0,0.0,0.0,0.0,0.0,0.0,0.0,0.0,0.0,0.0,0.0,0.0,0.0,0.0,0.0,0,0,0,0,0,0,0,0,0,0,0,1,Mammalian
0.23076923076923078,0.07692307692307693,0.23076923076923078,0.07692307692307693,0.07692307692307693,0.07692307692307693,0.23076923076923078,0.07692307692307693,0.23076923076923078,0.23076923076923078,0.23076923076923078,0.07692307692307693,0.07692307692307693,0.0,0.0,0.0,0.0,0.0,0.0,0.0,0.0,0.0,0.0,0.0,0.0,0.0,0.0,0.0,0.0,0.0,0.0,0.0,0.0,0.0,0.0,0.0,0.0,0.0,0.0,0.0,0,0,0,0,0,0,0,0,0,0,0,1,Mammalian
0.25,0.125,0.25,0.25,0.25,0.125,0.125,0.125,0.0,0.0,0.0,0.0,0.0,0.0,0.0,0.0,0.0,0.0,0.0,0.0,0.0,0.0,0.0,0.0,0.0,0.0,0.0,0.0,0.0,0.0,0.0,0.0,0.0,0.0,0.0,0.0,0.0,0.0,0.0,0.0,0,0,0,0,0,0,0,0,0,0,0,1,Mammalian
0.07692307692307693,0.07692307692307693,0.07692307692307693,0.07692307692307693,0.07692307692307693,0.07692307692307693,0.07692307692307693,0.38461538461538464,0.38461538461538464,0.38461538461538464,0.07692307692307693,0.38461538461538464,0.38461538461538464,0.0,0.0,0.0,0.0,0.0,0.0,0.0,0.0,0.0,0.0,0.0,0.0,0.0,0.0,0.0,0.0,0.0,0.0,0.0,0.0,0.0,0.0,0.0,0.0,0.0,0.0,0.0,0,0,0,0,0,0,0,0,0,0,0,1,Mammalian
0.125,0.0625,0.0625,0.125,0.125,0.25,0.25,0.125,0.0625,0.125,0.0625,0.25,0.125,0.25,0.125,0.125,0.0,0.0,0.0,0.0,0.0,0.0,0.0,0.0,0.0,0.0,0.0,0.0,0.0,0.0,0.0,0.0,0.0,0.0,0.0,0.0,0.0,0.0,0.0,0.0,0,0,0,0,0,0,0,0,0,0,0,1,Mammalian
0.38095238095238093,0.5714285714285714,0.5714285714285714,0.38095238095238093,0.38095238095238093,0.5714285714285714,0.5714285714285714,0.38095238095238093,0.5714285714285714,0.5714285714285714,0.38095238095238093,0.38095238095238093,0.5714285714285714,0.5714285714285714,0.38095238095238093,0.5714285714285714,0.5714285714285714,0.047619047619047616,0.38095238095238093,0.5714285714285714,0.5714285714285714,0.0,0.0,0.0,0.0,0.0,0.0,0.0,0.0,0.0,0.0,0.0,0.0,0.0,0.0,0.0,0.0,0.0,0.0,0.0,0,0,0,0,0,0,0,0,0,0,0,1,Mammalian
0.38095238095238093,0.5238095238095238,0.5238095238095238,0.38095238095238093,0.38095238095238093,0.5238095238095238,0.5238095238095238,0.38095238095238093,0.5238095238095238,0.5238095238095238,0.38095238095238093,0.38095238095238093,0.5238095238095238,0.5238095238095238,0.047619047619047616,0.047619047619047616,0.5238095238095238,0.38095238095238093,0.38095238095238093,0.5238095238095238,0.5238095238095238,0.0,0.0,0.0,0.0,0.0,0.0,0.0,0.0,0.0,0.0,0.0,0.0,0.0,0.0,0.0,0.0,0.0,0.0,0.0,0,0,0,0,0,0,0,0,0,0,0,1,Mammalian
0.3333333333333333,0.5714285714285714,0.5714285714285714,0.3333333333333333,0.09523809523809523,0.5714285714285714,0.5714285714285714,0.3333333333333333,0.5714285714285714,0.5714285714285714,0.3333333333333333,0.3333333333333333,0.5714285714285714,0.5714285714285714,0.3333333333333333,0.5714285714285714,0.5714285714285714,0.09523809523809523,0.3333333333333333,0.5714285714285714,0.5714285714285714,0.0,0.0,0.0,0.0,0.0,0.0,0.0,0.0,0.0,0.0,0.0,0.0,0.0,0.0,0.0,0.0,0.0,0.0,0.0,0,0,0,0,0,0,0,0,0,0,0,1,Mammalian
0.32142857142857145,0.21428571428571427,0.03571428571428571,0.21428571428571427,0.03571428571428571,0.21428571428571427,0.21428571428571427,0.21428571428571427,0.21428571428571427,0.10714285714285714,0.21428571428571427,0.21428571428571427,0.32142857142857145,0.32142857142857145,0.32142857142857145,0.21428571428571427,0.32142857142857145,0.32142857142857145,0.21428571428571427,0.21428571428571427,0.32142857142857145,0.10714285714285714,0.21428571428571427,0.10714285714285714,0.03571428571428571,0.32142857142857145,0.03571428571428571,0.32142857142857145,0.0,0.0,0.0,0.0,0.0,0.0,0.0,0.0,0.0,0.0,0.0,0.0,0,0,0,0,0,0,0,0,0,0,0,1,Mammalian
0.32142857142857145,0.21428571428571427,0.03571428571428571,0.17857142857142858,0.03571428571428571,0.21428571428571427,0.21428571428571427,0.17857142857142858,0.17857142857142858,0.10714285714285714,0.21428571428571427,0.17857142857142858,0.32142857142857145,0.32142857142857145,0.32142857142857145,0.17857142857142858,0.32142857142857145,0.32142857142857145,0.21428571428571427,0.07142857142857142,0.32142857142857145,0.10714285714285714,0.21428571428571427,0.10714285714285714,0.03571428571428571,0.32142857142857145,0.07142857142857142,0.32142857142857145,0.0,0.0,0.0,0.0,0.0,0.0,0.0,0.0,0.0,0.0,0.0,0.0,0,0,0,0,0,0,0,0,0,0,0,1,Mammalian
0.32142857142857145,0.21428571428571427,0.03571428571428571,0.03571428571428571,0.03571428571428571,0.21428571428571427,0.21428571428571427,0.14285714285714285,0.14285714285714285,0.10714285714285714,0.21428571428571427,0.14285714285714285,0.32142857142857145,0.32142857142857145,0.32142857142857145,0.14285714285714285,0.32142857142857145,0.32142857142857145,0.21428571428571427,0.07142857142857142,0.32142857142857145,0.10714285714285714,0.21428571428571427,0.10714285714285714,0.03571428571428571,0.32142857142857145,0.07142857142857142,0.32142857142857145,0.0,0.0,0.0,0.0,0.0,0.0,0.0,0.0,0.0,0.0,0.0,0.0,0,0,0,0,0,0,0,0,0,0,0,1,Mammalian
0.16666666666666666,0.08333333333333333,0.08333333333333333,0.16666666666666666,0.08333333333333333,0.08333333333333333,0.25,0.25,0.08333333333333333,0.08333333333333333,0.08333333333333333,0.25,0.0,0.0,0.0,0.0,0.0,0.0,0.0,0.0,0.0,0.0,0.0,0.0,0.0,0.0,0.0,0.0,0.0,0.0,0.0,0.0,0.0,0.0,0.0,0.0,0.0,0.0,0.0,0.0,0,0,0,0,0,0,0,0,0,0,0,1,Mammalian
0.23809523809523808,0.5714285714285714,0.5714285714285714,0.23809523809523808,0.19047619047619047,0.5714285714285714,0.5714285714285714,0.23809523809523808,0.5714285714285714,0.5714285714285714,0.23809523809523808,0.19047619047619047,0.5714285714285714,0.5714285714285714,0.23809523809523808,0.5714285714285714,0.5714285714285714,0.19047619047619047,0.19047619047619047,0.5714285714285714,0.5714285714285714,0.0,0.0,0.0,0.0,0.0,0.0,0.0,0.0,0.0,0.0,0.0,0.0,0.0,0.0,0.0,0.0,0.0,0.0,0.0,0,0,0,0,0,0,0,0,0,0,0,1,Mammalian
0.3333333333333333,0.6190476190476191,0.6190476190476191,0.3333333333333333,0.6190476190476191,0.6190476190476191,0.6190476190476191,0.3333333333333333,0.6190476190476191,0.6190476190476191,0.3333333333333333,0.3333333333333333,0.6190476190476191,0.6190476190476191,0.3333333333333333,0.6190476190476191,0.6190476190476191,0.047619047619047616,0.3333333333333333,0.6190476190476191,0.6190476190476191,0.0,0.0,0.0,0.0,0.0,0.0,0.0,0.0,0.0,0.0,0.0,0.0,0.0,0.0,0.0,0.0,0.0,0.0,0.0,0,0,0,0,0,0,0,0,0,0,0,1,Mammalian
0.3333333333333333,0.6190476190476191,0.6190476190476191,0.3333333333333333,0.6190476190476191,0.6190476190476191,0.6190476190476191,0.3333333333333333,0.6190476190476191,0.6190476190476191,0.3333333333333333,0.3333333333333333,0.6190476190476191,0.6190476190476191,0.3333333333333333,0.6190476190476191,0.6190476190476191,0.047619047619047616,0.3333333333333333,0.6190476190476191,0.6190476190476191,0.0,0.0,0.0,0.0,0.0,0.0,0.0,0.0,0.0,0.0,0.0,0.0,0.0,0.0,0.0,0.0,0.0,0.0,0.0,0,0,0,0,0,0,0,0,0,0,0,1,Mammalian
0.38095238095238093,0.5714285714285714,0.5714285714285714,0.38095238095238093,0.047619047619047616,0.5714285714285714,0.5714285714285714,0.38095238095238093,0.5714285714285714,0.5714285714285714,0.38095238095238093,0.38095238095238093,0.5714285714285714,0.5714285714285714,0.38095238095238093,0.5714285714285714,0.5714285714285714,0.38095238095238093,0.38095238095238093,0.5714285714285714,0.5714285714285714,0.0,0.0,0.0,0.0,0.0,0.0,0.0,0.0,0.0,0.0,0.0,0.0,0.0,0.0,0.0,0.0,0.0,0.0,0.0,0,0,0,0,0,0,0,0,0,0,0,1,Mammalian
0.17391304347826086,0.13043478260869565,0.17391304347826086,0.21739130434782608,0.13043478260869565,0.08695652173913043,0.21739130434782608,0.21739130434782608,0.13043478260869565,0.17391304347826086,0.17391304347826086,0.13043478260869565,0.17391304347826086,0.21739130434782608,0.17391304347826086,0.043478260869565216,0.17391304347826086,0.21739130434782608,0.13043478260869565,0.08695652173913043,0.13043478260869565,0.17391304347826086,0.043478260869565216,0.0,0.0,0.0,0.0,0.0,0.0,0.0,0.0,0.0,0.0,0.0,0.0,0.0,0.0,0.0,0.0,0.0,0,0,0,0,0,0,0,0,0,0,0,1,Mammalian
0.09090909090909091,0.045454545454545456,0.045454545454545456,0.13636363636363635,0.18181818181818182,0.09090909090909091,0.09090909090909091,0.18181818181818182,0.18181818181818182,0.13636363636363635,0.13636363636363635,0.045454545454545456,0.09090909090909091,0.09090909090909091,0.18181818181818182,0.045454545454545456,0.09090909090909091,0.13636363636363635,0.045454545454545456,0.045454545454545456,0.13636363636363635,0.13636363636363635,0.0,0.0,0.0,0.0,0.0,0.0,0.0,0.0,0.0,0.0,0.0,0.0,0.0,0.0,0.0,0.0,0.0,0.0,0,0,0,0,0,0,0,0,0,0,0,1,Mammalian
0.10344827586206896,0.034482758620689655,0.034482758620689655,0.13793103448275862,0.20689655172413793,0.06896551724137931,0.06896551724137931,0.20689655172413793,0.20689655172413793,0.10344827586206896,0.13793103448275862,0.034482758620689655,0.06896551724137931,0.06896551724137931,0.20689655172413793,0.06896551724137931,0.10344827586206896,0.10344827586206896,0.034482758620689655,0.034482758620689655,0.10344827586206896,0.13793103448275862,0.20689655172413793,0.20689655172413793,0.10344827586206896,0.13793103448275862,0.06896551724137931,0.034482758620689655,0.034482758620689655,0.0,0.0,0.0,0.0,0.0,0.0,0.0,0.0,0.0,0.0,0.0,0,0,0,0,0,0,0,0,0,0,0,1,Mammalian
0.05263157894736842,0.15789473684210525,0.2631578947368421,0.05263157894736842,0.05263157894736842,0.05263157894736842,0.05263157894736842,0.15789473684210525,0.05263157894736842,0.2631578947368421,0.05263157894736842,0.2631578947368421,0.15789473684210525,0.2631578947368421,0.15789473684210525,0.15789473684210525,0.2631578947368421,0.15789473684210525,0.05263157894736842,0.0,0.0,0.0,0.0,0.0,0.0,0.0,0.0,0.0,0.0,0.0,0.0,0.0,0.0,0.0,0.0,0.0,0.0,0.0,0.0,0.0,0,0,0,0,0,0,0,0,0,0,0,1,Mammalian
0.16666666666666666,0.08333333333333333,0.08333333333333333,0.08333333333333333,0.08333333333333333,0.25,0.25,0.16666666666666666,0.08333333333333333,0.25,0.08333333333333333,0.08333333333333333,0.0,0.0,0.0,0.0,0.0,0.0,0.0,0.0,0.0,0.0,0.0,0.0,0.0,0.0,0.0,0.0,0.0,0.0,0.0,0.0,0.0,0.0,0.0,0.0,0.0,0.0,0.0,0.0,0,0,0,0,0,0,0,0,0,0,0,0,Mammalian
0.13333333333333333,0.06666666666666667,0.06666666666666667,0.06666666666666667,0.06666666666666667,0.2,0.2,0.13333333333333333,0.06666666666666667,0.2,0.06666666666666667,0.06666666666666667,0.06666666666666667,0.06666666666666667,0.06666666666666667,0.0,0.0,0.0,0.0,0.0,0.0,0.0,0.0,0.0,0.0,0.0,0.0,0.0,0.0,0.0,0.0,0.0,0.0,0.0,0.0,0.0,0.0,0.0,0.0,0.0,0,0,0,0,0,0,0,0,0,0,0,0,Mammalian
0.125,0.125,0.125,0.125,0.125,0.125,0.125,0.125,0.0,0.0,0.0,0.0,0.0,0.0,0.0,0.0,0.0,0.0,0.0,0.0,0.0,0.0,0.0,0.0,0.0,0.0,0.0,0.0,0.0,0.0,0.0,0.0,0.0,0.0,0.0,0.0,0.0,0.0,0.0,0.0,0,0,0,0,0,0,0,0,0,0,0,0,Mammalian
0.07692307692307693,0.07692307692307693,0.23076923076923078,0.15384615384615385,0.15384615384615385,0.23076923076923078,0.07692307692307693,0.15384615384615385,0.23076923076923078,0.07692307692307693,0.07692307692307693,0.07692307692307693,0.15384615384615385,0.0,0.0,0.0,0.0,0.0,0.0,0.0,0.0,0.0,0.0,0.0,0.0,0.0,0.0,0.0,0.0,0.0,0.0,0.0,0.0,0.0,0.0,0.0,0.0,0.0,0.0,0.0,0,0,0,0,0,0,0,0,0,0,0,0,Mammalian
0.047619047619047616,0.047619047619047616,0.09523809523809523,0.14285714285714285,0.09523809523809523,0.14285714285714285,0.09523809523809523,0.14285714285714285,0.09523809523809523,0.09523809523809523,0.14285714285714285,0.09523809523809523,0.14285714285714285,0.047619047619047616,0.047619047619047616,0.047619047619047616,0.09523809523809523,0.09523809523809523,0.047619047619047616,0.14285714285714285,0.047619047619047616,0.0,0.0,0.0,0.0,0.0,0.0,0.0,0.0,0.0,0.0,0.0,0.0,0.0,0.0,0.0,0.0,0.0,0.0,0.0,0,0,0,0,0,0,0,0,0,0,0,0,Mammalian
0.041666666666666664,0.2916666666666667,0.25,0.041666666666666664,0.25,0.2916666666666667,0.08333333333333333,0.041666666666666664,0.041666666666666664,0.2916666666666667,0.25,0.08333333333333333,0.2916666666666667,0.25,0.08333333333333333,0.25,0.2916666666666667,0.2916666666666667,0.25,0.125,0.08333333333333333,0.125,0.125,0.2916666666666667,0.0,0.0,0.0,0.0,0.0,0.0,0.0,0.0,0.0,0.0,0.0,0.0,0.0,0.0,0.0,0.0,0,0,0,0,0,0,0,0,0,0,0,0,Mammalian
0.07142857142857142,0.21428571428571427,0.21428571428571427,0.07142857142857142,0.14285714285714285,0.07142857142857142,0.14285714285714285,0.21428571428571427,0.14285714285714285,0.14285714285714285,0.14285714285714285,0.14285714285714285,0.07142857142857142,0.07142857142857142,0.0,0.0,0.0,0.0,0.0,0.0,0.0,0.0,0.0,0.0,0.0,0.0,0.0,0.0,0.0,0.0,0.0,0.0,0.0,0.0,0.0,0.0,0.0,0.0,0.0,0.0,0,0,0,0,0,0,0,0,0,0,0,0,Mammalian
0.045454545454545456,0.045454545454545456,0.22727272727272727,0.2727272727272727,0.09090909090909091,0.045454545454545456,0.045454545454545456,0.2727272727272727,0.22727272727272727,0.09090909090909091,0.2727272727272727,0.22727272727272727,0.09090909090909091,0.22727272727272727,0.2727272727272727,0.2727272727272727,0.22727272727272727,0.13636363636363635,0.09090909090909091,0.13636363636363635,0.13636363636363635,0.2727272727272727,0.0,0.0,0.0,0.0,0.0,0.0,0.0,0.0,0.0,0.0,0.0,0.0,0.0,0.0,0.0,0.0,0.0,0.0,0,0,0,0,0,0,0,0,0,0,0,0,Mammalian
0.034482758620689655,0.06896551724137931,0.20689655172413793,0.2413793103448276,0.10344827586206896,0.034482758620689655,0.034482758620689655,0.2413793103448276,0.20689655172413793,0.10344827586206896,0.2413793103448276,0.20689655172413793,0.10344827586206896,0.20689655172413793,0.2413793103448276,0.2413793103448276,0.20689655172413793,0.10344827586206896,0.10344827586206896,0.10344827586206896,0.10344827586206896,0.2413793103448276,0.034482758620689655,0.10344827586206896,0.20689655172413793,0.2413793103448276,0.10344827586206896,0.06896551724137931,0.034482758620689655,0.0,0.0,0.0,0.0,0.0,0.0,0.0,0.0,0.0,0.0,0.0,0,0,0,0,0,0,0,0,0,0,0,0,Mammalian
0.05555555555555555,0.05555555555555555,0.05555555555555555,0.2222222222222222,0.2222222222222222,0.05555555555555555,0.2222222222222222,0.05555555555555555,0.2222222222222222,0.2222222222222222,0.2222222222222222,0.2222222222222222,0.2222222222222222,0.05555555555555555,0.1111111111111111,0.05555555555555555,0.05555555555555555,0.1111111111111111,0.0,0.0,0.0,0.0,0.0,0.0,0.0,0.0,0.0,0.0,0.0,0.0,0.0,0.0,0.0,0.0,0.0,0.0,0.0,0.0,0.0,0.0,0,0,0,0,0,0,0,0,0,0,0,0,Mammalian
0.05555555555555555,0.05555555555555555,0.05555555555555555,0.2222222222222222,0.2222222222222222,0.05555555555555555,0.2222222222222222,0.05555555555555555,0.2222222222222222,0.2222222222222222,0.2222222222222222,0.2222222222222222,0.2222222222222222,0.05555555555555555,0.1111111111111111,0.05555555555555555,0.05555555555555555,0.1111111111111111,0.0,0.0,0.0,0.0,0.0,0.0,0.0,0.0,0.0,0.0,0.0,0.0,0.0,0.0,0.0,0.0,0.0,0.0,0.0,0.0,0.0,0.0,0,0,0,0,0,0,0,0,0,0,0,0,Mammalian
0.05555555555555555,0.05555555555555555,0.05555555555555555,0.2222222222222222,0.2222222222222222,0.05555555555555555,0.2222222222222222,0.1111111111111111,0.2222222222222222,0.2222222222222222,0.2222222222222222,0.2222222222222222,0.2222222222222222,0.1111111111111111,0.1111111111111111,0.05555555555555555,0.05555555555555555,0.1111111111111111,0.0,0.0,0.0,0.0,0.0,0.0,0.0,0.0,0.0,0.0,0.0,0.0,0.0,0.0,0.0,0.0,0.0,0.0,0.0,0.0,0.0,0.0,0,0,0,0,0,0,0,0,0,0,0,0,Mammalian
0.05555555555555555,0.05555555555555555,0.05555555555555555,0.2222222222222222,0.16666666666666666,0.05555555555555555,0.2222222222222222,0.05555555555555555,0.05555555555555555,0.16666666666666666,0.2222222222222222,0.2222222222222222,0.16666666666666666,0.05555555555555555,0.1111111111111111,0.05555555555555555,0.05555555555555555,0.1111111111111111,0.0,0.0,0.0,0.0,0.0,0.0,0.0,0.0,0.0,0.0,0.0,0.0,0.0,0.0,0.0,0.0,0.0,0.0,0.0,0.0,0.0,0.0,0,0,0,0,0,0,0,0,0,0,0,0,Mammalian
0.05555555555555555,0.05555555555555555,0.05555555555555555,0.2222222222222222,0.1111111111111111,0.05555555555555555,0.2222222222222222,0.05555555555555555,0.1111111111111111,0.1111111111111111,0.2222222222222222,0.2222222222222222,0.1111111111111111,0.05555555555555555,0.1111111111111111,0.05555555555555555,0.05555555555555555,0.1111111111111111,0.0,0.0,0.0,0.0,0.0,0.0,0.0,0.0,0.0,0.0,0.0,0.0,0.0,0.0,0.0,0.0,0.0,0.0,0.0,0.0,0.0,0.0,0,0,0,0,0,0,0,0,0,0,0,0,Mammalian
0.05555555555555555,0.05555555555555555,0.05555555555555555,0.2222222222222222,0.16666666666666666,0.05555555555555555,0.2222222222222222,0.05555555555555555,0.05555555555555555,0.16666666666666666,0.2222222222222222,0.2222222222222222,0.16666666666666666,0.05555555555555555,0.1111111111111111,0.05555555555555555,0.05555555555555555,0.1111111111111111,0.0,0.0,0.0,0.0,0.0,0.0,0.0,0.0,0.0,0.0,0.0,0.0,0.0,0.0,0.0,0.0,0.0,0.0,0.0,0.0,0.0,0.0,0,0,0,0,0,0,0,0,0,0,0,0,Mammalian
0.05555555555555555,0.05555555555555555,0.05555555555555555,0.2222222222222222,0.16666666666666666,0.05555555555555555,0.2222222222222222,0.05555555555555555,0.1111111111111111,0.16666666666666666,0.2222222222222222,0.2222222222222222,0.16666666666666666,0.1111111111111111,0.1111111111111111,0.05555555555555555,0.05555555555555555,0.1111111111111111,0.0,0.0,0.0,0.0,0.0,0.0,0.0,0.0,0.0,0.0,0.0,0.0,0.0,0.0,0.0,0.0,0.0,0.0,0.0,0.0,0.0,0.0,0,0,0,0,0,0,0,0,0,0,0,0,Mammalian
0.05555555555555555,0.05555555555555555,0.05555555555555555,0.2222222222222222,0.2777777777777778,0.05555555555555555,0.2222222222222222,0.05555555555555555,0.2777777777777778,0.2777777777777778,0.2222222222222222,0.2222222222222222,0.2777777777777778,0.05555555555555555,0.1111111111111111,0.2777777777777778,0.05555555555555555,0.1111111111111111,0.0,0.0,0.0,0.0,0.0,0.0,0.0,0.0,0.0,0.0,0.0,0.0,0.0,0.0,0.0,0.0,0.0,0.0,0.0,0.0,0.0,0.0,0,0,0,0,0,0,0,0,0,0,0,0,Mammalian
0.05555555555555555,0.05555555555555555,0.05555555555555555,0.2222222222222222,0.2222222222222222,0.05555555555555555,0.2222222222222222,0.05555555555555555,0.2222222222222222,0.2222222222222222,0.2222222222222222,0.2222222222222222,0.2222222222222222,0.05555555555555555,0.1111111111111111,0.05555555555555555,0.05555555555555555,0.1111111111111111,0.0,0.0,0.0,0.0,0.0,0.0,0.0,0.0,0.0,0.0,0.0,0.0,0.0,0.0,0.0,0.0,0.0,0.0,0.0,0.0,0.0,0.0,0,0,0,0,0,0,0,0,0,0,0,0,Mammalian
0.05,0.05,0.05,0.25,0.25,0.05,0.25,0.05,0.25,0.25,0.25,0.25,0.25,0.05,0.1,0.05,0.05,0.1,0.25,0.25,0.0,0.0,0.0,0.0,0.0,0.0,0.0,0.0,0.0,0.0,0.0,0.0,0.0,0.0,0.0,0.0,0.0,0.0,0.0,0.0,0,0,0,0,0,0,0,0,0,0,0,0,Mammalian
0.05555555555555555,0.05555555555555555,0.05555555555555555,0.2222222222222222,0.16666666666666666,0.05555555555555555,0.2222222222222222,0.05555555555555555,0.05555555555555555,0.16666666666666666,0.2222222222222222,0.2222222222222222,0.16666666666666666,0.05555555555555555,0.1111111111111111,0.05555555555555555,0.05555555555555555,0.1111111111111111,0.0,0.0,0.0,0.0,0.0,0.0,0.0,0.0,0.0,0.0,0.0,0.0,0.0,0.0,0.0,0.0,0.0,0.0,0.0,0.0,0.0,0.0,0,0,0,0,0,0,0,0,0,0,0,0,Mammalian
0.05555555555555555,0.05555555555555555,0.1111111111111111,0.2222222222222222,0.16666666666666666,0.05555555555555555,0.2222222222222222,0.05555555555555555,0.1111111111111111,0.16666666666666666,0.2222222222222222,0.2222222222222222,0.16666666666666666,0.05555555555555555,0.1111111111111111,0.05555555555555555,0.05555555555555555,0.1111111111111111,0.0,0.0,0.0,0.0,0.0,0.0,0.0,0.0,0.0,0.0,0.0,0.0,0.0,0.0,0.0,0.0,0.0,0.0,0.0,0.0,0.0,0.0,0,0,0,0,0,0,0,0,0,0,0,0,Mammalian
0.05555555555555555,0.05555555555555555,0.05555555555555555,0.2222222222222222,0.2777777777777778,0.2777777777777778,0.2222222222222222,0.05555555555555555,0.2777777777777778,0.2777777777777778,0.2222222222222222,0.2222222222222222,0.2777777777777778,0.05555555555555555,0.1111111111111111,0.05555555555555555,0.05555555555555555,0.1111111111111111,0.0,0.0,0.0,0.0,0.0,0.0,0.0,0.0,0.0,0.0,0.0,0.0,0.0,0.0,0.0,0.0,0.0,0.0,0.0,0.0,0.0,0.0,0,0,0,0,0,0,0,0,0,0,0,0,Mammalian
0.05555555555555555,0.05555555555555555,0.1111111111111111,0.2222222222222222,0.2222222222222222,0.1111111111111111,0.2222222222222222,0.05555555555555555,0.2222222222222222,0.2222222222222222,0.2222222222222222,0.2222222222222222,0.2222222222222222,0.05555555555555555,0.1111111111111111,0.05555555555555555,0.05555555555555555,0.1111111111111111,0.0,0.0,0.0,0.0,0.0,0.0,0.0,0.0,0.0,0.0,0.0,0.0,0.0,0.0,0.0,0.0,0.0,0.0,0.0,0.0,0.0,0.0,0,0,0,0,0,0,0,0,0,0,0,0,Mammalian
0.05555555555555555,0.05555555555555555,0.05555555555555555,0.05555555555555555,0.2222222222222222,0.2222222222222222,0.05555555555555555,0.2222222222222222,0.05555555555555555,0.2222222222222222,0.2222222222222222,0.2222222222222222,0.2222222222222222,0.2222222222222222,0.05555555555555555,0.05555555555555555,0.05555555555555555,0.05555555555555555,0.0,0.0,0.0,0.0,0.0,0.0,0.0,0.0,0.0,0.0,0.0,0.0,0.0,0.0,0.0,0.0,0.0,0.0,0.0,0.0,0.0,0.0,0,0,0,0,0,0,0,0,0,0,0,0,Mammalian
0.05555555555555555,0.05555555555555555,0.05555555555555555,0.05555555555555555,0.2222222222222222,0.2222222222222222,0.05555555555555555,0.2222222222222222,0.05555555555555555,0.2222222222222222,0.2222222222222222,0.2222222222222222,0.2222222222222222,0.2222222222222222,0.05555555555555555,0.05555555555555555,0.05555555555555555,0.05555555555555555,0.0,0.0,0.0,0.0,0.0,0.0,0.0,0.0,0.0,0.0,0.0,0.0,0.0,0.0,0.0,0.0,0.0,0.0,0.0,0.0,0.0,0.0,0,0,0,0,0,0,0,0,0,0,0,1,Yeast
0.15384615384615385,0.15384615384615385,0.23076923076923078,0.15384615384615385,0.15384615384615385,0.23076923076923078,0.23076923076923078,0.07692307692307693,0.23076923076923078,0.07692307692307693,0.23076923076923078,0.07692307692307693,0.23076923076923078,0.0,0.0,0.0,0.0,0.0,0.0,0.0,0.0,0.0,0.0,0.0,0.0,0.0,0.0,0.0,0.0,0.0,0.0,0.0,0.0,0.0,0.0,0.0,0.0,0.0,0.0,0.0,0,0,0,0,0,0,0,0,0,0,0,0,Mammalian
0.15384615384615385,0.15384615384615385,0.23076923076923078,0.15384615384615385,0.15384615384615385,0.23076923076923078,0.23076923076923078,0.07692307692307693,0.23076923076923078,0.07692307692307693,0.23076923076923078,0.07692307692307693,0.23076923076923078,0.0,0.0,0.0,0.0,0.0,0.0,0.0,0.0,0.0,0.0,0.0,0.0,0.0,0.0,0.0,0.0,0.0,0.0,0.0,0.0,0.0,0.0,0.0,0.0,0.0,0.0,0.0,0,0,0,0,0,0,0,0,0,0,0,1,Yeast
0.15384615384615385,0.15384615384615385,0.23076923076923078,0.15384615384615385,0.15384615384615385,0.23076923076923078,0.23076923076923078,0.07692307692307693,0.23076923076923078,0.15384615384615385,0.23076923076923078,0.15384615384615385,0.23076923076923078,0.0,0.0,0.0,0.0,0.0,0.0,0.0,0.0,0.0,0.0,0.0,0.0,0.0,0.0,0.0,0.0,0.0,0.0,0.0,0.0,0.0,0.0,0.0,0.0,0.0,0.0,0.0,0,0,0,0,0,0,0,0,0,0,0,0,Mammalian
0.15384615384615385,0.15384615384615385,0.23076923076923078,0.15384615384615385,0.15384615384615385,0.23076923076923078,0.23076923076923078,0.07692307692307693,0.23076923076923078,0.15384615384615385,0.23076923076923078,0.15384615384615385,0.23076923076923078,0.0,0.0,0.0,0.0,0.0,0.0,0.0,0.0,0.0,0.0,0.0,0.0,0.0,0.0,0.0,0.0,0.0,0.0,0.0,0.0,0.0,0.0,0.0,0.0,0.0,0.0,0.0,0,0,0,0,0,0,0,0,0,0,0,1,Yeast
0.14285714285714285,0.14285714285714285,0.21428571428571427,0.14285714285714285,0.14285714285714285,0.07142857142857142,0.21428571428571427,0.21428571428571427,0.07142857142857142,0.21428571428571427,0.07142857142857142,0.21428571428571427,0.07142857142857142,0.21428571428571427,0.0,0.0,0.0,0.0,0.0,0.0,0.0,0.0,0.0,0.0,0.0,0.0,0.0,0.0,0.0,0.0,0.0,0.0,0.0,0.0,0.0,0.0,0.0,0.0,0.0,0.0,0,0,0,0,0,0,0,0,0,0,0,1,Yeast
0.14285714285714285,0.14285714285714285,0.21428571428571427,0.14285714285714285,0.14285714285714285,0.07142857142857142,0.21428571428571427,0.21428571428571427,0.07142857142857142,0.21428571428571427,0.07142857142857142,0.21428571428571427,0.07142857142857142,0.21428571428571427,0.0,0.0,0.0,0.0,0.0,0.0,0.0,0.0,0.0,0.0,0.0,0.0,0.0,0.0,0.0,0.0,0.0,0.0,0.0,0.0,0.0,0.0,0.0,0.0,0.0,0.0,0,0,0,0,0,0,0,0,0,0,0,0,Mammalian
0.14285714285714285,0.14285714285714285,0.21428571428571427,0.14285714285714285,0.14285714285714285,0.07142857142857142,0.21428571428571427,0.21428571428571427,0.07142857142857142,0.21428571428571427,0.14285714285714285,0.21428571428571427,0.14285714285714285,0.21428571428571427,0.0,0.0,0.0,0.0,0.0,0.0,0.0,0.0,0.0,0.0,0.0,0.0,0.0,0.0,0.0,0.0,0.0,0.0,0.0,0.0,0.0,0.0,0.0,0.0,0.0,0.0,0,0,0,0,0,0,0,0,0,0,0,1,Yeast
0.14285714285714285,0.14285714285714285,0.21428571428571427,0.14285714285714285,0.14285714285714285,0.07142857142857142,0.21428571428571427,0.21428571428571427,0.07142857142857142,0.21428571428571427,0.14285714285714285,0.21428571428571427,0.14285714285714285,0.21428571428571427,0.0,0.0,0.0,0.0,0.0,0.0,0.0,0.0,0.0,0.0,0.0,0.0,0.0,0.0,0.0,0.0,0.0,0.0,0.0,0.0,0.0,0.0,0.0,0.0,0.0,0.0,0,0,0,0,0,0,0,0,0,0,0,0,Mammalian
0.14285714285714285,0.14285714285714285,0.2857142857142857,0.14285714285714285,0.14285714285714285,0.2857142857142857,0.21428571428571427,0.21428571428571427,0.07142857142857142,0.2857142857142857,0.07142857142857142,0.2857142857142857,0.07142857142857142,0.21428571428571427,0.0,0.0,0.0,0.0,0.0,0.0,0.0,0.0,0.0,0.0,0.0,0.0,0.0,0.0,0.0,0.0,0.0,0.0,0.0,0.0,0.0,0.0,0.0,0.0,0.0,0.0,0,0,0,0,0,0,0,0,0,0,0,1,Yeast
0.14285714285714285,0.14285714285714285,0.2857142857142857,0.14285714285714285,0.14285714285714285,0.2857142857142857,0.21428571428571427,0.21428571428571427,0.07142857142857142,0.2857142857142857,0.07142857142857142,0.2857142857142857,0.07142857142857142,0.21428571428571427,0.0,0.0,0.0,0.0,0.0,0.0,0.0,0.0,0.0,0.0,0.0,0.0,0.0,0.0,0.0,0.0,0.0,0.0,0.0,0.0,0.0,0.0,0.0,0.0,0.0,0.0,0,0,0,0,0,0,0,0,0,0,0,0,Mammalian
0.18181818181818182,0.09090909090909091,0.09090909090909091,0.09090909090909091,0.18181818181818182,0.18181818181818182,0.09090909090909091,0.09090909090909091,0.09090909090909091,0.09090909090909091,0.18181818181818182,0.0,0.0,0.0,0.0,0.0,0.0,0.0,0.0,0.0,0.0,0.0,0.0,0.0,0.0,0.0,0.0,0.0,0.0,0.0,0.0,0.0,0.0,0.0,0.0,0.0,0.0,0.0,0.0,0.0,0,0,0,0,0,0,0,0,0,0,0,0,Mammalian
0.18181818181818182,0.09090909090909091,0.09090909090909091,0.09090909090909091,0.18181818181818182,0.18181818181818182,0.09090909090909091,0.09090909090909091,0.09090909090909091,0.09090909090909091,0.18181818181818182,0.0,0.0,0.0,0.0,0.0,0.0,0.0,0.0,0.0,0.0,0.0,0.0,0.0,0.0,0.0,0.0,0.0,0.0,0.0,0.0,0.0,0.0,0.0,0.0,0.0,0.0,0.0,0.0,0.0,0,0,0,0,0,0,0,0,0,0,0,1,Yeast
0.08333333333333333,0.1388888888888889,0.08333333333333333,0.027777777777777776,0.1388888888888889,0.1388888888888889,0.05555555555555555,0.08333333333333333,0.08333333333333333,0.08333333333333333,0.1388888888888889,0.1388888888888889,0.05555555555555555,0.05555555555555555,0.1111111111111111,0.1388888888888889,0.08333333333333333,0.027777777777777776,0.1388888888888889,0.1388888888888889,0.1111111111111111,0.08333333333333333,0.05555555555555555,0.05555555555555555,0.1388888888888889,0.1388888888888889,0.1388888888888889,0.1111111111111111,0.08333333333333333,0.1388888888888889,0.1388888888888889,0.08333333333333333,0.1388888888888889,0.05555555555555555,0.1111111111111111,0.1388888888888889,0.0,0.0,0.0,0.0,0,0,0,0,0,0,0,0,0,0,0,1,Yeast
0.08333333333333333,0.1388888888888889,0.08333333333333333,0.027777777777777776,0.1388888888888889,0.1388888888888889,0.05555555555555555,0.08333333333333333,0.08333333333333333,0.08333333333333333,0.1388888888888889,0.1388888888888889,0.05555555555555555,0.05555555555555555,0.1111111111111111,0.1388888888888889,0.08333333333333333,0.027777777777777776,0.1388888888888889,0.1388888888888889,0.1111111111111111,0.08333333333333333,0.05555555555555555,0.05555555555555555,0.1388888888888889,0.1388888888888889,0.1388888888888889,0.1111111111111111,0.08333333333333333,0.1388888888888889,0.1388888888888889,0.08333333333333333,0.1388888888888889,0.05555555555555555,0.1111111111111111,0.1388888888888889,0.0,0.0,0.0,0.0,0,0,0,0,0,0,0,0,0,0,0,0,Mammalian
0.075,0.125,0.075,0.05,0.125,0.125,0.05,0.075,0.075,0.075,0.125,0.125,0.05,0.075,0.125,0.125,0.075,0.025,0.125,0.125,0.125,0.075,0.05,0.075,0.125,0.125,0.125,0.125,0.075,0.125,0.125,0.075,0.125,0.05,0.125,0.125,0.05,0.075,0.025,0.125,0,0,0,0,0,0,0,0,0,0,0,1,Yeast
0.075,0.125,0.075,0.05,0.125,0.125,0.05,0.075,0.075,0.075,0.125,0.125,0.05,0.075,0.125,0.125,0.075,0.025,0.125,0.125,0.125,0.075,0.05,0.075,0.125,0.125,0.125,0.125,0.075,0.125,0.125,0.075,0.125,0.05,0.125,0.125,0.05,0.075,0.025,0.125,0,0,0,0,0,0,0,0,0,0,0,0,Mammalian
0.21428571428571427,0.14285714285714285,0.14285714285714285,0.21428571428571427,0.14285714285714285,0.14285714285714285,0.07142857142857142,0.07142857142857142,0.07142857142857142,0.07142857142857142,0.07142857142857142,0.21428571428571427,0.07142857142857142,0.07142857142857142,0.0,0.0,0.0,0.0,0.0,0.0,0.0,0.0,0.0,0.0,0.0,0.0,0.0,0.0,0.0,0.0,0.0,0.0,0.0,0.0,0.0,0.0,0.0,0.0,0.0,0.0,0,0,0,0,0,0,0,0,0,0,0,1,Yeast
0.21428571428571427,0.14285714285714285,0.14285714285714285,0.21428571428571427,0.14285714285714285,0.14285714285714285,0.07142857142857142,0.07142857142857142,0.07142857142857142,0.07142857142857142,0.07142857142857142,0.21428571428571427,0.07142857142857142,0.07142857142857142,0.0,0.0,0.0,0.0,0.0,0.0,0.0,0.0,0.0,0.0,0.0,0.0,0.0,0.0,0.0,0.0,0.0,0.0,0.0,0.0,0.0,0.0,0.0,0.0,0.0,0.0,0,0,0,0,0,0,0,0,0,0,0,0,Mammalian
0.12121212121212122,0.06060606060606061,0.06060606060606061,0.09090909090909091,0.09090909090909091,0.24242424242424243,0.24242424242424243,0.06060606060606061,0.24242424242424243,0.09090909090909091,0.06060606060606061,0.12121212121212122,0.030303030303030304,0.24242424242424243,0.06060606060606061,0.24242424242424243,0.06060606060606061,0.06060606060606061,0.06060606060606061,0.06060606060606061,0.06060606060606061,0.06060606060606061,0.24242424242424243,0.06060606060606061,0.12121212121212122,0.06060606060606061,0.06060606060606061,0.030303030303030304,0.06060606060606061,0.24242424242424243,0.06060606060606061,0.12121212121212122,0.24242424242424243,0.0,0.0,0.0,0.0,0.0,0.0,0.0,0,0,0,0,0,0,0,0,0,0,0,0,Mammalian
0.1111111111111111,0.1111111111111111,0.2222222222222222,0.1111111111111111,0.1111111111111111,0.1111111111111111,0.2222222222222222,0.2222222222222222,0.2222222222222222,0.0,0.0,0.0,0.0,0.0,0.0,0.0,0.0,0.0,0.0,0.0,0.0,0.0,0.0,0.0,0.0,0.0,0.0,0.0,0.0,0.0,0.0,0.0,0.0,0.0,0.0,0.0,0.0,0.0,0.0,0.0,0,0,0,0,0,0,0,0,0,0,0,0,Mammalian
0.08,0.08,0.28,0.24,0.04,0.24,0.28,0.08,0.04,0.04,0.28,0.24,0.08,0.28,0.24,0.08,0.24,0.28,0.28,0.24,0.12,0.08,0.12,0.12,0.28,0.0,0.0,0.0,0.0,0.0,0.0,0.0,0.0,0.0,0.0,0.0,0.0,0.0,0.0,0.0,0,0,0,0,0,0,0,0,0,0,0,0,Mammalian
0.0625,0.0625,0.25,0.21875,0.0625,0.21875,0.25,0.09375,0.03125,0.03125,0.25,0.21875,0.09375,0.25,0.21875,0.09375,0.21875,0.25,0.25,0.21875,0.09375,0.09375,0.09375,0.09375,0.25,0.03125,0.09375,0.21875,0.25,0.09375,0.0625,0.03125,0.0,0.0,0.0,0.0,0.0,0.0,0.0,0.0,0,0,0,0,0,0,0,0,0,0,0,0,Mammalian
0.2,0.2,0.1,0.1,0.2,0.1,0.1,0.1,0.1,0.2,0.0,0.0,0.0,0.0,0.0,0.0,0.0,0.0,0.0,0.0,0.0,0.0,0.0,0.0,0.0,0.0,0.0,0.0,0.0,0.0,0.0,0.0,0.0,0.0,0.0,0.0,0.0,0.0,0.0,0.0,0,0,0,0,0,0,0,0,0,0,0,0,Mammalian
0.17391304347826086,0.17391304347826086,0.08695652173913043,0.08695652173913043,0.08695652173913043,0.043478260869565216,0.13043478260869565,0.08695652173913043,0.08695652173913043,0.08695652173913043,0.13043478260869565,0.043478260869565216,0.043478260869565216,0.17391304347826086,0.08695652173913043,0.17391304347826086,0.08695652173913043,0.08695652173913043,0.13043478260869565,0.043478260869565216,0.08695652173913043,0.08695652173913043,0.08695652173913043,0.0,0.0,0.0,0.0,0.0,0.0,0.0,0.0,0.0,0.0,0.0,0.0,0.0,0.0,0.0,0.0,0.0,0,0,0,0,0,0,0,0,0,0,0,0,Mammalian
0.5,0.5,0.0,0.0,0.0,0.0,0.0,0.0,0.0,0.0,0.0,0.0,0.0,0.0,0.0,0.0,0.0,0.0,0.0,0.0,0.0,0.0,0.0,0.0,0.0,0.0,0.0,0.0,0.0,0.0,0.0,0.0,0.0,0.0,0.0,0.0,0.0,0.0,0.0,0.0,0,0,0,0,0,0,0,0,0,0,0,0,Mammalian
0.2222222222222222,0.1111111111111111,0.05555555555555555,0.16666666666666666,0.2222222222222222,0.1111111111111111,0.2222222222222222,0.05555555555555555,0.16666666666666666,0.05555555555555555,0.16666666666666666,0.05555555555555555,0.2222222222222222,0.05555555555555555,0.1111111111111111,0.05555555555555555,0.1111111111111111,0.05555555555555555,0.0,0.0,0.0,0.0,0.0,0.0,0.0,0.0,0.0,0.0,0.0,0.0,0.0,0.0,0.0,0.0,0.0,0.0,0.0,0.0,0.0,0.0,0,0,0,0,0,0,0,0,0,0,0,0,Mammalian
0.25,0.03125,0.0625,0.0625,0.25,0.25,0.0625,0.25,0.1875,0.1875,0.125,0.25,0.25,0.03125,0.0625,0.1875,0.1875,0.125,0.25,0.25,0.125,0.0625,0.1875,0.1875,0.03125,0.09375,0.03125,0.09375,0.09375,0.125,0.03125,0.0625,0.0,0.0,0.0,0.0,0.0,0.0,0.0,0.0,0,0,0,0,0,0,0,0,0,0,0,0,Mammalian
0.16666666666666666,0.05555555555555555,0.05555555555555555,0.2222222222222222,0.2222222222222222,0.05555555555555555,0.2222222222222222,0.16666666666666666,0.2222222222222222,0.2222222222222222,0.2222222222222222,0.2222222222222222,0.2222222222222222,0.05555555555555555,0.16666666666666666,0.05555555555555555,0.05555555555555555,0.05555555555555555,0.0,0.0,0.0,0.0,0.0,0.0,0.0,0.0,0.0,0.0,0.0,0.0,0.0,0.0,0.0,0.0,0.0,0.0,0.0,0.0,0.0,0.0,0,0,0,0,0,0,0,0,0,0,0,0,Mammalian
0.1111111111111111,0.05555555555555555,0.1111111111111111,0.05555555555555555,0.05555555555555555,0.05555555555555555,0.16666666666666666,0.05555555555555555,0.05555555555555555,0.16666666666666666,0.05555555555555555,0.05555555555555555,0.16666666666666666,0.16666666666666666,0.16666666666666666,0.05555555555555555,0.16666666666666666,0.05555555555555555,0.0,0.0,0.0,0.0,0.0,0.0,0.0,0.0,0.0,0.0,0.0,0.0,0.0,0.0,0.0,0.0,0.0,0.0,0.0,0.0,0.0,0.0,0,0,0,0,0,0,0,0,0,0,0,1,Yeast
0.1111111111111111,0.05555555555555555,0.1111111111111111,0.05555555555555555,0.05555555555555555,0.05555555555555555,0.16666666666666666,0.05555555555555555,0.05555555555555555,0.16666666666666666,0.05555555555555555,0.05555555555555555,0.16666666666666666,0.16666666666666666,0.16666666666666666,0.05555555555555555,0.16666666666666666,0.05555555555555555,0.0,0.0,0.0,0.0,0.0,0.0,0.0,0.0,0.0,0.0,0.0,0.0,0.0,0.0,0.0,0.0,0.0,0.0,0.0,0.0,0.0,0.0,0,0,0,0,0,0,0,0,0,0,0,0,Mammalian
0.1111111111111111,0.05555555555555555,0.1111111111111111,0.05555555555555555,0.05555555555555555,0.05555555555555555,0.16666666666666666,0.05555555555555555,0.05555555555555555,0.16666666666666666,0.05555555555555555,0.05555555555555555,0.16666666666666666,0.16666666666666666,0.16666666666666666,0.05555555555555555,0.16666666666666666,0.05555555555555555,0.0,0.0,0.0,0.0,0.0,0.0,0.0,0.0,0.0,0.0,0.0,0.0,0.0,0.0,0.0,0.0,0.0,0.0,0.0,0.0,0.0,0.0,0,0,0,0,0,0,0,0,0,0,0,0,E_coli
0.13636363636363635,0.13636363636363635,0.18181818181818182,0.18181818181818182,0.13636363636363635,0.13636363636363635,0.09090909090909091,0.13636363636363635,0.13636363636363635,0.13636363636363635,0.18181818181818182,0.13636363636363635,0.13636363636363635,0.045454545454545456,0.09090909090909091,0.13636363636363635,0.18181818181818182,0.09090909090909091,0.045454545454545456,0.13636363636363635,0.09090909090909091,0.13636363636363635,0.0,0.0,0.0,0.0,0.0,0.0,0.0,0.0,0.0,0.0,0.0,0.0,0.0,0.0,0.0,0.0,0.0,0.0,0,0,0,0,0,0,0,0,0,0,0,1,Yeast
0.13636363636363635,0.13636363636363635,0.18181818181818182,0.18181818181818182,0.13636363636363635,0.13636363636363635,0.09090909090909091,0.13636363636363635,0.13636363636363635,0.13636363636363635,0.18181818181818182,0.13636363636363635,0.13636363636363635,0.045454545454545456,0.09090909090909091,0.13636363636363635,0.18181818181818182,0.09090909090909091,0.045454545454545456,0.13636363636363635,0.09090909090909091,0.13636363636363635,0.0,0.0,0.0,0.0,0.0,0.0,0.0,0.0,0.0,0.0,0.0,0.0,0.0,0.0,0.0,0.0,0.0,0.0,0,0,0,0,0,0,0,0,0,0,0,0,Mammalian
0.13636363636363635,0.13636363636363635,0.18181818181818182,0.18181818181818182,0.13636363636363635,0.13636363636363635,0.09090909090909091,0.13636363636363635,0.13636363636363635,0.13636363636363635,0.18181818181818182,0.13636363636363635,0.13636363636363635,0.045454545454545456,0.09090909090909091,0.13636363636363635,0.18181818181818182,0.09090909090909091,0.045454545454545456,0.13636363636363635,0.09090909090909091,0.13636363636363635,0.0,0.0,0.0,0.0,0.0,0.0,0.0,0.0,0.0,0.0,0.0,0.0,0.0,0.0,0.0,0.0,0.0,0.0,0,0,0,0,0,0,0,0,0,0,0,0,E_coli
0.15384615384615385,0.15384615384615385,0.23076923076923078,0.15384615384615385,0.07692307692307693,0.07692307692307693,0.23076923076923078,0.15384615384615385,0.15384615384615385,0.07692307692307693,0.15384615384615385,0.07692307692307693,0.23076923076923078,0.0,0.0,0.0,0.0,0.0,0.0,0.0,0.0,0.0,0.0,0.0,0.0,0.0,0.0,0.0,0.0,0.0,0.0,0.0,0.0,0.0,0.0,0.0,0.0,0.0,0.0,0.0,0,0,0,0,0,0,0,0,0,0,0,0,E_coli
0.15384615384615385,0.15384615384615385,0.23076923076923078,0.15384615384615385,0.07692307692307693,0.07692307692307693,0.23076923076923078,0.15384615384615385,0.15384615384615385,0.07692307692307693,0.15384615384615385,0.07692307692307693,0.23076923076923078,0.0,0.0,0.0,0.0,0.0,0.0,0.0,0.0,0.0,0.0,0.0,0.0,0.0,0.0,0.0,0.0,0.0,0.0,0.0,0.0,0.0,0.0,0.0,0.0,0.0,0.0,0.0,0,0,0,0,0,0,0,0,0,0,0,0,Mammalian
0.15384615384615385,0.15384615384615385,0.23076923076923078,0.15384615384615385,0.07692307692307693,0.07692307692307693,0.23076923076923078,0.15384615384615385,0.15384615384615385,0.07692307692307693,0.15384615384615385,0.07692307692307693,0.23076923076923078,0.0,0.0,0.0,0.0,0.0,0.0,0.0,0.0,0.0,0.0,0.0,0.0,0.0,0.0,0.0,0.0,0.0,0.0,0.0,0.0,0.0,0.0,0.0,0.0,0.0,0.0,0.0,0,0,0,0,0,0,0,0,0,0,0,1,Yeast
0.11764705882352941,0.058823529411764705,0.058823529411764705,0.058823529411764705,0.11764705882352941,0.11764705882352941,0.058823529411764705,0.058823529411764705,0.11764705882352941,0.058823529411764705,0.058823529411764705,0.17647058823529413,0.17647058823529413,0.11764705882352941,0.11764705882352941,0.058823529411764705,0.17647058823529413,0.0,0.0,0.0,0.0,0.0,0.0,0.0,0.0,0.0,0.0,0.0,0.0,0.0,0.0,0.0,0.0,0.0,0.0,0.0,0.0,0.0,0.0,0.0,0,0,0,0,0,0,0,0,0,0,0,1,Yeast
0.11764705882352941,0.058823529411764705,0.058823529411764705,0.058823529411764705,0.11764705882352941,0.11764705882352941,0.058823529411764705,0.058823529411764705,0.11764705882352941,0.058823529411764705,0.058823529411764705,0.17647058823529413,0.17647058823529413,0.11764705882352941,0.11764705882352941,0.058823529411764705,0.17647058823529413,0.0,0.0,0.0,0.0,0.0,0.0,0.0,0.0,0.0,0.0,0.0,0.0,0.0,0.0,0.0,0.0,0.0,0.0,0.0,0.0,0.0,0.0,0.0,0,0,0,0,0,0,0,0,0,0,0,0,E_coli
0.11764705882352941,0.058823529411764705,0.058823529411764705,0.058823529411764705,0.11764705882352941,0.11764705882352941,0.058823529411764705,0.058823529411764705,0.11764705882352941,0.058823529411764705,0.058823529411764705,0.17647058823529413,0.17647058823529413,0.11764705882352941,0.11764705882352941,0.058823529411764705,0.17647058823529413,0.0,0.0,0.0,0.0,0.0,0.0,0.0,0.0,0.0,0.0,0.0,0.0,0.0,0.0,0.0,0.0,0.0,0.0,0.0,0.0,0.0,0.0,0.0,0,0,0,0,0,0,0,0,0,0,0,0,Mammalian
0.05555555555555555,0.1111111111111111,0.05555555555555555,0.1111111111111111,0.027777777777777776,0.16666666666666666,0.1111111111111111,0.16666666666666666,0.1111111111111111,0.027777777777777776,0.1111111111111111,0.1111111111111111,0.08333333333333333,0.08333333333333333,0.16666666666666666,0.1111111111111111,0.05555555555555555,0.027777777777777776,0.027777777777777776,0.1111111111111111,0.027777777777777776,0.16666666666666666,0.027777777777777776,0.1111111111111111,0.1111111111111111,0.1111111111111111,0.027777777777777776,0.1111111111111111,0.16666666666666666,0.05555555555555555,0.1111111111111111,0.16666666666666666,0.1111111111111111,0.08333333333333333,0.1111111111111111,0.1111111111111111,0.0,0.0,0.0,0.0,0,0,0,0,0,0,0,0,0,0,0,0,Mammalian
0.05555555555555555,0.1111111111111111,0.05555555555555555,0.1111111111111111,0.027777777777777776,0.16666666666666666,0.1111111111111111,0.16666666666666666,0.1111111111111111,0.027777777777777776,0.1111111111111111,0.1111111111111111,0.08333333333333333,0.08333333333333333,0.16666666666666666,0.1111111111111111,0.05555555555555555,0.027777777777777776,0.027777777777777776,0.1111111111111111,0.027777777777777776,0.16666666666666666,0.027777777777777776,0.1111111111111111,0.1111111111111111,0.1111111111111111,0.027777777777777776,0.1111111111111111,0.16666666666666666,0.05555555555555555,0.1111111111111111,0.16666666666666666,0.1111111111111111,0.08333333333333333,0.1111111111111111,0.1111111111111111,0.0,0.0,0.0,0.0,0,0,0,0,0,0,0,0,0,0,0,1,Yeast
0.05555555555555555,0.1111111111111111,0.05555555555555555,0.1111111111111111,0.027777777777777776,0.16666666666666666,0.1111111111111111,0.16666666666666666,0.1111111111111111,0.027777777777777776,0.1111111111111111,0.1111111111111111,0.08333333333333333,0.08333333333333333,0.16666666666666666,0.1111111111111111,0.05555555555555555,0.027777777777777776,0.027777777777777776,0.1111111111111111,0.027777777777777776,0.16666666666666666,0.027777777777777776,0.1111111111111111,0.1111111111111111,0.1111111111111111,0.027777777777777776,0.1111111111111111,0.16666666666666666,0.05555555555555555,0.1111111111111111,0.16666666666666666,0.1111111111111111,0.08333333333333333,0.1111111111111111,0.1111111111111111,0.0,0.0,0.0,0.0,0,0,0,0,0,0,0,0,0,0,0,0,E_coli
0.06666666666666667,0.06666666666666667,0.06666666666666667,0.13333333333333333,0.06666666666666667,0.06666666666666667,0.13333333333333333,0.13333333333333333,0.06666666666666667,0.13333333333333333,0.13333333333333333,0.13333333333333333,0.13333333333333333,0.06666666666666667,0.13333333333333333,0.0,0.0,0.0,0.0,0.0,0.0,0.0,0.0,0.0,0.0,0.0,0.0,0.0,0.0,0.0,0.0,0.0,0.0,0.0,0.0,0.0,0.0,0.0,0.0,0.0,0,0,0,0,0,0,0,0,0,0,0,0,Mammalian
0.06666666666666667,0.06666666666666667,0.06666666666666667,0.13333333333333333,0.06666666666666667,0.06666666666666667,0.13333333333333333,0.13333333333333333,0.06666666666666667,0.13333333333333333,0.13333333333333333,0.13333333333333333,0.13333333333333333,0.06666666666666667,0.13333333333333333,0.0,0.0,0.0,0.0,0.0,0.0,0.0,0.0,0.0,0.0,0.0,0.0,0.0,0.0,0.0,0.0,0.0,0.0,0.0,0.0,0.0,0.0,0.0,0.0,0.0,0,0,0,0,0,0,0,0,0,0,0,1,Yeast
0.06666666666666667,0.06666666666666667,0.06666666666666667,0.13333333333333333,0.06666666666666667,0.06666666666666667,0.13333333333333333,0.13333333333333333,0.06666666666666667,0.13333333333333333,0.13333333333333333,0.13333333333333333,0.13333333333333333,0.06666666666666667,0.13333333333333333,0.0,0.0,0.0,0.0,0.0,0.0,0.0,0.0,0.0,0.0,0.0,0.0,0.0,0.0,0.0,0.0,0.0,0.0,0.0,0.0,0.0,0.0,0.0,0.0,0.0,0,0,0,0,0,0,0,0,0,0,0,0,E_coli
0.05555555555555555,0.05555555555555555,0.05555555555555555,0.05555555555555555,0.16666666666666666,0.05555555555555555,0.05555555555555555,0.2222222222222222,0.05555555555555555,0.05555555555555555,0.2222222222222222,0.2222222222222222,0.16666666666666666,0.05555555555555555,0.16666666666666666,0.1111111111111111,0.1111111111111111,0.2222222222222222,0.0,0.0,0.0,0.0,0.0,0.0,0.0,0.0,0.0,0.0,0.0,0.0,0.0,0.0,0.0,0.0,0.0,0.0,0.0,0.0,0.0,0.0,0,0,0,0,0,0,0,0,0,0,0,1,Yeast
0.05555555555555555,0.05555555555555555,0.05555555555555555,0.05555555555555555,0.16666666666666666,0.05555555555555555,0.05555555555555555,0.2222222222222222,0.05555555555555555,0.05555555555555555,0.2222222222222222,0.2222222222222222,0.16666666666666666,0.05555555555555555,0.16666666666666666,0.1111111111111111,0.1111111111111111,0.2222222222222222,0.0,0.0,0.0,0.0,0.0,0.0,0.0,0.0,0.0,0.0,0.0,0.0,0.0,0.0,0.0,0.0,0.0,0.0,0.0,0.0,0.0,0.0,0,0,0,0,0,0,0,0,0,0,0,0,Mammalian
0.05555555555555555,0.05555555555555555,0.05555555555555555,0.05555555555555555,0.16666666666666666,0.05555555555555555,0.05555555555555555,0.2222222222222222,0.05555555555555555,0.05555555555555555,0.2222222222222222,0.2222222222222222,0.16666666666666666,0.05555555555555555,0.16666666666666666,0.1111111111111111,0.1111111111111111,0.2222222222222222,0.0,0.0,0.0,0.0,0.0,0.0,0.0,0.0,0.0,0.0,0.0,0.0,0.0,0.0,0.0,0.0,0.0,0.0,0.0,0.0,0.0,0.0,0,0,0,0,0,0,0,0,0,0,0,0,E_coli
0.375,0.375,0.125,0.375,0.375,0.125,0.375,0.375,0.0,0.0,0.0,0.0,0.0,0.0,0.0,0.0,0.0,0.0,0.0,0.0,0.0,0.0,0.0,0.0,0.0,0.0,0.0,0.0,0.0,0.0,0.0,0.0,0.0,0.0,0.0,0.0,0.0,0.0,0.0,0.0,0,0,0,0,0,0,0,0,0,0,0,2,Yeast
0.375,0.375,0.125,0.375,0.375,0.125,0.375,0.375,0.0,0.0,0.0,0.0,0.0,0.0,0.0,0.0,0.0,0.0,0.0,0.0,0.0,0.0,0.0,0.0,0.0,0.0,0.0,0.0,0.0,0.0,0.0,0.0,0.0,0.0,0.0,0.0,0.0,0.0,0.0,0.0,0,0,0,0,0,0,0,0,0,0,0,1,Mammalian
0.2857142857142857,0.42857142857142855,0.14285714285714285,0.14285714285714285,0.42857142857142855,0.2857142857142857,0.42857142857142855,0.0,0.0,0.0,0.0,0.0,0.0,0.0,0.0,0.0,0.0,0.0,0.0,0.0,0.0,0.0,0.0,0.0,0.0,0.0,0.0,0.0,0.0,0.0,0.0,0.0,0.0,0.0,0.0,0.0,0.0,0.0,0.0,0.0,0,0,0,0,0,0,0,0,0,0,0,1,Mammalian
0.2857142857142857,0.42857142857142855,0.14285714285714285,0.14285714285714285,0.42857142857142855,0.2857142857142857,0.42857142857142855,0.0,0.0,0.0,0.0,0.0,0.0,0.0,0.0,0.0,0.0,0.0,0.0,0.0,0.0,0.0,0.0,0.0,0.0,0.0,0.0,0.0,0.0,0.0,0.0,0.0,0.0,0.0,0.0,0.0,0.0,0.0,0.0,0.0,0,0,0,0,0,0,0,0,0,0,0,2,Yeast
0.25,0.375,0.125,0.125,0.375,0.25,0.375,0.125,0.0,0.0,0.0,0.0,0.0,0.0,0.0,0.0,0.0,0.0,0.0,0.0,0.0,0.0,0.0,0.0,0.0,0.0,0.0,0.0,0.0,0.0,0.0,0.0,0.0,0.0,0.0,0.0,0.0,0.0,0.0,0.0,0,0,0,0,0,0,0,0,0,0,0,2,Yeast
0.25,0.375,0.125,0.125,0.375,0.25,0.375,0.125,0.0,0.0,0.0,0.0,0.0,0.0,0.0,0.0,0.0,0.0,0.0,0.0,0.0,0.0,0.0,0.0,0.0,0.0,0.0,0.0,0.0,0.0,0.0,0.0,0.0,0.0,0.0,0.0,0.0,0.0,0.0,0.0,0,0,0,0,0,0,0,0,0,0,0,1,Mammalian
0.2727272727272727,0.36363636363636365,0.18181818181818182,0.09090909090909091,0.36363636363636365,0.2727272727272727,0.36363636363636365,0.09090909090909091,0.2727272727272727,0.36363636363636365,0.18181818181818182,0.0,0.0,0.0,0.0,0.0,0.0,0.0,0.0,0.0,0.0,0.0,0.0,0.0,0.0,0.0,0.0,0.0,0.0,0.0,0.0,0.0,0.0,0.0,0.0,0.0,0.0,0.0,0.0,0.0,0,0,0,0,0,0,0,0,0,0,0,1,Mammalian
0.2727272727272727,0.36363636363636365,0.18181818181818182,0.09090909090909091,0.36363636363636365,0.2727272727272727,0.36363636363636365,0.09090909090909091,0.2727272727272727,0.36363636363636365,0.18181818181818182,0.0,0.0,0.0,0.0,0.0,0.0,0.0,0.0,0.0,0.0,0.0,0.0,0.0,0.0,0.0,0.0,0.0,0.0,0.0,0.0,0.0,0.0,0.0,0.0,0.0,0.0,0.0,0.0,0.0,0,0,0,0,0,0,0,0,0,0,0,2,Yeast
0.125,0.375,0.25,0.125,0.125,0.375,0.25,0.375,0.0,0.0,0.0,0.0,0.0,0.0,0.0,0.0,0.0,0.0,0.0,0.0,0.0,0.0,0.0,0.0,0.0,0.0,0.0,0.0,0.0,0.0,0.0,0.0,0.0,0.0,0.0,0.0,0.0,0.0,0.0,0.0,0,0,0,0,0,0,0,0,0,0,0,1,Mammalian
0.125,0.375,0.25,0.125,0.125,0.375,0.25,0.375,0.0,0.0,0.0,0.0,0.0,0.0,0.0,0.0,0.0,0.0,0.0,0.0,0.0,0.0,0.0,0.0,0.0,0.0,0.0,0.0,0.0,0.0,0.0,0.0,0.0,0.0,0.0,0.0,0.0,0.0,0.0,0.0,0,0,0,0,0,0,0,0,0,0,0,2,Yeast
0.08333333333333333,0.25,0.16666666666666666,0.08333333333333333,0.25,0.25,0.16666666666666666,0.25,0.08333333333333333,0.25,0.25,0.08333333333333333,0.0,0.0,0.0,0.0,0.0,0.0,0.0,0.0,0.0,0.0,0.0,0.0,0.0,0.0,0.0,0.0,0.0,0.0,0.0,0.0,0.0,0.0,0.0,0.0,0.0,0.0,0.0,0.0,0,0,0,0,0,0,0,0,0,0,0,2,Yeast
0.08333333333333333,0.25,0.16666666666666666,0.08333333333333333,0.25,0.25,0.16666666666666666,0.25,0.08333333333333333,0.25,0.25,0.08333333333333333,0.0,0.0,0.0,0.0,0.0,0.0,0.0,0.0,0.0,0.0,0.0,0.0,0.0,0.0,0.0,0.0,0.0,0.0,0.0,0.0,0.0,0.0,0.0,0.0,0.0,0.0,0.0,0.0,0,0,0,0,0,0,0,0,0,0,0,1,Mammalian
0.2857142857142857,0.14285714285714285,0.14285714285714285,0.14285714285714285,0.14285714285714285,0.14285714285714285,0.2857142857142857,0.0,0.0,0.0,0.0,0.0,0.0,0.0,0.0,0.0,0.0,0.0,0.0,0.0,0.0,0.0,0.0,0.0,0.0,0.0,0.0,0.0,0.0,0.0,0.0,0.0,0.0,0.0,0.0,0.0,0.0,0.0,0.0,0.0,0,0,0,0,0,0,0,0,0,0,0,2,Mammalian
0.25,0.125,0.125,0.125,0.125,0.125,0.25,0.125,0.0,0.0,0.0,0.0,0.0,0.0,0.0,0.0,0.0,0.0,0.0,0.0,0.0,0.0,0.0,0.0,0.0,0.0,0.0,0.0,0.0,0.0,0.0,0.0,0.0,0.0,0.0,0.0,0.0,0.0,0.0,0.0,0,0,0,0,0,0,0,0,0,0,0,2,Mammalian
0.2222222222222222,0.1111111111111111,0.1111111111111111,0.1111111111111111,0.1111111111111111,0.2222222222222222,0.2222222222222222,0.1111111111111111,0.2222222222222222,0.0,0.0,0.0,0.0,0.0,0.0,0.0,0.0,0.0,0.0,0.0,0.0,0.0,0.0,0.0,0.0,0.0,0.0,0.0,0.0,0.0,0.0,0.0,0.0,0.0,0.0,0.0,0.0,0.0,0.0,0.0,0,0,0,0,0,0,0,0,0,0,0,2,Mammalian
0.2,0.1,0.1,0.1,0.1,0.2,0.2,0.1,0.2,0.1,0.0,0.0,0.0,0.0,0.0,0.0,0.0,0.0,0.0,0.0,0.0,0.0,0.0,0.0,0.0,0.0,0.0,0.0,0.0,0.0,0.0,0.0,0.0,0.0,0.0,0.0,0.0,0.0,0.0,0.0,0,0,0,0,0,0,0,0,0,0,0,2,Mammalian
0.18181818181818182,0.09090909090909091,0.09090909090909091,0.09090909090909091,0.09090909090909091,0.18181818181818182,0.18181818181818182,0.18181818181818182,0.18181818181818182,0.09090909090909091,0.18181818181818182,0.0,0.0,0.0,0.0,0.0,0.0,0.0,0.0,0.0,0.0,0.0,0.0,0.0,0.0,0.0,0.0,0.0,0.0,0.0,0.0,0.0,0.0,0.0,0.0,0.0,0.0,0.0,0.0,0.0,0,0,0,0,0,0,0,0,0,0,0,2,Mammalian
0.16666666666666666,0.08333333333333333,0.08333333333333333,0.08333333333333333,0.08333333333333333,0.25,0.16666666666666666,0.16666666666666666,0.25,0.08333333333333333,0.16666666666666666,0.25,0.0,0.0,0.0,0.0,0.0,0.0,0.0,0.0,0.0,0.0,0.0,0.0,0.0,0.0,0.0,0.0,0.0,0.0,0.0,0.0,0.0,0.0,0.0,0.0,0.0,0.0,0.0,0.0,0,0,0,0,0,0,0,0,0,0,0,2,Mammalian
0.15384615384615385,0.15384615384615385,0.07692307692307693,0.07692307692307693,0.07692307692307693,0.23076923076923078,0.15384615384615385,0.15384615384615385,0.23076923076923078,0.07692307692307693,0.15384615384615385,0.23076923076923078,0.15384615384615385,0.0,0.0,0.0,0.0,0.0,0.0,0.0,0.0,0.0,0.0,0.0,0.0,0.0,0.0,0.0,0.0,0.0,0.0,0.0,0.0,0.0,0.0,0.0,0.0,0.0,0.0,0.0,0,0,0,0,0,0,0,0,0,0,0,2,Mammalian
0.14285714285714285,0.14285714285714285,0.07142857142857142,0.07142857142857142,0.07142857142857142,0.21428571428571427,0.14285714285714285,0.14285714285714285,0.21428571428571427,0.07142857142857142,0.14285714285714285,0.21428571428571427,0.14285714285714285,0.07142857142857142,0.0,0.0,0.0,0.0,0.0,0.0,0.0,0.0,0.0,0.0,0.0,0.0,0.0,0.0,0.0,0.0,0.0,0.0,0.0,0.0,0.0,0.0,0.0,0.0,0.0,0.0,0,0,0,0,0,0,0,0,0,0,0,2,Mammalian
0.13333333333333333,0.13333333333333333,0.06666666666666667,0.06666666666666667,0.06666666666666667,0.2,0.13333333333333333,0.13333333333333333,0.2,0.06666666666666667,0.13333333333333333,0.2,0.13333333333333333,0.06666666666666667,0.06666666666666667,0.0,0.0,0.0,0.0,0.0,0.0,0.0,0.0,0.0,0.0,0.0,0.0,0.0,0.0,0.0,0.0,0.0,0.0,0.0,0.0,0.0,0.0,0.0,0.0,0.0,0,0,0,0,0,0,0,0,0,0,0,2,Mammalian
0.1875,0.125,0.0625,0.0625,0.0625,0.1875,0.1875,0.125,0.1875,0.0625,0.125,0.1875,0.125,0.0625,0.0625,0.1875,0.0,0.0,0.0,0.0,0.0,0.0,0.0,0.0,0.0,0.0,0.0,0.0,0.0,0.0,0.0,0.0,0.0,0.0,0.0,0.0,0.0,0.0,0.0,0.0,0,0,0,0,0,0,0,0,0,0,0,2,Mammalian
0.14285714285714285,0.08571428571428572,0.02857142857142857,0.14285714285714285,0.14285714285714285,0.05714285714285714,0.08571428571428572,0.08571428571428572,0.08571428571428572,0.14285714285714285,0.14285714285714285,0.05714285714285714,0.05714285714285714,0.11428571428571428,0.14285714285714285,0.05714285714285714,0.02857142857142857,0.14285714285714285,0.14285714285714285,0.11428571428571428,0.08571428571428572,0.05714285714285714,0.05714285714285714,0.14285714285714285,0.14285714285714285,0.14285714285714285,0.11428571428571428,0.08571428571428572,0.14285714285714285,0.14285714285714285,0.05714285714285714,0.14285714285714285,0.05714285714285714,0.11428571428571428,0.14285714285714285,0.0,0.0,0.0,0.0,0.0,0,0,0,0,0,0,0,0,0,0,0,2,Mammalian
0.42857142857142855,0.47619047619047616,0.47619047619047616,0.42857142857142855,0.42857142857142855,0.47619047619047616,0.47619047619047616,0.42857142857142855,0.09523809523809523,0.47619047619047616,0.42857142857142855,0.42857142857142855,0.47619047619047616,0.47619047619047616,0.42857142857142855,0.09523809523809523,0.47619047619047616,0.42857142857142855,0.42857142857142855,0.47619047619047616,0.47619047619047616,0.0,0.0,0.0,0.0,0.0,0.0,0.0,0.0,0.0,0.0,0.0,0.0,0.0,0.0,0.0,0.0,0.0,0.0,0.0,0,0,0,0,0,0,0,0,0,0,0,0,E_coli
0.42857142857142855,0.47619047619047616,0.47619047619047616,0.42857142857142855,0.42857142857142855,0.47619047619047616,0.47619047619047616,0.42857142857142855,0.09523809523809523,0.47619047619047616,0.42857142857142855,0.42857142857142855,0.47619047619047616,0.47619047619047616,0.42857142857142855,0.09523809523809523,0.47619047619047616,0.42857142857142855,0.42857142857142855,0.47619047619047616,0.47619047619047616,0.0,0.0,0.0,0.0,0.0,0.0,0.0,0.0,0.0,0.0,0.0,0.0,0.0,0.0,0.0,0.0,0.0,0.0,0.0,0,0,0,0,0,0,0,0,0,0,0,0,Mammalian
0.42857142857142855,0.47619047619047616,0.47619047619047616,0.42857142857142855,0.42857142857142855,0.47619047619047616,0.47619047619047616,0.42857142857142855,0.09523809523809523,0.47619047619047616,0.42857142857142855,0.42857142857142855,0.47619047619047616,0.47619047619047616,0.42857142857142855,0.09523809523809523,0.47619047619047616,0.42857142857142855,0.42857142857142855,0.47619047619047616,0.47619047619047616,0.0,0.0,0.0,0.0,0.0,0.0,0.0,0.0,0.0,0.0,0.0,0.0,0.0,0.0,0.0,0.0,0.0,0.0,0.0,0,0,0,0,0,0,0,0,0,0,0,1,Yeast
0.3333333333333333,0.3333333333333333,0.3333333333333333,0.0,0.0,0.0,0.0,0.0,0.0,0.0,0.0,0.0,0.0,0.0,0.0,0.0,0.0,0.0,0.0,0.0,0.0,0.0,0.0,0.0,0.0,0.0,0.0,0.0,0.0,0.0,0.0,0.0,0.0,0.0,0.0,0.0,0.0,0.0,0.0,0.0,0,0,0,0,0,0,0,0,0,0,0,0,Mammalian
0.3333333333333333,0.3333333333333333,0.3333333333333333,0.0,0.0,0.0,0.0,0.0,0.0,0.0,0.0,0.0,0.0,0.0,0.0,0.0,0.0,0.0,0.0,0.0,0.0,0.0,0.0,0.0,0.0,0.0,0.0,0.0,0.0,0.0,0.0,0.0,0.0,0.0,0.0,0.0,0.0,0.0,0.0,0.0,0,0,0,0,0,0,0,0,0,0,0,1,Yeast
0.3333333333333333,0.3333333333333333,0.3333333333333333,0.0,0.0,0.0,0.0,0.0,0.0,0.0,0.0,0.0,0.0,0.0,0.0,0.0,0.0,0.0,0.0,0.0,0.0,0.0,0.0,0.0,0.0,0.0,0.0,0.0,0.0,0.0,0.0,0.0,0.0,0.0,0.0,0.0,0.0,0.0,0.0,0.0,0,0,0,0,0,0,0,0,0,0,0,0,E_coli
0.11764705882352941,0.11764705882352941,0.23529411764705882,0.23529411764705882,0.058823529411764705,0.23529411764705882,0.17647058823529413,0.23529411764705882,0.058823529411764705,0.058823529411764705,0.058823529411764705,0.11764705882352941,0.058823529411764705,0.17647058823529413,0.058823529411764705,0.17647058823529413,0.11764705882352941,0.0,0.0,0.0,0.0,0.0,0.0,0.0,0.0,0.0,0.0,0.0,0.0,0.0,0.0,0.0,0.0,0.0,0.0,0.0,0.0,0.0,0.0,0.0,0,0,0,0,0,0,0,0,0,0,0,0,E_coli
0.11764705882352941,0.11764705882352941,0.23529411764705882,0.23529411764705882,0.058823529411764705,0.23529411764705882,0.17647058823529413,0.23529411764705882,0.058823529411764705,0.058823529411764705,0.058823529411764705,0.11764705882352941,0.058823529411764705,0.17647058823529413,0.058823529411764705,0.17647058823529413,0.11764705882352941,0.0,0.0,0.0,0.0,0.0,0.0,0.0,0.0,0.0,0.0,0.0,0.0,0.0,0.0,0.0,0.0,0.0,0.0,0.0,0.0,0.0,0.0,0.0,0,0,0,0,0,0,0,0,0,0,0,1,Yeast
0.11764705882352941,0.11764705882352941,0.23529411764705882,0.23529411764705882,0.058823529411764705,0.23529411764705882,0.17647058823529413,0.23529411764705882,0.058823529411764705,0.058823529411764705,0.058823529411764705,0.11764705882352941,0.058823529411764705,0.17647058823529413,0.058823529411764705,0.17647058823529413,0.11764705882352941,0.0,0.0,0.0,0.0,0.0,0.0,0.0,0.0,0.0,0.0,0.0,0.0,0.0,0.0,0.0,0.0,0.0,0.0,0.0,0.0,0.0,0.0,0.0,0,0,0,0,0,0,0,0,0,0,0,0,Mammalian
0.06666666666666667,0.2,0.06666666666666667,0.06666666666666667,0.06666666666666667,0.06666666666666667,0.2,0.06666666666666667,0.06666666666666667,0.06666666666666667,0.06666666666666667,0.06666666666666667,0.06666666666666667,0.2,0.06666666666666667,0.0,0.0,0.0,0.0,0.0,0.0,0.0,0.0,0.0,0.0,0.0,0.0,0.0,0.0,0.0,0.0,0.0,0.0,0.0,0.0,0.0,0.0,0.0,0.0,0.0,0,0,0,0,0,0,0,0,0,0,0,1,Yeast
0.06666666666666667,0.2,0.06666666666666667,0.06666666666666667,0.06666666666666667,0.06666666666666667,0.2,0.06666666666666667,0.06666666666666667,0.06666666666666667,0.06666666666666667,0.06666666666666667,0.06666666666666667,0.2,0.06666666666666667,0.0,0.0,0.0,0.0,0.0,0.0,0.0,0.0,0.0,0.0,0.0,0.0,0.0,0.0,0.0,0.0,0.0,0.0,0.0,0.0,0.0,0.0,0.0,0.0,0.0,0,0,0,0,0,0,0,0,0,0,0,0,E_coli
0.06666666666666667,0.2,0.06666666666666667,0.06666666666666667,0.06666666666666667,0.06666666666666667,0.2,0.06666666666666667,0.06666666666666667,0.06666666666666667,0.06666666666666667,0.06666666666666667,0.06666666666666667,0.2,0.06666666666666667,0.0,0.0,0.0,0.0,0.0,0.0,0.0,0.0,0.0,0.0,0.0,0.0,0.0,0.0,0.0,0.0,0.0,0.0,0.0,0.0,0.0,0.0,0.0,0.0,0.0,0,0,0,0,0,0,0,0,0,0,0,0,Mammalian
0.07692307692307693,0.38461538461538464,0.15384615384615385,0.07692307692307693,0.38461538461538464,0.23076923076923078,0.38461538461538464,0.07692307692307693,0.23076923076923078,0.38461538461538464,0.15384615384615385,0.23076923076923078,0.38461538461538464,0.0,0.0,0.0,0.0,0.0,0.0,0.0,0.0,0.0,0.0,0.0,0.0,0.0,0.0,0.0,0.0,0.0,0.0,0.0,0.0,0.0,0.0,0.0,0.0,0.0,0.0,0.0,0,0,0,0,0,0,0,0,0,0,0,1,Yeast
0.07692307692307693,0.38461538461538464,0.15384615384615385,0.07692307692307693,0.38461538461538464,0.23076923076923078,0.38461538461538464,0.07692307692307693,0.23076923076923078,0.38461538461538464,0.15384615384615385,0.23076923076923078,0.38461538461538464,0.0,0.0,0.0,0.0,0.0,0.0,0.0,0.0,0.0,0.0,0.0,0.0,0.0,0.0,0.0,0.0,0.0,0.0,0.0,0.0,0.0,0.0,0.0,0.0,0.0,0.0,0.0,0,0,0,0,0,0,0,0,0,0,0,0,Mammalian
0.07692307692307693,0.38461538461538464,0.15384615384615385,0.07692307692307693,0.38461538461538464,0.23076923076923078,0.38461538461538464,0.07692307692307693,0.23076923076923078,0.38461538461538464,0.15384615384615385,0.23076923076923078,0.38461538461538464,0.0,0.0,0.0,0.0,0.0,0.0,0.0,0.0,0.0,0.0,0.0,0.0,0.0,0.0,0.0,0.0,0.0,0.0,0.0,0.0,0.0,0.0,0.0,0.0,0.0,0.0,0.0,0,0,0,0,0,0,0,0,0,0,0,0,E_coli
0.3076923076923077,0.3076923076923077,0.3076923076923077,0.3076923076923077,0.23076923076923078,0.23076923076923078,0.07692307692307693,0.07692307692307693,0.23076923076923078,0.23076923076923078,0.23076923076923078,0.23076923076923078,0.07692307692307693,0.0,0.0,0.0,0.0,0.0,0.0,0.0,0.0,0.0,0.0,0.0,0.0,0.0,0.0,0.0,0.0,0.0,0.0,0.0,0.0,0.0,0.0,0.0,0.0,0.0,0.0,0.0,0,0,0,0,0,0,0,0,0,0,0,0,Mammalian
0.3076923076923077,0.3076923076923077,0.3076923076923077,0.3076923076923077,0.23076923076923078,0.23076923076923078,0.07692307692307693,0.07692307692307693,0.23076923076923078,0.23076923076923078,0.23076923076923078,0.23076923076923078,0.07692307692307693,0.0,0.0,0.0,0.0,0.0,0.0,0.0,0.0,0.0,0.0,0.0,0.0,0.0,0.0,0.0,0.0,0.0,0.0,0.0,0.0,0.0,0.0,0.0,0.0,0.0,0.0,0.0,0,0,0,0,0,0,0,0,0,0,0,1,Yeast
0.3076923076923077,0.3076923076923077,0.3076923076923077,0.3076923076923077,0.23076923076923078,0.23076923076923078,0.07692307692307693,0.07692307692307693,0.23076923076923078,0.23076923076923078,0.23076923076923078,0.23076923076923078,0.07692307692307693,0.0,0.0,0.0,0.0,0.0,0.0,0.0,0.0,0.0,0.0,0.0,0.0,0.0,0.0,0.0,0.0,0.0,0.0,0.0,0.0,0.0,0.0,0.0,0.0,0.0,0.0,0.0,0,0,0,0,0,0,0,0,0,0,0,0,E_coli
0.3076923076923077,0.3076923076923077,0.3076923076923077,0.3076923076923077,0.23076923076923078,0.23076923076923078,0.07692307692307693,0.07692307692307693,0.23076923076923078,0.23076923076923078,0.07692307692307693,0.23076923076923078,0.23076923076923078,0.0,0.0,0.0,0.0,0.0,0.0,0.0,0.0,0.0,0.0,0.0,0.0,0.0,0.0,0.0,0.0,0.0,0.0,0.0,0.0,0.0,0.0,0.0,0.0,0.0,0.0,0.0,0,0,0,0,0,0,0,0,0,0,0,0,Mammalian
0.3076923076923077,0.3076923076923077,0.3076923076923077,0.3076923076923077,0.23076923076923078,0.23076923076923078,0.07692307692307693,0.07692307692307693,0.23076923076923078,0.23076923076923078,0.07692307692307693,0.23076923076923078,0.23076923076923078,0.0,0.0,0.0,0.0,0.0,0.0,0.0,0.0,0.0,0.0,0.0,0.0,0.0,0.0,0.0,0.0,0.0,0.0,0.0,0.0,0.0,0.0,0.0,0.0,0.0,0.0,0.0,0,0,0,0,0,0,0,0,0,0,0,0,E_coli
0.3076923076923077,0.3076923076923077,0.3076923076923077,0.3076923076923077,0.23076923076923078,0.23076923076923078,0.07692307692307693,0.07692307692307693,0.23076923076923078,0.23076923076923078,0.07692307692307693,0.23076923076923078,0.23076923076923078,0.0,0.0,0.0,0.0,0.0,0.0,0.0,0.0,0.0,0.0,0.0,0.0,0.0,0.0,0.0,0.0,0.0,0.0,0.0,0.0,0.0,0.0,0.0,0.0,0.0,0.0,0.0,0,0,0,0,0,0,0,0,0,0,0,1,Yeast
0.3076923076923077,0.3076923076923077,0.3076923076923077,0.3076923076923077,0.3076923076923077,0.3076923076923077,0.3076923076923077,0.07692307692307693,0.23076923076923078,0.3076923076923077,0.23076923076923078,0.23076923076923078,0.07692307692307693,0.0,0.0,0.0,0.0,0.0,0.0,0.0,0.0,0.0,0.0,0.0,0.0,0.0,0.0,0.0,0.0,0.0,0.0,0.0,0.0,0.0,0.0,0.0,0.0,0.0,0.0,0.0,0,0,0,0,0,0,0,0,0,0,0,0,E_coli
0.3076923076923077,0.3076923076923077,0.3076923076923077,0.3076923076923077,0.3076923076923077,0.3076923076923077,0.3076923076923077,0.07692307692307693,0.23076923076923078,0.3076923076923077,0.23076923076923078,0.23076923076923078,0.07692307692307693,0.0,0.0,0.0,0.0,0.0,0.0,0.0,0.0,0.0,0.0,0.0,0.0,0.0,0.0,0.0,0.0,0.0,0.0,0.0,0.0,0.0,0.0,0.0,0.0,0.0,0.0,0.0,0,0,0,0,0,0,0,0,0,0,0,1,Yeast
0.3076923076923077,0.3076923076923077,0.3076923076923077,0.3076923076923077,0.3076923076923077,0.3076923076923077,0.3076923076923077,0.07692307692307693,0.23076923076923078,0.3076923076923077,0.23076923076923078,0.23076923076923078,0.07692307692307693,0.0,0.0,0.0,0.0,0.0,0.0,0.0,0.0,0.0,0.0,0.0,0.0,0.0,0.0,0.0,0.0,0.0,0.0,0.0,0.0,0.0,0.0,0.0,0.0,0.0,0.0,0.0,0,0,0,0,0,0,0,0,0,0,0,0,Mammalian
0.3076923076923077,0.3076923076923077,0.3076923076923077,0.3076923076923077,0.38461538461538464,0.38461538461538464,0.38461538461538464,0.07692307692307693,0.23076923076923078,0.38461538461538464,0.23076923076923078,0.38461538461538464,0.23076923076923078,0.0,0.0,0.0,0.0,0.0,0.0,0.0,0.0,0.0,0.0,0.0,0.0,0.0,0.0,0.0,0.0,0.0,0.0,0.0,0.0,0.0,0.0,0.0,0.0,0.0,0.0,0.0,0,0,0,0,0,0,0,0,0,0,0,0,E_coli
0.3076923076923077,0.3076923076923077,0.3076923076923077,0.3076923076923077,0.38461538461538464,0.38461538461538464,0.38461538461538464,0.07692307692307693,0.23076923076923078,0.38461538461538464,0.23076923076923078,0.38461538461538464,0.23076923076923078,0.0,0.0,0.0,0.0,0.0,0.0,0.0,0.0,0.0,0.0,0.0,0.0,0.0,0.0,0.0,0.0,0.0,0.0,0.0,0.0,0.0,0.0,0.0,0.0,0.0,0.0,0.0,0,0,0,0,0,0,0,0,0,0,0,1,Yeast
0.3076923076923077,0.3076923076923077,0.3076923076923077,0.3076923076923077,0.38461538461538464,0.38461538461538464,0.38461538461538464,0.07692307692307693,0.23076923076923078,0.38461538461538464,0.23076923076923078,0.38461538461538464,0.23076923076923078,0.0,0.0,0.0,0.0,0.0,0.0,0.0,0.0,0.0,0.0,0.0,0.0,0.0,0.0,0.0,0.0,0.0,0.0,0.0,0.0,0.0,0.0,0.0,0.0,0.0,0.0,0.0,0,0,0,0,0,0,0,0,0,0,0,0,Mammalian
0.3076923076923077,0.3076923076923077,0.3076923076923077,0.3076923076923077,0.23076923076923078,0.23076923076923078,0.23076923076923078,0.07692307692307693,0.3076923076923077,0.07692307692307693,0.3076923076923077,0.3076923076923077,0.3076923076923077,0.0,0.0,0.0,0.0,0.0,0.0,0.0,0.0,0.0,0.0,0.0,0.0,0.0,0.0,0.0,0.0,0.0,0.0,0.0,0.0,0.0,0.0,0.0,0.0,0.0,0.0,0.0,0,0,0,0,0,0,0,0,0,0,0,1,Yeast
0.3076923076923077,0.3076923076923077,0.3076923076923077,0.3076923076923077,0.23076923076923078,0.23076923076923078,0.23076923076923078,0.07692307692307693,0.3076923076923077,0.07692307692307693,0.3076923076923077,0.3076923076923077,0.3076923076923077,0.0,0.0,0.0,0.0,0.0,0.0,0.0,0.0,0.0,0.0,0.0,0.0,0.0,0.0,0.0,0.0,0.0,0.0,0.0,0.0,0.0,0.0,0.0,0.0,0.0,0.0,0.0,0,0,0,0,0,0,0,0,0,0,0,0,Mammalian
0.3076923076923077,0.3076923076923077,0.3076923076923077,0.3076923076923077,0.23076923076923078,0.23076923076923078,0.23076923076923078,0.07692307692307693,0.3076923076923077,0.07692307692307693,0.3076923076923077,0.3076923076923077,0.3076923076923077,0.0,0.0,0.0,0.0,0.0,0.0,0.0,0.0,0.0,0.0,0.0,0.0,0.0,0.0,0.0,0.0,0.0,0.0,0.0,0.0,0.0,0.0,0.0,0.0,0.0,0.0,0.0,0,0,0,0,0,0,0,0,0,0,0,0,E_coli
0.3076923076923077,0.3076923076923077,0.3076923076923077,0.3076923076923077,0.38461538461538464,0.38461538461538464,0.38461538461538464,0.07692307692307693,0.23076923076923078,0.38461538461538464,0.23076923076923078,0.38461538461538464,0.23076923076923078,0.0,0.0,0.0,0.0,0.0,0.0,0.0,0.0,0.0,0.0,0.0,0.0,0.0,0.0,0.0,0.0,0.0,0.0,0.0,0.0,0.0,0.0,0.0,0.0,0.0,0.0,0.0,0,0,0,0,0,0,0,0,0,0,0,1,Yeast
0.3076923076923077,0.3076923076923077,0.3076923076923077,0.3076923076923077,0.38461538461538464,0.38461538461538464,0.38461538461538464,0.07692307692307693,0.23076923076923078,0.38461538461538464,0.23076923076923078,0.38461538461538464,0.23076923076923078,0.0,0.0,0.0,0.0,0.0,0.0,0.0,0.0,0.0,0.0,0.0,0.0,0.0,0.0,0.0,0.0,0.0,0.0,0.0,0.0,0.0,0.0,0.0,0.0,0.0,0.0,0.0,0,0,0,0,0,0,0,0,0,0,0,0,Mammalian
0.3076923076923077,0.3076923076923077,0.3076923076923077,0.3076923076923077,0.38461538461538464,0.38461538461538464,0.38461538461538464,0.07692307692307693,0.23076923076923078,0.38461538461538464,0.23076923076923078,0.38461538461538464,0.23076923076923078,0.0,0.0,0.0,0.0,0.0,0.0,0.0,0.0,0.0,0.0,0.0,0.0,0.0,0.0,0.0,0.0,0.0,0.0,0.0,0.0,0.0,0.0,0.0,0.0,0.0,0.0,0.0,0,0,0,0,0,0,0,0,0,0,0,0,E_coli
0.3076923076923077,0.3076923076923077,0.3076923076923077,0.3076923076923077,0.23076923076923078,0.23076923076923078,0.23076923076923078,0.07692307692307693,0.3076923076923077,0.07692307692307693,0.3076923076923077,0.3076923076923077,0.3076923076923077,0.0,0.0,0.0,0.0,0.0,0.0,0.0,0.0,0.0,0.0,0.0,0.0,0.0,0.0,0.0,0.0,0.0,0.0,0.0,0.0,0.0,0.0,0.0,0.0,0.0,0.0,0.0,0,0,0,0,0,0,0,0,0,0,0,0,E_coli
0.3076923076923077,0.3076923076923077,0.3076923076923077,0.3076923076923077,0.23076923076923078,0.23076923076923078,0.23076923076923078,0.07692307692307693,0.3076923076923077,0.07692307692307693,0.3076923076923077,0.3076923076923077,0.3076923076923077,0.0,0.0,0.0,0.0,0.0,0.0,0.0,0.0,0.0,0.0,0.0,0.0,0.0,0.0,0.0,0.0,0.0,0.0,0.0,0.0,0.0,0.0,0.0,0.0,0.0,0.0,0.0,0,0,0,0,0,0,0,0,0,0,0,1,Yeast
0.3076923076923077,0.3076923076923077,0.3076923076923077,0.3076923076923077,0.23076923076923078,0.23076923076923078,0.23076923076923078,0.07692307692307693,0.3076923076923077,0.07692307692307693,0.3076923076923077,0.3076923076923077,0.3076923076923077,0.0,0.0,0.0,0.0,0.0,0.0,0.0,0.0,0.0,0.0,0.0,0.0,0.0,0.0,0.0,0.0,0.0,0.0,0.0,0.0,0.0,0.0,0.0,0.0,0.0,0.0,0.0,0,0,0,0,0,0,0,0,0,0,0,0,Mammalian
0.3076923076923077,0.3076923076923077,0.3076923076923077,0.3076923076923077,0.23076923076923078,0.15384615384615385,0.23076923076923078,0.07692307692307693,0.23076923076923078,0.23076923076923078,0.23076923076923078,0.23076923076923078,0.15384615384615385,0.0,0.0,0.0,0.0,0.0,0.0,0.0,0.0,0.0,0.0,0.0,0.0,0.0,0.0,0.0,0.0,0.0,0.0,0.0,0.0,0.0,0.0,0.0,0.0,0.0,0.0,0.0,0,0,0,0,0,0,0,0,0,0,0,0,Mammalian
0.3076923076923077,0.3076923076923077,0.3076923076923077,0.3076923076923077,0.23076923076923078,0.15384615384615385,0.23076923076923078,0.07692307692307693,0.23076923076923078,0.23076923076923078,0.23076923076923078,0.23076923076923078,0.15384615384615385,0.0,0.0,0.0,0.0,0.0,0.0,0.0,0.0,0.0,0.0,0.0,0.0,0.0,0.0,0.0,0.0,0.0,0.0,0.0,0.0,0.0,0.0,0.0,0.0,0.0,0.0,0.0,0,0,0,0,0,0,0,0,0,0,0,1,Yeast
0.3076923076923077,0.3076923076923077,0.3076923076923077,0.3076923076923077,0.23076923076923078,0.15384615384615385,0.23076923076923078,0.07692307692307693,0.23076923076923078,0.23076923076923078,0.23076923076923078,0.23076923076923078,0.15384615384615385,0.0,0.0,0.0,0.0,0.0,0.0,0.0,0.0,0.0,0.0,0.0,0.0,0.0,0.0,0.0,0.0,0.0,0.0,0.0,0.0,0.0,0.0,0.0,0.0,0.0,0.0,0.0,0,0,0,0,0,0,0,0,0,0,0,0,E_coli
0.3076923076923077,0.3076923076923077,0.3076923076923077,0.3076923076923077,0.23076923076923078,0.15384615384615385,0.23076923076923078,0.07692307692307693,0.23076923076923078,0.23076923076923078,0.23076923076923078,0.15384615384615385,0.23076923076923078,0.0,0.0,0.0,0.0,0.0,0.0,0.0,0.0,0.0,0.0,0.0,0.0,0.0,0.0,0.0,0.0,0.0,0.0,0.0,0.0,0.0,0.0,0.0,0.0,0.0,0.0,0.0,0,0,0,0,0,0,0,0,0,0,0,1,Yeast
0.3076923076923077,0.3076923076923077,0.3076923076923077,0.3076923076923077,0.23076923076923078,0.15384615384615385,0.23076923076923078,0.07692307692307693,0.23076923076923078,0.23076923076923078,0.23076923076923078,0.15384615384615385,0.23076923076923078,0.0,0.0,0.0,0.0,0.0,0.0,0.0,0.0,0.0,0.0,0.0,0.0,0.0,0.0,0.0,0.0,0.0,0.0,0.0,0.0,0.0,0.0,0.0,0.0,0.0,0.0,0.0,0,0,0,0,0,0,0,0,0,0,0,0,E_coli
0.3076923076923077,0.3076923076923077,0.3076923076923077,0.3076923076923077,0.23076923076923078,0.15384615384615385,0.23076923076923078,0.07692307692307693,0.23076923076923078,0.23076923076923078,0.23076923076923078,0.15384615384615385,0.23076923076923078,0.0,0.0,0.0,0.0,0.0,0.0,0.0,0.0,0.0,0.0,0.0,0.0,0.0,0.0,0.0,0.0,0.0,0.0,0.0,0.0,0.0,0.0,0.0,0.0,0.0,0.0,0.0,0,0,0,0,0,0,0,0,0,0,0,0,Mammalian
0.3076923076923077,0.3076923076923077,0.3076923076923077,0.3076923076923077,0.3076923076923077,0.07692307692307693,0.3076923076923077,0.07692307692307693,0.23076923076923078,0.3076923076923077,0.3076923076923077,0.23076923076923078,0.23076923076923078,0.0,0.0,0.0,0.0,0.0,0.0,0.0,0.0,0.0,0.0,0.0,0.0,0.0,0.0,0.0,0.0,0.0,0.0,0.0,0.0,0.0,0.0,0.0,0.0,0.0,0.0,0.0,0,0,0,0,0,0,0,0,0,0,0,1,Yeast
0.3076923076923077,0.3076923076923077,0.3076923076923077,0.3076923076923077,0.3076923076923077,0.07692307692307693,0.3076923076923077,0.07692307692307693,0.23076923076923078,0.3076923076923077,0.3076923076923077,0.23076923076923078,0.23076923076923078,0.0,0.0,0.0,0.0,0.0,0.0,0.0,0.0,0.0,0.0,0.0,0.0,0.0,0.0,0.0,0.0,0.0,0.0,0.0,0.0,0.0,0.0,0.0,0.0,0.0,0.0,0.0,0,0,0,0,0,0,0,0,0,0,0,0,Mammalian
0.3076923076923077,0.3076923076923077,0.3076923076923077,0.3076923076923077,0.3076923076923077,0.07692307692307693,0.3076923076923077,0.07692307692307693,0.23076923076923078,0.3076923076923077,0.3076923076923077,0.23076923076923078,0.23076923076923078,0.0,0.0,0.0,0.0,0.0,0.0,0.0,0.0,0.0,0.0,0.0,0.0,0.0,0.0,0.0,0.0,0.0,0.0,0.0,0.0,0.0,0.0,0.0,0.0,0.0,0.0,0.0,0,0,0,0,0,0,0,0,0,0,0,0,E_coli
0.3076923076923077,0.3076923076923077,0.3076923076923077,0.3076923076923077,0.15384615384615385,0.07692307692307693,0.15384615384615385,0.07692307692307693,0.3076923076923077,0.07692307692307693,0.3076923076923077,0.3076923076923077,0.3076923076923077,0.0,0.0,0.0,0.0,0.0,0.0,0.0,0.0,0.0,0.0,0.0,0.0,0.0,0.0,0.0,0.0,0.0,0.0,0.0,0.0,0.0,0.0,0.0,0.0,0.0,0.0,0.0,0,0,0,0,0,0,0,0,0,0,0,0,Mammalian
0.3076923076923077,0.3076923076923077,0.3076923076923077,0.3076923076923077,0.15384615384615385,0.07692307692307693,0.15384615384615385,0.07692307692307693,0.3076923076923077,0.07692307692307693,0.3076923076923077,0.3076923076923077,0.3076923076923077,0.0,0.0,0.0,0.0,0.0,0.0,0.0,0.0,0.0,0.0,0.0,0.0,0.0,0.0,0.0,0.0,0.0,0.0,0.0,0.0,0.0,0.0,0.0,0.0,0.0,0.0,0.0,0,0,0,0,0,0,0,0,0,0,0,1,Yeast
0.3076923076923077,0.3076923076923077,0.3076923076923077,0.3076923076923077,0.15384615384615385,0.07692307692307693,0.15384615384615385,0.07692307692307693,0.3076923076923077,0.07692307692307693,0.3076923076923077,0.3076923076923077,0.3076923076923077,0.0,0.0,0.0,0.0,0.0,0.0,0.0,0.0,0.0,0.0,0.0,0.0,0.0,0.0,0.0,0.0,0.0,0.0,0.0,0.0,0.0,0.0,0.0,0.0,0.0,0.0,0.0,0,0,0,0,0,0,0,0,0,0,0,0,E_coli
0.3076923076923077,0.3076923076923077,0.3076923076923077,0.3076923076923077,0.07692307692307693,0.15384615384615385,0.15384615384615385,0.07692307692307693,0.3076923076923077,0.07692307692307693,0.3076923076923077,0.3076923076923077,0.3076923076923077,0.0,0.0,0.0,0.0,0.0,0.0,0.0,0.0,0.0,0.0,0.0,0.0,0.0,0.0,0.0,0.0,0.0,0.0,0.0,0.0,0.0,0.0,0.0,0.0,0.0,0.0,0.0,0,0,0,0,0,0,0,0,0,0,0,0,Mammalian
0.3076923076923077,0.3076923076923077,0.3076923076923077,0.3076923076923077,0.07692307692307693,0.15384615384615385,0.15384615384615385,0.07692307692307693,0.3076923076923077,0.07692307692307693,0.3076923076923077,0.3076923076923077,0.3076923076923077,0.0,0.0,0.0,0.0,0.0,0.0,0.0,0.0,0.0,0.0,0.0,0.0,0.0,0.0,0.0,0.0,0.0,0.0,0.0,0.0,0.0,0.0,0.0,0.0,0.0,0.0,0.0,0,0,0,0,0,0,0,0,0,0,0,0,E_coli
0.3076923076923077,0.3076923076923077,0.3076923076923077,0.3076923076923077,0.07692307692307693,0.15384615384615385,0.15384615384615385,0.07692307692307693,0.3076923076923077,0.07692307692307693,0.3076923076923077,0.3076923076923077,0.3076923076923077,0.0,0.0,0.0,0.0,0.0,0.0,0.0,0.0,0.0,0.0,0.0,0.0,0.0,0.0,0.0,0.0,0.0,0.0,0.0,0.0,0.0,0.0,0.0,0.0,0.0,0.0,0.0,0,0,0,0,0,0,0,0,0,0,0,1,Yeast
0.3076923076923077,0.3076923076923077,0.3076923076923077,0.3076923076923077,0.3076923076923077,0.3076923076923077,0.15384615384615385,0.15384615384615385,0.07692307692307693,0.07692307692307693,0.3076923076923077,0.07692307692307693,0.3076923076923077,0.0,0.0,0.0,0.0,0.0,0.0,0.0,0.0,0.0,0.0,0.0,0.0,0.0,0.0,0.0,0.0,0.0,0.0,0.0,0.0,0.0,0.0,0.0,0.0,0.0,0.0,0.0,0,0,0,0,0,0,0,0,0,0,0,0,E_coli
0.3076923076923077,0.3076923076923077,0.3076923076923077,0.3076923076923077,0.3076923076923077,0.3076923076923077,0.15384615384615385,0.15384615384615385,0.07692307692307693,0.07692307692307693,0.3076923076923077,0.07692307692307693,0.3076923076923077,0.0,0.0,0.0,0.0,0.0,0.0,0.0,0.0,0.0,0.0,0.0,0.0,0.0,0.0,0.0,0.0,0.0,0.0,0.0,0.0,0.0,0.0,0.0,0.0,0.0,0.0,0.0,0,0,0,0,0,0,0,0,0,0,0,1,Yeast
0.3076923076923077,0.3076923076923077,0.3076923076923077,0.3076923076923077,0.3076923076923077,0.3076923076923077,0.15384615384615385,0.15384615384615385,0.07692307692307693,0.07692307692307693,0.3076923076923077,0.07692307692307693,0.3076923076923077,0.0,0.0,0.0,0.0,0.0,0.0,0.0,0.0,0.0,0.0,0.0,0.0,0.0,0.0,0.0,0.0,0.0,0.0,0.0,0.0,0.0,0.0,0.0,0.0,0.0,0.0,0.0,0,0,0,0,0,0,0,0,0,0,0,0,Mammalian
0.3076923076923077,0.3076923076923077,0.3076923076923077,0.3076923076923077,0.3076923076923077,0.3076923076923077,0.23076923076923078,0.23076923076923078,0.07692307692307693,0.23076923076923078,0.3076923076923077,0.07692307692307693,0.3076923076923077,0.0,0.0,0.0,0.0,0.0,0.0,0.0,0.0,0.0,0.0,0.0,0.0,0.0,0.0,0.0,0.0,0.0,0.0,0.0,0.0,0.0,0.0,0.0,0.0,0.0,0.0,0.0,0,0,0,0,0,0,0,0,0,0,0,0,E_coli
0.3076923076923077,0.3076923076923077,0.3076923076923077,0.3076923076923077,0.3076923076923077,0.3076923076923077,0.23076923076923078,0.23076923076923078,0.07692307692307693,0.23076923076923078,0.3076923076923077,0.07692307692307693,0.3076923076923077,0.0,0.0,0.0,0.0,0.0,0.0,0.0,0.0,0.0,0.0,0.0,0.0,0.0,0.0,0.0,0.0,0.0,0.0,0.0,0.0,0.0,0.0,0.0,0.0,0.0,0.0,0.0,0,0,0,0,0,0,0,0,0,0,0,0,Mammalian
0.3076923076923077,0.3076923076923077,0.3076923076923077,0.3076923076923077,0.3076923076923077,0.3076923076923077,0.23076923076923078,0.23076923076923078,0.07692307692307693,0.23076923076923078,0.3076923076923077,0.07692307692307693,0.3076923076923077,0.0,0.0,0.0,0.0,0.0,0.0,0.0,0.0,0.0,0.0,0.0,0.0,0.0,0.0,0.0,0.0,0.0,0.0,0.0,0.0,0.0,0.0,0.0,0.0,0.0,0.0,0.0,0,0,0,0,0,0,0,0,0,0,0,1,Yeast
0.3076923076923077,0.3076923076923077,0.3076923076923077,0.3076923076923077,0.3076923076923077,0.3076923076923077,0.15384615384615385,0.15384615384615385,0.07692307692307693,0.07692307692307693,0.3076923076923077,0.07692307692307693,0.3076923076923077,0.0,0.0,0.0,0.0,0.0,0.0,0.0,0.0,0.0,0.0,0.0,0.0,0.0,0.0,0.0,0.0,0.0,0.0,0.0,0.0,0.0,0.0,0.0,0.0,0.0,0.0,0.0,0,0,0,0,0,0,0,0,0,0,0,1,Yeast
0.3076923076923077,0.3076923076923077,0.3076923076923077,0.3076923076923077,0.3076923076923077,0.3076923076923077,0.15384615384615385,0.15384615384615385,0.07692307692307693,0.07692307692307693,0.3076923076923077,0.07692307692307693,0.3076923076923077,0.0,0.0,0.0,0.0,0.0,0.0,0.0,0.0,0.0,0.0,0.0,0.0,0.0,0.0,0.0,0.0,0.0,0.0,0.0,0.0,0.0,0.0,0.0,0.0,0.0,0.0,0.0,0,0,0,0,0,0,0,0,0,0,0,0,Mammalian
0.3076923076923077,0.3076923076923077,0.3076923076923077,0.3076923076923077,0.3076923076923077,0.3076923076923077,0.15384615384615385,0.15384615384615385,0.07692307692307693,0.07692307692307693,0.3076923076923077,0.07692307692307693,0.3076923076923077,0.0,0.0,0.0,0.0,0.0,0.0,0.0,0.0,0.0,0.0,0.0,0.0,0.0,0.0,0.0,0.0,0.0,0.0,0.0,0.0,0.0,0.0,0.0,0.0,0.0,0.0,0.0,0,0,0,0,0,0,0,0,0,0,0,0,E_coli
0.3076923076923077,0.3076923076923077,0.3076923076923077,0.3076923076923077,0.3076923076923077,0.3076923076923077,0.15384615384615385,0.15384615384615385,0.07692307692307693,0.07692307692307693,0.3076923076923077,0.07692307692307693,0.3076923076923077,0.0,0.0,0.0,0.0,0.0,0.0,0.0,0.0,0.0,0.0,0.0,0.0,0.0,0.0,0.0,0.0,0.0,0.0,0.0,0.0,0.0,0.0,0.0,0.0,0.0,0.0,0.0,0,0,0,0,0,0,0,0,0,0,0,1,Yeast
0.3076923076923077,0.3076923076923077,0.3076923076923077,0.3076923076923077,0.3076923076923077,0.3076923076923077,0.15384615384615385,0.15384615384615385,0.07692307692307693,0.07692307692307693,0.3076923076923077,0.07692307692307693,0.3076923076923077,0.0,0.0,0.0,0.0,0.0,0.0,0.0,0.0,0.0,0.0,0.0,0.0,0.0,0.0,0.0,0.0,0.0,0.0,0.0,0.0,0.0,0.0,0.0,0.0,0.0,0.0,0.0,0,0,0,0,0,0,0,0,0,0,0,0,Mammalian
0.3076923076923077,0.3076923076923077,0.3076923076923077,0.3076923076923077,0.3076923076923077,0.3076923076923077,0.15384615384615385,0.15384615384615385,0.07692307692307693,0.07692307692307693,0.3076923076923077,0.07692307692307693,0.3076923076923077,0.0,0.0,0.0,0.0,0.0,0.0,0.0,0.0,0.0,0.0,0.0,0.0,0.0,0.0,0.0,0.0,0.0,0.0,0.0,0.0,0.0,0.0,0.0,0.0,0.0,0.0,0.0,0,0,0,0,0,0,0,0,0,0,0,0,E_coli
0.3076923076923077,0.3076923076923077,0.3076923076923077,0.3076923076923077,0.3076923076923077,0.3076923076923077,0.15384615384615385,0.15384615384615385,0.07692307692307693,0.07692307692307693,0.3076923076923077,0.07692307692307693,0.3076923076923077,0.0,0.0,0.0,0.0,0.0,0.0,0.0,0.0,0.0,0.0,0.0,0.0,0.0,0.0,0.0,0.0,0.0,0.0,0.0,0.0,0.0,0.0,0.0,0.0,0.0,0.0,0.0,0,0,0,0,0,0,0,0,0,0,0,0,Mammalian
0.3076923076923077,0.3076923076923077,0.3076923076923077,0.3076923076923077,0.3076923076923077,0.3076923076923077,0.15384615384615385,0.15384615384615385,0.07692307692307693,0.07692307692307693,0.3076923076923077,0.07692307692307693,0.3076923076923077,0.0,0.0,0.0,0.0,0.0,0.0,0.0,0.0,0.0,0.0,0.0,0.0,0.0,0.0,0.0,0.0,0.0,0.0,0.0,0.0,0.0,0.0,0.0,0.0,0.0,0.0,0.0,0,0,0,0,0,0,0,0,0,0,0,0,E_coli
0.3076923076923077,0.3076923076923077,0.3076923076923077,0.3076923076923077,0.3076923076923077,0.3076923076923077,0.15384615384615385,0.15384615384615385,0.07692307692307693,0.07692307692307693,0.3076923076923077,0.07692307692307693,0.3076923076923077,0.0,0.0,0.0,0.0,0.0,0.0,0.0,0.0,0.0,0.0,0.0,0.0,0.0,0.0,0.0,0.0,0.0,0.0,0.0,0.0,0.0,0.0,0.0,0.0,0.0,0.0,0.0,0,0,0,0,0,0,0,0,0,0,0,1,Yeast
0.3076923076923077,0.3076923076923077,0.3076923076923077,0.3076923076923077,0.23076923076923078,0.23076923076923078,0.15384615384615385,0.15384615384615385,0.07692307692307693,0.15384615384615385,0.23076923076923078,0.15384615384615385,0.07692307692307693,0.0,0.0,0.0,0.0,0.0,0.0,0.0,0.0,0.0,0.0,0.0,0.0,0.0,0.0,0.0,0.0,0.0,0.0,0.0,0.0,0.0,0.0,0.0,0.0,0.0,0.0,0.0,0,0,0,0,0,0,0,0,0,0,0,1,Yeast
0.3076923076923077,0.3076923076923077,0.3076923076923077,0.3076923076923077,0.23076923076923078,0.23076923076923078,0.15384615384615385,0.15384615384615385,0.07692307692307693,0.15384615384615385,0.23076923076923078,0.15384615384615385,0.07692307692307693,0.0,0.0,0.0,0.0,0.0,0.0,0.0,0.0,0.0,0.0,0.0,0.0,0.0,0.0,0.0,0.0,0.0,0.0,0.0,0.0,0.0,0.0,0.0,0.0,0.0,0.0,0.0,0,0,0,0,0,0,0,0,0,0,0,0,E_coli
0.3076923076923077,0.3076923076923077,0.3076923076923077,0.3076923076923077,0.23076923076923078,0.23076923076923078,0.15384615384615385,0.15384615384615385,0.07692307692307693,0.15384615384615385,0.23076923076923078,0.15384615384615385,0.07692307692307693,0.0,0.0,0.0,0.0,0.0,0.0,0.0,0.0,0.0,0.0,0.0,0.0,0.0,0.0,0.0,0.0,0.0,0.0,0.0,0.0,0.0,0.0,0.0,0.0,0.0,0.0,0.0,0,0,0,0,0,0,0,0,0,0,0,0,Mammalian
0.3076923076923077,0.3076923076923077,0.3076923076923077,0.3076923076923077,0.3076923076923077,0.3076923076923077,0.15384615384615385,0.15384615384615385,0.15384615384615385,0.15384615384615385,0.3076923076923077,0.07692307692307693,0.3076923076923077,0.0,0.0,0.0,0.0,0.0,0.0,0.0,0.0,0.0,0.0,0.0,0.0,0.0,0.0,0.0,0.0,0.0,0.0,0.0,0.0,0.0,0.0,0.0,0.0,0.0,0.0,0.0,0,0,0,0,0,0,0,0,0,0,0,0,Mammalian
0.3076923076923077,0.3076923076923077,0.3076923076923077,0.3076923076923077,0.3076923076923077,0.3076923076923077,0.15384615384615385,0.15384615384615385,0.15384615384615385,0.15384615384615385,0.3076923076923077,0.07692307692307693,0.3076923076923077,0.0,0.0,0.0,0.0,0.0,0.0,0.0,0.0,0.0,0.0,0.0,0.0,0.0,0.0,0.0,0.0,0.0,0.0,0.0,0.0,0.0,0.0,0.0,0.0,0.0,0.0,0.0,0,0,0,0,0,0,0,0,0,0,0,0,E_coli
0.3076923076923077,0.3076923076923077,0.3076923076923077,0.3076923076923077,0.3076923076923077,0.3076923076923077,0.15384615384615385,0.15384615384615385,0.15384615384615385,0.15384615384615385,0.3076923076923077,0.07692307692307693,0.3076923076923077,0.0,0.0,0.0,0.0,0.0,0.0,0.0,0.0,0.0,0.0,0.0,0.0,0.0,0.0,0.0,0.0,0.0,0.0,0.0,0.0,0.0,0.0,0.0,0.0,0.0,0.0,0.0,0,0,0,0,0,0,0,0,0,0,0,1,Yeast
0.3076923076923077,0.3076923076923077,0.3076923076923077,0.3076923076923077,0.23076923076923078,0.23076923076923078,0.15384615384615385,0.15384615384615385,0.07692307692307693,0.07692307692307693,0.07692307692307693,0.07692307692307693,0.23076923076923078,0.0,0.0,0.0,0.0,0.0,0.0,0.0,0.0,0.0,0.0,0.0,0.0,0.0,0.0,0.0,0.0,0.0,0.0,0.0,0.0,0.0,0.0,0.0,0.0,0.0,0.0,0.0,0,0,0,0,0,0,0,0,0,0,0,0,Mammalian
0.3076923076923077,0.3076923076923077,0.3076923076923077,0.3076923076923077,0.23076923076923078,0.23076923076923078,0.15384615384615385,0.15384615384615385,0.07692307692307693,0.07692307692307693,0.07692307692307693,0.07692307692307693,0.23076923076923078,0.0,0.0,0.0,0.0,0.0,0.0,0.0,0.0,0.0,0.0,0.0,0.0,0.0,0.0,0.0,0.0,0.0,0.0,0.0,0.0,0.0,0.0,0.0,0.0,0.0,0.0,0.0,0,0,0,0,0,0,0,0,0,0,0,0,E_coli
0.3076923076923077,0.3076923076923077,0.3076923076923077,0.3076923076923077,0.23076923076923078,0.23076923076923078,0.15384615384615385,0.15384615384615385,0.07692307692307693,0.07692307692307693,0.07692307692307693,0.07692307692307693,0.23076923076923078,0.0,0.0,0.0,0.0,0.0,0.0,0.0,0.0,0.0,0.0,0.0,0.0,0.0,0.0,0.0,0.0,0.0,0.0,0.0,0.0,0.0,0.0,0.0,0.0,0.0,0.0,0.0,0,0,0,0,0,0,0,0,0,0,0,1,Yeast
0.3076923076923077,0.3076923076923077,0.3076923076923077,0.3076923076923077,0.23076923076923078,0.23076923076923078,0.15384615384615385,0.15384615384615385,0.07692307692307693,0.07692307692307693,0.15384615384615385,0.15384615384615385,0.23076923076923078,0.0,0.0,0.0,0.0,0.0,0.0,0.0,0.0,0.0,0.0,0.0,0.0,0.0,0.0,0.0,0.0,0.0,0.0,0.0,0.0,0.0,0.0,0.0,0.0,0.0,0.0,0.0,0,0,0,0,0,0,0,0,0,0,0,0,E_coli
0.3076923076923077,0.3076923076923077,0.3076923076923077,0.3076923076923077,0.23076923076923078,0.23076923076923078,0.15384615384615385,0.15384615384615385,0.07692307692307693,0.07692307692307693,0.15384615384615385,0.15384615384615385,0.23076923076923078,0.0,0.0,0.0,0.0,0.0,0.0,0.0,0.0,0.0,0.0,0.0,0.0,0.0,0.0,0.0,0.0,0.0,0.0,0.0,0.0,0.0,0.0,0.0,0.0,0.0,0.0,0.0,0,0,0,0,0,0,0,0,0,0,0,0,Mammalian
0.3076923076923077,0.3076923076923077,0.3076923076923077,0.3076923076923077,0.23076923076923078,0.23076923076923078,0.15384615384615385,0.15384615384615385,0.07692307692307693,0.07692307692307693,0.15384615384615385,0.15384615384615385,0.23076923076923078,0.0,0.0,0.0,0.0,0.0,0.0,0.0,0.0,0.0,0.0,0.0,0.0,0.0,0.0,0.0,0.0,0.0,0.0,0.0,0.0,0.0,0.0,0.0,0.0,0.0,0.0,0.0,0,0,0,0,0,0,0,0,0,0,0,1,Yeast
0.3076923076923077,0.3076923076923077,0.3076923076923077,0.3076923076923077,0.3076923076923077,0.3076923076923077,0.23076923076923078,0.23076923076923078,0.07692307692307693,0.07692307692307693,0.3076923076923077,0.23076923076923078,0.3076923076923077,0.0,0.0,0.0,0.0,0.0,0.0,0.0,0.0,0.0,0.0,0.0,0.0,0.0,0.0,0.0,0.0,0.0,0.0,0.0,0.0,0.0,0.0,0.0,0.0,0.0,0.0,0.0,0,0,0,0,0,0,0,0,0,0,0,0,E_coli
0.3076923076923077,0.3076923076923077,0.3076923076923077,0.3076923076923077,0.3076923076923077,0.3076923076923077,0.23076923076923078,0.23076923076923078,0.07692307692307693,0.07692307692307693,0.3076923076923077,0.23076923076923078,0.3076923076923077,0.0,0.0,0.0,0.0,0.0,0.0,0.0,0.0,0.0,0.0,0.0,0.0,0.0,0.0,0.0,0.0,0.0,0.0,0.0,0.0,0.0,0.0,0.0,0.0,0.0,0.0,0.0,0,0,0,0,0,0,0,0,0,0,0,0,Mammalian
0.3076923076923077,0.3076923076923077,0.3076923076923077,0.3076923076923077,0.3076923076923077,0.3076923076923077,0.23076923076923078,0.23076923076923078,0.07692307692307693,0.07692307692307693,0.3076923076923077,0.23076923076923078,0.3076923076923077,0.0,0.0,0.0,0.0,0.0,0.0,0.0,0.0,0.0,0.0,0.0,0.0,0.0,0.0,0.0,0.0,0.0,0.0,0.0,0.0,0.0,0.0,0.0,0.0,0.0,0.0,0.0,0,0,0,0,0,0,0,0,0,0,0,1,Yeast
0.3076923076923077,0.3076923076923077,0.3076923076923077,0.3076923076923077,0.3076923076923077,0.3076923076923077,0.15384615384615385,0.15384615384615385,0.07692307692307693,0.07692307692307693,0.3076923076923077,0.07692307692307693,0.3076923076923077,0.0,0.0,0.0,0.0,0.0,0.0,0.0,0.0,0.0,0.0,0.0,0.0,0.0,0.0,0.0,0.0,0.0,0.0,0.0,0.0,0.0,0.0,0.0,0.0,0.0,0.0,0.0,0,0,0,0,0,0,0,0,0,0,0,0,E_coli
0.3076923076923077,0.3076923076923077,0.3076923076923077,0.3076923076923077,0.3076923076923077,0.3076923076923077,0.15384615384615385,0.15384615384615385,0.07692307692307693,0.07692307692307693,0.3076923076923077,0.07692307692307693,0.3076923076923077,0.0,0.0,0.0,0.0,0.0,0.0,0.0,0.0,0.0,0.0,0.0,0.0,0.0,0.0,0.0,0.0,0.0,0.0,0.0,0.0,0.0,0.0,0.0,0.0,0.0,0.0,0.0,0,0,0,0,0,0,0,0,0,0,0,1,Yeast
0.3076923076923077,0.3076923076923077,0.3076923076923077,0.3076923076923077,0.3076923076923077,0.3076923076923077,0.15384615384615385,0.15384615384615385,0.07692307692307693,0.07692307692307693,0.3076923076923077,0.07692307692307693,0.3076923076923077,0.0,0.0,0.0,0.0,0.0,0.0,0.0,0.0,0.0,0.0,0.0,0.0,0.0,0.0,0.0,0.0,0.0,0.0,0.0,0.0,0.0,0.0,0.0,0.0,0.0,0.0,0.0,0,0,0,0,0,0,0,0,0,0,0,0,Mammalian
0.3076923076923077,0.3076923076923077,0.3076923076923077,0.3076923076923077,0.3076923076923077,0.3076923076923077,0.15384615384615385,0.15384615384615385,0.07692307692307693,0.07692307692307693,0.3076923076923077,0.07692307692307693,0.3076923076923077,0.0,0.0,0.0,0.0,0.0,0.0,0.0,0.0,0.0,0.0,0.0,0.0,0.0,0.0,0.0,0.0,0.0,0.0,0.0,0.0,0.0,0.0,0.0,0.0,0.0,0.0,0.0,0,0,0,0,0,0,0,0,0,0,0,1,Yeast
0.3076923076923077,0.3076923076923077,0.3076923076923077,0.3076923076923077,0.3076923076923077,0.3076923076923077,0.15384615384615385,0.15384615384615385,0.07692307692307693,0.07692307692307693,0.3076923076923077,0.07692307692307693,0.3076923076923077,0.0,0.0,0.0,0.0,0.0,0.0,0.0,0.0,0.0,0.0,0.0,0.0,0.0,0.0,0.0,0.0,0.0,0.0,0.0,0.0,0.0,0.0,0.0,0.0,0.0,0.0,0.0,0,0,0,0,0,0,0,0,0,0,0,0,E_coli
0.3076923076923077,0.3076923076923077,0.3076923076923077,0.3076923076923077,0.3076923076923077,0.3076923076923077,0.15384615384615385,0.15384615384615385,0.07692307692307693,0.07692307692307693,0.3076923076923077,0.07692307692307693,0.3076923076923077,0.0,0.0,0.0,0.0,0.0,0.0,0.0,0.0,0.0,0.0,0.0,0.0,0.0,0.0,0.0,0.0,0.0,0.0,0.0,0.0,0.0,0.0,0.0,0.0,0.0,0.0,0.0,0,0,0,0,0,0,0,0,0,0,0,0,Mammalian
0.3076923076923077,0.3076923076923077,0.3076923076923077,0.3076923076923077,0.23076923076923078,0.23076923076923078,0.23076923076923078,0.23076923076923078,0.07692307692307693,0.07692307692307693,0.23076923076923078,0.07692307692307693,0.23076923076923078,0.0,0.0,0.0,0.0,0.0,0.0,0.0,0.0,0.0,0.0,0.0,0.0,0.0,0.0,0.0,0.0,0.0,0.0,0.0,0.0,0.0,0.0,0.0,0.0,0.0,0.0,0.0,0,0,0,0,0,0,0,0,0,0,0,0,Mammalian
0.3076923076923077,0.3076923076923077,0.3076923076923077,0.3076923076923077,0.23076923076923078,0.23076923076923078,0.23076923076923078,0.23076923076923078,0.07692307692307693,0.07692307692307693,0.23076923076923078,0.07692307692307693,0.23076923076923078,0.0,0.0,0.0,0.0,0.0,0.0,0.0,0.0,0.0,0.0,0.0,0.0,0.0,0.0,0.0,0.0,0.0,0.0,0.0,0.0,0.0,0.0,0.0,0.0,0.0,0.0,0.0,0,0,0,0,0,0,0,0,0,0,0,0,E_coli
0.3076923076923077,0.3076923076923077,0.3076923076923077,0.3076923076923077,0.23076923076923078,0.23076923076923078,0.23076923076923078,0.23076923076923078,0.07692307692307693,0.07692307692307693,0.23076923076923078,0.07692307692307693,0.23076923076923078,0.0,0.0,0.0,0.0,0.0,0.0,0.0,0.0,0.0,0.0,0.0,0.0,0.0,0.0,0.0,0.0,0.0,0.0,0.0,0.0,0.0,0.0,0.0,0.0,0.0,0.0,0.0,0,0,0,0,0,0,0,0,0,0,0,1,Yeast
0.3076923076923077,0.3076923076923077,0.3076923076923077,0.3076923076923077,0.23076923076923078,0.23076923076923078,0.15384615384615385,0.15384615384615385,0.07692307692307693,0.07692307692307693,0.23076923076923078,0.07692307692307693,0.07692307692307693,0.0,0.0,0.0,0.0,0.0,0.0,0.0,0.0,0.0,0.0,0.0,0.0,0.0,0.0,0.0,0.0,0.0,0.0,0.0,0.0,0.0,0.0,0.0,0.0,0.0,0.0,0.0,0,0,0,0,0,0,0,0,0,0,0,1,Yeast
0.3076923076923077,0.3076923076923077,0.3076923076923077,0.3076923076923077,0.23076923076923078,0.23076923076923078,0.15384615384615385,0.15384615384615385,0.07692307692307693,0.07692307692307693,0.23076923076923078,0.07692307692307693,0.07692307692307693,0.0,0.0,0.0,0.0,0.0,0.0,0.0,0.0,0.0,0.0,0.0,0.0,0.0,0.0,0.0,0.0,0.0,0.0,0.0,0.0,0.0,0.0,0.0,0.0,0.0,0.0,0.0,0,0,0,0,0,0,0,0,0,0,0,0,E_coli
0.3076923076923077,0.3076923076923077,0.3076923076923077,0.3076923076923077,0.23076923076923078,0.23076923076923078,0.15384615384615385,0.15384615384615385,0.07692307692307693,0.07692307692307693,0.23076923076923078,0.07692307692307693,0.07692307692307693,0.0,0.0,0.0,0.0,0.0,0.0,0.0,0.0,0.0,0.0,0.0,0.0,0.0,0.0,0.0,0.0,0.0,0.0,0.0,0.0,0.0,0.0,0.0,0.0,0.0,0.0,0.0,0,0,0,0,0,0,0,0,0,0,0,0,Mammalian
0.3076923076923077,0.3076923076923077,0.3076923076923077,0.3076923076923077,0.23076923076923078,0.23076923076923078,0.15384615384615385,0.15384615384615385,0.07692307692307693,0.07692307692307693,0.23076923076923078,0.07692307692307693,0.07692307692307693,0.0,0.0,0.0,0.0,0.0,0.0,0.0,0.0,0.0,0.0,0.0,0.0,0.0,0.0,0.0,0.0,0.0,0.0,0.0,0.0,0.0,0.0,0.0,0.0,0.0,0.0,0.0,0,0,0,0,0,0,0,0,0,0,0,0,Mammalian
0.3076923076923077,0.3076923076923077,0.3076923076923077,0.3076923076923077,0.23076923076923078,0.23076923076923078,0.15384615384615385,0.15384615384615385,0.07692307692307693,0.07692307692307693,0.23076923076923078,0.07692307692307693,0.07692307692307693,0.0,0.0,0.0,0.0,0.0,0.0,0.0,0.0,0.0,0.0,0.0,0.0,0.0,0.0,0.0,0.0,0.0,0.0,0.0,0.0,0.0,0.0,0.0,0.0,0.0,0.0,0.0,0,0,0,0,0,0,0,0,0,0,0,1,Yeast
0.3076923076923077,0.3076923076923077,0.3076923076923077,0.3076923076923077,0.23076923076923078,0.23076923076923078,0.15384615384615385,0.15384615384615385,0.07692307692307693,0.07692307692307693,0.23076923076923078,0.07692307692307693,0.07692307692307693,0.0,0.0,0.0,0.0,0.0,0.0,0.0,0.0,0.0,0.0,0.0,0.0,0.0,0.0,0.0,0.0,0.0,0.0,0.0,0.0,0.0,0.0,0.0,0.0,0.0,0.0,0.0,0,0,0,0,0,0,0,0,0,0,0,0,E_coli
0.3076923076923077,0.3076923076923077,0.3076923076923077,0.3076923076923077,0.23076923076923078,0.23076923076923078,0.15384615384615385,0.15384615384615385,0.07692307692307693,0.07692307692307693,0.23076923076923078,0.15384615384615385,0.15384615384615385,0.0,0.0,0.0,0.0,0.0,0.0,0.0,0.0,0.0,0.0,0.0,0.0,0.0,0.0,0.0,0.0,0.0,0.0,0.0,0.0,0.0,0.0,0.0,0.0,0.0,0.0,0.0,0,0,0,0,0,0,0,0,0,0,0,1,Yeast
0.3076923076923077,0.3076923076923077,0.3076923076923077,0.3076923076923077,0.23076923076923078,0.23076923076923078,0.15384615384615385,0.15384615384615385,0.07692307692307693,0.07692307692307693,0.23076923076923078,0.15384615384615385,0.15384615384615385,0.0,0.0,0.0,0.0,0.0,0.0,0.0,0.0,0.0,0.0,0.0,0.0,0.0,0.0,0.0,0.0,0.0,0.0,0.0,0.0,0.0,0.0,0.0,0.0,0.0,0.0,0.0,0,0,0,0,0,0,0,0,0,0,0,0,E_coli
0.3076923076923077,0.3076923076923077,0.3076923076923077,0.3076923076923077,0.23076923076923078,0.23076923076923078,0.15384615384615385,0.15384615384615385,0.07692307692307693,0.07692307692307693,0.23076923076923078,0.15384615384615385,0.15384615384615385,0.0,0.0,0.0,0.0,0.0,0.0,0.0,0.0,0.0,0.0,0.0,0.0,0.0,0.0,0.0,0.0,0.0,0.0,0.0,0.0,0.0,0.0,0.0,0.0,0.0,0.0,0.0,0,0,0,0,0,0,0,0,0,0,0,0,Mammalian
0.3076923076923077,0.3076923076923077,0.3076923076923077,0.3076923076923077,0.23076923076923078,0.23076923076923078,0.15384615384615385,0.15384615384615385,0.15384615384615385,0.07692307692307693,0.23076923076923078,0.07692307692307693,0.15384615384615385,0.0,0.0,0.0,0.0,0.0,0.0,0.0,0.0,0.0,0.0,0.0,0.0,0.0,0.0,0.0,0.0,0.0,0.0,0.0,0.0,0.0,0.0,0.0,0.0,0.0,0.0,0.0,0,0,0,0,0,0,0,0,0,0,0,0,E_coli
0.3076923076923077,0.3076923076923077,0.3076923076923077,0.3076923076923077,0.23076923076923078,0.23076923076923078,0.15384615384615385,0.15384615384615385,0.15384615384615385,0.07692307692307693,0.23076923076923078,0.07692307692307693,0.15384615384615385,0.0,0.0,0.0,0.0,0.0,0.0,0.0,0.0,0.0,0.0,0.0,0.0,0.0,0.0,0.0,0.0,0.0,0.0,0.0,0.0,0.0,0.0,0.0,0.0,0.0,0.0,0.0,0,0,0,0,0,0,0,0,0,0,0,0,Mammalian
0.3076923076923077,0.3076923076923077,0.3076923076923077,0.3076923076923077,0.23076923076923078,0.23076923076923078,0.15384615384615385,0.15384615384615385,0.15384615384615385,0.07692307692307693,0.23076923076923078,0.07692307692307693,0.15384615384615385,0.0,0.0,0.0,0.0,0.0,0.0,0.0,0.0,0.0,0.0,0.0,0.0,0.0,0.0,0.0,0.0,0.0,0.0,0.0,0.0,0.0,0.0,0.0,0.0,0.0,0.0,0.0,0,0,0,0,0,0,0,0,0,0,0,1,Yeast
0.3076923076923077,0.3076923076923077,0.3076923076923077,0.3076923076923077,0.3076923076923077,0.3076923076923077,0.15384615384615385,0.15384615384615385,0.07692307692307693,0.07692307692307693,0.3076923076923077,0.07692307692307693,0.3076923076923077,0.0,0.0,0.0,0.0,0.0,0.0,0.0,0.0,0.0,0.0,0.0,0.0,0.0,0.0,0.0,0.0,0.0,0.0,0.0,0.0,0.0,0.0,0.0,0.0,0.0,0.0,0.0,0,0,0,0,0,0,0,0,0,0,0,0,E_coli
0.3076923076923077,0.3076923076923077,0.3076923076923077,0.3076923076923077,0.3076923076923077,0.3076923076923077,0.15384615384615385,0.15384615384615385,0.07692307692307693,0.07692307692307693,0.3076923076923077,0.07692307692307693,0.3076923076923077,0.0,0.0,0.0,0.0,0.0,0.0,0.0,0.0,0.0,0.0,0.0,0.0,0.0,0.0,0.0,0.0,0.0,0.0,0.0,0.0,0.0,0.0,0.0,0.0,0.0,0.0,0.0,0,0,0,0,0,0,0,0,0,0,0,1,Yeast
0.3076923076923077,0.3076923076923077,0.3076923076923077,0.3076923076923077,0.3076923076923077,0.3076923076923077,0.15384615384615385,0.15384615384615385,0.07692307692307693,0.07692307692307693,0.3076923076923077,0.07692307692307693,0.3076923076923077,0.0,0.0,0.0,0.0,0.0,0.0,0.0,0.0,0.0,0.0,0.0,0.0,0.0,0.0,0.0,0.0,0.0,0.0,0.0,0.0,0.0,0.0,0.0,0.0,0.0,0.0,0.0,0,0,0,0,0,0,0,0,0,0,0,0,Mammalian
0.2857142857142857,0.2857142857142857,0.2857142857142857,0.2857142857142857,0.2857142857142857,0.2857142857142857,0.21428571428571427,0.21428571428571427,0.07142857142857142,0.07142857142857142,0.2857142857142857,0.07142857142857142,0.2857142857142857,0.21428571428571427,0.0,0.0,0.0,0.0,0.0,0.0,0.0,0.0,0.0,0.0,0.0,0.0,0.0,0.0,0.0,0.0,0.0,0.0,0.0,0.0,0.0,0.0,0.0,0.0,0.0,0.0,0,0,0,0,0,0,0,0,0,0,0,0,Mammalian
0.2857142857142857,0.2857142857142857,0.2857142857142857,0.2857142857142857,0.2857142857142857,0.2857142857142857,0.21428571428571427,0.21428571428571427,0.07142857142857142,0.07142857142857142,0.2857142857142857,0.07142857142857142,0.2857142857142857,0.21428571428571427,0.0,0.0,0.0,0.0,0.0,0.0,0.0,0.0,0.0,0.0,0.0,0.0,0.0,0.0,0.0,0.0,0.0,0.0,0.0,0.0,0.0,0.0,0.0,0.0,0.0,0.0,0,0,0,0,0,0,0,0,0,0,0,0,E_coli
0.2857142857142857,0.2857142857142857,0.2857142857142857,0.2857142857142857,0.2857142857142857,0.2857142857142857,0.21428571428571427,0.21428571428571427,0.07142857142857142,0.07142857142857142,0.2857142857142857,0.07142857142857142,0.2857142857142857,0.21428571428571427,0.0,0.0,0.0,0.0,0.0,0.0,0.0,0.0,0.0,0.0,0.0,0.0,0.0,0.0,0.0,0.0,0.0,0.0,0.0,0.0,0.0,0.0,0.0,0.0,0.0,0.0,0,0,0,0,0,0,0,0,0,0,0,1,Yeast
0.3076923076923077,0.3076923076923077,0.3076923076923077,0.3076923076923077,0.3076923076923077,0.3076923076923077,0.15384615384615385,0.15384615384615385,0.07692307692307693,0.07692307692307693,0.3076923076923077,0.07692307692307693,0.3076923076923077,0.0,0.0,0.0,0.0,0.0,0.0,0.0,0.0,0.0,0.0,0.0,0.0,0.0,0.0,0.0,0.0,0.0,0.0,0.0,0.0,0.0,0.0,0.0,0.0,0.0,0.0,0.0,0,0,0,0,0,0,0,0,0,0,0,1,Yeast
0.3076923076923077,0.3076923076923077,0.3076923076923077,0.3076923076923077,0.3076923076923077,0.3076923076923077,0.15384615384615385,0.15384615384615385,0.07692307692307693,0.07692307692307693,0.3076923076923077,0.07692307692307693,0.3076923076923077,0.0,0.0,0.0,0.0,0.0,0.0,0.0,0.0,0.0,0.0,0.0,0.0,0.0,0.0,0.0,0.0,0.0,0.0,0.0,0.0,0.0,0.0,0.0,0.0,0.0,0.0,0.0,0,0,0,0,0,0,0,0,0,0,0,0,Mammalian
0.3076923076923077,0.3076923076923077,0.3076923076923077,0.3076923076923077,0.3076923076923077,0.3076923076923077,0.15384615384615385,0.15384615384615385,0.07692307692307693,0.07692307692307693,0.3076923076923077,0.07692307692307693,0.3076923076923077,0.0,0.0,0.0,0.0,0.0,0.0,0.0,0.0,0.0,0.0,0.0,0.0,0.0,0.0,0.0,0.0,0.0,0.0,0.0,0.0,0.0,0.0,0.0,0.0,0.0,0.0,0.0,0,0,0,0,0,0,0,0,0,0,0,0,E_coli
0.3076923076923077,0.3076923076923077,0.3076923076923077,0.3076923076923077,0.3076923076923077,0.3076923076923077,0.15384615384615385,0.07692307692307693,0.07692307692307693,0.07692307692307693,0.3076923076923077,0.15384615384615385,0.3076923076923077,0.0,0.0,0.0,0.0,0.0,0.0,0.0,0.0,0.0,0.0,0.0,0.0,0.0,0.0,0.0,0.0,0.0,0.0,0.0,0.0,0.0,0.0,0.0,0.0,0.0,0.0,0.0,0,0,0,0,0,0,0,0,0,0,0,1,Yeast
0.3076923076923077,0.3076923076923077,0.3076923076923077,0.3076923076923077,0.3076923076923077,0.3076923076923077,0.15384615384615385,0.07692307692307693,0.07692307692307693,0.07692307692307693,0.3076923076923077,0.15384615384615385,0.3076923076923077,0.0,0.0,0.0,0.0,0.0,0.0,0.0,0.0,0.0,0.0,0.0,0.0,0.0,0.0,0.0,0.0,0.0,0.0,0.0,0.0,0.0,0.0,0.0,0.0,0.0,0.0,0.0,0,0,0,0,0,0,0,0,0,0,0,0,Mammalian
0.3076923076923077,0.3076923076923077,0.3076923076923077,0.3076923076923077,0.3076923076923077,0.3076923076923077,0.15384615384615385,0.07692307692307693,0.07692307692307693,0.07692307692307693,0.3076923076923077,0.15384615384615385,0.3076923076923077,0.0,0.0,0.0,0.0,0.0,0.0,0.0,0.0,0.0,0.0,0.0,0.0,0.0,0.0,0.0,0.0,0.0,0.0,0.0,0.0,0.0,0.0,0.0,0.0,0.0,0.0,0.0,0,0,0,0,0,0,0,0,0,0,0,0,E_coli
0.14285714285714285,0.14285714285714285,0.2857142857142857,0.14285714285714285,0.2857142857142857,0.14285714285714285,0.14285714285714285,0.0,0.0,0.0,0.0,0.0,0.0,0.0,0.0,0.0,0.0,0.0,0.0,0.0,0.0,0.0,0.0,0.0,0.0,0.0,0.0,0.0,0.0,0.0,0.0,0.0,0.0,0.0,0.0,0.0,0.0,0.0,0.0,0.0,0,0,0,0,0,0,0,0,0,0,0,1,Yeast
0.14285714285714285,0.14285714285714285,0.2857142857142857,0.14285714285714285,0.2857142857142857,0.14285714285714285,0.14285714285714285,0.0,0.0,0.0,0.0,0.0,0.0,0.0,0.0,0.0,0.0,0.0,0.0,0.0,0.0,0.0,0.0,0.0,0.0,0.0,0.0,0.0,0.0,0.0,0.0,0.0,0.0,0.0,0.0,0.0,0.0,0.0,0.0,0.0,0,0,0,0,0,0,0,0,0,0,0,0,Mammalian
0.14285714285714285,0.14285714285714285,0.2857142857142857,0.14285714285714285,0.2857142857142857,0.14285714285714285,0.14285714285714285,0.0,0.0,0.0,0.0,0.0,0.0,0.0,0.0,0.0,0.0,0.0,0.0,0.0,0.0,0.0,0.0,0.0,0.0,0.0,0.0,0.0,0.0,0.0,0.0,0.0,0.0,0.0,0.0,0.0,0.0,0.0,0.0,0.0,0,0,0,0,0,0,0,0,0,0,0,0,E_coli
0.16666666666666666,0.25,0.16666666666666666,0.08333333333333333,0.08333333333333333,0.25,0.16666666666666666,0.16666666666666666,0.08333333333333333,0.08333333333333333,0.08333333333333333,0.25,0.0,0.0,0.0,0.0,0.0,0.0,0.0,0.0,0.0,0.0,0.0,0.0,0.0,0.0,0.0,0.0,0.0,0.0,0.0,0.0,0.0,0.0,0.0,0.0,0.0,0.0,0.0,0.0,0,0,0,0,0,0,0,0,0,0,0,0,Mammalian
0.16666666666666666,0.25,0.16666666666666666,0.08333333333333333,0.08333333333333333,0.25,0.16666666666666666,0.16666666666666666,0.08333333333333333,0.08333333333333333,0.08333333333333333,0.25,0.0,0.0,0.0,0.0,0.0,0.0,0.0,0.0,0.0,0.0,0.0,0.0,0.0,0.0,0.0,0.0,0.0,0.0,0.0,0.0,0.0,0.0,0.0,0.0,0.0,0.0,0.0,0.0,0,0,0,0,0,0,0,0,0,0,0,1,Yeast
0.16666666666666666,0.25,0.16666666666666666,0.08333333333333333,0.08333333333333333,0.25,0.16666666666666666,0.16666666666666666,0.08333333333333333,0.08333333333333333,0.08333333333333333,0.25,0.0,0.0,0.0,0.0,0.0,0.0,0.0,0.0,0.0,0.0,0.0,0.0,0.0,0.0,0.0,0.0,0.0,0.0,0.0,0.0,0.0,0.0,0.0,0.0,0.0,0.0,0.0,0.0,0,0,0,0,0,0,0,0,0,0,0,0,E_coli
0.1,0.2,0.1,0.1,0.05,0.2,0.1,0.1,0.05,0.05,0.1,0.2,0.05,0.1,0.1,0.05,0.2,0.05,0.05,0.05,0.0,0.0,0.0,0.0,0.0,0.0,0.0,0.0,0.0,0.0,0.0,0.0,0.0,0.0,0.0,0.0,0.0,0.0,0.0,0.0,0,0,0,0,0,0,0,0,0,0,0,1,Yeast
0.1,0.2,0.1,0.1,0.05,0.2,0.1,0.1,0.05,0.05,0.1,0.2,0.05,0.1,0.1,0.05,0.2,0.05,0.05,0.05,0.0,0.0,0.0,0.0,0.0,0.0,0.0,0.0,0.0,0.0,0.0,0.0,0.0,0.0,0.0,0.0,0.0,0.0,0.0,0.0,0,0,0,0,0,0,0,0,0,0,0,0,Mammalian
0.1,0.2,0.1,0.1,0.05,0.2,0.1,0.1,0.05,0.05,0.1,0.2,0.05,0.1,0.1,0.05,0.2,0.05,0.05,0.05,0.0,0.0,0.0,0.0,0.0,0.0,0.0,0.0,0.0,0.0,0.0,0.0,0.0,0.0,0.0,0.0,0.0,0.0,0.0,0.0,0,0,0,0,0,0,0,0,0,0,0,0,E_coli
0.25,0.25,0.25,0.25,0.14285714285714285,0.10714285714285714,0.25,0.25,0.10714285714285714,0.07142857142857142,0.25,0.25,0.10714285714285714,0.25,0.25,0.25,0.10714285714285714,0.14285714285714285,0.25,0.25,0.03571428571428571,0.14285714285714285,0.25,0.10714285714285714,0.07142857142857142,0.10714285714285714,0.14285714285714285,0.03571428571428571,0.0,0.0,0.0,0.0,0.0,0.0,0.0,0.0,0.0,0.0,0.0,0.0,0,0,0,0,0,0,0,0,0,0,0,0,Mammalian
0.25,0.25,0.25,0.25,0.14285714285714285,0.10714285714285714,0.25,0.25,0.10714285714285714,0.07142857142857142,0.25,0.25,0.10714285714285714,0.25,0.25,0.25,0.10714285714285714,0.14285714285714285,0.25,0.25,0.03571428571428571,0.14285714285714285,0.25,0.10714285714285714,0.07142857142857142,0.10714285714285714,0.14285714285714285,0.03571428571428571,0.0,0.0,0.0,0.0,0.0,0.0,0.0,0.0,0.0,0.0,0.0,0.0,0,0,0,0,0,0,0,0,0,0,0,0,E_coli
0.25,0.25,0.25,0.25,0.14285714285714285,0.10714285714285714,0.25,0.25,0.10714285714285714,0.07142857142857142,0.25,0.25,0.10714285714285714,0.25,0.25,0.25,0.10714285714285714,0.14285714285714285,0.25,0.25,0.03571428571428571,0.14285714285714285,0.25,0.10714285714285714,0.07142857142857142,0.10714285714285714,0.14285714285714285,0.03571428571428571,0.0,0.0,0.0,0.0,0.0,0.0,0.0,0.0,0.0,0.0,0.0,0.0,0,0,0,0,0,0,0,0,0,0,0,1,Yeast
0.06666666666666667,0.06666666666666667,0.13333333333333333,0.13333333333333333,0.06666666666666667,0.06666666666666667,0.13333333333333333,0.06666666666666667,0.06666666666666667,0.2,0.2,0.06666666666666667,0.13333333333333333,0.06666666666666667,0.2,0.0,0.0,0.0,0.0,0.0,0.0,0.0,0.0,0.0,0.0,0.0,0.0,0.0,0.0,0.0,0.0,0.0,0.0,0.0,0.0,0.0,0.0,0.0,0.0,0.0,0,0,0,0,0,0,0,0,0,0,0,0,Mammalian
0.06666666666666667,0.06666666666666667,0.13333333333333333,0.13333333333333333,0.06666666666666667,0.06666666666666667,0.13333333333333333,0.06666666666666667,0.06666666666666667,0.2,0.2,0.06666666666666667,0.13333333333333333,0.06666666666666667,0.2,0.0,0.0,0.0,0.0,0.0,0.0,0.0,0.0,0.0,0.0,0.0,0.0,0.0,0.0,0.0,0.0,0.0,0.0,0.0,0.0,0.0,0.0,0.0,0.0,0.0,0,0,0,0,0,0,0,0,0,0,0,0,E_coli
0.06666666666666667,0.06666666666666667,0.13333333333333333,0.13333333333333333,0.06666666666666667,0.06666666666666667,0.13333333333333333,0.06666666666666667,0.06666666666666667,0.2,0.2,0.06666666666666667,0.13333333333333333,0.06666666666666667,0.2,0.0,0.0,0.0,0.0,0.0,0.0,0.0,0.0,0.0,0.0,0.0,0.0,0.0,0.0,0.0,0.0,0.0,0.0,0.0,0.0,0.0,0.0,0.0,0.0,0.0,0,0,0,0,0,0,0,0,0,0,0,1,Yeast
0.09090909090909091,0.09090909090909091,0.09090909090909091,0.09090909090909091,0.09090909090909091,0.45454545454545453,0.45454545454545453,0.45454545454545453,0.09090909090909091,0.45454545454545453,0.45454545454545453,0.0,0.0,0.0,0.0,0.0,0.0,0.0,0.0,0.0,0.0,0.0,0.0,0.0,0.0,0.0,0.0,0.0,0.0,0.0,0.0,0.0,0.0,0.0,0.0,0.0,0.0,0.0,0.0,0.0,0,0,0,0,0,0,0,0,0,0,0,0,E_coli
0.09090909090909091,0.09090909090909091,0.09090909090909091,0.09090909090909091,0.09090909090909091,0.45454545454545453,0.45454545454545453,0.45454545454545453,0.09090909090909091,0.45454545454545453,0.45454545454545453,0.0,0.0,0.0,0.0,0.0,0.0,0.0,0.0,0.0,0.0,0.0,0.0,0.0,0.0,0.0,0.0,0.0,0.0,0.0,0.0,0.0,0.0,0.0,0.0,0.0,0.0,0.0,0.0,0.0,0,0,0,0,0,0,0,0,0,0,0,1,Yeast
0.09090909090909091,0.09090909090909091,0.09090909090909091,0.09090909090909091,0.09090909090909091,0.45454545454545453,0.45454545454545453,0.45454545454545453,0.09090909090909091,0.45454545454545453,0.45454545454545453,0.0,0.0,0.0,0.0,0.0,0.0,0.0,0.0,0.0,0.0,0.0,0.0,0.0,0.0,0.0,0.0,0.0,0.0,0.0,0.0,0.0,0.0,0.0,0.0,0.0,0.0,0.0,0.0,0.0,0,0,0,0,0,0,0,0,0,0,0,0,Mammalian
0.07692307692307693,0.15384615384615385,0.15384615384615385,0.15384615384615385,0.15384615384615385,0.15384615384615385,0.07692307692307693,0.07692307692307693,0.15384615384615385,0.15384615384615385,0.07692307692307693,0.15384615384615385,0.07692307692307693,0.0,0.0,0.0,0.0,0.0,0.0,0.0,0.0,0.0,0.0,0.0,0.0,0.0,0.0,0.0,0.0,0.0,0.0,0.0,0.0,0.0,0.0,0.0,0.0,0.0,0.0,0.0,0,0,0,0,0,0,0,0,0,0,0,1,Yeast
0.07692307692307693,0.15384615384615385,0.15384615384615385,0.15384615384615385,0.15384615384615385,0.15384615384615385,0.07692307692307693,0.07692307692307693,0.15384615384615385,0.15384615384615385,0.07692307692307693,0.15384615384615385,0.07692307692307693,0.0,0.0,0.0,0.0,0.0,0.0,0.0,0.0,0.0,0.0,0.0,0.0,0.0,0.0,0.0,0.0,0.0,0.0,0.0,0.0,0.0,0.0,0.0,0.0,0.0,0.0,0.0,0,0,0,0,0,0,0,0,0,0,0,0,Mammalian
0.07692307692307693,0.15384615384615385,0.15384615384615385,0.15384615384615385,0.15384615384615385,0.15384615384615385,0.07692307692307693,0.07692307692307693,0.15384615384615385,0.15384615384615385,0.07692307692307693,0.15384615384615385,0.07692307692307693,0.0,0.0,0.0,0.0,0.0,0.0,0.0,0.0,0.0,0.0,0.0,0.0,0.0,0.0,0.0,0.0,0.0,0.0,0.0,0.0,0.0,0.0,0.0,0.0,0.0,0.0,0.0,0,0,0,0,0,0,0,0,0,0,0,0,E_coli
0.2222222222222222,0.05555555555555555,0.05555555555555555,0.2222222222222222,0.2222222222222222,0.05555555555555555,0.2222222222222222,0.2222222222222222,0.2222222222222222,0.2222222222222222,0.2222222222222222,0.2222222222222222,0.2222222222222222,0.2222222222222222,0.2222222222222222,0.05555555555555555,0.05555555555555555,0.05555555555555555,0.0,0.0,0.0,0.0,0.0,0.0,0.0,0.0,0.0,0.0,0.0,0.0,0.0,0.0,0.0,0.0,0.0,0.0,0.0,0.0,0.0,0.0,0,0,0,0,0,0,0,0,0,0,0,1,Yeast
0.2222222222222222,0.05555555555555555,0.05555555555555555,0.2222222222222222,0.2222222222222222,0.05555555555555555,0.2222222222222222,0.2222222222222222,0.2222222222222222,0.2222222222222222,0.2222222222222222,0.2222222222222222,0.2222222222222222,0.2222222222222222,0.2222222222222222,0.05555555555555555,0.05555555555555555,0.05555555555555555,0.0,0.0,0.0,0.0,0.0,0.0,0.0,0.0,0.0,0.0,0.0,0.0,0.0,0.0,0.0,0.0,0.0,0.0,0.0,0.0,0.0,0.0,0,0,0,0,0,0,0,0,0,0,0,0,E_coli
0.2222222222222222,0.05555555555555555,0.05555555555555555,0.2222222222222222,0.2222222222222222,0.05555555555555555,0.2222222222222222,0.2222222222222222,0.2222222222222222,0.2222222222222222,0.2222222222222222,0.2222222222222222,0.2222222222222222,0.2222222222222222,0.2222222222222222,0.05555555555555555,0.05555555555555555,0.05555555555555555,0.0,0.0,0.0,0.0,0.0,0.0,0.0,0.0,0.0,0.0,0.0,0.0,0.0,0.0,0.0,0.0,0.0,0.0,0.0,0.0,0.0,0.0,0,0,0,0,0,0,0,0,0,0,0,0,Mammalian
0.2777777777777778,0.05555555555555555,0.05555555555555555,0.05555555555555555,0.05555555555555555,0.2222222222222222,0.2777777777777778,0.05555555555555555,0.2222222222222222,0.05555555555555555,0.2777777777777778,0.2777777777777778,0.2222222222222222,0.2222222222222222,0.2777777777777778,0.05555555555555555,0.05555555555555555,0.05555555555555555,0.0,0.0,0.0,0.0,0.0,0.0,0.0,0.0,0.0,0.0,0.0,0.0,0.0,0.0,0.0,0.0,0.0,0.0,0.0,0.0,0.0,0.0,0,0,0,0,0,0,0,0,0,0,0,0,E_coli
0.2777777777777778,0.05555555555555555,0.05555555555555555,0.05555555555555555,0.05555555555555555,0.2222222222222222,0.2777777777777778,0.05555555555555555,0.2222222222222222,0.05555555555555555,0.2777777777777778,0.2777777777777778,0.2222222222222222,0.2222222222222222,0.2777777777777778,0.05555555555555555,0.05555555555555555,0.05555555555555555,0.0,0.0,0.0,0.0,0.0,0.0,0.0,0.0,0.0,0.0,0.0,0.0,0.0,0.0,0.0,0.0,0.0,0.0,0.0,0.0,0.0,0.0,0,0,0,0,0,0,0,0,0,0,0,2,Mammalian
0.2777777777777778,0.05555555555555555,0.05555555555555555,0.05555555555555555,0.05555555555555555,0.2222222222222222,0.2777777777777778,0.05555555555555555,0.2222222222222222,0.05555555555555555,0.2777777777777778,0.2777777777777778,0.2222222222222222,0.2222222222222222,0.2777777777777778,0.05555555555555555,0.05555555555555555,0.05555555555555555,0.0,0.0,0.0,0.0,0.0,0.0,0.0,0.0,0.0,0.0,0.0,0.0,0.0,0.0,0.0,0.0,0.0,0.0,0.0,0.0,0.0,0.0,0,0,0,0,0,0,0,0,0,0,0,1,Yeast
0.2727272727272727,0.045454545454545456,0.045454545454545456,0.045454545454545456,0.045454545454545456,0.22727272727272727,0.2727272727272727,0.045454545454545456,0.22727272727272727,0.045454545454545456,0.2727272727272727,0.2727272727272727,0.22727272727272727,0.22727272727272727,0.2727272727272727,0.045454545454545456,0.09090909090909091,0.045454545454545456,0.045454545454545456,0.09090909090909091,0.22727272727272727,0.2727272727272727,0.0,0.0,0.0,0.0,0.0,0.0,0.0,0.0,0.0,0.0,0.0,0.0,0.0,0.0,0.0,0.0,0.0,0.0,0,0,0,0,0,0,0,0,0,0,0,0,E_coli
0.2727272727272727,0.045454545454545456,0.045454545454545456,0.045454545454545456,0.045454545454545456,0.22727272727272727,0.2727272727272727,0.045454545454545456,0.22727272727272727,0.045454545454545456,0.2727272727272727,0.2727272727272727,0.22727272727272727,0.22727272727272727,0.2727272727272727,0.045454545454545456,0.09090909090909091,0.045454545454545456,0.045454545454545456,0.09090909090909091,0.22727272727272727,0.2727272727272727,0.0,0.0,0.0,0.0,0.0,0.0,0.0,0.0,0.0,0.0,0.0,0.0,0.0,0.0,0.0,0.0,0.0,0.0,0,0,0,0,0,0,0,0,0,0,0,2,Mammalian
0.2727272727272727,0.045454545454545456,0.045454545454545456,0.045454545454545456,0.045454545454545456,0.22727272727272727,0.2727272727272727,0.045454545454545456,0.22727272727272727,0.045454545454545456,0.2727272727272727,0.2727272727272727,0.22727272727272727,0.22727272727272727,0.2727272727272727,0.045454545454545456,0.09090909090909091,0.045454545454545456,0.045454545454545456,0.09090909090909091,0.22727272727272727,0.2727272727272727,0.0,0.0,0.0,0.0,0.0,0.0,0.0,0.0,0.0,0.0,0.0,0.0,0.0,0.0,0.0,0.0,0.0,0.0,0,0,0,0,0,0,0,0,0,0,0,1,Yeast
0.05,0.1,0.1,0.1,0.2,0.05,0.05,0.1,0.2,0.2,0.1,0.1,0.1,0.15,0.05,0.05,0.2,0.15,0.1,0.15,0.0,0.0,0.0,0.0,0.0,0.0,0.0,0.0,0.0,0.0,0.0,0.0,0.0,0.0,0.0,0.0,0.0,0.0,0.0,0.0,0,0,0,0,0,0,0,0,0,0,0,0,E_coli
0.05,0.1,0.1,0.1,0.2,0.05,0.05,0.1,0.2,0.2,0.1,0.1,0.1,0.15,0.05,0.05,0.2,0.15,0.1,0.15,0.0,0.0,0.0,0.0,0.0,0.0,0.0,0.0,0.0,0.0,0.0,0.0,0.0,0.0,0.0,0.0,0.0,0.0,0.0,0.0,0,0,0,0,0,0,0,0,0,0,0,1,Yeast
0.05,0.1,0.1,0.1,0.2,0.05,0.05,0.1,0.2,0.2,0.1,0.1,0.1,0.15,0.05,0.05,0.2,0.15,0.1,0.15,0.0,0.0,0.0,0.0,0.0,0.0,0.0,0.0,0.0,0.0,0.0,0.0,0.0,0.0,0.0,0.0,0.0,0.0,0.0,0.0,0,0,0,0,0,0,0,0,0,0,0,2,Mammalian
0.05,0.1,0.1,0.1,0.2,0.05,0.05,0.1,0.2,0.2,0.1,0.1,0.1,0.15,0.1,0.1,0.2,0.15,0.1,0.15,0.0,0.0,0.0,0.0,0.0,0.0,0.0,0.0,0.0,0.0,0.0,0.0,0.0,0.0,0.0,0.0,0.0,0.0,0.0,0.0,0,0,0,0,0,0,0,0,0,0,0,1,Yeast
0.05,0.1,0.1,0.1,0.2,0.05,0.05,0.1,0.2,0.2,0.1,0.1,0.1,0.15,0.1,0.1,0.2,0.15,0.1,0.15,0.0,0.0,0.0,0.0,0.0,0.0,0.0,0.0,0.0,0.0,0.0,0.0,0.0,0.0,0.0,0.0,0.0,0.0,0.0,0.0,0,0,0,0,0,0,0,0,0,0,0,2,Mammalian
0.05,0.1,0.1,0.1,0.2,0.05,0.05,0.1,0.2,0.2,0.1,0.1,0.1,0.15,0.1,0.1,0.2,0.15,0.1,0.15,0.0,0.0,0.0,0.0,0.0,0.0,0.0,0.0,0.0,0.0,0.0,0.0,0.0,0.0,0.0,0.0,0.0,0.0,0.0,0.0,0,0,0,0,0,0,0,0,0,0,0,0,E_coli
0.05,0.1,0.05,0.1,0.2,0.05,0.05,0.1,0.2,0.2,0.1,0.1,0.1,0.15,0.05,0.1,0.2,0.15,0.1,0.15,0.0,0.0,0.0,0.0,0.0,0.0,0.0,0.0,0.0,0.0,0.0,0.0,0.0,0.0,0.0,0.0,0.0,0.0,0.0,0.0,0,0,0,0,0,0,0,0,0,0,0,1,Yeast
0.25,0.25,0.25,0.25,0.0,0.0,0.0,0.0,0.0,0.0,0.0,0.0,0.0,0.0,0.0,0.0,0.0,0.0,0.0,0.0,0.0,0.0,0.0,0.0,0.0,0.0,0.0,0.0,0.0,0.0,0.0,0.0,0.0,0.0,0.0,0.0,0.0,0.0,0.0,0.0,0,0,0,0,0,0,0,0,0,0,0,2,Mammalian
0.25,0.25,0.25,0.25,0.0,0.0,0.0,0.0,0.0,0.0,0.0,0.0,0.0,0.0,0.0,0.0,0.0,0.0,0.0,0.0,0.0,0.0,0.0,0.0,0.0,0.0,0.0,0.0,0.0,0.0,0.0,0.0,0.0,0.0,0.0,0.0,0.0,0.0,0.0,0.0,0,0,0,0,0,0,0,0,0,0,0,1,Yeast
0.25,0.25,0.25,0.25,0.0,0.0,0.0,0.0,0.0,0.0,0.0,0.0,0.0,0.0,0.0,0.0,0.0,0.0,0.0,0.0,0.0,0.0,0.0,0.0,0.0,0.0,0.0,0.0,0.0,0.0,0.0,0.0,0.0,0.0,0.0,0.0,0.0,0.0,0.0,0.0,0,0,0,0,0,0,0,0,0,0,0,0,E_coli
0.35294117647058826,0.35294117647058826,0.058823529411764705,0.058823529411764705,0.058823529411764705,0.058823529411764705,0.23529411764705882,0.35294117647058826,0.058823529411764705,0.23529411764705882,0.058823529411764705,0.35294117647058826,0.35294117647058826,0.23529411764705882,0.23529411764705882,0.35294117647058826,0.058823529411764705,0.0,0.0,0.0,0.0,0.0,0.0,0.0,0.0,0.0,0.0,0.0,0.0,0.0,0.0,0.0,0.0,0.0,0.0,0.0,0.0,0.0,0.0,0.0,0,0,0,0,0,0,0,0,0,0,0,2,Mammalian
0.35294117647058826,0.35294117647058826,0.058823529411764705,0.058823529411764705,0.058823529411764705,0.058823529411764705,0.23529411764705882,0.35294117647058826,0.058823529411764705,0.23529411764705882,0.058823529411764705,0.35294117647058826,0.35294117647058826,0.23529411764705882,0.23529411764705882,0.35294117647058826,0.058823529411764705,0.0,0.0,0.0,0.0,0.0,0.0,0.0,0.0,0.0,0.0,0.0,0.0,0.0,0.0,0.0,0.0,0.0,0.0,0.0,0.0,0.0,0.0,0.0,0,0,0,0,0,0,0,0,0,0,0,0,E_coli
0.35294117647058826,0.35294117647058826,0.058823529411764705,0.058823529411764705,0.058823529411764705,0.058823529411764705,0.23529411764705882,0.35294117647058826,0.058823529411764705,0.23529411764705882,0.058823529411764705,0.35294117647058826,0.35294117647058826,0.23529411764705882,0.23529411764705882,0.35294117647058826,0.058823529411764705,0.0,0.0,0.0,0.0,0.0,0.0,0.0,0.0,0.0,0.0,0.0,0.0,0.0,0.0,0.0,0.0,0.0,0.0,0.0,0.0,0.0,0.0,0.0,0,0,0,0,0,0,0,0,0,0,0,1,Yeast
0.3333333333333333,0.3333333333333333,0.05555555555555555,0.05555555555555555,0.05555555555555555,0.05555555555555555,0.2222222222222222,0.3333333333333333,0.05555555555555555,0.2222222222222222,0.05555555555555555,0.3333333333333333,0.3333333333333333,0.2222222222222222,0.2222222222222222,0.3333333333333333,0.05555555555555555,0.05555555555555555,0.0,0.0,0.0,0.0,0.0,0.0,0.0,0.0,0.0,0.0,0.0,0.0,0.0,0.0,0.0,0.0,0.0,0.0,0.0,0.0,0.0,0.0,0,0,0,0,0,0,0,0,0,0,0,1,Yeast
0.3333333333333333,0.3333333333333333,0.05555555555555555,0.05555555555555555,0.05555555555555555,0.05555555555555555,0.2222222222222222,0.3333333333333333,0.05555555555555555,0.2222222222222222,0.05555555555555555,0.3333333333333333,0.3333333333333333,0.2222222222222222,0.2222222222222222,0.3333333333333333,0.05555555555555555,0.05555555555555555,0.0,0.0,0.0,0.0,0.0,0.0,0.0,0.0,0.0,0.0,0.0,0.0,0.0,0.0,0.0,0.0,0.0,0.0,0.0,0.0,0.0,0.0,0,0,0,0,0,0,0,0,0,0,0,2,Mammalian
0.3333333333333333,0.3333333333333333,0.05555555555555555,0.05555555555555555,0.05555555555555555,0.05555555555555555,0.2222222222222222,0.3333333333333333,0.05555555555555555,0.2222222222222222,0.05555555555555555,0.3333333333333333,0.3333333333333333,0.2222222222222222,0.2222222222222222,0.3333333333333333,0.05555555555555555,0.05555555555555555,0.0,0.0,0.0,0.0,0.0,0.0,0.0,0.0,0.0,0.0,0.0,0.0,0.0,0.0,0.0,0.0,0.0,0.0,0.0,0.0,0.0,0.0,0,0,0,0,0,0,0,0,0,0,0,0,E_coli
0.3157894736842105,0.3157894736842105,0.05263157894736842,0.05263157894736842,0.05263157894736842,0.05263157894736842,0.21052631578947367,0.3157894736842105,0.05263157894736842,0.21052631578947367,0.05263157894736842,0.3157894736842105,0.3157894736842105,0.21052631578947367,0.21052631578947367,0.3157894736842105,0.05263157894736842,0.05263157894736842,0.05263157894736842,0.0,0.0,0.0,0.0,0.0,0.0,0.0,0.0,0.0,0.0,0.0,0.0,0.0,0.0,0.0,0.0,0.0,0.0,0.0,0.0,0.0,0,0,0,0,0,0,0,0,0,0,0,1,Yeast
0.3157894736842105,0.3157894736842105,0.05263157894736842,0.05263157894736842,0.05263157894736842,0.05263157894736842,0.21052631578947367,0.3157894736842105,0.05263157894736842,0.21052631578947367,0.05263157894736842,0.3157894736842105,0.3157894736842105,0.21052631578947367,0.21052631578947367,0.3157894736842105,0.05263157894736842,0.05263157894736842,0.05263157894736842,0.0,0.0,0.0,0.0,0.0,0.0,0.0,0.0,0.0,0.0,0.0,0.0,0.0,0.0,0.0,0.0,0.0,0.0,0.0,0.0,0.0,0,0,0,0,0,0,0,0,0,0,0,2,Mammalian
0.3157894736842105,0.3157894736842105,0.05263157894736842,0.05263157894736842,0.05263157894736842,0.05263157894736842,0.21052631578947367,0.3157894736842105,0.05263157894736842,0.21052631578947367,0.05263157894736842,0.3157894736842105,0.3157894736842105,0.21052631578947367,0.21052631578947367,0.3157894736842105,0.05263157894736842,0.05263157894736842,0.05263157894736842,0.0,0.0,0.0,0.0,0.0,0.0,0.0,0.0,0.0,0.0,0.0,0.0,0.0,0.0,0.0,0.0,0.0,0.0,0.0,0.0,0.0,0,0,0,0,0,0,0,0,0,0,0,0,E_coli
0.2857142857142857,0.2857142857142857,0.047619047619047616,0.047619047619047616,0.047619047619047616,0.047619047619047616,0.19047619047619047,0.2857142857142857,0.047619047619047616,0.19047619047619047,0.047619047619047616,0.2857142857142857,0.2857142857142857,0.19047619047619047,0.19047619047619047,0.2857142857142857,0.047619047619047616,0.09523809523809523,0.047619047619047616,0.047619047619047616,0.09523809523809523,0.0,0.0,0.0,0.0,0.0,0.0,0.0,0.0,0.0,0.0,0.0,0.0,0.0,0.0,0.0,0.0,0.0,0.0,0.0,0,0,0,0,0,0,0,0,0,0,0,0,E_coli
0.2857142857142857,0.2857142857142857,0.047619047619047616,0.047619047619047616,0.047619047619047616,0.047619047619047616,0.19047619047619047,0.2857142857142857,0.047619047619047616,0.19047619047619047,0.047619047619047616,0.2857142857142857,0.2857142857142857,0.19047619047619047,0.19047619047619047,0.2857142857142857,0.047619047619047616,0.09523809523809523,0.047619047619047616,0.047619047619047616,0.09523809523809523,0.0,0.0,0.0,0.0,0.0,0.0,0.0,0.0,0.0,0.0,0.0,0.0,0.0,0.0,0.0,0.0,0.0,0.0,0.0,0,0,0,0,0,0,0,0,0,0,0,2,Mammalian
0.2857142857142857,0.2857142857142857,0.047619047619047616,0.047619047619047616,0.047619047619047616,0.047619047619047616,0.19047619047619047,0.2857142857142857,0.047619047619047616,0.19047619047619047,0.047619047619047616,0.2857142857142857,0.2857142857142857,0.19047619047619047,0.19047619047619047,0.2857142857142857,0.047619047619047616,0.09523809523809523,0.047619047619047616,0.047619047619047616,0.09523809523809523,0.0,0.0,0.0,0.0,0.0,0.0,0.0,0.0,0.0,0.0,0.0,0.0,0.0,0.0,0.0,0.0,0.0,0.0,0.0,0,0,0,0,0,0,0,0,0,0,0,1,Yeast
0.5,0.5,0.25,0.25,0.0,0.0,0.0,0.0,0.0,0.0,0.0,0.0,0.0,0.0,0.0,0.0,0.0,0.0,0.0,0.0,0.0,0.0,0.0,0.0,0.0,0.0,0.0,0.0,0.0,0.0,0.0,0.0,0.0,0.0,0.0,0.0,0.0,0.0,0.0,0.0,0,0,0,0,0,0,0,0,0,0,0,1,Yeast
0.5,0.5,0.25,0.25,0.0,0.0,0.0,0.0,0.0,0.0,0.0,0.0,0.0,0.0,0.0,0.0,0.0,0.0,0.0,0.0,0.0,0.0,0.0,0.0,0.0,0.0,0.0,0.0,0.0,0.0,0.0,0.0,0.0,0.0,0.0,0.0,0.0,0.0,0.0,0.0,0,0,0,0,0,0,0,0,0,0,0,0,E_coli
0.5,0.5,0.25,0.25,0.0,0.0,0.0,0.0,0.0,0.0,0.0,0.0,0.0,0.0,0.0,0.0,0.0,0.0,0.0,0.0,0.0,0.0,0.0,0.0,0.0,0.0,0.0,0.0,0.0,0.0,0.0,0.0,0.0,0.0,0.0,0.0,0.0,0.0,0.0,0.0,0,0,0,0,0,0,0,0,0,0,0,2,Mammalian
0.17391304347826086,0.17391304347826086,0.08695652173913043,0.043478260869565216,0.17391304347826086,0.17391304347826086,0.13043478260869565,0.21739130434782608,0.043478260869565216,0.21739130434782608,0.08695652173913043,0.21739130434782608,0.08695652173913043,0.08695652173913043,0.21739130434782608,0.08695652173913043,0.043478260869565216,0.21739130434782608,0.13043478260869565,0.08695652173913043,0.043478260869565216,0.043478260869565216,0.13043478260869565,0.0,0.0,0.0,0.0,0.0,0.0,0.0,0.0,0.0,0.0,0.0,0.0,0.0,0.0,0.0,0.0,0.0,0,0,0,0,0,0,0,0,0,0,0,1,Yeast
0.17391304347826086,0.17391304347826086,0.08695652173913043,0.043478260869565216,0.17391304347826086,0.17391304347826086,0.13043478260869565,0.21739130434782608,0.043478260869565216,0.21739130434782608,0.08695652173913043,0.21739130434782608,0.08695652173913043,0.08695652173913043,0.21739130434782608,0.08695652173913043,0.043478260869565216,0.21739130434782608,0.13043478260869565,0.08695652173913043,0.043478260869565216,0.043478260869565216,0.13043478260869565,0.0,0.0,0.0,0.0,0.0,0.0,0.0,0.0,0.0,0.0,0.0,0.0,0.0,0.0,0.0,0.0,0.0,0,0,0,0,0,0,0,0,0,0,0,0,E_coli
0.17391304347826086,0.17391304347826086,0.08695652173913043,0.043478260869565216,0.17391304347826086,0.17391304347826086,0.13043478260869565,0.21739130434782608,0.043478260869565216,0.21739130434782608,0.08695652173913043,0.21739130434782608,0.08695652173913043,0.08695652173913043,0.21739130434782608,0.08695652173913043,0.043478260869565216,0.21739130434782608,0.13043478260869565,0.08695652173913043,0.043478260869565216,0.043478260869565216,0.13043478260869565,0.0,0.0,0.0,0.0,0.0,0.0,0.0,0.0,0.0,0.0,0.0,0.0,0.0,0.0,0.0,0.0,0.0,0,0,0,0,0,0,0,0,0,0,0,2,Mammalian
0.2,0.15,0.1,0.1,0.2,0.1,0.2,0.1,0.15,0.1,0.05,0.2,0.15,0.05,0.05,0.05,0.05,0.1,0.1,0.1,0.0,0.0,0.0,0.0,0.0,0.0,0.0,0.0,0.0,0.0,0.0,0.0,0.0,0.0,0.0,0.0,0.0,0.0,0.0,0.0,0,0,0,0,0,0,0,0,0,0,0,0,E_coli
0.2,0.15,0.1,0.1,0.2,0.1,0.2,0.1,0.15,0.1,0.05,0.2,0.15,0.05,0.05,0.05,0.05,0.1,0.1,0.1,0.0,0.0,0.0,0.0,0.0,0.0,0.0,0.0,0.0,0.0,0.0,0.0,0.0,0.0,0.0,0.0,0.0,0.0,0.0,0.0,0,0,0,0,0,0,0,0,0,0,0,1,Yeast
0.2,0.15,0.1,0.1,0.2,0.1,0.2,0.1,0.15,0.1,0.05,0.2,0.15,0.05,0.05,0.05,0.05,0.1,0.1,0.1,0.0,0.0,0.0,0.0,0.0,0.0,0.0,0.0,0.0,0.0,0.0,0.0,0.0,0.0,0.0,0.0,0.0,0.0,0.0,0.0,0,0,0,0,0,0,0,0,0,0,0,2,Mammalian
0.19047619047619047,0.14285714285714285,0.09523809523809523,0.09523809523809523,0.19047619047619047,0.09523809523809523,0.19047619047619047,0.09523809523809523,0.14285714285714285,0.09523809523809523,0.047619047619047616,0.19047619047619047,0.14285714285714285,0.047619047619047616,0.047619047619047616,0.047619047619047616,0.047619047619047616,0.09523809523809523,0.09523809523809523,0.09523809523809523,0.047619047619047616,0.0,0.0,0.0,0.0,0.0,0.0,0.0,0.0,0.0,0.0,0.0,0.0,0.0,0.0,0.0,0.0,0.0,0.0,0.0,0,0,0,0,0,0,0,0,0,0,0,0,E_coli
0.19047619047619047,0.14285714285714285,0.09523809523809523,0.09523809523809523,0.19047619047619047,0.09523809523809523,0.19047619047619047,0.09523809523809523,0.14285714285714285,0.09523809523809523,0.047619047619047616,0.19047619047619047,0.14285714285714285,0.047619047619047616,0.047619047619047616,0.047619047619047616,0.047619047619047616,0.09523809523809523,0.09523809523809523,0.09523809523809523,0.047619047619047616,0.0,0.0,0.0,0.0,0.0,0.0,0.0,0.0,0.0,0.0,0.0,0.0,0.0,0.0,0.0,0.0,0.0,0.0,0.0,0,0,0,0,0,0,0,0,0,0,0,2,Mammalian
0.19047619047619047,0.14285714285714285,0.09523809523809523,0.09523809523809523,0.19047619047619047,0.09523809523809523,0.19047619047619047,0.09523809523809523,0.14285714285714285,0.09523809523809523,0.047619047619047616,0.19047619047619047,0.14285714285714285,0.047619047619047616,0.047619047619047616,0.047619047619047616,0.047619047619047616,0.09523809523809523,0.09523809523809523,0.09523809523809523,0.047619047619047616,0.0,0.0,0.0,0.0,0.0,0.0,0.0,0.0,0.0,0.0,0.0,0.0,0.0,0.0,0.0,0.0,0.0,0.0,0.0,0,0,0,0,0,0,0,0,0,0,0,1,Yeast
0.05555555555555555,0.1111111111111111,0.05555555555555555,0.1111111111111111,0.1111111111111111,0.05555555555555555,0.1111111111111111,0.1111111111111111,0.16666666666666666,0.1111111111111111,0.05555555555555555,0.1111111111111111,0.16666666666666666,0.05555555555555555,0.16666666666666666,0.05555555555555555,0.1111111111111111,0.05555555555555555,0.0,0.0,0.0,0.0,0.0,0.0,0.0,0.0,0.0,0.0,0.0,0.0,0.0,0.0,0.0,0.0,0.0,0.0,0.0,0.0,0.0,0.0,0,0,0,0,0,0,0,0,0,0,0,1,Yeast
0.05555555555555555,0.1111111111111111,0.05555555555555555,0.1111111111111111,0.1111111111111111,0.05555555555555555,0.1111111111111111,0.1111111111111111,0.16666666666666666,0.1111111111111111,0.05555555555555555,0.1111111111111111,0.16666666666666666,0.05555555555555555,0.16666666666666666,0.05555555555555555,0.1111111111111111,0.05555555555555555,0.0,0.0,0.0,0.0,0.0,0.0,0.0,0.0,0.0,0.0,0.0,0.0,0.0,0.0,0.0,0.0,0.0,0.0,0.0,0.0,0.0,0.0,0,0,0,0,0,0,0,0,0,0,0,0,Mammalian
0.08333333333333333,0.08333333333333333,0.25,0.08333333333333333,0.08333333333333333,0.25,0.08333333333333333,0.08333333333333333,0.25,0.08333333333333333,0.08333333333333333,0.08333333333333333,0.0,0.0,0.0,0.0,0.0,0.0,0.0,0.0,0.0,0.0,0.0,0.0,0.0,0.0,0.0,0.0,0.0,0.0,0.0,0.0,0.0,0.0,0.0,0.0,0.0,0.0,0.0,0.0,0,0,0,0,0,0,0,0,0,0,0,2,Yeast
0.08333333333333333,0.08333333333333333,0.25,0.08333333333333333,0.08333333333333333,0.25,0.08333333333333333,0.08333333333333333,0.25,0.08333333333333333,0.08333333333333333,0.08333333333333333,0.0,0.0,0.0,0.0,0.0,0.0,0.0,0.0,0.0,0.0,0.0,0.0,0.0,0.0,0.0,0.0,0.0,0.0,0.0,0.0,0.0,0.0,0.0,0.0,0.0,0.0,0.0,0.0,0,0,0,0,0,0,0,0,0,0,0,0,Mammalian
0.05555555555555555,0.16666666666666666,0.05555555555555555,0.05555555555555555,0.05555555555555555,0.1111111111111111,0.1111111111111111,0.05555555555555555,0.16666666666666666,0.05555555555555555,0.1111111111111111,0.16666666666666666,0.1111111111111111,0.05555555555555555,0.05555555555555555,0.05555555555555555,0.05555555555555555,0.05555555555555555,0.0,0.0,0.0,0.0,0.0,0.0,0.0,0.0,0.0,0.0,0.0,0.0,0.0,0.0,0.0,0.0,0.0,0.0,0.0,0.0,0.0,0.0,0,0,0,0,0,0,0,0,0,0,0,2,Yeast
0.05555555555555555,0.16666666666666666,0.05555555555555555,0.05555555555555555,0.05555555555555555,0.1111111111111111,0.1111111111111111,0.05555555555555555,0.16666666666666666,0.05555555555555555,0.1111111111111111,0.16666666666666666,0.1111111111111111,0.05555555555555555,0.05555555555555555,0.05555555555555555,0.05555555555555555,0.05555555555555555,0.0,0.0,0.0,0.0,0.0,0.0,0.0,0.0,0.0,0.0,0.0,0.0,0.0,0.0,0.0,0.0,0.0,0.0,0.0,0.0,0.0,0.0,0,0,0,0,0,0,0,0,0,0,0,0,Mammalian
0.14285714285714285,0.2857142857142857,0.2857142857142857,0.2857142857142857,0.14285714285714285,0.14285714285714285,0.2857142857142857,0.0,0.0,0.0,0.0,0.0,0.0,0.0,0.0,0.0,0.0,0.0,0.0,0.0,0.0,0.0,0.0,0.0,0.0,0.0,0.0,0.0,0.0,0.0,0.0,0.0,0.0,0.0,0.0,0.0,0.0,0.0,0.0,0.0,0,0,0,0,0,0,0,0,0,0,0,2,Yeast
0.14285714285714285,0.2857142857142857,0.2857142857142857,0.2857142857142857,0.14285714285714285,0.14285714285714285,0.2857142857142857,0.0,0.0,0.0,0.0,0.0,0.0,0.0,0.0,0.0,0.0,0.0,0.0,0.0,0.0,0.0,0.0,0.0,0.0,0.0,0.0,0.0,0.0,0.0,0.0,0.0,0.0,0.0,0.0,0.0,0.0,0.0,0.0,0.0,0,0,0,0,0,0,0,0,0,0,0,0,Mammalian
0.09090909090909091,0.18181818181818182,0.18181818181818182,0.2727272727272727,0.09090909090909091,0.09090909090909091,0.2727272727272727,0.09090909090909091,0.09090909090909091,0.09090909090909091,0.2727272727272727,0.0,0.0,0.0,0.0,0.0,0.0,0.0,0.0,0.0,0.0,0.0,0.0,0.0,0.0,0.0,0.0,0.0,0.0,0.0,0.0,0.0,0.0,0.0,0.0,0.0,0.0,0.0,0.0,0.0,0,0,0,0,0,0,0,0,0,0,0,0,Mammalian
0.09090909090909091,0.18181818181818182,0.18181818181818182,0.2727272727272727,0.09090909090909091,0.09090909090909091,0.2727272727272727,0.09090909090909091,0.09090909090909091,0.09090909090909091,0.2727272727272727,0.0,0.0,0.0,0.0,0.0,0.0,0.0,0.0,0.0,0.0,0.0,0.0,0.0,0.0,0.0,0.0,0.0,0.0,0.0,0.0,0.0,0.0,0.0,0.0,0.0,0.0,0.0,0.0,0.0,0,0,0,0,0,0,0,0,0,0,0,2,Yeast
0.16666666666666666,0.08333333333333333,0.16666666666666666,0.08333333333333333,0.25,0.08333333333333333,0.08333333333333333,0.25,0.08333333333333333,0.08333333333333333,0.25,0.08333333333333333,0.0,0.0,0.0,0.0,0.0,0.0,0.0,0.0,0.0,0.0,0.0,0.0,0.0,0.0,0.0,0.0,0.0,0.0,0.0,0.0,0.0,0.0,0.0,0.0,0.0,0.0,0.0,0.0,0,0,0,0,0,0,0,0,0,0,0,2,Yeast
0.16666666666666666,0.08333333333333333,0.16666666666666666,0.08333333333333333,0.25,0.08333333333333333,0.08333333333333333,0.25,0.08333333333333333,0.08333333333333333,0.25,0.08333333333333333,0.0,0.0,0.0,0.0,0.0,0.0,0.0,0.0,0.0,0.0,0.0,0.0,0.0,0.0,0.0,0.0,0.0,0.0,0.0,0.0,0.0,0.0,0.0,0.0,0.0,0.0,0.0,0.0,0,0,0,0,0,0,0,0,0,0,0,0,Mammalian
0.2,0.2,0.13333333333333333,0.13333333333333333,0.13333333333333333,0.13333333333333333,0.13333333333333333,0.13333333333333333,0.06666666666666667,0.13333333333333333,0.06666666666666667,0.06666666666666667,0.2,0.13333333333333333,0.06666666666666667,0.0,0.0,0.0,0.0,0.0,0.0,0.0,0.0,0.0,0.0,0.0,0.0,0.0,0.0,0.0,0.0,0.0,0.0,0.0,0.0,0.0,0.0,0.0,0.0,0.0,0,0,0,0,0,0,0,0,0,0,0,0,Mammalian
0.2,0.2,0.13333333333333333,0.13333333333333333,0.13333333333333333,0.13333333333333333,0.13333333333333333,0.13333333333333333,0.06666666666666667,0.13333333333333333,0.06666666666666667,0.06666666666666667,0.2,0.13333333333333333,0.06666666666666667,0.0,0.0,0.0,0.0,0.0,0.0,0.0,0.0,0.0,0.0,0.0,0.0,0.0,0.0,0.0,0.0,0.0,0.0,0.0,0.0,0.0,0.0,0.0,0.0,0.0,0,0,0,0,0,0,0,0,0,0,0,2,Yeast
0.07692307692307693,0.15384615384615385,0.23076923076923078,0.15384615384615385,0.07692307692307693,0.07692307692307693,0.07692307692307693,0.07692307692307693,0.07692307692307693,0.23076923076923078,0.07692307692307693,0.23076923076923078,0.07692307692307693,0.0,0.0,0.0,0.0,0.0,0.0,0.0,0.0,0.0,0.0,0.0,0.0,0.0,0.0,0.0,0.0,0.0,0.0,0.0,0.0,0.0,0.0,0.0,0.0,0.0,0.0,0.0,0,0,0,0,0,0,0,0,0,0,0,2,Yeast
0.07692307692307693,0.15384615384615385,0.23076923076923078,0.15384615384615385,0.07692307692307693,0.07692307692307693,0.07692307692307693,0.07692307692307693,0.07692307692307693,0.23076923076923078,0.07692307692307693,0.23076923076923078,0.07692307692307693,0.0,0.0,0.0,0.0,0.0,0.0,0.0,0.0,0.0,0.0,0.0,0.0,0.0,0.0,0.0,0.0,0.0,0.0,0.0,0.0,0.0,0.0,0.0,0.0,0.0,0.0,0.0,0,0,0,0,0,0,0,0,0,0,0,0,Mammalian
0.027777777777777776,0.19444444444444445,0.08333333333333333,0.1111111111111111,0.1111111111111111,0.027777777777777776,0.027777777777777776,0.1111111111111111,0.1388888888888889,0.08333333333333333,0.027777777777777776,0.1111111111111111,0.1388888888888889,0.08333333333333333,0.19444444444444445,0.19444444444444445,0.1111111111111111,0.1111111111111111,0.1111111111111111,0.1111111111111111,0.1111111111111111,0.19444444444444445,0.05555555555555555,0.1111111111111111,0.19444444444444445,0.1111111111111111,0.19444444444444445,0.1388888888888889,0.1388888888888889,0.19444444444444445,0.1388888888888889,0.027777777777777776,0.05555555555555555,0.027777777777777776,0.027777777777777776,0.1111111111111111,0.0,0.0,0.0,0.0,0,0,0,0,0,0,0,0,0,0,0,0,Mammalian
0.027777777777777776,0.19444444444444445,0.08333333333333333,0.1111111111111111,0.1111111111111111,0.027777777777777776,0.027777777777777776,0.1111111111111111,0.1388888888888889,0.08333333333333333,0.027777777777777776,0.1111111111111111,0.1388888888888889,0.08333333333333333,0.19444444444444445,0.19444444444444445,0.1111111111111111,0.1111111111111111,0.1111111111111111,0.1111111111111111,0.1111111111111111,0.19444444444444445,0.05555555555555555,0.1111111111111111,0.19444444444444445,0.1111111111111111,0.19444444444444445,0.1388888888888889,0.1388888888888889,0.19444444444444445,0.1388888888888889,0.027777777777777776,0.05555555555555555,0.027777777777777776,0.027777777777777776,0.1111111111111111,0.0,0.0,0.0,0.0,0,0,0,0,0,0,0,0,0,0,0,0,Yeast
0.027777777777777776,0.19444444444444445,0.08333333333333333,0.1111111111111111,0.1111111111111111,0.027777777777777776,0.027777777777777776,0.1111111111111111,0.1388888888888889,0.08333333333333333,0.027777777777777776,0.1111111111111111,0.1388888888888889,0.08333333333333333,0.19444444444444445,0.19444444444444445,0.1111111111111111,0.1111111111111111,0.1111111111111111,0.1111111111111111,0.1111111111111111,0.19444444444444445,0.05555555555555555,0.1111111111111111,0.19444444444444445,0.1111111111111111,0.19444444444444445,0.1388888888888889,0.1388888888888889,0.19444444444444445,0.1388888888888889,0.027777777777777776,0.05555555555555555,0.027777777777777776,0.027777777777777776,0.1111111111111111,0.0,0.0,0.0,0.0,0,0,0,0,0,0,0,0,0,0,0,0,E_coli
0.25,0.125,0.0625,0.125,0.0625,0.125,0.125,0.25,0.0625,0.125,0.0625,0.25,0.0625,0.125,0.25,0.0625,0.0,0.0,0.0,0.0,0.0,0.0,0.0,0.0,0.0,0.0,0.0,0.0,0.0,0.0,0.0,0.0,0.0,0.0,0.0,0.0,0.0,0.0,0.0,0.0,0,0,0,0,0,0,0,0,0,0,0,0,Yeast
0.25,0.125,0.0625,0.125,0.0625,0.125,0.125,0.25,0.0625,0.125,0.0625,0.25,0.0625,0.125,0.25,0.0625,0.0,0.0,0.0,0.0,0.0,0.0,0.0,0.0,0.0,0.0,0.0,0.0,0.0,0.0,0.0,0.0,0.0,0.0,0.0,0.0,0.0,0.0,0.0,0.0,0,0,0,0,0,0,0,0,0,0,0,0,E_coli
0.25,0.125,0.0625,0.125,0.0625,0.125,0.125,0.25,0.0625,0.125,0.0625,0.25,0.0625,0.125,0.25,0.0625,0.0,0.0,0.0,0.0,0.0,0.0,0.0,0.0,0.0,0.0,0.0,0.0,0.0,0.0,0.0,0.0,0.0,0.0,0.0,0.0,0.0,0.0,0.0,0.0,0,0,0,0,0,0,0,0,0,0,0,0,Mammalian
0.25,0.125,0.0625,0.125,0.0625,0.0625,0.125,0.25,0.0625,0.0625,0.0625,0.25,0.0625,0.125,0.25,0.0625,0.0,0.0,0.0,0.0,0.0,0.0,0.0,0.0,0.0,0.0,0.0,0.0,0.0,0.0,0.0,0.0,0.0,0.0,0.0,0.0,0.0,0.0,0.0,0.0,0,0,0,0,0,0,0,0,0,0,0,0,Yeast
0.25,0.125,0.0625,0.125,0.0625,0.0625,0.125,0.25,0.0625,0.0625,0.0625,0.25,0.0625,0.125,0.25,0.0625,0.0,0.0,0.0,0.0,0.0,0.0,0.0,0.0,0.0,0.0,0.0,0.0,0.0,0.0,0.0,0.0,0.0,0.0,0.0,0.0,0.0,0.0,0.0,0.0,0,0,0,0,0,0,0,0,0,0,0,0,E_coli
0.25,0.125,0.0625,0.125,0.0625,0.0625,0.125,0.25,0.0625,0.0625,0.0625,0.25,0.0625,0.125,0.25,0.0625,0.0,0.0,0.0,0.0,0.0,0.0,0.0,0.0,0.0,0.0,0.0,0.0,0.0,0.0,0.0,0.0,0.0,0.0,0.0,0.0,0.0,0.0,0.0,0.0,0,0,0,0,0,0,0,0,0,0,0,0,Mammalian
0.5,0.25,0.5,0.5,0.25,0.125,0.125,0.5,0.0,0.0,0.0,0.0,0.0,0.0,0.0,0.0,0.0,0.0,0.0,0.0,0.0,0.0,0.0,0.0,0.0,0.0,0.0,0.0,0.0,0.0,0.0,0.0,0.0,0.0,0.0,0.0,0.0,0.0,0.0,0.0,0,0,0,0,0,0,0,0,0,0,0,0,E_coli
0.5,0.25,0.5,0.5,0.25,0.125,0.125,0.5,0.0,0.0,0.0,0.0,0.0,0.0,0.0,0.0,0.0,0.0,0.0,0.0,0.0,0.0,0.0,0.0,0.0,0.0,0.0,0.0,0.0,0.0,0.0,0.0,0.0,0.0,0.0,0.0,0.0,0.0,0.0,0.0,0,0,0,0,0,0,0,0,0,0,0,0,Yeast
0.5,0.25,0.5,0.5,0.25,0.125,0.125,0.5,0.0,0.0,0.0,0.0,0.0,0.0,0.0,0.0,0.0,0.0,0.0,0.0,0.0,0.0,0.0,0.0,0.0,0.0,0.0,0.0,0.0,0.0,0.0,0.0,0.0,0.0,0.0,0.0,0.0,0.0,0.0,0.0,0,0,0,0,0,0,0,0,0,0,0,0,Mammalian
0.07692307692307693,0.38461538461538464,0.15384615384615385,0.07692307692307693,0.38461538461538464,0.23076923076923078,0.38461538461538464,0.07692307692307693,0.23076923076923078,0.38461538461538464,0.15384615384615385,0.23076923076923078,0.38461538461538464,0.0,0.0,0.0,0.0,0.0,0.0,0.0,0.0,0.0,0.0,0.0,0.0,0.0,0.0,0.0,0.0,0.0,0.0,0.0,0.0,0.0,0.0,0.0,0.0,0.0,0.0,0.0,0,0,0,0,0,0,0,0,0,0,0,0,Mammalian
0.07692307692307693,0.38461538461538464,0.15384615384615385,0.07692307692307693,0.38461538461538464,0.23076923076923078,0.38461538461538464,0.07692307692307693,0.23076923076923078,0.38461538461538464,0.15384615384615385,0.23076923076923078,0.38461538461538464,0.0,0.0,0.0,0.0,0.0,0.0,0.0,0.0,0.0,0.0,0.0,0.0,0.0,0.0,0.0,0.0,0.0,0.0,0.0,0.0,0.0,0.0,0.0,0.0,0.0,0.0,0.0,0,0,0,0,0,0,0,0,0,0,0,0,Yeast
0.07692307692307693,0.38461538461538464,0.15384615384615385,0.07692307692307693,0.38461538461538464,0.23076923076923078,0.38461538461538464,0.07692307692307693,0.23076923076923078,0.38461538461538464,0.15384615384615385,0.23076923076923078,0.38461538461538464,0.0,0.0,0.0,0.0,0.0,0.0,0.0,0.0,0.0,0.0,0.0,0.0,0.0,0.0,0.0,0.0,0.0,0.0,0.0,0.0,0.0,0.0,0.0,0.0,0.0,0.0,0.0,0,0,0,0,0,0,0,0,0,0,0,0,E_coli
0.18181818181818182,0.09090909090909091,0.18181818181818182,0.18181818181818182,0.09090909090909091,0.09090909090909091,0.09090909090909091,0.09090909090909091,0.09090909090909091,0.18181818181818182,0.09090909090909091,0.0,0.0,0.0,0.0,0.0,0.0,0.0,0.0,0.0,0.0,0.0,0.0,0.0,0.0,0.0,0.0,0.0,0.0,0.0,0.0,0.0,0.0,0.0,0.0,0.0,0.0,0.0,0.0,0.0,0,0,0,0,0,0,0,0,0,0,0,0,E_coli
0.18181818181818182,0.09090909090909091,0.18181818181818182,0.18181818181818182,0.09090909090909091,0.09090909090909091,0.09090909090909091,0.09090909090909091,0.09090909090909091,0.18181818181818182,0.09090909090909091,0.0,0.0,0.0,0.0,0.0,0.0,0.0,0.0,0.0,0.0,0.0,0.0,0.0,0.0,0.0,0.0,0.0,0.0,0.0,0.0,0.0,0.0,0.0,0.0,0.0,0.0,0.0,0.0,0.0,0,0,0,0,0,0,0,0,0,0,0,0,Yeast
0.18181818181818182,0.09090909090909091,0.18181818181818182,0.18181818181818182,0.09090909090909091,0.09090909090909091,0.09090909090909091,0.09090909090909091,0.09090909090909091,0.18181818181818182,0.09090909090909091,0.0,0.0,0.0,0.0,0.0,0.0,0.0,0.0,0.0,0.0,0.0,0.0,0.0,0.0,0.0,0.0,0.0,0.0,0.0,0.0,0.0,0.0,0.0,0.0,0.0,0.0,0.0,0.0,0.0,0,0,0,0,0,0,0,0,0,0,0,0,Mammalian
0.10344827586206896,0.034482758620689655,0.10344827586206896,0.10344827586206896,0.06896551724137931,0.06896551724137931,0.10344827586206896,0.10344827586206896,0.034482758620689655,0.10344827586206896,0.10344827586206896,0.034482758620689655,0.10344827586206896,0.10344827586206896,0.10344827586206896,0.10344827586206896,0.034482758620689655,0.10344827586206896,0.034482758620689655,0.06896551724137931,0.10344827586206896,0.06896551724137931,0.10344827586206896,0.10344827586206896,0.06896551724137931,0.10344827586206896,0.06896551724137931,0.10344827586206896,0.10344827586206896,0.0,0.0,0.0,0.0,0.0,0.0,0.0,0.0,0.0,0.0,0.0,0,0,0,0,0,0,0,0,0,0,0,0,Mammalian
0.10344827586206896,0.034482758620689655,0.10344827586206896,0.10344827586206896,0.06896551724137931,0.06896551724137931,0.10344827586206896,0.10344827586206896,0.034482758620689655,0.10344827586206896,0.10344827586206896,0.034482758620689655,0.10344827586206896,0.10344827586206896,0.10344827586206896,0.10344827586206896,0.034482758620689655,0.10344827586206896,0.034482758620689655,0.06896551724137931,0.10344827586206896,0.06896551724137931,0.10344827586206896,0.10344827586206896,0.06896551724137931,0.10344827586206896,0.06896551724137931,0.10344827586206896,0.10344827586206896,0.0,0.0,0.0,0.0,0.0,0.0,0.0,0.0,0.0,0.0,0.0,0,0,0,0,0,0,0,0,0,0,0,0,Yeast
0.10344827586206896,0.034482758620689655,0.10344827586206896,0.10344827586206896,0.06896551724137931,0.06896551724137931,0.10344827586206896,0.10344827586206896,0.034482758620689655,0.10344827586206896,0.10344827586206896,0.034482758620689655,0.10344827586206896,0.10344827586206896,0.10344827586206896,0.10344827586206896,0.034482758620689655,0.10344827586206896,0.034482758620689655,0.06896551724137931,0.10344827586206896,0.06896551724137931,0.10344827586206896,0.10344827586206896,0.06896551724137931,0.10344827586206896,0.06896551724137931,0.10344827586206896,0.10344827586206896,0.0,0.0,0.0,0.0,0.0,0.0,0.0,0.0,0.0,0.0,0.0,0,0,0,0,0,0,0,0,0,0,0,0,E_coli
0.125,0.25,0.125,0.25,0.125,0.125,0.125,0.125,0.0,0.0,0.0,0.0,0.0,0.0,0.0,0.0,0.0,0.0,0.0,0.0,0.0,0.0,0.0,0.0,0.0,0.0,0.0,0.0,0.0,0.0,0.0,0.0,0.0,0.0,0.0,0.0,0.0,0.0,0.0,0.0,0,0,0,0,0,0,0,0,0,0,0,0,E_coli
0.125,0.25,0.125,0.25,0.125,0.125,0.125,0.125,0.0,0.0,0.0,0.0,0.0,0.0,0.0,0.0,0.0,0.0,0.0,0.0,0.0,0.0,0.0,0.0,0.0,0.0,0.0,0.0,0.0,0.0,0.0,0.0,0.0,0.0,0.0,0.0,0.0,0.0,0.0,0.0,0,0,0,0,0,0,0,0,0,0,0,0,Yeast
0.125,0.25,0.125,0.25,0.125,0.125,0.125,0.125,0.0,0.0,0.0,0.0,0.0,0.0,0.0,0.0,0.0,0.0,0.0,0.0,0.0,0.0,0.0,0.0,0.0,0.0,0.0,0.0,0.0,0.0,0.0,0.0,0.0,0.0,0.0,0.0,0.0,0.0,0.0,0.0,0,0,0,0,0,0,0,0,0,0,0,0,Mammalian
0.125,0.125,0.125,0.125,0.125,0.125,0.125,0.125,0.0,0.0,0.0,0.0,0.0,0.0,0.0,0.0,0.0,0.0,0.0,0.0,0.0,0.0,0.0,0.0,0.0,0.0,0.0,0.0,0.0,0.0,0.0,0.0,0.0,0.0,0.0,0.0,0.0,0.0,0.0,0.0,0,0,0,0,0,0,0,0,0,0,0,0,E_coli
0.125,0.125,0.125,0.125,0.125,0.125,0.125,0.125,0.0,0.0,0.0,0.0,0.0,0.0,0.0,0.0,0.0,0.0,0.0,0.0,0.0,0.0,0.0,0.0,0.0,0.0,0.0,0.0,0.0,0.0,0.0,0.0,0.0,0.0,0.0,0.0,0.0,0.0,0.0,0.0,0,0,0,0,0,0,0,0,0,0,0,0,Yeast
0.125,0.125,0.125,0.125,0.125,0.125,0.125,0.125,0.0,0.0,0.0,0.0,0.0,0.0,0.0,0.0,0.0,0.0,0.0,0.0,0.0,0.0,0.0,0.0,0.0,0.0,0.0,0.0,0.0,0.0,0.0,0.0,0.0,0.0,0.0,0.0,0.0,0.0,0.0,0.0,0,0,0,0,0,0,0,0,0,0,0,0,Mammalian
0.16666666666666666,0.25,0.16666666666666666,0.08333333333333333,0.08333333333333333,0.08333333333333333,0.08333333333333333,0.08333333333333333,0.25,0.08333333333333333,0.25,0.08333333333333333,0.0,0.0,0.0,0.0,0.0,0.0,0.0,0.0,0.0,0.0,0.0,0.0,0.0,0.0,0.0,0.0,0.0,0.0,0.0,0.0,0.0,0.0,0.0,0.0,0.0,0.0,0.0,0.0,0,0,0,0,0,0,0,0,0,0,0,0,Mammalian
0.16666666666666666,0.25,0.16666666666666666,0.08333333333333333,0.08333333333333333,0.08333333333333333,0.08333333333333333,0.08333333333333333,0.25,0.08333333333333333,0.25,0.08333333333333333,0.0,0.0,0.0,0.0,0.0,0.0,0.0,0.0,0.0,0.0,0.0,0.0,0.0,0.0,0.0,0.0,0.0,0.0,0.0,0.0,0.0,0.0,0.0,0.0,0.0,0.0,0.0,0.0,0,0,0,0,0,0,0,0,0,0,0,0,E_coli
0.16666666666666666,0.25,0.16666666666666666,0.08333333333333333,0.08333333333333333,0.08333333333333333,0.08333333333333333,0.08333333333333333,0.25,0.08333333333333333,0.25,0.08333333333333333,0.0,0.0,0.0,0.0,0.0,0.0,0.0,0.0,0.0,0.0,0.0,0.0,0.0,0.0,0.0,0.0,0.0,0.0,0.0,0.0,0.0,0.0,0.0,0.0,0.0,0.0,0.0,0.0,0,0,0,0,0,0,0,0,0,0,0,0,Yeast
0.5,0.5,0.2857142857142857,0.5,0.07142857142857142,0.2857142857142857,0.5,0.2857142857142857,0.5,0.5,0.2857142857142857,0.07142857142857142,0.07142857142857142,0.5,0.0,0.0,0.0,0.0,0.0,0.0,0.0,0.0,0.0,0.0,0.0,0.0,0.0,0.0,0.0,0.0,0.0,0.0,0.0,0.0,0.0,0.0,0.0,0.0,0.0,0.0,0,0,0,0,0,0,0,0,0,0,0,0,Mammalian
0.5,0.5,0.2857142857142857,0.5,0.07142857142857142,0.2857142857142857,0.5,0.2857142857142857,0.5,0.5,0.2857142857142857,0.07142857142857142,0.07142857142857142,0.5,0.0,0.0,0.0,0.0,0.0,0.0,0.0,0.0,0.0,0.0,0.0,0.0,0.0,0.0,0.0,0.0,0.0,0.0,0.0,0.0,0.0,0.0,0.0,0.0,0.0,0.0,0,0,0,0,0,0,0,0,0,0,0,0,Yeast
0.5,0.5,0.2857142857142857,0.5,0.07142857142857142,0.2857142857142857,0.5,0.2857142857142857,0.5,0.5,0.2857142857142857,0.07142857142857142,0.07142857142857142,0.5,0.0,0.0,0.0,0.0,0.0,0.0,0.0,0.0,0.0,0.0,0.0,0.0,0.0,0.0,0.0,0.0,0.0,0.0,0.0,0.0,0.0,0.0,0.0,0.0,0.0,0.0,0,0,0,0,0,0,0,0,0,0,0,0,E_coli
0.3157894736842105,0.3157894736842105,0.10526315789473684,0.10526315789473684,0.3157894736842105,0.3157894736842105,0.05263157894736842,0.3157894736842105,0.15789473684210525,0.3157894736842105,0.05263157894736842,0.05263157894736842,0.05263157894736842,0.10526315789473684,0.05263157894736842,0.15789473684210525,0.05263157894736842,0.15789473684210525,0.10526315789473684,0.0,0.0,0.0,0.0,0.0,0.0,0.0,0.0,0.0,0.0,0.0,0.0,0.0,0.0,0.0,0.0,0.0,0.0,0.0,0.0,0.0,0,0,0,0,0,0,0,0,0,0,0,0,Yeast
0.3157894736842105,0.3157894736842105,0.10526315789473684,0.10526315789473684,0.3157894736842105,0.3157894736842105,0.05263157894736842,0.3157894736842105,0.15789473684210525,0.3157894736842105,0.05263157894736842,0.05263157894736842,0.05263157894736842,0.10526315789473684,0.05263157894736842,0.15789473684210525,0.05263157894736842,0.15789473684210525,0.10526315789473684,0.0,0.0,0.0,0.0,0.0,0.0,0.0,0.0,0.0,0.0,0.0,0.0,0.0,0.0,0.0,0.0,0.0,0.0,0.0,0.0,0.0,0,0,0,0,0,0,0,0,0,0,0,0,Mammalian
0.3157894736842105,0.3157894736842105,0.10526315789473684,0.10526315789473684,0.3157894736842105,0.3157894736842105,0.05263157894736842,0.3157894736842105,0.15789473684210525,0.3157894736842105,0.05263157894736842,0.05263157894736842,0.05263157894736842,0.10526315789473684,0.05263157894736842,0.15789473684210525,0.05263157894736842,0.15789473684210525,0.10526315789473684,0.0,0.0,0.0,0.0,0.0,0.0,0.0,0.0,0.0,0.0,0.0,0.0,0.0,0.0,0.0,0.0,0.0,0.0,0.0,0.0,0.0,0,0,0,0,0,0,0,0,0,0,0,0,E_coli
0.1111111111111111,0.1111111111111111,0.1111111111111111,0.1111111111111111,0.3333333333333333,0.3333333333333333,0.1111111111111111,0.3333333333333333,0.3333333333333333,0.3333333333333333,0.3333333333333333,0.1111111111111111,0.3333333333333333,0.3333333333333333,0.3333333333333333,0.3333333333333333,0.3333333333333333,0.3333333333333333,0.0,0.0,0.0,0.0,0.0,0.0,0.0,0.0,0.0,0.0,0.0,0.0,0.0,0.0,0.0,0.0,0.0,0.0,0.0,0.0,0.0,0.0,0,0,0,0,0,0,0,0,0,0,0,0,Mammalian
0.1111111111111111,0.1111111111111111,0.1111111111111111,0.1111111111111111,0.3333333333333333,0.3333333333333333,0.1111111111111111,0.3333333333333333,0.3333333333333333,0.3333333333333333,0.3333333333333333,0.1111111111111111,0.3333333333333333,0.3333333333333333,0.3333333333333333,0.3333333333333333,0.3333333333333333,0.3333333333333333,0.0,0.0,0.0,0.0,0.0,0.0,0.0,0.0,0.0,0.0,0.0,0.0,0.0,0.0,0.0,0.0,0.0,0.0,0.0,0.0,0.0,0.0,0,0,0,0,0,0,0,0,0,0,0,0,E_coli
0.1111111111111111,0.1111111111111111,0.1111111111111111,0.1111111111111111,0.3333333333333333,0.3333333333333333,0.1111111111111111,0.3333333333333333,0.3333333333333333,0.3333333333333333,0.3333333333333333,0.1111111111111111,0.3333333333333333,0.3333333333333333,0.3333333333333333,0.3333333333333333,0.3333333333333333,0.3333333333333333,0.0,0.0,0.0,0.0,0.0,0.0,0.0,0.0,0.0,0.0,0.0,0.0,0.0,0.0,0.0,0.0,0.0,0.0,0.0,0.0,0.0,0.0,0,0,0,0,0,0,0,0,0,0,0,0,Yeast
0.18181818181818182,0.18181818181818182,0.18181818181818182,0.18181818181818182,0.2727272727272727,0.2727272727272727,0.09090909090909091,0.2727272727272727,0.18181818181818182,0.18181818181818182,0.09090909090909091,0.0,0.0,0.0,0.0,0.0,0.0,0.0,0.0,0.0,0.0,0.0,0.0,0.0,0.0,0.0,0.0,0.0,0.0,0.0,0.0,0.0,0.0,0.0,0.0,0.0,0.0,0.0,0.0,0.0,0,0,0,0,0,0,0,0,0,0,0,0,E_coli
0.18181818181818182,0.18181818181818182,0.18181818181818182,0.18181818181818182,0.2727272727272727,0.2727272727272727,0.09090909090909091,0.2727272727272727,0.18181818181818182,0.18181818181818182,0.09090909090909091,0.0,0.0,0.0,0.0,0.0,0.0,0.0,0.0,0.0,0.0,0.0,0.0,0.0,0.0,0.0,0.0,0.0,0.0,0.0,0.0,0.0,0.0,0.0,0.0,0.0,0.0,0.0,0.0,0.0,0,0,0,0,0,0,0,0,0,0,0,0,Mammalian
0.18181818181818182,0.18181818181818182,0.18181818181818182,0.18181818181818182,0.2727272727272727,0.2727272727272727,0.09090909090909091,0.2727272727272727,0.18181818181818182,0.18181818181818182,0.09090909090909091,0.0,0.0,0.0,0.0,0.0,0.0,0.0,0.0,0.0,0.0,0.0,0.0,0.0,0.0,0.0,0.0,0.0,0.0,0.0,0.0,0.0,0.0,0.0,0.0,0.0,0.0,0.0,0.0,0.0,0,0,0,0,0,0,0,0,0,0,0,0,Yeast
0.125,0.125,0.125,0.125,0.3125,0.3125,0.125,0.3125,0.25,0.25,0.0625,0.3125,0.125,0.25,0.25,0.3125,0.0,0.0,0.0,0.0,0.0,0.0,0.0,0.0,0.0,0.0,0.0,0.0,0.0,0.0,0.0,0.0,0.0,0.0,0.0,0.0,0.0,0.0,0.0,0.0,0,0,0,0,0,0,0,0,0,0,0,0,E_coli
0.125,0.125,0.125,0.125,0.3125,0.3125,0.125,0.3125,0.25,0.25,0.0625,0.3125,0.125,0.25,0.25,0.3125,0.0,0.0,0.0,0.0,0.0,0.0,0.0,0.0,0.0,0.0,0.0,0.0,0.0,0.0,0.0,0.0,0.0,0.0,0.0,0.0,0.0,0.0,0.0,0.0,0,0,0,0,0,0,0,0,0,0,0,0,Mammalian
0.125,0.125,0.125,0.125,0.3125,0.3125,0.125,0.3125,0.25,0.25,0.0625,0.3125,0.125,0.25,0.25,0.3125,0.0,0.0,0.0,0.0,0.0,0.0,0.0,0.0,0.0,0.0,0.0,0.0,0.0,0.0,0.0,0.0,0.0,0.0,0.0,0.0,0.0,0.0,0.0,0.0,0,0,0,0,0,0,0,0,0,0,0,0,Yeast
0.11764705882352941,0.11764705882352941,0.11764705882352941,0.11764705882352941,0.29411764705882354,0.29411764705882354,0.11764705882352941,0.29411764705882354,0.29411764705882354,0.29411764705882354,0.058823529411764705,0.29411764705882354,0.11764705882352941,0.29411764705882354,0.29411764705882354,0.29411764705882354,0.29411764705882354,0.0,0.0,0.0,0.0,0.0,0.0,0.0,0.0,0.0,0.0,0.0,0.0,0.0,0.0,0.0,0.0,0.0,0.0,0.0,0.0,0.0,0.0,0.0,0,0,0,0,0,0,0,0,0,0,0,0,Mammalian
0.11764705882352941,0.11764705882352941,0.11764705882352941,0.11764705882352941,0.29411764705882354,0.29411764705882354,0.11764705882352941,0.29411764705882354,0.29411764705882354,0.29411764705882354,0.058823529411764705,0.29411764705882354,0.11764705882352941,0.29411764705882354,0.29411764705882354,0.29411764705882354,0.29411764705882354,0.0,0.0,0.0,0.0,0.0,0.0,0.0,0.0,0.0,0.0,0.0,0.0,0.0,0.0,0.0,0.0,0.0,0.0,0.0,0.0,0.0,0.0,0.0,0,0,0,0,0,0,0,0,0,0,0,0,E_coli
0.11764705882352941,0.11764705882352941,0.11764705882352941,0.11764705882352941,0.29411764705882354,0.29411764705882354,0.11764705882352941,0.29411764705882354,0.29411764705882354,0.29411764705882354,0.058823529411764705,0.29411764705882354,0.11764705882352941,0.29411764705882354,0.29411764705882354,0.29411764705882354,0.29411764705882354,0.0,0.0,0.0,0.0,0.0,0.0,0.0,0.0,0.0,0.0,0.0,0.0,0.0,0.0,0.0,0.0,0.0,0.0,0.0,0.0,0.0,0.0,0.0,0,0,0,0,0,0,0,0,0,0,0,0,Yeast
0.1111111111111111,0.1111111111111111,0.1111111111111111,0.1111111111111111,0.2777777777777778,0.2777777777777778,0.1111111111111111,0.2777777777777778,0.3333333333333333,0.3333333333333333,0.05555555555555555,0.2777777777777778,0.1111111111111111,0.3333333333333333,0.3333333333333333,0.2777777777777778,0.3333333333333333,0.3333333333333333,0.0,0.0,0.0,0.0,0.0,0.0,0.0,0.0,0.0,0.0,0.0,0.0,0.0,0.0,0.0,0.0,0.0,0.0,0.0,0.0,0.0,0.0,0,0,0,0,0,0,0,0,0,0,0,0,E_coli
0.1111111111111111,0.1111111111111111,0.1111111111111111,0.1111111111111111,0.2777777777777778,0.2777777777777778,0.1111111111111111,0.2777777777777778,0.3333333333333333,0.3333333333333333,0.05555555555555555,0.2777777777777778,0.1111111111111111,0.3333333333333333,0.3333333333333333,0.2777777777777778,0.3333333333333333,0.3333333333333333,0.0,0.0,0.0,0.0,0.0,0.0,0.0,0.0,0.0,0.0,0.0,0.0,0.0,0.0,0.0,0.0,0.0,0.0,0.0,0.0,0.0,0.0,0,0,0,0,0,0,0,0,0,0,0,0,Mammalian
0.1111111111111111,0.1111111111111111,0.1111111111111111,0.1111111111111111,0.2777777777777778,0.2777777777777778,0.1111111111111111,0.2777777777777778,0.3333333333333333,0.3333333333333333,0.05555555555555555,0.2777777777777778,0.1111111111111111,0.3333333333333333,0.3333333333333333,0.2777777777777778,0.3333333333333333,0.3333333333333333,0.0,0.0,0.0,0.0,0.0,0.0,0.0,0.0,0.0,0.0,0.0,0.0,0.0,0.0,0.0,0.0,0.0,0.0,0.0,0.0,0.0,0.0,0,0,0,0,0,0,0,0,0,0,0,0,Yeast
0.10526315789473684,0.10526315789473684,0.10526315789473684,0.10526315789473684,0.3157894736842105,0.3157894736842105,0.10526315789473684,0.3157894736842105,0.3157894736842105,0.3157894736842105,0.05263157894736842,0.3157894736842105,0.10526315789473684,0.3157894736842105,0.3157894736842105,0.3157894736842105,0.3157894736842105,0.3157894736842105,0.3157894736842105,0.0,0.0,0.0,0.0,0.0,0.0,0.0,0.0,0.0,0.0,0.0,0.0,0.0,0.0,0.0,0.0,0.0,0.0,0.0,0.0,0.0,0,0,0,0,0,0,0,0,0,0,0,0,E_coli
0.10526315789473684,0.10526315789473684,0.10526315789473684,0.10526315789473684,0.3157894736842105,0.3157894736842105,0.10526315789473684,0.3157894736842105,0.3157894736842105,0.3157894736842105,0.05263157894736842,0.3157894736842105,0.10526315789473684,0.3157894736842105,0.3157894736842105,0.3157894736842105,0.3157894736842105,0.3157894736842105,0.3157894736842105,0.0,0.0,0.0,0.0,0.0,0.0,0.0,0.0,0.0,0.0,0.0,0.0,0.0,0.0,0.0,0.0,0.0,0.0,0.0,0.0,0.0,0,0,0,0,0,0,0,0,0,0,0,0,Mammalian
0.10526315789473684,0.10526315789473684,0.10526315789473684,0.10526315789473684,0.3157894736842105,0.3157894736842105,0.10526315789473684,0.3157894736842105,0.3157894736842105,0.3157894736842105,0.05263157894736842,0.3157894736842105,0.10526315789473684,0.3157894736842105,0.3157894736842105,0.3157894736842105,0.3157894736842105,0.3157894736842105,0.3157894736842105,0.0,0.0,0.0,0.0,0.0,0.0,0.0,0.0,0.0,0.0,0.0,0.0,0.0,0.0,0.0,0.0,0.0,0.0,0.0,0.0,0.0,0,0,0,0,0,0,0,0,0,0,0,0,Yeast
0.11764705882352941,0.11764705882352941,0.11764705882352941,0.11764705882352941,0.23529411764705882,0.35294117647058826,0.35294117647058826,0.11764705882352941,0.23529411764705882,0.058823529411764705,0.35294117647058826,0.35294117647058826,0.23529411764705882,0.35294117647058826,0.35294117647058826,0.23529411764705882,0.11764705882352941,0.0,0.0,0.0,0.0,0.0,0.0,0.0,0.0,0.0,0.0,0.0,0.0,0.0,0.0,0.0,0.0,0.0,0.0,0.0,0.0,0.0,0.0,0.0,0,0,0,0,0,0,0,0,0,0,0,0,Yeast
0.11764705882352941,0.11764705882352941,0.11764705882352941,0.11764705882352941,0.23529411764705882,0.35294117647058826,0.35294117647058826,0.11764705882352941,0.23529411764705882,0.058823529411764705,0.35294117647058826,0.35294117647058826,0.23529411764705882,0.35294117647058826,0.35294117647058826,0.23529411764705882,0.11764705882352941,0.0,0.0,0.0,0.0,0.0,0.0,0.0,0.0,0.0,0.0,0.0,0.0,0.0,0.0,0.0,0.0,0.0,0.0,0.0,0.0,0.0,0.0,0.0,0,0,0,0,0,0,0,0,0,0,0,0,E_coli
0.11764705882352941,0.11764705882352941,0.11764705882352941,0.11764705882352941,0.23529411764705882,0.35294117647058826,0.35294117647058826,0.11764705882352941,0.23529411764705882,0.058823529411764705,0.35294117647058826,0.35294117647058826,0.23529411764705882,0.35294117647058826,0.35294117647058826,0.23529411764705882,0.11764705882352941,0.0,0.0,0.0,0.0,0.0,0.0,0.0,0.0,0.0,0.0,0.0,0.0,0.0,0.0,0.0,0.0,0.0,0.0,0.0,0.0,0.0,0.0,0.0,0,0,0,0,0,0,0,0,0,0,0,0,Mammalian
0.15384615384615385,0.15384615384615385,0.15384615384615385,0.15384615384615385,0.38461538461538464,0.23076923076923078,0.07692307692307693,0.38461538461538464,0.38461538461538464,0.23076923076923078,0.38461538461538464,0.38461538461538464,0.23076923076923078,0.0,0.0,0.0,0.0,0.0,0.0,0.0,0.0,0.0,0.0,0.0,0.0,0.0,0.0,0.0,0.0,0.0,0.0,0.0,0.0,0.0,0.0,0.0,0.0,0.0,0.0,0.0,0,0,0,0,0,0,0,0,0,0,0,0,Mammalian
0.15384615384615385,0.15384615384615385,0.15384615384615385,0.15384615384615385,0.38461538461538464,0.23076923076923078,0.07692307692307693,0.38461538461538464,0.38461538461538464,0.23076923076923078,0.38461538461538464,0.38461538461538464,0.23076923076923078,0.0,0.0,0.0,0.0,0.0,0.0,0.0,0.0,0.0,0.0,0.0,0.0,0.0,0.0,0.0,0.0,0.0,0.0,0.0,0.0,0.0,0.0,0.0,0.0,0.0,0.0,0.0,0,0,0,0,0,0,0,0,0,0,0,0,Yeast
0.15384615384615385,0.15384615384615385,0.15384615384615385,0.15384615384615385,0.38461538461538464,0.23076923076923078,0.07692307692307693,0.38461538461538464,0.38461538461538464,0.23076923076923078,0.38461538461538464,0.38461538461538464,0.23076923076923078,0.0,0.0,0.0,0.0,0.0,0.0,0.0,0.0,0.0,0.0,0.0,0.0,0.0,0.0,0.0,0.0,0.0,0.0,0.0,0.0,0.0,0.0,0.0,0.0,0.0,0.0,0.0,0,0,0,0,0,0,0,0,0,0,0,0,E_coli
0.14285714285714285,0.14285714285714285,0.14285714285714285,0.14285714285714285,0.42857142857142855,0.42857142857142855,0.21428571428571427,0.07142857142857142,0.42857142857142855,0.42857142857142855,0.21428571428571427,0.42857142857142855,0.42857142857142855,0.21428571428571427,0.0,0.0,0.0,0.0,0.0,0.0,0.0,0.0,0.0,0.0,0.0,0.0,0.0,0.0,0.0,0.0,0.0,0.0,0.0,0.0,0.0,0.0,0.0,0.0,0.0,0.0,0,0,0,0,0,0,0,0,0,0,0,0,Mammalian
0.14285714285714285,0.14285714285714285,0.14285714285714285,0.14285714285714285,0.42857142857142855,0.42857142857142855,0.21428571428571427,0.07142857142857142,0.42857142857142855,0.42857142857142855,0.21428571428571427,0.42857142857142855,0.42857142857142855,0.21428571428571427,0.0,0.0,0.0,0.0,0.0,0.0,0.0,0.0,0.0,0.0,0.0,0.0,0.0,0.0,0.0,0.0,0.0,0.0,0.0,0.0,0.0,0.0,0.0,0.0,0.0,0.0,0,0,0,0,0,0,0,0,0,0,0,0,E_coli
0.14285714285714285,0.14285714285714285,0.14285714285714285,0.14285714285714285,0.42857142857142855,0.42857142857142855,0.21428571428571427,0.07142857142857142,0.42857142857142855,0.42857142857142855,0.21428571428571427,0.42857142857142855,0.42857142857142855,0.21428571428571427,0.0,0.0,0.0,0.0,0.0,0.0,0.0,0.0,0.0,0.0,0.0,0.0,0.0,0.0,0.0,0.0,0.0,0.0,0.0,0.0,0.0,0.0,0.0,0.0,0.0,0.0,0,0,0,0,0,0,0,0,0,0,0,0,Yeast
0.1111111111111111,0.1111111111111111,0.1111111111111111,0.1111111111111111,0.1111111111111111,0.2222222222222222,0.3333333333333333,0.3333333333333333,0.1111111111111111,0.2222222222222222,0.1111111111111111,0.3333333333333333,0.3333333333333333,0.2222222222222222,0.3333333333333333,0.3333333333333333,0.2222222222222222,0.1111111111111111,0.0,0.0,0.0,0.0,0.0,0.0,0.0,0.0,0.0,0.0,0.0,0.0,0.0,0.0,0.0,0.0,0.0,0.0,0.0,0.0,0.0,0.0,0,0,0,0,0,0,0,0,0,0,0,0,E_coli
0.1111111111111111,0.1111111111111111,0.1111111111111111,0.1111111111111111,0.1111111111111111,0.2222222222222222,0.3333333333333333,0.3333333333333333,0.1111111111111111,0.2222222222222222,0.1111111111111111,0.3333333333333333,0.3333333333333333,0.2222222222222222,0.3333333333333333,0.3333333333333333,0.2222222222222222,0.1111111111111111,0.0,0.0,0.0,0.0,0.0,0.0,0.0,0.0,0.0,0.0,0.0,0.0,0.0,0.0,0.0,0.0,0.0,0.0,0.0,0.0,0.0,0.0,0,0,0,0,0,0,0,0,0,0,0,0,Mammalian
0.1111111111111111,0.1111111111111111,0.1111111111111111,0.1111111111111111,0.1111111111111111,0.2222222222222222,0.3333333333333333,0.3333333333333333,0.1111111111111111,0.2222222222222222,0.1111111111111111,0.3333333333333333,0.3333333333333333,0.2222222222222222,0.3333333333333333,0.3333333333333333,0.2222222222222222,0.1111111111111111,0.0,0.0,0.0,0.0,0.0,0.0,0.0,0.0,0.0,0.0,0.0,0.0,0.0,0.0,0.0,0.0,0.0,0.0,0.0,0.0,0.0,0.0,0,0,0,0,0,0,0,0,0,0,0,0,Yeast
0.1,0.1,0.15,0.1,0.15,0.1,0.1,0.1,0.05,0.15,0.1,0.05,0.05,0.05,0.05,0.1,0.1,0.1,0.1,0.1,0.0,0.0,0.0,0.0,0.0,0.0,0.0,0.0,0.0,0.0,0.0,0.0,0.0,0.0,0.0,0.0,0.0,0.0,0.0,0.0,0,0,0,0,0,0,0,0,0,0,0,0,Mammalian
0.1,0.1,0.15,0.1,0.15,0.1,0.1,0.1,0.05,0.15,0.1,0.05,0.05,0.05,0.05,0.1,0.1,0.1,0.1,0.1,0.0,0.0,0.0,0.0,0.0,0.0,0.0,0.0,0.0,0.0,0.0,0.0,0.0,0.0,0.0,0.0,0.0,0.0,0.0,0.0,0,0,0,0,0,0,0,0,0,0,0,0,Yeast
0.1,0.1,0.15,0.1,0.15,0.1,0.1,0.1,0.05,0.15,0.1,0.05,0.05,0.05,0.05,0.1,0.1,0.1,0.1,0.1,0.0,0.0,0.0,0.0,0.0,0.0,0.0,0.0,0.0,0.0,0.0,0.0,0.0,0.0,0.0,0.0,0.0,0.0,0.0,0.0,0,0,0,0,0,0,0,0,0,0,0,0,E_coli
0.3333333333333333,0.3333333333333333,0.08333333333333333,0.3333333333333333,0.16666666666666666,0.3333333333333333,0.08333333333333333,0.08333333333333333,0.08333333333333333,0.08333333333333333,0.08333333333333333,0.16666666666666666,0.0,0.0,0.0,0.0,0.0,0.0,0.0,0.0,0.0,0.0,0.0,0.0,0.0,0.0,0.0,0.0,0.0,0.0,0.0,0.0,0.0,0.0,0.0,0.0,0.0,0.0,0.0,0.0,0,0,0,0,0,0,0,0,0,0,0,0,Yeast
0.3333333333333333,0.3333333333333333,0.08333333333333333,0.3333333333333333,0.16666666666666666,0.3333333333333333,0.08333333333333333,0.08333333333333333,0.08333333333333333,0.08333333333333333,0.08333333333333333,0.16666666666666666,0.0,0.0,0.0,0.0,0.0,0.0,0.0,0.0,0.0,0.0,0.0,0.0,0.0,0.0,0.0,0.0,0.0,0.0,0.0,0.0,0.0,0.0,0.0,0.0,0.0,0.0,0.0,0.0,0,0,0,0,0,0,0,0,0,0,0,0,E_coli
0.3333333333333333,0.3333333333333333,0.08333333333333333,0.3333333333333333,0.16666666666666666,0.3333333333333333,0.08333333333333333,0.08333333333333333,0.08333333333333333,0.08333333333333333,0.08333333333333333,0.16666666666666666,0.0,0.0,0.0,0.0,0.0,0.0,0.0,0.0,0.0,0.0,0.0,0.0,0.0,0.0,0.0,0.0,0.0,0.0,0.0,0.0,0.0,0.0,0.0,0.0,0.0,0.0,0.0,0.0,0,0,0,0,0,0,0,0,0,0,0,0,Mammalian
0.3076923076923077,0.3076923076923077,0.07692307692307693,0.3076923076923077,0.15384615384615385,0.3076923076923077,0.07692307692307693,0.07692307692307693,0.07692307692307693,0.07692307692307693,0.07692307692307693,0.15384615384615385,0.07692307692307693,0.0,0.0,0.0,0.0,0.0,0.0,0.0,0.0,0.0,0.0,0.0,0.0,0.0,0.0,0.0,0.0,0.0,0.0,0.0,0.0,0.0,0.0,0.0,0.0,0.0,0.0,0.0,0,0,0,0,0,0,0,0,0,0,0,0,Yeast
0.3076923076923077,0.3076923076923077,0.07692307692307693,0.3076923076923077,0.15384615384615385,0.3076923076923077,0.07692307692307693,0.07692307692307693,0.07692307692307693,0.07692307692307693,0.07692307692307693,0.15384615384615385,0.07692307692307693,0.0,0.0,0.0,0.0,0.0,0.0,0.0,0.0,0.0,0.0,0.0,0.0,0.0,0.0,0.0,0.0,0.0,0.0,0.0,0.0,0.0,0.0,0.0,0.0,0.0,0.0,0.0,0,0,0,0,0,0,0,0,0,0,0,0,Mammalian
0.3076923076923077,0.3076923076923077,0.07692307692307693,0.3076923076923077,0.15384615384615385,0.3076923076923077,0.07692307692307693,0.07692307692307693,0.07692307692307693,0.07692307692307693,0.07692307692307693,0.15384615384615385,0.07692307692307693,0.0,0.0,0.0,0.0,0.0,0.0,0.0,0.0,0.0,0.0,0.0,0.0,0.0,0.0,0.0,0.0,0.0,0.0,0.0,0.0,0.0,0.0,0.0,0.0,0.0,0.0,0.0,0,0,0,0,0,0,0,0,0,0,0,0,E_coli
0.26666666666666666,0.26666666666666666,0.06666666666666667,0.26666666666666666,0.2,0.26666666666666666,0.06666666666666667,0.06666666666666667,0.06666666666666667,0.06666666666666667,0.06666666666666667,0.2,0.06666666666666667,0.2,0.06666666666666667,0.0,0.0,0.0,0.0,0.0,0.0,0.0,0.0,0.0,0.0,0.0,0.0,0.0,0.0,0.0,0.0,0.0,0.0,0.0,0.0,0.0,0.0,0.0,0.0,0.0,0,0,0,0,0,0,0,0,0,0,0,0,Yeast
0.26666666666666666,0.26666666666666666,0.06666666666666667,0.26666666666666666,0.2,0.26666666666666666,0.06666666666666667,0.06666666666666667,0.06666666666666667,0.06666666666666667,0.06666666666666667,0.2,0.06666666666666667,0.2,0.06666666666666667,0.0,0.0,0.0,0.0,0.0,0.0,0.0,0.0,0.0,0.0,0.0,0.0,0.0,0.0,0.0,0.0,0.0,0.0,0.0,0.0,0.0,0.0,0.0,0.0,0.0,0,0,0,0,0,0,0,0,0,0,0,0,Mammalian
0.26666666666666666,0.26666666666666666,0.06666666666666667,0.26666666666666666,0.2,0.26666666666666666,0.06666666666666667,0.06666666666666667,0.06666666666666667,0.06666666666666667,0.06666666666666667,0.2,0.06666666666666667,0.2,0.06666666666666667,0.0,0.0,0.0,0.0,0.0,0.0,0.0,0.0,0.0,0.0,0.0,0.0,0.0,0.0,0.0,0.0,0.0,0.0,0.0,0.0,0.0,0.0,0.0,0.0,0.0,0,0,0,0,0,0,0,0,0,0,0,0,E_coli
1.0,1.0,1.0,1.0,1.0,1.0,1.0,1.0,1.0,1.0,0.0,0.0,0.0,0.0,0.0,0.0,0.0,0.0,0.0,0.0,0.0,0.0,0.0,0.0,0.0,0.0,0.0,0.0,0.0,0.0,0.0,0.0,0.0,0.0,0.0,0.0,0.0,0.0,0.0,0.0,0,0,0,0,0,0,0,0,0,0,0,0,Yeast
1.0,1.0,1.0,1.0,1.0,1.0,1.0,1.0,1.0,1.0,0.0,0.0,0.0,0.0,0.0,0.0,0.0,0.0,0.0,0.0,0.0,0.0,0.0,0.0,0.0,0.0,0.0,0.0,0.0,0.0,0.0,0.0,0.0,0.0,0.0,0.0,0.0,0.0,0.0,0.0,0,0,0,0,0,0,0,0,0,0,0,0,Mammalian
1.0,1.0,1.0,1.0,1.0,1.0,1.0,1.0,1.0,1.0,0.0,0.0,0.0,0.0,0.0,0.0,0.0,0.0,0.0,0.0,0.0,0.0,0.0,0.0,0.0,0.0,0.0,0.0,0.0,0.0,0.0,0.0,0.0,0.0,0.0,0.0,0.0,0.0,0.0,0.0,0,0,0,0,0,0,0,0,0,0,0,0,E_coli
0.42857142857142855,0.42857142857142855,0.42857142857142855,0.14285714285714285,0.42857142857142855,0.42857142857142855,0.42857142857142855,0.0,0.0,0.0,0.0,0.0,0.0,0.0,0.0,0.0,0.0,0.0,0.0,0.0,0.0,0.0,0.0,0.0,0.0,0.0,0.0,0.0,0.0,0.0,0.0,0.0,0.0,0.0,0.0,0.0,0.0,0.0,0.0,0.0,0,0,0,0,0,0,0,0,0,0,0,0,Yeast
0.42857142857142855,0.42857142857142855,0.42857142857142855,0.14285714285714285,0.42857142857142855,0.42857142857142855,0.42857142857142855,0.0,0.0,0.0,0.0,0.0,0.0,0.0,0.0,0.0,0.0,0.0,0.0,0.0,0.0,0.0,0.0,0.0,0.0,0.0,0.0,0.0,0.0,0.0,0.0,0.0,0.0,0.0,0.0,0.0,0.0,0.0,0.0,0.0,0,0,0,0,0,0,0,0,0,0,0,0,E_coli
0.42857142857142855,0.42857142857142855,0.42857142857142855,0.14285714285714285,0.42857142857142855,0.42857142857142855,0.42857142857142855,0.0,0.0,0.0,0.0,0.0,0.0,0.0,0.0,0.0,0.0,0.0,0.0,0.0,0.0,0.0,0.0,0.0,0.0,0.0,0.0,0.0,0.0,0.0,0.0,0.0,0.0,0.0,0.0,0.0,0.0,0.0,0.0,0.0,0,0,0,0,0,0,0,0,0,0,0,0,Mammalian
0.45454545454545453,0.09090909090909091,0.2727272727272727,0.45454545454545453,0.2727272727272727,0.45454545454545453,0.45454545454545453,0.2727272727272727,0.09090909090909091,0.09090909090909091,0.45454545454545453,0.0,0.0,0.0,0.0,0.0,0.0,0.0,0.0,0.0,0.0,0.0,0.0,0.0,0.0,0.0,0.0,0.0,0.0,0.0,0.0,0.0,0.0,0.0,0.0,0.0,0.0,0.0,0.0,0.0,0,0,0,0,0,0,0,0,0,0,0,0,Yeast
0.45454545454545453,0.09090909090909091,0.2727272727272727,0.45454545454545453,0.2727272727272727,0.45454545454545453,0.45454545454545453,0.2727272727272727,0.09090909090909091,0.09090909090909091,0.45454545454545453,0.0,0.0,0.0,0.0,0.0,0.0,0.0,0.0,0.0,0.0,0.0,0.0,0.0,0.0,0.0,0.0,0.0,0.0,0.0,0.0,0.0,0.0,0.0,0.0,0.0,0.0,0.0,0.0,0.0,0,0,0,0,0,0,0,0,0,0,0,0,Mammalian
0.45454545454545453,0.09090909090909091,0.2727272727272727,0.45454545454545453,0.2727272727272727,0.45454545454545453,0.45454545454545453,0.2727272727272727,0.09090909090909091,0.09090909090909091,0.45454545454545453,0.0,0.0,0.0,0.0,0.0,0.0,0.0,0.0,0.0,0.0,0.0,0.0,0.0,0.0,0.0,0.0,0.0,0.0,0.0,0.0,0.0,0.0,0.0,0.0,0.0,0.0,0.0,0.0,0.0,0,0,0,0,0,0,0,0,0,0,0,0,E_coli
0.18181818181818182,0.18181818181818182,0.18181818181818182,0.18181818181818182,0.18181818181818182,0.09090909090909091,0.18181818181818182,0.09090909090909091,0.18181818181818182,0.18181818181818182,0.09090909090909091,0.0,0.0,0.0,0.0,0.0,0.0,0.0,0.0,0.0,0.0,0.0,0.0,0.0,0.0,0.0,0.0,0.0,0.0,0.0,0.0,0.0,0.0,0.0,0.0,0.0,0.0,0.0,0.0,0.0,0,0,0,0,0,0,0,0,0,0,0,0,E_coli
0.18181818181818182,0.18181818181818182,0.18181818181818182,0.18181818181818182,0.18181818181818182,0.09090909090909091,0.18181818181818182,0.09090909090909091,0.18181818181818182,0.18181818181818182,0.09090909090909091,0.0,0.0,0.0,0.0,0.0,0.0,0.0,0.0,0.0,0.0,0.0,0.0,0.0,0.0,0.0,0.0,0.0,0.0,0.0,0.0,0.0,0.0,0.0,0.0,0.0,0.0,0.0,0.0,0.0,0,0,0,0,0,0,0,0,0,0,0,0,Yeast
0.18181818181818182,0.18181818181818182,0.18181818181818182,0.18181818181818182,0.18181818181818182,0.09090909090909091,0.18181818181818182,0.09090909090909091,0.18181818181818182,0.18181818181818182,0.09090909090909091,0.0,0.0,0.0,0.0,0.0,0.0,0.0,0.0,0.0,0.0,0.0,0.0,0.0,0.0,0.0,0.0,0.0,0.0,0.0,0.0,0.0,0.0,0.0,0.0,0.0,0.0,0.0,0.0,0.0,0,0,0,0,0,0,0,0,0,0,0,0,Mammalian
0.42857142857142855,0.5714285714285714,0.5714285714285714,0.42857142857142855,0.5714285714285714,0.5714285714285714,0.42857142857142855,0.0,0.0,0.0,0.0,0.0,0.0,0.0,0.0,0.0,0.0,0.0,0.0,0.0,0.0,0.0,0.0,0.0,0.0,0.0,0.0,0.0,0.0,0.0,0.0,0.0,0.0,0.0,0.0,0.0,0.0,0.0,0.0,0.0,0,0,0,0,0,0,0,0,0,0,0,0,E_coli
0.42857142857142855,0.5714285714285714,0.5714285714285714,0.42857142857142855,0.5714285714285714,0.5714285714285714,0.42857142857142855,0.0,0.0,0.0,0.0,0.0,0.0,0.0,0.0,0.0,0.0,0.0,0.0,0.0,0.0,0.0,0.0,0.0,0.0,0.0,0.0,0.0,0.0,0.0,0.0,0.0,0.0,0.0,0.0,0.0,0.0,0.0,0.0,0.0,0,0,0,0,0,0,0,0,0,0,0,0,Mammalian
0.42857142857142855,0.5714285714285714,0.5714285714285714,0.42857142857142855,0.5714285714285714,0.5714285714285714,0.42857142857142855,0.0,0.0,0.0,0.0,0.0,0.0,0.0,0.0,0.0,0.0,0.0,0.0,0.0,0.0,0.0,0.0,0.0,0.0,0.0,0.0,0.0,0.0,0.0,0.0,0.0,0.0,0.0,0.0,0.0,0.0,0.0,0.0,0.0,0,0,0,0,0,0,0,0,0,0,0,0,Yeast
0.1111111111111111,0.16666666666666666,0.05555555555555555,0.16666666666666666,0.05555555555555555,0.16666666666666666,0.05555555555555555,0.16666666666666666,0.05555555555555555,0.1111111111111111,0.05555555555555555,0.1111111111111111,0.05555555555555555,0.05555555555555555,0.16666666666666666,0.05555555555555555,0.1111111111111111,0.16666666666666666,0.0,0.0,0.0,0.0,0.0,0.0,0.0,0.0,0.0,0.0,0.0,0.0,0.0,0.0,0.0,0.0,0.0,0.0,0.0,0.0,0.0,0.0,0,0,0,0,0,0,0,0,0,0,0,0,Mammalian
0.1,0.4,0.3,0.4,0.1,0.3,0.4,0.1,0.3,0.4,0.0,0.0,0.0,0.0,0.0,0.0,0.0,0.0,0.0,0.0,0.0,0.0,0.0,0.0,0.0,0.0,0.0,0.0,0.0,0.0,0.0,0.0,0.0,0.0,0.0,0.0,0.0,0.0,0.0,0.0,0,0,0,0,0,0,0,0,0,0,0,0,Mammalian
0.17857142857142858,0.10714285714285714,0.14285714285714285,0.10714285714285714,0.07142857142857142,0.14285714285714285,0.03571428571428571,0.14285714285714285,0.17857142857142858,0.07142857142857142,0.10714285714285714,0.14285714285714285,0.14285714285714285,0.17857142857142858,0.14285714285714285,0.14285714285714285,0.03571428571428571,0.10714285714285714,0.07142857142857142,0.07142857142857142,0.17857142857142858,0.07142857142857142,0.03571428571428571,0.14285714285714285,0.10714285714285714,0.07142857142857142,0.17857142857142858,0.10714285714285714,0.0,0.0,0.0,0.0,0.0,0.0,0.0,0.0,0.0,0.0,0.0,0.0,0,0,0,0,0,0,0,0,0,0,0,0,Mammalian
0.047619047619047616,0.23809523809523808,0.09523809523809523,0.23809523809523808,0.14285714285714285,0.047619047619047616,0.23809523809523808,0.09523809523809523,0.09523809523809523,0.23809523809523808,0.14285714285714285,0.14285714285714285,0.047619047619047616,0.047619047619047616,0.14285714285714285,0.14285714285714285,0.23809523809523808,0.047619047619047616,0.09523809523809523,0.047619047619047616,0.14285714285714285,0.0,0.0,0.0,0.0,0.0,0.0,0.0,0.0,0.0,0.0,0.0,0.0,0.0,0.0,0.0,0.0,0.0,0.0,0.0,0,0,0,0,0,0,0,0,0,0,0,0,Mammalian
0.375,0.125,0.125,0.375,0.375,0.125,0.125,0.125,0.0,0.0,0.0,0.0,0.0,0.0,0.0,0.0,0.0,0.0,0.0,0.0,0.0,0.0,0.0,0.0,0.0,0.0,0.0,0.0,0.0,0.0,0.0,0.0,0.0,0.0,0.0,0.0,0.0,0.0,0.0,0.0,0,0,0,0,0,0,0,0,0,0,0,0,Mammalian
0.1111111111111111,0.1111111111111111,0.05555555555555555,0.05555555555555555,0.1111111111111111,0.05555555555555555,0.1111111111111111,0.1111111111111111,0.05555555555555555,0.05555555555555555,0.05555555555555555,0.1111111111111111,0.1111111111111111,0.05555555555555555,0.05555555555555555,0.05555555555555555,0.05555555555555555,0.1111111111111111,0.0,0.0,0.0,0.0,0.0,0.0,0.0,0.0,0.0,0.0,0.0,0.0,0.0,0.0,0.0,0.0,0.0,0.0,0.0,0.0,0.0,0.0,0,0,0,0,0,0,0,0,0,0,0,0,Mammalian
0.125,0.25,0.125,0.125,0.125,0.25,0.125,0.125,0.0,0.0,0.0,0.0,0.0,0.0,0.0,0.0,0.0,0.0,0.0,0.0,0.0,0.0,0.0,0.0,0.0,0.0,0.0,0.0,0.0,0.0,0.0,0.0,0.0,0.0,0.0,0.0,0.0,0.0,0.0,0.0,0,0,0,0,0,0,0,0,0,0,0,0,Mammalian
0.05555555555555555,0.19444444444444445,0.08333333333333333,0.027777777777777776,0.08333333333333333,0.027777777777777776,0.027777777777777776,0.027777777777777776,0.027777777777777776,0.19444444444444445,0.08333333333333333,0.19444444444444445,0.19444444444444445,0.05555555555555555,0.19444444444444445,0.027777777777777776,0.1388888888888889,0.1388888888888889,0.19444444444444445,0.19444444444444445,0.19444444444444445,0.027777777777777776,0.08333333333333333,0.1388888888888889,0.1388888888888889,0.19444444444444445,0.19444444444444445,0.19444444444444445,0.05555555555555555,0.05555555555555555,0.08333333333333333,0.08333333333333333,0.19444444444444445,0.1388888888888889,0.19444444444444445,0.19444444444444445,0.0,0.0,0.0,0.0,0,0,0,0,0,0,0,0,0,0,0,0,Mammalian
0.08333333333333333,0.2222222222222222,0.08333333333333333,0.08333333333333333,0.05555555555555555,0.05555555555555555,0.08333333333333333,0.08333333333333333,0.2222222222222222,0.2222222222222222,0.05555555555555555,0.2222222222222222,0.1111111111111111,0.05555555555555555,0.1111111111111111,0.027777777777777776,0.027777777777777776,0.08333333333333333,0.2222222222222222,0.08333333333333333,0.08333333333333333,0.05555555555555555,0.05555555555555555,0.05555555555555555,0.027777777777777776,0.2222222222222222,0.05555555555555555,0.1111111111111111,0.08333333333333333,0.05555555555555555,0.05555555555555555,0.05555555555555555,0.2222222222222222,0.05555555555555555,0.1111111111111111,0.2222222222222222,0.0,0.0,0.0,0.0,0,0,0,0,0,0,0,0,0,0,0,0,Mammalian
0.05555555555555555,0.05555555555555555,0.1111111111111111,0.16666666666666666,0.05555555555555555,0.1111111111111111,0.05555555555555555,0.1111111111111111,0.1111111111111111,0.16666666666666666,0.05555555555555555,0.05555555555555555,0.05555555555555555,0.1111111111111111,0.05555555555555555,0.1111111111111111,0.16666666666666666,0.05555555555555555,0.0,0.0,0.0,0.0,0.0,0.0,0.0,0.0,0.0,0.0,0.0,0.0,0.0,0.0,0.0,0.0,0.0,0.0,0.0,0.0,0.0,0.0,0,0,0,0,0,0,0,0,0,0,0,0,Mammalian
0.16666666666666666,0.08333333333333333,0.16666666666666666,0.08333333333333333,0.16666666666666666,0.08333333333333333,0.16666666666666666,0.16666666666666666,0.16666666666666666,0.08333333333333333,0.08333333333333333,0.08333333333333333,0.0,0.0,0.0,0.0,0.0,0.0,0.0,0.0,0.0,0.0,0.0,0.0,0.0,0.0,0.0,0.0,0.0,0.0,0.0,0.0,0.0,0.0,0.0,0.0,0.0,0.0,0.0,0.0,0,0,0,0,0,0,0,0,0,0,0,0,Mammalian
0.125,0.25,0.125,0.125,0.25,0.125,0.25,0.25,0.0,0.0,0.0,0.0,0.0,0.0,0.0,0.0,0.0,0.0,0.0,0.0,0.0,0.0,0.0,0.0,0.0,0.0,0.0,0.0,0.0,0.0,0.0,0.0,0.0,0.0,0.0,0.0,0.0,0.0,0.0,0.0,0,0,0,0,0,0,0,0,0,0,0,0,Mammalian
0.1111111111111111,0.16666666666666666,0.1111111111111111,0.05555555555555555,0.16666666666666666,0.05555555555555555,0.16666666666666666,0.16666666666666666,0.16666666666666666,0.05555555555555555,0.05555555555555555,0.05555555555555555,0.05555555555555555,0.1111111111111111,0.1111111111111111,0.16666666666666666,0.05555555555555555,0.05555555555555555,0.0,0.0,0.0,0.0,0.0,0.0,0.0,0.0,0.0,0.0,0.0,0.0,0.0,0.0,0.0,0.0,0.0,0.0,0.0,0.0,0.0,0.0,0,0,0,0,0,0,0,0,0,0,0,0,Mammalian
0.1111111111111111,0.16666666666666666,0.1111111111111111,0.05555555555555555,0.16666666666666666,0.05555555555555555,0.16666666666666666,0.16666666666666666,0.16666666666666666,0.1111111111111111,0.05555555555555555,0.1111111111111111,0.05555555555555555,0.1111111111111111,0.1111111111111111,0.16666666666666666,0.05555555555555555,0.05555555555555555,0.0,0.0,0.0,0.0,0.0,0.0,0.0,0.0,0.0,0.0,0.0,0.0,0.0,0.0,0.0,0.0,0.0,0.0,0.0,0.0,0.0,0.0,0,0,0,0,0,0,0,0,0,0,0,0,Mammalian
0.1111111111111111,0.16666666666666666,0.1111111111111111,0.05555555555555555,0.16666666666666666,0.05555555555555555,0.16666666666666666,0.16666666666666666,0.16666666666666666,0.05555555555555555,0.05555555555555555,0.05555555555555555,0.05555555555555555,0.1111111111111111,0.1111111111111111,0.16666666666666666,0.05555555555555555,0.05555555555555555,0.0,0.0,0.0,0.0,0.0,0.0,0.0,0.0,0.0,0.0,0.0,0.0,0.0,0.0,0.0,0.0,0.0,0.0,0.0,0.0,0.0,0.0,0,0,0,0,0,0,0,0,0,0,0,0,Mammalian
0.1,0.3,0.1,0.1,0.2,0.2,0.3,0.2,0.3,0.2,0.0,0.0,0.0,0.0,0.0,0.0,0.0,0.0,0.0,0.0,0.0,0.0,0.0,0.0,0.0,0.0,0.0,0.0,0.0,0.0,0.0,0.0,0.0,0.0,0.0,0.0,0.0,0.0,0.0,0.0,0,0,0,0,0,0,0,0,0,0,0,0,Mammalian
0.08333333333333333,0.25,0.08333333333333333,0.08333333333333333,0.16666666666666666,0.16666666666666666,0.25,0.16666666666666666,0.25,0.16666666666666666,0.08333333333333333,0.08333333333333333,0.0,0.0,0.0,0.0,0.0,0.0,0.0,0.0,0.0,0.0,0.0,0.0,0.0,0.0,0.0,0.0,0.0,0.0,0.0,0.0,0.0,0.0,0.0,0.0,0.0,0.0,0.0,0.0,0,0,0,0,0,0,0,0,0,0,0,0,Mammalian
0.1111111111111111,0.16666666666666666,0.16666666666666666,0.05555555555555555,0.16666666666666666,0.1111111111111111,0.16666666666666666,0.16666666666666666,0.16666666666666666,0.1111111111111111,0.05555555555555555,0.05555555555555555,0.16666666666666666,0.16666666666666666,0.1111111111111111,0.16666666666666666,0.05555555555555555,0.05555555555555555,0.0,0.0,0.0,0.0,0.0,0.0,0.0,0.0,0.0,0.0,0.0,0.0,0.0,0.0,0.0,0.0,0.0,0.0,0.0,0.0,0.0,0.0,0,0,0,0,0,0,0,0,0,0,0,0,Mammalian
0.07692307692307693,0.23076923076923078,0.07692307692307693,0.07692307692307693,0.15384615384615385,0.15384615384615385,0.23076923076923078,0.15384615384615385,0.23076923076923078,0.15384615384615385,0.07692307692307693,0.07692307692307693,0.07692307692307693,0.0,0.0,0.0,0.0,0.0,0.0,0.0,0.0,0.0,0.0,0.0,0.0,0.0,0.0,0.0,0.0,0.0,0.0,0.0,0.0,0.0,0.0,0.0,0.0,0.0,0.0,0.0,0,0,0,0,0,0,0,0,0,0,0,0,Mammalian
0.07142857142857142,0.21428571428571427,0.14285714285714285,0.07142857142857142,0.14285714285714285,0.14285714285714285,0.21428571428571427,0.14285714285714285,0.21428571428571427,0.14285714285714285,0.07142857142857142,0.07142857142857142,0.07142857142857142,0.14285714285714285,0.0,0.0,0.0,0.0,0.0,0.0,0.0,0.0,0.0,0.0,0.0,0.0,0.0,0.0,0.0,0.0,0.0,0.0,0.0,0.0,0.0,0.0,0.0,0.0,0.0,0.0,0,0,0,0,0,0,0,0,0,0,0,0,Mammalian
0.125,0.1875,0.125,0.0625,0.1875,0.125,0.1875,0.1875,0.1875,0.125,0.0625,0.0625,0.0625,0.125,0.125,0.1875,0.0,0.0,0.0,0.0,0.0,0.0,0.0,0.0,0.0,0.0,0.0,0.0,0.0,0.0,0.0,0.0,0.0,0.0,0.0,0.0,0.0,0.0,0.0,0.0,0,0,0,0,0,0,0,0,0,0,0,0,Mammalian
0.1111111111111111,0.16666666666666666,0.1111111111111111,0.05555555555555555,0.16666666666666666,0.1111111111111111,0.16666666666666666,0.16666666666666666,0.16666666666666666,0.1111111111111111,0.05555555555555555,0.05555555555555555,0.05555555555555555,0.1111111111111111,0.1111111111111111,0.16666666666666666,0.05555555555555555,0.05555555555555555,0.0,0.0,0.0,0.0,0.0,0.0,0.0,0.0,0.0,0.0,0.0,0.0,0.0,0.0,0.0,0.0,0.0,0.0,0.0,0.0,0.0,0.0,0,0,0,0,0,0,0,0,0,0,0,0,Mammalian
0.10526315789473684,0.15789473684210525,0.10526315789473684,0.05263157894736842,0.15789473684210525,0.10526315789473684,0.15789473684210525,0.15789473684210525,0.15789473684210525,0.10526315789473684,0.05263157894736842,0.05263157894736842,0.05263157894736842,0.10526315789473684,0.10526315789473684,0.15789473684210525,0.05263157894736842,0.05263157894736842,0.05263157894736842,0.0,0.0,0.0,0.0,0.0,0.0,0.0,0.0,0.0,0.0,0.0,0.0,0.0,0.0,0.0,0.0,0.0,0.0,0.0,0.0,0.0,0,0,0,0,0,0,0,0,0,0,0,0,Mammalian
0.1111111111111111,0.16666666666666666,0.1111111111111111,0.05555555555555555,0.16666666666666666,0.1111111111111111,0.16666666666666666,0.16666666666666666,0.16666666666666666,0.1111111111111111,0.05555555555555555,0.1111111111111111,0.05555555555555555,0.1111111111111111,0.1111111111111111,0.16666666666666666,0.05555555555555555,0.1111111111111111,0.0,0.0,0.0,0.0,0.0,0.0,0.0,0.0,0.0,0.0,0.0,0.0,0.0,0.0,0.0,0.0,0.0,0.0,0.0,0.0,0.0,0.0,0,0,0,0,0,0,0,0,0,0,0,0,Mammalian
0.1111111111111111,0.16666666666666666,0.1111111111111111,0.05555555555555555,0.16666666666666666,0.1111111111111111,0.16666666666666666,0.16666666666666666,0.16666666666666666,0.1111111111111111,0.1111111111111111,0.1111111111111111,0.05555555555555555,0.1111111111111111,0.1111111111111111,0.16666666666666666,0.05555555555555555,0.05555555555555555,0.0,0.0,0.0,0.0,0.0,0.0,0.0,0.0,0.0,0.0,0.0,0.0,0.0,0.0,0.0,0.0,0.0,0.0,0.0,0.0,0.0,0.0,0,0,0,0,0,0,0,0,0,0,0,0,Mammalian
0.1111111111111111,0.16666666666666666,0.1111111111111111,0.1111111111111111,0.16666666666666666,0.1111111111111111,0.16666666666666666,0.16666666666666666,0.16666666666666666,0.1111111111111111,0.1111111111111111,0.05555555555555555,0.05555555555555555,0.1111111111111111,0.1111111111111111,0.16666666666666666,0.05555555555555555,0.05555555555555555,0.0,0.0,0.0,0.0,0.0,0.0,0.0,0.0,0.0,0.0,0.0,0.0,0.0,0.0,0.0,0.0,0.0,0.0,0.0,0.0,0.0,0.0,0,0,0,0,0,0,0,0,0,0,0,0,Mammalian
0.16666666666666666,0.16666666666666666,0.1111111111111111,0.05555555555555555,0.16666666666666666,0.1111111111111111,0.16666666666666666,0.16666666666666666,0.16666666666666666,0.1111111111111111,0.16666666666666666,0.05555555555555555,0.05555555555555555,0.1111111111111111,0.16666666666666666,0.16666666666666666,0.05555555555555555,0.05555555555555555,0.0,0.0,0.0,0.0,0.0,0.0,0.0,0.0,0.0,0.0,0.0,0.0,0.0,0.0,0.0,0.0,0.0,0.0,0.0,0.0,0.0,0.0,0,0,0,0,0,0,0,0,0,0,0,0,Mammalian
0.1111111111111111,0.16666666666666666,0.1111111111111111,0.05555555555555555,0.16666666666666666,0.05555555555555555,0.16666666666666666,0.16666666666666666,0.16666666666666666,0.1111111111111111,0.05555555555555555,0.05555555555555555,0.05555555555555555,0.1111111111111111,0.1111111111111111,0.16666666666666666,0.05555555555555555,0.1111111111111111,0.0,0.0,0.0,0.0,0.0,0.0,0.0,0.0,0.0,0.0,0.0,0.0,0.0,0.0,0.0,0.0,0.0,0.0,0.0,0.0,0.0,0.0,0,0,0,0,0,0,0,0,0,0,0,0,Mammalian
0.1111111111111111,0.16666666666666666,0.16666666666666666,0.05555555555555555,0.16666666666666666,0.05555555555555555,0.16666666666666666,0.16666666666666666,0.16666666666666666,0.16666666666666666,0.05555555555555555,0.05555555555555555,0.05555555555555555,0.16666666666666666,0.1111111111111111,0.16666666666666666,0.05555555555555555,0.05555555555555555,0.0,0.0,0.0,0.0,0.0,0.0,0.0,0.0,0.0,0.0,0.0,0.0,0.0,0.0,0.0,0.0,0.0,0.0,0.0,0.0,0.0,0.0,0,0,0,0,0,0,0,0,0,0,0,0,Mammalian
0.16666666666666666,0.16666666666666666,0.1111111111111111,0.05555555555555555,0.16666666666666666,0.05555555555555555,0.16666666666666666,0.16666666666666666,0.16666666666666666,0.16666666666666666,0.05555555555555555,0.05555555555555555,0.05555555555555555,0.1111111111111111,0.16666666666666666,0.16666666666666666,0.05555555555555555,0.05555555555555555,0.0,0.0,0.0,0.0,0.0,0.0,0.0,0.0,0.0,0.0,0.0,0.0,0.0,0.0,0.0,0.0,0.0,0.0,0.0,0.0,0.0,0.0,0,0,0,0,0,0,0,0,0,0,0,0,Mammalian
0.1111111111111111,0.16666666666666666,0.1111111111111111,0.05555555555555555,0.16666666666666666,0.05555555555555555,0.16666666666666666,0.16666666666666666,0.16666666666666666,0.1111111111111111,0.05555555555555555,0.05555555555555555,0.1111111111111111,0.1111111111111111,0.1111111111111111,0.16666666666666666,0.05555555555555555,0.05555555555555555,0.0,0.0,0.0,0.0,0.0,0.0,0.0,0.0,0.0,0.0,0.0,0.0,0.0,0.0,0.0,0.0,0.0,0.0,0.0,0.0,0.0,0.0,0,0,0,0,0,0,0,0,0,0,0,0,Mammalian
0.1111111111111111,0.16666666666666666,0.16666666666666666,0.05555555555555555,0.16666666666666666,0.16666666666666666,0.16666666666666666,0.16666666666666666,0.16666666666666666,0.05555555555555555,0.05555555555555555,0.05555555555555555,0.05555555555555555,0.16666666666666666,0.1111111111111111,0.16666666666666666,0.05555555555555555,0.05555555555555555,0.0,0.0,0.0,0.0,0.0,0.0,0.0,0.0,0.0,0.0,0.0,0.0,0.0,0.0,0.0,0.0,0.0,0.0,0.0,0.0,0.0,0.0,0,0,0,0,0,0,0,0,0,0,0,0,Mammalian
0.1111111111111111,0.16666666666666666,0.2777777777777778,0.05555555555555555,0.16666666666666666,0.2777777777777778,0.16666666666666666,0.16666666666666666,0.16666666666666666,0.2777777777777778,0.05555555555555555,0.05555555555555555,0.2777777777777778,0.2777777777777778,0.1111111111111111,0.16666666666666666,0.05555555555555555,0.05555555555555555,0.0,0.0,0.0,0.0,0.0,0.0,0.0,0.0,0.0,0.0,0.0,0.0,0.0,0.0,0.0,0.0,0.0,0.0,0.0,0.0,0.0,0.0,0,0,0,0,0,0,0,0,0,0,0,0,Mammalian
0.1111111111111111,0.16666666666666666,0.1111111111111111,0.2222222222222222,0.2222222222222222,0.1111111111111111,0.16666666666666666,0.2222222222222222,0.16666666666666666,0.1111111111111111,0.05555555555555555,0.1111111111111111,0.05555555555555555,0.1111111111111111,0.1111111111111111,0.2222222222222222,0.05555555555555555,0.1111111111111111,0.0,0.0,0.0,0.0,0.0,0.0,0.0,0.0,0.0,0.0,0.0,0.0,0.0,0.0,0.0,0.0,0.0,0.0,0.0,0.0,0.0,0.0,0,0,0,0,0,0,0,0,0,0,0,0,Mammalian
0.1111111111111111,0.1111111111111111,0.1111111111111111,0.05555555555555555,0.1111111111111111,0.1111111111111111,0.16666666666666666,0.05555555555555555,0.05555555555555555,0.16666666666666666,0.16666666666666666,0.05555555555555555,0.16666666666666666,0.05555555555555555,0.16666666666666666,0.05555555555555555,0.16666666666666666,0.1111111111111111,0.0,0.0,0.0,0.0,0.0,0.0,0.0,0.0,0.0,0.0,0.0,0.0,0.0,0.0,0.0,0.0,0.0,0.0,0.0,0.0,0.0,0.0,0,0,0,0,0,0,0,0,0,0,0,2,Mammalian
0.1,0.1,0.1,0.2,0.1,0.1,0.1,0.1,0.1,0.2,0.0,0.0,0.0,0.0,0.0,0.0,0.0,0.0,0.0,0.0,0.0,0.0,0.0,0.0,0.0,0.0,0.0,0.0,0.0,0.0,0.0,0.0,0.0,0.0,0.0,0.0,0.0,0.0,0.0,0.0,0,0,0,0,0,0,0,0,0,0,0,2,Mammalian
0.07692307692307693,0.15384615384615385,0.07692307692307693,0.15384615384615385,0.07692307692307693,0.07692307692307693,0.07692307692307693,0.07692307692307693,0.15384615384615385,0.15384615384615385,0.15384615384615385,0.15384615384615385,0.07692307692307693,0.0,0.0,0.0,0.0,0.0,0.0,0.0,0.0,0.0,0.0,0.0,0.0,0.0,0.0,0.0,0.0,0.0,0.0,0.0,0.0,0.0,0.0,0.0,0.0,0.0,0.0,0.0,0,0,0,0,0,0,0,0,0,0,0,2,Mammalian
0.0625,0.1875,0.0625,0.125,0.125,0.0625,0.0625,0.0625,0.1875,0.125,0.1875,0.1875,0.0625,0.1875,0.1875,0.125,0.0,0.0,0.0,0.0,0.0,0.0,0.0,0.0,0.0,0.0,0.0,0.0,0.0,0.0,0.0,0.0,0.0,0.0,0.0,0.0,0.0,0.0,0.0,0.0,0,0,0,0,0,0,0,0,0,0,0,2,Mammalian
0.05263157894736842,0.15789473684210525,0.05263157894736842,0.15789473684210525,0.10526315789473684,0.05263157894736842,0.05263157894736842,0.05263157894736842,0.15789473684210525,0.15789473684210525,0.15789473684210525,0.15789473684210525,0.05263157894736842,0.15789473684210525,0.15789473684210525,0.10526315789473684,0.05263157894736842,0.05263157894736842,0.15789473684210525,0.0,0.0,0.0,0.0,0.0,0.0,0.0,0.0,0.0,0.0,0.0,0.0,0.0,0.0,0.0,0.0,0.0,0.0,0.0,0.0,0.0,0,0,0,0,0,0,0,0,0,0,0,2,Mammalian
0.1111111111111111,0.2222222222222222,0.3333333333333333,0.3333333333333333,0.3333333333333333,0.2222222222222222,0.1111111111111111,0.2222222222222222,0.2222222222222222,0.0,0.0,0.0,0.0,0.0,0.0,0.0,0.0,0.0,0.0,0.0,0.0,0.0,0.0,0.0,0.0,0.0,0.0,0.0,0.0,0.0,0.0,0.0,0.0,0.0,0.0,0.0,0.0,0.0,0.0,0.0,0,0,0,0,0,0,0,0,0,0,0,2,Mammalian
0.05555555555555555,0.027777777777777776,0.16666666666666666,0.05555555555555555,0.16666666666666666,0.2222222222222222,0.1388888888888889,0.2222222222222222,0.027777777777777776,0.1388888888888889,0.1388888888888889,0.16666666666666666,0.2222222222222222,0.2222222222222222,0.027777777777777776,0.05555555555555555,0.1388888888888889,0.1388888888888889,0.16666666666666666,0.2222222222222222,0.2222222222222222,0.027777777777777776,0.1388888888888889,0.05555555555555555,0.05555555555555555,0.16666666666666666,0.1388888888888889,0.2222222222222222,0.16666666666666666,0.027777777777777776,0.05555555555555555,0.1388888888888889,0.2222222222222222,0.1388888888888889,0.1388888888888889,0.027777777777777776,0.0,0.0,0.0,0.0,0,0,0,0,0,0,0,0,0,0,0,2,Mammalian
0.05263157894736842,0.10526315789473684,0.15789473684210525,0.05263157894736842,0.05263157894736842,0.05263157894736842,0.05263157894736842,0.10526315789473684,0.10526315789473684,0.05263157894736842,0.05263157894736842,0.15789473684210525,0.05263157894736842,0.15789473684210525,0.05263157894736842,0.10526315789473684,0.10526315789473684,0.10526315789473684,0.05263157894736842,0.0,0.0,0.0,0.0,0.0,0.0,0.0,0.0,0.0,0.0,0.0,0.0,0.0,0.0,0.0,0.0,0.0,0.0,0.0,0.0,0.0,0,0,0,0,0,0,0,0,0,0,0,2,Mammalian
0.058823529411764705,0.5882352941176471,0.11764705882352941,0.058823529411764705,0.5882352941176471,0.5882352941176471,0.058823529411764705,0.5882352941176471,0.5882352941176471,0.5882352941176471,0.5882352941176471,0.058823529411764705,0.5882352941176471,0.058823529411764705,0.5882352941176471,0.11764705882352941,0.5882352941176471,0.0,0.0,0.0,0.0,0.0,0.0,0.0,0.0,0.0,0.0,0.0,0.0,0.0,0.0,0.0,0.0,0.0,0.0,0.0,0.0,0.0,0.0,0.0,0,0,0,0,0,0,0,0,0,0,0,2,Mammalian
0.045454545454545456,0.45454545454545453,0.09090909090909091,0.22727272727272727,0.45454545454545453,0.45454545454545453,0.045454545454545456,0.45454545454545453,0.45454545454545453,0.45454545454545453,0.45454545454545453,0.045454545454545456,0.45454545454545453,0.045454545454545456,0.45454545454545453,0.09090909090909091,0.45454545454545453,0.22727272727272727,0.22727272727272727,0.22727272727272727,0.22727272727272727,0.045454545454545456,0.0,0.0,0.0,0.0,0.0,0.0,0.0,0.0,0.0,0.0,0.0,0.0,0.0,0.0,0.0,0.0,0.0,0.0,0,0,0,0,0,0,0,0,0,0,0,2,Mammalian
0.1,0.1,0.26666666666666666,0.26666666666666666,0.06666666666666667,0.26666666666666666,0.1,0.06666666666666667,0.1,0.03333333333333333,0.26666666666666666,0.06666666666666667,0.26666666666666666,0.06666666666666667,0.06666666666666667,0.06666666666666667,0.06666666666666667,0.06666666666666667,0.03333333333333333,0.26666666666666666,0.03333333333333333,0.1,0.06666666666666667,0.06666666666666667,0.03333333333333333,0.06666666666666667,0.26666666666666666,0.06666666666666667,0.1,0.26666666666666666,0.0,0.0,0.0,0.0,0.0,0.0,0.0,0.0,0.0,0.0,0,0,0,0,0,0,0,0,0,0,0,2,Mammalian
0.16666666666666666,0.16666666666666666,0.16666666666666666,0.08333333333333333,0.08333333333333333,0.08333333333333333,0.08333333333333333,0.08333333333333333,0.08333333333333333,0.16666666666666666,0.08333333333333333,0.08333333333333333,0.0,0.0,0.0,0.0,0.0,0.0,0.0,0.0,0.0,0.0,0.0,0.0,0.0,0.0,0.0,0.0,0.0,0.0,0.0,0.0,0.0,0.0,0.0,0.0,0.0,0.0,0.0,0.0,0,0,0,0,0,0,0,0,0,0,0,1,Mammalian
0.16666666666666666,0.16666666666666666,0.16666666666666666,0.08333333333333333,0.08333333333333333,0.08333333333333333,0.08333333333333333,0.08333333333333333,0.08333333333333333,0.16666666666666666,0.08333333333333333,0.08333333333333333,0.0,0.0,0.0,0.0,0.0,0.0,0.0,0.0,0.0,0.0,0.0,0.0,0.0,0.0,0.0,0.0,0.0,0.0,0.0,0.0,0.0,0.0,0.0,0.0,0.0,0.0,0.0,0.0,0,0,0,0,0,0,0,0,0,0,0,1,Yeast
0.16666666666666666,0.16666666666666666,0.16666666666666666,0.08333333333333333,0.08333333333333333,0.08333333333333333,0.08333333333333333,0.08333333333333333,0.08333333333333333,0.16666666666666666,0.08333333333333333,0.08333333333333333,0.0,0.0,0.0,0.0,0.0,0.0,0.0,0.0,0.0,0.0,0.0,0.0,0.0,0.0,0.0,0.0,0.0,0.0,0.0,0.0,0.0,0.0,0.0,0.0,0.0,0.0,0.0,0.0,0,0,0,0,0,0,0,0,0,0,0,0,E_coli
0.375,0.125,0.125,0.375,0.125,0.125,0.375,0.125,0.0,0.0,0.0,0.0,0.0,0.0,0.0,0.0,0.0,0.0,0.0,0.0,0.0,0.0,0.0,0.0,0.0,0.0,0.0,0.0,0.0,0.0,0.0,0.0,0.0,0.0,0.0,0.0,0.0,0.0,0.0,0.0,0,0,0,0,0,0,0,0,0,0,0,1,Mammalian
0.375,0.125,0.125,0.375,0.125,0.125,0.375,0.125,0.0,0.0,0.0,0.0,0.0,0.0,0.0,0.0,0.0,0.0,0.0,0.0,0.0,0.0,0.0,0.0,0.0,0.0,0.0,0.0,0.0,0.0,0.0,0.0,0.0,0.0,0.0,0.0,0.0,0.0,0.0,0.0,0,0,0,0,0,0,0,0,0,0,0,1,Yeast
0.375,0.125,0.125,0.375,0.125,0.125,0.375,0.125,0.0,0.0,0.0,0.0,0.0,0.0,0.0,0.0,0.0,0.0,0.0,0.0,0.0,0.0,0.0,0.0,0.0,0.0,0.0,0.0,0.0,0.0,0.0,0.0,0.0,0.0,0.0,0.0,0.0,0.0,0.0,0.0,0,0,0,0,0,0,0,0,0,0,0,0,E_coli
0.25,0.08333333333333333,0.08333333333333333,0.25,0.08333333333333333,0.08333333333333333,0.25,0.16666666666666666,0.08333333333333333,0.08333333333333333,0.16666666666666666,0.08333333333333333,0.0,0.0,0.0,0.0,0.0,0.0,0.0,0.0,0.0,0.0,0.0,0.0,0.0,0.0,0.0,0.0,0.0,0.0,0.0,0.0,0.0,0.0,0.0,0.0,0.0,0.0,0.0,0.0,0,0,0,0,0,0,0,0,0,0,0,1,Mammalian
0.25,0.08333333333333333,0.08333333333333333,0.25,0.08333333333333333,0.08333333333333333,0.25,0.16666666666666666,0.08333333333333333,0.08333333333333333,0.16666666666666666,0.08333333333333333,0.0,0.0,0.0,0.0,0.0,0.0,0.0,0.0,0.0,0.0,0.0,0.0,0.0,0.0,0.0,0.0,0.0,0.0,0.0,0.0,0.0,0.0,0.0,0.0,0.0,0.0,0.0,0.0,0,0,0,0,0,0,0,0,0,0,0,1,Yeast
0.25,0.08333333333333333,0.08333333333333333,0.25,0.08333333333333333,0.08333333333333333,0.25,0.16666666666666666,0.08333333333333333,0.08333333333333333,0.16666666666666666,0.08333333333333333,0.0,0.0,0.0,0.0,0.0,0.0,0.0,0.0,0.0,0.0,0.0,0.0,0.0,0.0,0.0,0.0,0.0,0.0,0.0,0.0,0.0,0.0,0.0,0.0,0.0,0.0,0.0,0.0,0,0,0,0,0,0,0,0,0,0,0,0,E_coli
0.07692307692307693,0.23076923076923078,0.23076923076923078,0.07692307692307693,0.038461538461538464,0.23076923076923078,0.23076923076923078,0.11538461538461539,0.23076923076923078,0.23076923076923078,0.038461538461538464,0.038461538461538464,0.23076923076923078,0.23076923076923078,0.11538461538461539,0.23076923076923078,0.23076923076923078,0.038461538461538464,0.11538461538461539,0.23076923076923078,0.23076923076923078,0.038461538461538464,0.11538461538461539,0.038461538461538464,0.11538461538461539,0.11538461538461539,0.0,0.0,0.0,0.0,0.0,0.0,0.0,0.0,0.0,0.0,0.0,0.0,0.0,0.0,0,0,0,0,0,0,0,0,0,0,0,1,Mammalian
0.07692307692307693,0.23076923076923078,0.23076923076923078,0.07692307692307693,0.038461538461538464,0.23076923076923078,0.23076923076923078,0.11538461538461539,0.23076923076923078,0.23076923076923078,0.038461538461538464,0.038461538461538464,0.23076923076923078,0.23076923076923078,0.11538461538461539,0.23076923076923078,0.23076923076923078,0.038461538461538464,0.11538461538461539,0.23076923076923078,0.23076923076923078,0.038461538461538464,0.11538461538461539,0.038461538461538464,0.11538461538461539,0.11538461538461539,0.0,0.0,0.0,0.0,0.0,0.0,0.0,0.0,0.0,0.0,0.0,0.0,0.0,0.0,0,0,0,0,0,0,0,0,0,0,0,0,E_coli
0.07692307692307693,0.23076923076923078,0.23076923076923078,0.07692307692307693,0.038461538461538464,0.23076923076923078,0.23076923076923078,0.11538461538461539,0.23076923076923078,0.23076923076923078,0.038461538461538464,0.038461538461538464,0.23076923076923078,0.23076923076923078,0.11538461538461539,0.23076923076923078,0.23076923076923078,0.038461538461538464,0.11538461538461539,0.23076923076923078,0.23076923076923078,0.038461538461538464,0.11538461538461539,0.038461538461538464,0.11538461538461539,0.11538461538461539,0.0,0.0,0.0,0.0,0.0,0.0,0.0,0.0,0.0,0.0,0.0,0.0,0.0,0.0,0,0,0,0,0,0,0,0,0,0,0,1,Yeast
0.06896551724137931,0.20689655172413793,0.20689655172413793,0.06896551724137931,0.06896551724137931,0.20689655172413793,0.20689655172413793,0.1724137931034483,0.20689655172413793,0.20689655172413793,0.034482758620689655,0.034482758620689655,0.20689655172413793,0.20689655172413793,0.1724137931034483,0.20689655172413793,0.20689655172413793,0.034482758620689655,0.1724137931034483,0.20689655172413793,0.20689655172413793,0.034482758620689655,0.10344827586206896,0.034482758620689655,0.10344827586206896,0.10344827586206896,0.1724137931034483,0.06896551724137931,0.1724137931034483,0.0,0.0,0.0,0.0,0.0,0.0,0.0,0.0,0.0,0.0,0.0,0,0,0,0,0,0,0,0,0,0,0,1,Yeast
0.06896551724137931,0.20689655172413793,0.20689655172413793,0.06896551724137931,0.06896551724137931,0.20689655172413793,0.20689655172413793,0.1724137931034483,0.20689655172413793,0.20689655172413793,0.034482758620689655,0.034482758620689655,0.20689655172413793,0.20689655172413793,0.1724137931034483,0.20689655172413793,0.20689655172413793,0.034482758620689655,0.1724137931034483,0.20689655172413793,0.20689655172413793,0.034482758620689655,0.10344827586206896,0.034482758620689655,0.10344827586206896,0.10344827586206896,0.1724137931034483,0.06896551724137931,0.1724137931034483,0.0,0.0,0.0,0.0,0.0,0.0,0.0,0.0,0.0,0.0,0.0,0,0,0,0,0,0,0,0,0,0,0,0,E_coli
0.06896551724137931,0.20689655172413793,0.20689655172413793,0.06896551724137931,0.06896551724137931,0.20689655172413793,0.20689655172413793,0.1724137931034483,0.20689655172413793,0.20689655172413793,0.034482758620689655,0.034482758620689655,0.20689655172413793,0.20689655172413793,0.1724137931034483,0.20689655172413793,0.20689655172413793,0.034482758620689655,0.1724137931034483,0.20689655172413793,0.20689655172413793,0.034482758620689655,0.10344827586206896,0.034482758620689655,0.10344827586206896,0.10344827586206896,0.1724137931034483,0.06896551724137931,0.1724137931034483,0.0,0.0,0.0,0.0,0.0,0.0,0.0,0.0,0.0,0.0,0.0,0,0,0,0,0,0,0,0,0,0,0,1,Mammalian
0.06896551724137931,0.20689655172413793,0.20689655172413793,0.06896551724137931,0.06896551724137931,0.20689655172413793,0.20689655172413793,0.13793103448275862,0.20689655172413793,0.20689655172413793,0.034482758620689655,0.034482758620689655,0.20689655172413793,0.20689655172413793,0.13793103448275862,0.20689655172413793,0.20689655172413793,0.06896551724137931,0.13793103448275862,0.20689655172413793,0.20689655172413793,0.034482758620689655,0.10344827586206896,0.034482758620689655,0.10344827586206896,0.10344827586206896,0.13793103448275862,0.06896551724137931,0.06896551724137931,0.0,0.0,0.0,0.0,0.0,0.0,0.0,0.0,0.0,0.0,0.0,0,0,0,0,0,0,0,0,0,0,0,0,E_coli
0.06896551724137931,0.20689655172413793,0.20689655172413793,0.06896551724137931,0.06896551724137931,0.20689655172413793,0.20689655172413793,0.13793103448275862,0.20689655172413793,0.20689655172413793,0.034482758620689655,0.034482758620689655,0.20689655172413793,0.20689655172413793,0.13793103448275862,0.20689655172413793,0.20689655172413793,0.06896551724137931,0.13793103448275862,0.20689655172413793,0.20689655172413793,0.034482758620689655,0.10344827586206896,0.034482758620689655,0.10344827586206896,0.10344827586206896,0.13793103448275862,0.06896551724137931,0.06896551724137931,0.0,0.0,0.0,0.0,0.0,0.0,0.0,0.0,0.0,0.0,0.0,0,0,0,0,0,0,0,0,0,0,0,1,Mammalian
0.06896551724137931,0.20689655172413793,0.20689655172413793,0.06896551724137931,0.06896551724137931,0.20689655172413793,0.20689655172413793,0.13793103448275862,0.20689655172413793,0.20689655172413793,0.034482758620689655,0.034482758620689655,0.20689655172413793,0.20689655172413793,0.13793103448275862,0.20689655172413793,0.20689655172413793,0.06896551724137931,0.13793103448275862,0.20689655172413793,0.20689655172413793,0.034482758620689655,0.10344827586206896,0.034482758620689655,0.10344827586206896,0.10344827586206896,0.13793103448275862,0.06896551724137931,0.06896551724137931,0.0,0.0,0.0,0.0,0.0,0.0,0.0,0.0,0.0,0.0,0.0,0,0,0,0,0,0,0,0,0,0,0,1,Yeast
0.06896551724137931,0.20689655172413793,0.20689655172413793,0.06896551724137931,0.06896551724137931,0.20689655172413793,0.20689655172413793,0.13793103448275862,0.20689655172413793,0.20689655172413793,0.034482758620689655,0.034482758620689655,0.20689655172413793,0.20689655172413793,0.13793103448275862,0.20689655172413793,0.20689655172413793,0.06896551724137931,0.13793103448275862,0.20689655172413793,0.20689655172413793,0.034482758620689655,0.10344827586206896,0.034482758620689655,0.10344827586206896,0.10344827586206896,0.06896551724137931,0.06896551724137931,0.13793103448275862,0.0,0.0,0.0,0.0,0.0,0.0,0.0,0.0,0.0,0.0,0.0,0,0,0,0,0,0,0,0,0,0,0,1,Mammalian
0.06896551724137931,0.20689655172413793,0.20689655172413793,0.06896551724137931,0.06896551724137931,0.20689655172413793,0.20689655172413793,0.13793103448275862,0.20689655172413793,0.20689655172413793,0.034482758620689655,0.034482758620689655,0.20689655172413793,0.20689655172413793,0.13793103448275862,0.20689655172413793,0.20689655172413793,0.06896551724137931,0.13793103448275862,0.20689655172413793,0.20689655172413793,0.034482758620689655,0.10344827586206896,0.034482758620689655,0.10344827586206896,0.10344827586206896,0.06896551724137931,0.06896551724137931,0.13793103448275862,0.0,0.0,0.0,0.0,0.0,0.0,0.0,0.0,0.0,0.0,0.0,0,0,0,0,0,0,0,0,0,0,0,0,E_coli
0.06896551724137931,0.20689655172413793,0.20689655172413793,0.06896551724137931,0.06896551724137931,0.20689655172413793,0.20689655172413793,0.13793103448275862,0.20689655172413793,0.20689655172413793,0.034482758620689655,0.034482758620689655,0.20689655172413793,0.20689655172413793,0.13793103448275862,0.20689655172413793,0.20689655172413793,0.06896551724137931,0.13793103448275862,0.20689655172413793,0.20689655172413793,0.034482758620689655,0.10344827586206896,0.034482758620689655,0.10344827586206896,0.10344827586206896,0.06896551724137931,0.06896551724137931,0.13793103448275862,0.0,0.0,0.0,0.0,0.0,0.0,0.0,0.0,0.0,0.0,0.0,0,0,0,0,0,0,0,0,0,0,0,1,Yeast
0.06896551724137931,0.20689655172413793,0.20689655172413793,0.06896551724137931,0.06896551724137931,0.20689655172413793,0.20689655172413793,0.10344827586206896,0.20689655172413793,0.20689655172413793,0.034482758620689655,0.034482758620689655,0.20689655172413793,0.20689655172413793,0.10344827586206896,0.20689655172413793,0.20689655172413793,0.10344827586206896,0.10344827586206896,0.20689655172413793,0.20689655172413793,0.034482758620689655,0.10344827586206896,0.034482758620689655,0.10344827586206896,0.10344827586206896,0.10344827586206896,0.06896551724137931,0.10344827586206896,0.0,0.0,0.0,0.0,0.0,0.0,0.0,0.0,0.0,0.0,0.0,0,0,0,0,0,0,0,0,0,0,0,1,Mammalian
0.06896551724137931,0.20689655172413793,0.20689655172413793,0.06896551724137931,0.06896551724137931,0.20689655172413793,0.20689655172413793,0.10344827586206896,0.20689655172413793,0.20689655172413793,0.034482758620689655,0.034482758620689655,0.20689655172413793,0.20689655172413793,0.10344827586206896,0.20689655172413793,0.20689655172413793,0.10344827586206896,0.10344827586206896,0.20689655172413793,0.20689655172413793,0.034482758620689655,0.10344827586206896,0.034482758620689655,0.10344827586206896,0.10344827586206896,0.10344827586206896,0.06896551724137931,0.10344827586206896,0.0,0.0,0.0,0.0,0.0,0.0,0.0,0.0,0.0,0.0,0.0,0,0,0,0,0,0,0,0,0,0,0,0,E_coli
0.06896551724137931,0.20689655172413793,0.20689655172413793,0.06896551724137931,0.06896551724137931,0.20689655172413793,0.20689655172413793,0.10344827586206896,0.20689655172413793,0.20689655172413793,0.034482758620689655,0.034482758620689655,0.20689655172413793,0.20689655172413793,0.10344827586206896,0.20689655172413793,0.20689655172413793,0.10344827586206896,0.10344827586206896,0.20689655172413793,0.20689655172413793,0.034482758620689655,0.10344827586206896,0.034482758620689655,0.10344827586206896,0.10344827586206896,0.10344827586206896,0.06896551724137931,0.10344827586206896,0.0,0.0,0.0,0.0,0.0,0.0,0.0,0.0,0.0,0.0,0.0,0,0,0,0,0,0,0,0,0,0,0,1,Yeast
0.07142857142857142,0.21428571428571427,0.21428571428571427,0.07142857142857142,0.03571428571428571,0.21428571428571427,0.21428571428571427,0.10714285714285714,0.21428571428571427,0.21428571428571427,0.03571428571428571,0.03571428571428571,0.21428571428571427,0.21428571428571427,0.10714285714285714,0.21428571428571427,0.21428571428571427,0.03571428571428571,0.10714285714285714,0.21428571428571427,0.21428571428571427,0.07142857142857142,0.10714285714285714,0.03571428571428571,0.10714285714285714,0.10714285714285714,0.07142857142857142,0.03571428571428571,0.0,0.0,0.0,0.0,0.0,0.0,0.0,0.0,0.0,0.0,0.0,0.0,0,0,0,0,0,0,0,0,0,0,0,0,E_coli
0.07142857142857142,0.21428571428571427,0.21428571428571427,0.07142857142857142,0.03571428571428571,0.21428571428571427,0.21428571428571427,0.10714285714285714,0.21428571428571427,0.21428571428571427,0.03571428571428571,0.03571428571428571,0.21428571428571427,0.21428571428571427,0.10714285714285714,0.21428571428571427,0.21428571428571427,0.03571428571428571,0.10714285714285714,0.21428571428571427,0.21428571428571427,0.07142857142857142,0.10714285714285714,0.03571428571428571,0.10714285714285714,0.10714285714285714,0.07142857142857142,0.03571428571428571,0.0,0.0,0.0,0.0,0.0,0.0,0.0,0.0,0.0,0.0,0.0,0.0,0,0,0,0,0,0,0,0,0,0,0,1,Mammalian
0.07142857142857142,0.21428571428571427,0.21428571428571427,0.07142857142857142,0.03571428571428571,0.21428571428571427,0.21428571428571427,0.10714285714285714,0.21428571428571427,0.21428571428571427,0.03571428571428571,0.03571428571428571,0.21428571428571427,0.21428571428571427,0.10714285714285714,0.21428571428571427,0.21428571428571427,0.03571428571428571,0.10714285714285714,0.21428571428571427,0.21428571428571427,0.07142857142857142,0.10714285714285714,0.03571428571428571,0.10714285714285714,0.10714285714285714,0.07142857142857142,0.03571428571428571,0.0,0.0,0.0,0.0,0.0,0.0,0.0,0.0,0.0,0.0,0.0,0.0,0,0,0,0,0,0,0,0,0,0,0,1,Yeast
0.10714285714285714,0.21428571428571427,0.21428571428571427,0.10714285714285714,0.03571428571428571,0.21428571428571427,0.21428571428571427,0.10714285714285714,0.21428571428571427,0.21428571428571427,0.03571428571428571,0.03571428571428571,0.21428571428571427,0.21428571428571427,0.10714285714285714,0.21428571428571427,0.21428571428571427,0.03571428571428571,0.10714285714285714,0.21428571428571427,0.21428571428571427,0.07142857142857142,0.10714285714285714,0.03571428571428571,0.10714285714285714,0.10714285714285714,0.07142857142857142,0.10714285714285714,0.0,0.0,0.0,0.0,0.0,0.0,0.0,0.0,0.0,0.0,0.0,0.0,0,0,0,0,0,0,0,0,0,0,0,1,Yeast
0.10714285714285714,0.21428571428571427,0.21428571428571427,0.10714285714285714,0.03571428571428571,0.21428571428571427,0.21428571428571427,0.10714285714285714,0.21428571428571427,0.21428571428571427,0.03571428571428571,0.03571428571428571,0.21428571428571427,0.21428571428571427,0.10714285714285714,0.21428571428571427,0.21428571428571427,0.03571428571428571,0.10714285714285714,0.21428571428571427,0.21428571428571427,0.07142857142857142,0.10714285714285714,0.03571428571428571,0.10714285714285714,0.10714285714285714,0.07142857142857142,0.10714285714285714,0.0,0.0,0.0,0.0,0.0,0.0,0.0,0.0,0.0,0.0,0.0,0.0,0,0,0,0,0,0,0,0,0,0,0,1,Mammalian
0.10714285714285714,0.21428571428571427,0.21428571428571427,0.10714285714285714,0.03571428571428571,0.21428571428571427,0.21428571428571427,0.10714285714285714,0.21428571428571427,0.21428571428571427,0.03571428571428571,0.03571428571428571,0.21428571428571427,0.21428571428571427,0.10714285714285714,0.21428571428571427,0.21428571428571427,0.03571428571428571,0.10714285714285714,0.21428571428571427,0.21428571428571427,0.07142857142857142,0.10714285714285714,0.03571428571428571,0.10714285714285714,0.10714285714285714,0.07142857142857142,0.10714285714285714,0.0,0.0,0.0,0.0,0.0,0.0,0.0,0.0,0.0,0.0,0.0,0.0,0,0,0,0,0,0,0,0,0,0,0,0,E_coli
0.07142857142857142,0.21428571428571427,0.21428571428571427,0.07142857142857142,0.03571428571428571,0.21428571428571427,0.21428571428571427,0.10714285714285714,0.21428571428571427,0.21428571428571427,0.07142857142857142,0.03571428571428571,0.21428571428571427,0.21428571428571427,0.10714285714285714,0.21428571428571427,0.21428571428571427,0.03571428571428571,0.10714285714285714,0.21428571428571427,0.21428571428571427,0.07142857142857142,0.10714285714285714,0.03571428571428571,0.10714285714285714,0.10714285714285714,0.07142857142857142,0.07142857142857142,0.0,0.0,0.0,0.0,0.0,0.0,0.0,0.0,0.0,0.0,0.0,0.0,0,0,0,0,0,0,0,0,0,0,0,1,Mammalian
0.07142857142857142,0.21428571428571427,0.21428571428571427,0.07142857142857142,0.03571428571428571,0.21428571428571427,0.21428571428571427,0.10714285714285714,0.21428571428571427,0.21428571428571427,0.07142857142857142,0.03571428571428571,0.21428571428571427,0.21428571428571427,0.10714285714285714,0.21428571428571427,0.21428571428571427,0.03571428571428571,0.10714285714285714,0.21428571428571427,0.21428571428571427,0.07142857142857142,0.10714285714285714,0.03571428571428571,0.10714285714285714,0.10714285714285714,0.07142857142857142,0.07142857142857142,0.0,0.0,0.0,0.0,0.0,0.0,0.0,0.0,0.0,0.0,0.0,0.0,0,0,0,0,0,0,0,0,0,0,0,0,E_coli
0.07142857142857142,0.21428571428571427,0.21428571428571427,0.07142857142857142,0.03571428571428571,0.21428571428571427,0.21428571428571427,0.10714285714285714,0.21428571428571427,0.21428571428571427,0.07142857142857142,0.03571428571428571,0.21428571428571427,0.21428571428571427,0.10714285714285714,0.21428571428571427,0.21428571428571427,0.03571428571428571,0.10714285714285714,0.21428571428571427,0.21428571428571427,0.07142857142857142,0.10714285714285714,0.03571428571428571,0.10714285714285714,0.10714285714285714,0.07142857142857142,0.07142857142857142,0.0,0.0,0.0,0.0,0.0,0.0,0.0,0.0,0.0,0.0,0.0,0.0,0,0,0,0,0,0,0,0,0,0,0,1,Yeast
0.2222222222222222,0.16666666666666666,0.1111111111111111,0.16666666666666666,0.05555555555555555,0.2222222222222222,0.05555555555555555,0.2222222222222222,0.05555555555555555,0.16666666666666666,0.05555555555555555,0.05555555555555555,0.05555555555555555,0.1111111111111111,0.05555555555555555,0.05555555555555555,0.2222222222222222,0.05555555555555555,0.0,0.0,0.0,0.0,0.0,0.0,0.0,0.0,0.0,0.0,0.0,0.0,0.0,0.0,0.0,0.0,0.0,0.0,0.0,0.0,0.0,0.0,0,0,0,0,0,0,0,0,0,0,0,0,E_coli
0.2222222222222222,0.16666666666666666,0.1111111111111111,0.16666666666666666,0.05555555555555555,0.2222222222222222,0.05555555555555555,0.2222222222222222,0.05555555555555555,0.16666666666666666,0.05555555555555555,0.05555555555555555,0.05555555555555555,0.1111111111111111,0.05555555555555555,0.05555555555555555,0.2222222222222222,0.05555555555555555,0.0,0.0,0.0,0.0,0.0,0.0,0.0,0.0,0.0,0.0,0.0,0.0,0.0,0.0,0.0,0.0,0.0,0.0,0.0,0.0,0.0,0.0,0,0,0,0,0,0,0,0,0,0,0,1,Mammalian
0.2222222222222222,0.16666666666666666,0.1111111111111111,0.16666666666666666,0.05555555555555555,0.2222222222222222,0.05555555555555555,0.2222222222222222,0.05555555555555555,0.16666666666666666,0.05555555555555555,0.05555555555555555,0.05555555555555555,0.1111111111111111,0.05555555555555555,0.05555555555555555,0.2222222222222222,0.05555555555555555,0.0,0.0,0.0,0.0,0.0,0.0,0.0,0.0,0.0,0.0,0.0,0.0,0.0,0.0,0.0,0.0,0.0,0.0,0.0,0.0,0.0,0.0,0,0,0,0,0,0,0,0,0,0,0,1,Yeast
0.1,0.1,0.1,0.1,0.5,0.5,0.5,0.1,0.5,0.5,0.0,0.0,0.0,0.0,0.0,0.0,0.0,0.0,0.0,0.0,0.0,0.0,0.0,0.0,0.0,0.0,0.0,0.0,0.0,0.0,0.0,0.0,0.0,0.0,0.0,0.0,0.0,0.0,0.0,0.0,0,0,0,0,0,0,0,0,0,0,0,0,E_coli
0.1,0.1,0.1,0.1,0.5,0.5,0.5,0.1,0.5,0.5,0.0,0.0,0.0,0.0,0.0,0.0,0.0,0.0,0.0,0.0,0.0,0.0,0.0,0.0,0.0,0.0,0.0,0.0,0.0,0.0,0.0,0.0,0.0,0.0,0.0,0.0,0.0,0.0,0.0,0.0,0,0,0,0,0,0,0,0,0,0,0,1,Yeast
0.1,0.1,0.1,0.1,0.5,0.5,0.5,0.1,0.5,0.5,0.0,0.0,0.0,0.0,0.0,0.0,0.0,0.0,0.0,0.0,0.0,0.0,0.0,0.0,0.0,0.0,0.0,0.0,0.0,0.0,0.0,0.0,0.0,0.0,0.0,0.0,0.0,0.0,0.0,0.0,0,0,0,0,0,0,0,0,0,0,0,1,Mammalian
0.09090909090909091,0.09090909090909091,0.18181818181818182,0.2727272727272727,0.2727272727272727,0.18181818181818182,0.09090909090909091,0.18181818181818182,0.18181818181818182,0.2727272727272727,0.09090909090909091,0.0,0.0,0.0,0.0,0.0,0.0,0.0,0.0,0.0,0.0,0.0,0.0,0.0,0.0,0.0,0.0,0.0,0.0,0.0,0.0,0.0,0.0,0.0,0.0,0.0,0.0,0.0,0.0,0.0,0,0,0,0,0,0,0,0,0,0,0,1,Mammalian
0.09090909090909091,0.09090909090909091,0.18181818181818182,0.2727272727272727,0.2727272727272727,0.18181818181818182,0.09090909090909091,0.18181818181818182,0.18181818181818182,0.2727272727272727,0.09090909090909091,0.0,0.0,0.0,0.0,0.0,0.0,0.0,0.0,0.0,0.0,0.0,0.0,0.0,0.0,0.0,0.0,0.0,0.0,0.0,0.0,0.0,0.0,0.0,0.0,0.0,0.0,0.0,0.0,0.0,0,0,0,0,0,0,0,0,0,0,0,0,E_coli
0.09090909090909091,0.09090909090909091,0.18181818181818182,0.2727272727272727,0.2727272727272727,0.18181818181818182,0.09090909090909091,0.18181818181818182,0.18181818181818182,0.2727272727272727,0.09090909090909091,0.0,0.0,0.0,0.0,0.0,0.0,0.0,0.0,0.0,0.0,0.0,0.0,0.0,0.0,0.0,0.0,0.0,0.0,0.0,0.0,0.0,0.0,0.0,0.0,0.0,0.0,0.0,0.0,0.0,0,0,0,0,0,0,0,0,0,0,0,1,Yeast
0.07692307692307693,0.38461538461538464,0.15384615384615385,0.07692307692307693,0.38461538461538464,0.23076923076923078,0.38461538461538464,0.07692307692307693,0.23076923076923078,0.38461538461538464,0.15384615384615385,0.23076923076923078,0.38461538461538464,0.0,0.0,0.0,0.0,0.0,0.0,0.0,0.0,0.0,0.0,0.0,0.0,0.0,0.0,0.0,0.0,0.0,0.0,0.0,0.0,0.0,0.0,0.0,0.0,0.0,0.0,0.0,0,0,0,0,0,0,0,0,0,0,0,1,Mammalian
0.07692307692307693,0.38461538461538464,0.15384615384615385,0.07692307692307693,0.38461538461538464,0.23076923076923078,0.38461538461538464,0.07692307692307693,0.23076923076923078,0.38461538461538464,0.15384615384615385,0.23076923076923078,0.38461538461538464,0.0,0.0,0.0,0.0,0.0,0.0,0.0,0.0,0.0,0.0,0.0,0.0,0.0,0.0,0.0,0.0,0.0,0.0,0.0,0.0,0.0,0.0,0.0,0.0,0.0,0.0,0.0,0,0,0,0,0,0,0,0,0,0,0,0,E_coli
0.07692307692307693,0.38461538461538464,0.15384615384615385,0.07692307692307693,0.38461538461538464,0.23076923076923078,0.38461538461538464,0.07692307692307693,0.23076923076923078,0.38461538461538464,0.15384615384615385,0.23076923076923078,0.38461538461538464,0.0,0.0,0.0,0.0,0.0,0.0,0.0,0.0,0.0,0.0,0.0,0.0,0.0,0.0,0.0,0.0,0.0,0.0,0.0,0.0,0.0,0.0,0.0,0.0,0.0,0.0,0.0,0,0,0,0,0,0,0,0,0,0,0,1,Yeast
0.1,0.1,0.1,0.1,0.1,0.1,0.1,0.1,0.1,0.1,0.0,0.0,0.0,0.0,0.0,0.0,0.0,0.0,0.0,0.0,0.0,0.0,0.0,0.0,0.0,0.0,0.0,0.0,0.0,0.0,0.0,0.0,0.0,0.0,0.0,0.0,0.0,0.0,0.0,0.0,0,0,0,0,0,0,0,0,0,0,0,1,Yeast
0.1,0.1,0.1,0.1,0.1,0.1,0.1,0.1,0.1,0.1,0.0,0.0,0.0,0.0,0.0,0.0,0.0,0.0,0.0,0.0,0.0,0.0,0.0,0.0,0.0,0.0,0.0,0.0,0.0,0.0,0.0,0.0,0.0,0.0,0.0,0.0,0.0,0.0,0.0,0.0,0,0,0,0,0,0,0,0,0,0,0,1,Mammalian
0.1,0.1,0.1,0.1,0.1,0.1,0.1,0.1,0.1,0.1,0.0,0.0,0.0,0.0,0.0,0.0,0.0,0.0,0.0,0.0,0.0,0.0,0.0,0.0,0.0,0.0,0.0,0.0,0.0,0.0,0.0,0.0,0.0,0.0,0.0,0.0,0.0,0.0,0.0,0.0,0,0,0,0,0,0,0,0,0,0,0,0,E_coli
0.1111111111111111,0.05555555555555555,0.1111111111111111,0.1111111111111111,0.1111111111111111,0.05555555555555555,0.1111111111111111,0.1111111111111111,0.05555555555555555,0.05555555555555555,0.1111111111111111,0.05555555555555555,0.05555555555555555,0.16666666666666666,0.05555555555555555,0.1111111111111111,0.16666666666666666,0.16666666666666666,0.0,0.0,0.0,0.0,0.0,0.0,0.0,0.0,0.0,0.0,0.0,0.0,0.0,0.0,0.0,0.0,0.0,0.0,0.0,0.0,0.0,0.0,0,0,0,0,0,0,0,0,0,0,0,1,Mammalian
0.1111111111111111,0.05555555555555555,0.1111111111111111,0.1111111111111111,0.1111111111111111,0.05555555555555555,0.1111111111111111,0.1111111111111111,0.05555555555555555,0.05555555555555555,0.1111111111111111,0.05555555555555555,0.05555555555555555,0.16666666666666666,0.05555555555555555,0.1111111111111111,0.16666666666666666,0.16666666666666666,0.0,0.0,0.0,0.0,0.0,0.0,0.0,0.0,0.0,0.0,0.0,0.0,0.0,0.0,0.0,0.0,0.0,0.0,0.0,0.0,0.0,0.0,0,0,0,0,0,0,0,0,0,0,0,1,Yeast
0.1111111111111111,0.05555555555555555,0.1111111111111111,0.1111111111111111,0.1111111111111111,0.05555555555555555,0.1111111111111111,0.1111111111111111,0.05555555555555555,0.05555555555555555,0.1111111111111111,0.05555555555555555,0.05555555555555555,0.16666666666666666,0.05555555555555555,0.1111111111111111,0.16666666666666666,0.16666666666666666,0.0,0.0,0.0,0.0,0.0,0.0,0.0,0.0,0.0,0.0,0.0,0.0,0.0,0.0,0.0,0.0,0.0,0.0,0.0,0.0,0.0,0.0,0,0,0,0,0,0,0,0,0,0,0,0,E_coli
0.08333333333333333,0.08333333333333333,0.16666666666666666,0.4166666666666667,0.4166666666666667,0.16666666666666666,0.08333333333333333,0.4166666666666667,0.08333333333333333,0.4166666666666667,0.4166666666666667,0.08333333333333333,0.0,0.0,0.0,0.0,0.0,0.0,0.0,0.0,0.0,0.0,0.0,0.0,0.0,0.0,0.0,0.0,0.0,0.0,0.0,0.0,0.0,0.0,0.0,0.0,0.0,0.0,0.0,0.0,0,0,0,0,0,0,0,0,0,0,0,1,Yeast
0.08333333333333333,0.08333333333333333,0.16666666666666666,0.4166666666666667,0.4166666666666667,0.16666666666666666,0.08333333333333333,0.4166666666666667,0.08333333333333333,0.4166666666666667,0.4166666666666667,0.08333333333333333,0.0,0.0,0.0,0.0,0.0,0.0,0.0,0.0,0.0,0.0,0.0,0.0,0.0,0.0,0.0,0.0,0.0,0.0,0.0,0.0,0.0,0.0,0.0,0.0,0.0,0.0,0.0,0.0,0,0,0,0,0,0,0,0,0,0,0,1,Mammalian
0.08333333333333333,0.08333333333333333,0.16666666666666666,0.4166666666666667,0.4166666666666667,0.16666666666666666,0.08333333333333333,0.4166666666666667,0.08333333333333333,0.4166666666666667,0.4166666666666667,0.08333333333333333,0.0,0.0,0.0,0.0,0.0,0.0,0.0,0.0,0.0,0.0,0.0,0.0,0.0,0.0,0.0,0.0,0.0,0.0,0.0,0.0,0.0,0.0,0.0,0.0,0.0,0.0,0.0,0.0,0,0,0,0,0,0,0,0,0,0,0,0,E_coli
0.058823529411764705,0.029411764705882353,0.20588235294117646,0.058823529411764705,0.029411764705882353,0.029411764705882353,0.20588235294117646,0.08823529411764706,0.11764705882352941,0.11764705882352941,0.029411764705882353,0.029411764705882353,0.058823529411764705,0.11764705882352941,0.08823529411764706,0.029411764705882353,0.058823529411764705,0.11764705882352941,0.08823529411764706,0.20588235294117646,0.20588235294117646,0.029411764705882353,0.11764705882352941,0.11764705882352941,0.11764705882352941,0.11764705882352941,0.20588235294117646,0.029411764705882353,0.11764705882352941,0.20588235294117646,0.11764705882352941,0.20588235294117646,0.11764705882352941,0.11764705882352941,0.0,0.0,0.0,0.0,0.0,0.0,0,0,0,0,0,0,0,0,0,0,0,1,Yeast
0.058823529411764705,0.029411764705882353,0.20588235294117646,0.058823529411764705,0.029411764705882353,0.029411764705882353,0.20588235294117646,0.08823529411764706,0.11764705882352941,0.11764705882352941,0.029411764705882353,0.029411764705882353,0.058823529411764705,0.11764705882352941,0.08823529411764706,0.029411764705882353,0.058823529411764705,0.11764705882352941,0.08823529411764706,0.20588235294117646,0.20588235294117646,0.029411764705882353,0.11764705882352941,0.11764705882352941,0.11764705882352941,0.11764705882352941,0.20588235294117646,0.029411764705882353,0.11764705882352941,0.20588235294117646,0.11764705882352941,0.20588235294117646,0.11764705882352941,0.11764705882352941,0.0,0.0,0.0,0.0,0.0,0.0,0,0,0,0,0,0,0,0,0,0,0,0,E_coli
0.058823529411764705,0.029411764705882353,0.20588235294117646,0.058823529411764705,0.029411764705882353,0.029411764705882353,0.20588235294117646,0.08823529411764706,0.11764705882352941,0.11764705882352941,0.029411764705882353,0.029411764705882353,0.058823529411764705,0.11764705882352941,0.08823529411764706,0.029411764705882353,0.058823529411764705,0.11764705882352941,0.08823529411764706,0.20588235294117646,0.20588235294117646,0.029411764705882353,0.11764705882352941,0.11764705882352941,0.11764705882352941,0.11764705882352941,0.20588235294117646,0.029411764705882353,0.11764705882352941,0.20588235294117646,0.11764705882352941,0.20588235294117646,0.11764705882352941,0.11764705882352941,0.0,0.0,0.0,0.0,0.0,0.0,0,0,0,0,0,0,0,0,0,0,0,1,Mammalian
0.058823529411764705,0.029411764705882353,0.20588235294117646,0.058823529411764705,0.029411764705882353,0.029411764705882353,0.20588235294117646,0.08823529411764706,0.11764705882352941,0.11764705882352941,0.029411764705882353,0.029411764705882353,0.058823529411764705,0.14705882352941177,0.08823529411764706,0.029411764705882353,0.058823529411764705,0.14705882352941177,0.08823529411764706,0.20588235294117646,0.20588235294117646,0.14705882352941177,0.11764705882352941,0.11764705882352941,0.11764705882352941,0.11764705882352941,0.20588235294117646,0.029411764705882353,0.11764705882352941,0.20588235294117646,0.11764705882352941,0.20588235294117646,0.14705882352941177,0.14705882352941177,0.0,0.0,0.0,0.0,0.0,0.0,0,0,0,0,0,0,0,0,0,0,0,0,E_coli
0.058823529411764705,0.029411764705882353,0.20588235294117646,0.058823529411764705,0.029411764705882353,0.029411764705882353,0.20588235294117646,0.08823529411764706,0.11764705882352941,0.11764705882352941,0.029411764705882353,0.029411764705882353,0.058823529411764705,0.14705882352941177,0.08823529411764706,0.029411764705882353,0.058823529411764705,0.14705882352941177,0.08823529411764706,0.20588235294117646,0.20588235294117646,0.14705882352941177,0.11764705882352941,0.11764705882352941,0.11764705882352941,0.11764705882352941,0.20588235294117646,0.029411764705882353,0.11764705882352941,0.20588235294117646,0.11764705882352941,0.20588235294117646,0.14705882352941177,0.14705882352941177,0.0,0.0,0.0,0.0,0.0,0.0,0,0,0,0,0,0,0,0,0,0,0,1,Yeast
0.058823529411764705,0.029411764705882353,0.20588235294117646,0.058823529411764705,0.029411764705882353,0.029411764705882353,0.20588235294117646,0.08823529411764706,0.11764705882352941,0.11764705882352941,0.029411764705882353,0.029411764705882353,0.058823529411764705,0.14705882352941177,0.08823529411764706,0.029411764705882353,0.058823529411764705,0.14705882352941177,0.08823529411764706,0.20588235294117646,0.20588235294117646,0.14705882352941177,0.11764705882352941,0.11764705882352941,0.11764705882352941,0.11764705882352941,0.20588235294117646,0.029411764705882353,0.11764705882352941,0.20588235294117646,0.11764705882352941,0.20588235294117646,0.14705882352941177,0.14705882352941177,0.0,0.0,0.0,0.0,0.0,0.0,0,0,0,0,0,0,0,0,0,0,0,1,Mammalian
0.058823529411764705,0.029411764705882353,0.20588235294117646,0.058823529411764705,0.029411764705882353,0.029411764705882353,0.20588235294117646,0.08823529411764706,0.11764705882352941,0.11764705882352941,0.029411764705882353,0.029411764705882353,0.058823529411764705,0.11764705882352941,0.08823529411764706,0.029411764705882353,0.058823529411764705,0.11764705882352941,0.08823529411764706,0.20588235294117646,0.20588235294117646,0.029411764705882353,0.11764705882352941,0.11764705882352941,0.11764705882352941,0.11764705882352941,0.20588235294117646,0.029411764705882353,0.11764705882352941,0.20588235294117646,0.11764705882352941,0.20588235294117646,0.11764705882352941,0.11764705882352941,0.0,0.0,0.0,0.0,0.0,0.0,0,0,0,0,0,0,0,0,0,0,0,1,Mammalian
0.058823529411764705,0.029411764705882353,0.20588235294117646,0.058823529411764705,0.029411764705882353,0.029411764705882353,0.20588235294117646,0.08823529411764706,0.11764705882352941,0.11764705882352941,0.029411764705882353,0.029411764705882353,0.058823529411764705,0.11764705882352941,0.08823529411764706,0.029411764705882353,0.058823529411764705,0.11764705882352941,0.08823529411764706,0.20588235294117646,0.20588235294117646,0.029411764705882353,0.11764705882352941,0.11764705882352941,0.11764705882352941,0.11764705882352941,0.20588235294117646,0.029411764705882353,0.11764705882352941,0.20588235294117646,0.11764705882352941,0.20588235294117646,0.11764705882352941,0.11764705882352941,0.0,0.0,0.0,0.0,0.0,0.0,0,0,0,0,0,0,0,0,0,0,0,0,E_coli
0.058823529411764705,0.029411764705882353,0.20588235294117646,0.058823529411764705,0.029411764705882353,0.029411764705882353,0.20588235294117646,0.08823529411764706,0.11764705882352941,0.11764705882352941,0.029411764705882353,0.029411764705882353,0.058823529411764705,0.11764705882352941,0.08823529411764706,0.029411764705882353,0.058823529411764705,0.11764705882352941,0.08823529411764706,0.20588235294117646,0.20588235294117646,0.029411764705882353,0.11764705882352941,0.11764705882352941,0.11764705882352941,0.11764705882352941,0.20588235294117646,0.029411764705882353,0.11764705882352941,0.20588235294117646,0.11764705882352941,0.20588235294117646,0.11764705882352941,0.11764705882352941,0.0,0.0,0.0,0.0,0.0,0.0,0,0,0,0,0,0,0,0,0,0,0,1,Yeast
0.058823529411764705,0.029411764705882353,0.20588235294117646,0.058823529411764705,0.029411764705882353,0.029411764705882353,0.20588235294117646,0.08823529411764706,0.11764705882352941,0.11764705882352941,0.029411764705882353,0.029411764705882353,0.08823529411764706,0.11764705882352941,0.08823529411764706,0.029411764705882353,0.08823529411764706,0.11764705882352941,0.08823529411764706,0.20588235294117646,0.20588235294117646,0.08823529411764706,0.11764705882352941,0.11764705882352941,0.11764705882352941,0.11764705882352941,0.20588235294117646,0.029411764705882353,0.11764705882352941,0.20588235294117646,0.11764705882352941,0.20588235294117646,0.11764705882352941,0.11764705882352941,0.0,0.0,0.0,0.0,0.0,0.0,0,0,0,0,0,0,0,0,0,0,0,0,E_coli
0.058823529411764705,0.029411764705882353,0.20588235294117646,0.058823529411764705,0.029411764705882353,0.029411764705882353,0.20588235294117646,0.08823529411764706,0.11764705882352941,0.11764705882352941,0.029411764705882353,0.029411764705882353,0.08823529411764706,0.11764705882352941,0.08823529411764706,0.029411764705882353,0.08823529411764706,0.11764705882352941,0.08823529411764706,0.20588235294117646,0.20588235294117646,0.08823529411764706,0.11764705882352941,0.11764705882352941,0.11764705882352941,0.11764705882352941,0.20588235294117646,0.029411764705882353,0.11764705882352941,0.20588235294117646,0.11764705882352941,0.20588235294117646,0.11764705882352941,0.11764705882352941,0.0,0.0,0.0,0.0,0.0,0.0,0,0,0,0,0,0,0,0,0,0,0,1,Yeast
0.058823529411764705,0.029411764705882353,0.20588235294117646,0.058823529411764705,0.029411764705882353,0.029411764705882353,0.20588235294117646,0.08823529411764706,0.11764705882352941,0.11764705882352941,0.029411764705882353,0.029411764705882353,0.08823529411764706,0.11764705882352941,0.08823529411764706,0.029411764705882353,0.08823529411764706,0.11764705882352941,0.08823529411764706,0.20588235294117646,0.20588235294117646,0.08823529411764706,0.11764705882352941,0.11764705882352941,0.11764705882352941,0.11764705882352941,0.20588235294117646,0.029411764705882353,0.11764705882352941,0.20588235294117646,0.11764705882352941,0.20588235294117646,0.11764705882352941,0.11764705882352941,0.0,0.0,0.0,0.0,0.0,0.0,0,0,0,0,0,0,0,0,0,0,0,1,Mammalian
0.058823529411764705,0.029411764705882353,0.20588235294117646,0.058823529411764705,0.029411764705882353,0.029411764705882353,0.20588235294117646,0.08823529411764706,0.11764705882352941,0.11764705882352941,0.029411764705882353,0.058823529411764705,0.058823529411764705,0.11764705882352941,0.08823529411764706,0.029411764705882353,0.058823529411764705,0.11764705882352941,0.08823529411764706,0.20588235294117646,0.20588235294117646,0.058823529411764705,0.11764705882352941,0.11764705882352941,0.11764705882352941,0.11764705882352941,0.20588235294117646,0.029411764705882353,0.11764705882352941,0.20588235294117646,0.11764705882352941,0.20588235294117646,0.11764705882352941,0.11764705882352941,0.0,0.0,0.0,0.0,0.0,0.0,0,0,0,0,0,0,0,0,0,0,0,1,Yeast
0.058823529411764705,0.029411764705882353,0.20588235294117646,0.058823529411764705,0.029411764705882353,0.029411764705882353,0.20588235294117646,0.08823529411764706,0.11764705882352941,0.11764705882352941,0.029411764705882353,0.058823529411764705,0.058823529411764705,0.11764705882352941,0.08823529411764706,0.029411764705882353,0.058823529411764705,0.11764705882352941,0.08823529411764706,0.20588235294117646,0.20588235294117646,0.058823529411764705,0.11764705882352941,0.11764705882352941,0.11764705882352941,0.11764705882352941,0.20588235294117646,0.029411764705882353,0.11764705882352941,0.20588235294117646,0.11764705882352941,0.20588235294117646,0.11764705882352941,0.11764705882352941,0.0,0.0,0.0,0.0,0.0,0.0,0,0,0,0,0,0,0,0,0,0,0,1,Mammalian
0.058823529411764705,0.029411764705882353,0.20588235294117646,0.058823529411764705,0.029411764705882353,0.029411764705882353,0.20588235294117646,0.08823529411764706,0.11764705882352941,0.11764705882352941,0.029411764705882353,0.058823529411764705,0.058823529411764705,0.11764705882352941,0.08823529411764706,0.029411764705882353,0.058823529411764705,0.11764705882352941,0.08823529411764706,0.20588235294117646,0.20588235294117646,0.058823529411764705,0.11764705882352941,0.11764705882352941,0.11764705882352941,0.11764705882352941,0.20588235294117646,0.029411764705882353,0.11764705882352941,0.20588235294117646,0.11764705882352941,0.20588235294117646,0.11764705882352941,0.11764705882352941,0.0,0.0,0.0,0.0,0.0,0.0,0,0,0,0,0,0,0,0,0,0,0,0,E_coli
0.08823529411764706,0.029411764705882353,0.20588235294117646,0.08823529411764706,0.029411764705882353,0.029411764705882353,0.20588235294117646,0.08823529411764706,0.11764705882352941,0.11764705882352941,0.029411764705882353,0.029411764705882353,0.058823529411764705,0.11764705882352941,0.08823529411764706,0.029411764705882353,0.058823529411764705,0.11764705882352941,0.08823529411764706,0.20588235294117646,0.20588235294117646,0.08823529411764706,0.11764705882352941,0.11764705882352941,0.11764705882352941,0.11764705882352941,0.20588235294117646,0.029411764705882353,0.11764705882352941,0.20588235294117646,0.11764705882352941,0.20588235294117646,0.11764705882352941,0.11764705882352941,0.0,0.0,0.0,0.0,0.0,0.0,0,0,0,0,0,0,0,0,0,0,0,1,Mammalian
0.08823529411764706,0.029411764705882353,0.20588235294117646,0.08823529411764706,0.029411764705882353,0.029411764705882353,0.20588235294117646,0.08823529411764706,0.11764705882352941,0.11764705882352941,0.029411764705882353,0.029411764705882353,0.058823529411764705,0.11764705882352941,0.08823529411764706,0.029411764705882353,0.058823529411764705,0.11764705882352941,0.08823529411764706,0.20588235294117646,0.20588235294117646,0.08823529411764706,0.11764705882352941,0.11764705882352941,0.11764705882352941,0.11764705882352941,0.20588235294117646,0.029411764705882353,0.11764705882352941,0.20588235294117646,0.11764705882352941,0.20588235294117646,0.11764705882352941,0.11764705882352941,0.0,0.0,0.0,0.0,0.0,0.0,0,0,0,0,0,0,0,0,0,0,0,1,Yeast
0.08823529411764706,0.029411764705882353,0.20588235294117646,0.08823529411764706,0.029411764705882353,0.029411764705882353,0.20588235294117646,0.08823529411764706,0.11764705882352941,0.11764705882352941,0.029411764705882353,0.029411764705882353,0.058823529411764705,0.11764705882352941,0.08823529411764706,0.029411764705882353,0.058823529411764705,0.11764705882352941,0.08823529411764706,0.20588235294117646,0.20588235294117646,0.08823529411764706,0.11764705882352941,0.11764705882352941,0.11764705882352941,0.11764705882352941,0.20588235294117646,0.029411764705882353,0.11764705882352941,0.20588235294117646,0.11764705882352941,0.20588235294117646,0.11764705882352941,0.11764705882352941,0.0,0.0,0.0,0.0,0.0,0.0,0,0,0,0,0,0,0,0,0,0,0,0,E_coli
0.09090909090909091,0.18181818181818182,0.09090909090909091,0.18181818181818182,0.09090909090909091,0.09090909090909091,0.09090909090909091,0.18181818181818182,0.18181818181818182,0.09090909090909091,0.09090909090909091,0.0,0.0,0.0,0.0,0.0,0.0,0.0,0.0,0.0,0.0,0.0,0.0,0.0,0.0,0.0,0.0,0.0,0.0,0.0,0.0,0.0,0.0,0.0,0.0,0.0,0.0,0.0,0.0,0.0,0,0,0,0,0,0,0,0,0,0,0,1,Mammalian
0.09090909090909091,0.18181818181818182,0.09090909090909091,0.18181818181818182,0.09090909090909091,0.09090909090909091,0.09090909090909091,0.18181818181818182,0.18181818181818182,0.09090909090909091,0.09090909090909091,0.0,0.0,0.0,0.0,0.0,0.0,0.0,0.0,0.0,0.0,0.0,0.0,0.0,0.0,0.0,0.0,0.0,0.0,0.0,0.0,0.0,0.0,0.0,0.0,0.0,0.0,0.0,0.0,0.0,0,0,0,0,0,0,0,0,0,0,0,0,E_coli
0.09090909090909091,0.18181818181818182,0.09090909090909091,0.18181818181818182,0.09090909090909091,0.09090909090909091,0.09090909090909091,0.18181818181818182,0.18181818181818182,0.09090909090909091,0.09090909090909091,0.0,0.0,0.0,0.0,0.0,0.0,0.0,0.0,0.0,0.0,0.0,0.0,0.0,0.0,0.0,0.0,0.0,0.0,0.0,0.0,0.0,0.0,0.0,0.0,0.0,0.0,0.0,0.0,0.0,0,0,0,0,0,0,0,0,0,0,0,1,Yeast
0.09090909090909091,0.18181818181818182,0.09090909090909091,0.18181818181818182,0.09090909090909091,0.09090909090909091,0.18181818181818182,0.18181818181818182,0.18181818181818182,0.18181818181818182,0.09090909090909091,0.0,0.0,0.0,0.0,0.0,0.0,0.0,0.0,0.0,0.0,0.0,0.0,0.0,0.0,0.0,0.0,0.0,0.0,0.0,0.0,0.0,0.0,0.0,0.0,0.0,0.0,0.0,0.0,0.0,0,0,0,0,0,0,0,0,0,0,0,0,E_coli
0.09090909090909091,0.18181818181818182,0.09090909090909091,0.18181818181818182,0.09090909090909091,0.09090909090909091,0.18181818181818182,0.18181818181818182,0.18181818181818182,0.18181818181818182,0.09090909090909091,0.0,0.0,0.0,0.0,0.0,0.0,0.0,0.0,0.0,0.0,0.0,0.0,0.0,0.0,0.0,0.0,0.0,0.0,0.0,0.0,0.0,0.0,0.0,0.0,0.0,0.0,0.0,0.0,0.0,0,0,0,0,0,0,0,0,0,0,0,1,Yeast
0.09090909090909091,0.18181818181818182,0.09090909090909091,0.18181818181818182,0.09090909090909091,0.09090909090909091,0.18181818181818182,0.18181818181818182,0.18181818181818182,0.18181818181818182,0.09090909090909091,0.0,0.0,0.0,0.0,0.0,0.0,0.0,0.0,0.0,0.0,0.0,0.0,0.0,0.0,0.0,0.0,0.0,0.0,0.0,0.0,0.0,0.0,0.0,0.0,0.0,0.0,0.0,0.0,0.0,0,0,0,0,0,0,0,0,0,0,0,1,Mammalian
0.1,0.1,0.1,0.2,0.2,0.2,0.2,0.1,0.1,0.1,0.0,0.0,0.0,0.0,0.0,0.0,0.0,0.0,0.0,0.0,0.0,0.0,0.0,0.0,0.0,0.0,0.0,0.0,0.0,0.0,0.0,0.0,0.0,0.0,0.0,0.0,0.0,0.0,0.0,0.0,0,0,0,0,0,0,0,0,0,0,0,0,E_coli
0.1,0.1,0.1,0.2,0.2,0.2,0.2,0.1,0.1,0.1,0.0,0.0,0.0,0.0,0.0,0.0,0.0,0.0,0.0,0.0,0.0,0.0,0.0,0.0,0.0,0.0,0.0,0.0,0.0,0.0,0.0,0.0,0.0,0.0,0.0,0.0,0.0,0.0,0.0,0.0,0,0,0,0,0,0,0,0,0,0,0,1,Mammalian
0.1,0.1,0.1,0.2,0.2,0.2,0.2,0.1,0.1,0.1,0.0,0.0,0.0,0.0,0.0,0.0,0.0,0.0,0.0,0.0,0.0,0.0,0.0,0.0,0.0,0.0,0.0,0.0,0.0,0.0,0.0,0.0,0.0,0.0,0.0,0.0,0.0,0.0,0.0,0.0,0,0,0,0,0,0,0,0,0,0,0,1,Yeast
0.2222222222222222,0.05555555555555555,0.2222222222222222,0.05555555555555555,0.1111111111111111,0.05555555555555555,0.16666666666666666,0.05555555555555555,0.05555555555555555,0.05555555555555555,0.1111111111111111,0.2222222222222222,0.05555555555555555,0.16666666666666666,0.1111111111111111,0.1111111111111111,0.16666666666666666,0.2222222222222222,0.0,0.0,0.0,0.0,0.0,0.0,0.0,0.0,0.0,0.0,0.0,0.0,0.0,0.0,0.0,0.0,0.0,0.0,0.0,0.0,0.0,0.0,0,0,0,0,0,0,0,0,0,0,0,0,E_coli
0.2222222222222222,0.05555555555555555,0.2222222222222222,0.05555555555555555,0.1111111111111111,0.05555555555555555,0.16666666666666666,0.05555555555555555,0.05555555555555555,0.05555555555555555,0.1111111111111111,0.2222222222222222,0.05555555555555555,0.16666666666666666,0.1111111111111111,0.1111111111111111,0.16666666666666666,0.2222222222222222,0.0,0.0,0.0,0.0,0.0,0.0,0.0,0.0,0.0,0.0,0.0,0.0,0.0,0.0,0.0,0.0,0.0,0.0,0.0,0.0,0.0,0.0,0,0,0,0,0,0,0,0,0,0,0,1,Yeast
0.2222222222222222,0.05555555555555555,0.2222222222222222,0.05555555555555555,0.1111111111111111,0.05555555555555555,0.16666666666666666,0.05555555555555555,0.05555555555555555,0.05555555555555555,0.1111111111111111,0.2222222222222222,0.05555555555555555,0.16666666666666666,0.1111111111111111,0.1111111111111111,0.16666666666666666,0.2222222222222222,0.0,0.0,0.0,0.0,0.0,0.0,0.0,0.0,0.0,0.0,0.0,0.0,0.0,0.0,0.0,0.0,0.0,0.0,0.0,0.0,0.0,0.0,0,0,0,0,0,0,0,0,0,0,0,1,Mammalian
0.05555555555555555,0.05555555555555555,0.2777777777777778,0.2222222222222222,0.05555555555555555,0.2777777777777778,0.05555555555555555,0.2222222222222222,0.2222222222222222,0.2777777777777778,0.2777777777777778,0.2222222222222222,0.05555555555555555,0.1111111111111111,0.05555555555555555,0.05555555555555555,0.1111111111111111,0.2777777777777778,0.0,0.0,0.0,0.0,0.0,0.0,0.0,0.0,0.0,0.0,0.0,0.0,0.0,0.0,0.0,0.0,0.0,0.0,0.0,0.0,0.0,0.0,0,0,0,0,0,0,0,0,0,0,0,1,Yeast
0.05555555555555555,0.05555555555555555,0.2777777777777778,0.2222222222222222,0.05555555555555555,0.2777777777777778,0.05555555555555555,0.2222222222222222,0.2222222222222222,0.2777777777777778,0.2777777777777778,0.2222222222222222,0.05555555555555555,0.1111111111111111,0.05555555555555555,0.05555555555555555,0.1111111111111111,0.2777777777777778,0.0,0.0,0.0,0.0,0.0,0.0,0.0,0.0,0.0,0.0,0.0,0.0,0.0,0.0,0.0,0.0,0.0,0.0,0.0,0.0,0.0,0.0,0,0,0,0,0,0,0,0,0,0,0,1,Mammalian
0.05555555555555555,0.05555555555555555,0.2777777777777778,0.2222222222222222,0.05555555555555555,0.2777777777777778,0.05555555555555555,0.2222222222222222,0.2222222222222222,0.2777777777777778,0.2777777777777778,0.2222222222222222,0.05555555555555555,0.1111111111111111,0.05555555555555555,0.05555555555555555,0.1111111111111111,0.2777777777777778,0.0,0.0,0.0,0.0,0.0,0.0,0.0,0.0,0.0,0.0,0.0,0.0,0.0,0.0,0.0,0.0,0.0,0.0,0.0,0.0,0.0,0.0,0,0,0,0,0,0,0,0,0,0,0,0,E_coli
0.5,0.25,0.25,0.5,0.0,0.0,0.0,0.0,0.0,0.0,0.0,0.0,0.0,0.0,0.0,0.0,0.0,0.0,0.0,0.0,0.0,0.0,0.0,0.0,0.0,0.0,0.0,0.0,0.0,0.0,0.0,0.0,0.0,0.0,0.0,0.0,0.0,0.0,0.0,0.0,0,0,0,0,0,0,0,0,0,0,0,1,Yeast
0.5,0.25,0.25,0.5,0.0,0.0,0.0,0.0,0.0,0.0,0.0,0.0,0.0,0.0,0.0,0.0,0.0,0.0,0.0,0.0,0.0,0.0,0.0,0.0,0.0,0.0,0.0,0.0,0.0,0.0,0.0,0.0,0.0,0.0,0.0,0.0,0.0,0.0,0.0,0.0,0,0,0,0,0,0,0,0,0,0,0,1,Mammalian
0.5,0.25,0.25,0.5,0.0,0.0,0.0,0.0,0.0,0.0,0.0,0.0,0.0,0.0,0.0,0.0,0.0,0.0,0.0,0.0,0.0,0.0,0.0,0.0,0.0,0.0,0.0,0.0,0.0,0.0,0.0,0.0,0.0,0.0,0.0,0.0,0.0,0.0,0.0,0.0,0,0,0,0,0,0,0,0,0,0,0,0,E_coli
0.05555555555555555,0.1111111111111111,0.1111111111111111,0.05555555555555555,0.1111111111111111,0.1111111111111111,0.1111111111111111,0.05555555555555555,0.1111111111111111,0.1111111111111111,0.05555555555555555,0.05555555555555555,0.1111111111111111,0.05555555555555555,0.05555555555555555,0.1111111111111111,0.05555555555555555,0.1111111111111111,0.0,0.0,0.0,0.0,0.0,0.0,0.0,0.0,0.0,0.0,0.0,0.0,0.0,0.0,0.0,0.0,0.0,0.0,0.0,0.0,0.0,0.0,0,0,0,0,0,0,0,0,0,0,0,0,E_coli
0.05555555555555555,0.1111111111111111,0.1111111111111111,0.05555555555555555,0.1111111111111111,0.1111111111111111,0.1111111111111111,0.05555555555555555,0.1111111111111111,0.1111111111111111,0.05555555555555555,0.05555555555555555,0.1111111111111111,0.05555555555555555,0.05555555555555555,0.1111111111111111,0.05555555555555555,0.1111111111111111,0.0,0.0,0.0,0.0,0.0,0.0,0.0,0.0,0.0,0.0,0.0,0.0,0.0,0.0,0.0,0.0,0.0,0.0,0.0,0.0,0.0,0.0,0,0,0,0,0,0,0,0,0,0,0,2,Yeast
0.05555555555555555,0.1111111111111111,0.1111111111111111,0.05555555555555555,0.1111111111111111,0.1111111111111111,0.1111111111111111,0.05555555555555555,0.1111111111111111,0.1111111111111111,0.05555555555555555,0.05555555555555555,0.1111111111111111,0.05555555555555555,0.05555555555555555,0.1111111111111111,0.05555555555555555,0.1111111111111111,0.0,0.0,0.0,0.0,0.0,0.0,0.0,0.0,0.0,0.0,0.0,0.0,0.0,0.0,0.0,0.0,0.0,0.0,0.0,0.0,0.0,0.0,0,0,0,0,0,0,0,0,0,0,0,1,Mammalian
0.125,0.125,0.25,0.25,0.25,0.125,0.125,0.25,0.0,0.0,0.0,0.0,0.0,0.0,0.0,0.0,0.0,0.0,0.0,0.0,0.0,0.0,0.0,0.0,0.0,0.0,0.0,0.0,0.0,0.0,0.0,0.0,0.0,0.0,0.0,0.0,0.0,0.0,0.0,0.0,0,0,0,0,0,0,0,0,0,0,0,1,Mammalian
0.125,0.125,0.25,0.25,0.25,0.125,0.125,0.25,0.0,0.0,0.0,0.0,0.0,0.0,0.0,0.0,0.0,0.0,0.0,0.0,0.0,0.0,0.0,0.0,0.0,0.0,0.0,0.0,0.0,0.0,0.0,0.0,0.0,0.0,0.0,0.0,0.0,0.0,0.0,0.0,0,0,0,0,0,0,0,0,0,0,0,0,E_coli
0.125,0.125,0.25,0.25,0.25,0.125,0.125,0.25,0.0,0.0,0.0,0.0,0.0,0.0,0.0,0.0,0.0,0.0,0.0,0.0,0.0,0.0,0.0,0.0,0.0,0.0,0.0,0.0,0.0,0.0,0.0,0.0,0.0,0.0,0.0,0.0,0.0,0.0,0.0,0.0,0,0,0,0,0,0,0,0,0,0,0,2,Yeast
0.2222222222222222,0.1111111111111111,0.2222222222222222,0.2222222222222222,0.2222222222222222,0.1111111111111111,0.1111111111111111,0.2222222222222222,0.2222222222222222,0.0,0.0,0.0,0.0,0.0,0.0,0.0,0.0,0.0,0.0,0.0,0.0,0.0,0.0,0.0,0.0,0.0,0.0,0.0,0.0,0.0,0.0,0.0,0.0,0.0,0.0,0.0,0.0,0.0,0.0,0.0,0,0,0,0,0,0,0,0,0,0,0,0,E_coli
0.2222222222222222,0.1111111111111111,0.2222222222222222,0.2222222222222222,0.2222222222222222,0.1111111111111111,0.1111111111111111,0.2222222222222222,0.2222222222222222,0.0,0.0,0.0,0.0,0.0,0.0,0.0,0.0,0.0,0.0,0.0,0.0,0.0,0.0,0.0,0.0,0.0,0.0,0.0,0.0,0.0,0.0,0.0,0.0,0.0,0.0,0.0,0.0,0.0,0.0,0.0,0,0,0,0,0,0,0,0,0,0,0,1,Mammalian
0.2222222222222222,0.1111111111111111,0.2222222222222222,0.2222222222222222,0.2222222222222222,0.1111111111111111,0.1111111111111111,0.2222222222222222,0.2222222222222222,0.0,0.0,0.0,0.0,0.0,0.0,0.0,0.0,0.0,0.0,0.0,0.0,0.0,0.0,0.0,0.0,0.0,0.0,0.0,0.0,0.0,0.0,0.0,0.0,0.0,0.0,0.0,0.0,0.0,0.0,0.0,0,0,0,0,0,0,0,0,0,0,0,2,Yeast
0.16666666666666666,0.08333333333333333,0.16666666666666666,0.16666666666666666,0.25,0.08333333333333333,0.08333333333333333,0.25,0.16666666666666666,0.08333333333333333,0.08333333333333333,0.25,0.0,0.0,0.0,0.0,0.0,0.0,0.0,0.0,0.0,0.0,0.0,0.0,0.0,0.0,0.0,0.0,0.0,0.0,0.0,0.0,0.0,0.0,0.0,0.0,0.0,0.0,0.0,0.0,0,0,0,0,0,0,0,0,0,0,0,1,Mammalian
0.16666666666666666,0.08333333333333333,0.16666666666666666,0.16666666666666666,0.25,0.08333333333333333,0.08333333333333333,0.25,0.16666666666666666,0.08333333333333333,0.08333333333333333,0.25,0.0,0.0,0.0,0.0,0.0,0.0,0.0,0.0,0.0,0.0,0.0,0.0,0.0,0.0,0.0,0.0,0.0,0.0,0.0,0.0,0.0,0.0,0.0,0.0,0.0,0.0,0.0,0.0,0,0,0,0,0,0,0,0,0,0,0,2,Yeast
0.16666666666666666,0.08333333333333333,0.16666666666666666,0.16666666666666666,0.25,0.08333333333333333,0.08333333333333333,0.25,0.16666666666666666,0.08333333333333333,0.08333333333333333,0.25,0.0,0.0,0.0,0.0,0.0,0.0,0.0,0.0,0.0,0.0,0.0,0.0,0.0,0.0,0.0,0.0,0.0,0.0,0.0,0.0,0.0,0.0,0.0,0.0,0.0,0.0,0.0,0.0,0,0,0,0,0,0,0,0,0,0,0,0,E_coli
0.1,0.4,0.4,0.4,0.4,0.4,0.1,0.4,0.4,0.4,0.0,0.0,0.0,0.0,0.0,0.0,0.0,0.0,0.0,0.0,0.0,0.0,0.0,0.0,0.0,0.0,0.0,0.0,0.0,0.0,0.0,0.0,0.0,0.0,0.0,0.0,0.0,0.0,0.0,0.0,0,0,0,0,0,0,0,0,0,0,0,0,E_coli
0.1,0.4,0.4,0.4,0.4,0.4,0.1,0.4,0.4,0.4,0.0,0.0,0.0,0.0,0.0,0.0,0.0,0.0,0.0,0.0,0.0,0.0,0.0,0.0,0.0,0.0,0.0,0.0,0.0,0.0,0.0,0.0,0.0,0.0,0.0,0.0,0.0,0.0,0.0,0.0,0,0,0,0,0,0,0,0,0,0,0,1,Mammalian
0.1,0.4,0.4,0.4,0.4,0.4,0.1,0.4,0.4,0.4,0.0,0.0,0.0,0.0,0.0,0.0,0.0,0.0,0.0,0.0,0.0,0.0,0.0,0.0,0.0,0.0,0.0,0.0,0.0,0.0,0.0,0.0,0.0,0.0,0.0,0.0,0.0,0.0,0.0,0.0,0,0,0,0,0,0,0,0,0,0,0,2,Yeast
0.027777777777777776,0.027777777777777776,0.08333333333333333,0.16666666666666666,0.05555555555555555,0.027777777777777776,0.08333333333333333,0.16666666666666666,0.05555555555555555,0.16666666666666666,0.16666666666666666,0.05555555555555555,0.1111111111111111,0.08333333333333333,0.1111111111111111,0.1111111111111111,0.16666666666666666,0.05555555555555555,0.08333333333333333,0.16666666666666666,0.1111111111111111,0.16666666666666666,0.16666666666666666,0.16666666666666666,0.16666666666666666,0.16666666666666666,0.05555555555555555,0.05555555555555555,0.08333333333333333,0.027777777777777776,0.08333333333333333,0.16666666666666666,0.08333333333333333,0.08333333333333333,0.08333333333333333,0.027777777777777776,0.0,0.0,0.0,0.0,0,0,0,0,0,0,0,0,0,0,0,0,E_coli
0.027777777777777776,0.027777777777777776,0.08333333333333333,0.16666666666666666,0.05555555555555555,0.027777777777777776,0.08333333333333333,0.16666666666666666,0.05555555555555555,0.16666666666666666,0.16666666666666666,0.05555555555555555,0.1111111111111111,0.08333333333333333,0.1111111111111111,0.1111111111111111,0.16666666666666666,0.05555555555555555,0.08333333333333333,0.16666666666666666,0.1111111111111111,0.16666666666666666,0.16666666666666666,0.16666666666666666,0.16666666666666666,0.16666666666666666,0.05555555555555555,0.05555555555555555,0.08333333333333333,0.027777777777777776,0.08333333333333333,0.16666666666666666,0.08333333333333333,0.08333333333333333,0.08333333333333333,0.027777777777777776,0.0,0.0,0.0,0.0,0,0,0,0,0,0,0,0,0,0,0,1,Mammalian
0.027777777777777776,0.027777777777777776,0.08333333333333333,0.16666666666666666,0.05555555555555555,0.027777777777777776,0.08333333333333333,0.16666666666666666,0.05555555555555555,0.16666666666666666,0.16666666666666666,0.05555555555555555,0.1111111111111111,0.08333333333333333,0.1111111111111111,0.1111111111111111,0.16666666666666666,0.05555555555555555,0.08333333333333333,0.16666666666666666,0.1111111111111111,0.16666666666666666,0.16666666666666666,0.16666666666666666,0.16666666666666666,0.16666666666666666,0.05555555555555555,0.05555555555555555,0.08333333333333333,0.027777777777777776,0.08333333333333333,0.16666666666666666,0.08333333333333333,0.08333333333333333,0.08333333333333333,0.027777777777777776,0.0,0.0,0.0,0.0,0,0,0,0,0,0,0,0,0,0,0,2,Yeast
0.027777777777777776,0.027777777777777776,0.08333333333333333,0.16666666666666666,0.05555555555555555,0.027777777777777776,0.08333333333333333,0.16666666666666666,0.05555555555555555,0.19444444444444445,0.19444444444444445,0.19444444444444445,0.1111111111111111,0.08333333333333333,0.1111111111111111,0.1111111111111111,0.19444444444444445,0.05555555555555555,0.08333333333333333,0.19444444444444445,0.1111111111111111,0.19444444444444445,0.16666666666666666,0.16666666666666666,0.19444444444444445,0.16666666666666666,0.027777777777777776,0.05555555555555555,0.08333333333333333,0.027777777777777776,0.08333333333333333,0.16666666666666666,0.08333333333333333,0.08333333333333333,0.08333333333333333,0.027777777777777776,0.0,0.0,0.0,0.0,0,0,0,0,0,0,0,0,0,0,0,0,E_coli
0.027777777777777776,0.027777777777777776,0.08333333333333333,0.16666666666666666,0.05555555555555555,0.027777777777777776,0.08333333333333333,0.16666666666666666,0.05555555555555555,0.19444444444444445,0.19444444444444445,0.19444444444444445,0.1111111111111111,0.08333333333333333,0.1111111111111111,0.1111111111111111,0.19444444444444445,0.05555555555555555,0.08333333333333333,0.19444444444444445,0.1111111111111111,0.19444444444444445,0.16666666666666666,0.16666666666666666,0.19444444444444445,0.16666666666666666,0.027777777777777776,0.05555555555555555,0.08333333333333333,0.027777777777777776,0.08333333333333333,0.16666666666666666,0.08333333333333333,0.08333333333333333,0.08333333333333333,0.027777777777777776,0.0,0.0,0.0,0.0,0,0,0,0,0,0,0,0,0,0,0,2,Yeast
0.027777777777777776,0.027777777777777776,0.08333333333333333,0.16666666666666666,0.05555555555555555,0.027777777777777776,0.08333333333333333,0.16666666666666666,0.05555555555555555,0.19444444444444445,0.19444444444444445,0.19444444444444445,0.1111111111111111,0.08333333333333333,0.1111111111111111,0.1111111111111111,0.19444444444444445,0.05555555555555555,0.08333333333333333,0.19444444444444445,0.1111111111111111,0.19444444444444445,0.16666666666666666,0.16666666666666666,0.19444444444444445,0.16666666666666666,0.027777777777777776,0.05555555555555555,0.08333333333333333,0.027777777777777776,0.08333333333333333,0.16666666666666666,0.08333333333333333,0.08333333333333333,0.08333333333333333,0.027777777777777776,0.0,0.0,0.0,0.0,0,0,0,0,0,0,0,0,0,0,0,1,Mammalian
0.027777777777777776,0.027777777777777776,0.08333333333333333,0.16666666666666666,0.05555555555555555,0.027777777777777776,0.08333333333333333,0.16666666666666666,0.05555555555555555,0.16666666666666666,0.16666666666666666,0.05555555555555555,0.1111111111111111,0.08333333333333333,0.1111111111111111,0.1111111111111111,0.16666666666666666,0.05555555555555555,0.08333333333333333,0.16666666666666666,0.1111111111111111,0.16666666666666666,0.16666666666666666,0.16666666666666666,0.16666666666666666,0.16666666666666666,0.027777777777777776,0.05555555555555555,0.08333333333333333,0.027777777777777776,0.08333333333333333,0.16666666666666666,0.08333333333333333,0.08333333333333333,0.08333333333333333,0.05555555555555555,0.0,0.0,0.0,0.0,0,0,0,0,0,0,0,0,0,0,0,2,Yeast
0.027777777777777776,0.027777777777777776,0.08333333333333333,0.16666666666666666,0.05555555555555555,0.027777777777777776,0.08333333333333333,0.16666666666666666,0.05555555555555555,0.16666666666666666,0.16666666666666666,0.05555555555555555,0.1111111111111111,0.08333333333333333,0.1111111111111111,0.1111111111111111,0.16666666666666666,0.05555555555555555,0.08333333333333333,0.16666666666666666,0.1111111111111111,0.16666666666666666,0.16666666666666666,0.16666666666666666,0.16666666666666666,0.16666666666666666,0.027777777777777776,0.05555555555555555,0.08333333333333333,0.027777777777777776,0.08333333333333333,0.16666666666666666,0.08333333333333333,0.08333333333333333,0.08333333333333333,0.05555555555555555,0.0,0.0,0.0,0.0,0,0,0,0,0,0,0,0,0,0,0,1,Mammalian
0.027777777777777776,0.027777777777777776,0.08333333333333333,0.16666666666666666,0.05555555555555555,0.027777777777777776,0.08333333333333333,0.16666666666666666,0.05555555555555555,0.16666666666666666,0.16666666666666666,0.05555555555555555,0.1111111111111111,0.08333333333333333,0.1111111111111111,0.1111111111111111,0.16666666666666666,0.05555555555555555,0.08333333333333333,0.16666666666666666,0.1111111111111111,0.16666666666666666,0.16666666666666666,0.16666666666666666,0.16666666666666666,0.16666666666666666,0.027777777777777776,0.05555555555555555,0.08333333333333333,0.027777777777777776,0.08333333333333333,0.16666666666666666,0.08333333333333333,0.08333333333333333,0.08333333333333333,0.05555555555555555,0.0,0.0,0.0,0.0,0,0,0,0,0,0,0,0,0,0,0,0,E_coli
0.027777777777777776,0.027777777777777776,0.08333333333333333,0.16666666666666666,0.05555555555555555,0.027777777777777776,0.08333333333333333,0.16666666666666666,0.05555555555555555,0.16666666666666666,0.16666666666666666,0.027777777777777776,0.1111111111111111,0.08333333333333333,0.1111111111111111,0.1111111111111111,0.16666666666666666,0.05555555555555555,0.08333333333333333,0.16666666666666666,0.1111111111111111,0.16666666666666666,0.16666666666666666,0.16666666666666666,0.16666666666666666,0.16666666666666666,0.027777777777777776,0.05555555555555555,0.08333333333333333,0.027777777777777776,0.08333333333333333,0.16666666666666666,0.08333333333333333,0.08333333333333333,0.08333333333333333,0.027777777777777776,0.0,0.0,0.0,0.0,0,0,0,0,0,0,0,0,0,0,0,1,Mammalian
0.027777777777777776,0.027777777777777776,0.08333333333333333,0.16666666666666666,0.05555555555555555,0.027777777777777776,0.08333333333333333,0.16666666666666666,0.05555555555555555,0.16666666666666666,0.16666666666666666,0.027777777777777776,0.1111111111111111,0.08333333333333333,0.1111111111111111,0.1111111111111111,0.16666666666666666,0.05555555555555555,0.08333333333333333,0.16666666666666666,0.1111111111111111,0.16666666666666666,0.16666666666666666,0.16666666666666666,0.16666666666666666,0.16666666666666666,0.027777777777777776,0.05555555555555555,0.08333333333333333,0.027777777777777776,0.08333333333333333,0.16666666666666666,0.08333333333333333,0.08333333333333333,0.08333333333333333,0.027777777777777776,0.0,0.0,0.0,0.0,0,0,0,0,0,0,0,0,0,0,0,2,Yeast
0.027777777777777776,0.027777777777777776,0.08333333333333333,0.16666666666666666,0.05555555555555555,0.027777777777777776,0.08333333333333333,0.16666666666666666,0.05555555555555555,0.16666666666666666,0.16666666666666666,0.027777777777777776,0.1111111111111111,0.08333333333333333,0.1111111111111111,0.1111111111111111,0.16666666666666666,0.05555555555555555,0.08333333333333333,0.16666666666666666,0.1111111111111111,0.16666666666666666,0.16666666666666666,0.16666666666666666,0.16666666666666666,0.16666666666666666,0.027777777777777776,0.05555555555555555,0.08333333333333333,0.027777777777777776,0.08333333333333333,0.16666666666666666,0.08333333333333333,0.08333333333333333,0.08333333333333333,0.027777777777777776,0.0,0.0,0.0,0.0,0,0,0,0,0,0,0,0,0,0,0,0,E_coli
0.027777777777777776,0.027777777777777776,0.08333333333333333,0.16666666666666666,0.05555555555555555,0.05555555555555555,0.08333333333333333,0.16666666666666666,0.05555555555555555,0.16666666666666666,0.16666666666666666,0.05555555555555555,0.1111111111111111,0.08333333333333333,0.1111111111111111,0.1111111111111111,0.16666666666666666,0.05555555555555555,0.08333333333333333,0.16666666666666666,0.1111111111111111,0.16666666666666666,0.16666666666666666,0.16666666666666666,0.16666666666666666,0.16666666666666666,0.027777777777777776,0.05555555555555555,0.08333333333333333,0.027777777777777776,0.08333333333333333,0.16666666666666666,0.08333333333333333,0.08333333333333333,0.08333333333333333,0.027777777777777776,0.0,0.0,0.0,0.0,0,0,0,0,0,0,0,0,0,0,0,0,E_coli
0.027777777777777776,0.027777777777777776,0.08333333333333333,0.16666666666666666,0.05555555555555555,0.05555555555555555,0.08333333333333333,0.16666666666666666,0.05555555555555555,0.16666666666666666,0.16666666666666666,0.05555555555555555,0.1111111111111111,0.08333333333333333,0.1111111111111111,0.1111111111111111,0.16666666666666666,0.05555555555555555,0.08333333333333333,0.16666666666666666,0.1111111111111111,0.16666666666666666,0.16666666666666666,0.16666666666666666,0.16666666666666666,0.16666666666666666,0.027777777777777776,0.05555555555555555,0.08333333333333333,0.027777777777777776,0.08333333333333333,0.16666666666666666,0.08333333333333333,0.08333333333333333,0.08333333333333333,0.027777777777777776,0.0,0.0,0.0,0.0,0,0,0,0,0,0,0,0,0,0,0,1,Mammalian
0.027777777777777776,0.027777777777777776,0.08333333333333333,0.16666666666666666,0.05555555555555555,0.05555555555555555,0.08333333333333333,0.16666666666666666,0.05555555555555555,0.16666666666666666,0.16666666666666666,0.05555555555555555,0.1111111111111111,0.08333333333333333,0.1111111111111111,0.1111111111111111,0.16666666666666666,0.05555555555555555,0.08333333333333333,0.16666666666666666,0.1111111111111111,0.16666666666666666,0.16666666666666666,0.16666666666666666,0.16666666666666666,0.16666666666666666,0.027777777777777776,0.05555555555555555,0.08333333333333333,0.027777777777777776,0.08333333333333333,0.16666666666666666,0.08333333333333333,0.08333333333333333,0.08333333333333333,0.027777777777777776,0.0,0.0,0.0,0.0,0,0,0,0,0,0,0,0,0,0,0,2,Yeast
0.027777777777777776,0.027777777777777776,0.08333333333333333,0.16666666666666666,0.08333333333333333,0.027777777777777776,0.08333333333333333,0.16666666666666666,0.08333333333333333,0.16666666666666666,0.16666666666666666,0.08333333333333333,0.1111111111111111,0.08333333333333333,0.1111111111111111,0.1111111111111111,0.16666666666666666,0.05555555555555555,0.08333333333333333,0.16666666666666666,0.1111111111111111,0.16666666666666666,0.16666666666666666,0.16666666666666666,0.16666666666666666,0.16666666666666666,0.027777777777777776,0.05555555555555555,0.08333333333333333,0.027777777777777776,0.08333333333333333,0.16666666666666666,0.08333333333333333,0.08333333333333333,0.08333333333333333,0.027777777777777776,0.0,0.0,0.0,0.0,0,0,0,0,0,0,0,0,0,0,0,1,Mammalian
0.027777777777777776,0.027777777777777776,0.08333333333333333,0.16666666666666666,0.08333333333333333,0.027777777777777776,0.08333333333333333,0.16666666666666666,0.08333333333333333,0.16666666666666666,0.16666666666666666,0.08333333333333333,0.1111111111111111,0.08333333333333333,0.1111111111111111,0.1111111111111111,0.16666666666666666,0.05555555555555555,0.08333333333333333,0.16666666666666666,0.1111111111111111,0.16666666666666666,0.16666666666666666,0.16666666666666666,0.16666666666666666,0.16666666666666666,0.027777777777777776,0.05555555555555555,0.08333333333333333,0.027777777777777776,0.08333333333333333,0.16666666666666666,0.08333333333333333,0.08333333333333333,0.08333333333333333,0.027777777777777776,0.0,0.0,0.0,0.0,0,0,0,0,0,0,0,0,0,0,0,0,E_coli
0.027777777777777776,0.027777777777777776,0.08333333333333333,0.16666666666666666,0.08333333333333333,0.027777777777777776,0.08333333333333333,0.16666666666666666,0.08333333333333333,0.16666666666666666,0.16666666666666666,0.08333333333333333,0.1111111111111111,0.08333333333333333,0.1111111111111111,0.1111111111111111,0.16666666666666666,0.05555555555555555,0.08333333333333333,0.16666666666666666,0.1111111111111111,0.16666666666666666,0.16666666666666666,0.16666666666666666,0.16666666666666666,0.16666666666666666,0.027777777777777776,0.05555555555555555,0.08333333333333333,0.027777777777777776,0.08333333333333333,0.16666666666666666,0.08333333333333333,0.08333333333333333,0.08333333333333333,0.027777777777777776,0.0,0.0,0.0,0.0,0,0,0,0,0,0,0,0,0,0,0,2,Yeast
0.027777777777777776,0.027777777777777776,0.08333333333333333,0.16666666666666666,0.05555555555555555,0.027777777777777776,0.08333333333333333,0.16666666666666666,0.05555555555555555,0.16666666666666666,0.16666666666666666,0.08333333333333333,0.1111111111111111,0.08333333333333333,0.1111111111111111,0.1111111111111111,0.16666666666666666,0.08333333333333333,0.08333333333333333,0.16666666666666666,0.1111111111111111,0.16666666666666666,0.16666666666666666,0.16666666666666666,0.16666666666666666,0.16666666666666666,0.027777777777777776,0.08333333333333333,0.08333333333333333,0.027777777777777776,0.08333333333333333,0.16666666666666666,0.08333333333333333,0.08333333333333333,0.08333333333333333,0.027777777777777776,0.0,0.0,0.0,0.0,0,0,0,0,0,0,0,0,0,0,0,2,Yeast
0.027777777777777776,0.027777777777777776,0.08333333333333333,0.16666666666666666,0.05555555555555555,0.027777777777777776,0.08333333333333333,0.16666666666666666,0.05555555555555555,0.16666666666666666,0.16666666666666666,0.08333333333333333,0.1111111111111111,0.08333333333333333,0.1111111111111111,0.1111111111111111,0.16666666666666666,0.08333333333333333,0.08333333333333333,0.16666666666666666,0.1111111111111111,0.16666666666666666,0.16666666666666666,0.16666666666666666,0.16666666666666666,0.16666666666666666,0.027777777777777776,0.08333333333333333,0.08333333333333333,0.027777777777777776,0.08333333333333333,0.16666666666666666,0.08333333333333333,0.08333333333333333,0.08333333333333333,0.027777777777777776,0.0,0.0,0.0,0.0,0,0,0,0,0,0,0,0,0,0,0,1,Mammalian
0.027777777777777776,0.027777777777777776,0.08333333333333333,0.16666666666666666,0.05555555555555555,0.027777777777777776,0.08333333333333333,0.16666666666666666,0.05555555555555555,0.16666666666666666,0.16666666666666666,0.08333333333333333,0.1111111111111111,0.08333333333333333,0.1111111111111111,0.1111111111111111,0.16666666666666666,0.08333333333333333,0.08333333333333333,0.16666666666666666,0.1111111111111111,0.16666666666666666,0.16666666666666666,0.16666666666666666,0.16666666666666666,0.16666666666666666,0.027777777777777776,0.08333333333333333,0.08333333333333333,0.027777777777777776,0.08333333333333333,0.16666666666666666,0.08333333333333333,0.08333333333333333,0.08333333333333333,0.027777777777777776,0.0,0.0,0.0,0.0,0,0,0,0,0,0,0,0,0,0,0,0,E_coli
0.027777777777777776,0.027777777777777776,0.08333333333333333,0.19444444444444445,0.05555555555555555,0.027777777777777776,0.08333333333333333,0.19444444444444445,0.05555555555555555,0.16666666666666666,0.16666666666666666,0.19444444444444445,0.1111111111111111,0.08333333333333333,0.1111111111111111,0.1111111111111111,0.16666666666666666,0.05555555555555555,0.08333333333333333,0.16666666666666666,0.1111111111111111,0.16666666666666666,0.19444444444444445,0.19444444444444445,0.16666666666666666,0.19444444444444445,0.027777777777777776,0.05555555555555555,0.08333333333333333,0.027777777777777776,0.08333333333333333,0.19444444444444445,0.08333333333333333,0.08333333333333333,0.08333333333333333,0.027777777777777776,0.0,0.0,0.0,0.0,0,0,0,0,0,0,0,0,0,0,0,2,Yeast
0.027777777777777776,0.027777777777777776,0.08333333333333333,0.19444444444444445,0.05555555555555555,0.027777777777777776,0.08333333333333333,0.19444444444444445,0.05555555555555555,0.16666666666666666,0.16666666666666666,0.19444444444444445,0.1111111111111111,0.08333333333333333,0.1111111111111111,0.1111111111111111,0.16666666666666666,0.05555555555555555,0.08333333333333333,0.16666666666666666,0.1111111111111111,0.16666666666666666,0.19444444444444445,0.19444444444444445,0.16666666666666666,0.19444444444444445,0.027777777777777776,0.05555555555555555,0.08333333333333333,0.027777777777777776,0.08333333333333333,0.19444444444444445,0.08333333333333333,0.08333333333333333,0.08333333333333333,0.027777777777777776,0.0,0.0,0.0,0.0,0,0,0,0,0,0,0,0,0,0,0,1,Mammalian
0.027777777777777776,0.027777777777777776,0.08333333333333333,0.19444444444444445,0.05555555555555555,0.027777777777777776,0.08333333333333333,0.19444444444444445,0.05555555555555555,0.16666666666666666,0.16666666666666666,0.19444444444444445,0.1111111111111111,0.08333333333333333,0.1111111111111111,0.1111111111111111,0.16666666666666666,0.05555555555555555,0.08333333333333333,0.16666666666666666,0.1111111111111111,0.16666666666666666,0.19444444444444445,0.19444444444444445,0.16666666666666666,0.19444444444444445,0.027777777777777776,0.05555555555555555,0.08333333333333333,0.027777777777777776,0.08333333333333333,0.19444444444444445,0.08333333333333333,0.08333333333333333,0.08333333333333333,0.027777777777777776,0.0,0.0,0.0,0.0,0,0,0,0,0,0,0,0,0,0,0,0,E_coli
0.027777777777777776,0.027777777777777776,0.08333333333333333,0.16666666666666666,0.05555555555555555,0.027777777777777776,0.08333333333333333,0.16666666666666666,0.05555555555555555,0.16666666666666666,0.16666666666666666,0.027777777777777776,0.1111111111111111,0.08333333333333333,0.1111111111111111,0.1111111111111111,0.16666666666666666,0.05555555555555555,0.08333333333333333,0.16666666666666666,0.1111111111111111,0.16666666666666666,0.16666666666666666,0.16666666666666666,0.16666666666666666,0.16666666666666666,0.027777777777777776,0.05555555555555555,0.08333333333333333,0.027777777777777776,0.08333333333333333,0.16666666666666666,0.08333333333333333,0.08333333333333333,0.08333333333333333,0.027777777777777776,0.0,0.0,0.0,0.0,0,0,0,0,0,0,0,0,0,0,0,2,Yeast
0.027777777777777776,0.027777777777777776,0.08333333333333333,0.16666666666666666,0.05555555555555555,0.027777777777777776,0.08333333333333333,0.16666666666666666,0.05555555555555555,0.16666666666666666,0.16666666666666666,0.027777777777777776,0.1111111111111111,0.08333333333333333,0.1111111111111111,0.1111111111111111,0.16666666666666666,0.05555555555555555,0.08333333333333333,0.16666666666666666,0.1111111111111111,0.16666666666666666,0.16666666666666666,0.16666666666666666,0.16666666666666666,0.16666666666666666,0.027777777777777776,0.05555555555555555,0.08333333333333333,0.027777777777777776,0.08333333333333333,0.16666666666666666,0.08333333333333333,0.08333333333333333,0.08333333333333333,0.027777777777777776,0.0,0.0,0.0,0.0,0,0,0,0,0,0,0,0,0,0,0,0,E_coli
0.027777777777777776,0.027777777777777776,0.08333333333333333,0.16666666666666666,0.05555555555555555,0.027777777777777776,0.08333333333333333,0.16666666666666666,0.05555555555555555,0.16666666666666666,0.16666666666666666,0.027777777777777776,0.1111111111111111,0.08333333333333333,0.1111111111111111,0.1111111111111111,0.16666666666666666,0.05555555555555555,0.08333333333333333,0.16666666666666666,0.1111111111111111,0.16666666666666666,0.16666666666666666,0.16666666666666666,0.16666666666666666,0.16666666666666666,0.027777777777777776,0.05555555555555555,0.08333333333333333,0.027777777777777776,0.08333333333333333,0.16666666666666666,0.08333333333333333,0.08333333333333333,0.08333333333333333,0.027777777777777776,0.0,0.0,0.0,0.0,0,0,0,0,0,0,0,0,0,0,0,1,Mammalian
0.027777777777777776,0.027777777777777776,0.08333333333333333,0.16666666666666666,0.05555555555555555,0.027777777777777776,0.08333333333333333,0.16666666666666666,0.05555555555555555,0.16666666666666666,0.16666666666666666,0.1111111111111111,0.1111111111111111,0.1111111111111111,0.1111111111111111,0.1111111111111111,0.16666666666666666,0.05555555555555555,0.1111111111111111,0.16666666666666666,0.1111111111111111,0.16666666666666666,0.16666666666666666,0.16666666666666666,0.16666666666666666,0.16666666666666666,0.027777777777777776,0.05555555555555555,0.08333333333333333,0.027777777777777776,0.08333333333333333,0.16666666666666666,0.08333333333333333,0.1111111111111111,0.08333333333333333,0.027777777777777776,0.0,0.0,0.0,0.0,0,0,0,0,0,0,0,0,0,0,0,1,Mammalian
0.027777777777777776,0.027777777777777776,0.08333333333333333,0.16666666666666666,0.05555555555555555,0.027777777777777776,0.08333333333333333,0.16666666666666666,0.05555555555555555,0.16666666666666666,0.16666666666666666,0.1111111111111111,0.1111111111111111,0.1111111111111111,0.1111111111111111,0.1111111111111111,0.16666666666666666,0.05555555555555555,0.1111111111111111,0.16666666666666666,0.1111111111111111,0.16666666666666666,0.16666666666666666,0.16666666666666666,0.16666666666666666,0.16666666666666666,0.027777777777777776,0.05555555555555555,0.08333333333333333,0.027777777777777776,0.08333333333333333,0.16666666666666666,0.08333333333333333,0.1111111111111111,0.08333333333333333,0.027777777777777776,0.0,0.0,0.0,0.0,0,0,0,0,0,0,0,0,0,0,0,0,E_coli
0.027777777777777776,0.027777777777777776,0.08333333333333333,0.16666666666666666,0.05555555555555555,0.027777777777777776,0.08333333333333333,0.16666666666666666,0.05555555555555555,0.16666666666666666,0.16666666666666666,0.1111111111111111,0.1111111111111111,0.1111111111111111,0.1111111111111111,0.1111111111111111,0.16666666666666666,0.05555555555555555,0.1111111111111111,0.16666666666666666,0.1111111111111111,0.16666666666666666,0.16666666666666666,0.16666666666666666,0.16666666666666666,0.16666666666666666,0.027777777777777776,0.05555555555555555,0.08333333333333333,0.027777777777777776,0.08333333333333333,0.16666666666666666,0.08333333333333333,0.1111111111111111,0.08333333333333333,0.027777777777777776,0.0,0.0,0.0,0.0,0,0,0,0,0,0,0,0,0,0,0,2,Yeast
0.027777777777777776,0.027777777777777776,0.08333333333333333,0.16666666666666666,0.05555555555555555,0.027777777777777776,0.08333333333333333,0.16666666666666666,0.05555555555555555,0.16666666666666666,0.16666666666666666,0.027777777777777776,0.1111111111111111,0.08333333333333333,0.1111111111111111,0.1111111111111111,0.16666666666666666,0.05555555555555555,0.08333333333333333,0.16666666666666666,0.1111111111111111,0.16666666666666666,0.16666666666666666,0.16666666666666666,0.16666666666666666,0.16666666666666666,0.027777777777777776,0.05555555555555555,0.08333333333333333,0.027777777777777776,0.08333333333333333,0.16666666666666666,0.08333333333333333,0.08333333333333333,0.08333333333333333,0.027777777777777776,0.0,0.0,0.0,0.0,0,0,0,0,0,0,0,0,0,0,0,2,Yeast
0.027777777777777776,0.027777777777777776,0.08333333333333333,0.16666666666666666,0.05555555555555555,0.027777777777777776,0.08333333333333333,0.16666666666666666,0.05555555555555555,0.16666666666666666,0.16666666666666666,0.027777777777777776,0.1111111111111111,0.08333333333333333,0.1111111111111111,0.1111111111111111,0.16666666666666666,0.05555555555555555,0.08333333333333333,0.16666666666666666,0.1111111111111111,0.16666666666666666,0.16666666666666666,0.16666666666666666,0.16666666666666666,0.16666666666666666,0.027777777777777776,0.05555555555555555,0.08333333333333333,0.027777777777777776,0.08333333333333333,0.16666666666666666,0.08333333333333333,0.08333333333333333,0.08333333333333333,0.027777777777777776,0.0,0.0,0.0,0.0,0,0,0,0,0,0,0,0,0,0,0,1,Mammalian
0.027777777777777776,0.027777777777777776,0.08333333333333333,0.16666666666666666,0.05555555555555555,0.027777777777777776,0.08333333333333333,0.16666666666666666,0.05555555555555555,0.16666666666666666,0.16666666666666666,0.027777777777777776,0.1111111111111111,0.08333333333333333,0.1111111111111111,0.1111111111111111,0.16666666666666666,0.05555555555555555,0.08333333333333333,0.16666666666666666,0.1111111111111111,0.16666666666666666,0.16666666666666666,0.16666666666666666,0.16666666666666666,0.16666666666666666,0.027777777777777776,0.05555555555555555,0.08333333333333333,0.027777777777777776,0.08333333333333333,0.16666666666666666,0.08333333333333333,0.08333333333333333,0.08333333333333333,0.027777777777777776,0.0,0.0,0.0,0.0,0,0,0,0,0,0,0,0,0,0,0,0,E_coli
0.027777777777777776,0.027777777777777776,0.08333333333333333,0.16666666666666666,0.05555555555555555,0.027777777777777776,0.08333333333333333,0.16666666666666666,0.05555555555555555,0.16666666666666666,0.16666666666666666,0.1388888888888889,0.1388888888888889,0.08333333333333333,0.1388888888888889,0.1388888888888889,0.16666666666666666,0.05555555555555555,0.08333333333333333,0.16666666666666666,0.1388888888888889,0.16666666666666666,0.16666666666666666,0.16666666666666666,0.16666666666666666,0.16666666666666666,0.027777777777777776,0.05555555555555555,0.08333333333333333,0.027777777777777776,0.08333333333333333,0.16666666666666666,0.08333333333333333,0.08333333333333333,0.08333333333333333,0.027777777777777776,0.0,0.0,0.0,0.0,0,0,0,0,0,0,0,0,0,0,0,0,E_coli
0.027777777777777776,0.027777777777777776,0.08333333333333333,0.16666666666666666,0.05555555555555555,0.027777777777777776,0.08333333333333333,0.16666666666666666,0.05555555555555555,0.16666666666666666,0.16666666666666666,0.1388888888888889,0.1388888888888889,0.08333333333333333,0.1388888888888889,0.1388888888888889,0.16666666666666666,0.05555555555555555,0.08333333333333333,0.16666666666666666,0.1388888888888889,0.16666666666666666,0.16666666666666666,0.16666666666666666,0.16666666666666666,0.16666666666666666,0.027777777777777776,0.05555555555555555,0.08333333333333333,0.027777777777777776,0.08333333333333333,0.16666666666666666,0.08333333333333333,0.08333333333333333,0.08333333333333333,0.027777777777777776,0.0,0.0,0.0,0.0,0,0,0,0,0,0,0,0,0,0,0,2,Yeast
0.027777777777777776,0.027777777777777776,0.08333333333333333,0.16666666666666666,0.05555555555555555,0.027777777777777776,0.08333333333333333,0.16666666666666666,0.05555555555555555,0.16666666666666666,0.16666666666666666,0.1388888888888889,0.1388888888888889,0.08333333333333333,0.1388888888888889,0.1388888888888889,0.16666666666666666,0.05555555555555555,0.08333333333333333,0.16666666666666666,0.1388888888888889,0.16666666666666666,0.16666666666666666,0.16666666666666666,0.16666666666666666,0.16666666666666666,0.027777777777777776,0.05555555555555555,0.08333333333333333,0.027777777777777776,0.08333333333333333,0.16666666666666666,0.08333333333333333,0.08333333333333333,0.08333333333333333,0.027777777777777776,0.0,0.0,0.0,0.0,0,0,0,0,0,0,0,0,0,0,0,1,Mammalian
0.027777777777777776,0.027777777777777776,0.08333333333333333,0.16666666666666666,0.05555555555555555,0.027777777777777776,0.08333333333333333,0.16666666666666666,0.05555555555555555,0.16666666666666666,0.16666666666666666,0.027777777777777776,0.1111111111111111,0.08333333333333333,0.1111111111111111,0.1111111111111111,0.16666666666666666,0.05555555555555555,0.08333333333333333,0.16666666666666666,0.1111111111111111,0.16666666666666666,0.16666666666666666,0.16666666666666666,0.16666666666666666,0.16666666666666666,0.027777777777777776,0.05555555555555555,0.08333333333333333,0.027777777777777776,0.08333333333333333,0.16666666666666666,0.08333333333333333,0.08333333333333333,0.08333333333333333,0.027777777777777776,0.0,0.0,0.0,0.0,0,0,0,0,0,0,0,0,0,0,0,0,E_coli
0.027777777777777776,0.027777777777777776,0.08333333333333333,0.16666666666666666,0.05555555555555555,0.027777777777777776,0.08333333333333333,0.16666666666666666,0.05555555555555555,0.16666666666666666,0.16666666666666666,0.027777777777777776,0.1111111111111111,0.08333333333333333,0.1111111111111111,0.1111111111111111,0.16666666666666666,0.05555555555555555,0.08333333333333333,0.16666666666666666,0.1111111111111111,0.16666666666666666,0.16666666666666666,0.16666666666666666,0.16666666666666666,0.16666666666666666,0.027777777777777776,0.05555555555555555,0.08333333333333333,0.027777777777777776,0.08333333333333333,0.16666666666666666,0.08333333333333333,0.08333333333333333,0.08333333333333333,0.027777777777777776,0.0,0.0,0.0,0.0,0,0,0,0,0,0,0,0,0,0,0,1,Mammalian
0.027777777777777776,0.027777777777777776,0.08333333333333333,0.16666666666666666,0.05555555555555555,0.027777777777777776,0.08333333333333333,0.16666666666666666,0.05555555555555555,0.16666666666666666,0.16666666666666666,0.027777777777777776,0.1111111111111111,0.08333333333333333,0.1111111111111111,0.1111111111111111,0.16666666666666666,0.05555555555555555,0.08333333333333333,0.16666666666666666,0.1111111111111111,0.16666666666666666,0.16666666666666666,0.16666666666666666,0.16666666666666666,0.16666666666666666,0.027777777777777776,0.05555555555555555,0.08333333333333333,0.027777777777777776,0.08333333333333333,0.16666666666666666,0.08333333333333333,0.08333333333333333,0.08333333333333333,0.027777777777777776,0.0,0.0,0.0,0.0,0,0,0,0,0,0,0,0,0,0,0,2,Yeast
0.027777777777777776,0.027777777777777776,0.1111111111111111,0.16666666666666666,0.05555555555555555,0.027777777777777776,0.1111111111111111,0.16666666666666666,0.05555555555555555,0.16666666666666666,0.16666666666666666,0.1111111111111111,0.1111111111111111,0.08333333333333333,0.1111111111111111,0.1111111111111111,0.16666666666666666,0.05555555555555555,0.08333333333333333,0.16666666666666666,0.1111111111111111,0.16666666666666666,0.16666666666666666,0.16666666666666666,0.16666666666666666,0.16666666666666666,0.027777777777777776,0.05555555555555555,0.08333333333333333,0.027777777777777776,0.1111111111111111,0.16666666666666666,0.08333333333333333,0.08333333333333333,0.08333333333333333,0.027777777777777776,0.0,0.0,0.0,0.0,0,0,0,0,0,0,0,0,0,0,0,1,Mammalian
0.027777777777777776,0.05555555555555555,0.08333333333333333,0.16666666666666666,0.05555555555555555,0.027777777777777776,0.08333333333333333,0.16666666666666666,0.05555555555555555,0.16666666666666666,0.16666666666666666,0.05555555555555555,0.1111111111111111,0.08333333333333333,0.1111111111111111,0.1111111111111111,0.16666666666666666,0.05555555555555555,0.08333333333333333,0.16666666666666666,0.1111111111111111,0.16666666666666666,0.16666666666666666,0.16666666666666666,0.16666666666666666,0.16666666666666666,0.027777777777777776,0.05555555555555555,0.08333333333333333,0.027777777777777776,0.08333333333333333,0.16666666666666666,0.08333333333333333,0.08333333333333333,0.08333333333333333,0.027777777777777776,0.0,0.0,0.0,0.0,0,0,0,0,0,0,0,0,0,0,0,1,Mammalian
0.027777777777777776,0.05555555555555555,0.08333333333333333,0.16666666666666666,0.05555555555555555,0.027777777777777776,0.08333333333333333,0.16666666666666666,0.05555555555555555,0.16666666666666666,0.16666666666666666,0.05555555555555555,0.1111111111111111,0.08333333333333333,0.1111111111111111,0.1111111111111111,0.16666666666666666,0.05555555555555555,0.08333333333333333,0.16666666666666666,0.1111111111111111,0.16666666666666666,0.16666666666666666,0.16666666666666666,0.16666666666666666,0.16666666666666666,0.027777777777777776,0.05555555555555555,0.08333333333333333,0.027777777777777776,0.08333333333333333,0.16666666666666666,0.08333333333333333,0.08333333333333333,0.08333333333333333,0.027777777777777776,0.0,0.0,0.0,0.0,0,0,0,0,0,0,0,0,0,0,0,0,E_coli
0.027777777777777776,0.05555555555555555,0.08333333333333333,0.16666666666666666,0.05555555555555555,0.027777777777777776,0.08333333333333333,0.16666666666666666,0.05555555555555555,0.16666666666666666,0.16666666666666666,0.05555555555555555,0.1111111111111111,0.08333333333333333,0.1111111111111111,0.1111111111111111,0.16666666666666666,0.05555555555555555,0.08333333333333333,0.16666666666666666,0.1111111111111111,0.16666666666666666,0.16666666666666666,0.16666666666666666,0.16666666666666666,0.16666666666666666,0.027777777777777776,0.05555555555555555,0.08333333333333333,0.027777777777777776,0.08333333333333333,0.16666666666666666,0.08333333333333333,0.08333333333333333,0.08333333333333333,0.027777777777777776,0.0,0.0,0.0,0.0,0,0,0,0,0,0,0,0,0,0,0,2,Yeast
0.027777777777777776,0.027777777777777776,0.08333333333333333,0.16666666666666666,0.05555555555555555,0.027777777777777776,0.08333333333333333,0.16666666666666666,0.05555555555555555,0.16666666666666666,0.16666666666666666,0.027777777777777776,0.1111111111111111,0.08333333333333333,0.1111111111111111,0.1111111111111111,0.16666666666666666,0.05555555555555555,0.08333333333333333,0.16666666666666666,0.1111111111111111,0.16666666666666666,0.16666666666666666,0.16666666666666666,0.16666666666666666,0.16666666666666666,0.027777777777777776,0.05555555555555555,0.08333333333333333,0.027777777777777776,0.08333333333333333,0.16666666666666666,0.08333333333333333,0.08333333333333333,0.08333333333333333,0.027777777777777776,0.0,0.0,0.0,0.0,0,0,0,0,0,0,0,0,0,0,0,2,Yeast
0.027777777777777776,0.027777777777777776,0.08333333333333333,0.16666666666666666,0.05555555555555555,0.027777777777777776,0.08333333333333333,0.16666666666666666,0.05555555555555555,0.16666666666666666,0.16666666666666666,0.027777777777777776,0.1111111111111111,0.08333333333333333,0.1111111111111111,0.1111111111111111,0.16666666666666666,0.05555555555555555,0.08333333333333333,0.16666666666666666,0.1111111111111111,0.16666666666666666,0.16666666666666666,0.16666666666666666,0.16666666666666666,0.16666666666666666,0.027777777777777776,0.05555555555555555,0.08333333333333333,0.027777777777777776,0.08333333333333333,0.16666666666666666,0.08333333333333333,0.08333333333333333,0.08333333333333333,0.027777777777777776,0.0,0.0,0.0,0.0,0,0,0,0,0,0,0,0,0,0,0,0,E_coli
0.027777777777777776,0.027777777777777776,0.08333333333333333,0.16666666666666666,0.05555555555555555,0.027777777777777776,0.08333333333333333,0.16666666666666666,0.05555555555555555,0.16666666666666666,0.16666666666666666,0.027777777777777776,0.1111111111111111,0.08333333333333333,0.1111111111111111,0.1111111111111111,0.16666666666666666,0.05555555555555555,0.08333333333333333,0.16666666666666666,0.1111111111111111,0.16666666666666666,0.16666666666666666,0.16666666666666666,0.16666666666666666,0.16666666666666666,0.027777777777777776,0.05555555555555555,0.08333333333333333,0.027777777777777776,0.08333333333333333,0.16666666666666666,0.08333333333333333,0.08333333333333333,0.08333333333333333,0.027777777777777776,0.0,0.0,0.0,0.0,0,0,0,0,0,0,0,0,0,0,0,1,Mammalian
0.027777777777777776,0.027777777777777776,0.08333333333333333,0.16666666666666666,0.05555555555555555,0.027777777777777776,0.08333333333333333,0.16666666666666666,0.05555555555555555,0.16666666666666666,0.16666666666666666,0.1111111111111111,0.1111111111111111,0.08333333333333333,0.1111111111111111,0.1111111111111111,0.16666666666666666,0.05555555555555555,0.08333333333333333,0.16666666666666666,0.1111111111111111,0.16666666666666666,0.16666666666666666,0.16666666666666666,0.16666666666666666,0.16666666666666666,0.027777777777777776,0.05555555555555555,0.1111111111111111,0.027777777777777776,0.08333333333333333,0.16666666666666666,0.1111111111111111,0.08333333333333333,0.1111111111111111,0.027777777777777776,0.0,0.0,0.0,0.0,0,0,0,0,0,0,0,0,0,0,0,1,Mammalian
0.027777777777777776,0.027777777777777776,0.08333333333333333,0.16666666666666666,0.05555555555555555,0.027777777777777776,0.08333333333333333,0.16666666666666666,0.05555555555555555,0.16666666666666666,0.16666666666666666,0.1111111111111111,0.1111111111111111,0.08333333333333333,0.1111111111111111,0.1111111111111111,0.16666666666666666,0.05555555555555555,0.08333333333333333,0.16666666666666666,0.1111111111111111,0.16666666666666666,0.16666666666666666,0.16666666666666666,0.16666666666666666,0.16666666666666666,0.027777777777777776,0.05555555555555555,0.1111111111111111,0.027777777777777776,0.08333333333333333,0.16666666666666666,0.1111111111111111,0.08333333333333333,0.1111111111111111,0.027777777777777776,0.0,0.0,0.0,0.0,0,0,0,0,0,0,0,0,0,0,0,2,Yeast
0.027777777777777776,0.027777777777777776,0.08333333333333333,0.16666666666666666,0.05555555555555555,0.027777777777777776,0.08333333333333333,0.16666666666666666,0.05555555555555555,0.16666666666666666,0.16666666666666666,0.1111111111111111,0.1111111111111111,0.08333333333333333,0.1111111111111111,0.1111111111111111,0.16666666666666666,0.05555555555555555,0.08333333333333333,0.16666666666666666,0.1111111111111111,0.16666666666666666,0.16666666666666666,0.16666666666666666,0.16666666666666666,0.16666666666666666,0.027777777777777776,0.05555555555555555,0.1111111111111111,0.027777777777777776,0.08333333333333333,0.16666666666666666,0.1111111111111111,0.08333333333333333,0.1111111111111111,0.027777777777777776,0.0,0.0,0.0,0.0,0,0,0,0,0,0,0,0,0,0,0,0,E_coli
0.05555555555555555,0.027777777777777776,0.08333333333333333,0.16666666666666666,0.05555555555555555,0.027777777777777776,0.08333333333333333,0.16666666666666666,0.05555555555555555,0.16666666666666666,0.16666666666666666,0.05555555555555555,0.1111111111111111,0.08333333333333333,0.1111111111111111,0.1111111111111111,0.16666666666666666,0.05555555555555555,0.08333333333333333,0.16666666666666666,0.1111111111111111,0.16666666666666666,0.16666666666666666,0.16666666666666666,0.16666666666666666,0.16666666666666666,0.027777777777777776,0.05555555555555555,0.08333333333333333,0.027777777777777776,0.08333333333333333,0.16666666666666666,0.08333333333333333,0.08333333333333333,0.08333333333333333,0.027777777777777776,0.0,0.0,0.0,0.0,0,0,0,0,0,0,0,0,0,0,0,0,E_coli
0.05555555555555555,0.027777777777777776,0.08333333333333333,0.16666666666666666,0.05555555555555555,0.027777777777777776,0.08333333333333333,0.16666666666666666,0.05555555555555555,0.16666666666666666,0.16666666666666666,0.05555555555555555,0.1111111111111111,0.08333333333333333,0.1111111111111111,0.1111111111111111,0.16666666666666666,0.05555555555555555,0.08333333333333333,0.16666666666666666,0.1111111111111111,0.16666666666666666,0.16666666666666666,0.16666666666666666,0.16666666666666666,0.16666666666666666,0.027777777777777776,0.05555555555555555,0.08333333333333333,0.027777777777777776,0.08333333333333333,0.16666666666666666,0.08333333333333333,0.08333333333333333,0.08333333333333333,0.027777777777777776,0.0,0.0,0.0,0.0,0,0,0,0,0,0,0,0,0,0,0,1,Mammalian
0.05555555555555555,0.027777777777777776,0.08333333333333333,0.16666666666666666,0.05555555555555555,0.027777777777777776,0.08333333333333333,0.16666666666666666,0.05555555555555555,0.16666666666666666,0.16666666666666666,0.05555555555555555,0.1111111111111111,0.08333333333333333,0.1111111111111111,0.1111111111111111,0.16666666666666666,0.05555555555555555,0.08333333333333333,0.16666666666666666,0.1111111111111111,0.16666666666666666,0.16666666666666666,0.16666666666666666,0.16666666666666666,0.16666666666666666,0.027777777777777776,0.05555555555555555,0.08333333333333333,0.027777777777777776,0.08333333333333333,0.16666666666666666,0.08333333333333333,0.08333333333333333,0.08333333333333333,0.027777777777777776,0.0,0.0,0.0,0.0,0,0,0,0,0,0,0,0,0,0,0,2,Yeast
