Dataset,model,sampling,representation,accuracy,recall,precision,f1,roc_auc_ovr,mcc,fit_time,score_time
Validation,AdaBoost,Original,embedding_protT5_AdaBoost_42_metrics,0.47675803839925973,0.47675803839925973,0.4185851930815234,0.43193285751216076,0.5806609065320842,0.04528178256715395,3.8632006883621215,0.01892776489257808
Validation,AdaBoost,Original,fft_FASG760101_AdaBoost_42_metrics,0.5171293083506824,0.5171293083506824,0.43061978118195754,0.43716462036571413,0.6000293095744974,0.08045464656797192,0.19747428894042965,0.021924853324890102
Validation,AdaBoost,Original,fft_FAUJ880111_AdaBoost_42_metrics,0.5126185519315289,0.5126185519315289,0.36973851491794746,0.419003250756787,0.6028067241521615,0.058859971975416335,0.0776180028915405,0.01905095577239986
Validation,AdaBoost,Original,fft_FAUJ880112_AdaBoost_42_metrics,0.5156141568355308,0.5156141568355308,0.30250402259630266,0.36206550920403824,0.547310943703491,0.006616293361270041,0.07630071640014645,0.01764879226684567
Validation,AdaBoost,Original,fft_GEIM800101_AdaBoost_42_metrics,0.5094668054591718,0.5094668054591718,0.45890892028917724,0.43957835783600663,0.591760333890999,0.07211676100578904,0.19424152374267573,0.01829142570495598
Validation,AdaBoost,Original,fft_GEIM800105_AdaBoost_42_metrics,0.5232303955586398,0.5232303955586398,0.4877923292411873,0.4595505923621393,0.5947433935914804,0.11159395601707808,0.19301638603210444,0.0180543184280395
Validation,AdaBoost,Original,fft_JOND750101_AdaBoost_42_metrics,0.5018968309044645,0.5018968309044645,0.47188854028043964,0.4121496475488958,0.5902098924158083,0.0446667336399819,0.19529728889465328,0.018226718902587848
Validation,AdaBoost,Original,fft_KLEP840101_AdaBoost_42_metrics,0.5117742308582003,0.5117742308582003,0.36494596882613617,0.3930037783079109,0.6022588073368988,0.03937005463291881,0.09872469902038569,0.01788911819458002
Validation,AdaBoost,Original,fft_ROBB760113_AdaBoost_42_metrics,0.4973398103169096,0.4973398103169096,0.42699775994072403,0.41120133839737993,0.5616075293616329,0.028862212369894384,0.18765082359313962,0.01717100143432612
Validation,AdaBoost,Original,fft_ZIMJ680104_AdaBoost_42_metrics,0.511884108258154,0.511884108258154,0.47151108536090236,0.4626708217154042,0.6098991438410958,0.10614051811116083,0.18635771274566645,0.01682558059692378
Validation,AdaBoost,Original,frequency_AdaBoost_42_metrics,0.5149028452463567,0.5149028452463567,0.48420132811755534,0.4504231528685139,0.6163841492181978,0.09601421550061771,0.10666232109069818,0.01861288547515865
Validation,AdaBoost,Original,one_hot_AdaBoost_42_metrics,0.6579863520703215,0.6579863520703215,0.689439999671352,0.6329850777045352,0.8212126226625704,0.4042713536186979,0.30881757736206056,0.03899707794189449
Validation,AdaBoost,Original,pc_FASG760101_AdaBoost_42_metrics,0.6009195003469813,0.6009195003469813,0.6072436135832258,0.5728386327074075,0.7459407493782689,0.2987923944583549,0.096702766418457,0.01833329200744625
Validation,AdaBoost,Original,pc_FAUJ880111_AdaBoost_42_metrics,0.5194598658339117,0.5194598658339117,0.40734387790728227,0.41268428259914697,0.5961591449621574,0.07087973508167078,0.06970355510711665,0.01793496608734126
Validation,AdaBoost,Original,pc_FAUJ880112_AdaBoost_42_metrics,0.5163775156141568,0.5163775156141568,0.26665470733097646,0.35169295316121046,0.5481727159032158,0.0,0.07251725196838374,0.01905541419982906
Validation,AdaBoost,Original,pc_GEIM800101_AdaBoost_42_metrics,0.6069858894286375,0.6069858894286375,0.6052722250674472,0.599870932117869,0.7851640211614578,0.3280351126442464,0.09360184669494624,0.01820905208587642
Validation,AdaBoost,Original,pc_GEIM800105_AdaBoost_42_metrics,0.611531343974092,0.611531343974092,0.6144536631910429,0.5762701807023606,0.7888618370979099,0.3315885648288361,0.09371283054351803,0.01790425777435297
Validation,AdaBoost,Original,pc_JOND750101_AdaBoost_42_metrics,0.5719754799907472,0.5719754799907472,0.5752823613353795,0.5364543832952681,0.7335988088246082,0.23521557450245711,0.09389734268188472,0.01855683326721187
Validation,AdaBoost,Original,pc_KLEP840101_AdaBoost_42_metrics,0.5255262549155679,0.5255262549155679,0.42587555462359195,0.4427207828383735,0.5957021707113939,0.0980718138113694,0.07234611511230465,0.018246960639953562
Validation,AdaBoost,Original,pc_ROBB760113_AdaBoost_42_metrics,0.5614214665741384,0.5614214665741384,0.5344445854514139,0.5254383212952818,0.6966110951461871,0.22749888613868002,0.0903414964675903,0.0175106287002563
Validation,AdaBoost,Over,embedding_protT5_AdaBoost_42_metrics,0.5122959528639042,0.5122959528639042,0.5061690629353699,0.5050100693019396,0.6998426066195997,0.27077319663942423,7.017999696731567,0.02207722663879389
Validation,AdaBoost,Over,fft_FASG760101_AdaBoost_42_metrics,0.4621414082874529,0.4621414082874529,0.4588740133488948,0.45312439621252387,0.6424762349823355,0.19654386564682996,0.310187554359436,0.017825889587402288
Validation,AdaBoost,Over,fft_FAUJ880111_AdaBoost_42_metrics,0.4675311503911909,0.4675311503911909,0.4662253123538074,0.4510200058767578,0.618767222534642,0.2080295296828857,0.08941664695739741,0.0176551818847656
Validation,AdaBoost,Over,fft_FAUJ880112_AdaBoost_42_metrics,0.39576209794262535,0.39576209794262535,0.40591561124411274,0.36678482333021,0.5643632061561984,0.10396740702500289,0.08840153217315667,0.01766912937164302
Validation,AdaBoost,Over,fft_GEIM800101_AdaBoost_42_metrics,0.4661209311310731,0.4661209311310731,0.4661605752839308,0.46118456958447285,0.6588157300770274,0.20121978678803462,0.3149704217910766,0.0187294244766235
Validation,AdaBoost,Over,fft_GEIM800105_AdaBoost_42_metrics,0.4773930261759876,0.4773930261759876,0.46907177028568237,0.46631584293939465,0.6721824018603637,0.21932875290031134,0.3101692914962768,0.0186857938766479
Validation,AdaBoost,Over,fft_JOND750101_AdaBoost_42_metrics,0.4542886119965227,0.4542886119965227,0.4508693728860676,0.44737407581091587,0.6498549236867055,0.1837653755024657,0.31306092739105223,0.0186463832855224
Validation,AdaBoost,Over,fft_KLEP840101_AdaBoost_42_metrics,0.4488747223027142,0.4488747223027142,0.43237528717644585,0.42469914310474477,0.6224169720728665,0.17958144643279372,0.1306728839874267,0.018014287948608352
Validation,AdaBoost,Over,fft_ROBB760113_AdaBoost_42_metrics,0.4675722012943108,0.4675722012943108,0.46330034962901534,0.4596834350025961,0.6528499287969992,0.2039981100163299,0.2953799486160278,0.01719238758087152
Validation,AdaBoost,Over,fft_ZIMJ680104_AdaBoost_42_metrics,0.5034579348980971,0.5034579348980971,0.5033237517964605,0.49765130978278566,0.6889747811946292,0.2579582433524376,0.29195437431335447,0.01714873313903803
Validation,AdaBoost,Over,frequency_AdaBoost_42_metrics,0.49606394281850674,0.49606394281850674,0.4894683454692733,0.4817728476561756,0.6890890056637229,0.2496481147409034,0.15804960727691647,0.01920435428619381
Validation,AdaBoost,Over,one_hot_AdaBoost_42_metrics,0.6302859074664349,0.6302859074664349,0.678551924877697,0.6058728807907572,0.8037368122223688,0.47818111875731617,0.4659545421600342,0.04575543403625483
Validation,AdaBoost,Over,pc_FASG760101_AdaBoost_42_metrics,0.6180116874335941,0.6180116874335941,0.6176949961609381,0.6117094225203896,0.7838219932153917,0.43101086008797845,0.14400112628936762,0.01849496364593502
Validation,AdaBoost,Over,pc_FAUJ880111_AdaBoost_42_metrics,0.4690162271805273,0.4690162271805273,0.46672128142199254,0.45128826682591044,0.617053904513062,0.2106790147696344,0.07542202472686763,0.01793313026428217
Validation,AdaBoost,Over,pc_FAUJ880112_AdaBoost_42_metrics,0.3898483531343572,0.3898483531343572,0.2690283975265786,0.3111786237094055,0.5544275594346606,0.10034037368853979,0.07857995033264155,0.018779301643371542
Validation,AdaBoost,Over,pc_GEIM800101_AdaBoost_42_metrics,0.5983144982130784,0.5983144982130784,0.6029440660273275,0.5971095312608925,0.7849893203468752,0.3999167578459094,0.14257321357727046,0.01875293254852289
Validation,AdaBoost,Over,pc_GEIM800105_AdaBoost_42_metrics,0.5963392253453106,0.5963392253453106,0.5972286841642844,0.5915603156697091,0.789015553559895,0.3979925579357538,0.14531056880950924,0.01865825653076167
Validation,AdaBoost,Over,pc_JOND750101_AdaBoost_42_metrics,0.5673838500917608,0.5673838500917608,0.5660108725181832,0.5615045833329002,0.7530793699865405,0.35443762695660963,0.14349665641784665,0.01906995773315424
Validation,AdaBoost,Over,pc_KLEP840101_AdaBoost_42_metrics,0.4429730512894813,0.4429730512894813,0.43595651636481936,0.4325324991621442,0.6257950874233217,0.16751548285677634,0.08256764411926265,0.01840577125549312
Validation,AdaBoost,Over,pc_ROBB760113_AdaBoost_42_metrics,0.55605138607167,0.55605138607167,0.5471580758129628,0.5457182352953119,0.7331952091554276,0.3377832911588805,0.14019865989685054,0.01851041316986081
Validation,AdaBoost,Under,embedding_protT5_AdaBoost_42_metrics,0.4005649717514125,0.4005649717514125,0.4070030248116421,0.3954708325148858,0.5935551057130004,0.10301448893675316,1.9691213607788085,0.01557929515838619
Validation,AdaBoost,Under,fft_FASG760101_AdaBoost_42_metrics,0.43290960451977406,0.43290960451977406,0.428753379263072,0.4246175371974049,0.6114727282950967,0.15126760569823205,0.127983283996582,0.01633365154266353
Validation,AdaBoost,Under,fft_FAUJ880111_AdaBoost_42_metrics,0.45615819209039554,0.45615819209039554,0.4520160975538226,0.43735442619575393,0.6029819500674763,0.19127484033069003,0.06338100433349605,0.01622271537780758
Validation,AdaBoost,Under,fft_FAUJ880112_AdaBoost_42_metrics,0.3920338983050847,0.3920338983050847,0.3633686090477784,0.3447402690464034,0.577657726045884,0.09964966799514485,0.06326744556426997,0.01659855842590326
Validation,AdaBoost,Under,fft_GEIM800101_AdaBoost_42_metrics,0.4143502824858757,0.4143502824858757,0.4179161907279424,0.4112849485704249,0.5883526765632029,0.12329252758764668,0.13128418922424312,0.017365312576293902
Validation,AdaBoost,Under,fft_GEIM800105_AdaBoost_42_metrics,0.39776836158192086,0.39776836158192086,0.39399839933955666,0.39264587303535337,0.5899522042285199,0.09795428957473859,0.13083372116088862,0.01728157997131343
Validation,AdaBoost,Under,fft_JOND750101_AdaBoost_42_metrics,0.3890960451977401,0.3890960451977401,0.37698025095964477,0.3791851086860102,0.5780416666666667,0.08440187935488219,0.1328152179718017,0.0175806045532226
Validation,AdaBoost,Under,fft_KLEP840101_AdaBoost_42_metrics,0.4275988700564971,0.4275988700564971,0.4307117089098549,0.4207395419207196,0.6045805780476833,0.14376365783801368,0.07753388881683346,0.016913032531738252
Validation,AdaBoost,Under,fft_ROBB760113_AdaBoost_42_metrics,0.3956497175141243,0.3956497175141243,0.3927044233615606,0.3901248701339742,0.58386212325686,0.09464854812695493,0.12344822883605952,0.01589596271514889
Validation,AdaBoost,Under,fft_ZIMJ680104_AdaBoost_42_metrics,0.4344350282485876,0.4344350282485876,0.4384538420666561,0.43261424766549217,0.6405432411156096,0.15294422852441936,0.12332606315612789,0.01579065322875971
Validation,AdaBoost,Under,frequency_AdaBoost_42_metrics,0.44957627118644067,0.44957627118644067,0.4398008782619631,0.43182157491243267,0.6346163405308143,0.18009739930964214,0.08214299678802485,0.01753611564636226
Validation,AdaBoost,Under,one_hot_AdaBoost_42_metrics,0.6483333333333333,0.6483333333333333,0.6521111640096038,0.6307646552255213,0.837839799820063,0.48540575976757133,0.16539938449859615,0.030577921867370562
Validation,AdaBoost,Under,pc_FASG760101_AdaBoost_42_metrics,0.5657909604519774,0.5657909604519774,0.5720364842807298,0.5528356343030439,0.7525674763832659,0.3592387747835559,0.07237415313720699,0.01676208972930906
Validation,AdaBoost,Under,pc_FAUJ880111_AdaBoost_42_metrics,0.45282485875706213,0.45282485875706213,0.36760511837941845,0.3917530145566986,0.587965530814215,0.19883165561965754,0.05894141197204585,0.016768240928649848
Validation,AdaBoost,Under,pc_FAUJ880112_AdaBoost_42_metrics,0.38361581920903953,0.38361581920903953,0.35163329050920905,0.3535108833352866,0.5668075236167341,0.07849756349101611,0.06286079883575434,0.01709568500518796
Validation,AdaBoost,Under,pc_GEIM800101_AdaBoost_42_metrics,0.5709039548022599,0.5709039548022599,0.5827164829686384,0.5663976938319083,0.7720410481331534,0.36355478314760065,0.07328569889068601,0.017232608795165978
Validation,AdaBoost,Under,pc_GEIM800105_AdaBoost_42_metrics,0.597542372881356,0.597542372881356,0.5990068793863018,0.5916465347534557,0.79867004048583,0.40122501864394033,0.07386863231658933,0.017284917831420853
Validation,AdaBoost,Under,pc_JOND750101_AdaBoost_42_metrics,0.5709322033898305,0.5709322033898305,0.5730711520190755,0.5613753818367607,0.749209008097166,0.3630433658834878,0.07224557399749751,0.01694378852844235
Validation,AdaBoost,Under,pc_KLEP840101_AdaBoost_42_metrics,0.4274011299435029,0.4274011299435029,0.4218687490654685,0.41865643586789175,0.6020608974358974,0.14242851285603791,0.06043887138366695,0.01680867671966549
Validation,AdaBoost,Under,pc_ROBB760113_AdaBoost_42_metrics,0.4830790960451978,0.4830790960451978,0.4866025594852976,0.47457918598485643,0.7131432186234818,0.23061401373542,0.06988930702209468,0.016575837135314887
Validation,GradientBoosting,Original,embedding_protT5_GradientBoosting_42_metrics,0.4013994910941475,0.4013994910941475,0.36314437888890627,0.37526016301402787,0.5136207456529147,-0.061592673029508396,60.859918403625485,0.01079201698303217
Validation,GradientBoosting,Original,fft_FASG760101_GradientBoosting_42_metrics,0.4227272727272727,0.4227272727272727,0.3857056615469053,0.3899481583866045,0.5205354895109822,-0.03640981615239343,2.28848876953125,0.0111777544021606
Validation,GradientBoosting,Original,fft_FAUJ880111_GradientBoosting_42_metrics,0.5111091834374277,0.5111091834374277,0.41377575687777596,0.44355608476658687,0.6096844154201763,0.08589762135610045,0.44790310859680177,0.011786675453186
Validation,GradientBoosting,Original,fft_FAUJ880112_GradientBoosting_42_metrics,0.5110397871848253,0.5110397871848253,0.312198280986347,0.3531291005262493,0.5547212059386908,-0.02069622412495517,0.4054586410522461,0.01956775188446039
Validation,GradientBoosting,Original,fft_GEIM800101_GradientBoosting_42_metrics,0.40824080499653015,0.40824080499653015,0.3733953054715996,0.3804841494316336,0.5125313664572552,-0.059999697386379634,2.3240110635757447,0.011583304405212349
Validation,GradientBoosting,Original,fft_GEIM800105_GradientBoosting_42_metrics,0.40900994679620634,0.40900994679620634,0.36948743083170354,0.3766091573489609,0.5198285380538797,-0.06332838987173997,2.3356862545013426,0.01177117824554438
Validation,GradientBoosting,Original,fft_JOND750101_GradientBoosting_42_metrics,0.4021570668517233,0.4021570668517233,0.35840306792053667,0.36988069466286333,0.4917147712890384,-0.07848156392197911,2.336003851890564,0.011648631095886191
Validation,GradientBoosting,Original,fft_KLEP840101_GradientBoosting_42_metrics,0.4524577839463335,0.4524577839463335,0.39304730588492853,0.41534508038431195,0.5603796688306305,0.011857236995076612,0.7665920972824096,0.01124076843261714
Validation,GradientBoosting,Original,fft_ROBB760113_GradientBoosting_42_metrics,0.3922334027295859,0.3922334027295859,0.3317090233475871,0.34850429416470047,0.47611362626811415,-0.11462017971002643,2.204013133049011,0.01077904701232903
Validation,GradientBoosting,Original,fft_ZIMJ680104_GradientBoosting_42_metrics,0.41060606060606053,0.41060606060606053,0.3765888297369126,0.38576892109911426,0.5405019325524332,-0.04497838544593861,2.1924004316329957,0.01086981296539301
Validation,GradientBoosting,Original,frequency_GradientBoosting_42_metrics,0.4653712699514226,0.4653712699514226,0.4362392569781332,0.4346928599502256,0.5683585996033151,0.03953112263415722,0.8985548257827759,0.01196556091308588
Validation,GradientBoosting,Original,one_hot_GradientBoosting_42_metrics,0.5354036548693036,0.5354036548693036,0.5249980380155568,0.5210777287677149,0.7138741138660605,0.19202727779465403,2.2411938667297364,0.01792347431182856
Validation,GradientBoosting,Original,pc_FASG760101_GradientBoosting_42_metrics,0.5331367106176266,0.5331367106176266,0.5271593490996926,0.5212485756277947,0.7188874587833955,0.208579331013964,0.7126655340194702,0.011636209487914991
Validation,GradientBoosting,Original,pc_FAUJ880111_GradientBoosting_42_metrics,0.5118725422160536,0.5118725422160536,0.41526351740292816,0.44404351363178113,0.6097118872039832,0.08833468086372769,0.2726768255233764,0.01173205375671382
Validation,GradientBoosting,Original,pc_FAUJ880112_GradientBoosting_42_metrics,0.5102822114272495,0.5102822114272495,0.27845498071043856,0.3512932628778159,0.554676305446275,-0.03308344640815948,0.25100083351135255,0.01183698177337642
Validation,GradientBoosting,Original,pc_GEIM800101_GradientBoosting_42_metrics,0.5323791348600508,0.5323791348600508,0.5213083526298588,0.5216417515122678,0.7177619995086953,0.20608823007803415,0.72068350315094,0.011894965171813909
Validation,GradientBoosting,Original,pc_GEIM800105_GradientBoosting_42_metrics,0.5156546379828822,0.5156546379828822,0.5003945550304085,0.5007617054131519,0.7226135683183751,0.17219339609480516,0.7324406623840332,0.01176221370697016
Validation,GradientBoosting,Original,pc_JOND750101_GradientBoosting_42_metrics,0.52705875549387,0.52705875549387,0.5154072097433611,0.5145777072727536,0.7009131552953167,0.19014921231818993,0.7026189565658569,0.01174101829528805
Validation,GradientBoosting,Original,pc_KLEP840101_GradientBoosting_42_metrics,0.48674531575294927,0.48674531575294927,0.4638940689690879,0.45268099020342867,0.59872999686495,0.07556588856267198,0.3213531255722045,0.01141626834869381
Validation,GradientBoosting,Original,pc_ROBB760113_GradientBoosting_42_metrics,0.5247744621790423,0.5247744621790423,0.5096015044578411,0.5087845582814305,0.6904570344433909,0.18314574046183674,0.6900386810302734,0.01158752441406246
Validation,GradientBoosting,Original,pc_ZIMJ680104_GradientBoosting_42_metrics,0.5369361554476058,0.5369361554476058,0.5297290311622465,0.5274665682122418,0.721365017607811,0.21710607079504757,0.7083207845687867,0.011630558967590281
Validation,GradientBoosting,Over,embedding_protT5_GradientBoosting_42_metrics,0.5373587365980874,0.5373587365980874,0.5268727269828308,0.5296038342063663,0.7198542155619443,0.30742674328835917,113.25949649810791,0.011629056930541939
Validation,GradientBoosting,Over,fft_FASG760101_GradientBoosting_42_metrics,0.5275427412344248,0.5275427412344248,0.5142679962386179,0.5169612955846785,0.7013143863535073,0.2936848743771842,4.2232366561889645,0.01187124252319333
Validation,GradientBoosting,Over,fft_FAUJ880111_GradientBoosting_42_metrics,0.4744132135612865,0.4744132135612865,0.47294217227639057,0.4577443369786739,0.6279539004005985,0.21905152901774225,0.6153173923492432,0.01144824028015132
Validation,GradientBoosting,Over,fft_FAUJ880112_GradientBoosting_42_metrics,0.4016830870279146,0.4016830870279146,0.43008008346284876,0.3833675543338629,0.5640914432546993,0.11196290244321852,0.5399370431900025,0.01134395599365228
Validation,GradientBoosting,Over,fft_GEIM800101_GradientBoosting_42_metrics,0.5211218970346759,0.5211218970346759,0.5107872053127104,0.5127703874100297,0.703026568267212,0.28351941707676387,4.244734382629394,0.01224627494812008
Validation,GradientBoosting,Over,fft_GEIM800105_GradientBoosting_42_metrics,0.5206389452332657,0.5206389452332657,0.5041744761607955,0.5087484028596967,0.6991530365601187,0.2829664031733657,4.274449443817138,0.01226141452789302
Validation,GradientBoosting,Over,fft_JOND750101_GradientBoosting_42_metrics,0.5029556650246305,0.5029556650246305,0.49148799969778817,0.4941312804800277,0.6794804360709588,0.25605495080430646,4.26293113231659,0.01216516494750971
Validation,GradientBoosting,Over,fft_KLEP840101_GradientBoosting_42_metrics,0.48278035352071863,0.48278035352071863,0.47103659916490104,0.4664845917489452,0.644573731607884,0.22950901022695436,1.2826035499572754,0.01175181865692136
Validation,GradientBoosting,Over,fft_ROBB760113_GradientBoosting_42_metrics,0.49752728677677965,0.49752728677677965,0.4820586429138583,0.48595423580300434,0.6819793728875805,0.2483277400592158,4.020916557312011,0.0114327430725097
Validation,GradientBoosting,Over,fft_ZIMJ680104_GradientBoosting_42_metrics,0.5442456292861972,0.5442456292861972,0.5309425882121648,0.5343502168069266,0.7192500436749993,0.3183502792034578,4.15657606124878,0.0117723703384399
Validation,GradientBoosting,Over,frequency_GradientBoosting_42_metrics,0.5525693035835024,0.5525693035835024,0.5394677904706185,0.540648961205522,0.7323574704651803,0.3322070649497929,1.6876296281814576,0.012527632713317841
Validation,GradientBoosting,Over,one_hot_GradientBoosting_42_metrics,0.6410895392639815,0.6410895392639815,0.6301769822577693,0.6201587085192898,0.8056077603300938,0.4731008308066775,3.2606289863586424,0.01898453235626216
Validation,GradientBoosting,Over,pc_FASG760101_GradientBoosting_42_metrics,0.6597556263884864,0.6597556263884864,0.657915539356439,0.6475416249898728,0.8348370755156678,0.49751023320020804,1.4897109746932984,0.01208364963531489
Validation,GradientBoosting,Over,pc_FAUJ880111_GradientBoosting_42_metrics,0.4724475997295469,0.4724475997295469,0.47020473051817263,0.4544207239364457,0.6273097021301286,0.21639483878594468,0.33293321132659914,0.01154363155364985
Validation,GradientBoosting,Over,pc_FAUJ880112_GradientBoosting_42_metrics,0.4031536752632087,0.4031536752632087,0.43144405159572824,0.38300696688208685,0.5636710056343938,0.11475087423265391,0.29859750270843505,0.01130602359771723
Validation,GradientBoosting,Over,pc_GEIM800101_GradientBoosting_42_metrics,0.6223968897903989,0.6223968897903989,0.614446229538575,0.614730786762245,0.8237051510357988,0.4362985090477374,1.4910008907318115,0.01242804527282709
Validation,GradientBoosting,Over,pc_GEIM800105_GradientBoosting_42_metrics,0.6268110692552884,0.6268110692552884,0.6188635620494293,0.6149678744985032,0.8318215539150333,0.44590412348298525,1.5221036911010741,0.01236131191253657
Validation,GradientBoosting,Over,pc_JOND750101_GradientBoosting_42_metrics,0.6400994880710905,0.6400994880710905,0.6316259326984409,0.6275816896633539,0.8191518410765601,0.46613027749896174,1.4394099473953248,0.01223697662353511
Validation,GradientBoosting,Over,pc_KLEP840101_GradientBoosting_42_metrics,0.5442190669371196,0.5442190669371196,0.534211397337491,0.5221493255002945,0.7016306634838112,0.3275471024381862,0.43025166988372804,0.01183497905731196
Validation,GradientBoosting,Over,pc_ROBB760113_GradientBoosting_42_metrics,0.6268352168453588,0.6268352168453588,0.6193263666180178,0.6163187817598171,0.8036403426765952,0.4450507530800116,1.4448928356170654,0.01214332580566401
Validation,GradientBoosting,Over,pc_ZIMJ680104_GradientBoosting_42_metrics,0.6656355645706558,0.6656355645706558,0.6599306706275643,0.6495253107004773,0.8297533753282798,0.5082283725834922,1.4836966514587402,0.01217181682586664
Validation,GradientBoosting,Under,embedding_protT5_GradientBoosting_42_metrics,0.3518079096045198,0.3518079096045198,0.3427531316180232,0.3441535342982489,0.528243477282951,0.02866580577574316,31.468587374687196,0.01006827354431148
Validation,GradientBoosting,Under,fft_FASG760101_GradientBoosting_42_metrics,0.3502542372881356,0.3502542372881356,0.34674080476384433,0.34601930298377154,0.5439692420152946,0.025944020707926552,1.3353495597839355,0.010550308227539
Validation,GradientBoosting,Under,fft_FAUJ880111_GradientBoosting_42_metrics,0.4628531073446328,0.4628531073446328,0.4587085406823207,0.4439484406915907,0.6141578947368421,0.2013217871951006,0.3278596639633179,0.01054353713989253
Validation,GradientBoosting,Under,fft_FAUJ880112_GradientBoosting_42_metrics,0.3753954802259887,0.3753954802259887,0.3612416629268286,0.35020966787488433,0.5690458839406208,0.061109287391199404,0.2838348865509033,0.01044256687164301
Validation,GradientBoosting,Under,fft_GEIM800101_GradientBoosting_42_metrics,0.3316949152542373,0.3316949152542373,0.3295761868631258,0.32815197291209275,0.518007085020243,-0.0022156090320068684,1.364806628227234,0.01104373931884759
Validation,GradientBoosting,Under,fft_GEIM800105_GradientBoosting_42_metrics,0.3452542372881356,0.3452542372881356,0.341411748247357,0.3401803038963599,0.5481005960413855,0.018504060484325787,1.3707319736480712,0.01111683845520014
Validation,GradientBoosting,Under,fft_JOND750101_GradientBoosting_42_metrics,0.31658192090395476,0.31658192090395476,0.3111122708378853,0.3113591284431927,0.4959577710301394,-0.02498426286834015,1.3691338777542115,0.01111774444580075
Validation,GradientBoosting,Under,fft_KLEP840101_GradientBoosting_42_metrics,0.4226553672316384,0.4226553672316384,0.4189915332849631,0.4131709686792269,0.5758966486729644,0.13666035655538175,0.5214114427566529,0.01081151962280269
Validation,GradientBoosting,Under,fft_ROBB760113_GradientBoosting_42_metrics,0.30451977401129937,0.30451977401129937,0.3016452575335423,0.301117899775626,0.48386251686909587,-0.043634376289180474,1.2855718374252318,0.01001839637756342
Validation,GradientBoosting,Under,fft_ZIMJ680104_GradientBoosting_42_metrics,0.3535593220338983,0.3535593220338983,0.35212160875228765,0.3509870388745781,0.5621148785425101,0.03087362396772104,1.3101802825927735,0.01041121482849116
Validation,GradientBoosting,Under,frequency_GradientBoosting_42_metrics,0.3887853107344633,0.3887853107344633,0.382665160269577,0.383054576554617,0.5838260796221323,0.08404322812062168,0.5759671688079834,0.011337399482727011
Validation,GradientBoosting,Under,one_hot_GradientBoosting_42_metrics,0.555677966101695,0.555677966101695,0.5479333694897941,0.5488193409561782,0.7979082883490778,0.3354847513979363,1.16453115940094,0.01675488948822017
Validation,GradientBoosting,Under,pc_FASG760101_GradientBoosting_42_metrics,0.5253954802259887,0.5253954802259887,0.5206029504722327,0.5194877733325723,0.7582163180386864,0.2902865954382263,0.4621541976928711,0.0108134508132934
Validation,GradientBoosting,Under,pc_FAUJ880111_GradientBoosting_42_metrics,0.45949152542372884,0.45949152542372884,0.4546038369644124,0.44023074855303956,0.6114718848403059,0.19606257249013198,0.21580293178558346,0.01057894229888911
Validation,GradientBoosting,Under,pc_FAUJ880112_GradientBoosting_42_metrics,0.38706214689265533,0.38706214689265533,0.37144822107767594,0.36354355971986946,0.5687446018893387,0.07822945805929529,0.19768335819244381,0.010824871063232381
Validation,GradientBoosting,Under,pc_GEIM800101_GradientBoosting_42_metrics,0.527090395480226,0.527090395480226,0.5227438728610938,0.5201410257937724,0.7639590643274854,0.2935379950020648,0.4618003606796265,0.01111621856689449
Validation,GradientBoosting,Under,pc_GEIM800105_GradientBoosting_42_metrics,0.5269491525423728,0.5269491525423728,0.5174275694254573,0.5176577688097156,0.7768019005847953,0.2932943193579116,0.4726707458496094,0.01118636131286617
Validation,GradientBoosting,Under,pc_JOND750101_GradientBoosting_42_metrics,0.5285593220338983,0.5285593220338983,0.5242223756314744,0.5232663208417037,0.747769849302744,0.2947125351344441,0.45321152210235593,0.01098337173461909
Validation,GradientBoosting,Under,pc_KLEP840101_GradientBoosting_42_metrics,0.45118644067796615,0.45118644067796615,0.44684139322720845,0.4430678327232613,0.5977864372469636,0.17917241037722242,0.24394109249114987,0.01056609153747555
Validation,GradientBoosting,Under,pc_ROBB760113_GradientBoosting_42_metrics,0.49675141242937854,0.49675141242937854,0.4869858127302374,0.487892348995965,0.7048322087269456,0.24752074686855924,0.45057504177093505,0.01080524921417232
Validation,GradientBoosting,Under,pc_ZIMJ680104_GradientBoosting_42_metrics,0.5421751412429379,0.5421751412429379,0.5344814615277728,0.5341530199359956,0.7677826698155645,0.31619980058405905,0.46636276245117186,0.010878992080688429
Validation,KNN,Original,embedding_protT5_KNN_42_metrics,0.46836687485542444,0.46836687485542444,0.43564184900078595,0.4255928626419531,0.5480100091535319,0.023782447493049853,0.00619919300079341,0.01580603122711175
Validation,KNN,Original,fft_FASG760101_KNN_42_metrics,0.4813381910710155,0.4813381910710155,0.45095443300800203,0.43779848174130304,0.5416318790082569,0.04627070957646999,0.00148167610168452,0.014048004150390581
Validation,KNN,Original,fft_FAUJ880111_KNN_42_metrics,0.41131737219523473,0.41131737219523473,0.40981505643840477,0.39943984446936953,0.5264270428168737,0.014506421997109501,0.00158782005310053,0.014595079421997031
Validation,KNN,Original,fft_FAUJ880112_KNN_42_metrics,0.5049271339347675,0.5049271339347675,0.31997854734871245,0.37518473932398366,0.5237895808418334,-0.0072867886245397695,0.0016485214233398,0.01504204273223872
Validation,KNN,Original,fft_GEIM800101_KNN_42_metrics,0.4478429331482766,0.4478429331482766,0.421759970861472,0.4097448181010151,0.5507443487555261,-0.01669952883243123,0.0015878915786742699,0.015134644508361769
Validation,KNN,Original,fft_GEIM800105_KNN_42_metrics,0.47373930141105713,0.47373930141105713,0.4421319802679774,0.42304150128202683,0.532119980388152,0.01621820412611126,0.00151677131652829,0.014610624313354439
Validation,KNN,Original,fft_JOND750101_KNN_42_metrics,0.46229470275271795,0.46229470275271795,0.43403723933598987,0.41975794809328687,0.5314921185382833,0.0073163967949287975,0.0016275405883788598,0.01468579769134517
Validation,KNN,Original,fft_KLEP840101_KNN_42_metrics,0.48143071940781856,0.48143071940781856,0.45718087502209653,0.4539743551793539,0.5420186139584361,0.07602810277149359,0.00155792236328121,0.01433384418487543
Validation,KNN,Original,fft_ROBB760113_KNN_42_metrics,0.44782558408512607,0.44782558408512607,0.40261011787792694,0.39946671489708907,0.4949117912664997,-0.026275718768994406,0.0014196395874023,0.0139203548431396
Validation,KNN,Original,fft_ZIMJ680104_KNN_42_metrics,0.4630869766365949,0.4630869766365949,0.43261955862157925,0.42606707838609303,0.5601253958546779,0.018185457758621078,0.00141837596893305,0.01384587287902827
Validation,KNN,Original,frequency_KNN_42_metrics,0.4524173027989821,0.4524173027989821,0.4199234424388698,0.41540538016151995,0.5629779759440907,0.0015264393026585906,0.00187630653381343,0.0153810024261474
Validation,KNN,Original,one_hot_KNN_42_metrics,0.47527180198935925,0.47527180198935925,0.47113354737468793,0.4503745731438201,0.6099003782873151,0.05432713302994122,0.051232051849365176,0.3588534832000732
Validation,KNN,Original,pc_FASG760101_KNN_42_metrics,0.49204256303492944,0.49204256303492944,0.46109299556500033,0.4463069959353264,0.5486395038894211,0.06411093219672913,0.0017742156982421399,0.01443068981170649
Validation,KNN,Original,pc_FAUJ880111_KNN_42_metrics,0.41131737219523473,0.41131737219523473,0.40981505643840477,0.39943984446936953,0.5263370015757168,0.014506421997109501,0.00181035995483396,0.014570188522338809
Validation,KNN,Original,pc_FAUJ880112_KNN_42_metrics,0.5049271339347675,0.5049271339347675,0.31997854734871245,0.37518473932398366,0.5242446109943902,-0.0072867886245397695,0.00195896625518795,0.015507698059081981
Validation,KNN,Original,pc_GEIM800101_KNN_42_metrics,0.46685750636132317,0.46685750636132317,0.4543353310144826,0.4293945363949419,0.5611423173378924,0.018083702235986578,0.00254633426666254,0.020648241043090782
Validation,KNN,Original,pc_GEIM800105_KNN_42_metrics,0.47527180198935925,0.47527180198935925,0.44873643103502464,0.42560150183733325,0.5522442639568033,0.01951399509557685,0.00184302330017083,0.01490170955657954
Validation,KNN,Original,pc_JOND750101_KNN_42_metrics,0.47067430025445295,0.47067430025445295,0.45939821195160785,0.4237910601820235,0.5392849287695608,0.011689040510976158,0.00194418430328364,0.01479644775390621
Validation,KNN,Original,pc_KLEP840101_KNN_42_metrics,0.485235947258848,0.485235947258848,0.4545547900579831,0.4511631447043543,0.5766503527901531,0.0728733482675981,0.0018542051315307202,0.01462116241455073
Validation,KNN,Original,pc_ROBB760113_KNN_42_metrics,0.4623583159842702,0.4623583159842702,0.4399220053961345,0.4258767366932633,0.5540152379391763,0.014439954634098811,0.00178337097167964,0.01441609859466549
Validation,KNN,Over,embedding_protT5_KNN_42_metrics,0.5206824108953926,0.5206824108953926,0.5191387410912776,0.5003245412639494,0.706384165334101,0.2902953000298848,0.00905742645263667,0.022362565994262628
Validation,KNN,Over,fft_FASG760101_KNN_42_metrics,0.5324471167777456,0.5324471167777456,0.5301934510892669,0.5268019824587287,0.7065235999612345,0.3010744346815859,0.00191664695739741,0.01944911479949947
Validation,KNN,Over,fft_FAUJ880111_KNN_42_metrics,0.3372766347918478,0.3372766347918478,0.346231112010432,0.3268728069182859,0.5316570523886399,0.005975907300876942,0.00165040493011469,0.01681168079376216
Validation,KNN,Over,fft_FAUJ880112_KNN_42_metrics,0.3058002511349367,0.3058002511349367,0.27559001451143045,0.2357146595602692,0.4871757908362838,-0.056961473631642154,0.0016773939132689898,0.01669192314147947
Validation,KNN,Over,fft_GEIM800101_KNN_42_metrics,0.5546242634985028,0.5546242634985028,0.5503309842136963,0.5456498105382457,0.7173614625832774,0.3359276126553555,0.0016965389251708599,0.01767194271087642
Validation,KNN,Over,fft_GEIM800105_KNN_42_metrics,0.548674297305129,0.548674297305129,0.5404052956176846,0.5395733777393544,0.7121061282160899,0.3258893950781422,0.00178732872009272,0.0185285329818725
Validation,KNN,Over,fft_JOND750101_KNN_42_metrics,0.5275306674393896,0.5275306674393896,0.521732978467765,0.5179892453119971,0.7043628841726266,0.2948788321507626,0.00234944820404048,0.02413702011108394
Validation,KNN,Over,fft_KLEP840101_KNN_42_metrics,0.43018690234714574,0.43018690234714574,0.4253694780613014,0.42382692481896556,0.6041441088881493,0.14663969629433873,0.00212578773498531,0.02147023677825923
Validation,KNN,Over,fft_ROBB760113_KNN_42_metrics,0.5285086448372452,0.5285086448372452,0.5228031363882033,0.5219924455166363,0.6964136425714564,0.2947078398506877,0.00155308246612544,0.016532063484191832
Validation,KNN,Over,fft_ZIMJ680104_KNN_42_metrics,0.5418018931710615,0.5418018931710615,0.5371442792468135,0.5331087790022682,0.7136827510611112,0.3162007971221234,0.0017705678939819,0.01899151802062984
Validation,KNN,Over,frequency_KNN_42_metrics,0.521643484980199,0.521643484980199,0.5166586359604459,0.5143337526757304,0.7101077855946463,0.28520484706859933,0.00269286632537836,0.02421131134033198
Validation,KNN,Over,one_hot_KNN_42_metrics,0.5497053994011398,0.5497053994011398,0.558228069580395,0.5224396941553627,0.729536411201394,0.340437011624816,0.028596711158752404,0.39334263801574704
Validation,KNN,Over,pc_FASG760101_KNN_42_metrics,0.5447889500627837,0.5447889500627837,0.5384054709551732,0.5345495593169938,0.7136539566441151,0.32123995269742345,0.00208637714385983,0.01731340885162348
Validation,KNN,Over,pc_FAUJ880111_KNN_42_metrics,0.33825944170771755,0.33825944170771755,0.3477192547712655,0.32795836776403997,0.5322273536361509,0.007554483009194571,0.00194973945617672,0.01698248386383051
Validation,KNN,Over,pc_FAUJ880112_KNN_42_metrics,0.30629286197237515,0.30629286197237515,0.2766404302483407,0.23647576768270345,0.487313566331485,-0.055825022253740794,0.0019989490509032598,0.01708886623382563
Validation,KNN,Over,pc_GEIM800101_KNN_42_metrics,0.5491886409736308,0.5491886409736308,0.5437248307494826,0.5402849334435954,0.7200703623765703,0.3273169731779679,0.00205929279327389,0.0172580480575561
Validation,KNN,Over,pc_GEIM800105_KNN_42_metrics,0.5585506616439679,0.5585506616439679,0.5523917945400143,0.5505643028052354,0.718434683042241,0.3407596615792706,0.0020424365997314,0.01774115562438962
Validation,KNN,Over,pc_JOND750101_KNN_42_metrics,0.5477035641842944,0.5477035641842944,0.5411337883882239,0.5398142834135866,0.7239778507979135,0.3242431676463534,0.00273778438568111,0.02408177852630611
Validation,KNN,Over,pc_KLEP840101_KNN_42_metrics,0.49603738046942913,0.49603738046942913,0.4933280825185985,0.4927714514694048,0.6603117727475017,0.2450033716189426,0.00242094993591303,0.01962945461273187
Validation,KNN,Over,pc_ROBB760113_KNN_42_metrics,0.556570559258186,0.556570559258186,0.5531167640793113,0.5494063046299038,0.7204758319449784,0.3381080930665265,0.00273871421813958,0.02388749122619625
Validation,KNN,Under,embedding_protT5_KNN_42_metrics,0.37884180790960453,0.37884180790960453,0.3695146317723408,0.3664251892844674,0.5972506466486729,0.07034652570220513,0.00397365093231196,0.01196782588958736
Validation,KNN,Under,fft_FASG760101_KNN_42_metrics,0.4073446327683616,0.4073446327683616,0.41022307375455025,0.40588190774217364,0.6092330184435448,0.11165214099537217,0.00148906707763668,0.01207325458526607
Validation,KNN,Under,fft_FAUJ880111_KNN_42_metrics,0.34683615819209035,0.34683615819209035,0.3266807659712349,0.30779563800989335,0.5658116565452092,0.02448426607088523,0.00136451721191402,0.01157259941101069
Validation,KNN,Under,fft_FAUJ880112_KNN_42_metrics,0.3888135593220339,0.3888135593220339,0.4131462873192788,0.3335737990857877,0.5533704734592892,0.10109665919991104,0.00141267776489252,0.01179800033569331
Validation,KNN,Under,fft_GEIM800101_KNN_42_metrics,0.3468361581920904,0.3468361581920904,0.34552077622518695,0.34009981304871884,0.5742301788124157,0.02105225864970634,0.00140588283538813,0.01197690963745111
Validation,KNN,Under,fft_GEIM800105_KNN_42_metrics,0.36536723163841806,0.36536723163841806,0.374958743983402,0.3663644566947505,0.6003072143499775,0.04860765098849891,0.00138521194458003,0.01194133758544917
Validation,KNN,Under,fft_JOND750101_KNN_42_metrics,0.3823728813559322,0.3823728813559322,0.38507608930818626,0.37828370467153855,0.5823471659919028,0.07499393934143901,0.00139813423156733,0.01186528205871577
Validation,KNN,Under,fft_KLEP840101_KNN_42_metrics,0.4239830508474577,0.4239830508474577,0.4147144890198245,0.40100008018852246,0.5908887764282501,0.14193623374156417,0.00136129856109614,0.01159205436706536
Validation,KNN,Under,fft_ROBB760113_KNN_42_metrics,0.3601412429378531,0.3601412429378531,0.36155037815510416,0.3516205506839913,0.5588736504723346,0.04101372114245162,0.00129749774932856,0.01132102012634275
Validation,KNN,Under,fft_ZIMJ680104_KNN_42_metrics,0.409180790960452,0.409180790960452,0.4154583624034327,0.40475726666703193,0.6269637314439946,0.11579107635094292,0.0013060331344604,0.011521363258361759
Validation,KNN,Under,frequency_KNN_42_metrics,0.4075706214689266,0.4075706214689266,0.4076112104493054,0.40113147841517255,0.6041172402159244,0.11386269893021053,0.0017829418182372498,0.01351664066314692
Validation,KNN,Under,one_hot_KNN_42_metrics,0.4462994350282486,0.4462994350282486,0.46371044504213643,0.44381769378063335,0.6657994264507422,0.17348876892634324,0.03016684055328363,0.48245015144348147
Validation,KNN,Under,pc_FASG760101_KNN_42_metrics,0.4040677966101695,0.4040677966101695,0.4111406592852746,0.3981222625940378,0.6088003823661718,0.10898305412912712,0.00154883861541743,0.01179785728454583
Validation,KNN,Under,pc_FAUJ880111_KNN_42_metrics,0.34683615819209035,0.34683615819209035,0.3266807659712349,0.30779563800989335,0.566338422177238,0.02448426607088523,0.0015336990356445,0.0119284868240356
Validation,KNN,Under,pc_FAUJ880112_KNN_42_metrics,0.3871186440677966,0.3871186440677966,0.41139121794329175,0.331607863207542,0.5518764901034638,0.09832068693458648,0.00155045986175533,0.011931300163269
Validation,KNN,Under,pc_GEIM800101_KNN_42_metrics,0.3535593220338983,0.3535593220338983,0.35994045787017115,0.34795270785761157,0.604609649122807,0.031596535624333136,0.00222918987274165,0.016575002670288042
Validation,KNN,Under,pc_GEIM800105_KNN_42_metrics,0.3735875706214689,0.3735875706214689,0.38930284764202805,0.3717626125122654,0.6077141812865496,0.06281515732102383,0.0015775918960570698,0.01197328567504878
Validation,KNN,Under,pc_JOND750101_KNN_42_metrics,0.3553672316384181,0.3553672316384181,0.37554170863613645,0.34756697169869055,0.5743592273954116,0.03559141200901537,0.0015543937683105001,0.011866974830627399
Validation,KNN,Under,pc_KLEP840101_KNN_42_metrics,0.4376271186440678,0.4376271186440678,0.43519715506924317,0.4272768161360845,0.6209354194781826,0.15997227624949847,0.00165266990661617,0.01197812557220454
Validation,KNN,Under,pc_ROBB760113_KNN_42_metrics,0.40559322033898304,0.40559322033898304,0.4309200864979189,0.4044490537269261,0.6171622525865947,0.11146281427840883,0.00155208110809321,0.01178097724914547
Validation,LGBM,Original,embedding_protT5_LGBM_42_metrics,0.38315405968077726,0.38315405968077726,0.3613804914809418,0.37005258630844573,0.49038821315479425,-0.057682690622779274,2.8318879127502443,0.00824110507965083
Validation,LGBM,Original,fft_FASG760101_LGBM_42_metrics,0.37242077261161227,0.37242077261161227,0.35329959778923303,0.35972234866596386,0.48913444262237427,-0.07763252062941559,0.37941493988037106,0.014531326293945278
Validation,LGBM,Original,fft_FAUJ880111_LGBM_42_metrics,0.5118725422160536,0.5118725422160536,0.41526351740292816,0.44404351363178113,0.6097180796949045,0.08833468086372769,0.6138275623321533,0.02907192707061762
Validation,LGBM,Original,fft_FAUJ880112_LGBM_42_metrics,0.5110397871848253,0.5110397871848253,0.3119908950235909,0.3529507760328165,0.5549636878496809,-0.02366183718475351,0.5554408550262451,0.01802418231964108
Validation,LGBM,Original,fft_GEIM800101_LGBM_42_metrics,0.38232708767059914,0.38232708767059914,0.3656713617442901,0.37137514517724296,0.501488400626822,-0.057958220308649555,0.375704026222229,0.01426620483398432
Validation,LGBM,Original,fft_GEIM800105_LGBM_42_metrics,0.38086398334489935,0.38086398334489935,0.3560835801883263,0.3643798780509661,0.5016961679186211,-0.06514266047049673,1.3555096626281737,0.021507358551025348
Validation,LGBM,Original,fft_JOND750101_LGBM_42_metrics,0.3625665047420773,0.3625665047420773,0.34200292126554127,0.34929533814865266,0.47231505671892265,-0.09176078753792138,1.7561613082885743,0.01879999637603755
Validation,LGBM,Original,fft_KLEP840101_LGBM_42_metrics,0.45093106638908165,0.45093106638908165,0.3957498236674716,0.41704329233724124,0.5608179912523846,0.015528787918733938,0.3158528327941894,0.0133445024490356
Validation,LGBM,Original,fft_ROBB760113_LGBM_42_metrics,0.3511508211889891,0.3511508211889891,0.31852473677632015,0.3312857696231234,0.4616929292775337,-0.13151311348359068,1.9932652711868286,0.01926558017730708
Validation,LGBM,Original,fft_ZIMJ680104_LGBM_42_metrics,0.39455817719176495,0.39455817719176495,0.37471910397506997,0.3818555811512284,0.5078228829980793,-0.03539267763031488,1.6355991125106812,0.01639821529388422
Validation,LGBM,Original,pc_FASG760101_LGBM_42_metrics,0.48135554013416604,0.48135554013416604,0.47726731271729783,0.4744026527853218,0.6749826133764751,0.1327628060533684,0.3372728586196899,0.014182162284851049
Validation,LGBM,Original,pc_FAUJ880111_LGBM_42_metrics,0.5133934767522554,0.5133934767522554,0.41670312882831784,0.44505529451437076,0.6084775463249266,0.09161467352583941,1.147307324409485,0.0252738237380981
Validation,LGBM,Original,pc_GEIM800101_LGBM_42_metrics,0.4729643765903308,0.4729643765903308,0.47691787051722373,0.4724440580227739,0.6821966943059191,0.13002058151987694,0.3466095924377441,0.01488382816314692
Validation,LGBM,Original,pc_GEIM800105_LGBM_42_metrics,0.4752486699051584,0.4752486699051584,0.46864387839258015,0.46827116733041346,0.6851134954529498,0.12366787109259765,2.26974937915802,0.02047805786132807
Validation,LGBM,Original,pc_JOND750101_LGBM_42_metrics,0.4676439972241499,0.4676439972241499,0.46552072908929965,0.46302703716989546,0.6581593722598984,0.11083679604399806,2.1556777477264406,0.01783370971679683
Validation,LGBM,Original,pc_KLEP840101_LGBM_42_metrics,0.4760756419153365,0.4760756419153365,0.4539350536190101,0.45267568064172287,0.6062709902089731,0.07647520310436151,0.3206047534942627,0.015113878250122021
Validation,LGBM,Original,pc_ROBB760113_LGBM_42_metrics,0.4653654869303724,0.4653654869303724,0.4567222347929924,0.4565156569396379,0.6270441312028556,0.09554547014753037,1.7936278343200684,0.030149078369140568
Validation,LGBM,Over,embedding_protT5_LGBM_42_metrics,0.530479088186999,0.530479088186999,0.524083046771583,0.5247207533454556,0.7047860805704912,0.29711754913591554,3.094055008888245,0.00912666320800775
Validation,LGBM,Over,fft_FASG760101_LGBM_42_metrics,0.5064160146817348,0.5064160146817348,0.5019722347765215,0.5013471009383166,0.6875960304048131,0.26120458299242666,0.23393437862396235,0.01462609767913813
Validation,LGBM,Over,fft_FAUJ880111_LGBM_42_metrics,0.474905824398725,0.474905824398725,0.47328097267095437,0.4574804988121463,0.6292138615681047,0.22007137200500243,0.6602861404418945,0.02178559303283687
Validation,LGBM,Over,fft_FAUJ880112_LGBM_42_metrics,0.4031536752632087,0.4031536752632087,0.43161343163977517,0.38274406226734536,0.5633010425254223,0.114934114954291,0.6393482923507691,0.01972193717956538
Validation,LGBM,Over,fft_GEIM800101_LGBM_42_metrics,0.5137617115811842,0.5137617115811842,0.5083203566207106,0.5083774494696428,0.6966182599433947,0.27211013740013945,0.23830142021179196,0.0142123937606811
Validation,LGBM,Over,fft_GEIM800105_LGBM_42_metrics,0.5088428474838211,0.5088428474838211,0.5023369709550611,0.5038818371486818,0.6881414438763507,0.2641791110322563,1.8559123992919921,0.02002890110015865
Validation,LGBM,Over,fft_JOND750101_LGBM_42_metrics,0.4896720757268424,0.4896720757268424,0.48333336966858986,0.4842120247057823,0.6763946682549065,0.23567513737966378,1.9972099304199218,0.02624068260192865
Validation,LGBM,Over,fft_KLEP840101_LGBM_42_metrics,0.4867164107022119,0.4867164107022119,0.47574883783741495,0.4710908629165382,0.6524054025814794,0.23546540323237797,0.20869255065917963,0.013186073303222601
Validation,LGBM,Over,fft_ROBB760113_LGBM_42_metrics,0.4916594223896455,0.4916594223896455,0.48692234337618157,0.48706835382438757,0.6775851032865915,0.23873395555884597,2.168448495864868,0.01676087379455562
Validation,LGBM,Over,fft_ZIMJ680104_LGBM_42_metrics,0.5137834444122477,0.5137834444122477,0.5069648141978318,0.5080450247045059,0.6986587339956631,0.27194703020723787,1.8222060203552246,0.02221388816833492
Validation,LGBM,Over,pc_FASG760101_LGBM_42_metrics,0.596360958176374,0.596360958176374,0.5921703988040126,0.5920787790552251,0.7989083940001389,0.39608888338032033,0.2971011161804199,0.014097571372985802
Validation,LGBM,Over,pc_FAUJ880111_LGBM_42_metrics,0.47048681541582144,0.47048681541582144,0.4689844325581409,0.45341548465372633,0.6211409312530007,0.21301922387281605,1.0947501182556152,0.031903290748596144
Validation,LGBM,Over,pc_GEIM800101_LGBM_42_metrics,0.5825702694871052,0.5825702694871052,0.57724130818341,0.5772692135016794,0.7887037750342227,0.37564745704688257,0.2971298694610595,0.01450288295745844
Validation,LGBM,Over,pc_GEIM800105_LGBM_42_metrics,0.5953757365014971,0.5953757365014971,0.5898045529504814,0.589808038295615,0.802374761939374,0.3950463610634118,2.727565622329712,0.01846625804901118
Validation,LGBM,Over,pc_JOND750101_LGBM_42_metrics,0.5801289481309765,0.5801289481309765,0.575024065114059,0.5748798459355526,0.7868186401231061,0.372050396947802,2.9009107112884522,0.01872494220733637
Validation,LGBM,Over,pc_KLEP840101_LGBM_42_metrics,0.5456944846904279,0.5456944846904279,0.5368884558405492,0.5213462938567444,0.7137324228052356,0.33132957266088814,0.18321411609649652,0.013766288757324168
Validation,LGBM,Over,pc_ROBB760113_LGBM_42_metrics,0.5899908239157732,0.5899908239157732,0.5863583006113033,0.5854808306800454,0.7762351445228044,0.3869330462729648,2.7930073022842405,0.02497520446777339
Validation,LGBM,Under,embedding_protT5_LGBM_42_metrics,0.33502824858757063,0.33502824858757063,0.3313170499452637,0.32886721782767153,0.5079779577147998,0.0031945707125220096,1.5918898105621337,0.007858610153198189
Validation,LGBM,Under,fft_FASG760101_LGBM_42_metrics,0.3367231638418079,0.3367231638418079,0.33527502779376106,0.33371444095592573,0.5089257759784076,0.0058925806843726685,0.12555527687072748,0.01293389797210688
Validation,LGBM,Under,fft_FAUJ880111_LGBM_42_metrics,0.4611581920903955,0.4611581920903955,0.45564473710106873,0.44167751320523296,0.6141458052181736,0.19859827597437935,0.6021335363388062,0.01453464031219478
Validation,LGBM,Under,fft_FAUJ880112_LGBM_42_metrics,0.3853672316384181,0.3853672316384181,0.3703950394718323,0.36190227654604107,0.5700204678362573,0.07561684826959356,0.546899390220642,0.014340209960937461
Validation,LGBM,Under,fft_GEIM800101_LGBM_42_metrics,0.33347457627118643,0.33347457627118643,0.3337049805247795,0.32954959339542467,0.5045757984705354,0.00021089545715551015,0.13309972286224364,0.01305792331695552
Validation,LGBM,Under,fft_GEIM800105_LGBM_42_metrics,0.35197740112994347,0.35197740112994347,0.35340659883369907,0.35057200056199206,0.5379155420602789,0.028447430340089307,1.066496443748474,0.02376308441162104
Validation,LGBM,Under,fft_JOND750101_LGBM_42_metrics,0.32166666666666666,0.32166666666666666,0.31947620405413146,0.31755337026274033,0.49741756635177686,-0.017494355794560067,1.0746156692504882,0.02031526565551753
Validation,LGBM,Under,fft_KLEP840101_LGBM_42_metrics,0.4225988700564972,0.4225988700564972,0.41909088748388984,0.414040140137158,0.5756031826360773,0.13601026064873528,0.09732472896575924,0.01239757537841792
Validation,LGBM,Under,fft_ROBB760113_LGBM_42_metrics,0.2860734463276836,0.2860734463276836,0.2833292432264777,0.28297448985836815,0.4768170827710301,-0.07150510341066933,1.2148542404174805,0.02798690795898433
Validation,LGBM,Under,fft_ZIMJ680104_LGBM_42_metrics,0.33677966101694917,0.33677966101694917,0.33930496190032333,0.33525871699482335,0.5431223571749888,0.005476396413386392,0.7875688076019287,0.021515059471130322
Validation,LGBM,Under,pc_FASG760101_LGBM_42_metrics,0.4730508474576271,0.4730508474576271,0.47053891107399914,0.46930829865212875,0.7021521592442646,0.21114471102098692,0.11653985977172845,0.01339230537414544
Validation,LGBM,Under,pc_FAUJ880111_LGBM_42_metrics,0.4611581920903955,0.4611581920903955,0.4580050352358017,0.4400944590900894,0.6014175101214575,0.19932305947625564,0.9497782945632934,0.02381699085235591
Validation,LGBM,Under,pc_GEIM800101_LGBM_42_metrics,0.47483050847457625,0.47483050847457625,0.47082246230412717,0.4695267288285668,0.7100187246963563,0.21446243884542912,0.12620820999145504,0.013091039657592729
Validation,LGBM,Under,pc_GEIM800105_LGBM_42_metrics,0.47813559322033894,0.47813559322033894,0.475442512640039,0.473087523393772,0.7229869545659019,0.2196379787707386,1.5575126886367798,0.01726756095886226
Validation,LGBM,Under,pc_JOND750101_LGBM_42_metrics,0.4881920903954803,0.4881920903954803,0.4886252743193819,0.48502403428766494,0.7083570062977957,0.23448311095408764,1.4231714248657226,0.017098259925842248
Validation,LGBM,Under,pc_KLEP840101_LGBM_42_metrics,0.44443502824858755,0.44443502824858755,0.43859137323481967,0.4335438123092087,0.6341815677013045,0.16994936966353466,0.08893053531646725,0.012743282318115159
Validation,LGBM,Under,pc_ROBB760113_LGBM_42_metrics,0.41762711864406776,0.41762711864406776,0.41946675309817516,0.41431975460231946,0.6269702541610436,0.12862623736384288,1.2163368940353394,0.017586016654968208
Validation,LogisticRegression,Original,embedding_protT5_LogisticRegression_42_metrics,0.43493523016423774,0.43493523016423774,0.40430691944707686,0.41254141992458226,0.5591287076032508,0.00797437637108214,0.06148493289947506,0.01453051567077632
Validation,LogisticRegression,Original,fft_FASG760101_LogisticRegression_42_metrics,0.5285507749248207,0.5285507749248207,0.49809108106871874,0.4744184039017452,0.6081685595651086,0.12952273276724077,0.025322222709655718,0.008867621421813911
Validation,LogisticRegression,Original,fft_FAUJ880111_LogisticRegression_42_metrics,0.5118725422160536,0.5118725422160536,0.41526351740292816,0.44404351363178113,0.6092269226263546,0.08833468086372769,0.02636992931365963,0.00946378707885737
Validation,LogisticRegression,Original,fft_FAUJ880112_LogisticRegression_42_metrics,0.5102822114272495,0.5102822114272495,0.27845498071043856,0.3512932628778159,0.5548816200342164,-0.03308344640815948,0.02196745872497554,0.00885992050170893
Validation,LogisticRegression,Original,fft_GEIM800101_LogisticRegression_42_metrics,0.5155563266250289,0.5155563266250289,0.46496662891556345,0.46233286396019385,0.608572871694901,0.10493894344605101,0.026934576034545847,0.00974991321563716
Validation,LogisticRegression,Original,fft_GEIM800105_LogisticRegression_42_metrics,0.5209750173490632,0.5209750173490632,0.4857339301404965,0.4716870309838431,0.6132239445155415,0.12022969543876867,0.02631380558013911,0.009608888626098589
Validation,LogisticRegression,Original,fft_JOND750101_LogisticRegression_42_metrics,0.5065174647235715,0.5065174647235715,0.46796218858405203,0.44420947017308043,0.5662573753488298,0.07874309516294128,0.02562961578369134,0.00904352664947505
Validation,LogisticRegression,Original,fft_KLEP840101_LogisticRegression_42_metrics,0.5035045107564191,0.5035045107564191,0.39725764551978016,0.40827268053693616,0.5741552808168237,0.04036187057055781,0.025067377090454063,0.00902097225189204
Validation,LogisticRegression,Original,fft_ROBB760113_LogisticRegression_42_metrics,0.4966227157066852,0.4966227157066852,0.4444434617274867,0.42537779758328115,0.5349060547335756,0.0521028969189678,0.02457165718078608,0.00873737335205072
Validation,LogisticRegression,Original,fft_ZIMJ680104_LogisticRegression_42_metrics,0.5330730973860744,0.5330730973860744,0.5062342059043932,0.48836005025017154,0.6337761029434719,0.14909896789338903,0.02413861751556392,0.00865726470947261
Validation,LogisticRegression,Original,frequency_LogisticRegression_42_metrics,0.5133472125838539,0.5133472125838539,0.4266667668089119,0.3803786523675746,0.6118760677732465,0.02677807847874019,0.008894371986389111,0.00967981815338128
Validation,LogisticRegression,Original,one_hot_LogisticRegression_42_metrics,0.503440897524867,0.503440897524867,0.49176353159904507,0.49217347553227275,0.6903376402977935,0.15640788430815647,0.04282042980194089,0.01666791439056392
Validation,LogisticRegression,Original,pc_FASG760101_LogisticRegression_42_metrics,0.5186618089289845,0.5186618089289845,0.48377655991644086,0.4726250783820656,0.6255660575185131,0.12554760064040177,0.02588403224945064,0.009384489059448189
Validation,LogisticRegression,Original,pc_FAUJ880111_LogisticRegression_42_metrics,0.5118725422160536,0.5118725422160536,0.41526351740292816,0.44404351363178113,0.6143608313238642,0.08833468086372769,0.012416291236877399,0.00992274284362787
Validation,LogisticRegression,Original,pc_FAUJ880112_LogisticRegression_42_metrics,0.5117973629424011,0.5117973629424011,0.2654843977559752,0.34960075167202403,0.553529193920882,-0.02623161608274886,0.01274909973144526,0.01179277896881099
Validation,LogisticRegression,Original,pc_GEIM800101_LogisticRegression_42_metrics,0.5362074947952811,0.5362074947952811,0.5142061035444427,0.49112619013115644,0.635139109368819,0.1521941740139876,0.02582824230194088,0.00954744815826411
Validation,LogisticRegression,Original,pc_GEIM800105_LogisticRegression_42_metrics,0.5308928984501503,0.5308928984501503,0.5045019521888406,0.4942878785692633,0.6468062310513972,0.16035095385754708,0.02592086791992182,0.00977568626403803
Validation,LogisticRegression,Original,pc_JOND750101_LogisticRegression_42_metrics,0.5186444598658339,0.5186444598658339,0.494339277085893,0.4710927813183214,0.5925121909238951,0.11398851562885122,0.02552633285522456,0.00925114154815668
Validation,LogisticRegression,Original,pc_KLEP840101_LogisticRegression_42_metrics,0.4973860744853111,0.4973860744853111,0.39551495712162466,0.423611121781292,0.5984333332985865,0.048153789592940935,0.01156580448150628,0.00956470966339105
Validation,LogisticRegression,Original,pc_ROBB760113_LogisticRegression_42_metrics,0.530146888734675,0.530146888734675,0.4905787340347404,0.48913665513997906,0.6317782619342497,0.1614306775639192,0.02427468299865719,0.0092213630676269
Validation,LogisticRegression,Over,embedding_protT5_LogisticRegression_42_metrics,0.5712957596831836,0.5712957596831836,0.5566159648326631,0.5593131670133759,0.7507081797535455,0.3598446574810527,0.10854489803314205,0.015325331687927199
Validation,LogisticRegression,Over,fft_FASG760101_LogisticRegression_42_metrics,0.47936829904375544,0.47936829904375544,0.47444350591375456,0.4728563266342071,0.6487883598794443,0.22093706078930672,0.032049226760864205,0.00916881561279291
Validation,LogisticRegression,Over,fft_FAUJ880111_LogisticRegression_42_metrics,0.46704578383077366,0.46704578383077366,0.46350158197463526,0.4491743030845371,0.6202388416752582,0.2077129596334084,0.030885291099548313,0.00910363197326656
Validation,LogisticRegression,Over,fft_FAUJ880112_LogisticRegression_42_metrics,0.3987346662803052,0.3987346662803052,0.4224443100173542,0.3803050578603102,0.5623996264034179,0.10712448842690969,0.03159689903259273,0.00944848060607904
Validation,LogisticRegression,Over,fft_GEIM800101_LogisticRegression_42_metrics,0.4779025403264754,0.4779025403264754,0.47644311883487933,0.4738999825886361,0.6525774270866608,0.2182136026451465,0.03231296539306635,0.00925121307373042
Validation,LogisticRegression,Over,fft_GEIM800105_LogisticRegression_42_metrics,0.4955930648121318,0.4955930648121318,0.49195930122338727,0.48955049409013585,0.674918366006696,0.24551768285792835,0.03227155208587642,0.00957908630371088
Validation,LogisticRegression,Over,fft_JOND750101_LogisticRegression_42_metrics,0.44693808557905923,0.44693808557905923,0.44248845592346575,0.44213738376891615,0.6303972842917286,0.17147007090784508,0.03310778141021722,0.00962276458740228
Validation,LogisticRegression,Over,fft_KLEP840101_LogisticRegression_42_metrics,0.4119989375060369,0.4119989375060369,0.3850885413180578,0.37388884748761986,0.5854823734317647,0.12598352472915925,0.03089895248413079,0.009242033958435
Validation,LogisticRegression,Over,fft_ROBB760113_LogisticRegression_42_metrics,0.4365860137158311,0.4365860137158311,0.43480491986330155,0.4337948660690521,0.610144802149065,0.15549899540737147,0.030785703659057573,0.00919499397277827
Validation,LogisticRegression,Over,fft_ZIMJ680104_LogisticRegression_42_metrics,0.49702743166232005,0.49702743166232005,0.49188184684830266,0.48854370426516514,0.6838157643475561,0.2486896454094703,0.030813980102539013,0.00877890586853022
Validation,LogisticRegression,Over,frequency_LogisticRegression_42_metrics,0.488186998937506,0.488186998937506,0.4813900941488538,0.47104532940672816,0.685671442543785,0.2396803868495617,0.016385650634765568,0.009466385841369569
Validation,LogisticRegression,Over,one_hot_LogisticRegression_42_metrics,0.6273350719598184,0.6273350719598184,0.6172374943899578,0.6160089168513432,0.8033068087411207,0.44565539701742035,0.0606225490570068,0.01712181568145747
Validation,LogisticRegression,Over,pc_FASG760101_LogisticRegression_42_metrics,0.5211919250458804,0.5211919250458804,0.5124005862957681,0.5081401301424422,0.6901489154094962,0.2864896745797635,0.03239941596984859,0.009342813491821231
Validation,LogisticRegression,Over,pc_FAUJ880111_LogisticRegression_42_metrics,0.467533565150198,0.467533565150198,0.46570950840795194,0.4509689737603578,0.6233739136242408,0.208231852503741,0.01923902034759517,0.009399628639221131
Validation,LogisticRegression,Over,pc_FAUJ880112_LogisticRegression_42_metrics,0.39529604945426444,0.39529604945426444,0.41999736661889964,0.3756689819428656,0.5612389656867527,0.10235390190887923,0.0163182973861694,0.009753251075744571
Validation,LogisticRegression,Over,pc_GEIM800101_LogisticRegression_42_metrics,0.48525548150294606,0.48525548150294606,0.4809330725578208,0.48041303462819673,0.6908159868668957,0.22917134482858198,0.03290905952453608,0.009659504890441841
Validation,LogisticRegression,Over,pc_GEIM800105_LogisticRegression_42_metrics,0.5299695740365111,0.5299695740365111,0.5226980695204386,0.5211758342911719,0.7144705932563251,0.2978858270497713,0.036343073844909625,0.00992953777313227
Validation,LogisticRegression,Over,pc_JOND750101_LogisticRegression_42_metrics,0.4803704240316816,0.4803704240316816,0.47841592913404013,0.477133589554252,0.6634797222875753,0.2215556081732836,0.036538362503051716,0.01063444614410395
Validation,LogisticRegression,Over,pc_KLEP840101_LogisticRegression_42_metrics,0.4169081425673718,0.4169081425673718,0.4028622520143422,0.3793201204122084,0.6091435998114005,0.13426775141215994,0.01691820621490474,0.00924456119537349
Validation,LogisticRegression,Over,pc_ROBB760113_LogisticRegression_42_metrics,0.49901477832512314,0.49901477832512314,0.47271116984556805,0.4711818715337729,0.6908743447953108,0.2566170948348893,0.03182058334350582,0.00952007770538326
Validation,LogisticRegression,Under,embedding_protT5_LogisticRegression_42_metrics,0.3803954802259887,0.3803954802259887,0.36978601866307753,0.37030668425257807,0.5925634278002698,0.07231091955336036,0.03557915687561031,0.014551448822021421
Validation,LogisticRegression,Under,fft_FASG760101_LogisticRegression_42_metrics,0.42615819209039546,0.42615819209039546,0.4225856807068412,0.4203214905138587,0.5942110886189834,0.14087356107479335,0.01989521980285639,0.01002788543701168
Validation,LogisticRegression,Under,fft_FAUJ880111_LogisticRegression_42_metrics,0.4578248587570622,0.4578248587570622,0.4523640477681015,0.4387279919114982,0.6094899347728295,0.19333863900758425,0.017319679260253858,0.00869467258453365
Validation,LogisticRegression,Under,fft_FAUJ880112_LogisticRegression_42_metrics,0.388728813559322,0.388728813559322,0.37292376078850975,0.36526885336836734,0.5701413630229419,0.08079571146547002,0.01558341979980463,0.0086668968200683
Validation,LogisticRegression,Under,fft_GEIM800101_LogisticRegression_42_metrics,0.4126553672316384,0.4126553672316384,0.4062167393909467,0.40538036166615943,0.6020056792622581,0.12032064525942203,0.018286967277526812,0.009062862396240181
Validation,LogisticRegression,Under,fft_GEIM800105_LogisticRegression_42_metrics,0.4159039548022599,0.4159039548022599,0.4117090912570201,0.40884301026676056,0.6116356275303644,0.1261616856285715,0.01963133811950681,0.00923633575439448
Validation,LogisticRegression,Under,fft_JOND750101_LogisticRegression_42_metrics,0.38237288135593217,0.38237288135593217,0.3858502722390093,0.3814529125796755,0.5655715811965811,0.074136992972088,0.01852302551269526,0.009009194374084411
Validation,LogisticRegression,Under,fft_KLEP840101_LogisticRegression_42_metrics,0.3853107344632768,0.3853107344632768,0.369733355703033,0.36575649898249524,0.565645861448493,0.08181037281675282,0.017535305023193302,0.00878314971923822
Validation,LogisticRegression,Under,fft_ROBB760113_LogisticRegression_42_metrics,0.3719774011299435,0.3719774011299435,0.3678114977599378,0.36435804245403813,0.5561750449842555,0.058288622201305,0.01621394157409663,0.00835659503936762
Validation,LogisticRegression,Under,fft_ZIMJ680104_LogisticRegression_42_metrics,0.43612994350282486,0.43612994350282486,0.43542558222451033,0.42943076664664465,0.625460020242915,0.1562758043168198,0.018604993820190367,0.00852222442626948
Validation,LogisticRegression,Under,frequency_LogisticRegression_42_metrics,0.4546610169491525,0.4546610169491525,0.44853347941719923,0.431625883336615,0.6307843004948268,0.1916516648374258,0.00668559074401851,0.00976226329803461
Validation,LogisticRegression,Under,one_hot_LogisticRegression_42_metrics,0.488361581920904,0.488361581920904,0.4882557678721578,0.4858889696727666,0.7132959964012595,0.23396623618576912,0.02505650520324701,0.01533505916595454
Validation,LogisticRegression,Under,pc_FASG760101_LogisticRegression_42_metrics,0.4412994350282486,0.4412994350282486,0.4332335647843837,0.43316120753223136,0.6309903283850652,0.16336293849387903,0.019954824447631782,0.00899243354797359
Validation,LogisticRegression,Under,pc_FAUJ880111_LogisticRegression_42_metrics,0.4611581920903955,0.4611581920903955,0.457143519504095,0.4424816945648038,0.6131824673864148,0.19855349264705283,0.00900785923004146,0.00899088382720943
Validation,LogisticRegression,Under,pc_FAUJ880112_LogisticRegression_42_metrics,0.39706214689265534,0.39706214689265534,0.387422919037668,0.38015494303797037,0.5725759671614934,0.09663541722251631,0.00803389549255366,0.01057527065277095
Validation,LogisticRegression,Under,pc_GEIM800101_LogisticRegression_42_metrics,0.4379943502824858,0.4379943502824858,0.4313019068174726,0.42814664971246214,0.6416812865497077,0.16020898096228134,0.01846368312835689,0.00972046852111811
Validation,LogisticRegression,Under,pc_GEIM800105_LogisticRegression_42_metrics,0.46980225988700564,0.46980225988700564,0.45899184432763784,0.4583319868889399,0.6580411043634727,0.20779427222893593,0.01997063159942622,0.00929503440856928
Validation,LogisticRegression,Under,pc_JOND750101_LogisticRegression_42_metrics,0.4042090395480226,0.4042090395480226,0.4058106146839392,0.39975175480990816,0.5891158906882591,0.10747996433580778,0.020270490646362268,0.010041713714599559
Validation,LogisticRegression,Under,pc_KLEP840101_LogisticRegression_42_metrics,0.43093220338983046,0.43093220338983046,0.42797406176404157,0.4229923885099735,0.5899022717049033,0.1483919858707607,0.00776646137237543,0.00956873893737787
Validation,LogisticRegression,Under,pc_ROBB760113_LogisticRegression_42_metrics,0.4546327683615819,0.4546327683615819,0.4477795674687455,0.4457057895969867,0.621935110211426,0.18407962284287702,0.01866199970245358,0.00986588001251215
Validation,RandomForest,Original,embedding_protT5_RandomForest_42_metrics,0.36714665741383296,0.36714665741383296,0.33863117054206093,0.34885613834453966,0.4463870631404759,-0.10544674588954292,0.2124979972839355,0.04234077930450436
Validation,RandomForest,Original,fft_FASG760101_RandomForest_42_metrics,0.3701596113809854,0.3701596113809854,0.3470456416555495,0.3539876012467903,0.45467569286936005,-0.09539883834586707,0.30697214603424067,0.11432044506072994
Validation,RandomForest,Original,fft_FAUJ880111_RandomForest_42_metrics,0.5080557483229239,0.5080557483229239,0.4063889732979085,0.43385638078901645,0.6102007617897275,0.07250025526576001,0.2258261919021606,0.07838959693908686
Validation,RandomForest,Original,fft_FAUJ880112_RandomForest_42_metrics,0.5125665047420773,0.5125665047420773,0.361915337651198,0.3587113427637608,0.556066659044733,-0.0033771804417281797,0.22634587287902827,0.0872817516326904
Validation,RandomForest,Original,fft_GEIM800101_RandomForest_42_metrics,0.3648103169095535,0.3648103169095535,0.3401501914481484,0.3473634829277672,0.4518299523001992,-0.10702829621692427,0.30726168155670164,0.11240470409393306
Validation,RandomForest,Original,fft_GEIM800105_RandomForest_42_metrics,0.36713509137173256,0.36713509137173256,0.34119313829006953,0.349901114355075,0.45827090502525125,-0.0984203109446983,0.30775661468505855,0.1197113513946533
Validation,RandomForest,Original,fft_JOND750101_RandomForest_42_metrics,0.35413486005089057,0.35413486005089057,0.32880900925185386,0.3367774142018504,0.43616228209224106,-0.12598721905577226,0.3076742887496948,0.12365572452545164
Validation,RandomForest,Original,fft_KLEP840101_RandomForest_42_metrics,0.4494101318528799,0.4494101318528799,0.39171627775355733,0.4138654058818746,0.5635868025001585,0.00989339312370531,0.31698899269104003,0.11362133026123042
Validation,RandomForest,Original,fft_ROBB760113_RandomForest_42_metrics,0.34506708304418227,0.34506708304418227,0.3190115241604111,0.32703749699274154,0.4303926603904519,-0.14316433522951105,0.30549044609069825,0.11816070079803462
Validation,RandomForest,Original,fft_ZIMJ680104_RandomForest_42_metrics,0.36559680777238024,0.36559680777238024,0.341259813290714,0.34965448645248987,0.4668716723401677,-0.100866022927622,0.31779234409332274,0.11880021095275875
Validation,RandomForest,Original,frequency_RandomForest_42_metrics,0.383119361554476,0.383119361554476,0.3630769815234078,0.3681590170195082,0.4928917111223937,-0.0726507528776257,0.325523567199707,0.12313356399536128
Validation,RandomForest,Original,one_hot_RandomForest_42_metrics,0.44860050890585235,0.44860050890585235,0.44085516567930094,0.4418697766141862,0.5740472800550884,0.0679407580973014,0.2337363481521606,0.10951576232910151
Validation,RandomForest,Original,pc_FASG760101_RandomForest_42_metrics,0.4097617395327319,0.4097617395327319,0.3949337922525972,0.3985713831531722,0.5241750891198852,-0.01424250700707291,0.32925317287445066,0.12276470661163326
Validation,RandomForest,Original,pc_FAUJ880111_RandomForest_42_metrics,0.5088191071015499,0.5088191071015499,0.4078767338230607,0.43434380965421066,0.6095810980681502,0.07493731477338725,0.22774124145507807,0.07264604568481439
Validation,RandomForest,Original,pc_GEIM800101_RandomForest_42_metrics,0.3967904233171409,0.3967904233171409,0.3865846019272291,0.3880084380562695,0.5305594154794717,-0.029529453746206653,0.34254798889160154,0.1322327852249145
Validation,RandomForest,Original,pc_GEIM800105_RandomForest_42_metrics,0.39988433957899605,0.39988433957899605,0.3903376707130513,0.3918558785240837,0.5245231729748389,-0.0231012141503515,0.3442267417907715,0.128648829460144
Validation,RandomForest,Original,pc_JOND750101_RandomForest_42_metrics,0.39833448993754333,0.39833448993754333,0.3847636354987634,0.3880048744310884,0.5134357791229174,-0.034551159222163744,0.34461958408355714,0.12945678234100338
Validation,RandomForest,Original,pc_KLEP840101_RandomForest_42_metrics,0.46844783715012717,0.46844783715012717,0.44525551573725763,0.4460088195550867,0.5872473783788282,0.06147763612899371,0.3253370761871338,0.1216074705123901
Validation,RandomForest,Original,pc_ROBB760113_RandomForest_42_metrics,0.38538630580615313,0.38538630580615313,0.3656612198381842,0.37275509509381455,0.5036625418247136,-0.05908393592363188,0.23248906135559078,0.0844811916351318
Validation,RandomForest,Over,embedding_protT5_RandomForest_42_metrics,0.5270404713609582,0.5270404713609582,0.5191906806706899,0.5210312377937101,0.6611530259601646,0.2917689573335179,0.3077682971954345,0.04913151264190668
Validation,RandomForest,Over,fft_FASG760101_RandomForest_42_metrics,0.506894136965131,0.506894136965131,0.49990425329997884,0.500804477410664,0.6508879946273375,0.26188420829477854,0.2486211538314819,0.10265583992004393
Validation,RandomForest,Over,fft_FAUJ880111_RandomForest_42_metrics,0.47392060272384817,0.47392060272384817,0.4719481948317358,0.4565857306388817,0.6260327244496472,0.2184731464475939,0.23110742568969722,0.07880129814147943
Validation,RandomForest,Over,fft_FAUJ880112_RandomForest_42_metrics,0.4016830870279146,0.4016830870279146,0.43004235098041976,0.38333690077689353,0.5643211841121192,0.11196477211600683,0.23494124412536616,0.08763780593872066
Validation,RandomForest,Over,fft_GEIM800101_RandomForest_42_metrics,0.5196537235583889,0.5196537235583889,0.5138810459965444,0.5146015429968063,0.657908255842089,0.28080519891943767,0.2568278074264526,0.11672720909118646
Validation,RandomForest,Over,fft_GEIM800105_RandomForest_42_metrics,0.5009659036028205,0.5009659036028205,0.49355539862452824,0.49604888053771645,0.6528648225296687,0.25211335990563694,0.2537445545196533,0.10802428722381588
Validation,RandomForest,Over,fft_JOND750101_RandomForest_42_metrics,0.5014488554042307,0.5014488554042307,0.49159652780842966,0.4948020626309108,0.6436394028272707,0.2531226628322174,0.2457491636276245,0.11012265682220457
Validation,RandomForest,Over,fft_KLEP840101_RandomForest_42_metrics,0.4813218390804598,0.4813218390804598,0.4690819379531911,0.46599509866882316,0.6505869840213261,0.22657799336952497,0.361630368232727,0.13695442676544187
Validation,RandomForest,Over,fft_ROBB760113_RandomForest_42_metrics,0.48773785376219453,0.48773785376219453,0.4810386216142761,0.48249583892403847,0.6371297519674471,0.2326740559465698,0.2391398191452026,0.10717165470123287
Validation,RandomForest,Over,fft_ZIMJ680104_RandomForest_42_metrics,0.510822949869603,0.510822949869603,0.5054130200533449,0.5066100425017712,0.6593833924938297,0.26704254502879066,0.2548450946807861,0.11542105674743648
Validation,RandomForest,Over,frequency_RandomForest_42_metrics,0.5235946102578962,0.5235946102578962,0.5180922641037283,0.5192207567329914,0.6785223020247347,0.2863383634623201,0.35958836078643797,0.14147086143493648
Validation,RandomForest,Over,one_hot_RandomForest_42_metrics,0.5668501883512025,0.5668501883512025,0.562550839951161,0.5625544991344535,0.7495076269460081,0.3517459092782148,0.2461145162582397,0.10998272895812984
Validation,RandomForest,Over,pc_FASG760101_RandomForest_42_metrics,0.5466990244373612,0.5466990244373612,0.5424829749440884,0.5429200207434911,0.6858544228587933,0.32110490529708613,0.35728204250335693,0.14030046463012694
Validation,RandomForest,Over,pc_FAUJ880111_RandomForest_42_metrics,0.4734304066454168,0.4734304066454168,0.4712204296096953,0.4562031820979855,0.6256003319937542,0.21762466090748708,0.24650013446807856,0.07997694015502926
Validation,RandomForest,Over,pc_GEIM800101_RandomForest_42_metrics,0.5408215010141988,0.5408215010141988,0.5364129852756163,0.5372790881325004,0.6870994729591182,0.3120791109278079,0.3782915353775024,0.1523752689361572
Validation,RandomForest,Over,pc_GEIM800105_RandomForest_42_metrics,0.5452211919250459,0.5452211919250459,0.5395155299392949,0.5410188451920769,0.6873466834177824,0.318719775388698,0.3796885251998901,0.15559217929840083
Validation,RandomForest,Over,pc_JOND750101_RandomForest_42_metrics,0.5481889307447118,0.5481889307447118,0.544591694859794,0.5446185009604638,0.6815072256221775,0.323458689685738,0.37950208187103274,0.1542838811874389
Validation,RandomForest,Over,pc_KLEP840101_RandomForest_42_metrics,0.5358519269776877,0.5358519269776877,0.5226949284493834,0.5129089378391771,0.7001436841726904,0.3141491775806364,0.3575374841690063,0.15262470245361323
Validation,RandomForest,Over,pc_ROBB760113_RandomForest_42_metrics,0.5373877137061721,0.5373877137061721,0.5313604182476317,0.532835076459786,0.6778645519518899,0.30705876763657763,0.2253487110137939,0.0844662427902221
Validation,RandomForest,Under,embedding_protT5_RandomForest_42_metrics,0.37384180790960453,0.37384180790960453,0.3672022637745458,0.3668308026851342,0.5097946468735943,0.06176636919241472,0.11880877017974849,0.04287309646606441
Validation,RandomForest,Under,fft_FASG760101_RandomForest_42_metrics,0.3453389830508474,0.3453389830508474,0.34167607625409274,0.34134645682721726,0.5107573661718399,0.01821985766825941,0.3376211643218994,0.11366937160491937
Validation,RandomForest,Under,fft_FAUJ880111_RandomForest_42_metrics,0.46282485875706214,0.46282485875706214,0.45910691503728457,0.4445280327497394,0.6147042285200179,0.20104405789842392,0.22649018764495846,0.0817226409912109
Validation,RandomForest,Under,fft_FAUJ880112_RandomForest_42_metrics,0.37533898305084745,0.37533898305084745,0.3483285211903858,0.346257613140174,0.5631544646873594,0.061118932402574114,0.23562495708465572,0.07328081130981441
Validation,RandomForest,Under,fft_GEIM800101_RandomForest_42_metrics,0.35694915254237286,0.35694915254237286,0.3554812637183783,0.35284544854396416,0.5113904914529914,0.0368219542472196,0.3519423723220825,0.12119693756103511
Validation,RandomForest,Under,fft_GEIM800105_RandomForest_42_metrics,0.3367796610169491,0.3367796610169491,0.3309067166311547,0.33177427454909614,0.5259316801619434,0.0058924893843272895,0.35311186313629145,0.12395682334899898
Validation,RandomForest,Under,fft_JOND750101_RandomForest_42_metrics,0.32661016949152544,0.32661016949152544,0.32070850756060915,0.32194869331464704,0.4834021592442645,-0.009753850060408471,0.3499252080917358,0.12156598567962643
Validation,RandomForest,Under,fft_KLEP840101_RandomForest_42_metrics,0.42251412429378526,0.42251412429378526,0.41699582079525194,0.41453139760434016,0.5863708389563653,0.1354318862517548,0.3404593467712402,0.1174669504165649
Validation,RandomForest,Under,fft_ROBB760113_RandomForest_42_metrics,0.30980225988700566,0.30980225988700566,0.30553446422919806,0.30570439535131955,0.47528238866396755,-0.03529082415391881,0.3466001272201538,0.11799135208129881
Validation,RandomForest,Under,fft_ZIMJ680104_RandomForest_42_metrics,0.3552824858757062,0.3552824858757062,0.3522408375955514,0.3507127310864401,0.5326869376968061,0.03354699627235943,0.35115575790405273,0.13203380107879634
Validation,RandomForest,Under,frequency_RandomForest_42_metrics,0.3788135593220339,0.3788135593220339,0.3758491784167788,0.3754673935207355,0.5599975539811066,0.06901430354086438,0.36064140796661376,0.12006514072418209
Validation,RandomForest,Under,one_hot_RandomForest_42_metrics,0.5084745762711864,0.5084745762711864,0.505558482359603,0.5049906623566824,0.6493385346378767,0.26428243304665716,0.3486662149429321,0.14220769405364989
Validation,RandomForest,Under,pc_FASG760101_RandomForest_42_metrics,0.42949152542372876,0.42949152542372876,0.42448823749460224,0.4238456004755514,0.5896937696806118,0.14586634525474967,0.34609720706939695,0.12018191814422603
Validation,RandomForest,Under,pc_FAUJ880111_RandomForest_42_metrics,0.4611581920903955,0.4611581920903955,0.4569095023135561,0.44246583113320836,0.6126176900584795,0.19848435334020506,0.24044332504272456,0.07471764087676999
Validation,RandomForest,Under,pc_GEIM800101_RandomForest_42_metrics,0.3990960451977401,0.3990960451977401,0.3972627381375425,0.39461272919662804,0.5872972896986055,0.10009176460560043,0.36482961177825923,0.1268923759460449
Validation,RandomForest,Under,pc_GEIM800105_RandomForest_42_metrics,0.4125141242937853,0.4125141242937853,0.4082713481604845,0.40798962412684536,0.5950438596491228,0.12019664294338246,0.36957962512969966,0.13164041042327876
Validation,RandomForest,Under,pc_JOND750101_RandomForest_42_metrics,0.39245762711864407,0.39245762711864407,0.3915264511296038,0.3887639607243437,0.5742317532613586,0.09006457925242096,0.3587309598922729,0.12698972225189203
Validation,RandomForest,Under,pc_KLEP840101_RandomForest_42_metrics,0.4461581920903955,0.4461581920903955,0.43978137917245225,0.43734246922797554,0.6236181680161944,0.1714624100658092,0.3451771736145019,0.12221426963806145
Validation,RandomForest,Under,pc_ROBB760113_RandomForest_42_metrics,0.35850282485875706,0.35850282485875706,0.3568602950129423,0.35483892241273873,0.5505414417453891,0.03898189243638994,0.22943587303161617,0.07878630161285397
Validation,SVM,Original,embedding_protT5_SVM_42_metrics,0.5057714550080963,0.5057714550080963,0.4975637311609108,0.4413343270349951,0.5534007678339267,0.06493359759670089,1.1082419395446776,0.0772764921188354
Validation,SVM,Original,fft_FASG760101_SVM_42_metrics,0.5110571362479759,0.5110571362479759,0.31574436299305,0.36331452588573465,0.6080048979946095,0.0004040643489024408,0.31611549854278564,0.023239088058471618
Validation,SVM,Original,fft_FAUJ880111_SVM_42_metrics,0.5118494101318529,0.5118494101318529,0.4099216858033808,0.43599801004602334,0.5512197475766892,0.08024381409327899,0.24690942764282223,0.02291548252105709
Validation,SVM,Original,fft_FAUJ880112_SVM_42_metrics,0.5140874392782789,0.5140874392782789,0.26606962341978246,0.35064690660188325,0.5194282701079148,-0.01144654563536187,0.2739185571670532,0.021984934806823682
Validation,SVM,Original,fft_GEIM800101_SVM_42_metrics,0.5163775156141568,0.5163775156141568,0.26665470733097646,0.35169295316121046,0.600222653315437,0.0,0.33296310901641846,0.0234251976013183
Validation,SVM,Original,fft_GEIM800105_SVM_42_metrics,0.5110571362479759,0.5110571362479759,0.3131944103181287,0.36704914664450017,0.5981625690689563,0.00286195771507512,0.31281232833862305,0.023092675209045378
Validation,SVM,Original,fft_JOND750101_SVM_42_metrics,0.5171466574138329,0.5171466574138329,0.412669340888636,0.3632571187202444,0.563173403622663,0.03205055538405497,0.3171445846557617,0.02371017932891841
Validation,SVM,Original,fft_KLEP840101_SVM_42_metrics,0.5011913023363406,0.5011913023363406,0.4036305505267513,0.43727844613891637,0.5515381187078086,0.061861816681242875,0.29294323921203613,0.0250724077224731
Validation,SVM,Original,fft_ROBB760113_SVM_42_metrics,0.5004048114735138,0.5004048114735138,0.45341309325032125,0.3930564905959615,0.5496583150315361,0.0131865739031752,0.3298735380172729,0.022060108184814412
Validation,SVM,Original,fft_ZIMJ680104_SVM_42_metrics,0.5331656257228776,0.5331656257228776,0.44414447307695754,0.4521432514835615,0.6324346490758659,0.116133083497173,0.28734226226806636,0.021087861061096138
Validation,SVM,Original,frequency_SVM_42_metrics,0.5148681471200555,0.5148681471200555,0.4235055611357364,0.4029722472346397,0.5853929782519859,0.048919903423228564,0.3538262367248535,0.02747588157653804
Validation,SVM,Original,one_hot_SVM_42_metrics,0.499676150821189,0.499676150821189,0.4892283707549844,0.46803452069178453,0.5772508330051384,0.09317204345162008,3.006868767738342,0.16070272922515866
Validation,SVM,Original,pc_FASG760101_SVM_42_metrics,0.5301006245662734,0.5301006245662734,0.4510769949599367,0.42839107925231446,0.6242531460201938,0.10080086090644591,0.3343698263168335,0.025852489471435508
Validation,SVM,Original,pc_FAUJ880111_SVM_42_metrics,0.5156662040249826,0.5156662040249826,0.41819245389718845,0.4466227788045803,0.5435258324337628,0.09546866887280331,0.294759202003479,0.024256682395935
Validation,SVM,Original,pc_FAUJ880112_SVM_42_metrics,0.5117973629424011,0.5117973629424011,0.2654843977559752,0.34960075167202403,0.5194522273110518,-0.02623161608274886,0.2945183277130127,0.02487399578094476
Validation,SVM,Original,pc_GEIM800101_SVM_42_metrics,0.537705297247282,0.537705297247282,0.5261717942049089,0.45296668539848517,0.617800110449698,0.12524866487477973,0.32923505306243894,0.02538027763366695
Validation,SVM,Original,pc_GEIM800105_SVM_42_metrics,0.5400358547305112,0.5400358547305112,0.55187067155082,0.45481715091661734,0.6387834254543443,0.13517544892296138,0.31914639472961426,0.02390904426574702
Validation,SVM,Original,pc_JOND750101_SVM_42_metrics,0.5300832755031228,0.5300832755031228,0.5410296890773003,0.45539764121463594,0.5592691509875667,0.11577947415898271,0.36616578102111813,0.02580702304840084
Validation,SVM,Original,pc_KLEP840101_SVM_42_metrics,0.4996530187369882,0.4996530187369882,0.46128980418115717,0.4550335541111116,0.5774715745202509,0.08173718897486865,0.315914249420166,0.024146413803100543
Validation,SVM,Original,pc_ROBB760113_SVM_42_metrics,0.49588827203331015,0.49588827203331015,0.4959852582823645,0.4501709462709518,0.5827383670027503,0.06889649959915968,0.3250609874725342,0.02417559623718257
Validation,SVM,Original,pc_ZIMJ680104_SVM_42_metrics,0.5323675688179504,0.5323675688179504,0.47002728998985865,0.4601842957434723,0.6328171875467463,0.120237753990499,0.31869266033172605,0.02572319507598872
Validation,SVM,Over,embedding_protT5_SVM_42_metrics,0.6027697285810876,0.6027697285810876,0.587261501217342,0.5846640717243587,0.7781931110817819,0.4114223489165599,2.3408143281936646,0.1650537252426147
Validation,SVM,Over,fft_FASG760101_SVM_42_metrics,0.47545880421133974,0.47545880421133974,0.47234698667400093,0.4661038428590727,0.6691601122288086,0.21663514155137853,0.7627485752105713,0.041948270797729434
Validation,SVM,Over,fft_FAUJ880111_SVM_42_metrics,0.4660605621558968,0.4660605621558968,0.4633387416944178,0.4482204098211712,0.6143181463883963,0.20614557070593417,0.6939779281616211,0.039174795150756794
Validation,SVM,Over,fft_FAUJ880112_SVM_42_metrics,0.3952936346952574,0.3952936346952574,0.4200782180459372,0.3755169366187565,0.5660697214778344,0.10235684858438887,0.8006032466888428,0.04325780868530269
Validation,SVM,Over,fft_GEIM800101_SVM_42_metrics,0.449386651212209,0.449386651212209,0.4476770140764216,0.44652096958542326,0.6503752985520941,0.17496001489813032,0.7818466901779175,0.043486499786376934
Validation,SVM,Over,fft_GEIM800105_SVM_42_metrics,0.4857674104124408,0.4857674104124408,0.47980816145730243,0.4759910681303281,0.6783842007602637,0.23195648077646996,0.783288550376892,0.04246869087219233
Validation,SVM,Over,fft_JOND750101_SVM_42_metrics,0.5049550854824688,0.5049550854824688,0.4979077120652171,0.4899232865573183,0.6899945330536859,0.2633489571585358,0.7370360851287842,0.04341099262237546
Validation,SVM,Over,fft_KLEP840101_SVM_42_metrics,0.4601685501786921,0.4601685501786921,0.4491245506758325,0.43722039073677477,0.6344447132289979,0.19758707433504735,0.7031333446502686,0.04210295677185053
Validation,SVM,Over,fft_ROBB760113_SVM_42_metrics,0.5363831739592388,0.5363831739592388,0.5208180426100866,0.5226204490657224,0.7302476727123068,0.30813811317735984,0.6970577716827393,0.038366413116455035
Validation,SVM,Over,fft_ZIMJ680104_SVM_42_metrics,0.5181831353230948,0.5181831353230948,0.5123009907436679,0.5079040308423235,0.7115796294861716,0.2813558681322891,0.670461916923523,0.0390611886978149
Validation,SVM,Over,frequency_SVM_42_metrics,0.5231213174925142,0.5231213174925142,0.5134638272223215,0.5047853891019458,0.7142892304305717,0.29250755053142613,0.7712719917297364,0.0474385261535644
Validation,SVM,Over,one_hot_SVM_42_metrics,0.6066985414855598,0.6066985414855598,0.5971698870151904,0.5874595795396478,0.7706527583312452,0.42010342700414094,5.57618260383606,0.32109215259552
Validation,SVM,Over,pc_FASG760101_SVM_42_metrics,0.5452670723461799,0.5452670723461799,0.5393611269028564,0.527987398122461,0.7303091237551829,0.3258861817952131,0.7726372241973877,0.04542343616485589
Validation,SVM,Over,pc_FAUJ880111_SVM_42_metrics,0.467533565150198,0.467533565150198,0.4651586608886819,0.45016165917134077,0.6174145703463969,0.20844385195833853,0.7608514308929444,0.04747793674468989
Validation,SVM,Over,pc_FAUJ880112_SVM_42_metrics,0.3977494446054283,0.3977494446054283,0.4232931553212681,0.37617210821181646,0.5693132775823561,0.106538616562569,0.8758824348449707,0.04926049709320063
Validation,SVM,Over,pc_GEIM800101_SVM_42_metrics,0.5069062107601662,0.5069062107601662,0.5053899771105888,0.49904719568312694,0.7182589128878228,0.26402485774796175,0.7777572870254517,0.048090124130248976
Validation,SVM,Over,pc_GEIM800105_SVM_42_metrics,0.5305056505360766,0.5305056505360766,0.524442289718922,0.5142691651419484,0.7362479310164544,0.3030039621854729,0.7420123815536499,0.04467751979827877
Validation,SVM,Over,pc_JOND750101_SVM_42_metrics,0.5491983000096591,0.5491983000096591,0.5396272801247917,0.5353029116070906,0.736531779858238,0.32923936111085644,0.7713376760482789,0.04539155960083003
Validation,SVM,Over,pc_KLEP840101_SVM_42_metrics,0.509311310731189,0.509311310731189,0.4983785114814901,0.490678341138097,0.6917329155835585,0.27150612170644667,0.7081597566604614,0.045586681365966754
Validation,SVM,Over,pc_ROBB760113_SVM_42_metrics,0.5831208345407128,0.5831208345407128,0.5701812290103417,0.5700368603849246,0.761528475143187,0.37905719114439507,0.695565915107727,0.04335141181945796
Validation,SVM,Over,pc_ZIMJ680104_SVM_42_metrics,0.5752414759007051,0.5752414759007051,0.5718399267372609,0.5643166030599528,0.7399769590468777,0.36918503787480506,0.7191241979598999,0.04407200813293452
Validation,SVM,Under,embedding_protT5_SVM_42_metrics,0.45282485875706213,0.45282485875706213,0.44321992931351356,0.4310924224641167,0.6357395973909131,0.18713232918730477,0.24889135360717768,0.02393615245819086
Validation,SVM,Under,fft_FASG760101_SVM_42_metrics,0.40935028248587574,0.40935028248587574,0.41194859276344165,0.39613394612733993,0.5993159581646423,0.11786060168677315,0.06945543289184565,0.011530995368957481
Validation,SVM,Under,fft_FAUJ880111_SVM_42_metrics,0.4696610169491525,0.4696610169491525,0.4614268311030184,0.44922776752740495,0.6245059041835358,0.21148216621305754,0.06082975864410396,0.01121172904968257
Validation,SVM,Under,fft_FAUJ880112_SVM_42_metrics,0.3954237288135593,0.3954237288135593,0.3854553125668538,0.3780942653033362,0.5703959739091318,0.09434952451473602,0.07015984058380123,0.01296076774597163
Validation,SVM,Under,fft_GEIM800101_SVM_42_metrics,0.4161581920903955,0.4161581920903955,0.42343989782251085,0.40482909991874233,0.582918016194332,0.12789551306939104,0.07339642047882076,0.012828850746154741
Validation,SVM,Under,fft_GEIM800105_SVM_42_metrics,0.4395762711864407,0.4395762711864407,0.4504776980971081,0.4337993282026845,0.6196382141250563,0.16256809104726677,0.06922798156738276,0.01194388866424556
Validation,SVM,Under,fft_JOND750101_SVM_42_metrics,0.400819209039548,0.400819209039548,0.40220293661629736,0.39823311428919295,0.6073776990553306,0.1018911981466678,0.07124013900756831,0.011963510513305629
Validation,SVM,Under,fft_KLEP840101_SVM_42_metrics,0.4157627118644068,0.4157627118644068,0.4168996052530568,0.4030304685777074,0.5844707040035988,0.12759188786248396,0.06942796707153316,0.012444114685058561
Validation,SVM,Under,fft_ROBB760113_SVM_42_metrics,0.3888418079096045,0.3888418079096045,0.39646689934211765,0.38590095059346696,0.5823185447593342,0.08509477257234006,0.06939415931701653,0.011299896240234319
Validation,SVM,Under,fft_ZIMJ680104_SVM_42_metrics,0.46307909604519776,0.46307909604519776,0.4665397276020304,0.4618953643289331,0.6641388888888888,0.19608057229250547,0.06163420677185053,0.010812640190124451
Validation,SVM,Under,frequency_SVM_42_metrics,0.4411864406779661,0.4411864406779661,0.4279076747015999,0.4186721395991519,0.6273876518218623,0.16901245108826465,0.07555501461029049,0.013128256797790469
Validation,SVM,Under,one_hot_SVM_42_metrics,0.5068926553672316,0.5068926553672316,0.49424102309023976,0.49234999004326047,0.691051282051282,0.2654006629416551,0.6697999477386475,0.047847867012023884
Validation,SVM,Under,pc_FASG760101_SVM_42_metrics,0.44968926553672317,0.44968926553672317,0.44834590346315545,0.44200413015642426,0.6511682411156096,0.17720753869055672,0.07859747409820553,0.012495493888854941
Validation,SVM,Under,pc_FAUJ880111_SVM_42_metrics,0.4696610169491525,0.4696610169491525,0.4614287304382511,0.4492001088873504,0.6207412280701755,0.21150564746304656,0.07080271244049069,0.01220536231994623
Validation,SVM,Under,pc_FAUJ880112_SVM_42_metrics,0.3853954802259887,0.3853954802259887,0.3693730361508286,0.3618192409652666,0.5688230431848853,0.07577685533318505,0.07879450321197504,0.012407922744750919
Validation,SVM,Under,pc_GEIM800101_SVM_42_metrics,0.4548022598870056,0.4548022598870056,0.45496550619274545,0.4501452511465702,0.6416103238866397,0.18472026186056023,0.07433357238769528,0.01238913536071771
Validation,SVM,Under,pc_GEIM800105_SVM_42_metrics,0.4682768361581921,0.4682768361581921,0.4692487397420888,0.4550061920448301,0.6619093567251462,0.20862351335143087,0.07134718894958492,0.01220989227294916
Validation,SVM,Under,pc_JOND750101_SVM_42_metrics,0.40601694915254233,0.40601694915254233,0.41666207608411704,0.40430649063850266,0.60279504048583,0.11039997908506613,0.08869411945343013,0.013745927810668902
Validation,SVM,Under,pc_KLEP840101_SVM_42_metrics,0.4478248587570621,0.4478248587570621,0.43151977268003644,0.42094752598762525,0.6371992802519119,0.18133343579873581,0.07252616882324213,0.012815165519714311
Validation,SVM,Under,pc_ROBB760113_SVM_42_metrics,0.4428248587570621,0.4428248587570621,0.43602265270638024,0.4316138670615464,0.6448765182186235,0.16782892549560846,0.07300446033477778,0.01198570728301997
Validation,SVM,Under,pc_ZIMJ680104_SVM_42_metrics,0.4918361581920904,0.4918361581920904,0.4816497146840012,0.47992911263819205,0.6684141925326136,0.24157387499336247,0.0708548784255981,0.01196897029876703
Validation,XGBoost,Original,embedding_protT5_XGBoost_42_metrics,0.3717152440434883,0.3717152440434883,0.3437479780765824,0.35414642788576833,0.4892771875080923,-0.09505575493671906,4.948821210861206,0.16027982234954827
Validation,XGBoost,Original,fft_FASG760101_XGBoost_42_metrics,0.3754684247050659,0.3754684247050659,0.35149530072733925,0.3589852730831059,0.48951887835574814,-0.07996875027199916,0.4172115087509155,0.024512457847595148
Validation,XGBoost,Original,fft_FAUJ880111_XGBoost_42_metrics,0.5156893361091834,0.5156893361091834,0.4192524032777432,0.45317065809315676,0.6095990248479702,0.0980388549560102,0.5642201900482178,0.03880381584167476
Validation,XGBoost,Original,fft_FAUJ880112_XGBoost_42_metrics,0.5102822114272495,0.5102822114272495,0.27845498071043856,0.3512932628778159,0.5547111365155889,-0.03308344640815948,0.9345166206359863,0.056391692161560016
Validation,XGBoost,Original,fft_GEIM800101_XGBoost_42_metrics,0.3823155216284987,0.3823155216284987,0.35691098203249927,0.36533399933766997,0.49028763868187364,-0.0752626281817369,0.42983930110931395,0.027041316032409612
Validation,XGBoost,Original,fft_GEIM800105_XGBoost_42_metrics,0.3739879713162156,0.3739879713162156,0.34627087741506096,0.3560078987246905,0.4980122555853198,-0.08859784143574026,1.469622015953064,0.03698513507843014
Validation,XGBoost,Original,fft_JOND750101_XGBoost_42_metrics,0.370176960444136,0.370176960444136,0.3431588328950561,0.35297882239007666,0.47060968222700905,-0.09287621890739603,1.4509952783584594,0.033079791069030716
Validation,XGBoost,Original,fft_KLEP840101_XGBoost_42_metrics,0.4463682627804765,0.4463682627804765,0.39026724251635436,0.4111316981407086,0.5590582960207604,0.002968745522722833,0.286791968345642,0.03501067161560053
Validation,XGBoost,Original,fft_ROBB760113_XGBoost_42_metrics,0.35418112421929215,0.35418112421929215,0.32721455634771895,0.3367382240423572,0.46609051539097884,-0.12660129417238258,1.3956422328948974,0.045958757400512654
Validation,XGBoost,Original,fft_ZIMJ680104_XGBoost_42_metrics,0.39000693962526023,0.39000693962526023,0.36518126400207007,0.3738263547748624,0.5061120886592487,-0.05547708110842917,1.292639398574829,0.031302213668823194
Validation,XGBoost,Original,pc_FASG760101_XGBoost_42_metrics,0.48746819338422387,0.48746819338422387,0.4808945516790287,0.4797653379140415,0.6827860043101099,0.1423707828324674,0.31785645484924313,0.03933131694793696
Validation,XGBoost,Original,pc_FAUJ880111_XGBoost_42_metrics,0.5164526948878094,0.5164526948878094,0.41978135507234704,0.453432432447721,0.6087521180087302,0.09914803843179107,0.9449639320373535,0.050191974639892535
Validation,XGBoost,Original,pc_GEIM800101_XGBoost_42_metrics,0.4721778857275041,0.4721778857275041,0.47252000525844473,0.47024262317442184,0.6901821613150195,0.12632168768309138,0.28487389087677,0.031079053878784117
Validation,XGBoost,Original,pc_GEIM800105_XGBoost_42_metrics,0.46762086513994905,0.46762086513994905,0.4612549899893857,0.4619472747942364,0.6943956257963051,0.10417674292466046,0.9188592910766602,0.0438181638717651
Validation,XGBoost,Original,pc_JOND750101_XGBoost_42_metrics,0.45697432338653704,0.45697432338653704,0.44843275073136546,0.45006487340720824,0.6566461131054842,0.07985254729052085,1.2615154266357422,0.03799512386322017
Validation,XGBoost,Original,pc_KLEP840101_XGBoost_42_metrics,0.4669616007402267,0.4669616007402267,0.4420040772178598,0.44449015719972323,0.5844110587422107,0.060025974772000924,0.26255729198455807,0.03978543281555172
Validation,XGBoost,Original,pc_ROBB760113_XGBoost_42_metrics,0.4668864214665741,0.4668864214665741,0.45186719137987125,0.45541374430398296,0.6293782470299785,0.08558792939429227,1.2463550329208375,0.06156001091003414
Validation,XGBoost,Over,embedding_protT5_XGBoost_42_metrics,0.5211412151067323,0.5211412151067323,0.5158718581202082,0.5149235124151768,0.6968161355850505,0.2836842456609352,6.785865521430969,0.16002056598663325
Validation,XGBoost,Over,fft_FASG760101_XGBoost_42_metrics,0.497070897324447,0.497070897324447,0.49393817830760467,0.49175210729091334,0.6773587293093676,0.2475586665732111,0.3829663753509521,0.0238763332366943
Validation,XGBoost,Over,fft_FAUJ880111_XGBoost_42_metrics,0.4749106539167391,0.4749106539167391,0.47287725449358103,0.457433923340304,0.6295191757156802,0.2200401734347282,0.7698710203170777,0.04073021411895748
Validation,XGBoost,Over,fft_FAUJ880112_XGBoost_42_metrics,0.4036438713416401,0.4036438713416401,0.43206574638506695,0.3833547197258499,0.5648247584485621,0.11562219770813476,0.8632818222045898,0.04718532562255856
Validation,XGBoost,Over,fft_GEIM800101_XGBoost_42_metrics,0.4980247271322322,0.4980247271322322,0.4931623515350577,0.492381727491769,0.6837269072425901,0.24874412124394785,0.3703545093536377,0.024443840980529742
Validation,XGBoost,Over,fft_GEIM800105_XGBoost_42_metrics,0.5039312276634792,0.5039312276634792,0.4974282451096726,0.49840699174462844,0.6780306958734458,0.2570517204017775,1.544577717781067,0.03680629730224605
Validation,XGBoost,Over,fft_JOND750101_XGBoost_42_metrics,0.4847652854245146,0.4847652854245146,0.47825699485452483,0.47783242903096645,0.6673331288259459,0.22904072369179124,1.0711470127105713,0.03448343276977535
Validation,XGBoost,Over,fft_KLEP840101_XGBoost_42_metrics,0.48229981647831544,0.48229981647831544,0.4715285003852129,0.46857040634858305,0.6478970332401813,0.22773387020231675,0.26432175636291505,0.02379660606384271
Validation,XGBoost,Over,fft_ROBB760113_XGBoost_42_metrics,0.48231913455037184,0.48231913455037184,0.4787323949261724,0.4771072602887341,0.6697456194294451,0.22515520425436136,1.4629799365997314,0.035178542137145954
Validation,XGBoost,Over,fft_ZIMJ680104_XGBoost_42_metrics,0.49312035158891143,0.49312035158891143,0.48849743966124315,0.48797165033187156,0.6865067862819696,0.24103803708947846,1.2544490337371825,0.03262050151824947
Validation,XGBoost,Over,pc_FASG760101_XGBoost_42_metrics,0.5885081618854439,0.5885081618854439,0.5835502953650769,0.5835573774278439,0.789738406280146,0.3844655992433444,0.2775229692459106,0.03107063770294185
Validation,XGBoost,Over,pc_FAUJ880111_XGBoost_42_metrics,0.4744156283202936,0.4744156283202936,0.4731024469114712,0.45756029711361723,0.6280302256499126,0.21912575148921837,1.1946236610412597,0.07150576114654536
Validation,XGBoost,Over,pc_GEIM800101_XGBoost_42_metrics,0.576656524678837,0.576656524678837,0.5744102550499439,0.5735166640771325,0.7858646737318151,0.36637881930428895,0.4166723728179932,0.0313911914825439
Validation,XGBoost,Over,pc_GEIM800105_XGBoost_42_metrics,0.5875060368975176,0.5875060368975176,0.5824214225153526,0.582433862889837,0.7938788974357993,0.38304548677044636,1.2865728378295898,0.051055192947387654
Validation,XGBoost,Over,pc_JOND750101_XGBoost_42_metrics,0.577692456292862,0.577692456292862,0.5722333667232907,0.5722136147970659,0.7753065327438164,0.3684645190585376,1.6844440221786499,0.04660587310791011
Validation,XGBoost,Over,pc_KLEP840101_XGBoost_42_metrics,0.5397976431952091,0.5397976431952091,0.5263602753386133,0.5170625701938132,0.6983258910496856,0.32033142269150205,0.1680415391921997,0.03469104766845699
Validation,XGBoost,Over,pc_ROBB760113_XGBoost_42_metrics,0.5683497536945813,0.5683497536945813,0.565101393596701,0.564331083553778,0.760264894848454,0.35415529079060726,1.4252448797225952,0.04395656585693356
Validation,XGBoost,Under,embedding_protT5_XGBoost_42_metrics,0.3417231638418079,0.3417231638418079,0.339012321507183,0.33780234108903057,0.5091314664867296,0.013332840024894372,4.062916207313537,0.15932502746582028
Validation,XGBoost,Under,fft_FASG760101_XGBoost_42_metrics,0.3434463276836158,0.3434463276836158,0.34304931488731916,0.3411432095919561,0.5126815114709851,0.01587230570818037,0.29550983905792233,0.02437992095947261
Validation,XGBoost,Under,fft_FAUJ880111_XGBoost_42_metrics,0.4628531073446328,0.4628531073446328,0.45785829858285626,0.4437066840748346,0.6122775528565002,0.201086767970209,0.7032336235046387,0.03238189220428462
Validation,XGBoost,Under,fft_FAUJ880112_XGBoost_42_metrics,0.37872881355932203,0.37872881355932203,0.3637716404454765,0.3529775532978952,0.5703235492577597,0.06631972067642902,0.9087728500366211,0.04581747055053707
Validation,XGBoost,Under,fft_GEIM800101_XGBoost_42_metrics,0.3181920903954802,0.3181920903954802,0.3180903151558323,0.31482109555837723,0.49787460638776426,-0.022523614765201042,0.2828623056411743,0.02495145797729487
Validation,XGBoost,Under,fft_GEIM800105_XGBoost_42_metrics,0.35206214689265536,0.35206214689265536,0.34974975005578557,0.34897828221506016,0.5277036662168241,0.02835761337808438,1.3929073572158814,0.0405220508575439
Validation,XGBoost,Under,fft_JOND750101_XGBoost_42_metrics,0.3014971751412429,0.3014971751412429,0.30186330758863444,0.29971705440520446,0.46915142825011247,-0.0477972025725023,1.2780902862548829,0.03636593818664547
Validation,XGBoost,Under,fft_KLEP840101_XGBoost_42_metrics,0.42932203389830503,0.42932203389830503,0.42784076591784476,0.4206277487506867,0.5743820850202429,0.14675474209266362,0.1687995910644531,0.03023252487182613
Validation,XGBoost,Under,fft_ROBB760113_XGBoost_42_metrics,0.2912429378531073,0.2912429378531073,0.28744899214950725,0.28744246183923833,0.4697103013945119,-0.06355292219126067,1.1812986135482788,0.03948826789855952
Validation,XGBoost,Under,fft_ZIMJ680104_XGBoost_42_metrics,0.3233050847457627,0.3233050847457627,0.3243182653430571,0.3220485146924098,0.5291153846153847,-0.01530635959480955,1.2278520584106445,0.036882376670837345
Validation,XGBoost,Under,pc_FASG760101_XGBoost_42_metrics,0.4849152542372881,0.4849152542372881,0.48448489146543716,0.4828497196384289,0.6852300944669365,0.22879264087732026,0.18483390808105465,0.03195466995239254
Validation,XGBoost,Under,pc_FAUJ880111_XGBoost_42_metrics,0.4578248587570622,0.4578248587570622,0.4523640477681015,0.4387279919114982,0.6118748313090419,0.19333863900758425,1.06102135181427,0.05809841156005855
Validation,XGBoost,Under,pc_GEIM800101_XGBoost_42_metrics,0.49330508474576273,0.49330508474576273,0.4923489358643772,0.4884841766602636,0.7067507872244715,0.24297804518527993,0.18554472923278806,0.031227469444274868
Validation,XGBoost,Under,pc_GEIM800105_XGBoost_42_metrics,0.4950564971751413,0.4950564971751413,0.49263206026776124,0.48970700842265086,0.7194260571300045,0.24512527680629645,0.8810677051544189,0.03662455081939693
Validation,XGBoost,Under,pc_JOND750101_XGBoost_42_metrics,0.4780790960451977,0.4780790960451977,0.47593433112754624,0.4739365410271126,0.6820493702204229,0.2188470888644968,0.8509483814239502,0.03544619083404536
Validation,XGBoost,Under,pc_KLEP840101_XGBoost_42_metrics,0.4495197740112994,0.4495197740112994,0.4456382971621181,0.44197435088548953,0.6045403733693208,0.17610473771982763,0.11532621383666988,0.034472990036010696
Validation,XGBoost,Under,pc_ROBB760113_XGBoost_42_metrics,0.4309604519774012,0.4309604519774012,0.43070247220474195,0.42734754699973265,0.626166722896986,0.14832087360232765,1.0114377737045288,0.04048535823822017
